Date,Open,High,Low,Close,Adjusted Close,Volume
2003-05-08,10.971427917480469,11.199999809265137,10.171427726745605,10.399999618530273,7.856412410736084,187943
2003-05-09,10.628570556640625,10.742856979370117,10.399999618530273,10.742856979370117,8.1154146194458,114799
2003-05-12,10.742856979370117,11.771428108215332,10.742856979370117,11.428570747375488,8.633419036865234,752170
2003-05-13,11.771428108215332,11.885713577270508,11.314285278320312,11.428570747375488,8.633419036865234,526229
2003-05-14,11.65714168548584,13.14285659790039,11.428570747375488,12.457141876220703,9.410428047180176,797615
2003-05-15,12.571428298950195,12.800000190734863,12.342857360839844,12.457141876220703,9.410428047180176,868012
2003-05-16,12.571428298950195,12.800000190734863,12.114285469055176,12.342857360839844,9.324092864990234,446810
2003-05-19,12.571428298950195,12.685713768005371,12.0,12.114285469055176,9.151426315307617,445551
2003-05-20,12.0,12.228570938110352,11.65714168548584,11.771428108215332,8.892423629760742,262185
2003-05-21,12.0,13.028571128845215,11.885713577270508,12.800000190734863,9.669431686401367,598363
2003-05-22,13.14285659790039,13.828571319580078,12.457141876220703,13.714284896850586,10.360103607177734,1612429
2003-05-23,14.171427726745605,14.399999618530273,13.714284896850586,14.285714149475098,10.791775703430176,904729
2003-05-26,14.51428508758545,15.314285278320312,14.399999618530273,15.085714340209961,11.39611530303955,1251600
2003-05-27,15.54285717010498,15.54285717010498,14.285714149475098,14.399999618530273,10.878107070922852,1049293
2003-05-28,14.857142448425293,14.971427917480469,14.399999618530273,14.628570556640625,11.050775527954102,574205
2003-05-29,14.857142448425293,15.428570747375488,14.742856979370117,15.199999809265137,11.482446670532227,1040854
2003-05-30,15.314285278320312,16.11428451538086,15.314285278320312,15.65714168548584,11.827783584594727,1371874
2003-06-02,15.885713577270508,16.799999237060547,15.771428108215332,16.11428451538086,12.173120498657227,1529006
2003-06-03,16.457141876220703,16.571428298950195,15.428570747375488,15.65714168548584,11.827783584594727,894201
2003-06-04,16.0,16.22857093811035,15.65714168548584,16.0,12.086787223815918,810372
2003-06-05,15.771428108215332,16.342857360839844,15.65714168548584,15.65714168548584,11.827783584594727,815897
2003-06-06,15.65714168548584,16.11428451538086,15.54285717010498,15.65714168548584,11.827783584594727,473320
2003-06-09,15.885713577270508,17.25714111328125,15.54285717010498,17.0285701751709,12.863795280456543,2252565
2003-06-10,17.371427536010742,17.714284896850586,15.54285717010498,15.771428108215332,11.914118766784668,3064916
2003-06-11,16.22857093811035,16.91428565979004,16.0,16.11428451538086,12.173120498657227,1080908
2003-06-12,16.11428451538086,16.91428565979004,16.11428451538086,16.457141876220703,12.43212604522705,1091158
2003-06-13,17.371427536010742,17.371427536010742,16.22857093811035,16.342857360839844,12.34579086303711,513633
2003-06-16,16.571428298950195,16.571428298950195,15.885713577270508,16.11428451538086,12.173120498657227,494274
2003-06-17,16.457141876220703,16.457141876220703,16.0,16.11428451538086,12.173120498657227,397431
2003-06-18,16.22857093811035,16.342857360839844,15.885713577270508,16.0,12.086787223815918,771932
2003-06-19,16.0,16.571428298950195,16.0,16.22857093811035,12.2594575881958,876131
2003-06-20,16.22857093811035,16.685714721679688,16.11428451538086,16.457141876220703,12.43212604522705,978983
2003-06-23,16.571428298950195,17.714284896850586,16.342857360839844,16.799999237060547,12.691125869750977,2939241
2003-06-24,16.799999237060547,19.200000762939453,16.799999237060547,18.97142791748047,14.331475257873535,4740127
2003-06-25,20.22857093811035,20.457141876220703,19.08571434020996,19.885713577270508,15.022151947021484,4424727
2003-06-26,20.342857360839844,20.685714721679688,19.657142639160156,19.771427154541016,14.93581771850586,2194324
2003-06-27,20.11428451538086,20.342857360839844,18.97142791748047,20.11428451538086,15.194820404052734,2389118
2003-06-30,21.714284896850586,21.94285774230957,20.457141876220703,21.371427536010742,16.144498825073242,2949997
2003-07-01,21.94285774230957,23.771427154541016,21.14285659790039,23.314285278320312,17.61217498779297,4565927
2003-07-02,24.0,28.0,24.0,26.628570556640625,20.115869522094727,9536891
2003-07-03,26.97142791748047,28.342857360839844,25.25714111328125,25.828571319580078,19.511531829833984,4809379
2003-07-04,23.200000762939453,26.28571319580078,23.200000762939453,25.14285659790039,18.993526458740234,3379276
2003-07-07,26.28571319580078,26.97142791748047,24.685714721679688,26.628570556640625,20.115869522094727,3654417
2003-07-08,27.314285278320312,27.428571701049805,25.25714111328125,25.600000381469727,19.338863372802734,2624569
2003-07-09,25.485713958740234,26.05714225769043,24.342857360839844,24.685714721679688,18.64818572998047,2894077
2003-07-10,24.91428565979004,25.25714111328125,24.11428451538086,24.342857360839844,18.389184951782227,1788381
2003-07-11,24.22857093811035,25.600000381469727,24.22857093811035,24.342857360839844,18.389184951782227,1829012
2003-07-14,25.14285659790039,25.600000381469727,24.22857093811035,25.0285701751709,18.907188415527344,2215126
2003-07-15,25.0285701751709,25.714284896850586,23.771427154541016,24.91428565979004,18.820858001708984,2406232
2003-07-16,25.0285701751709,26.05714225769043,24.685714721679688,25.828571319580078,19.511531829833984,3095117
2003-07-17,26.28571319580078,26.97142791748047,25.14285659790039,25.371427536010742,19.16619110107422,3804016
2003-07-18,25.485713958740234,25.714284896850586,24.22857093811035,24.799999237060547,18.734519958496094,2426476
2003-07-21,25.600000381469727,26.28571319580078,23.542856216430664,23.771427154541016,17.95751190185547,1584932
2003-07-22,23.542856216430664,23.657142639160156,22.97142791748047,23.200000762939453,17.525842666625977,1800537
2003-07-23,23.771427154541016,24.342857360839844,23.200000762939453,23.428571701049805,17.698511123657227,1770111
2003-07-24,23.657142639160156,24.0,23.200000762939453,23.314285278320312,17.61217498779297,902192
2003-07-25,23.657142639160156,26.05714225769043,23.428571701049805,25.600000381469727,19.338863372802734,3856860
2003-07-28,27.428571701049805,27.657142639160156,26.171428680419922,26.399999618530273,19.943199157714844,3935937
2003-07-29,26.628570556640625,26.97142791748047,25.600000381469727,26.742856979370117,20.20220184326172,2669416
2003-07-30,27.200000762939453,27.314285278320312,26.28571319580078,26.28571319580078,19.856863021850586,2175673
2003-07-31,26.514284133911133,26.857141494750977,25.485713958740234,25.600000381469727,19.338863372802734,1676386
2003-08-01,24.457141876220703,25.94285774230957,23.542856216430664,25.371427536010742,19.16619110107422,1566306
2003-08-04,25.371427536010742,26.05714225769043,25.0285701751709,25.600000381469727,19.338863372802734,2064377
2003-08-05,25.828571319580078,26.05714225769043,24.571428298950195,24.685714721679688,18.64818572998047,1555648
2003-08-06,23.885713577270508,25.600000381469727,23.885713577270508,24.91428565979004,18.820858001708984,1668336
2003-08-07,25.0285701751709,26.28571319580078,25.0285701751709,25.94285774230957,19.59786605834961,1522376
2003-08-08,26.742856979370117,27.200000762939453,26.05714225769043,27.08571434020996,20.461204528808594,3677821
2003-08-11,27.200000762939453,30.171428680419922,26.97142791748047,29.485713958740234,22.27422332763672,10334873
2003-08-12,30.05714225769043,34.514286041259766,30.05714225769043,33.94285583496094,25.641254425048828,16496805
2003-08-13,35.20000076293945,40.79999923706055,33.82857131958008,38.97142791748047,29.43996810913086,17163006
2003-08-14,42.17142868041992,46.85714340209961,42.0571403503418,46.74285888671875,35.310691833496094,24814366
2003-08-15,46.74285888671875,46.74285888671875,46.74285888671875,46.74285888671875,35.310691833496094,0
2003-08-18,50.0571403503418,51.42856979370117,48.68571472167969,51.42856979370117,38.85039138793945,1504877
2003-08-19,56.57142639160156,56.57142639160156,46.28571319580078,46.28571319580078,34.965354919433594,14141211
2003-08-20,44.57142639160156,47.20000076293945,41.71428680419922,41.82857131958008,31.598316192626953,10918428
2003-08-21,41.485713958740234,44.4571418762207,39.08571243286133,40.4571418762207,30.56230354309082,9189771
2003-08-22,42.0571403503418,42.74285888671875,39.20000076293945,40.57142639160156,30.648643493652344,7047603
2003-08-25,41.371429443359375,42.0571403503418,36.57142639160156,36.57142639160156,27.626943588256836,6524288
2003-08-26,34.97142791748047,40.228572845458984,34.97142791748047,40.228572845458984,30.389644622802734,11850398
2003-08-27,43.42856979370117,44.228572845458984,39.42856979370117,40.228572845458984,30.389644622802734,8512264
2003-08-28,41.02857208251953,41.14285659790039,37.94285583496094,38.28571319580078,28.921958923339844,3214951
2003-08-29,38.97142791748047,41.599998474121094,36.0,38.74285888671875,29.267288208007812,9800511
2003-09-01,38.85714340209961,39.42856979370117,36.0,36.342857360839844,27.454269409179688,4890866
2003-09-02,36.68571472167969,37.02857208251953,34.97142791748047,35.31428527832031,26.67726707458496,2586017
2003-09-03,35.20000076293945,37.371429443359375,33.25714111328125,34.0571403503418,25.727590560913086,9297223
2003-09-04,34.0571403503418,36.57142639160156,33.94285583496094,34.85714340209961,26.331928253173828,6698459
2003-09-05,35.88571548461914,36.342857360839844,34.628570556640625,35.88571548461914,27.108943939208984,4066289
2003-09-08,36.57142639160156,36.914283752441406,34.28571319580078,34.514286041259766,26.07292938232422,4017637
2003-09-09,34.85714340209961,35.20000076293945,32.0,32.228572845458984,24.34624481201172,4867939
2003-09-10,32.0,32.11428451538086,29.14285659790039,31.542856216430664,23.828237533569336,7472892
2003-09-11,31.542856216430664,33.14285659790039,30.97142791748047,31.542856216430664,23.828237533569336,4709365
2003-09-12,32.342857360839844,32.342857360839844,30.171428680419922,30.399999618530273,22.964893341064453,2685992
2003-09-15,31.08571434020996,31.08571434020996,29.0285701751709,29.371427536010742,22.187891006469727,3824831
2003-09-16,29.600000381469727,32.342857360839844,28.91428565979004,32.342857360839844,24.43257713317871,5140702
2003-09-17,33.599998474121094,35.08571243286133,32.79999923706055,33.25714111328125,25.123245239257812,8858714
2003-09-18,33.82857131958008,33.82857131958008,30.857141494750977,31.08571434020996,23.482900619506836,4611976
2003-09-19,31.771427154541016,32.68571472167969,30.514284133911133,31.428571701049805,23.74190330505371,4165629
2003-09-22,31.542856216430664,31.542856216430664,28.799999237060547,30.05714225769043,22.705894470214844,3155284
2003-09-23,29.714284896850586,33.14285659790039,29.600000381469727,32.57142639160156,24.605247497558594,4275938
2003-09-24,34.0571403503418,34.0571403503418,30.857141494750977,31.885713577270508,24.087244033813477,4261986
2003-09-25,31.542856216430664,34.17142868041992,30.97142791748047,33.14285659790039,25.03691864013672,6675203
2003-09-26,33.371429443359375,34.85714340209961,32.914283752441406,33.71428680419922,25.46858787536621,6033306
2003-09-29,34.628570556640625,36.79999923706055,32.228572845458984,32.57142639160156,24.605247497558594,6068109
2003-09-30,32.68571472167969,33.02857208251953,32.342857360839844,32.79999923706055,24.777912139892578,2283323
2003-10-01,32.4571418762207,33.14285659790039,31.885713577270508,32.0,24.173574447631836,2637903
2003-10-02,32.0,32.0,32.0,32.0,24.173574447631836,0
2003-10-03,32.79999923706055,33.14285659790039,32.0,32.228572845458984,24.34624481201172,2740066
2003-10-06,32.68571472167969,33.14285659790039,32.11428451538086,32.4571418762207,24.5189151763916,3865954
2003-10-07,33.02857208251953,34.85714340209961,32.4571418762207,33.71428680419922,25.46858787536621,8122076
2003-10-08,34.28571319580078,34.28571319580078,32.4571418762207,32.914283752441406,24.8642520904541,3665967
2003-10-09,32.68571472167969,33.82857131958008,32.228572845458984,33.25714111328125,25.123245239257812,2066277
2003-10-10,33.599998474121094,34.85714340209961,33.25714111328125,33.371429443359375,25.2095890045166,3961200
2003-10-13,34.0571403503418,34.28571319580078,33.485713958740234,34.0571403503418,25.727590560913086,2537363
2003-10-14,34.514286041259766,37.485713958740234,33.82857131958008,35.88571548461914,27.108943939208984,14321461
2003-10-15,36.0,38.514286041259766,35.42856979370117,37.14285659790039,28.058616638183594,10191482
2003-10-16,37.599998474121094,38.514286041259766,37.14285659790039,37.599998474121094,28.40395164489746,5878289
2003-10-17,37.71428680419922,39.771427154541016,36.79999923706055,39.20000076293945,29.61263084411621,8842415
2003-10-20,39.771427154541016,42.28571319580078,39.20000076293945,39.88571548461914,30.130638122558594,12842214
2003-10-21,43.657142639160156,43.657142639160156,35.88571548461914,35.88571548461914,27.108943939208984,17642588
2003-10-22,36.57142639160156,38.0571403503418,32.342857360839844,33.371429443359375,25.2095890045166,12150073
2003-10-23,34.28571319580078,34.97142791748047,32.4571418762207,32.68571472167969,24.69158172607422,7918877
2003-10-24,32.79999923706055,32.914283752441406,31.314285278320312,32.4571418762207,24.5189151763916,4370283
2003-10-27,33.02857208251953,33.14285659790039,31.08571434020996,31.428571701049805,23.74190330505371,2648380
2003-10-28,31.885713577270508,31.885713577270508,30.399999618530273,30.514284133911133,23.05122947692871,2611147
2003-10-29,31.200000762939453,31.200000762939453,30.171428680419922,30.628570556640625,23.1375675201416,1749566
2003-10-30,31.08571434020996,31.885713577270508,30.28571319580078,31.08571434020996,23.482900619506836,2854916
2003-10-31,31.08571434020996,31.542856216430664,30.171428680419922,30.628570556640625,23.1375675201416,1977525
2003-11-03,31.08571434020996,31.08571434020996,28.685714721679688,28.91428565979004,21.842548370361328,3067620
2003-11-04,29.0285701751709,31.657142639160156,28.11428451538086,30.857141494750977,23.310232162475586,5372553
2003-11-05,32.0,32.0,30.171428680419922,30.628570556640625,23.1375675201416,2288136
2003-11-06,30.857141494750977,33.485713958740234,30.628570556640625,32.79999923706055,24.777912139892578,5894633
2003-11-07,33.14285659790039,34.28571319580078,32.0,32.342857360839844,24.43257713317871,3637940
2003-11-10,32.342857360839844,33.14285659790039,32.11428451538086,32.342857360839844,24.43257713317871,1326905
2003-11-11,32.57142639160156,33.371429443359375,32.228572845458984,32.57142639160156,24.605247497558594,2360184
2003-11-12,33.14285659790039,35.20000076293945,33.14285659790039,33.71428680419922,25.46858787536621,5710756
2003-11-13,34.28571319580078,34.74285888671875,30.399999618530273,30.857141494750977,23.310232162475586,6994683
2003-11-14,27.771427154541016,28.91428565979004,27.771427154541016,27.771427154541016,20.979206085205078,5519889
2003-11-17,28.91428565979004,29.25714111328125,27.314285278320312,27.771427154541016,20.979206085205078,4339256
2003-11-18,28.0,28.457141876220703,27.08571434020996,27.200000762939453,20.547544479370117,2437956
2003-11-19,27.428571701049805,27.428571701049805,26.514284133911133,26.742856979370117,20.20220184326172,1813908
2003-11-20,27.200000762939453,28.22857093811035,26.399999618530273,26.514284133911133,20.029531478881836,3039234
2003-11-21,26.628570556640625,26.742856979370117,25.14285659790039,25.828571319580078,19.511531829833984,2075264
2003-11-24,26.857141494750977,27.428571701049805,26.05714225769043,26.97142791748047,20.3748722076416,3338956
2003-11-25,27.885713577270508,27.885713577270508,26.399999618530273,26.514284133911133,20.029531478881836,1952136
2003-11-26,26.514284133911133,26.514284133911133,26.514284133911133,26.514284133911133,20.029531478881836,0
2003-11-27,26.97142791748047,26.97142791748047,26.171428680419922,26.28571319580078,19.856863021850586,1812593
2003-11-28,26.628570556640625,26.857141494750977,26.28571319580078,26.399999618530273,19.943199157714844,1549653
2003-12-01,26.628570556640625,27.314285278320312,26.399999618530273,26.742856979370117,20.20220184326172,1918634
2003-12-02,25.14285659790039,27.314285278320312,25.14285659790039,26.514284133911133,20.029531478881836,1124595
2003-12-03,26.742856979370117,26.857141494750977,26.05714225769043,26.28571319580078,19.856863021850586,1099066
2003-12-04,25.94285774230957,26.628570556640625,25.714284896850586,25.94285774230957,19.59786605834961,1050918
2003-12-05,26.742856979370117,26.742856979370117,25.600000381469727,25.714284896850586,19.425195693969727,1040668
2003-12-08,25.371427536010742,26.28571319580078,25.25714111328125,25.714284896850586,19.425195693969727,900421
2003-12-09,26.28571319580078,26.742856979370117,25.828571319580078,26.399999618530273,19.943199157714844,1814638
2003-12-10,26.742856979370117,27.885713577270508,26.514284133911133,26.97142791748047,20.3748722076416,3236408
2003-12-11,27.657142639160156,28.342857360839844,27.08571434020996,27.314285278320312,20.63387107849121,1959944
2003-12-12,27.428571701049805,27.885713577270508,26.97142791748047,27.542856216430664,20.806537628173828,1291737
2003-12-15,27.771427154541016,28.457141876220703,27.314285278320312,28.11428451538086,21.23821258544922,1830811
2003-12-16,28.342857360839844,28.342857360839844,27.200000762939453,27.428571701049805,20.72020721435547,1739662
2003-12-17,27.771427154541016,28.0,26.97142791748047,27.200000762939453,20.547544479370117,1395242
2003-12-18,27.314285278320312,27.885713577270508,27.08571434020996,27.428571701049805,20.72020721435547,1299351
2003-12-19,27.657142639160156,28.0,26.97142791748047,27.200000762939453,20.547544479370117,1696354
2003-12-22,27.428571701049805,27.542856216430664,27.200000762939453,27.314285278320312,20.63387107849121,990769
2003-12-23,27.428571701049805,27.542856216430664,26.742856979370117,26.857141494750977,20.288532257080078,1091938
2003-12-24,26.97142791748047,28.342857360839844,26.742856979370117,27.771427154541016,20.979206085205078,1921319
2003-12-25,27.771427154541016,27.771427154541016,27.771427154541016,27.771427154541016,20.979206085205078,0
2003-12-26,28.0,30.628570556640625,28.0,30.514284133911133,23.05122947692871,4104515
2003-12-29,31.314285278320312,33.02857208251953,31.08571434020996,32.228572845458984,24.34624481201172,4092094
2003-12-30,33.02857208251953,33.14285659790039,30.28571319580078,30.742856979370117,23.22389793395996,3567758
2003-12-31,30.857141494750977,31.08571434020996,29.828571319580078,30.171428680419922,22.7922306060791,2244300
2004-01-01,30.742856979370117,31.314285278320312,30.399999618530273,30.742856979370117,23.22389793395996,1566224
2004-01-02,31.200000762939453,32.228572845458984,31.08571434020996,31.657142639160156,23.91457176208496,2408814
2004-01-05,32.11428451538086,33.82857131958008,30.05714225769043,30.514284133911133,23.05122947692871,2236882
2004-01-06,32.0,32.0,28.571428298950195,29.0285701751709,21.92888832092285,1918658
2004-01-07,29.485713958740234,29.485713958740234,28.342857360839844,29.0285701751709,21.92888832092285,1513739
2004-01-08,29.714284896850586,29.94285774230957,27.428571701049805,29.600000381469727,22.36055564880371,1392862
2004-01-09,29.94285774230957,29.94285774230957,28.342857360839844,28.571428298950195,21.58355140686035,2028358
2004-01-12,29.0285701751709,29.0285701751709,27.542856216430664,27.542856216430664,20.806537628173828,1423621
2004-01-13,27.771427154541016,28.685714721679688,27.200000762939453,27.885713577270508,21.065547943115234,1958486
2004-01-14,28.11428451538086,28.685714721679688,27.771427154541016,27.885713577270508,21.065547943115234,1703475
2004-01-15,28.11428451538086,28.457141876220703,27.200000762939453,27.314285278320312,20.63387107849121,1264346
2004-01-16,27.428571701049805,27.885713577270508,26.28571319580078,26.857141494750977,20.288532257080078,1446088
2004-01-19,26.97142791748047,27.314285278320312,26.399999618530273,27.08571434020996,20.461204528808594,1520964
2004-01-20,27.885713577270508,29.828571319580078,27.542856216430664,29.485713958740234,22.27422332763672,9137245
2004-01-21,29.714284896850586,30.05714225769043,26.742856979370117,26.97142791748047,20.3748722076416,3605619
2004-01-22,27.428571701049805,28.0,26.05714225769043,26.28571319580078,19.856863021850586,3779636
2004-01-23,26.857141494750977,28.11428451538086,26.514284133911133,27.657142639160156,20.89287757873535,2424613
2004-01-26,27.657142639160156,27.657142639160156,27.657142639160156,27.657142639160156,20.89287757873535,0
2004-01-27,28.0,28.22857093811035,27.200000762939453,27.657142639160156,20.89287757873535,1471908
2004-01-28,27.428571701049805,28.0,26.857141494750977,26.97142791748047,20.3748722076416,1087118
2004-01-29,27.200000762939453,27.428571701049805,26.742856979370117,27.08571434020996,20.461204528808594,993914
2004-01-30,27.314285278320312,27.428571701049805,26.28571319580078,26.399999618530273,19.943199157714844,886499
2004-02-02,26.399999618530273,26.399999618530273,26.399999618530273,26.399999618530273,19.943199157714844,0
2004-02-03,26.857141494750977,26.857141494750977,24.11428451538086,24.571428298950195,18.561853408813477,1583767
2004-02-04,24.685714721679688,25.371427536010742,24.457141876220703,25.25714111328125,19.07985496520996,1605289
2004-02-05,25.600000381469727,26.399999618530273,25.14285659790039,25.371427536010742,19.16619110107422,1698060
2004-02-06,25.600000381469727,25.714284896850586,25.14285659790039,25.371427536010742,19.16619110107422,763719
2004-02-09,25.600000381469727,26.05714225769043,25.371427536010742,25.714284896850586,19.425195693969727,586041
2004-02-10,25.828571319580078,25.828571319580078,25.14285659790039,25.25714111328125,19.07985496520996,732897
2004-02-11,25.25714111328125,25.25714111328125,24.685714721679688,24.91428565979004,18.820858001708984,793685
2004-02-12,25.14285659790039,25.714284896850586,24.91428565979004,25.14285659790039,18.993526458740234,764948
2004-02-13,25.0285701751709,25.714284896850586,24.91428565979004,25.485713958740234,19.252531051635742,1132323
2004-02-16,25.94285774230957,26.628570556640625,25.828571319580078,26.05714225769043,19.68419647216797,1368371
2004-02-17,25.94285774230957,26.742856979370117,25.714284896850586,26.05714225769043,19.68419647216797,1201820
2004-02-18,26.28571319580078,26.28571319580078,24.91428565979004,25.14285659790039,18.993526458740234,1043769
2004-02-19,25.371427536010742,26.28571319580078,24.799999237060547,25.0285701751709,18.907188415527344,1493716
2004-02-20,25.14285659790039,25.25714111328125,24.571428298950195,24.799999237060547,18.734519958496094,649330
2004-02-23,25.14285659790039,25.485713958740234,24.11428451538086,24.342857360839844,18.389184951782227,651119
2004-02-24,24.342857360839844,24.685714721679688,24.0,24.342857360839844,18.389184951782227,908299
2004-02-25,24.571428298950195,24.571428298950195,23.314285278320312,23.542856216430664,17.784847259521484,720138
2004-02-26,23.771427154541016,24.0,22.97142791748047,23.200000762939453,17.525842666625977,708283
2004-02-27,23.314285278320312,23.657142639160156,22.28571319580078,22.628570556640625,17.09417724609375,1179678
2004-03-01,22.857141494750977,22.857141494750977,21.714284896850586,22.05714225769043,16.66249656677246,1027624
2004-03-02,22.05714225769043,22.05714225769043,22.05714225769043,22.05714225769043,16.66249656677246,0
2004-03-03,22.399999618530273,22.628570556640625,21.94285774230957,22.28571319580078,16.835168838500977,1069793
2004-03-04,22.628570556640625,22.628570556640625,21.485713958740234,21.600000381469727,16.317161560058594,733906
2004-03-05,21.485713958740234,21.600000381469727,21.14285659790039,21.371427536010742,16.144498825073242,789202
2004-03-08,21.371427536010742,22.171428680419922,21.25714111328125,21.94285774230957,16.576169967651367,900281
2004-03-09,22.28571319580078,22.399999618530273,21.371427536010742,21.714284896850586,16.40349769592285,683757
2004-03-10,21.14285659790039,21.828571319580078,21.14285659790039,21.371427536010742,16.144498825073242,509094
2004-03-11,21.485713958740234,21.600000381469727,20.91428565979004,21.0285701751709,15.885493278503418,542811
2004-03-12,21.14285659790039,21.14285659790039,20.22857093811035,20.457141876220703,15.453824996948242,785115
2004-03-15,20.799999237060547,20.799999237060547,19.08571434020996,19.314285278320312,14.590481758117676,961597
2004-03-16,19.885713577270508,19.885713577270508,18.628570556640625,18.742856979370117,14.158806800842285,925985
2004-03-17,19.200000762939453,19.428571701049805,18.628570556640625,18.857141494750977,14.245141983032227,665816
2004-03-18,18.742856979370117,19.08571434020996,18.171428680419922,18.399999618530273,13.89980697631836,663678
2004-03-19,18.28571319580078,18.97142791748047,17.94285774230957,18.05714225769043,13.640804290771484,671127
2004-03-22,18.28571319580078,18.28571319580078,16.342857360839844,16.571428298950195,12.51845932006836,839056
2004-03-23,16.571428298950195,16.685714721679688,15.885713577270508,16.22857093811035,12.2594575881958,909433
2004-03-24,16.342857360839844,16.457141876220703,15.885713577270508,16.11428451538086,12.173120498657227,677378
2004-03-25,16.342857360839844,17.828571319580078,16.11428451538086,17.485713958740234,13.209131240844727,1292517
2004-03-26,18.28571319580078,18.857141494750977,17.94285774230957,18.28571319580078,13.813471794128418,1224150
2004-03-29,18.742856979370117,18.97142791748047,18.399999618530273,18.742856979370117,14.158806800842285,875177
2004-03-30,19.200000762939453,19.428571701049805,18.857141494750977,18.97142791748047,14.331475257873535,598636
2004-03-31,19.314285278320312,19.314285278320312,18.514284133911133,18.742856979370117,14.158806800842285,692245
2004-04-01,18.97142791748047,20.11428451538086,18.857141494750977,19.885713577270508,15.022151947021484,661309
2004-04-02,20.571428298950195,21.371427536010742,20.0,21.25714111328125,16.05816078186035,890512
2004-04-05,21.94285774230957,22.857141494750977,21.600000381469727,22.514284133911133,17.00783348083496,1029871
2004-04-06,22.628570556640625,22.97142791748047,20.91428565979004,21.25714111328125,16.05816078186035,858963
2004-04-07,21.94285774230957,21.94285774230957,20.91428565979004,21.0285701751709,15.885493278503418,562418
2004-04-08,21.14285659790039,21.25714111328125,20.685714721679688,21.14285659790039,15.971827507019043,426937
2004-04-09,21.14285659790039,21.14285659790039,21.14285659790039,21.14285659790039,15.971827507019043,0
2004-04-12,21.371427536010742,21.828571319580078,20.91428565979004,21.14285659790039,15.971827507019043,589897
2004-04-13,21.371427536010742,21.485713958740234,20.799999237060547,21.14285659790039,15.971827507019043,451051
2004-04-14,21.14285659790039,21.14285659790039,21.14285659790039,21.14285659790039,15.971827507019043,0
2004-04-15,21.371427536010742,21.714284896850586,20.91428565979004,21.0285701751709,15.885493278503418,444568
2004-04-16,21.14285659790039,21.371427536010742,20.91428565979004,21.0285701751709,15.885493278503418,371235
2004-04-19,22.28571319580078,22.28571319580078,21.0285701751709,21.371427536010742,16.144498825073242,650386
2004-04-20,21.25714111328125,22.742856979370117,20.91428565979004,22.399999618530273,16.921504974365234,1620458
2004-04-21,22.399999618530273,24.0,22.28571319580078,23.885713577270508,18.043848037719727,1708835
2004-04-22,24.11428451538086,24.571428298950195,22.97142791748047,23.200000762939453,17.525842666625977,1306517
2004-04-23,23.771427154541016,23.885713577270508,22.97142791748047,23.08571434020996,17.43950843811035,771361
2004-04-26,23.08571434020996,23.08571434020996,23.08571434020996,23.08571434020996,17.43950843811035,0
2004-04-27,22.28571319580078,22.28571319580078,21.0285701751709,21.14285659790039,15.971827507019043,717851
2004-04-28,20.571428298950195,21.714284896850586,20.571428298950195,21.485713958740234,16.2308292388916,665649
2004-04-29,21.485713958740234,22.171428680419922,21.25714111328125,21.485713958740234,16.2308292388916,556031
2004-04-30,21.600000381469727,21.714284896850586,20.685714721679688,20.799999237060547,15.712824821472168,451132
2004-05-03,21.25714111328125,21.25714111328125,19.542856216430664,19.885713577270508,15.022151947021484,755191
2004-05-04,20.11428451538086,20.799999237060547,20.11428451538086,20.571428298950195,15.540156364440918,387642
2004-05-05,20.91428565979004,21.0285701751709,20.571428298950195,20.91428565979004,15.799158096313477,384748
2004-05-06,21.485713958740234,22.28571319580078,21.371427536010742,21.828571319580078,16.48982810974121,617973
2004-05-07,21.94285774230957,22.05714225769043,20.799999237060547,20.91428565979004,15.799158096313477,461706
2004-05-10,20.91428565979004,22.05714225769043,20.11428451538086,21.485713958740234,16.2308292388916,1111915
2004-05-11,20.685714721679688,21.14285659790039,19.657142639160156,19.885713577270508,15.022151947021484,841937
2004-05-12,19.428571701049805,20.571428298950195,19.428571701049805,20.342857360839844,15.367487907409668,552348
2004-05-13,19.428571701049805,21.25714111328125,18.628570556640625,20.571428298950195,15.540156364440918,858025
2004-05-14,21.25714111328125,21.25714111328125,18.628570556640625,18.857141494750977,14.245141983032227,924564
2004-05-17,18.28571319580078,18.514284133911133,15.085714340209961,16.571428298950195,12.51845932006836,992446
2004-05-18,15.085714340209961,18.514284133911133,13.714284896850586,18.28571319580078,13.813471794128418,854513
2004-05-19,18.399999618530273,20.22857093811035,18.399999618530273,20.0,15.108484268188477,863980
2004-05-20,20.457141876220703,21.14285659790039,19.542856216430664,20.0,15.108484268188477,1009353
2004-05-21,20.342857360839844,20.457141876220703,19.657142639160156,20.11428451538086,15.194820404052734,657040
2004-05-24,20.571428298950195,20.799999237060547,20.11428451538086,20.22857093811035,15.28115177154541,413131
2004-05-25,20.342857360839844,20.342857360839844,19.657142639160156,20.11428451538086,15.194820404052734,291819
2004-05-26,20.11428451538086,20.457141876220703,19.771427154541016,19.885713577270508,15.022151947021484,303121
2004-05-27,20.0,20.22857093811035,19.657142639160156,19.771427154541016,14.93581771850586,269758
2004-05-28,19.771427154541016,19.771427154541016,18.399999618530273,18.628570556640625,14.07247257232666,547829
2004-05-31,18.171428680419922,18.28571319580078,17.371427536010742,17.828571319580078,13.468135833740234,635653
2004-06-01,18.399999618530273,18.742856979370117,18.05714225769043,18.28571319580078,13.813471794128418,409523
2004-06-02,18.28571319580078,18.514284133911133,18.05714225769043,18.28571319580078,13.813471794128418,261792
2004-06-03,18.28571319580078,18.514284133911133,17.485713958740234,17.600000381469727,13.2954683303833,264257
2004-06-04,18.514284133911133,18.514284133911133,17.600000381469727,17.828571319580078,13.468135833740234,213239
2004-06-07,18.171428680419922,18.28571319580078,17.828571319580078,17.94285774230957,13.554471969604492,213102
2004-06-08,18.28571319580078,18.28571319580078,17.600000381469727,17.714284896850586,13.38180160522461,196891
2004-06-09,17.600000381469727,18.28571319580078,17.600000381469727,17.94285774230957,13.554471969604492,258579
2004-06-10,18.05714225769043,18.28571319580078,17.94285774230957,18.171428680419922,13.727134704589844,361512
2004-06-11,18.05714225769043,18.171428680419922,17.600000381469727,17.600000381469727,13.2954683303833,243332
2004-06-14,17.600000381469727,17.600000381469727,16.685714721679688,16.799999237060547,12.691125869750977,372914
2004-06-15,17.0285701751709,17.371427536010742,16.685714721679688,16.91428565979004,12.77746295928955,254908
2004-06-16,17.14285659790039,17.25714111328125,16.685714721679688,16.685714721679688,12.6047945022583,162629
2004-06-17,16.91428565979004,16.91428565979004,16.457141876220703,16.799999237060547,12.691125869750977,243579
2004-06-18,16.571428298950195,16.799999237060547,16.457141876220703,16.571428298950195,12.51845932006836,233657
2004-06-21,16.457141876220703,16.91428565979004,16.22857093811035,16.457141876220703,12.43212604522705,316523
2004-06-22,16.22857093811035,16.685714721679688,16.22857093811035,16.571428298950195,12.51845932006836,203847
2004-06-23,17.14285659790039,17.14285659790039,16.342857360839844,16.342857360839844,12.34579086303711,361717
2004-06-24,16.457141876220703,16.571428298950195,16.11428451538086,16.22857093811035,12.2594575881958,230827
2004-06-25,16.22857093811035,18.171428680419922,16.11428451538086,18.05714225769043,13.640804290771484,1135405
2004-06-28,18.05714225769043,19.200000762939453,18.05714225769043,18.742856979370117,14.158806800842285,1264121
2004-06-29,19.542856216430664,19.542856216430664,18.514284133911133,19.200000762939453,14.504154205322266,1114152
2004-06-30,19.657142639160156,21.25714111328125,19.657142639160156,20.22857093811035,15.28115177154541,2022991
2004-07-01,20.457141876220703,21.14285659790039,20.11428451538086,20.571428298950195,15.540156364440918,1170512
2004-07-02,20.457141876220703,20.91428565979004,20.0,20.685714721679688,15.626492500305176,832310
2004-07-05,20.799999237060547,21.371427536010742,20.685714721679688,20.91428565979004,15.799158096313477,952610
2004-07-06,21.485713958740234,21.94285774230957,20.799999237060547,21.25714111328125,16.05816078186035,991502
2004-07-07,21.25714111328125,21.600000381469727,20.91428565979004,21.0285701751709,15.885493278503418,1061483
2004-07-08,21.0285701751709,21.371427536010742,18.28571319580078,18.97142791748047,14.331475257873535,1755689
2004-07-09,18.05714225769043,19.657142639160156,17.94285774230957,19.200000762939453,14.504154205322266,1228068
2004-07-12,19.771427154541016,20.22857093811035,18.742856979370117,20.11428451538086,15.194820404052734,937061
2004-07-13,20.685714721679688,21.371427536010742,19.885713577270508,20.342857360839844,15.367487907409668,672680
2004-07-14,20.342857360839844,21.828571319580078,20.11428451538086,21.25714111328125,16.05816078186035,2805908
2004-07-15,21.485713958740234,25.371427536010742,21.371427536010742,25.0285701751709,18.907188415527344,6610608
2004-07-16,25.714284896850586,25.828571319580078,23.428571701049805,24.799999237060547,18.734519958496094,8317407
2004-07-19,25.14285659790039,25.25714111328125,23.771427154541016,24.0,18.13018226623535,3065071
2004-07-20,24.22857093811035,24.685714721679688,23.314285278320312,23.771427154541016,17.95751190185547,3524720
2004-07-21,24.0,24.799999237060547,23.542856216430664,24.11428451538086,18.21651268005371,2607141
2004-07-22,25.14285659790039,25.14285659790039,24.342857360839844,24.571428298950195,18.561853408813477,2520312
2004-07-23,24.685714721679688,27.200000762939453,24.11428451538086,26.742856979370117,20.20220184326172,9581500
2004-07-26,26.514284133911133,27.542856216430664,26.05714225769043,26.514284133911133,20.029531478881836,4669048
2004-07-27,26.05714225769043,28.22857093811035,24.342857360839844,25.0285701751709,18.907188415527344,5465102
2004-07-28,25.371427536010742,26.171428680419922,24.91428565979004,25.828571319580078,19.511531829833984,4337821
2004-07-29,26.05714225769043,26.857141494750977,25.714284896850586,25.94285774230957,19.59786605834961,3517057
2004-07-30,26.399999618530273,26.97142791748047,25.600000381469727,25.714284896850586,19.425195693969727,2610077
2004-08-02,26.05714225769043,26.399999618530273,25.714284896850586,25.94285774230957,19.59786605834961,2413906
2004-08-03,26.28571319580078,26.742856979370117,25.828571319580078,26.05714225769043,19.68419647216797,2565999
2004-08-04,26.514284133911133,26.857141494750977,26.05714225769043,26.514284133911133,20.029531478881836,2555180
2004-08-05,26.628570556640625,28.457141876220703,26.628570556640625,28.0,21.151878356933594,6842382
2004-08-06,28.22857093811035,28.91428565979004,27.08571434020996,27.428571701049805,20.72020721435547,3730108
2004-08-09,27.428571701049805,27.657142639160156,26.857141494750977,27.200000762939453,20.547544479370117,2193683
2004-08-10,26.97142791748047,27.771427154541016,26.628570556640625,27.08571434020996,20.461204528808594,1887689
2004-08-11,27.428571701049805,27.428571701049805,25.25714111328125,25.485713958740234,19.252531051635742,2587973
2004-08-12,25.714284896850586,25.714284896850586,24.91428565979004,25.0285701751709,18.907188415527344,1838904
2004-08-13,25.0285701751709,25.600000381469727,24.799999237060547,25.25714111328125,19.07985496520996,1252422
2004-08-16,24.91428565979004,25.828571319580078,23.771427154541016,25.485713958740234,19.252531051635742,1820354
2004-08-17,25.25714111328125,25.94285774230957,25.25714111328125,25.600000381469727,19.338863372802734,1057261
2004-08-18,25.714284896850586,25.714284896850586,25.0285701751709,25.14285659790039,18.993526458740234,874316
2004-08-19,25.14285659790039,25.714284896850586,25.0285701751709,25.600000381469727,19.338863372802734,1256682
2004-08-20,25.600000381469727,26.171428680419922,24.91428565979004,25.0285701751709,18.907188415527344,1596581
2004-08-23,24.685714721679688,24.685714721679688,23.200000762939453,23.542856216430664,17.784847259521484,2011484
2004-08-24,23.314285278320312,24.0,23.314285278320312,23.657142639160156,17.871179580688477,951896
2004-08-25,23.885713577270508,24.22857093811035,23.08571434020996,23.314285278320312,17.61217498779297,537141
2004-08-26,23.542856216430664,23.771427154541016,23.200000762939453,23.314285278320312,17.61217498779297,443659
2004-08-27,22.857141494750977,23.428571701049805,21.828571319580078,22.857141494750977,17.26683807373047,977770
2004-08-30,24.91428565979004,27.200000762939453,24.0,24.457141876220703,18.47551918029785,908691
2004-08-31,24.457141876220703,24.91428565979004,23.885713577270508,24.571428298950195,18.561853408813477,1177869
2004-09-01,24.91428565979004,25.371427536010742,24.342857360839844,24.457141876220703,18.47551918029785,820034
2004-09-02,24.0,25.14285659790039,24.0,24.342857360839844,18.389184951782227,716854
2004-09-03,24.457141876220703,25.714284896850586,24.22857093811035,25.25714111328125,19.07985496520996,1458706
2004-09-06,26.28571319580078,27.657142639160156,26.28571319580078,27.08571434020996,20.461204528808594,4065434
2004-09-07,27.428571701049805,28.0,26.857141494750977,26.97142791748047,20.3748722076416,2568104
2004-09-08,26.97142791748047,27.657142639160156,26.97142791748047,27.428571701049805,20.72020721435547,1997893
2004-09-09,27.428571701049805,27.771427154541016,26.514284133911133,26.628570556640625,20.115869522094727,1742042
2004-09-10,26.628570556640625,27.428571701049805,26.514284133911133,27.314285278320312,20.63387107849121,1561337
2004-09-13,27.428571701049805,28.91428565979004,23.314285278320312,27.885713577270508,21.065547943115234,4400672
2004-09-14,28.0,28.342857360839844,26.97142791748047,27.08571434020996,20.461204528808594,1354264
2004-09-15,27.657142639160156,27.657142639160156,26.857141494750977,26.97142791748047,20.3748722076416,1348434
2004-09-16,26.742856979370117,27.885713577270508,26.742856979370117,27.314285278320312,20.63387107849121,1676350
2004-09-17,27.542856216430664,27.885713577270508,27.08571434020996,27.428571701049805,20.72020721435547,1522609
2004-09-20,27.657142639160156,28.11428451538086,27.314285278320312,27.428571701049805,20.72020721435547,1548600
2004-09-21,27.542856216430664,27.657142639160156,27.200000762939453,27.314285278320312,20.63387107849121,617007
2004-09-22,27.428571701049805,27.542856216430664,26.97142791748047,26.97142791748047,20.3748722076416,557918
2004-09-23,26.857141494750977,28.11428451538086,26.514284133911133,27.08571434020996,20.461204528808594,2489453
2004-09-24,26.857141494750977,27.657142639160156,26.742856979370117,27.08571434020996,20.461204528808594,1330268
2004-09-27,27.314285278320312,27.885713577270508,27.08571434020996,27.200000762939453,20.547544479370117,1180813
2004-09-28,27.314285278320312,27.428571701049805,26.514284133911133,26.628570556640625,20.115869522094727,712641
2004-09-29,26.628570556640625,27.200000762939453,26.514284133911133,26.857141494750977,20.288532257080078,892703
2004-09-30,27.08571434020996,27.200000762939453,26.514284133911133,26.742856979370117,20.20220184326172,815376
2004-10-01,26.857141494750977,27.428571701049805,26.628570556640625,27.200000762939453,20.547544479370117,724108
2004-10-04,27.428571701049805,27.771427154541016,26.97142791748047,27.08571434020996,20.461204528808594,1129235
2004-10-05,28.91428565979004,28.91428565979004,26.742856979370117,26.857141494750977,20.288532257080078,855785
2004-10-06,27.314285278320312,27.314285278320312,26.399999618530273,26.514284133911133,20.029531478881836,912493
2004-10-07,26.857141494750977,27.08571434020996,26.399999618530273,26.742856979370117,20.20220184326172,768152
2004-10-08,27.08571434020996,27.657142639160156,26.857141494750977,27.428571701049805,20.72020721435547,1689002
2004-10-11,28.0,29.714284896850586,28.0,28.685714721679688,21.669885635375977,4006182
2004-10-12,28.685714721679688,29.0285701751709,27.657142639160156,27.771427154541016,20.979206085205078,1243138
2004-10-13,27.771427154541016,27.771427154541016,27.771427154541016,27.771427154541016,20.979206085205078,0
2004-10-14,27.200000762939453,27.314285278320312,26.742856979370117,27.08571434020996,20.461204528808594,1061287
2004-10-15,26.857141494750977,27.542856216430664,26.857141494750977,26.97142791748047,20.3748722076416,817836
2004-10-18,26.857141494750977,27.542856216430664,26.742856979370117,26.97142791748047,20.3748722076416,1025319
2004-10-19,26.857141494750977,27.657142639160156,26.857141494750977,27.428571701049805,20.72020721435547,1072068
2004-10-20,27.428571701049805,28.0,26.97142791748047,26.97142791748047,20.3748722076416,1697412
2004-10-21,26.97142791748047,27.428571701049805,26.28571319580078,26.628570556640625,20.115869522094727,863544
2004-10-22,26.628570556640625,26.628570556640625,26.628570556640625,26.628570556640625,20.115869522094727,0
2004-10-25,26.857141494750977,26.857141494750977,25.94285774230957,26.05714225769043,19.68419647216797,579505
2004-10-26,26.171428680419922,27.542856216430664,26.171428680419922,27.200000762939453,20.547544479370117,1628523
2004-10-27,28.342857360839844,28.342857360839844,27.200000762939453,27.314285278320312,20.63387107849121,1341475
2004-10-28,27.771427154541016,27.885713577270508,27.08571434020996,27.200000762939453,20.547544479370117,963567
2004-10-29,26.97142791748047,27.314285278320312,26.742856979370117,26.857141494750977,20.288532257080078,571432
2004-11-01,27.314285278320312,27.314285278320312,26.628570556640625,26.857141494750977,20.288532257080078,480791
2004-11-02,26.97142791748047,27.200000762939453,26.857141494750977,26.97142791748047,20.3748722076416,401898
2004-11-03,27.200000762939453,27.657142639160156,26.97142791748047,27.200000762939453,20.547544479370117,1082786
2004-11-04,27.428571701049805,27.657142639160156,26.97142791748047,27.08571434020996,20.461204528808594,931917
2004-11-05,27.428571701049805,27.428571701049805,26.742856979370117,26.742856979370117,20.20220184326172,417157
2004-11-08,26.857141494750977,27.771427154541016,26.857141494750977,27.200000762939453,20.547544479370117,1241407
2004-11-09,26.97142791748047,27.771427154541016,26.97142791748047,27.200000762939453,20.547544479370117,965793
2004-11-10,26.742856979370117,29.25714111328125,26.742856979370117,28.799999237060547,21.756214141845703,3391110
2004-11-11,29.25714111328125,29.828571319580078,28.457141876220703,28.571428298950195,21.58355140686035,3322560
2004-11-12,29.371427536010742,29.371427536010742,28.22857093811035,28.91428565979004,21.842548370361328,966785
2004-11-15,28.91428565979004,28.91428565979004,28.91428565979004,28.91428565979004,21.842548370361328,0
2004-11-16,28.91428565979004,29.485713958740234,28.342857360839844,28.571428298950195,21.58355140686035,870723
2004-11-17,28.799999237060547,29.600000381469727,28.799999237060547,29.0285701751709,21.92888832092285,1616998
2004-11-18,29.25714111328125,30.171428680419922,29.14285659790039,29.371427536010742,22.187891006469727,2767112
2004-11-19,30.28571319580078,31.771427154541016,29.25714111328125,29.371427536010742,22.187891006469727,2143811
2004-11-22,29.371427536010742,29.94285774230957,28.91428565979004,29.714284896850586,22.446895599365234,1270633
2004-11-23,29.94285774230957,32.914283752441406,29.94285774230957,31.314285278320312,23.655569076538086,6583553
2004-11-24,32.0,32.4571418762207,31.08571434020996,31.428571701049805,23.74190330505371,3063592
2004-11-25,30.514284133911133,32.228572845458984,30.05714225769043,30.399999618530273,22.964893341064453,1862208
2004-11-26,30.399999618530273,30.399999618530273,30.399999618530273,30.399999618530273,22.964893341064453,0
2004-11-29,30.857141494750977,31.542856216430664,30.628570556640625,31.314285278320312,23.655569076538086,1837244
2004-11-30,32.0,32.0,30.05714225769043,30.399999618530273,22.964893341064453,2383480
2004-12-01,30.514284133911133,30.97142791748047,29.485713958740234,30.628570556640625,23.1375675201416,2538506
2004-12-02,31.885713577270508,32.342857360839844,30.857141494750977,31.657142639160156,23.91457176208496,3789132
2004-12-03,31.657142639160156,32.342857360839844,30.97142791748047,31.428571701049805,23.74190330505371,2592777
2004-12-06,31.885713577270508,32.4571418762207,31.542856216430664,31.885713577270508,24.087244033813477,2664721
2004-12-07,32.228572845458984,32.4571418762207,31.314285278320312,31.542856216430664,23.828237533569336,2671005
2004-12-08,31.542856216430664,32.11428451538086,30.628570556640625,30.857141494750977,23.310232162475586,2141247
2004-12-09,31.08571434020996,31.314285278320312,30.628570556640625,30.857141494750977,23.310232162475586,1019680
2004-12-10,31.200000762939453,31.542856216430664,30.399999618530273,30.628570556640625,23.1375675201416,1366975
2004-12-13,30.857141494750977,31.542856216430664,30.628570556640625,31.200000762939453,23.569238662719727,1266965
2004-12-14,31.428571701049805,31.885713577270508,31.314285278320312,31.428571701049805,23.74190330505371,1448559
2004-12-15,31.542856216430664,31.885713577270508,31.08571434020996,31.542856216430664,23.828237533569336,1472741
2004-12-16,31.542856216430664,31.771427154541016,30.857141494750977,30.97142791748047,23.39657211303711,910336
2004-12-17,29.485713958740234,31.428571701049805,29.485713958740234,30.742856979370117,23.22389793395996,1391834
2004-12-20,30.857141494750977,31.428571701049805,30.742856979370117,30.857141494750977,23.310232162475586,1203005
2004-12-21,31.428571701049805,31.885713577270508,30.857141494750977,31.314285278320312,23.655569076538086,1839389
2004-12-22,31.542856216430664,31.885713577270508,30.857141494750977,30.857141494750977,23.310232162475586,1017556
2004-12-23,31.428571701049805,32.0,30.97142791748047,31.771427154541016,24.000905990600586,1693129
2004-12-24,32.4571418762207,37.71428680419922,32.4571418762207,36.342857360839844,27.454269409179688,12825001
2004-12-27,36.57142639160156,38.400001525878906,35.88571548461914,37.82857131958008,28.576623916625977,9268138
2004-12-28,38.17142868041992,41.371429443359375,38.17142868041992,41.14285659790039,31.080312728881836,13812015
2004-12-29,41.485713958740234,42.85714340209961,37.71428680419922,39.771427154541016,30.04430389404297,12677215
2004-12-30,40.4571418762207,40.68571472167969,38.28571319580078,38.97142791748047,29.43996810913086,4098106
2004-12-31,40.228572845458984,43.42856979370117,37.94285583496094,38.628570556640625,29.18096351623535,3617758
2005-01-03,38.628570556640625,41.14285659790039,38.628570556640625,40.228572845458984,30.389644622802734,3973053
2005-01-04,40.342857360839844,40.914283752441406,39.771427154541016,40.228572845458984,30.389644622802734,3540684
2005-01-05,39.771427154541016,40.4571418762207,34.97142791748047,37.371429443359375,28.231285095214844,5024057
2005-01-06,36.57142639160156,37.371429443359375,34.74285888671875,36.228572845458984,27.367942810058594,3834208
2005-01-07,36.228572845458984,37.82857131958008,36.228572845458984,37.485713958740234,28.31761360168457,3261740
2005-01-10,38.0571403503418,39.31428527832031,37.371429443359375,37.82857131958008,28.576623916625977,3601025
2005-01-11,37.02857208251953,38.400001525878906,35.771427154541016,36.11428451538086,27.28160858154297,2200627
2005-01-12,36.57142639160156,36.57142639160156,33.14285659790039,33.485713958740234,25.295921325683594,3491249
2005-01-13,32.57142639160156,35.657142639160156,32.57142639160156,35.08571243286133,26.504596710205078,3003297
2005-01-14,35.657142639160156,35.657142639160156,33.94285583496094,34.28571319580078,25.900257110595703,3547239
2005-01-17,34.74285888671875,35.08571243286133,32.914283752441406,33.599998474121094,25.382251739501953,2938893
2005-01-18,34.28571319580078,34.74285888671875,33.599998474121094,33.71428680419922,25.46858787536621,2867257
2005-01-19,34.28571319580078,34.400001525878906,33.14285659790039,33.371429443359375,25.2095890045166,1836759
2005-01-20,33.599998474121094,33.599998474121094,32.68571472167969,32.914283752441406,24.8642520904541,1824134
2005-01-24,33.371429443359375,33.71428680419922,32.11428451538086,32.342857360839844,24.43257713317871,2651633
2005-01-25,32.4571418762207,33.82857131958008,31.885713577270508,33.599998474121094,25.382251739501953,2972432
2005-01-27,33.94285583496094,35.31428527832031,33.82857131958008,34.74285888671875,26.245594024658203,3561361
2005-01-28,36.11428451538086,37.485713958740234,34.514286041259766,36.342857360839844,27.454269409179688,4643509
2005-01-31,37.14285659790039,37.82857131958008,36.228572845458984,37.02857208251953,27.972288131713867,7431564
2005-02-01,38.17142868041992,38.17142868041992,36.11428451538086,36.4571418762207,27.54060935974121,4558010
2005-02-02,36.57142639160156,37.599998474121094,36.4571418762207,36.68571472167969,27.713275909423828,4348723
2005-02-03,37.25714111328125,38.28571319580078,36.914283752441406,37.94285583496094,28.66295051574707,5877574
2005-02-04,38.514286041259766,39.5428581237793,37.82857131958008,38.628570556640625,29.18096351623535,6883327
2005-02-07,39.42856979370117,42.628570556640625,38.628570556640625,41.25714111328125,31.166643142700195,17531479
2005-02-08,40.11428451538086,43.42856979370117,40.11428451538086,41.599998474121094,31.425649642944336,15151143
2005-02-09,42.28571319580078,42.628570556640625,41.599998474121094,42.28571319580078,31.943655014038086,6917423
2005-02-10,43.08571243286133,50.74285888671875,42.514286041259766,48.4571418762207,36.60570526123047,51116068
2005-02-11,41.14285659790039,47.657142639160156,39.08571243286133,42.97142791748047,32.4616584777832,24269267
2005-02-14,42.97142791748047,44.4571418762207,41.371429443359375,42.628570556640625,32.2026481628418,13024667
2005-02-15,42.97142791748047,42.97142791748047,41.14285659790039,41.371429443359375,31.25298500061035,6235459
2005-02-16,42.17142868041992,43.657142639160156,41.371429443359375,43.08571243286133,32.54799270629883,13544933
2005-02-17,43.08571243286133,43.31428527832031,41.371429443359375,41.599998474121094,31.425649642944336,4772655
2005-02-18,42.0571403503418,42.400001525878906,40.68571472167969,40.914283752441406,30.907649993896484,4040748
2005-02-21,40.914283752441406,40.914283752441406,40.914283752441406,40.914283752441406,30.907649993896484,0
2005-02-22,40.914283752441406,40.914283752441406,40.914283752441406,40.914283752441406,30.907649993896484,0
2005-02-23,40.914283752441406,40.914283752441406,40.914283752441406,40.914283752441406,30.907649993896484,0
2005-02-24,40.914283752441406,40.914283752441406,40.914283752441406,40.914283752441406,30.907649993896484,0
2005-02-25,40.914283752441406,40.914283752441406,40.914283752441406,40.914283752441406,30.907649993896484,0
2005-02-28,40.914283752441406,40.914283752441406,40.914283752441406,40.914283752441406,30.907649993896484,0
2005-03-01,40.914283752441406,40.914283752441406,40.914283752441406,40.914283752441406,30.907649993896484,0
2005-03-02,40.914283752441406,40.914283752441406,40.914283752441406,40.914283752441406,30.907649993896484,0
2005-03-03,40.914283752441406,40.914283752441406,40.914283752441406,40.914283752441406,30.907649993896484,0
2005-03-04,40.914283752441406,40.914283752441406,40.914283752441406,40.914283752441406,30.907649993896484,0
2005-03-07,40.914283752441406,40.914283752441406,40.914283752441406,40.914283752441406,30.907649993896484,0
2005-03-08,40.914283752441406,40.914283752441406,40.914283752441406,40.914283752441406,30.907649993896484,0
2005-03-09,40.914283752441406,40.914283752441406,40.914283752441406,40.914283752441406,30.907649993896484,0
2005-03-10,40.914283752441406,40.914283752441406,40.914283752441406,40.914283752441406,30.907649993896484,0
2005-03-11,40.914283752441406,40.914283752441406,40.914283752441406,40.914283752441406,30.907649993896484,0
2005-03-14,40.914283752441406,40.914283752441406,40.914283752441406,40.914283752441406,30.907649993896484,0
2005-03-15,40.914283752441406,40.914283752441406,40.914283752441406,40.914283752441406,30.907649993896484,0
2005-03-16,40.914283752441406,40.914283752441406,40.914283752441406,40.914283752441406,30.907649993896484,0
2005-03-17,40.914283752441406,40.914283752441406,40.914283752441406,40.914283752441406,30.907649993896484,0
2005-03-18,40.914283752441406,40.914283752441406,40.914283752441406,40.914283752441406,30.907649993896484,0
2005-03-21,40.914283752441406,40.914283752441406,40.914283752441406,40.914283752441406,30.907649993896484,0
2005-03-22,40.914283752441406,40.914283752441406,40.914283752441406,40.914283752441406,30.907649993896484,0
2005-03-23,45.5,45.849998474121094,38.36000061035156,39.01499938964844,29.472875595092773,20877100
2005-03-24,39.01499938964844,39.01499938964844,39.01499938964844,39.01499938964844,29.472875595092773,0
2005-03-28,37.66999816894531,39.404998779296875,37.5,37.88500213623047,28.61924934387207,12357940
2005-03-29,38.290000915527344,38.380001068115234,36.32500076293945,36.80500030517578,27.803396224975586,6240720
2005-03-30,36.70000076293945,37.189998626708984,36.005001068115234,36.21500015258789,27.357685089111328,4663490
2005-03-31,36.599998474121094,37.5,35.665000915527344,36.25,27.384126663208008,12030150
2005-04-01,36.599998474121094,39.650001525878906,36.13999938964844,39.154998779296875,29.578632354736328,10562900
2005-04-04,39.154998779296875,39.154998779296875,39.154998779296875,39.154998779296875,29.578632354736328,0
2005-04-05,37.59000015258789,37.790000915527344,36.400001525878906,36.57500076293945,27.629650115966797,2798150
2005-04-06,36.70000076293945,37.59000015258789,36.70000076293945,37.189998626708984,28.09422492980957,2926250
2005-04-07,37.7400016784668,37.900001525878906,36.619998931884766,36.779998779296875,27.78450584411621,1894760
2005-04-08,37.25,37.25,36.025001525878906,36.209999084472656,27.353910446166992,1761330
2005-04-11,36.150001525878906,36.5,35.70000076293945,36.16999816894531,27.323694229125977,2436630
2005-04-12,36.16999816894531,37.0,36.01499938964844,36.88999938964844,27.867605209350586,1988080
2005-04-13,37.29999923706055,37.45000076293945,36.209999084472656,36.63500213623047,27.67496681213379,2307850
2005-04-15,36.30500030517578,36.5,35.099998474121094,35.41999816894531,26.757125854492188,1662220
2005-04-18,34.5,36.16999816894531,34.5,35.83500289916992,27.070632934570312,7291930
2005-04-19,36.099998474121094,36.849998474121094,34.20000076293945,34.67499923706055,26.1943359375,3898010
2005-04-20,35.0,35.68000030517578,34.599998474121094,35.56999969482422,26.870437622070312,3159940
2005-04-21,35.689998626708984,36.375,35.099998474121094,36.11000061035156,27.278369903564453,2540420
2005-04-22,36.5,36.599998474121094,35.54999923706055,35.81999969482422,27.059297561645508,1446850
2005-04-25,35.900001525878906,36.0,34.95000076293945,35.08500289916992,26.50406265258789,1250420
2005-04-26,35.290000915527344,35.34000015258789,34.25,34.48500061035156,26.050809860229492,1768610
2005-04-27,34.5,34.70000076293945,33.01499938964844,33.310001373291016,25.163185119628906,1543540
2005-04-28,33.5,33.67499923706055,32.439998626708984,32.76499938964844,24.75147819519043,2523130
2005-04-29,32.76499938964844,32.79999923706055,31.25,31.565000534057617,24.2144832611084,2178070
2005-05-02,31.795000076293945,31.9950008392334,30.34000015258789,31.08500099182129,23.84626579284668,3395040
2005-05-03,31.05500030517578,31.75,31.0049991607666,31.2450008392334,23.969003677368164,3020790
2005-05-04,31.450000762939453,31.899999618530273,31.299999237060547,31.65999984741211,24.287363052368164,2146130
2005-05-05,31.899999618530273,34.189998626708984,31.850000381469727,32.76499938964844,25.13504409790039,4882200
2005-05-06,32.849998474121094,32.94499969482422,31.860000610351562,32.69499969482422,25.08133888244629,3046280
2005-05-09,32.650001525878906,33.439998626708984,32.599998474121094,33.24500274658203,25.50326156616211,1779790
2005-05-10,33.435001373291016,34.099998474121094,32.90999984741211,33.7599983215332,25.89832878112793,2830730
2005-05-11,33.7599983215332,33.7599983215332,32.709999084472656,32.915000915527344,25.250112533569336,2476000
2005-05-12,30.290000915527344,33.67499923706055,30.290000915527344,33.38500213623047,25.610660552978516,1226890
2005-05-13,33.400001525878906,34.20000076293945,32.85499954223633,33.75,25.890666961669922,1326830
2005-05-16,34.13999938964844,34.900001525878906,33.599998474121094,33.915000915527344,26.01723861694336,1296170
2005-05-17,34.369998931884766,34.39500045776367,33.79999923706055,33.95000076293945,26.044090270996094,1083620
2005-05-18,34.0,34.0,33.400001525878906,33.78499984741211,25.917512893676758,1242780
2005-05-19,34.099998474121094,34.400001525878906,33.029998779296875,33.2599983215332,25.514768600463867,926090
2005-05-20,33.20000076293945,33.52000045776367,32.404998779296875,32.6150016784668,25.019968032836914,709740
2005-05-23,32.5099983215332,32.790000915527344,31.649999618530273,31.780000686645508,24.379417419433594,1590070
2005-05-24,32.130001068115234,32.130001068115234,30.774999618530273,31.0049991607666,23.784887313842773,2412880
2005-05-25,31.104999542236328,31.375,30.5,30.614999771118164,23.485708236694336,2095700
2005-05-26,30.799999237060547,30.989999771118164,29.5,29.665000915527344,22.756938934326172,2521970
2005-05-27,29.799999237060547,31.469999313354492,29.700000762939453,30.704999923706055,23.554750442504883,4761380
2005-05-30,31.389999389648438,31.399999618530273,30.7450008392334,31.1299991607666,23.880779266357422,2479780
2005-05-31,31.25,31.639999389648438,31.0,31.475000381469727,24.145442962646484,1907750
2005-06-01,31.700000762939453,31.700000762939453,30.860000610351562,30.969999313354492,23.758039474487305,2832950
2005-06-02,30.799999237060547,30.799999237060547,30.190000534057617,30.399999618530273,23.32077407836914,2975800
2005-06-03,30.5,30.595001220703125,29.93000030517578,30.405000686645508,23.324617385864258,2642400
2005-06-06,30.25,30.575000762939453,30.25,30.420000076293945,23.33612060546875,1269690
2005-06-07,30.475000381469727,30.5,29.700000762939453,29.81999969482422,22.875837326049805,933810
2005-06-08,29.850000381469727,30.190000534057617,28.704999923706055,28.8700008392334,22.147069931030273,2623750
2005-06-09,29.0,29.700000762939453,29.0,29.125,22.342687606811523,2047080
2005-06-10,29.299999237060547,29.56999969482422,28.610000610351562,28.719999313354492,22.03199577331543,1480220
2005-06-13,29.095001220703125,29.19500160217285,28.010000228881836,28.100000381469727,21.556379318237305,1313320
2005-06-14,28.405000686645508,28.5,27.75,27.885000228881836,21.391441345214844,1737380
2005-06-15,27.989999771118164,28.889999389648438,27.979999542236328,28.545000076293945,21.897748947143555,2454480
2005-06-16,28.545000076293945,28.94500160217285,28.0,28.09000015258789,21.548704147338867,1880310
2005-06-17,28.209999084472656,28.209999084472656,27.264999389648438,27.34000015258789,20.97335433959961,1331510
2005-06-20,27.700000762939453,27.799999237060547,27.010000228881836,27.424999237060547,21.03856086730957,2121200
2005-06-21,28.0,28.389999389648438,27.25,27.649999618530273,21.211164474487305,2569120
2005-06-22,27.649999618530273,28.225000381469727,27.610000610351562,27.774999618530273,21.307058334350586,3397040
2005-06-23,27.905000686645508,28.34000015258789,27.299999237060547,27.579999923706055,21.15746307373047,1934680
2005-06-24,27.46500015258789,27.575000762939453,27.030000686645508,27.139999389648438,20.819929122924805,1220270
2005-06-27,27.350000381469727,27.350000381469727,26.170000076293945,26.25,20.137184143066406,1314080
2005-06-28,26.399999618530273,26.510000228881836,24.55500030517578,24.889999389648438,19.093883514404297,2339680
2005-06-29,24.799999237060547,26.100000381469727,24.799999237060547,25.8700008392334,19.845674514770508,23553270
2005-06-30,26.264999389648438,26.264999389648438,25.024999618530273,25.09000015258789,19.2473087310791,1369590
2005-07-01,25.0,25.350000381469727,24.71500015258789,24.889999389648438,19.093883514404297,2207650
2005-07-04,24.915000915527344,25.5,24.850000381469727,24.895000457763672,19.09772491455078,1136120
2005-07-05,25.094999313354492,26.0,24.799999237060547,25.389999389648438,19.477453231811523,2298120
2005-07-06,25.600000381469727,26.649999618530273,25.600000381469727,26.450000762939453,20.29060935974121,3412110
2005-07-07,26.940000534057617,27.989999771118164,26.1299991607666,26.295000076293945,20.171703338623047,3118060
2005-07-08,26.559999465942383,27.5,26.40999984741211,26.719999313354492,20.49773406982422,3486320
2005-07-11,27.139999389648438,27.299999237060547,26.709999084472656,26.8700008392334,20.612804412841797,1368250
2005-07-12,27.0,27.08500099182129,26.0049991607666,26.225000381469727,20.118009567260742,1192290
2005-07-13,27.399999618530273,27.399999618530273,25.625,25.81999969482422,19.80731773376465,933280
2005-07-14,25.899999618530273,26.200000762939453,25.610000610351562,25.799999237060547,19.791975021362305,903490
2005-07-15,25.799999237060547,26.0,25.5049991607666,25.6299991607666,19.661563873291016,747310
2005-07-18,25.735000610351562,26.200000762939453,25.735000610351562,25.950000762939453,19.90704917907715,906180
2005-07-19,26.100000381469727,26.899999618530273,25.93000030517578,26.670000076293945,20.459379196166992,1719780
2005-07-20,26.709999084472656,27.469999313354492,26.709999084472656,27.114999771118164,20.800752639770508,2187420
2005-07-21,27.299999237060547,28.225000381469727,27.09000015258789,27.33500099182129,20.96952247619629,3658890
2005-07-22,27.510000228881836,28.0,27.354999542236328,27.535001754760742,21.122949600219727,2786900
2005-07-25,27.799999237060547,27.860000610351562,27.325000762939453,27.440000534057617,21.050071716308594,1739160
2005-07-26,27.454999923706055,28.079999923706055,27.299999237060547,27.860000610351562,21.372262954711914,4270180
2005-07-27,27.760000228881836,27.899999618530273,27.260000228881836,27.520000457763672,21.1114444732666,1050400
2005-07-28,27.520000457763672,27.520000457763672,27.520000457763672,27.520000457763672,21.1114444732666,0
2005-07-29,26.0,28.174999237060547,26.0,27.170000076293945,20.842941284179688,4663750
2005-08-01,27.270000457763672,27.435001373291016,26.5,26.795000076293945,20.555265426635742,924680
2005-08-02,26.5,26.989999771118164,26.5,26.59000015258789,20.398012161254883,1229560
2005-08-03,26.790000915527344,27.049999237060547,26.100000381469727,26.655000686645508,20.447872161865234,1967210
2005-08-04,26.899999618530273,27.989999771118164,26.5049991607666,27.68000030517578,21.23418426513672,2392860
2005-08-05,27.610000610351562,28.440000534057617,27.565000534057617,27.75,21.28788185119629,4025890
2005-08-08,27.850000381469727,28.3799991607666,27.200000762939453,27.405000686645508,21.02322006225586,1959800
2005-08-09,27.5049991607666,27.975000381469727,27.200000762939453,27.354999542236328,20.98486328125,2088790
2005-08-10,27.639999389648438,28.299999237060547,27.510000228881836,28.170000076293945,21.61007308959961,2086170
2005-08-11,28.485000610351562,29.190000534057617,28.2549991607666,28.604999542236328,21.943777084350586,4855930
2005-08-12,28.604999542236328,28.845001220703125,28.05500030517578,28.58500099182129,21.928436279296875,1970490
2005-08-16,28.65999984741211,29.290000915527344,28.5049991607666,28.924999237060547,22.18925666809082,2112240
2005-08-17,28.829999923706055,29.5,28.829999923706055,29.19500160217285,22.39638900756836,1792510
2005-08-18,29.299999237060547,29.6299991607666,27.700000762939453,28.125,21.57555389404297,2692220
2005-08-19,28.200000762939453,28.68000030517578,27.899999618530273,28.3700008392334,21.763498306274414,2256800
2005-08-22,28.5,29.100000381469727,28.454999923706055,28.845001220703125,22.127885818481445,8051860
2005-08-23,29.0,29.079999923706055,27.5,27.75,21.28788185119629,1635050
2005-08-24,27.5,28.0,26.649999618530273,26.81999969482422,20.574445724487305,1937570
2005-08-25,26.920000076293945,27.690000534057617,26.850000381469727,27.440000534057617,21.050071716308594,1134790
2005-08-26,27.989999771118164,27.989999771118164,27.510000228881836,27.625,21.191984176635742,782110
2005-08-29,27.600000381469727,27.600000381469727,26.5,27.315000534057617,20.95417594909668,680050
2005-08-30,27.700000762939453,27.8700008392334,27.5,27.58500099182129,21.16130256652832,552830
2005-08-31,27.774999618530273,28.0,27.285001754760742,27.479999542236328,21.080753326416016,1485090
2005-09-01,27.625,27.9950008392334,27.595001220703125,27.635000228881836,21.19965934753418,1164180
2005-09-02,27.899999618530273,28.309999465942383,27.704999923706055,27.860000610351562,21.372262954711914,1649230
2005-09-05,27.825000762939453,28.399999618530273,26.950000762939453,27.065000534057617,20.76239776611328,2530200
2005-09-06,27.31999969482422,27.645000457763672,27.010000228881836,27.15999984741211,20.83527183532715,1301530
2005-09-08,27.489999771118164,27.75,27.415000915527344,27.610000610351562,21.18048095703125,1753410
2005-09-09,27.5,28.5,27.40999984741211,28.260000228881836,21.67911720275879,3001790
2005-09-12,28.5,29.100000381469727,28.5,28.825000762939453,22.112545013427734,4219140
2005-09-13,28.850000381469727,30.299999237060547,28.709999084472656,29.75,22.822139739990234,6678600
2005-09-14,29.899999618530273,30.75,29.110000610351562,29.540000915527344,22.661048889160156,6481580
2005-09-15,29.700000762939453,29.899999618530273,29.4950008392334,29.649999618530273,22.74542999267578,3713050
2005-09-16,30.0,31.7450008392334,29.81999969482422,31.454999923706055,24.130098342895508,9065660
2005-09-19,31.5,32.29500198364258,31.350000381469727,31.55500030517578,24.206815719604492,3775290
2005-09-20,31.5,31.950000762939453,30.100000381469727,31.030000686645508,23.80406951904297,2036350
2005-09-21,31.149999618530273,31.299999237060547,28.399999618530273,30.014999389648438,23.02543067932129,4504840
2005-09-22,29.799999237060547,29.850000381469727,28.0,28.139999389648438,21.587059020996094,4088080
2005-09-23,28.200000762939453,29.940000534057617,27.514999389648438,28.44500160217285,21.821035385131836,2065170
2005-09-26,28.510000228881836,29.399999618530273,28.510000228881836,29.15999984741211,22.369531631469727,2224220
2005-09-27,29.5,30.149999618530273,29.200000762939453,29.56999969482422,22.684057235717773,1982140
2005-09-28,29.700000762939453,29.895000457763672,29.514999389648438,29.579999923706055,22.691730499267578,1268200
2005-09-29,29.700000762939453,30.200000762939453,29.299999237060547,29.604999542236328,22.710908889770508,2471890
2005-09-30,29.700000762939453,29.780000686645508,28.100000381469727,29.0,22.246795654296875,2801070
2005-10-03,29.0,29.940000534057617,29.0,29.285001754760742,22.46542739868164,1123960
2005-10-04,29.479999542236328,29.799999237060547,29.2549991607666,29.395000457763672,22.549808502197266,1025770
2005-10-05,29.5,29.600000381469727,29.059999465942383,29.174999237060547,22.381040573120117,765760
2005-10-06,29.100000381469727,29.100000381469727,28.209999084472656,28.34000015258789,21.74049186706543,1251930
2005-10-07,28.5,28.770000457763672,28.035001754760742,28.1299991607666,21.579389572143555,1093830
2005-10-10,28.1299991607666,28.435001373291016,27.5,27.655000686645508,21.215002059936523,610910
2005-10-11,27.700000762939453,28.489999771118164,27.200000762939453,28.065000534057617,21.52952766418457,2489320
2005-10-13,27.610000610351562,28.114999771118164,26.549999237060547,26.979999542236328,20.697187423706055,1262370
2005-10-14,26.799999237060547,27.5,25.649999618530273,25.760000228881836,19.76129150390625,2177000
2005-10-17,26.5,26.5,25.239999771118164,25.405000686645508,19.488956451416016,1097550
2005-10-18,25.5,26.040000915527344,25.010000228881836,25.110000610351562,19.262649536132812,984860
2005-10-19,25.110000610351562,25.110000610351562,24.0,24.06999969482422,18.4648380279541,1418030
2005-10-20,24.8799991607666,25.035001754760742,21.5,22.155000686645508,16.99578285217285,3120060
2005-10-21,22.0,22.5,21.635000228881836,21.809999465942383,16.731117248535156,1776380
2005-10-24,21.850000381469727,22.1299991607666,21.020000457763672,21.2450008392334,16.29769515991211,1196060
2005-10-25,21.860000610351562,21.860000610351562,20.399999618530273,20.524999618530273,15.74535846710205,2093120
2005-10-26,20.559999465942383,21.290000915527344,20.209999084472656,20.9950008392334,16.105915069580078,1741400
2005-10-27,21.094999313354492,21.094999313354492,19.950000762939453,20.045000076293945,15.3771390914917,1076650
2005-10-28,20.200000762939453,20.899999618530273,20.0,20.155000686645508,15.461520195007324,1869660
2005-10-31,20.200000762939453,21.149999618530273,20.114999771118164,20.969999313354492,16.08673095703125,1069270
2005-11-02,21.299999237060547,21.399999618530273,20.549999237060547,21.235000610351562,16.290023803710938,625200
2005-11-04,21.235000610351562,21.235000610351562,21.235000610351562,21.235000610351562,16.290023803710938,0
2005-11-07,21.479999542236328,21.975000381469727,20.899999618530273,21.510000228881836,16.5009822845459,1638190
2005-11-08,21.399999618530273,21.790000915527344,21.299999237060547,21.424999237060547,16.435775756835938,1817650
2005-11-09,21.399999618530273,21.700000762939453,20.80500030517578,21.010000228881836,16.11741828918457,1947410
2005-11-10,21.424999237060547,21.549999237060547,20.809999465942383,20.924999237060547,16.052209854125977,1922260
2005-11-11,20.899999618530273,21.5,20.899999618530273,21.415000915527344,16.42810821533203,1079790
2005-11-14,21.770000457763672,22.940000534057617,21.5049991607666,21.954999923706055,16.84235382080078,3175740
2005-11-16,22.19499969482422,22.200000762939453,21.815000534057617,21.860000610351562,16.769479751586914,771910
2005-11-17,22.0,22.100000381469727,21.704999923706055,21.795000076293945,16.719614028930664,1055660
2005-11-18,22.299999237060547,22.299999237060547,21.899999618530273,22.15999984741211,16.999618530273438,2005540
2005-11-21,22.200000762939453,22.200000762939453,21.700000762939453,21.760000228881836,16.692764282226562,810340
2005-11-22,21.700000762939453,21.889999389648438,21.100000381469727,21.155000686645508,16.228654861450195,1285850
2005-11-23,21.299999237060547,21.5,20.399999618530273,20.540000915527344,15.756869316101074,1203550
2005-11-24,20.889999389648438,20.889999389648438,20.104999542236328,20.2450008392334,15.530560493469238,1045440
2005-11-25,20.2450008392334,20.559999465942383,20.15999984741211,20.219999313354492,15.511384010314941,1936160
2005-11-28,20.350000381469727,20.854999542236328,20.309999465942383,20.59000015258789,15.795226097106934,1239140
2005-11-29,20.5,21.329999923706055,20.270000457763672,21.174999237060547,16.243993759155273,2006830
2005-11-30,21.200000762939453,21.450000762939453,20.600000381469727,20.704999923706055,15.883447647094727,1029660
2005-12-01,20.514999389648438,20.895000457763672,20.399999618530273,20.520000457763672,15.741522789001465,557170
2005-12-02,20.69499969482422,21.0,20.690000534057617,20.920000076293945,16.04837989807129,888400
2005-12-05,21.0,21.18000030517578,20.405000686645508,20.469999313354492,15.703171730041504,624090
2005-12-06,20.75,20.75,20.354999542236328,20.43000030517578,15.672481536865234,443330
2005-12-07,20.600000381469727,21.389999389648438,20.5,20.770000457763672,15.933309555053711,1274520
2005-12-08,21.0,21.350000381469727,20.5049991607666,21.260000228881836,16.309202194213867,1853640
2005-12-09,21.399999618530273,21.450000762939453,21.010000228881836,21.33500099182129,16.366737365722656,1775710
2005-12-12,21.3700008392334,22.69499969482422,21.299999237060547,22.58500099182129,17.325647354125977,4857920
2005-12-13,22.600000381469727,22.950000762939453,22.110000610351562,22.489999771118164,17.25277328491211,4898900
2005-12-14,22.854999542236328,23.969999313354492,22.40999984741211,22.559999465942383,17.306472778320312,3100130
2005-12-15,22.25,23.08500099182129,22.25,22.690000534057617,17.406198501586914,3816880
2005-12-16,22.235000610351562,23.295000076293945,22.235000610351562,23.035001754760742,17.670860290527344,5969830
2005-12-19,23.100000381469727,23.725000381469727,23.100000381469727,23.645000457763672,18.13880729675293,3008050
2005-12-20,23.0049991607666,23.889999389648438,22.700000762939453,22.9950008392334,17.640172958374023,3328800
2005-12-21,22.940000534057617,22.940000534057617,22.209999084472656,22.565000534057617,17.310304641723633,6698600
2005-12-22,22.559999465942383,22.895000457763672,22.1200008392334,22.280000686645508,17.091676712036133,5374430
2005-12-23,22.479999542236328,22.600000381469727,21.5049991607666,22.040000915527344,16.90756607055664,5898370
2005-12-26,22.0,22.280000686645508,20.799999237060547,20.989999771118164,16.102073669433594,1953500
2005-12-27,21.0,21.420000076293945,20.735000610351562,20.9950008392334,16.105915069580078,831770
2005-12-28,21.0049991607666,21.83500099182129,21.0049991607666,21.614999771118164,16.58152961730957,1301390
2005-12-29,21.665000915527344,22.420000076293945,21.610000610351562,22.354999542236328,17.14920425415039,2178910
2005-12-30,22.0049991607666,23.065000534057617,22.0049991607666,22.94499969482422,17.601816177368164,4427340
2006-01-02,23.0,23.299999237060547,22.68000030517578,23.155000686645508,17.762914657592773,1132770
2006-01-03,23.200000762939453,23.40999984741211,22.450000762939453,22.530000686645508,17.283458709716797,1023800
2006-01-04,22.700000762939453,22.780000686645508,22.049999237060547,22.21500015258789,17.041812896728516,1095040
2006-01-05,22.68000030517578,22.68000030517578,21.864999771118164,21.924999237060547,16.8193416595459,1050560
2006-01-06,22.43000030517578,22.43000030517578,21.735000610351562,22.09000015258789,16.945920944213867,979030
2006-01-09,23.0,23.979999542236328,22.204999923706055,22.34000015258789,17.13770294189453,1977470
2006-01-10,22.5,22.795000076293945,22.0049991607666,22.1299991607666,16.976606369018555,1050560
2006-01-12,22.1299991607666,22.299999237060547,20.549999237060547,21.68000030517578,16.631393432617188,1123980
2006-01-13,21.760000228881836,22.280000686645508,21.600000381469727,21.685001373291016,16.63523292541504,758870
2006-01-16,22.125,22.125,20.850000381469727,20.8799991607666,16.017688751220703,1521250
2006-01-17,21.094999313354492,21.270000457763672,20.600000381469727,20.65999984741211,15.848919868469238,1283940
2006-01-18,20.5,20.8700008392334,20.200000762939453,20.375,15.630290985107422,3149120
2006-01-19,20.4950008392334,20.989999771118164,20.459999084472656,20.610000610351562,15.810562133789062,1930930
2006-01-20,20.700000762939453,20.799999237060547,19.8700008392334,20.405000686645508,15.653306007385254,6440960
2006-01-23,20.399999618530273,20.510000228881836,19.610000610351562,20.065000534057617,15.39247989654541,4550530
2006-01-24,20.200000762939453,20.3700008392334,19.780000686645508,19.850000381469727,15.227543830871582,2405660
2006-01-25,20.049999237060547,20.149999618530273,19.80500030517578,19.885000228881836,15.25439739227295,1308320
2006-01-27,19.815000534057617,21.065000534057617,19.75,20.8700008392334,16.010019302368164,4903020
2006-01-30,21.100000381469727,21.200000762939453,19.799999237060547,19.844999313354492,15.223708152770996,3280440
2006-01-31,19.844999313354492,20.094999313354492,19.549999237060547,19.604999542236328,15.03959846496582,1719000
2006-02-01,19.795000076293945,19.795000076293945,19.31999969482422,19.40999984741211,14.89001178741455,1642140
2006-02-02,19.40999984741211,19.40999984741211,18.7549991607666,18.90999984741211,14.506443977355957,1648840
2006-02-03,18.71500015258789,18.989999771118164,18.510000228881836,18.559999465942383,14.237950325012207,960300
2006-02-06,19.43000030517578,19.440000534057617,18.604999542236328,18.75,14.38370132446289,2133930
2006-02-07,18.954999923706055,19.100000381469727,18.600000381469727,18.690000534057617,14.337676048278809,829670
2006-02-08,18.8799991607666,18.8799991607666,18.405000686645508,18.459999084472656,14.161231994628906,812170
2006-02-10,18.459999084472656,18.75,18.459999084472656,18.639999389648438,14.29931926727295,1140950
2006-02-13,18.700000762939453,19.049999237060547,18.549999237060547,18.959999084472656,14.5447998046875,956640
2006-02-14,18.6200008392334,19.350000381469727,18.6200008392334,19.204999923706055,14.732743263244629,1399760
2006-02-15,19.204999923706055,19.420000076293945,18.700000762939453,19.05500030517578,14.617677688598633,752320
2006-02-16,18.799999237060547,19.825000762939453,18.799999237060547,19.440000534057617,14.913022994995117,2055060
2006-02-17,19.010000228881836,19.760000228881836,18.799999237060547,18.860000610351562,14.468086242675781,1107500
2006-02-20,18.899999618530273,19.149999618530273,18.649999618530273,19.045000076293945,14.610000610351562,1412600
2006-02-21,20.0,20.0,19.100000381469727,19.4950008392334,14.955216407775879,1937120
2006-02-22,19.700000762939453,20.200000762939453,19.5,20.045000076293945,15.3771390914917,2061530
2006-02-23,20.010000228881836,20.950000762939453,20.010000228881836,20.635000228881836,15.829741477966309,10353150
2006-02-24,20.885000228881836,21.299999237060547,20.649999618530273,20.774999618530273,15.937142372131348,4729390
2006-02-27,21.09000015258789,21.09000015258789,20.325000762939453,20.405000686645508,15.653306007385254,1207520
2006-02-28,20.405000686645508,20.899999618530273,19.725000381469727,20.510000228881836,15.733856201171875,2994000
2006-03-01,20.299999237060547,21.139999389648438,20.010000228881836,20.829999923706055,15.979333877563477,5317390
2006-03-02,21.100000381469727,22.729999542236328,21.100000381469727,22.514999389648438,17.271949768066406,11647610
2006-03-03,22.5,23.530000686645508,22.200000762939453,23.225000381469727,17.816612243652344,7757600
2006-03-06,23.399999618530273,24.799999237060547,23.0,24.209999084472656,18.57223892211914,6670720
2006-03-07,24.200000762939453,26.899999618530273,24.200000762939453,25.719999313354492,19.73060417175293,15987270
2006-03-08,25.80500030517578,26.18000030517578,24.0,24.325000762939453,18.660457611083984,11401380
2006-03-09,24.309999465942383,25.729999542236328,23.700000762939453,25.614999771118164,19.650056838989258,8577080
2006-03-10,25.535001754760742,25.93000030517578,24.7549991607666,24.8700008392334,19.078542709350586,3391440
2006-03-13,24.899999618530273,25.575000762939453,24.165000915527344,24.399999618530273,18.717988967895508,2432440
2006-03-14,24.600000381469727,24.600000381469727,24.0049991607666,24.225000381469727,18.583744049072266,2298030
2006-03-16,24.625,24.850000381469727,23.719999313354492,24.514999389648438,18.806211471557617,3647390
2006-03-17,24.549999237060547,24.899999618530273,23.799999237060547,23.850000381469727,18.296070098876953,2097480
2006-03-20,24.09000015258789,24.774999618530273,23.799999237060547,24.635000228881836,18.898271560668945,3476210
2006-03-21,24.895000457763672,25.535001754760742,24.5,25.3799991607666,19.46978187561035,4971140
2006-03-22,25.5049991607666,25.7450008392334,24.93000030517578,25.4950008392334,19.557998657226562,5167360
2006-03-23,25.399999618530273,26.200000762939453,25.0,25.600000381469727,19.638551712036133,6099490
2006-03-24,25.700000762939453,26.770000457763672,25.549999237060547,26.46500015258789,20.302114486694336,6784580
2006-03-27,26.614999771118164,29.600000381469727,26.614999771118164,29.15999984741211,22.369531631469727,11353990
2006-03-28,29.4950008392334,30.5,29.4950008392334,30.095001220703125,23.086801528930664,14253680
2006-03-29,30.399999618530273,30.579999923706055,29.604999542236328,30.0049991607666,23.01776123046875,6540210
2006-03-30,35.0,35.0,27.100000381469727,30.905000686645508,23.708175659179688,4965750
2006-03-31,31.274999618530273,31.299999237060547,28.58500099182129,30.285001754760742,23.232559204101562,4076140
2006-04-03,30.899999618530273,31.989999771118164,30.649999618530273,31.809999465942383,24.402429580688477,3654170
2006-04-04,32.099998474121094,32.189998626708984,30.84000015258789,31.520000457763672,24.179964065551758,6872090
2006-04-05,31.700000762939453,32.040000915527344,31.149999618530273,31.829999923706055,24.417776107788086,3240490
2006-04-07,32.0,32.849998474121094,31.59000015258789,32.375,24.835861206054688,5188110
2006-04-10,33.5,37.0,31.6299991607666,35.96500015258789,27.589860916137695,10220140
2006-04-12,36.5,36.595001220703125,34.525001525878906,35.310001373291016,27.087385177612305,7873340
2006-04-13,36.0,36.0,33.5099983215332,35.07500076293945,26.90711212158203,4963720
2006-04-17,35.7599983215332,37.099998474121094,35.21500015258789,36.74500274658203,28.1882266998291,4693490
2006-04-18,36.99500274658203,37.20000076293945,35.29999923706055,36.31999969482422,27.862186431884766,6347620
2006-04-19,36.599998474121094,37.04500198364258,34.0,35.31999969482422,27.095056533813477,12610550
2006-04-20,35.5,36.845001220703125,34.900001525878906,35.84000015258789,27.493967056274414,11076550
2006-04-21,36.39500045776367,36.39500045776367,33.45500183105469,34.18000030517578,26.22053337097168,8053780
2006-04-24,34.529998779296875,34.75,33.5,34.04500198364258,26.116971969604492,4914040
2006-04-25,34.29999923706055,34.400001525878906,33.400001525878906,33.654998779296875,25.81778907775879,2830680
2006-04-26,34.4900016784668,34.974998474121094,33.5,34.55500030517578,26.508209228515625,3904440
2006-04-27,34.974998474121094,35.939998626708984,34.974998474121094,35.51499938964844,27.244644165039062,3450000
2006-04-28,34.5,35.0,30.0,34.51499938964844,26.477519989013672,4833560
2006-05-02,35.599998474121094,36.439998626708984,32.0,35.650001525878906,27.348217010498047,5504500
2006-05-03,36.29999923706055,36.29999923706055,34.564998626708984,35.56999969482422,27.28683853149414,1997320
2006-05-04,36.0,36.0,34.5,34.755001068115234,26.661630630493164,1611780
2006-05-05,35.099998474121094,35.400001525878906,34.5,34.76499938964844,26.66930389404297,2196850
2006-05-08,34.900001525878906,35.08000183105469,33.90999984741211,34.290000915527344,26.304916381835938,2608170
2006-05-09,34.599998474121094,34.599998474121094,33.5,33.58000183105469,25.760255813598633,1125260
2006-05-10,33.974998474121094,34.20000076293945,32.79999923706055,32.95500183105469,25.280792236328125,1633730
2006-05-11,33.70000076293945,33.70000076293945,30.799999237060547,31.315000534057617,24.022701263427734,2573580
2006-05-12,31.315000534057617,32.290000915527344,30.200000762939453,31.3799991607666,24.07256507873535,2637920
2006-05-15,31.5,31.5,28.799999237060547,29.44500160217285,22.588167190551758,2127970
2006-05-16,30.5,30.5,27.80500030517578,29.81999969482422,22.875837326049805,3632690
2006-05-17,31.0,32.099998474121094,30.0,31.935001373291016,24.498323440551758,8689960
2006-05-18,31.030000686645508,31.100000381469727,26.0,28.635000228881836,21.966793060302734,7998320
2006-05-19,29.06999969482422,29.889999389648438,26.405000686645508,27.219999313354492,20.881301879882812,2091920
2006-05-22,28.989999771118164,28.989999771118164,22.510000228881836,26.0,19.945402145385742,3905380
2006-05-23,27.399999618530273,27.5,24.5,26.595001220703125,20.401845932006836,3513250
2006-05-24,27.510000228881836,28.190000534057617,26.0,26.114999771118164,20.033618927001953,1396590
2006-05-25,26.0,26.0,25.149999618530273,25.665000915527344,19.688411712646484,762350
2006-05-26,25.75,29.0,25.75,28.035001754760742,21.50650978088379,7905540
2006-05-29,28.46500015258789,30.399999618530273,28.21500015258789,30.200000762939453,23.167348861694336,6835010
2006-05-30,30.5,30.94500160217285,29.700000762939453,30.33500099182129,23.270915985107422,4726250
2006-05-31,30.5,30.5,26.524999618530273,29.030000686645508,22.269805908203125,1104790
2006-06-01,29.899999618530273,29.899999618530273,27.5049991607666,27.65999984741211,21.21883773803711,3981650
2006-06-02,28.299999237060547,29.25,26.110000610351562,28.5049991607666,21.867063522338867,1486240
2006-06-05,29.799999237060547,29.799999237060547,27.100000381469727,27.375,21.000202178955078,809580
2006-06-06,26.135000228881836,26.799999237060547,25.709999084472656,26.0,19.945402145385742,784020
2006-06-07,26.5,26.5,24.399999618530273,24.610000610351562,18.879091262817383,1450650
2006-06-08,23.040000915527344,25.0,20.5,23.030000686645508,17.667022705078125,1999450
2006-06-09,24.0,26.59000015258789,22.5,25.565000534057617,19.6117000579834,1667460
2006-06-12,25.799999237060547,26.0,24.010000228881836,24.56999969482422,18.848403930664062,798050
2006-06-13,23.299999237060547,23.704999923706055,22.030000686645508,22.209999084472656,17.037973403930664,989330
2006-06-14,22.4950008392334,23.799999237060547,20.700000762939453,21.079999923706055,16.17111587524414,1547840
2006-06-15,21.469999313354492,23.4950008392334,21.469999313354492,23.1200008392334,18.435710906982422,1531540
2006-06-16,23.454999923706055,24.440000534057617,22.5,22.799999237060547,18.180540084838867,1262530
2006-06-19,23.100000381469727,24.899999618530273,23.035001754760742,24.58500099182129,19.603891372680664,3009610
2006-06-20,24.0,25.200000762939453,23.200000762939453,24.635000228881836,19.643760681152344,1261370
2006-06-21,24.604999542236328,26.0,24.0049991607666,25.685001373291016,20.481019973754883,2084180
2006-06-22,25.899999618530273,26.5,25.5,25.950000762939453,20.692333221435547,1263880
2006-06-23,26.0,27.200000762939453,24.610000610351562,26.985000610351562,21.51763153076172,2816530
2006-06-26,27.600000381469727,28.299999237060547,26.200000762939453,26.850000381469727,21.409984588623047,3468610
2006-06-27,27.5,27.950000762939453,26.1200008392334,27.665000915527344,22.059858322143555,2398530
2006-06-28,27.010000228881836,27.09000015258789,26.399999618530273,26.7450008392334,21.326257705688477,1940670
2006-06-29,27.0,27.700000762939453,26.655000686645508,26.979999542236328,21.513643264770508,1889890
2006-06-30,28.0,29.0,27.30500030517578,27.524999618530273,21.948225021362305,3729010
2006-07-03,28.100000381469727,28.399999618530273,27.440000534057617,27.58500099182129,21.996068954467773,1418130
2006-07-04,28.5,28.5,27.360000610351562,27.59000015258789,22.000051498413086,1460650
2006-07-05,27.364999771118164,28.174999237060547,27.114999771118164,27.774999618530273,22.147573471069336,3941070
2006-07-06,27.600000381469727,28.540000915527344,27.299999237060547,28.399999618530273,22.64594078063965,2030770
2006-07-07,28.940000534057617,28.940000534057617,26.950000762939453,27.739999771118164,22.119665145874023,1784150
2006-07-10,28.0,28.0,27.200000762939453,27.7450008392334,22.123655319213867,687990
2006-07-11,28.5,28.5,27.1200008392334,27.375,21.82861328125,510210
2006-07-12,23.010000228881836,27.700000762939453,23.010000228881836,27.424999237060547,21.868484497070312,1923620
2006-07-13,28.0,28.0,26.600000381469727,26.959999084472656,21.49769401550293,519470
2006-07-14,26.600000381469727,26.785001754760742,25.200000762939453,26.31999969482422,20.98736572265625,541330
2006-07-17,26.5,26.5,25.399999618530273,25.46500015258789,20.305593490600586,358990
2006-07-18,25.69500160217285,25.799999237060547,24.350000381469727,24.604999542236328,19.619840621948242,467690
2006-07-19,24.9950008392334,26.0,24.405000686645508,24.645000457763672,19.651737213134766,725630
2006-07-20,25.399999618530273,25.979999542236328,24.899999618530273,24.979999542236328,19.91886329650879,644130
2006-07-21,26.0,26.0,24.350000381469727,24.46500015258789,19.508203506469727,526070
2006-07-24,24.59000015258789,24.59000015258789,23.299999237060547,23.860000610351562,19.025781631469727,231130
2006-07-25,24.0,24.399999618530273,23.010000228881836,23.625,18.83839225769043,1770770
2006-07-26,23.709999084472656,24.260000228881836,23.05500030517578,23.239999771118164,18.53139877319336,882700
2006-07-27,23.5,23.75,22.2549991607666,22.915000915527344,18.272247314453125,1544640
2006-07-28,23.0,23.290000915527344,22.5049991607666,22.6200008392334,18.03701400756836,681270
2006-07-31,23.5,24.06999969482422,23.0,23.920000076293945,19.073625564575195,1115050
2006-08-01,23.920000076293945,24.229999542236328,23.30500030517578,23.625,18.83839225769043,414920
2006-08-02,23.899999618530273,24.889999389648438,23.30500030517578,24.625,19.635787963867188,1024740
2006-08-03,25.0,25.299999237060547,24.0,24.2549991607666,19.340749740600586,863470
2006-08-04,24.5,24.5,24.0,24.030000686645508,19.16133689880371,386570
2006-08-07,24.5,24.5,23.5049991607666,23.790000915527344,18.9699649810791,231790
2006-08-08,23.850000381469727,24.200000762939453,23.809999465942383,23.954999923706055,19.101533889770508,291880
2006-08-09,24.489999771118164,24.520000457763672,23.600000381469727,24.420000076293945,19.472318649291992,579950
2006-08-10,24.204999923706055,24.899999618530273,24.139999389648438,24.325000762939453,19.396570205688477,671430
2006-08-11,24.5,25.290000915527344,23.924999237060547,24.274999618530273,19.3566951751709,1303020
2006-08-14,24.56999969482422,24.799999237060547,24.31999969482422,24.635000228881836,19.643760681152344,613340
2006-08-16,24.989999771118164,28.239999771118164,24.989999771118164,27.905000686645508,22.251239776611328,3931630
2006-08-17,28.0,28.280000686645508,26.75,27.575000762939453,21.98809242248535,2853090
2006-08-18,27.604999542236328,27.799999237060547,27.475000381469727,27.68000030517578,22.071821212768555,1116930
2006-08-21,28.0,28.345001220703125,27.014999389648438,27.530000686645508,21.95221710205078,840270
2006-08-22,28.485000610351562,29.850000381469727,27.950000762939453,28.375,22.626008987426758,1657630
2006-08-23,29.0,29.424999237060547,28.405000686645508,29.1200008392334,23.22006607055664,2175870
2006-08-24,29.290000915527344,29.700000762939453,28.5049991607666,28.924999237060547,23.0645751953125,1481390
2006-08-25,29.5,29.5,28.700000762939453,29.0,23.1243839263916,1046240
2006-08-28,30.0,30.0,28.600000381469727,29.315000534057617,23.37555694580078,1069100
2006-08-29,30.0,30.0,29.014999389648438,29.190000534057617,23.275882720947266,1193230
2006-08-30,29.34000015258789,29.34000015258789,27.610000610351562,27.81999969482422,22.183454513549805,1176080
2006-08-31,27.760000228881836,28.34000015258789,27.475000381469727,27.55500030517578,21.97214698791504,979580
2006-09-01,27.799999237060547,27.979999542236328,27.40999984741211,27.670000076293945,22.063846588134766,1153370
2006-09-04,27.610000610351562,28.0,27.405000686645508,27.985000610351562,22.315025329589844,1520230
2006-09-05,27.600000381469727,28.700000762939453,27.600000381469727,28.489999771118164,22.717708587646484,2042170
2006-09-06,28.899999618530273,28.899999618530273,27.899999618530273,27.96500015258789,22.299074172973633,966050
2006-09-07,28.475000381469727,28.475000381469727,26.0049991607666,27.885000228881836,22.23528480529785,1093290
2006-09-08,27.899999618530273,28.270000457763672,27.450000762939453,27.510000228881836,21.936262130737305,1450060
2006-09-11,27.899999618530273,27.899999618530273,26.899999618530273,27.315000534057617,21.78077507019043,626430
2006-09-12,27.989999771118164,27.989999771118164,26.700000762939453,27.514999389648438,21.94024658203125,532070
2006-09-13,27.9950008392334,27.9950008392334,27.200000762939453,27.21500015258789,21.70103645324707,654080
2006-09-14,27.56999969482422,27.600000381469727,27.200000762939453,27.274999618530273,21.74887466430664,284080
2006-09-15,27.204999923706055,27.350000381469727,26.709999084472656,27.040000915527344,21.561492919921875,355260
2006-09-18,27.25,27.270000457763672,26.795000076293945,26.80500030517578,21.374103546142578,430930
2006-09-19,26.899999618530273,27.440000534057617,26.209999084472656,26.5049991607666,21.134883880615234,538380
2006-09-20,26.690000534057617,26.885000228881836,26.225000381469727,26.389999389648438,21.043182373046875,406960
2006-09-21,26.5049991607666,27.270000457763672,26.5049991607666,26.885000228881836,21.437894821166992,815350
2006-09-22,27.0,27.729999542236328,26.899999618530273,27.56999969482422,21.984106063842773,1988980
2006-09-25,27.200000762939453,28.149999618530273,27.200000762939453,27.850000381469727,22.207378387451172,1342280
2006-09-26,27.200000762939453,28.190000534057617,27.200000762939453,27.454999923706055,21.89240837097168,511030
2006-09-27,27.549999237060547,29.0,27.549999237060547,28.475000381469727,22.705745697021484,3513700
2006-09-28,28.5,28.899999618530273,27.90999984741211,28.125,22.426660537719727,2655360
2006-09-29,28.600000381469727,29.69500160217285,28.399999618530273,28.540000915527344,22.757577896118164,2307640
2006-10-03,28.8799991607666,29.25,28.510000228881836,28.915000915527344,23.05660057067871,1875270
2006-10-04,29.479999542236328,29.479999542236328,28.424999237060547,28.739999771118164,22.91705322265625,1019260
2006-10-05,29.0,29.290000915527344,28.510000228881836,28.739999771118164,22.91705322265625,889690
2006-10-06,29.799999237060547,31.190000534057617,28.905000686645508,30.760000228881836,24.527790069580078,5611530
2006-10-09,30.989999771118164,30.989999771118164,29.905000686645508,30.08500099182129,23.98954963684082,1178830
2006-10-10,30.0049991607666,30.5,29.510000228881836,29.665000915527344,23.654647827148438,998200
2006-10-11,30.989999771118164,30.989999771118164,29.030000686645508,29.209999084472656,23.291828155517578,763560
2006-10-12,29.56999969482422,30.540000915527344,29.100000381469727,30.360000610351562,24.20882797241211,2370860
2006-10-13,30.549999237060547,30.799999237060547,29.524999618530273,29.665000915527344,23.654647827148438,1716300
2006-10-16,29.799999237060547,30.440000534057617,29.799999237060547,30.104999542236328,24.0054931640625,2124480
2006-10-17,29.010000228881836,30.850000381469727,29.010000228881836,30.55500030517578,24.36431884765625,3011210
2006-10-18,30.56999969482422,31.739999771118164,30.260000228881836,31.565000534057617,25.16969108581543,6468750
2006-10-19,32.4900016784668,33.20000076293945,30.5,32.58500289916992,25.983030319213867,52920070
2006-10-20,33.4900016784668,33.79999923706055,32.625,32.904998779296875,26.238189697265625,7565930
2006-10-23,33.970001220703125,33.970001220703125,33.0099983215332,33.38999938964844,26.624929428100586,1943990
2006-10-26,33.400001525878906,33.63999938964844,32.10499954223633,33.45000076293945,26.672775268554688,2792050
2006-10-27,33.70000076293945,34.650001525878906,33.04999923706055,34.474998474121094,27.490102767944336,4099320
2006-10-30,34.474998474121094,34.5,33.619998931884766,34.08000183105469,27.175128936767578,2372190
2006-10-31,34.29999923706055,34.400001525878906,33.209999084472656,33.95500183105469,27.075458526611328,3050120
2006-11-01,34.005001068115234,34.38999938964844,33.099998474121094,33.345001220703125,26.589054107666016,4296270
2006-11-02,34.0,34.2400016784668,32.29999923706055,32.49500274658203,25.91126823425293,5118340
2006-11-03,32.66999816894531,33.0,32.45000076293945,32.53499984741211,25.94315528869629,1998810
2006-11-06,32.77000045776367,34.04500198364258,32.5,33.91999816894531,27.047548294067383,5626670
2006-11-07,34.099998474121094,34.279998779296875,32.599998474121094,33.529998779296875,26.7365665435791,2163560
2006-11-08,33.77000045776367,33.79999923706055,32.33000183105469,33.44499969482422,26.66878318786621,1990800
2006-11-09,35.0,35.0,32.95500183105469,33.46500015258789,26.684734344482422,1545260
2006-11-10,33.73500061035156,33.95000076293945,33.099998474121094,33.54500198364258,26.74852752685547,1096690
2006-11-13,33.900001525878906,34.099998474121094,33.21500015258789,33.97999954223633,27.09539222717285,1280250
2006-11-14,33.5,34.20000076293945,33.24500274658203,33.48500061035156,26.700681686401367,1289090
2006-11-15,33.9900016784668,33.9900016784668,32.564998626708984,32.790000915527344,26.146495819091797,780300
2006-11-16,33.9900016784668,33.9900016784668,32.54999923706055,32.72999954223633,26.098651885986328,1430020
2006-11-17,33.5,33.5,31.200000762939453,31.639999389648438,25.229494094848633,3133020
2006-11-20,32.0,32.0,30.899999618530273,31.395000457763672,25.034133911132812,2024550
2006-11-21,31.700000762939453,33.400001525878906,31.420000076293945,33.185001373291016,26.46146583557129,1614900
2006-11-22,35.0,35.0,32.11000061035156,32.345001220703125,25.791656494140625,730290
2006-11-23,32.79999923706055,33.45000076293945,32.599998474121094,33.25,26.513296127319336,1185500
2006-11-24,34.47999954223633,34.47999954223633,32.9900016784668,33.1150016784668,26.40564727783203,1062890
2006-11-27,33.400001525878906,33.689998626708984,33.0,33.209999084472656,26.481399536132812,400560
2006-11-28,32.60499954223633,33.099998474121094,32.11000061035156,32.375,25.815576553344727,461590
2006-11-29,31.065000534057617,33.67499923706055,31.065000534057617,33.345001220703125,26.589054107666016,2421500
2006-11-30,33.790000915527344,33.84000015258789,32.505001068115234,32.689998626708984,26.066757202148438,1648420
2006-12-01,33.5,33.5,32.6150016784668,32.85499954223633,26.19832420349121,795070
2006-12-04,32.75,33.625,32.005001068115234,33.05500030517578,26.357805252075195,1933250
2006-12-05,33.099998474121094,33.70000076293945,32.900001525878906,33.47999954223633,26.696697235107422,2420070
2006-12-06,33.599998474121094,34.4900016784668,33.32500076293945,33.74500274658203,26.908004760742188,4180050
2006-12-07,33.505001068115234,33.880001068115234,33.45000076293945,33.654998779296875,26.836238861083984,969280
2006-12-08,33.70000076293945,33.790000915527344,32.599998474121094,32.82500076293945,26.174402236938477,1168010
2006-12-11,33.5,33.5,31.204999923706055,31.969999313354492,25.492633819580078,2433220
2006-12-12,32.0,33.29999923706055,31.149999618530273,31.475000381469727,25.097925186157227,2969260
2006-12-13,31.700000762939453,31.75,31.0,31.309999465942383,24.96634864807129,465060
2006-12-14,31.309999465942383,32.52000045776367,31.309999465942383,32.2400016784668,25.70793342590332,867110
2006-12-15,32.4900016784668,34.290000915527344,32.20000076293945,33.904998779296875,27.03559112548828,2488650
2006-12-18,34.29999923706055,34.400001525878906,33.5,33.79500198364258,26.947872161865234,1724410
2006-12-19,34.5,34.5,32.84000015258789,33.119998931884766,26.40963363647461,1458400
2006-12-20,34.88999938964844,36.189998626708984,33.099998474121094,34.91999816894531,27.844932556152344,7187270
2006-12-21,34.97999954223633,36.7400016784668,34.10499954223633,36.20500183105469,28.869596481323242,3762860
2006-12-22,36.900001525878906,38.16999816894531,36.505001068115234,37.85499954223633,30.18528175354004,3859810
2006-12-26,38.5,38.5,37.17499923706055,37.35499954223633,29.786592483520508,4150540
2006-12-27,37.869998931884766,37.869998931884766,36.42499923706055,37.46500015258789,29.87430763244629,1246150
2006-12-28,37.869998931884766,38.5,37.25,37.73500061035156,30.0896053314209,2551880
2006-12-29,36.26499938964844,39.47999954223633,36.26499938964844,38.66999816894531,30.83515739440918,5571120
2007-01-02,39.189998626708984,39.91999816894531,38.810001373291016,39.560001373291016,31.544837951660156,3241400
2007-01-03,39.560001373291016,40.709999084472656,39.0,40.369998931884766,32.19073486328125,9784530
2007-01-04,40.0,41.349998474121094,39.0,39.21500015258789,31.269739151000977,4312020
2007-01-05,39.400001525878906,39.84000015258789,38.64500045776367,39.66999816894531,31.632553100585938,3511840
2007-01-08,38.029998779296875,39.70000076293945,38.029998779296875,38.88500213623047,31.00660514831543,2264240
2007-01-09,38.70000076293945,41.28499984741211,38.70000076293945,40.810001373291016,32.541587829589844,5265060
2007-01-10,40.900001525878906,41.599998474121094,39.724998474121094,39.880001068115234,31.800004959106445,3357600
2007-01-11,40.470001220703125,41.25,39.459999084472656,40.619998931884766,32.390079498291016,3299250
2007-01-12,41.0,42.20000076293945,40.650001525878906,41.60499954223633,33.17551040649414,4113090
2007-01-15,42.46500015258789,42.46500015258789,41.150001525878906,41.654998779296875,33.21538162231445,3139730
2007-01-16,42.0,42.39500045776367,41.55500030517578,42.130001068115234,33.594139099121094,2047490
2007-01-17,43.0,44.20000076293945,42.20000076293945,43.51499938964844,34.69853210449219,8094880
2007-01-18,43.9900016784668,43.9900016784668,42.10499954223633,42.49500274658203,33.88519287109375,4656420
2007-01-19,42.49500274658203,43.099998474121094,41.29999923706055,42.47999954223633,33.87322235107422,2249650
2007-01-22,41.20000076293945,43.0,35.255001068115234,42.255001068115234,33.693817138671875,3730720
2007-01-23,43.0,43.2400016784668,39.82500076293945,40.345001220703125,32.170806884765625,2787540
2007-01-24,41.5,43.150001525878906,40.599998474121094,42.97999954223633,34.27191925048828,6032960
2007-01-25,43.380001068115234,45.099998474121094,43.20000076293945,44.16999816894531,35.22081756591797,19954610
2007-01-29,44.40999984741211,45.0,44.20000076293945,44.38999938964844,35.39624786376953,3436790
2007-01-31,44.5,46.5,44.5,45.84000015258789,36.552459716796875,6496630
2007-02-01,46.79999923706055,47.0,44.310001373291016,46.63999938964844,37.19038009643555,5230900
2007-02-02,47.0,47.400001525878906,46.0099983215332,46.185001373291016,36.82756423950195,2687950
2007-02-05,46.310001373291016,46.599998474121094,44.89500045776367,45.540000915527344,36.31325149536133,2501620
2007-02-06,46.06999969482422,47.310001373291016,45.79999923706055,46.189998626708984,36.8315544128418,4025350
2007-02-07,47.0,47.099998474121094,45.005001068115234,46.56999969482422,37.13456726074219,3587210
2007-02-08,47.0,47.0,45.5,45.83000183105469,36.54449462890625,1542510
2007-02-09,46.0,46.939998626708984,44.0,44.654998779296875,35.607547760009766,1893090
2007-02-12,45.0,45.0,42.79999923706055,43.209999084472656,34.455326080322266,3322720
2007-02-13,43.79999923706055,44.560001373291016,42.0,44.040000915527344,35.117156982421875,2659750
2007-02-14,44.900001525878906,46.4900016784668,43.32500076293945,44.505001068115234,35.487945556640625,9083790
2007-02-15,44.709999084472656,46.72999954223633,44.59000015258789,46.5,37.07874298095703,4096890
2007-02-19,46.86000061035156,47.599998474121094,44.85499954223633,45.08500289916992,35.950439453125,8463440
2007-02-20,44.70000076293945,45.88500213623047,44.505001068115234,45.314998626708984,36.13383865356445,2541190
2007-02-21,45.099998474121094,46.19499969482422,44.900001525878906,45.14500045776367,35.99827194213867,4046060
2007-02-22,44.5,46.040000915527344,44.5,45.30500030517578,36.125858306884766,4740960
2007-02-23,45.689998626708984,46.94499969482422,45.130001068115234,46.20000076293945,36.83952713012695,6421880
2007-02-26,46.38999938964844,49.20000076293945,45.5,48.82500076293945,38.93267822265625,9796260
2007-02-27,49.5,50.47999954223633,47.0,48.654998779296875,38.7971305847168,30354090
2007-02-28,49.0,49.290000915527344,45.25,46.779998779296875,37.3020133972168,9757550
2007-03-01,46.900001525878906,49.5,46.599998474121094,48.08000183105469,38.33863067626953,10098020
2007-03-02,48.470001220703125,50.775001525878906,46.20000076293945,47.16999816894531,37.61299514770508,13497250
2007-03-05,44.5099983215332,46.88500213623047,42.26499938964844,43.0,34.287872314453125,13755830
2007-03-06,43.5,44.97999954223633,41.599998474121094,43.58000183105469,34.7503662109375,8512250
2007-03-07,43.79999923706055,44.70000076293945,40.0,41.30500030517578,32.9362907409668,6709060
2007-03-08,42.5,44.74500274658203,40.005001068115234,44.470001220703125,35.46004104614258,9096180
2007-03-09,45.0,46.38999938964844,43.5099983215332,45.275001525878906,36.10193634033203,6422990
2007-03-12,45.650001525878906,46.474998474121094,45.025001525878906,45.470001220703125,36.25743103027344,2523000
2007-03-13,45.89500045776367,47.25,45.255001068115234,46.75,37.2780876159668,5200020
2007-03-14,46.5,46.5,44.60499954223633,45.279998779296875,36.105926513671875,3363850
2007-03-15,45.98500061035156,46.79999923706055,45.310001373291016,45.6150016784668,36.373050689697266,4200030
2007-03-16,46.09000015258789,46.5,43.525001525878906,44.665000915527344,35.61553192138672,2883110
2007-03-19,45.0,46.64500045776367,44.61000061035156,46.43000030517578,37.022926330566406,3050140
2007-03-20,46.20000076293945,46.30500030517578,45.099998474121094,45.34000015258789,37.15403366088867,3266660
2007-03-21,45.5,45.814998626708984,44.900001525878906,45.404998779296875,37.20730209350586,2661720
2007-03-22,45.77000045776367,46.5,45.70000076293945,46.189998626708984,37.85057830810547,2948540
2007-03-23,46.900001525878906,48.099998474121094,45.22999954223633,47.1150016784668,38.60857009887695,6999310
2007-03-26,47.369998931884766,47.849998474121094,46.810001373291016,47.040000915527344,38.5471076965332,2238020
2007-03-28,46.79999923706055,47.65999984741211,46.5,46.875,38.41189956665039,10339020
2007-03-29,47.345001220703125,47.84000015258789,46.71500015258789,47.415000915527344,38.854400634765625,9829210
2007-03-30,49.0,49.709999084472656,47.599998474121094,49.29999923706055,40.39908218383789,10232640
2007-04-02,49.0,49.13999938964844,47.040000915527344,47.52000045776367,38.94044876098633,4718110
2007-04-03,48.0,48.380001068115234,47.0099983215332,47.869998931884766,39.22726058959961,2268130
2007-04-04,48.474998474121094,48.595001220703125,47.11000061035156,47.415000915527344,38.854400634765625,2202780
2007-04-05,48.0,50.599998474121094,47.150001525878906,49.84000015258789,40.841583251953125,9637370
2007-04-09,51.0,52.5,50.20000076293945,50.88999938964844,41.70200729370117,4228610
2007-04-10,51.5,54.630001068115234,51.0,53.2650032043457,43.648216247558594,16150420
2007-04-11,53.79999923706055,55.099998474121094,53.404998779296875,53.65999984741211,43.97188949584961,8101870
2007-04-12,53.5,54.25,52.029998779296875,53.439998626708984,43.79160690307617,6239130
2007-04-13,53.5,55.56999969482422,53.5,55.380001068115234,45.38135528564453,6216990
2007-04-16,55.70000076293945,58.45500183105469,55.5099983215332,57.93499755859375,47.47505187988281,8185870
2007-04-17,58.099998474121094,58.43499755859375,55.5,55.970001220703125,45.864837646484375,7867730
2007-04-18,56.400001525878906,58.099998474121094,56.005001068115234,57.334999084472656,46.98338317871094,5576130
2007-04-19,55.5,59.439998626708984,55.5,59.0,48.347782135009766,8408920
2007-04-20,59.63999938964844,60.599998474121094,59.0,59.25,48.552642822265625,8231690
2007-04-23,59.970001220703125,60.20000076293945,57.70000076293945,59.275001525878906,48.57313537597656,6942790
2007-04-24,59.0,59.810001373291016,58.04999923706055,58.38999938964844,47.84790802001953,3646670
2007-04-25,58.5,59.099998474121094,57.720001220703125,58.3650016784668,47.827430725097656,4856160
2007-04-26,58.5,59.470001220703125,57.40999984741211,58.8650016784668,48.23715591430664,7184540
2007-04-27,59.5,60.0,57.0099983215332,57.5150032043457,47.13088607788086,7641840
2007-04-30,57.654998779296875,58.5,57.20000076293945,58.220001220703125,47.708595275878906,7209240
2007-05-03,58.5,62.189998626708984,58.474998474121094,61.92499923706055,50.74467849731445,12185490
2007-05-04,62.29999923706055,62.400001525878906,60.20000076293945,60.31999969482422,49.42945098876953,4638490
2007-05-07,61.70000076293945,61.70000076293945,59.525001525878906,59.8849983215332,49.072994232177734,2458800
2007-05-08,60.0,60.79999923706055,58.20500183105469,58.665000915527344,48.07325744628906,3906020
2007-05-09,57.099998474121094,60.19499969482422,57.099998474121094,59.7349967956543,48.95006561279297,3145330
2007-05-10,59.97999954223633,61.04999923706055,59.125,59.709999084472656,48.929588317871094,5047210
2007-05-11,59.939998626708984,60.369998931884766,49.900001525878906,59.970001220703125,49.14265060424805,3105840
2007-05-14,61.0,61.0,59.79999923706055,60.75,49.78182601928711,3054790
2007-05-15,60.900001525878906,61.20000076293945,60.02000045776367,60.41999816894531,49.51140594482422,1514330
2007-05-16,60.5,61.79999923706055,60.099998474121094,61.255001068115234,50.195648193359375,4426130
2007-05-17,61.9849967956543,62.0,60.56999969482422,60.92499923706055,49.92522430419922,2625600
2007-05-18,60.70000076293945,61.20000076293945,59.5,59.92499923706055,49.105777740478516,1582290
2007-05-21,61.2400016784668,61.2400016784668,59.5,60.0,49.167236328125,3954220
2007-05-22,60.790000915527344,62.5,60.20000076293945,61.93000030517578,50.748779296875,9008000
2007-05-23,62.11000061035156,63.20000076293945,61.0,62.099998474121094,50.88808059692383,7410810
2007-05-24,62.27000045776367,62.400001525878906,60.82500076293945,61.439998626708984,50.34724807739258,3811540
2007-05-25,60.599998474121094,61.5,60.0,61.33000183105469,50.257110595703125,1146340
2007-05-28,61.54999923706055,63.349998474121094,61.54999923706055,62.775001525878906,51.44121170043945,8308960
2007-05-29,63.290000915527344,63.97999954223633,62.0,63.560001373291016,52.08448791503906,8245620
2007-05-30,63.79999923706055,63.79999923706055,60.599998474121094,61.529998779296875,50.420989990234375,6734090
2007-05-31,62.52000045776367,62.52000045776367,59.83000183105469,60.505001068115234,49.5810546875,8149760
2007-06-01,61.20000076293945,62.0,60.525001525878906,60.849998474121094,49.86376953125,3467160
2007-06-04,62.369998931884766,62.369998931884766,59.79999923706055,60.27000045776367,49.388484954833984,1859540
2007-06-05,60.5,60.79999923706055,59.5,60.02000045776367,49.183624267578125,1630300
2007-06-06,60.099998474121094,60.4900016784668,57.5150032043457,57.77000045776367,47.339847564697266,1498720
2007-06-07,56.79999923706055,58.599998474121094,56.71500015258789,58.18000030517578,47.67582702636719,1786310
2007-06-08,58.400001525878906,58.9900016784668,57.0,58.04500198364258,47.56520462036133,2256070
2007-06-11,59.900001525878906,60.900001525878906,57.599998474121094,57.779998779296875,47.34804153442383,1365440
2007-06-12,57.5,58.400001525878906,53.85499954223633,56.45000076293945,46.2581787109375,3651000
2007-06-13,56.900001525878906,57.2400016784668,55.29999923706055,55.540000915527344,45.5124626159668,3518140
2007-06-14,56.56999969482422,58.790000915527344,56.099998474121094,58.19499969482422,47.688114166259766,4466930
2007-06-15,59.400001525878906,59.459999084472656,58.400001525878906,58.625,48.04048538208008,6579110
2007-06-18,59.099998474121094,59.20000076293945,57.1150016784668,57.49500274658203,47.114501953125,1184140
2007-06-19,57.59000015258789,59.900001525878906,57.5,59.58000183105469,48.82307052612305,2597260
2007-06-20,59.900001525878906,61.099998474121094,59.505001068115234,60.59000015258789,49.65071487426758,3538640
2007-06-21,61.25,61.25,60.0099983215332,60.61000061035156,49.66709518432617,1732550
2007-06-22,60.599998474121094,61.20000076293945,59.915000915527344,60.33000183105469,49.437660217285156,5546060
2007-06-25,60.630001068115234,61.279998779296875,60.20000076293945,60.93499755859375,49.93341064453125,4573630
2007-06-26,60.99500274658203,61.70000076293945,60.404998779296875,60.775001525878906,49.802303314208984,2547080
2007-06-27,61.02000045776367,61.279998779296875,60.11000061035156,60.54500198364258,49.61384201049805,3962030
2007-06-28,61.20000076293945,61.20000076293945,59.540000915527344,59.93499755859375,49.11397171020508,2044000
2007-06-29,60.22999954223633,61.47999954223633,60.150001525878906,61.154998779296875,50.11369705200195,4062210
2007-07-02,61.29999923706055,61.900001525878906,60.10499954223633,60.4849967956543,49.564659118652344,1617680
2007-07-03,60.599998474121094,62.599998474121094,60.400001525878906,61.99500274658203,50.80204391479492,6517900
2007-07-04,62.20000076293945,64.0999984741211,61.60499954223633,63.86000061035156,52.330326080322266,5361480
2007-07-05,63.810001373291016,64.4000015258789,61.59000015258789,62.85499954223633,51.50676727294922,3288310
2007-07-06,62.849998474121094,63.349998474121094,62.0,62.400001525878906,51.1339225769043,1525850
2007-07-09,62.54999923706055,63.439998626708984,62.54999923706055,63.20500183105469,51.793582916259766,3797780
2007-07-10,63.900001525878906,66.20500183105469,63.5,65.46500396728516,53.64555358886719,9857640
2007-07-11,64.5199966430664,67.19000244140625,64.5199966430664,66.80999755859375,54.747703552246094,5978580
2007-07-12,66.70999908447266,69.80000305175781,66.70999908447266,68.82499694824219,56.3989143371582,7200070
2007-07-13,69.80000305175781,75.4000015258789,69.55000305175781,72.16000366210938,59.131797790527344,14429090
2007-07-16,71.5,74.69000244140625,71.5,72.33999633789062,59.279293060302734,4513180
2007-07-17,72.80000305175781,73.3499984741211,69.5,69.91000366210938,57.28803253173828,3498320
2007-07-18,70.30000305175781,70.30000305175781,68.1500015258789,69.17500305175781,56.68572998046875,1842200
2007-07-19,69.5,71.4000015258789,69.30000305175781,70.37999725341797,57.67316818237305,1706750
2007-07-20,70.5,73.19999694824219,70.5,72.16999816894531,59.13998031616211,4371200
2007-07-23,72.25,73.69000244140625,71.55500030517578,73.12000274658203,59.91846466064453,3494690
2007-07-24,73.99500274658203,77.16999816894531,72.5999984741211,73.53499603271484,60.2585334777832,15688480
2007-07-25,72.98999786376953,74.80000305175781,71.75,72.69499969482422,59.5702018737793,2818280
2007-07-26,72.98500061035156,75.05000305175781,72.5,74.5999984741211,61.13126754760742,5476720
2007-07-27,74.59500122070312,74.5999984741211,66.51000213623047,72.19999694824219,59.164573669433594,4498110
2007-07-30,72.0999984741211,73.48999786376953,71.5999984741211,72.5999984741211,59.492347717285156,2100360
2007-07-31,74.0,74.0,72.50499725341797,73.81500244140625,60.48798751831055,8370520
2007-08-01,73.48999786376953,73.48999786376953,69.2249984741211,69.88999938964844,57.27162551879883,5363370
2007-08-02,72.0,72.0,67.62000274658203,69.375,56.849609375,4324220
2007-08-03,70.0999984741211,70.80000305175781,67.75,68.0250015258789,55.74333953857422,4697140
2007-08-06,65.0,67.5,64.26000213623047,64.55999755859375,52.9039421081543,4973060
2007-08-07,66.5,66.5,64.63499450683594,64.9000015258789,53.18256378173828,2233920
2007-08-08,65.5,66.44999694824219,64.8499984741211,65.55999755859375,53.723392486572266,2308250
2007-08-09,66.80000305175781,67.2300033569336,63.0099983215332,63.53499984741211,52.064002990722656,6749990
2007-08-10,61.11000061035156,63.18000030517578,58.77000045776367,62.720001220703125,51.396148681640625,3065000
2007-08-13,55.005001068115234,63.875,55.005001068115234,63.0,51.62559509277344,2357090
2007-08-14,63.875,65.19999694824219,62.900001525878906,64.68499755859375,53.00637435913086,2652660
2007-08-16,61.005001068115234,62.20000076293945,60.404998779296875,61.33000183105469,50.257110595703125,1807850
2007-08-17,60.5,61.400001525878906,56.0150032043457,56.84000015258789,46.577754974365234,4385530
2007-08-20,59.0,60.29999923706055,57.275001525878906,57.61000061035156,47.208744049072266,7431150
2007-08-21,58.099998474121094,59.400001525878906,52.599998474121094,53.89500045776367,44.164466857910156,7670900
2007-08-22,56.29999923706055,56.29999923706055,51.900001525878906,54.32500076293945,44.51682662963867,8825790
2007-08-23,55.025001525878906,56.09000015258789,50.13500213623047,51.89500045776367,42.52555847167969,17533060
2007-08-24,52.099998474121094,57.970001220703125,52.099998474121094,57.15999984741211,46.83998107910156,12230730
2007-08-27,57.47999954223633,61.88999938964844,57.47999954223633,61.25,50.19155502319336,6897340
2007-08-28,62.0,62.470001220703125,60.6349983215332,60.970001220703125,49.962100982666016,4122550
2007-08-29,60.0,62.900001525878906,56.05500030517578,62.02000045776367,50.82252502441406,9070020
2007-08-30,63.470001220703125,63.900001525878906,61.20000076293945,61.71500015258789,50.572601318359375,4830080
2007-08-31,61.95000076293945,65.05999755859375,61.869998931884766,64.32499694824219,52.71137237548828,5926070
2007-09-03,64.0,66.66000366210938,64.0,65.99500274658203,54.079872131347656,3887900
2007-09-04,66.5,67.88999938964844,66.0,66.23999786376953,54.280616760253906,3325650
2007-09-05,67.0,68.80000305175781,66.6500015258789,68.23500061035156,55.91543960571289,6050300
2007-09-06,67.4000015258789,69.48999786376953,67.01000213623047,68.99500274658203,56.5382194519043,4629980
2007-09-07,69.69999694824219,72.30000305175781,68.83499908447266,70.21500396728516,57.53794479370117,6333700
2007-09-10,69.0,69.8550033569336,67.4000015258789,67.70999908447266,55.4852180480957,11796980
2007-09-11,68.01000213623047,69.12000274658203,66.30500030517578,67.1500015258789,55.02632522583008,6058810
2007-09-12,68.48999786376953,69.0,67.69999694824219,68.1500015258789,55.84577178955078,4961580
2007-09-13,68.54000091552734,68.69999694824219,67.80000305175781,68.0999984741211,55.804813385009766,1595580
2007-09-14,68.5999984741211,70.37999725341797,68.0199966430664,68.31999969482422,55.98509216308594,5024330
2007-09-17,69.0999984741211,69.87000274658203,65.53499603271484,68.02999877929688,55.74745178222656,2214290
2007-09-18,68.0,69.4000015258789,67.61000061035156,68.75,56.337459564208984,3107050
2007-09-19,69.9000015258789,71.19999694824219,69.4000015258789,70.55500030517578,57.81656265258789,15304120
2007-09-20,71.48999786376953,72.25,70.89500427246094,71.92500305175781,58.9392204284668,5021940
2007-09-21,72.0,73.30000305175781,72.0,72.65499877929688,59.53742980957031,4002640
2007-09-24,73.69999694824219,74.01000213623047,72.4749984741211,73.75,60.434722900390625,2861350
2007-09-25,73.98999786376953,80.9000015258789,73.75,77.08999633789062,63.17170715332031,10425110
2007-09-26,77.08999633789062,81.59500122070312,77.08999633789062,80.22000122070312,65.7365951538086,12366980
2007-09-27,80.9000015258789,82.5,80.12000274658203,82.26000213623047,67.40827941894531,6358860
2007-09-28,82.5,87.44000244140625,82.5,85.29499816894531,69.89533233642578,6958690
2007-10-01,86.1500015258789,86.1500015258789,83.0999984741211,84.05000305175781,68.8750991821289,1916520
2007-10-03,85.80000305175781,87.75,84.70999908447266,86.69000244140625,71.03845977783203,10002660
2007-10-04,86.4000015258789,97.47000122070312,85.5999984741211,91.13999938964844,74.68502044677734,15034660
2007-10-05,91.30500030517578,92.5,84.375,85.09500122070312,69.73143005371094,4430380
2007-10-08,87.0,87.0,77.50499725341797,80.40499877929688,65.88818359375,3879890
2007-10-09,80.5999984741211,87.0,78.53499603271484,85.05000305175781,69.69454956054688,5785620
2007-10-10,86.42500305175781,89.80000305175781,85.40499877929688,88.58499908447266,72.59131622314453,6670060
2007-10-11,90.0,90.5,87.0,87.53499603271484,71.73090362548828,3084300
2007-10-12,87.5999984741211,91.7699966430664,86.0,88.88499450683594,72.837158203125,6936510
2007-10-15,91.0,100.44000244140625,90.19499969482422,98.69000244140625,80.87190246582031,13843160
2007-10-16,98.80000305175781,104.47000122070312,95.80000305175781,97.42500305175781,79.8353042602539,11974060
2007-10-17,90.5,93.69999694824219,80.0,91.36000061035156,74.86528778076172,8708960
2007-10-18,92.80000305175781,95.0,83.0,85.26499938964844,69.87073516845703,5923910
2007-10-19,86.0,89.0,81.1050033569336,86.21500396728516,70.64923095703125,4718080
2007-10-22,80.0,87.97000122070312,80.0,87.20999908447266,71.46456909179688,2924500
2007-10-23,89.0,93.69999694824219,89.0,93.0999984741211,76.29116821289062,8623390
2007-10-24,95.0,103.83999633789062,93.19999694824219,101.58499908447266,83.24422454833984,8583350
2007-10-25,102.4000015258789,103.5,96.2249984741211,98.11500549316406,80.40071868896484,11417940
2007-10-26,99.01000213623047,101.08999633789062,95.5,96.27999877929688,78.89702606201172,10276760
2007-10-29,98.5,100.30000305175781,96.5,97.12000274658203,79.58535766601562,5024050
2007-10-30,99.0999984741211,99.5,93.53499603271484,95.0250015258789,77.86859130859375,6914050
2007-10-31,85.01000213623047,99.0,85.01000213623047,95.83999633789062,78.53646087646484,9239160
2007-11-01,96.5,98.0,92.5,93.4800033569336,76.60254669189453,4980180
2007-11-02,93.30000305175781,93.69999694824219,90.5,92.5,75.79948425292969,2298140
2007-11-05,92.69999694824219,95.44000244140625,91.0,91.33999633789062,74.84892272949219,3177740
2007-11-06,93.0,95.9000015258789,91.5,92.78499603271484,76.03302764892578,7983170
2007-11-07,94.09500122070312,96.48500061035156,92.70500183105469,93.41000366210938,76.54520416259766,7393380
2007-11-08,92.0,93.08999633789062,90.0999984741211,91.11500549316406,74.66454315185547,1620250
2007-11-12,87.5,89.48999786376953,82.5,86.56500244140625,70.9360122680664,2207280
2007-11-13,86.0,90.0999984741211,85.03499603271484,88.45999908447266,72.48888397216797,4835850
2007-11-14,89.01499938964844,95.38499450683594,89.01499938964844,93.5999984741211,76.70087432861328,8636070
2007-11-15,95.0,98.4000015258789,94.9000015258789,96.96500396728516,79.45835876464844,11040870
2007-11-16,96.96500396728516,97.5,94.19999694824219,96.86000061035156,79.3722915649414,5108760
2007-11-19,95.11500549316406,99.0,95.11500549316406,97.4800033569336,79.88035583496094,2894540
2007-11-20,96.9800033569336,100.38999938964844,94.99500274658203,95.55000305175781,78.298828125,7526230
2007-11-21,96.87000274658203,96.87000274658203,89.80000305175781,91.33999633789062,74.84892272949219,3115900
2007-11-22,91.5999984741211,92.9000015258789,88.20500183105469,90.52999877929688,74.18516540527344,4108690
2007-11-23,93.2699966430664,93.5,91.50499725341797,92.38999938964844,75.70933532714844,2473270
2007-11-26,93.63999938964844,99.01000213623047,93.20999908447266,98.15499877929688,80.4334945678711,5930820
2007-11-27,99.02999877929688,103.0999984741211,97.91000366210938,99.06500244140625,81.1792221069336,14494170
2007-11-28,99.4000015258789,100.9000015258789,95.0999984741211,96.2249984741211,78.8519515991211,3973470
2007-11-29,99.73999786376953,99.73999786376953,95.0250015258789,96.2300033569336,78.8560562133789,7543560
2007-11-30,97.0,101.69999694824219,97.0,101.00499725341797,82.76893615722656,9369330
2007-12-03,102.9000015258789,107.19999694824219,102.6500015258789,105.98500061035156,86.84982299804688,9395310
2007-12-04,106.69999694824219,109.0,105.82499694824219,108.23500061035156,88.69359588623047,5048180
2007-12-05,110.5,113.69999694824219,107.53500366210938,112.95999908447266,92.56551361083984,7604990
2007-12-06,114.23999786376953,118.80000305175781,113.30999755859375,116.67500305175781,95.60978698730469,13598130
2007-12-07,119.02999877929688,127.87999725341797,118.5999984741211,120.74500274658203,98.9449462890625,18913470
2007-12-10,121.5999984741211,124.97000122070312,115.22000122070312,121.01499938964844,99.16620635986328,11089210
2007-12-11,122.0,122.99500274658203,119.86000061035156,120.44999694824219,98.7032241821289,7850350
2007-12-12,118.0,125.0,117.03500366210938,124.05999755859375,101.66143798828125,6406240
2007-12-13,125.73999786376953,138.6999969482422,125.73999786376953,133.60000610351562,109.47904205322266,16253030
2007-12-14,138.8699951171875,138.8699951171875,132.3000030517578,133.51499938964844,109.40938568115234,3032050
2007-12-17,133.0,133.5,114.41999816894531,116.05999755859375,95.10580444335938,8011160
2007-12-18,116.05999755859375,116.05999755859375,116.05999755859375,116.05999755859375,95.10580444335938,0
2007-12-19,121.51000213623047,125.0,119.0250015258789,121.62000274658203,99.6619873046875,8307470
2007-12-20,123.11499786376953,126.80000305175781,121.19999694824219,123.05000305175781,100.83380126953125,7640480
2007-12-24,125.44999694824219,126.0,123.51000213623047,124.08000183105469,101.6778335571289,3926070
2007-12-26,124.0,128.0,121.0999984741211,124.98999786376953,102.42353057861328,4345170
2007-12-27,126.5,131.59500122070312,125.19999694824219,130.41000366210938,106.86498260498047,7531590
2007-12-28,130.0,132.5,128.85000610351562,131.97999572753906,108.15149688720703,3251860
2007-12-31,133.0,134.64500427246094,131.5,131.9499969482422,108.1269302368164,2625270
2008-01-01,133.0,136.3000030517578,131.0399932861328,131.92999267578125,108.11054992675781,3735990
2008-01-02,132.8000030517578,134.0,128.6300048828125,130.39999389648438,106.85677337646484,2866040
2008-01-03,125.69999694824219,134.9949951171875,125.69999694824219,134.22500610351562,109.9912109375,5349410
2008-01-04,134.0,136.5800018310547,133.0,133.49000549316406,109.38890838623047,6225380
2008-01-07,131.5,133.97000122070312,128.36000061035156,129.9149932861328,106.45935821533203,10819290
2008-01-08,134.47000122070312,134.89999389648438,124.33999633789062,126.12999725341797,103.35771942138672,10707000
2008-01-09,127.94499969482422,127.94499969482422,121.5999984741211,122.5,100.38311004638672,6480050
2008-01-10,123.00499725341797,126.80000305175781,118.5999984741211,120.45500183105469,98.70732116699219,3830700
2008-01-11,121.0,121.91000366210938,118.0,120.11499786376953,98.42870330810547,2913550
2008-01-14,120.5,124.0,119.0,123.00499725341797,100.79694366455078,3666430
2008-01-15,123.5,124.22000122070312,119.19999694824219,121.11499786376953,99.24815368652344,4136930
2008-01-16,119.98999786376953,119.98999786376953,112.80000305175781,114.51000213623047,93.8356704711914,5933710
2008-01-17,116.0,118.47000122070312,113.5999984741211,115.7300033569336,94.83541107177734,4479300
2008-01-18,115.7300033569336,116.80000305175781,107.80000305175781,109.86000061035156,90.02519989013672,6286590
2008-01-21,105.55500030517578,105.55500030517578,81.5999984741211,97.08000183105469,79.55258178710938,12111950
2008-01-22,90.0999984741211,94.97000122070312,78.21500396728516,88.625,72.62409973144531,8025110
2008-01-23,93.0,99.87000274658203,93.0,96.7249984741211,79.26168060302734,5662160
2008-01-24,101.4000015258789,101.4000015258789,86.19999694824219,87.05999755859375,71.3416519165039,6749380
2008-01-25,90.0,98.80000305175781,90.0,97.61500549316406,79.99099731445312,7590140
2008-01-28,90.0,96.0,87.55000305175781,94.61000061035156,77.5285415649414,5243010
2008-01-29,97.5,99.9000015258789,96.30000305175781,98.04499816894531,80.34335327148438,2581540
2008-01-30,98.2300033569336,105.30000305175781,97.80000305175781,100.67500305175781,82.49850463867188,18780970
2008-01-31,103.69999694824219,103.69999694824219,95.23500061035156,96.95500183105469,79.45016479492188,8754760
2008-02-01,99.0,104.91000366210938,98.11500549316406,103.4800033569336,84.79708862304688,10333420
2008-02-04,105.0,116.37000274658203,104.5,115.19499969482422,94.3969955444336,12662530
2008-02-05,114.0,119.4000015258789,111.0,117.31500244140625,96.13422393798828,7896930
2008-02-06,114.0,115.50499725341797,110.53500366210938,113.4749984741211,92.98751831054688,1799870
2008-02-07,113.5,116.94000244140625,110.54000091552734,113.18000030517578,92.74581146240234,5314400
2008-02-08,113.19999694824219,114.04000091552734,108.68000030517578,110.46499633789062,90.52095794677734,6151200
2008-02-11,109.3499984741211,111.87999725341797,106.0999984741211,109.23500061035156,89.51304626464844,10676790
2008-02-12,111.80000305175781,114.48500061035156,108.88500213623047,112.66500091552734,92.32377624511719,14483100
2008-02-13,116.0,116.0,107.80000305175781,110.78500366210938,90.78319549560547,9336960
2008-02-14,115.4000015258789,115.88999938964844,112.66999816894531,113.9749984741211,93.39725494384766,4983590
2008-02-15,110.5,119.8499984741211,110.5,118.77999877929688,97.334716796875,5200150
2008-02-18,119.04000091552734,119.87000274658203,112.5,114.55500030517578,93.87255096435547,2198650
2008-02-19,114.80000305175781,120.0,114.77999877929688,116.7249984741211,95.6507568359375,7793420
2008-02-20,116.0,116.5,109.79000091552734,111.04499816894531,90.9962387084961,3094870
2008-02-21,112.5,115.70500183105469,112.5,114.94999694824219,94.19621276855469,3927850
2008-02-22,114.5,115.47000122070312,110.0,111.50499725341797,91.3731918334961,1867070
2008-02-25,112.5,113.33000183105469,108.80000305175781,111.4000015258789,91.28716278076172,2786830
2008-02-26,114.54000091552734,114.54000091552734,108.5999984741211,109.36000061035156,89.61548614501953,3926630
2008-02-27,110.69999694824219,112.0,105.12999725341797,106.41999816894531,87.2062759399414,7557700
2008-02-28,107.5,108.80999755859375,102.69999694824219,107.83000183105469,88.36170196533203,6247580
2008-02-29,104.87999725341797,107.1500015258789,101.81999969482422,105.95999908447266,86.82935333251953,8264350
2008-03-03,101.0250015258789,104.59500122070312,100.58499908447266,101.5250015258789,83.1950454711914,2345720
2008-03-04,101.0,102.47000122070312,97.23500061035156,100.79499816894531,82.59684753417969,2748950
2008-03-05,100.0,102.5199966430664,98.00499725341797,98.45500183105469,80.6793441772461,3707230
2008-03-07,98.45500183105469,103.375,92.56999969482422,94.0199966430664,77.04503631591797,6591310
2008-03-10,92.5,95.0,90.63999938964844,92.66000366210938,75.93060302734375,5720390
2008-03-11,92.0,94.88999938964844,90.9749984741211,91.69499969482422,75.13980865478516,5905770
2008-03-12,94.0,96.19999694824219,92.5,93.93000030517578,76.97132110595703,5639660
2008-03-13,92.04000091552734,93.0,88.30000305175781,89.50499725341797,73.34523010253906,5801930
2008-03-14,89.5,94.29499816894531,89.5,93.36500549316406,76.50831604003906,5001140
2008-03-17,90.01000213623047,92.0,88.5,89.07499694824219,72.99282836914062,19543550
2008-03-18,86.0999984741211,92.30000305175781,86.0999984741211,89.05500030517578,72.97645568847656,1854000
2008-03-19,92.48999786376953,93.97000122070312,88.04000091552734,89.8499984741211,73.62793731689453,3989250
2008-03-24,94.33999633789062,94.33999633789062,73.80000305175781,78.88499450683594,64.6426010131836,10836010
2008-03-25,81.0,87.0,79.0,84.98999786376953,69.6453857421875,6655580
2008-03-26,85.5,86.19999694824219,82.13499450683594,83.80500030517578,68.6743392944336,3677610
2008-03-27,83.80000305175781,84.87000274658203,79.61000061035156,81.11500549316406,66.47000122070312,5393120
2008-03-28,80.125,84.87999725341797,79.8499984741211,81.74500274658203,66.98625183105469,6092030
2008-03-31,80.0,85.5,80.0,81.93000030517578,67.13785552978516,5753170
2008-04-01,83.5,85.0,81.1050033569336,82.84500122070312,67.88766479492188,6040920
2008-04-02,84.79000091552734,85.49500274658203,77.11000061035156,78.68000030517578,64.47461700439453,7179420
2008-04-03,78.5,78.80000305175781,70.11000061035156,77.12999725341797,63.20447540283203,33247650
2008-04-04,77.00499725341797,79.55500030517578,74.16000366210938,75.5199966430664,61.885135650634766,10787860
2008-04-07,77.88999938964844,77.88999938964844,74.11000061035156,75.98999786376953,62.270301818847656,7546850
2008-04-08,76.0,77.19999694824219,72.5,73.80000305175781,60.47568130493164,4300620
2008-04-09,74.30000305175781,75.5,71.30000305175781,72.58499908447266,59.48005676269531,8746380
2008-04-10,73.80000305175781,73.86000061035156,71.30000305175781,72.48500061035156,59.39812088012695,11439060
2008-04-11,72.48500061035156,74.01000213623047,69.5,71.55500030517578,58.636016845703125,13521920
2008-04-15,71.48999786376953,75.30000305175781,70.1500015258789,74.6050033569336,61.13534927368164,8115720
2008-04-16,78.29000091552734,78.29000091552734,74.80000305175781,77.42500305175781,63.446224212646484,4520110
2008-04-17,79.0,81.97000122070312,77.7249984741211,81.2300033569336,66.56423950195312,6887640
2008-04-21,82.12000274658203,84.19999694824219,81.80999755859375,83.25,68.21953582763672,2659150
2008-04-22,83.25,88.5,82.30000305175781,87.79499816894531,71.9439468383789,5958140
2008-04-23,90.0,90.0,83.53499603271484,85.28499603271484,69.8871078491211,3494320
2008-04-24,85.5999984741211,93.69999694824219,85.5999984741211,89.1050033569336,73.01742553710938,11475730
2008-04-25,88.80000305175781,89.80000305175781,86.0,88.33499908447266,72.38645935058594,3956300
2008-04-28,90.0,90.0,86.0999984741211,87.01499938964844,71.30477905273438,1794280
2008-04-29,86.5999984741211,88.86000061035156,84.4000015258789,86.77999877929688,71.1122055053711,4606480
2008-04-30,87.87999725341797,88.30000305175781,86.0,87.5250015258789,71.72270202636719,4629120
2008-05-02,88.19999694824219,92.43000030517578,88.0999984741211,91.61500549316406,75.07429504394531,6413130
2008-05-05,92.5,93.0,88.5,89.90499877929688,73.67300415039062,5575150
2008-05-06,89.90499877929688,90.0,86.5999984741211,87.91999816894531,72.04637908935547,9630700
2008-05-07,87.50499725341797,90.69999694824219,87.22000122070312,87.61000061035156,71.7923583984375,7401820
2008-05-08,87.5,88.9000015258789,85.5,88.41500091552734,72.45201873779297,7338710
2008-05-09,88.4000015258789,90.4000015258789,87.5,89.92500305175781,73.68938446044922,11641300
2008-05-12,92.88999938964844,94.48999786376953,87.03499603271484,92.79000091552734,76.03712463378906,5803500
2008-05-13,94.80000305175781,97.4000015258789,93.5,95.96500396728516,78.6388931274414,9507570
2008-05-14,93.55999755859375,104.5,93.55999755859375,99.76000213623047,81.74871826171875,20138240
2008-05-15,104.9000015258789,104.9000015258789,99.0999984741211,103.37999725341797,84.71512603759766,8723520
2008-05-16,104.0,112.4000015258789,102.51000213623047,110.92500305175781,90.8979263305664,13314350
2008-05-20,111.0,115.86000061035156,109.0,114.5,93.82746887207031,13692660
2008-05-21,113.30000305175781,113.88999938964844,110.51000213623047,113.06500244140625,93.79842376708984,9164930
2008-05-22,113.0,113.0,105.66500091552734,107.84500122070312,89.46793365478516,8967470
2008-05-23,107.5,110.0,104.5,107.58000183105469,89.24808502197266,8040130
2008-05-26,107.5,109.0,104.61000061035156,107.91000366210938,89.52184295654297,6474510
2008-05-27,108.5,112.44000244140625,108.0,110.2300033569336,91.446533203125,7327040
2008-05-28,110.95999908447266,112.59500122070312,106.80500030517578,111.2300033569336,92.276123046875,11428410
2008-05-29,112.19999694824219,117.9000015258789,112.0,115.2750015258789,95.6318359375,14358670
2008-05-30,118.0,120.5,113.15499877929688,117.63500213623047,97.58969116210938,32362350
2008-06-02,116.4000015258789,118.79000091552734,113.5199966430664,114.63500213623047,95.10089874267578,12009260
2008-06-03,113.5,116.80000305175781,110.37000274658203,115.65499877929688,95.94708251953125,8476900
2008-06-04,115.5999984741211,117.8499984741211,107.125,110.21499633789062,91.43406677246094,13758940
2008-06-05,109.9000015258789,113.19000244140625,107.86000061035156,111.93499755859375,92.86097717285156,9290370
2008-06-06,113.02999877929688,113.69499969482422,107.61000061035156,108.36499786376953,89.89930725097656,3955350
2008-06-09,104.53500366210938,109.69999694824219,104.53500366210938,108.94000244140625,90.37633514404297,6253870
2008-06-10,108.0,112.48500061035156,107.0,110.7300033569336,91.86132049560547,6415370
2008-06-11,111.9000015258789,112.5999984741211,106.05000305175781,107.62999725341797,89.28956604003906,12638800
2008-06-12,109.7699966430664,109.7699966430664,98.13499450683594,99.69000244140625,82.70256042480469,20983700
2008-06-13,100.30000305175781,100.99500274658203,94.30000305175781,94.75499725341797,78.60848236083984,11578410
2008-06-16,109.47000122070312,109.47000122070312,94.5999984741211,99.36000061035156,82.42879486083984,7433810
2008-06-17,99.0,101.47000122070312,98.0999984741211,99.28499603271484,82.36656951904297,3923810
2008-06-18,100.0,102.37999725341797,98.33999633789062,98.7249984741211,81.90200805664062,5475180
2008-06-19,98.5,100.69999694824219,97.53499603271484,99.55500030517578,82.590576171875,5414080
2008-06-20,100.0,101.38999938964844,98.19999694824219,99.4000015258789,82.46199035644531,8082960
2008-06-23,99.0,99.4000015258789,94.5,95.55999755859375,79.27632904052734,8018180
2008-06-24,95.55999755859375,97.81500244140625,94.13499450683594,96.23500061035156,79.8363037109375,7077380
2008-06-25,94.39500427246094,101.19999694824219,93.05000305175781,100.54499816894531,83.41187286376953,7256970
2008-06-26,101.01000213623047,104.69000244140625,101.0,103.25,85.65593719482422,9529060
2008-06-27,100.0,100.80000305175781,96.55500030517578,98.14500427246094,81.42083740234375,9147190
2008-06-30,98.5,99.79000091552734,89.19999694824219,90.05999755859375,74.71353912353516,7847840
2008-07-01,90.0,91.69999694824219,76.5,77.58999633789062,64.36848449707031,13279080
2008-07-02,76.51000213623047,81.4000015258789,75.19999694824219,80.00499725341797,66.3719253540039,17913670
2008-07-03,79.6050033569336,79.6050033569336,70.01000213623047,73.36500549316406,60.86341094970703,12777440
2008-07-04,72.62999725341797,75.88999938964844,71.23500061035156,75.28499603271484,62.45622634887695,7661210
2008-07-07,73.0999984741211,82.19999694824219,73.0999984741211,80.07499694824219,66.43000030517578,14109770
2008-07-08,80.0,83.75,76.01000213623047,83.05500030517578,68.90221405029297,8411800
2008-07-09,86.0,87.83000183105469,84.05000305175781,85.97000122070312,71.32048034667969,4677180
2008-07-10,81.5250015258789,86.69999694824219,81.5250015258789,82.97000122070312,68.83168029785156,5303780
2008-07-11,83.50499725341797,83.69999694824219,79.11000061035156,80.09500122070312,66.44660186767578,8848820
2008-07-14,80.0,82.79000091552734,76.5250015258789,79.875,66.26409149169922,4657740
2008-07-15,79.94999694824219,80.29000091552734,70.18499755859375,73.04000091552734,60.59379959106445,9641320
2008-07-16,73.2249984741211,75.5,70.30999755859375,71.51499938964844,59.328643798828125,7271440
2008-07-17,75.0,75.94999694824219,69.4000015258789,74.15499877929688,61.51879119873047,10529930
2008-07-18,75.9000015258789,75.9000015258789,72.125,72.94499969482422,60.514976501464844,9205380
2008-07-21,74.5,75.94000244140625,70.36500549316406,72.13499450683594,59.843017578125,8062820
2008-07-22,72.0999984741211,74.4800033569336,72.0999984741211,72.88999938964844,60.46934127807617,5310630
2008-07-23,75.0999984741211,78.74500274658203,74.38999938964844,77.29000091552734,64.11959075927734,7836410
2008-07-24,78.0,80.0999984741211,78.0,79.75499725341797,66.16454315185547,7473050
2008-07-25,77.51499938964844,80.79499816894531,77.36000061035156,78.11000061035156,64.79986572265625,3116120
2008-07-28,78.01000213623047,79.19999694824219,77.11000061035156,77.65499877929688,64.42237854003906,1468880
2008-07-29,76.5,77.5,74.80999755859375,75.24500274658203,62.423065185546875,1911030
2008-07-30,77.5,77.5,74.50499725341797,74.94999694824219,62.17832565307617,5852650
2008-07-31,75.5,76.97000122070312,72.69999694824219,73.66500091552734,61.112300872802734,20812550
2008-08-01,73.49500274658203,80.4800033569336,71.19999694824219,79.79000091552734,66.1935806274414,13875520
2008-08-04,79.81999969482422,88.18000030517578,78.9000015258789,87.20999908447266,72.34918212890625,11074410
2008-08-05,87.20999908447266,87.5,82.5,83.55500030517578,69.31702423095703,6789790
2008-08-06,84.5,85.98500061035156,78.01499938964844,78.55500030517578,65.16902160644531,11043140
2008-08-07,78.55500030517578,81.9000015258789,77.5999984741211,78.66999816894531,65.26443481445312,5683200
2008-08-08,78.70999908447266,80.7699966430664,78.0999984741211,79.45999908447266,65.91980743408203,3262230
2008-08-11,81.4000015258789,81.4000015258789,80.0,80.62000274658203,66.88214874267578,3402390
2008-08-12,80.9800033569336,82.0,77.0,77.5,64.29377746582031,4635430
2008-08-13,77.0,78.5,76.125,76.62999725341797,63.57204818725586,7226970
2008-08-14,76.5,77.94999694824219,76.01000213623047,77.11000061035156,63.97026443481445,4217290
2008-08-18,77.5999984741211,78.9000015258789,76.0,77.16999816894531,64.02002716064453,5315000
2008-08-19,77.5,78.44999694824219,75.6500015258789,77.0199966430664,63.89558029174805,4555660
2008-08-20,77.0199966430664,78.30000305175781,76.2249984741211,76.7750015258789,63.69235610961914,2643160
2008-08-21,76.8499984741211,77.16999816894531,75.3550033569336,75.68000030517578,62.78391647338867,2993050
2008-08-22,75.0,76.8550033569336,71.1500015258789,76.31500244140625,63.310733795166016,3481750
2008-08-25,77.5,78.7699966430664,75.5199966430664,75.94499969482422,63.0037727355957,1955240
2008-08-26,75.5999984741211,76.68000030517578,75.0,75.0250015258789,62.240535736083984,9949110
2008-08-27,75.97000122070312,75.97000122070312,73.97000122070312,74.12000274658203,61.4897575378418,3422050
2008-08-28,77.87000274658203,77.87000274658203,73.81500244140625,74.90499877929688,62.140987396240234,9819820
2008-08-29,75.69999694824219,77.89500427246094,74.55000305175781,76.4000015258789,63.38125228881836,4871590
2008-09-01,75.9000015258789,76.80000305175781,74.4000015258789,75.12999725341797,62.32765579223633,2134260
2008-09-02,75.19999694824219,77.5,74.55000305175781,75.96500396728516,63.02037811279297,2899250
2008-09-04,75.54000091552734,75.5999984741211,73.0,73.13999938964844,60.6767463684082,5926340
2008-09-05,73.0999984741211,73.0999984741211,70.00499725341797,71.05500030517578,58.94704055786133,8671060
2008-09-08,73.46500396728516,74.0,70.5999984741211,71.6500015258789,59.44065856933594,4104370
2008-09-09,71.5,71.69999694824219,70.5199966430664,71.51000213623047,59.32450485229492,1623200
2008-09-10,71.0,71.4000015258789,65.5250015258789,66.125,54.85712432861328,8411420
2008-09-11,65.94000244140625,67.87000274658203,63.54999923706055,66.66500091552734,55.30511474609375,7739740
2008-09-12,67.5,67.87999725341797,65.125,65.84500122070312,54.624839782714844,3285450
2008-09-15,64.80000305175781,65.5,62.0,65.05000305175781,53.96531677246094,3194000
2008-09-16,63.0,66.25,61.79999923706055,64.625,53.61272430419922,6071160
2008-09-17,64.0,66.55000305175781,63.0,64.19499969482422,53.256004333496094,7896340
2008-09-18,63.0,63.0,59.255001068115234,59.84000015258789,49.64311599731445,6372280
2008-09-19,62.0,62.0,57.70500183105469,59.39500045776367,49.2739372253418,12953030
2008-09-22,60.0,61.189998626708984,58.68000030517578,59.56500244140625,49.41497802734375,15705540
2008-09-23,58.79999923706055,59.79999923706055,56.720001220703125,57.33000183105469,47.560821533203125,9253110
2008-09-24,57.900001525878906,59.439998626708984,55.90999984741211,58.04500198364258,48.153987884521484,8122750
2008-09-25,58.04500198364258,59.0,57.03499984741211,58.06500244140625,48.170570373535156,12857580
2008-09-26,58.5,58.5,56.599998474121094,57.41999816894531,47.63547897338867,5039250
2008-09-29,57.5,58.0,50.400001525878906,50.63999938964844,42.01081848144531,6405800
2008-09-30,50.0,50.0,45.61000061035156,48.2599983215332,40.036376953125,6915190
2008-10-01,49.439998626708984,49.439998626708984,44.79999923706055,45.595001220703125,37.82549285888672,10233190
2008-10-03,45.5,45.5,40.8650016784668,41.10499954223633,34.10060501098633,10468590
2008-10-06,39.20000076293945,40.400001525878906,34.119998931884766,34.7599983215332,28.836807250976562,9157710
2008-10-07,33.505001068115234,36.369998931884766,30.399999618530273,31.075000762939453,25.77973747253418,22483000
2008-10-08,29.5,30.579999923706055,24.7549991607666,29.34000015258789,24.34038734436035,28965710
2008-10-10,26.125,31.0,24.5,29.889999389648438,24.796669006347656,10493610
2008-10-13,30.0,34.18000030517578,30.0,33.66999816894531,27.932544708251953,6306870
2008-10-14,35.099998474121094,35.70000076293945,30.1299991607666,31.364999771118164,26.02031898498535,9935730
2008-10-15,30.5,30.5,27.25,27.799999237060547,23.062807083129883,11869020
2008-10-16,26.200000762939453,27.0,24.5,26.030000686645508,21.59442138671875,10861420
2008-10-17,27.024999618530273,27.799999237060547,23.729999542236328,24.450000762939453,20.283655166625977,10983950
2008-10-20,26.0,27.399999618530273,24.780000686645508,26.030000686645508,21.59442138671875,50802830
2008-10-21,27.299999237060547,27.5,26.049999237060547,26.809999465942383,22.241504669189453,4937030
2008-10-22,26.0,26.489999771118164,24.489999771118164,24.989999771118164,20.73163604736328,5252690
2008-10-23,23.540000915527344,23.9950008392334,22.260000228881836,22.90999984741211,19.00607681274414,6195640
2008-10-24,22.799999237060547,22.799999237060547,20.100000381469727,20.46500015258789,16.977710723876953,6374350
2008-10-27,19.5,21.84000015258789,17.100000381469727,20.674999237060547,17.15192413330078,5591820
2008-10-29,23.100000381469727,23.940000534057617,22.049999237060547,22.959999084472656,19.04755210876465,3493000
2008-10-31,23.469999313354492,33.900001525878906,23.100000381469727,30.700000762939453,25.46864128112793,15487240
2008-11-03,31.860000610351562,32.5,29.399999618530273,31.174999237060547,25.862699508666992,13183540
2008-11-04,31.5,35.20000076293945,30.200000762939453,34.83000183105469,28.894882202148438,13903070
2008-11-05,35.5,38.79999923706055,32.55500030517578,33.79999923706055,28.040388107299805,15042270
2008-11-06,31.979999542236328,32.279998779296875,29.600000381469727,30.06999969482422,24.945993423461914,8956410
2008-11-07,29.5,29.799999237060547,27.345001220703125,28.514999389648438,23.655969619750977,11861260
2008-11-10,29.280000686645508,31.549999237060547,28.815000534057617,31.0,25.717519760131836,9674850
2008-11-11,31.5,31.5,29.110000610351562,29.415000915527344,24.40260887145996,9648620
2008-11-12,29.0,30.459999084472656,28.219999313354492,29.299999237060547,24.307201385498047,7676850
2008-11-14,30.0,30.5,27.149999618530273,27.469999313354492,22.789037704467773,7492310
2008-11-17,27.5,28.309999465942383,24.729999542236328,25.454999923706055,21.117399215698242,5634910
2008-11-18,24.899999618530273,25.5,23.71500015258789,24.170000076293945,20.051368713378906,5740140
2008-11-19,24.0,25.149999618530273,23.399999618530273,23.84000015258789,19.77760124206543,6395450
2008-11-20,23.84000015258789,23.84000015258789,23.84000015258789,23.84000015258789,19.77760124206543,0
2008-11-21,21.40999984741211,22.5,19.649999618530273,20.489999771118164,16.998449325561523,12653910
2008-11-24,20.059999465942383,20.790000915527344,18.399999618530273,18.854999542236328,15.642057418823242,13604530
2008-11-25,19.5,19.899999618530273,18.610000610351562,18.905000686645508,15.683539390563965,9762000
2008-11-26,19.100000381469727,19.799999237060547,18.350000381469727,19.364999771118164,16.065153121948242,9576770
2008-11-27,19.364999771118164,19.364999771118164,19.364999771118164,19.364999771118164,16.065153121948242,0
2008-11-28,19.0,19.469999313354492,18.399999618530273,18.815000534057617,15.60887336730957,7752450
2008-12-01,19.200000762939453,19.59000015258789,17.610000610351562,18.104999542236328,15.019859313964844,8791980
2008-12-02,17.799999237060547,17.799999237060547,16.809999465942383,17.524999618530273,14.53869342803955,4701230
2008-12-03,17.815000534057617,18.889999389648438,17.75,18.364999771118164,15.235560417175293,6544630
2008-12-04,18.5,22.68000030517578,18.399999618530273,21.924999237060547,18.188922882080078,13806580
2008-12-05,21.5,22.649999618530273,20.84000015258789,21.299999237060547,17.670421600341797,11304900
2008-12-08,22.06999969482422,23.185001373291016,21.815000534057617,22.15999984741211,18.383878707885742,8691990
2008-12-10,22.209999084472656,24.700000762939453,22.200000762939453,24.1200008392334,20.0098934173584,12094080
2008-12-11,24.5,25.2450008392334,23.30500030517578,23.989999771118164,19.902042388916016,7419820
2008-12-12,23.0,23.395000457763672,21.704999923706055,22.665000915527344,18.802827835083008,9145560
2008-12-15,22.0,24.68000030517578,20.90999984741211,24.094999313354492,19.98914909362793,8938200
2008-12-16,24.700000762939453,24.979999542236328,23.520000457763672,24.290000915527344,20.150922775268555,9885650
2008-12-17,24.200000762939453,25.239999771118164,22.5,22.65999984741211,18.798675537109375,6892200
2008-12-18,23.0,23.190000534057617,21.625,22.825000762939453,18.93556022644043,7222660
2008-12-19,22.5,24.34000015258789,22.5,22.65999984741211,18.798675537109375,9357550
2008-12-22,22.700000762939453,24.100000381469727,22.200000762939453,22.540000915527344,18.699127197265625,8426500
2008-12-23,22.299999237060547,23.200000762939453,22.010000228881836,22.579999923706055,18.732309341430664,6649440
2008-12-24,22.579999923706055,22.579999923706055,21.5,22.065000534057617,18.305068969726562,6368040
2008-12-26,22.399999618530273,22.950000762939453,20.780000686645508,21.139999389648438,17.537687301635742,5623980
2008-12-29,21.399999618530273,22.700000762939453,20.329999923706055,21.864999771118164,18.139148712158203,7449380
2008-12-30,22.200000762939453,23.229999542236328,22.010000228881836,22.295000076293945,18.495878219604492,6930960
2008-12-31,22.299999237060547,23.655000686645508,22.200000762939453,22.915000915527344,19.010225296020508,11593740
2009-01-02,24.0,24.645000457763672,23.5,23.685001373291016,19.649017333984375,12982180
2009-01-05,24.204999923706055,24.700000762939453,23.920000076293945,24.540000915527344,20.358322143554688,12397230
2009-01-06,24.5,25.770000457763672,24.405000686645508,25.235000610351562,20.934890747070312,12891820
2009-01-07,25.5,26.385000228881836,23.05500030517578,23.854999542236328,19.79004669189453,14665290
2009-01-09,23.010000228881836,24.809999465942383,21.0,22.40999984741211,18.59128189086914,9741860
2009-01-12,22.0,22.8799991607666,21.065000534057617,21.559999465942383,17.886119842529297,6396200
2009-01-13,21.5,21.979999542236328,20.655000686645508,21.075000762939453,17.4837646484375,6830600
2009-01-14,21.690000534057617,22.479999542236328,21.420000076293945,21.899999618530273,18.16817855834961,4317000
2009-01-15,21.700000762939453,21.700000762939453,20.21500015258789,21.020000457763672,17.43813705444336,3953900
2009-01-16,21.100000381469727,21.59000015258789,20.84000015258789,21.18000030517578,17.570877075195312,6758100
2009-01-19,21.0,21.59000015258789,20.860000610351562,21.014999389648438,17.433990478515625,5498750
2009-01-20,19.0,21.0,19.0,20.565000534057617,17.060670852661133,2886820
2009-01-21,20.100000381469727,20.639999389648438,19.799999237060547,20.114999771118164,16.687349319458008,2880080
2009-01-22,20.799999237060547,20.799999237060547,19.170000076293945,19.579999923706055,16.24351692199707,4842890
2009-01-23,19.010000228881836,19.5,18.530000686645508,18.665000915527344,15.48443603515625,2988870
2009-01-27,19.700000762939453,19.700000762939453,18.700000762939453,19.389999389648438,16.085893630981445,2101700
2009-01-28,19.399999618530273,20.989999771118164,17.850000381469727,20.46500015258789,16.977710723876953,19257260
2009-01-29,21.110000610351562,21.81999969482422,19.510000228881836,20.75,17.214143753051758,11162270
2009-01-30,20.435001373291016,21.350000381469727,20.100000381469727,21.110000610351562,17.512802124023438,11584720
2009-02-02,20.600000381469727,20.899999618530273,19.110000610351562,19.674999237060547,16.322330474853516,3347760
2009-02-03,19.774999618530273,20.299999237060547,18.725000381469727,18.969999313354492,15.737459182739258,5744020
2009-02-04,19.200000762939453,20.739999771118164,19.06999969482422,19.93000030517578,16.533876419067383,9124900
2009-02-05,20.100000381469727,20.649999618530273,19.350000381469727,19.535001754760742,16.20619010925293,7147200
2009-02-06,19.899999618530273,21.350000381469727,19.899999618530273,21.035001754760742,17.45058250427246,9351840
2009-02-09,21.5,22.899999618530273,21.235000610351562,22.450000762939453,18.62446403503418,11518260
2009-02-10,22.6200008392334,22.989999771118164,22.040000915527344,22.440000534057617,18.616165161132812,8007420
2009-02-11,21.610000610351562,22.295000076293945,21.475000381469727,21.979999542236328,18.23455047607422,5633530
2009-02-12,21.8799991607666,22.844999313354492,21.399999618530273,22.535001754760742,18.694976806640625,5839300
2009-02-13,22.799999237060547,23.985000610351562,22.799999237060547,23.21500015258789,19.25909996032715,9240170
2009-02-16,23.399999618530273,23.59000015258789,21.21500015258789,21.485000610351562,17.823898315429688,4622810
2009-02-17,20.424999237060547,21.780000686645508,20.424999237060547,21.280000686645508,17.653831481933594,4680580
2009-02-18,21.020000457763672,21.56999969482422,20.565000534057617,20.864999771118164,17.30954933166504,5480110
2009-02-19,21.600000381469727,21.700000762939453,20.719999313354492,20.875,17.317842483520508,4229920
2009-02-20,20.399999618530273,20.65999984741211,19.600000381469727,19.709999084472656,16.351360321044922,5630110
2009-02-24,19.100000381469727,19.350000381469727,18.0,18.40999984741211,15.272883415222168,7340890
2009-02-25,18.5,20.959999084472656,18.309999465942383,18.5,15.347550392150879,6472900
2009-02-26,18.700000762939453,18.700000762939453,18.165000915527344,18.459999084472656,15.31436538696289,9934600
2009-02-27,18.639999389648438,19.049999237060547,18.0,18.81999969482422,15.613021850585938,10699670
2009-03-02,18.270000457763672,18.5,17.035001754760742,17.19499969482422,14.264927864074707,10236050
2009-03-03,17.0,17.530000686645508,16.93000030517578,17.059999465942383,14.152931213378906,5870160
2009-03-04,17.110000610351562,17.989999771118164,17.100000381469727,17.785001754760742,14.754389762878418,11895910
2009-03-05,18.0,18.399999618530273,17.56999969482422,17.729999542236328,14.708762168884277,9876890
2009-03-06,17.56999969482422,17.700000762939453,17.010000228881836,17.440000534057617,14.468178749084473,6321750
2009-03-09,17.399999618530273,17.399999618530273,16.1200008392334,16.329999923706055,13.547324180603027,10318990
2009-03-12,16.510000228881836,16.885000228881836,16.010000228881836,16.55500030517578,13.733985900878906,4172150
2009-03-13,17.0,18.290000915527344,16.81999969482422,18.135000228881836,15.044748306274414,8238630
2009-03-16,18.399999618530273,18.950000762939453,17.725000381469727,18.535001754760742,15.376588821411133,9758040
2009-03-17,18.655000686645508,19.079999923706055,18.350000381469727,18.479999542236328,15.33095932006836,8622820
2009-03-18,18.799999237060547,19.270000457763672,18.06999969482422,18.2549991607666,15.14430046081543,18454770
2009-03-19,18.600000381469727,18.790000915527344,18.010000228881836,18.2549991607666,15.14430046081543,6993440
2009-03-20,18.010000228881836,18.889999389648438,18.010000228881836,18.719999313354492,15.530062675476074,9278020
2009-03-23,19.0,20.295000076293945,18.899999618530273,20.100000381469727,16.674909591674805,13853170
2009-03-24,20.3700008392334,20.69499969482422,19.0,19.229999542236328,15.953154563903809,15187310
2009-03-25,19.485000610351562,19.58500099182129,18.649999618530273,19.440000534057617,16.12737274169922,13329270
2009-03-26,19.600000381469727,20.489999771118164,19.600000381469727,20.299999237060547,16.8408260345459,13832070
2009-03-27,20.399999618530273,24.100000381469727,20.399999618530273,23.049999237060547,19.122220993041992,43689170
2009-03-30,22.799999237060547,23.535001754760742,21.049999237060547,21.375,17.732646942138672,33002270
2009-03-31,21.690000534057617,23.84000015258789,21.690000534057617,23.285001754760742,19.317176818847656,33379830
2009-04-01,23.420000076293945,25.5,23.204999923706055,25.104999542236328,20.827045440673828,31941290
2009-04-02,25.5,31.170000076293945,25.399999618530273,30.514999389648438,25.31516456604004,76851160
2009-04-06,34.79999923706055,34.79999923706055,30.549999237060547,31.114999771118164,25.81291961669922,69862910
2009-04-08,28.665000915527344,30.989999771118164,28.065000534057617,30.559999465942383,25.352495193481445,68065570
2009-04-09,31.06999969482422,36.18000030517578,30.204999923706055,34.755001068115234,28.832656860351562,75097120
2009-04-13,35.0,38.22999954223633,34.900001525878906,35.85499954223633,29.74521255493164,57107140
2009-04-15,35.5,37.38999938964844,33.3650016784668,36.755001068115234,30.491859436035156,31926330
2009-04-16,37.0099983215332,38.77000045776367,32.1150016784668,33.09000015258789,27.45138168334961,49383560
2009-04-17,32.29999923706055,35.20000076293945,30.864999771118164,31.565000534057617,26.186241149902344,39288390
2009-04-20,32.0,34.27000045776367,31.450000762939453,32.55500030517578,27.007543563842773,37269780
2009-04-21,31.5,32.4900016784668,30.790000915527344,31.600000381469727,26.21527862548828,29840310
2009-04-22,31.895000457763672,32.68000030517578,30.614999771118164,31.360000610351562,26.01617431640625,20061370
2009-04-23,31.600000381469727,34.70000076293945,30.81999969482422,34.2400016784668,28.405412673950195,38751730
2009-04-24,35.0099983215332,35.16999816894531,33.15999984741211,34.10499954223633,28.293420791625977,31933710
2009-04-27,33.880001068115234,34.65999984741211,32.415000915527344,33.38500213623047,27.69611167907715,21759410
2009-04-28,33.47999954223633,34.13999938964844,31.309999465942383,31.55500030517578,26.17795181274414,18215150
2009-04-29,32.0,35.255001068115234,31.1299991607666,34.25,28.413707733154297,37700250
2009-04-30,34.25,34.25,34.25,34.25,28.413707733154297,0
2009-05-04,35.060001373291016,36.97999954223633,34.619998931884766,36.26499938964844,30.08535385131836,36017850
2009-05-05,36.5,40.099998474121094,36.34000015258789,39.915000915527344,33.11337661743164,53840600
2009-05-06,39.88999938964844,40.72999954223633,37.79999923706055,38.38999938964844,31.848247528076172,39135340
2009-05-07,38.70000076293945,44.77000045776367,37.36000061035156,42.939998626708984,35.6229133605957,101361090
2009-05-08,43.5,44.529998779296875,39.86000061035156,40.94499969482422,33.967872619628906,85273080
2009-05-11,41.5099983215332,43.290000915527344,39.79999923706055,42.44499969482422,35.21226501464844,91357510
2009-05-12,41.0,42.20000076293945,39.29999923706055,41.77000045776367,34.65228271484375,77044550
2009-05-13,40.625,42.7400016784668,40.625,41.20500183105469,34.18357849121094,39685060
2009-05-14,38.0,41.30500030517578,38.0,40.915000915527344,33.9429817199707,35644420
2009-05-15,40.154998779296875,42.35499954223633,40.154998779296875,41.86000061035156,34.72694778442383,27217560
2009-05-18,46.0,52.400001525878906,46.0,48.779998779296875,40.467769622802734,96940
2009-05-19,50.130001068115234,51.400001525878906,41.0,47.93000030517578,39.762596130371094,50591540
2009-05-20,45.029998779296875,51.8650016784668,45.029998779296875,50.5099983215332,41.90296173095703,42491340
2009-05-21,50.20000076293945,54.525001525878906,48.505001068115234,49.564998626708984,41.118988037109375,46725870
2009-05-22,48.599998474121094,50.95000076293945,48.255001068115234,50.220001220703125,41.662376403808594,20153690
2009-05-25,50.59000015258789,52.439998626708984,50.099998474121094,51.25,42.51686477661133,18447080
2009-05-26,51.54999923706055,52.400001525878906,49.02000045776367,49.99500274658203,41.4757194519043,18483820
2009-05-27,51.47999954223633,52.20000076293945,50.900001525878906,51.67499923706055,42.86945724487305,16785670
2009-05-28,51.599998474121094,59.599998474121094,51.5,54.939998626708984,45.57807540893555,87486240
2009-05-29,55.599998474121094,57.0099983215332,54.0,55.31500244140625,45.889183044433594,60709090
2009-06-01,55.5,57.5,55.5,56.904998779296875,47.2082405090332,26813510
2009-06-02,57.0,57.20000076293945,54.025001525878906,56.82500076293945,47.141876220703125,23805370
2009-06-03,57.29999923706055,59.13999938964844,54.84000015258789,58.7349967956543,48.72639465332031,47982100
2009-06-04,57.0,60.4900016784668,56.525001525878906,58.755001068115234,48.74299621582031,26961490
2009-06-05,58.900001525878906,60.5,58.0,58.58000183105469,48.59782028198242,26758100
2009-06-08,55.55500030517578,59.400001525878906,48.03499984741211,50.95000076293945,42.26799011230469,18839980
2009-06-09,49.005001068115234,57.099998474121094,49.005001068115234,55.5099983215332,46.05095291137695,30044860
2009-06-10,56.9900016784668,61.0,56.099998474121094,58.2650032043457,48.33650207519531,42608730
2009-06-11,58.82500076293945,64.69999694824219,57.20000076293945,63.69499969482422,52.841209411621094,54847320
2009-06-12,64.0,72.22000122070312,64.0,70.7300033569336,58.67741012573242,86900060
2009-06-15,67.7699966430664,71.19999694824219,66.05500030517578,67.13999938964844,55.699161529541016,47153050
2009-06-16,66.0,68.94999694824219,64.5,68.24500274658203,56.61587905883789,36139340
2009-06-17,67.58999633789062,68.82499694824219,62.5,63.27000045776367,52.488624572753906,27300520
2009-06-18,62.5,64.58000183105469,55.81999969482422,56.900001525878906,47.20409393310547,38555460
2009-06-19,56.15999984741211,61.0,56.15999984741211,60.45000076293945,50.14916229248047,35242570
2009-06-22,61.70000076293945,63.900001525878906,58.0,58.64500045776367,48.651729583740234,41199670
2009-06-23,58.79999923706055,58.79999923706055,54.20000076293945,56.43499755859375,46.81833267211914,42617750
2009-06-24,57.2400016784668,59.7599983215332,55.599998474121094,58.96500015258789,48.91720962524414,32389490
2009-06-25,59.65999984741211,61.79999923706055,58.79999923706055,59.375,49.257354736328125,35529570
2009-06-26,59.5,62.939998626708984,59.5,62.29999923706055,51.68391036987305,31880940
2009-06-29,62.83000183105469,64.90499877929688,61.79999923706055,63.474998474121094,52.74335479736328,24856940
2009-06-30,64.5,65.63999938964844,61.0099983215332,61.5,51.102264404296875,29189240
2009-07-01,62.369998931884766,62.900001525878906,57.904998779296875,62.2400016784668,51.717159271240234,31226740
2009-07-02,64.7699966430664,64.7699966430664,60.060001373291016,61.72999954223633,51.29337692260742,27748980
2009-07-03,61.0,62.29999923706055,58.5,61.560001373291016,51.152130126953125,31317620
2009-07-06,61.5099983215332,63.5,56.68000030517578,57.529998779296875,47.803470611572266,29420530
2009-07-07,57.84000015258789,59.4900016784668,56.06999969482422,57.6150016784668,47.87409973144531,26367130
2009-07-08,56.5,57.20000076293945,53.36000061035156,53.81999969482422,44.7207145690918,20173550
2009-07-09,54.20000076293945,55.20000076293945,51.17499923706055,52.665000915527344,43.76099395751953,34288530
2009-07-10,53.16999816894531,55.0,50.60499954223633,51.64500045776367,42.913448333740234,29277170
2009-07-13,50.9900016784668,51.29999923706055,47.5099983215332,48.525001525878906,40.32093811035156,24898300
2009-07-14,49.59000015258789,53.29999923706055,49.59000015258789,53.02000045776367,44.05596923828125,25283810
2009-07-15,54.0,57.529998779296875,53.5,56.8650016784668,47.25090789794922,28994120
2009-07-16,58.130001068115234,61.10499954223633,57.29999923706055,57.96500015258789,48.1649284362793,49100020
2009-07-17,58.61000061035156,60.77000045776367,57.2349967956543,60.029998779296875,49.88080596923828,28042300
2009-07-20,60.525001525878906,62.18000030517578,59.505001068115234,60.3849983215332,50.175777435302734,49620550
2009-07-21,60.875,62.0,59.82500076293945,60.56999969482422,50.329498291015625,39050330
2009-07-22,60.900001525878906,63.0,58.77000045776367,59.47999954223633,49.42378616333008,52244510
2009-07-23,61.400001525878906,62.369998931884766,60.099998474121094,62.005001068115234,51.52189254760742,24919600
2009-07-24,62.54999923706055,63.689998626708984,62.005001068115234,63.15999984741211,52.48161697387695,24673160
2009-07-27,63.810001373291016,68.99500274658203,63.209999084472656,68.36000061035156,56.802459716796875,54946150
2009-07-28,68.5999984741211,69.79000091552734,67.20999908447266,68.3499984741211,56.79413986206055,30744610
2009-07-29,68.3499984741211,70.4000015258789,63.630001068115234,68.75,57.126522064208984,53680670
2009-07-30,67.8499984741211,70.30000305175781,66.0,68.76000213623047,57.13482666015625,35073020
2009-07-31,69.9000015258789,71.39500427246094,68.80000305175781,69.7750015258789,57.97822189331055,23807550
2009-08-03,70.19000244140625,74.98999786376953,69.0250015258789,74.45999908447266,61.871131896972656,35861990
2009-08-04,74.88999938964844,76.25499725341797,71.51000213623047,72.87000274658203,60.549949645996094,38211970
2009-08-05,73.23999786376953,73.58000183105469,70.19999694824219,71.44499969482422,59.36587905883789,23498930
2009-08-06,71.19000244140625,74.19999694824219,70.5199966430664,71.8499984741211,59.70240783691406,45026810
2009-08-07,71.0,72.4000015258789,68.83000183105469,69.83499908447266,58.02808380126953,25965050
2009-08-10,70.5,71.5999984741211,66.625,67.27999877929688,55.90505599975586,28628110
2009-08-11,67.31500244140625,70.12000274658203,67.11000061035156,69.05999755859375,57.38410949707031,19626010
2009-08-12,68.0,68.73999786376953,64.80500030517578,67.58499908447266,56.15848159790039,23907870
2009-08-13,68.5,73.18000030517578,68.5,72.68499755859375,60.39622116088867,26665700
2009-08-14,73.0999984741211,74.98500061035156,71.82499694824219,73.82499694824219,61.34348678588867,40886370
2009-08-17,71.16500091552734,72.81999969482422,68.01000213623047,68.375,56.81492614746094,21259700
2009-08-18,68.5,71.4800033569336,68.0,71.02999877929688,59.021034240722656,24204460
2009-08-19,71.30000305175781,71.91999816894531,68.33000183105469,68.90499877929688,57.255313873291016,23997460
2009-08-20,69.72000122070312,70.99500274658203,69.16500091552734,69.59500122070312,57.82865905761719,13807940
2009-08-21,70.0,70.4800033569336,68.5250015258789,70.125,58.269046783447266,19988750
2009-08-24,71.5,72.4000015258789,71.0,71.64500427246094,59.53207015991211,14942800
2009-08-25,71.0,72.55000305175781,71.0,71.51000213623047,59.419883728027344,14874570
2009-08-26,72.23500061035156,73.25,71.83999633789062,72.37999725341797,60.14279556274414,18046240
2009-08-27,72.4000015258789,72.89500427246094,70.61000061035156,71.1050033569336,59.0833625793457,21053970
2009-08-28,71.0999984741211,71.79000091552734,70.19999694824219,70.96500396728516,58.967041015625,9213030
2009-08-31,70.19999694824219,70.4000015258789,68.4000015258789,68.91500091552734,57.26362609863281,9478970
2009-09-01,69.5,69.98999786376953,66.30999755859375,66.98999786376953,55.6640739440918,14368800
2009-09-02,66.0,67.48999786376953,65.30000305175781,66.37000274658203,55.14890670776367,18457270
2009-09-03,68.0,68.23999786376953,66.68000030517578,67.17500305175781,55.81779861450195,9417770
2009-09-04,67.80000305175781,69.66000366210938,67.42500305175781,69.2699966430664,57.558597564697266,14530600
2009-09-07,73.0,75.0,70.0,72.52999877929688,60.267433166503906,15807690
2009-09-08,72.5999984741211,75.49500274658203,72.23500061035156,73.68000030517578,61.223018646240234,27252740
2009-09-09,73.97000122070312,74.41999816894531,72.4000015258789,73.1050033569336,60.74521255493164,12124880
2009-09-10,73.5999984741211,76.02999877929688,73.11000061035156,73.72000122070312,61.25624465942383,22270710
2009-09-11,74.19999694824219,74.48999786376953,72.55000305175781,73.48999786376953,61.06512451171875,10064220
2009-09-14,72.94999694824219,75.0,71.625,74.46500396728516,61.875301361083984,13567480
2009-09-15,74.625,77.0,74.625,76.74500274658203,63.769813537597656,19208380
2009-09-16,77.4000015258789,81.79000091552734,76.99500274658203,81.02999877929688,67.33035278320312,26321200
2009-09-17,81.19999694824219,82.29000091552734,79.0,79.93000030517578,66.41633605957031,16382120
2009-09-18,78.5,80.68000030517578,78.19999694824219,79.2699966430664,65.86790466308594,12158090
2009-09-22,79.5999984741211,80.98999786376953,79.13999938964844,80.30500030517578,66.7279281616211,9295160
2009-09-23,80.5,84.23500061035156,80.5,82.70999908447266,68.72631072998047,24751380
2009-09-24,81.55500030517578,85.0999984741211,80.29000091552734,84.09500122070312,69.87715911865234,15419950
2009-09-25,83.5,83.87000274658203,79.61000061035156,80.7699966430664,67.11429595947266,20341090
2009-09-29,81.70999908447266,82.79499816894531,81.05000305175781,81.91999816894531,68.06986999511719,9809620
2009-09-30,81.69999694824219,83.5999984741211,81.5999984741211,83.26000213623047,69.1833267211914,10341440
2009-10-01,83.87000274658203,86.80000305175781,82.12999725341797,85.375,70.94075012207031,18376310
2009-10-05,84.88499450683594,85.375,83.0,83.64500427246094,69.50323486328125,13648410
2009-10-06,84.0999984741211,87.77999877929688,83.19999694824219,86.99500274658203,72.28684997558594,20714880
2009-10-07,87.98999786376953,90.5999984741211,87.5,88.30000305175781,73.37122344970703,20692240
2009-10-08,89.5,92.12999725341797,88.3499984741211,91.16999816894531,75.75599670410156,19164830
2009-10-09,91.37000274658203,92.19999694824219,88.29499816894531,88.98500061035156,73.9404067993164,14017550
2009-10-12,89.9000015258789,92.94000244140625,89.5,90.37999725341797,75.09956359863281,23488430
2009-10-13,90.37999725341797,90.37999725341797,90.37999725341797,90.37999725341797,75.09956359863281,0
2009-10-14,91.63999938964844,92.16000366210938,90.42500305175781,91.26000213623047,75.83078002929688,27287550
2009-10-15,92.40499877929688,92.4800033569336,90.5999984741211,91.26000213623047,75.83078002929688,10318120
2009-10-16,90.69999694824219,93.48999786376953,89.80999755859375,91.7300033569336,76.2213134765625,15470490
2009-10-20,91.56999969482422,93.29000091552734,91.56999969482422,92.31500244140625,76.70741271972656,7561770
2009-10-21,92.80000305175781,93.58999633789062,90.51499938964844,91.11000061035156,75.70612335205078,10245220
2009-10-22,91.5,91.59500122070312,86.01000213623047,87.13999938964844,72.40734100341797,27617790
2009-10-23,88.25,88.7300033569336,83.51000213623047,85.2249984741211,70.81609344482422,43429480
2009-10-26,84.99500274658203,85.26499938964844,80.58499908447266,81.44000244140625,67.67105102539062,13314260
2009-10-27,80.5999984741211,80.5999984741211,75.30000305175781,75.92500305175781,63.08845901489258,17834420
2009-10-28,74.56999969482422,76.68000030517578,72.4000015258789,74.44499969482422,61.858680725097656,21260260
2009-10-29,73.0999984741211,73.68000030517578,70.7750015258789,71.57499694824219,59.47389221191406,19126700
2009-10-30,72.80999755859375,76.66000366210938,72.80999755859375,75.55000305175781,62.7768440246582,19320050
2009-11-03,75.19999694824219,76.2300033569336,66.31999969482422,67.62000274658203,56.18757247924805,13215440
2009-11-04,67.99500274658203,72.69000244140625,65.26499938964844,72.11500549316406,59.92259216308594,25077800
2009-11-05,72.0,78.75,71.5,77.66000366210938,64.53013610839844,20959660
2009-11-06,78.98999786376953,79.97000122070312,75.13499450683594,76.12000274658203,63.25048828125,23931040
2009-11-09,77.0,81.94000244140625,76.73500061035156,81.45999908447266,67.68763732910156,20763250
2009-11-10,82.5,86.80000305175781,80.64500427246094,84.91000366210938,70.55437469482422,39240080
2009-11-11,85.30000305175781,85.5,83.0,84.88999938964844,70.5377426147461,22446840
2009-11-12,84.01000213623047,85.19999694824219,81.8499984741211,82.68000030517578,68.70140075683594,15195100
2009-11-13,82.5,90.25499725341797,81.81999969482422,89.62000274658203,74.46803283691406,43687710
2009-11-16,89.9000015258789,93.5,89.5,92.4749984741211,76.8403549194336,25439780
2009-11-17,93.6050033569336,94.87000274658203,92.01000213623047,92.74500274658203,77.0647201538086,32198380
2009-11-18,93.88999938964844,99.69999694824219,92.4000015258789,96.54000091552734,80.21809387207031,61708160
2009-11-19,96.78499603271484,103.86499786376953,95.2699966430664,95.88499450683594,79.673828125,123359590
2009-11-20,95.5,97.69999694824219,91.01499938964844,95.88499450683594,79.673828125,59438810
2009-11-23,97.0,98.19999694824219,95.80000305175781,97.15499877929688,80.72911834716797,26720060
2009-11-24,97.80000305175781,101.3949966430664,96.9800033569336,99.95500183105469,83.05574798583984,46179080
2009-11-25,100.23999786376953,104.0,99.5,100.34500122070312,83.3797836303711,40402930
2009-11-26,97.0999984741211,102.18000030517578,95.30000305175781,98.0199966430664,81.44788360595703,30784450
2009-11-27,96.0,96.0,89.5,94.23999786376953,78.30694580078125,46533530
2009-11-30,96.69999694824219,99.98999786376953,96.0,99.31500244140625,82.52394104003906,28012150
2009-12-01,104.26000213623047,104.48999786376953,100.11000061035156,101.58499908447266,84.41014099121094,19303330
2009-12-02,103.0,105.16999816894531,100.33999633789062,102.26499938964844,84.97517395019531,45266900
2009-12-03,102.69999694824219,103.4800033569336,101.0199966430664,101.8949966430664,84.667724609375,24068020
2009-12-04,101.69999694824219,103.0999984741211,100.62000274658203,101.69999694824219,84.50569152832031,15696130
2009-12-07,101.55000305175781,102.5999984741211,94.12999725341797,94.88999938964844,78.8470458984375,31880510
2009-12-08,94.9000015258789,102.0,93.0,101.20999908447266,84.09854125976562,45466170
2009-12-09,99.0,100.69999694824219,96.55500030517578,98.68499755859375,82.00044250488281,24007700
2009-12-10,98.0999984741211,98.9000015258789,96.80000305175781,97.49500274658203,81.0116195678711,21602240
2009-12-11,99.0,99.625,96.0,97.88999938964844,81.33985900878906,19168590
2009-12-14,98.0,98.86500549316406,96.75,97.48999786376953,81.00746154785156,15011290
2009-12-15,98.58000183105469,98.58000183105469,94.6500015258789,95.28499603271484,79.17526245117188,12410760
2009-12-16,94.30000305175781,98.13499450683594,93.6050033569336,97.78499603271484,81.25260925292969,23701920
2009-12-17,98.0,99.48999786376953,97.20500183105469,98.69999694824219,82.01292419433594,19200040
2009-12-18,98.95999908447266,99.43000030517578,97.23999786376953,97.7699966430664,81.24014282226562,13771970
2009-12-21,99.0,99.0,95.68000030517578,96.2699966430664,79.99374389648438,12063790
2009-12-22,96.80000305175781,98.87000274658203,96.80000305175781,98.34500122070312,81.71792602539062,9462750
2009-12-23,99.0,102.06999969482422,98.76000213623047,101.81999969482422,84.60542297363281,22538220
2009-12-24,102.5,103.81500244140625,101.01000213623047,102.48999786376953,85.1621322631836,13110020
2009-12-29,103.0999984741211,103.4000015258789,102.0,102.41000366210938,85.09567260742188,5864960
2009-12-30,102.19999694824219,103.0,100.70500183105469,101.33999633789062,84.2065658569336,6694350
2009-12-31,102.0,102.5,101.0,101.31999969482422,84.18994903564453,7835570
2010-01-04,102.0,102.83999633789062,101.0199966430664,102.29499816894531,85.00010681152344,6300240
2010-01-05,106.97000122070312,114.80000305175781,102.68000030517578,113.48999786376953,94.3023681640625,37729180
2010-01-06,114.02999877929688,115.54000091552734,111.62000274658203,114.8949966430664,95.46983337402344,32266220
2010-01-07,114.80000305175781,115.5,111.74500274658203,112.44499969482422,93.4340591430664,12190810
2010-01-08,111.5999984741211,113.7300033569336,110.51000213623047,111.80500030517578,92.90225219726562,12242440
2010-01-11,113.0,115.68000030517578,112.30000305175781,114.26499938964844,94.94635772705078,18166970
2010-01-12,113.5,114.98999786376953,112.0999984741211,112.80000305175781,93.72903442382812,11942520
2010-01-13,105.38500213623047,114.98999786376953,105.38500213623047,114.15499877929688,94.85494232177734,15321820
2010-01-14,115.19999694824219,118.66999816894531,113.87999725341797,118.20999908447266,98.22435760498047,23405760
2010-01-15,118.3499984741211,120.66999816894531,117.11000061035156,117.98500061035156,98.03742218017578,20303920
2010-01-18,117.0,117.47000122070312,115.5,116.8949966430664,97.1316909790039,9536970
2010-01-19,117.0,117.98999786376953,114.80999755859375,115.5199966430664,95.98916625976562,10100780
2010-01-20,115.30000305175781,117.5,114.5,115.36499786376953,95.8603744506836,13833750
2010-01-21,115.30000305175781,116.48999786376953,112.0,112.45999908447266,93.44652557373047,10070400
2010-01-22,109.9000015258789,111.4749984741211,106.125,109.76499938964844,91.20716094970703,11203560
2010-01-25,110.9000015258789,110.9000015258789,104.80000305175781,105.48999786376953,87.65492248535156,10876540
2010-01-27,103.0,104.99500274658203,94.82499694824219,96.0,79.76940155029297,22521880
2010-01-28,97.5,99.79000091552734,96.79000091552734,98.9800033569336,82.24555969238281,22879180
2010-01-29,98.0,99.80000305175781,93.0,98.55000305175781,81.8882827758789,20036750
2010-02-01,96.55000305175781,100.94999694824219,96.01000213623047,99.56500244140625,82.7316665649414,17841780
2010-02-02,100.69999694824219,102.87999725341797,96.80999755859375,97.44499969482422,80.97008514404297,18067950
2010-02-03,98.94999694824219,106.18000030517578,98.5,105.58000183105469,87.72972106933594,26435940
2010-02-04,104.80000305175781,105.38500213623047,101.76499938964844,102.29499816894531,85.00010681152344,18955880
2010-02-05,97.11000061035156,99.0,93.86500549316406,96.5199966430664,80.20147705078125,23101980
2010-02-08,99.0,101.79000091552734,94.82499694824219,98.33000183105469,81.70547485351562,35499970
2010-02-09,97.80000305175781,99.66000366210938,97.0,98.66999816894531,81.98797607421875,20933380
2010-02-10,99.5,101.0,95.2249984741211,96.05000305175781,79.8109359741211,20592740
2010-02-11,96.91000366210938,99.39500427246094,96.91000366210938,98.66999816894531,81.98797607421875,13797740
2010-02-15,99.16999816894531,101.5,98.02999877929688,101.13999938964844,84.0403823852539,16940830
2010-02-16,101.55000305175781,102.56999969482422,100.51000213623047,102.26000213623047,84.97101593017578,13422690
2010-02-17,103.5999984741211,107.5,103.0999984741211,106.27999877929688,88.31136322021484,17315430
2010-02-18,107.30000305175781,107.30000305175781,102.8949966430664,106.08000183105469,88.14517974853516,16618460
2010-02-19,104.5,105.0,101.26499938964844,102.19000244140625,84.9128646850586,16444470
2010-02-22,106.5,113.5999984741211,102.2300033569336,102.91500091552734,85.51528930664062,12798310
2010-02-23,102.0999984741211,105.9000015258789,102.0999984741211,105.36499786376953,87.55106353759766,19814540
2010-02-24,105.30000305175781,108.19999694824219,103.5,107.78500366210938,89.56192779541016,21990350
2010-02-25,108.9000015258789,109.01000213623047,107.12000274658203,108.53500366210938,90.18510437011719,18206010
2010-02-26,107.0,110.9000015258789,105.55000305175781,107.03500366210938,88.93871307373047,16913510
2010-03-02,109.5,111.79000091552734,108.5,111.2750015258789,92.46186828613281,15365490
2010-03-03,111.19999694824219,115.23999786376953,110.0,114.67500305175781,95.28704833984375,17467930
2010-03-04,114.87000274658203,116.9800033569336,113.69999694824219,115.97000122070312,96.36308288574219,16178760
2010-03-05,116.69000244140625,120.4000015258789,116.69000244140625,119.61000061035156,99.38768005371094,21684150
2010-03-08,121.50499725341797,123.13999938964844,118.11000061035156,120.26499938964844,99.93192291259766,16902940
2010-03-09,121.0,121.0,118.51000213623047,119.33999633789062,99.16331481933594,11360700
2010-03-10,118.0,119.69999694824219,115.70999908447266,117.05999755859375,97.26881408691406,20130390
2010-03-11,116.80000305175781,117.625,115.41999816894531,116.63999938964844,96.91980743408203,13565540
2010-03-12,116.63999938964844,118.9800033569336,115.82499694824219,117.87999725341797,97.95016479492188,24127970
2010-03-15,117.69999694824219,118.87000274658203,115.7699966430664,117.9749984741211,98.02909088134766,14722130
2010-03-16,118.0,120.23999786376953,117.9749984741211,119.9000015258789,99.62865447998047,19888080
2010-03-17,121.5,122.69999694824219,120.51000213623047,122.17500305175781,101.51902770996094,17223430
2010-03-18,122.49500274658203,125.19999694824219,121.80000305175781,124.91000366210938,103.79161834716797,18180470
2010-03-19,124.99500274658203,125.4000015258789,123.5,124.23999786376953,103.23487854003906,13023340
2010-03-22,123.20999908447266,124.5,122.0,123.21499633789062,102.3831787109375,10799590
2010-03-23,123.80000305175781,127.1500015258789,123.80000305175781,126.7249984741211,105.29974365234375,24567900
2010-03-25,126.4000015258789,129.0,126.19999694824219,127.99500274658203,106.35503387451172,15701090
2010-03-26,129.77000427246094,130.0,125.56500244140625,128.43499755859375,106.72065734863281,10314650
2010-03-29,129.0,130.0,125.51000213623047,125.88500213623047,104.60176086425781,9836550
2010-03-30,126.5,127.5,123.44000244140625,123.94999694824219,102.9939193725586,9066510
2010-03-31,124.5,125.38999938964844,122.12000274658203,123.4800033569336,102.60338592529297,12721260
2010-04-01,124.5,125.9000015258789,123.4000015258789,125.06500244140625,103.92040252685547,14744640
2010-04-05,125.98999786376953,128.88999938964844,125.51499938964844,128.10499572753906,106.44644165039062,14799100
2010-04-06,128.5,129.0,126.5,127.3949966430664,105.85647583007812,7924020
2010-04-07,127.7300033569336,128.5800018310547,124.7750015258789,125.92500305175781,104.635009765625,9165040
2010-04-08,126.0,126.37000274658203,121.50499725341797,122.33499908447266,101.65196990966797,9493520
2010-04-09,122.97000122070312,124.33499908447266,122.19999694824219,122.7750015258789,102.017578125,11361580
2010-04-12,123.5999984741211,124.4000015258789,121.80999755859375,123.04499816894531,102.24193572998047,11052140
2010-04-13,122.99500274658203,127.33499908447266,122.37999725341797,126.80500030517578,105.36624145507812,17088620
2010-04-15,127.30000305175781,128.8000030517578,126.0999984741211,126.5,105.11279296875,12249280
2010-04-16,127.0,130.19000244140625,126.46499633789062,128.88999938964844,107.09869384765625,12198450
2010-04-19,127.5,127.97000122070312,122.0,122.59500122070312,101.86800384521484,17265310
2010-04-20,122.80999755859375,125.19999694824219,121.9000015258789,122.47000122070312,101.7641372680664,15483590
2010-04-21,122.97000122070312,124.52999877929688,122.01000213623047,122.5250015258789,101.80984497070312,8443020
2010-04-22,122.5999984741211,123.42500305175781,119.5,120.43499755859375,100.07319641113281,13189410
2010-04-23,120.9000015258789,121.42500305175781,118.20500183105469,119.82499694824219,99.56632995605469,15082360
2010-04-26,120.5999984741211,123.08999633789062,120.20500183105469,121.23999786376953,100.74209594726562,13582570
2010-04-27,122.0,122.33999633789062,120.05000305175781,120.4800033569336,100.110595703125,8845980
2010-04-28,118.5,119.29000091552734,117.0,117.76499938964844,97.8546142578125,10756550
2010-04-29,118.5,123.80000305175781,118.0199966430664,123.24500274658203,102.4081039428711,17174450
2010-04-30,124.5,125.31999969482422,121.91999816894531,122.76000213623047,102.00511169433594,15945130
2010-05-03,122.4000015258789,123.69999694824219,120.87000274658203,122.18499755859375,101.52732849121094,16133010
2010-05-04,123.7699966430664,123.7699966430664,113.83999633789062,114.41000366210938,95.06681823730469,22222450
2010-05-05,112.80000305175781,116.4800033569336,108.83499908447266,115.6050033569336,96.05980682373047,33279350
2010-05-06,114.4000015258789,116.9000015258789,112.3499984741211,115.48500061035156,95.9600830078125,21303720
2010-05-07,112.4000015258789,113.77999877929688,110.0999984741211,112.12999725341797,93.17230987548828,17833210
2010-05-10,114.30000305175781,122.19999694824219,113.5,121.18499755859375,100.69640350341797,24447770
2010-05-11,121.5,122.5,114.49500274658203,120.1050033569336,99.79899597167969,25043600
2010-05-12,120.50499725341797,123.66000366210938,118.71499633789062,123.2699966430664,102.42887115478516,22958470
2010-05-13,124.98999786376953,127.0999984741211,123.0999984741211,126.1050033569336,104.78457641601562,28383010
2010-05-14,123.66500091552734,126.26499938964844,118.20999908447266,119.62000274658203,99.3959732055664,33772380
2010-05-17,117.9000015258789,118.25,113.74500274658203,117.11000061035156,97.31034851074219,18088430
2010-05-18,116.87999725341797,118.5,114.01000213623047,115.0250015258789,95.5778579711914,22435240
2010-05-19,113.69999694824219,114.0,106.50499725341797,108.18499755859375,89.89427185058594,23206650
2010-05-20,109.23500061035156,109.97000122070312,104.6500015258789,106.69499969482422,88.65620422363281,25149780
2010-05-21,102.5,109.37999725341797,101.82499694824219,108.45999908447266,90.1227798461914,22376340
2010-05-24,110.5,112.44499969482422,104.43000030517578,105.53500366210938,87.69232940673828,15738110
2010-05-25,103.80000305175781,103.97000122070312,98.31999969482422,99.44000244140625,82.62781524658203,28778190
2010-05-26,100.5,106.30000305175781,100.5,105.03500366210938,87.27684783935547,26721360
2010-05-27,106.0,109.0,102.27999877929688,107.5199966430664,89.34172058105469,25346900
2010-05-28,109.5,111.55000305175781,108.56500244140625,110.00499725341797,91.40657043457031,22931650
2010-05-31,110.30000305175781,111.30000305175781,107.0,110.80500030517578,92.07133483886719,19536560
2010-06-01,109.0,111.83499908447266,104.52999877929688,105.4000015258789,87.58013153076172,26705710
2010-06-02,105.80000305175781,106.20500183105469,103.0,105.3949966430664,87.57599639892578,34301270
2010-06-03,107.0,109.5,106.5,107.01499938964844,88.9220962524414,22570280
2010-06-04,107.5,108.30000305175781,105.01000213623047,107.58499908447266,89.3957290649414,14786440
2010-06-07,106.44499969482422,106.44499969482422,101.68000030517578,103.19000244140625,85.74378967285156,16773510
2010-06-08,103.5,104.5,100.0999984741211,101.20500183105469,84.0943832397461,23978750
2010-06-09,101.20500183105469,104.375,101.20500183105469,102.71499633789062,85.34909057617188,23353470
2010-06-10,103.19999694824219,105.41999816894531,102.00499725341797,105.04499816894531,87.28517150878906,17214340
2010-06-11,105.54499816894531,106.61499786376953,103.33000183105469,103.92500305175781,86.35453796386719,19240480
2010-06-14,104.69000244140625,105.0999984741211,103.71499633789062,104.375,87.52855682373047,11102100
2010-06-15,104.5,106.93000030517578,103.5999984741211,106.36499786376953,89.19734954833984,23629110
2010-06-16,107.0,107.80000305175781,105.1500015258789,105.7249984741211,88.66065979003906,13727550
2010-06-17,105.73999786376953,106.19999694824219,103.6500015258789,104.91000366210938,87.97721099853516,11949220
2010-06-18,104.5,105.5199966430664,103.12000274658203,103.88999938964844,87.12184143066406,16803030
2010-06-21,105.47000122070312,110.31999969482422,105.2249984741211,109.69000244140625,91.9857177734375,22102060
2010-06-22,108.80000305175781,109.30000305175781,106.73500061035156,107.06999969482422,89.78858184814453,11250390
2010-06-23,106.5,108.69999694824219,105.9000015258789,106.69999694824219,89.47830963134766,20304320
2010-06-24,107.19999694824219,107.80000305175781,104.87000274658203,105.6500015258789,88.59777069091797,17869460
2010-06-25,105.0999984741211,106.30000305175781,103.9000015258789,104.31999969482422,87.48242950439453,9666740
2010-06-28,104.61000061035156,106.80999755859375,104.19999694824219,106.31999969482422,89.15963745117188,8861870
2010-06-29,106.31999969482422,107.5999984741211,104.20500183105469,104.95500183105469,88.01495361328125,16762130
2010-06-30,104.0,106.5,103.33000183105469,106.1449966430664,89.01287078857422,9869710
2010-07-01,105.46499633789062,105.5,103.38999938964844,103.69000244140625,86.9541244506836,8914290
2010-07-02,104.0,104.69999694824219,102.0,102.9749984741211,86.35452270507812,11366730
2010-07-05,102.68000030517578,103.80000305175781,102.50499725341797,102.875,86.27066040039062,5018130
2010-07-06,103.0,107.97000122070312,102.875,107.58999633789062,90.22463989257812,16662070
2010-07-07,110.0,110.66000366210938,105.87999725341797,106.2750015258789,89.12189483642578,33392270
2010-07-08,107.5999984741211,109.1449966430664,106.70999908447266,107.40499877929688,90.06950378417969,12593270
2010-07-09,107.54000091552734,109.48500061035156,107.5,108.18000030517578,90.71943664550781,11716160
2010-07-12,108.5,118.0,107.51000213623047,108.23500061035156,90.76554107666016,10616650
2010-07-13,107.5,110.79000091552734,107.12000274658203,110.11499786376953,92.34209442138672,17273550
2010-07-14,110.99500274658203,112.5,107.91999816894531,108.2300033569336,90.76136016845703,11966970
2010-07-15,108.30000305175781,110.19000244140625,107.68499755859375,109.63500213623047,91.93958282470703,11443150
2010-07-16,110.19999694824219,110.96499633789062,109.1449966430664,110.12000274658203,92.34629821777344,10689110
2010-07-19,108.97000122070312,111.19999694824219,108.97000122070312,110.23999786376953,92.44693756103516,8220510
2010-07-20,110.625,113.38999938964844,110.20999908447266,112.2300033569336,94.11573791503906,19482160
2010-07-21,112.8499984741211,117.9000015258789,112.52999877929688,117.54000091552734,98.56869506835938,25872060
2010-07-22,117.30000305175781,120.80000305175781,116.1050033569336,120.05500030517578,100.6777572631836,30129280
2010-07-23,122.0,123.05000305175781,119.0999984741211,119.76499938964844,100.43455505371094,30838660
2010-07-26,120.5,120.63500213623047,116.20500183105469,117.0999984741211,98.19970703125,13188310
2010-07-27,118.0,119.0999984741211,115.41000366210938,116.23999786376953,97.47850036621094,33982520
2010-07-28,116.5,117.26000213623047,115.0,115.68499755859375,97.01309204101562,9852010
2010-07-29,115.4000015258789,116.38999938964844,113.80000305175781,114.08499908447266,95.67133331298828,16050210
2010-07-30,113.01000213623047,114.54499816894531,110.51000213623047,111.7300033569336,93.6964340209961,8675080
2010-08-02,113.75,114.5,112.55000305175781,113.70999908447266,95.35686492919922,7963170
2010-08-03,114.98999786376953,114.98999786376953,112.25,112.81500244140625,94.6063232421875,7264470
2010-08-04,113.24500274658203,113.24500274658203,110.0,111.26000213623047,93.30229949951172,11833340
2010-08-05,111.5,114.19999694824219,111.22000122070312,112.06999969482422,93.9815673828125,13924720
2010-08-06,112.68499755859375,113.3550033569336,110.83499908447266,111.29000091552734,93.32744598388672,10727100
2010-08-09,111.30999755859375,113.18000030517578,110.94499969482422,112.6449966430664,94.46375274658203,9497760
2010-08-10,112.80500030517578,114.3499984741211,112.12000274658203,113.33499908447266,95.04236602783203,12959840
2010-08-11,113.02999877929688,114.0999984741211,111.0,111.30000305175781,93.33585357666016,8459660
2010-08-12,110.19999694824219,111.3499984741211,108.36000061035156,111.02999877929688,93.10941314697266,11504450
2010-08-13,111.5,112.58000183105469,110.53500366210938,111.38500213623047,93.40711975097656,5864700
2010-08-16,111.8499984741211,113.04000091552734,110.125,110.63999938964844,92.7823715209961,10305680
2010-08-17,111.26000213623047,111.96499633789062,110.06999969482422,111.08000183105469,93.15135192871094,7749270
2010-08-18,111.0999984741211,113.0999984741211,110.43499755859375,112.70500183105469,94.51407623291016,7120590
2010-08-19,113.0,114.9000015258789,112.5,113.20500183105469,94.93338012695312,10085160
2010-08-20,112.69999694824219,114.48999786376953,112.07499694824219,113.83999633789062,95.46587371826172,6353900
2010-08-23,114.33999633789062,116.38999938964844,113.80999755859375,116.01499938964844,97.28983306884766,8572390
2010-08-24,116.31999969482422,116.99500274658203,114.51499938964844,115.98500061035156,97.26467895507812,7309730
2010-08-25,116.0,116.3499984741211,113.8499984741211,114.86000061035156,96.32125854492188,10114350
2010-08-26,115.25,115.5,111.91000366210938,112.57499694824219,94.40505981445312,9972620
2010-08-27,112.4000015258789,114.48999786376953,111.0,111.41000366210938,93.42808532714844,5796360
2010-08-30,111.63500213623047,114.97000122070312,111.5999984741211,113.98500061035156,95.58747863769531,7247550
2010-08-31,113.30000305175781,114.5,111.68000030517578,113.125,94.86627197265625,6703640
2010-09-01,114.0,118.08999633789062,113.31500244140625,117.31500244140625,98.38002014160156,13018590
2010-09-02,118.5,119.8499984741211,117.5999984741211,117.87999725341797,98.85380554199219,10381620
2010-09-03,119.0,119.19999694824219,116.11000061035156,116.42500305175781,97.63365173339844,7661070
2010-09-06,117.0999984741211,120.97000122070312,116.83499908447266,119.66500091552734,100.35072326660156,13116630
2010-09-07,119.69999694824219,122.69000244140625,119.69999694824219,121.91999816894531,102.24173736572266,16985100
2010-09-08,120.0999984741211,122.94999694824219,120.0999984741211,121.58499908447266,101.9608154296875,9923570
2010-09-09,121.9000015258789,122.69999694824219,120.33000183105469,121.70500183105469,102.06143951416016,7044100
2010-09-13,122.63999938964844,124.66999816894531,122.33499908447266,123.82499694824219,103.83927917480469,9155920
2010-09-14,125.0,125.0,120.9000015258789,121.625,101.99435424804688,10665700
2010-09-15,122.1500015258789,123.94999694824219,121.54499816894531,123.0250015258789,103.16839599609375,7157900
2010-09-16,122.68000030517578,123.4000015258789,119.30999755859375,119.68000030517578,100.36328125,8714660
2010-09-17,120.51499938964844,126.5,120.0199966430664,125.69499969482422,105.4074478149414,18305940
2010-09-20,126.0,129.86000061035156,124.92500305175781,128.88499450683594,108.08257293701172,17787110
2010-09-21,129.10000610351562,130.0050048828125,125.05500030517578,126.94999694824219,106.45988464355469,8893970
2010-09-22,127.4000015258789,128.6699981689453,124.55000305175781,125.67500305175781,105.39067077636719,10041150
2010-09-23,122.5250015258789,126.69000244140625,122.5250015258789,125.70500183105469,105.41584777832031,6039890
2010-09-24,126.5,128.58999633789062,126.0,127.58000183105469,106.98820495605469,8653400
2010-09-27,128.1999969482422,132.6999969482422,128.01499938964844,131.99000549316406,110.68643951416016,18372830
2010-09-28,132.0,134.3800048828125,131.6999969482422,132.77999877929688,111.34891510009766,10333620
2010-09-29,133.5,134.0,131.55499267578125,132.48500061035156,111.10152435302734,10069190
2010-09-30,132.5,134.6999969482422,131.02000427246094,133.34500122070312,111.82270050048828,16442650
2010-10-01,134.4949951171875,137.5399932861328,134.0500030517578,137.0500030517578,114.92971801757812,19627440
2010-10-04,137.8800048828125,139.93499755859375,137.7100067138672,139.1999969482422,116.73270416259766,12551480
2010-10-05,140.0,140.0,137.5,137.67999267578125,115.4580307006836,8613060
2010-10-06,138.6999969482422,139.7899932861328,137.22000122070312,138.17999267578125,115.8773193359375,18793680
2010-10-07,138.40499877929688,139.1999969482422,136.3000030517578,137.08999633789062,114.96326446533203,27550900
2010-10-08,137.39999389648438,137.60000610351562,131.41000366210938,133.64500427246094,112.07430267333984,16783180
2010-10-11,135.1199951171875,139.3000030517578,134.40499877929688,136.16000366210938,114.18336486816406,9992070
2010-10-12,136.01499938964844,137.15499877929688,131.15499877929688,132.69000244140625,111.27342224121094,8240320
2010-10-13,133.11500549316406,135.77999877929688,133.0,135.26499938964844,113.43281555175781,7558410
2010-10-14,135.97000122070312,136.86500549316406,133.77999877929688,134.77999877929688,113.02610778808594,14343050
2010-10-15,135.0,135.6999969482422,131.2550048828125,131.55499267578125,110.32160949707031,3374020
2010-10-18,131.1999969482422,132.77999877929688,128.11000061035156,131.8800048828125,110.59417724609375,6890700
2010-10-19,132.2100067138672,132.99000549316406,128.65499877929688,129.10000610351562,108.26285552978516,5646780
2010-10-20,128.5,128.6999969482422,124.8550033569336,125.96499633789062,105.63385009765625,5783760
2010-10-21,126.08999633789062,127.5999984741211,126.08999633789062,127.11000061035156,106.59406280517578,6084660
2010-10-22,127.4800033569336,129.60000610351562,123.81500244140625,125.51000213623047,105.25228881835938,5048530
2010-10-25,126.2750015258789,127.69000244140625,123.15499877929688,123.92500305175781,103.92312622070312,7821980
2010-10-26,124.5,124.8550033569336,121.23500061035156,122.57499694824219,102.79103088378906,10996330
2010-10-27,122.4000015258789,128.6699981689453,121.66999816894531,127.73500061035156,107.11819458007812,21320600
2010-10-28,127.5,133.10000610351562,127.36499786376953,131.97000122070312,110.66963195800781,19881230
2010-10-29,130.3000030517578,136.39999389648438,130.3000030517578,134.19500732421875,112.53553009033203,21653400
2010-11-01,134.9949951171875,136.1999969482422,132.72000122070312,134.39999389648438,112.70742797851562,5330470
2010-11-02,135.0,135.0,131.5,132.9149932861328,111.46212005615234,3595600
2010-11-03,133.4949951171875,134.26499938964844,132.41000366210938,132.98500061035156,111.52081298828125,2479830
2010-11-04,133.7899932861328,136.47999572753906,133.67999267578125,135.1699981689453,113.3531494140625,3763430
2010-11-08,135.0,135.89999389648438,132.71499633789062,133.9149932861328,112.30069732666016,3371780
2010-11-09,133.11000061035156,135.0,132.8000030517578,133.7550048828125,112.16654968261719,4556870
2010-11-10,133.00999450683594,134.5,132.77499389648438,133.69500732421875,112.11622619628906,1909640
2010-11-11,133.91000366210938,134.88999938964844,131.7550048828125,133.05499267578125,111.57950592041016,3455990
2010-11-12,132.00999450683594,133.1699981689453,127.12999725341797,127.90499877929688,107.26074981689453,3866040
2010-11-15,127.80000305175781,130.0,125.69999694824219,129.47000122070312,108.5731430053711,2840900
2010-11-16,129.5,130.0,121.62000274658203,123.33999633789062,103.43254089355469,7748650
2010-11-18,123.0,128.49000549316406,121.0999984741211,127.75499725341797,107.13497161865234,5708650
2010-11-19,127.83999633789062,127.83999633789062,123.05500030517578,123.45500183105469,103.52899169921875,3424710
2010-11-22,124.62000274658203,125.5999984741211,121.84500122070312,125.13500213623047,104.9378433227539,5181420
2010-11-23,124.00499725341797,124.00499725341797,120.15499877929688,122.66999816894531,102.87069702148438,6132090
2010-11-24,122.80000305175781,124.47000122070312,118.5999984741211,120.2699966430664,100.85807037353516,5710310
2010-11-25,115.38500213623047,123.04000091552734,115.38500213623047,119.0250015258789,99.81401062011719,6038790
2010-11-26,119.01000213623047,120.1449966430664,110.0,110.7699966430664,92.89136505126953,9387100
2010-11-29,110.9000015258789,114.44000244140625,109.36000061035156,113.21499633789062,94.94173431396484,4108040
2010-11-30,112.86000061035156,113.80000305175781,109.57499694824219,112.79000091552734,94.5853500366211,5857070
2010-12-01,113.49500274658203,122.0,113.49500274658203,120.62999725341797,101.15995025634766,7202890
2010-12-02,121.98500061035156,122.30500030517578,117.29499816894531,118.79000091552734,99.61693572998047,7299700
2010-12-03,119.80000305175781,120.5999984741211,110.25,112.00499725341797,93.92705535888672,11322640
2010-12-06,112.5199966430664,119.0,112.5199966430664,116.79000091552734,97.93973541259766,11524770
2010-12-07,117.31999969482422,117.75,112.51000213623047,117.01000213623047,98.12422943115234,8266470
2010-12-08,116.11000061035156,117.19999694824219,113.23999786376953,114.44000244140625,95.96906280517578,5651500
2010-12-09,114.5999984741211,115.13999938964844,106.0,106.62999725341797,89.41960144042969,7786980
2010-12-10,107.5,110.9000015258789,103.0999984741211,104.05500030517578,87.26021575927734,12288380
2010-12-13,105.5999984741211,113.80000305175781,104.80000305175781,113.0250015258789,94.78242492675781,19358790
2010-12-14,113.58000183105469,117.4000015258789,111.66500091552734,116.61499786376953,97.79297637939453,15675480
2010-12-15,115.69999694824219,118.5,114.41500091552734,116.01499938964844,97.28983306884766,12318650
2010-12-16,116.01499938964844,117.0,112.5,116.4749984741211,97.67557525634766,8107100
2010-12-20,119.4000015258789,119.58000183105469,116.03500366210938,118.73500061035156,99.57080841064453,12073580
2010-12-21,121.19999694824219,123.97000122070312,119.0,121.18000030517578,101.62118530273438,14478890
2010-12-22,121.25,122.3499984741211,112.48999786376953,119.97000122070312,100.60648345947266,8480700
2010-12-23,120.4000015258789,120.83999633789062,115.15499877929688,115.56500244140625,96.91246795654297,12664260
2010-12-24,110.0,117.5,110.0,117.0250015258789,98.13681030273438,8909530
2010-12-27,117.1050033569336,118.5,115.0250015258789,115.62000274658203,96.95858001708984,4838130
2010-12-28,115.5,116.45999908447266,113.55500030517578,114.13500213623047,95.71327209472656,5559260
2010-12-29,114.5,115.91999816894531,113.80000305175781,115.15499877929688,96.56863403320312,4030440
2010-12-30,114.80000305175781,118.38999938964844,112.5,117.70500183105469,98.70706939697266,12253370
2010-12-31,117.9000015258789,118.41999816894531,116.44999694824219,117.70500183105469,98.70706939697266,5739030
2011-01-03,119.54000091552734,121.37999725341797,118.04499816894531,119.11000061035156,99.8852767944336,6765680
2011-01-04,120.06500244140625,120.06500244140625,116.51000213623047,116.7699966430664,97.92295837402344,7849660
2011-01-05,117.45999908447266,117.45999908447266,114.33499908447266,114.75,96.22899627685547,6947230
2011-01-06,115.2699966430664,116.4000015258789,109.37999725341797,109.95500183105469,92.20793914794922,14857590
2011-01-07,109.9000015258789,109.97000122070312,102.0999984741211,102.99500274658203,86.37130737304688,18265140
2011-01-10,103.30000305175781,105.0,97.70999908447266,98.58000183105469,82.66889953613281,18869360
2011-01-11,99.30000305175781,101.0,93.0999984741211,94.22000122070312,79.01260375976562,37095460
2011-01-12,94.83999633789062,99.9000015258789,94.83999633789062,99.56999969482422,83.49909973144531,22557100
2011-01-13,100.0,103.37000274658203,98.69000244140625,100.2699966430664,84.08612060546875,22896120
2011-01-14,100.5,100.58999633789062,96.20500183105469,96.95500183105469,81.3061752319336,17225540
2011-01-17,96.9000015258789,100.30000305175781,95.55000305175781,97.52999877929688,81.78836059570312,19800150
2011-01-18,98.0,102.0,98.0,101.54499816894531,85.15533447265625,14260700
2011-01-19,102.0,106.0,100.2300033569336,105.29499816894531,88.3000717163086,30469140
2011-01-20,104.80000305175781,105.48999786376953,102.41000366210938,104.33000183105469,87.49083709716797,16252680
2011-01-21,104.0,104.81999969482422,100.5999984741211,101.29499816894531,84.94568634033203,9705400
2011-01-24,102.37999725341797,104.4000015258789,101.62999725341797,103.18000030517578,86.52643585205078,9942650
2011-01-25,104.08499908447266,104.98999786376953,100.69499969482422,101.43000030517578,85.05889129638672,13188680
2011-01-27,102.0,103.2699966430664,95.9000015258789,96.30500030517578,80.7610855102539,20217470
2011-01-28,96.30500030517578,98.30000305175781,88.05999755859375,89.63999938964844,75.17183685302734,31155680
2011-01-31,89.5999984741211,91.30000305175781,86.01000213623047,90.55000305175781,75.93495178222656,31122740
2011-02-01,90.69000244140625,92.69999694824219,89.19999694824219,89.93499755859375,75.41921997070312,17259480
2011-02-02,91.19999694824219,94.5,89.73500061035156,92.99500274658203,77.98532104492188,19244120
2011-02-03,93.08999633789062,93.48999786376953,90.44000244140625,92.62999725341797,77.67924499511719,24870420
2011-02-04,92.69999694824219,93.80000305175781,88.5199966430664,89.61500549316406,75.15087890625,19902190
2011-02-07,89.6050033569336,91.39500427246094,88.15499877929688,89.80999755859375,75.31439208984375,13989880
2011-02-08,90.19999694824219,90.30000305175781,81.30000305175781,82.26000213623047,68.98298645019531,26065590
2011-02-09,81.69999694824219,84.0,75.08499908447266,78.23500061035156,65.60762786865234,34703620
2011-02-10,78.80000305175781,84.4000015258789,77.30000305175781,83.37000274658203,69.91382598876953,28311470
2011-02-11,83.5,86.87000274658203,80.71500396728516,86.01000213623047,72.12773132324219,20655640
2011-02-14,86.72000122070312,89.5,86.26499938964844,88.79000091552734,74.45902252197266,19365760
2011-02-15,89.0,91.86000061035156,86.5,89.81500244140625,75.31858825683594,24278430
2011-02-16,89.5,92.16000366210938,89.05000305175781,89.78499603271484,75.29342651367188,20304090
2011-02-17,90.0,92.4749984741211,89.43499755859375,92.17500305175781,77.29768371582031,15825420
2011-02-18,92.19999694824219,92.73999786376953,87.80999755859375,88.33499908447266,74.07746887207031,19261570
2011-02-21,88.0,92.5,86.5999984741211,92.02999877929688,77.17607879638672,21581740
2011-02-22,91.01000213623047,91.98999786376953,88.88999938964844,90.1500015258789,75.59951782226562,14314760
2011-02-23,90.0999984741211,91.38999938964844,88.6500015258789,89.16999816894531,74.77769470214844,12616710
2011-02-24,90.80000305175781,91.9000015258789,85.55999755859375,86.63999938964844,72.65603637695312,19719730
2011-02-25,86.69999694824219,87.80000305175781,84.0,86.43000030517578,72.47993469238281,16806590
2011-02-28,87.16000366210938,90.87000274658203,85.9000015258789,87.02999877929688,72.98308563232422,14723310
2011-03-01,88.0,95.67500305175781,87.89500427246094,94.41999816894531,79.18031311035156,27775420
2011-03-03,93.94999694824219,97.12000274658203,92.01000213623047,96.0199966430664,80.52207946777344,28418920
2011-03-04,96.62000274658203,97.1050033569336,94.5250015258789,95.29499816894531,79.91410064697266,16135140
2011-03-07,93.80000305175781,94.0,90.30000305175781,91.96500396728516,77.12156677246094,19357330
2011-03-08,91.96500396728516,94.23999786376953,91.96500396728516,93.68499755859375,78.56395721435547,13516010
2011-03-09,93.98999786376953,97.23999786376953,93.5,96.70500183105469,81.09652709960938,20926850
2011-03-10,96.12999725341797,96.46500396728516,93.30500030517578,93.7750015258789,78.6394271850586,15911310
2011-03-11,92.9000015258789,93.30000305175781,89.36500549316406,90.23500061035156,75.67079162597656,21520270
2011-03-14,90.21500396728516,93.0,89.6050033569336,92.80500030517578,77.82600402832031,12626360
2011-03-15,90.0,92.08999633789062,89.0,90.90499877929688,76.232666015625,16159290
2011-03-16,91.9000015258789,93.0,89.5,90.55999755859375,75.94335174560547,37826080
2011-03-17,90.0999984741211,90.95500183105469,88.50499725341797,88.98500061035156,74.62255096435547,16008900
2011-03-18,90.5,90.87999725341797,88.66000366210938,89.4749984741211,75.033447265625,16334610
2011-03-21,90.69000244140625,90.69999694824219,86.9000015258789,87.43000030517578,73.31854248046875,15245240
2011-03-22,88.0,89.3499984741211,87.4000015258789,87.77999877929688,73.61204528808594,13878430
2011-03-23,85.8499984741211,90.62000274658203,85.8499984741211,90.23999786376953,75.67498779296875,15909630
2011-03-24,90.69000244140625,91.5,89.58999633789062,89.88499450683594,75.37727355957031,9747240
2011-03-25,90.58999633789062,91.16999816894531,89.31999969482422,90.72000122070312,76.0775146484375,12012170
2011-03-28,90.79499816894531,91.98500061035156,90.0,90.89500427246094,76.22425842285156,11048650
2011-03-29,90.8499984741211,92.5999984741211,90.26499938964844,91.46500396728516,76.7022705078125,17469710
2011-03-30,92.01000213623047,92.79499816894531,91.19999694824219,91.79000091552734,76.97482299804688,9924690
2011-03-31,92.0,92.23999786376953,90.21500396728516,91.62999725341797,76.84064483642578,15650160
2011-04-01,91.80999755859375,95.42500305175781,91.19999694824219,94.95999908447266,79.63314819335938,16045050
2011-04-04,95.5,97.19499969482422,95.5,96.61000061035156,81.016845703125,9718090
2011-04-05,96.70500183105469,99.88999938964844,94.61000061035156,99.2300033569336,83.21397399902344,14289690
2011-04-06,99.0,101.16500091552734,98.77999877929688,99.69499969482422,83.60393524169922,14417410
2011-04-07,101.4000015258789,101.48999786376953,99.01499938964844,100.11499786376953,83.95612335205078,7794150
2011-04-08,99.9000015258789,100.9800033569336,97.16000366210938,97.89500427246094,82.09445190429688,11368030
2011-04-11,97.5,97.5999984741211,95.23500061035156,95.68499755859375,80.24114227294922,8253320
2011-04-13,96.19999694824219,98.9000015258789,94.5,96.18000030517578,80.65625762939453,10558130
2011-04-15,96.19999694824219,97.33999633789062,95.19999694824219,95.82499694824219,80.35856628417969,8655830
2011-04-18,95.93000030517578,96.95500183105469,93.11000061035156,93.55000305175781,78.45075225830078,9560030
2011-04-19,93.55000305175781,94.0,92.0,93.5999984741211,78.49268341064453,7420870
2011-04-20,94.19999694824219,97.5,94.19999694824219,97.01499938964844,81.35647583007812,12562250
2011-04-21,97.5,98.87000274658203,97.01000213623047,97.41000366210938,81.687744140625,8129920
2011-04-25,97.16000366210938,98.3499984741211,96.51000213623047,97.91999816894531,82.11540222167969,5977190
2011-04-26,98.0,100.0999984741211,96.94999694824219,99.81999969482422,83.70875549316406,9240140
2011-04-27,100.0,100.80000305175781,97.63999938964844,98.21500396728516,82.36279296875,9423460
2011-04-28,98.61000061035156,98.79499816894531,95.0999984741211,95.56500244140625,80.1405258178711,13443170
2011-04-29,95.98500061035156,96.39500427246094,94.0199966430664,94.81500244140625,79.51156616210938,7179340
2011-05-02,95.17500305175781,95.80000305175781,92.80000305175781,93.1500015258789,78.11531066894531,5516410
2011-05-03,93.19999694824219,93.30000305175781,90.15499877929688,90.58999633789062,75.96849060058594,8098850
2011-05-04,91.0,91.5,88.4000015258789,89.51000213623047,75.06279754638672,7025680
2011-05-05,90.69999694824219,90.69999694824219,85.55000305175781,85.95500183105469,72.08159637451172,9130990
2011-05-06,86.44000244140625,89.5999984741211,86.14500427246094,89.16000366210938,74.7693099975586,9417610
2011-05-09,90.08999633789062,90.69999694824219,87.69999694824219,89.69000244140625,75.21375274658203,8124320
2011-05-10,89.56999969482422,90.26000213623047,88.0999984741211,88.91500091552734,74.56385040283203,5505290
2011-05-11,89.01499938964844,92.05500030517578,88.4000015258789,91.79000091552734,76.97482299804688,10245400
2011-05-12,92.01000213623047,92.94999694824219,90.61000061035156,91.08999633789062,76.3877944946289,9952180
2011-05-13,91.30500030517578,94.9800033569336,90.9000015258789,93.58000183105469,78.47590637207031,10025490
2011-05-16,93.54000091552734,95.25,90.86500549316406,92.25,77.3605728149414,22389510
2011-05-17,92.5,92.87999725341797,89.72000122070312,92.3499984741211,77.44442749023438,20334990
2011-05-18,92.30000305175781,94.49500274658203,91.30500030517578,94.05500030517578,78.8742446899414,12546410
2011-05-19,94.20500183105469,94.69999694824219,91.5250015258789,92.50499725341797,77.57441711425781,9893890
2011-05-20,92.51000213623047,93.5,91.55999755859375,91.89500427246094,77.0628662109375,7432740
2011-05-23,91.80000305175781,91.80000305175781,89.36000061035156,89.91000366210938,75.39824676513672,7039230
2011-05-24,89.91000366210938,94.06999969482422,89.5199966430664,90.80999755859375,76.15299987792969,7133250
2011-05-25,90.5,90.80000305175781,88.37999725341797,90.0999984741211,75.55757141113281,9134050
2011-05-26,91.0,92.16000366210938,90.64500427246094,91.1500015258789,76.43810272216797,8869420
2011-05-27,91.50499725341797,93.95500183105469,91.2750015258789,93.76499938964844,78.63103485107422,7260550
2011-05-30,94.5999984741211,96.55000305175781,93.5,95.95500183105469,80.46757507324219,10021550
2011-05-31,96.59500122070312,97.9800033569336,96.19999694824219,97.625,81.8680191040039,9364820
2011-06-01,97.8499984741211,98.19000244140625,95.70500183105469,96.47000122070312,80.89944458007812,6095290
2011-06-02,95.0,95.87999725341797,94.57499694824219,95.12000274658203,79.76734924316406,4419090
2011-06-03,95.20999908447266,96.94499969482422,93.5,93.82499694824219,78.68135833740234,7068910
2011-06-06,93.5,94.31999969482422,92.625,93.57499694824219,78.47171020507812,5672670
2011-06-07,93.5,94.98999786376953,93.20999908447266,94.08499908447266,78.8993911743164,5790920
2011-06-08,93.62000274658203,94.68499755859375,91.75499725341797,92.2300033569336,77.34378814697266,6787800
2011-06-09,92.0,92.39500427246094,90.25,91.3499984741211,76.60584259033203,9095550
2011-06-10,91.55000305175781,91.83000183105469,89.30000305175781,89.8499984741211,75.34793853759766,8544210
2011-06-13,89.91000366210938,89.91000366210938,88.0,88.61000061035156,74.30807495117188,6026460
2011-06-14,89.0,90.08499908447266,87.92500305175781,89.00499725341797,74.6393051147461,6035790
2011-06-15,89.00499725341797,89.87999725341797,88.22000122070312,88.86500549316406,74.52191162109375,4646020
2011-06-16,88.30000305175781,88.38999938964844,86.7300033569336,87.20500183105469,73.12984466552734,7456930
2011-06-17,87.50499725341797,88.2750015258789,86.1500015258789,86.625,72.64346313476562,5320910
2011-06-20,87.0,87.00499725341797,82.5,84.33999633789062,70.72724914550781,6163880
2011-06-21,84.33999633789062,86.19999694824219,84.19999694824219,84.98500061035156,71.26815795898438,5397590
2011-06-22,85.25499725341797,85.70999908447266,83.36000061035156,83.80999755859375,70.2828140258789,4239090
2011-06-23,83.84500122070312,84.20500183105469,82.0999984741211,83.30000305175781,69.85513305664062,6018090
2011-06-24,83.5999984741211,87.81999969482422,83.5,87.12999725341797,73.06695556640625,11423500
2011-06-27,86.77999877929688,89.19000244140625,86.08000183105469,88.33499908447266,74.07746887207031,6886440
2011-06-28,88.89500427246094,89.06999969482422,86.82499694824219,87.94000244140625,73.7462158203125,4549310
2011-06-29,87.93499755859375,88.98999786376953,87.02999877929688,87.36000061035156,73.25983428955078,8607220
2011-06-30,88.0199966430664,89.0199966430664,86.80999755859375,88.33499908447266,74.07746887207031,10051990
2011-07-01,88.97000122070312,89.69999694824219,87.19999694824219,88.25499725341797,74.01036071777344,7238040
2011-07-04,88.80000305175781,89.28499603271484,87.67500305175781,88.14500427246094,73.91812133789062,10618330
2011-07-05,88.19999694824219,88.9000015258789,87.17500305175781,87.54499816894531,73.41497802734375,9763480
2011-07-06,87.5999984741211,89.7750015258789,87.0,88.92500305175781,74.57222747802734,8862420
2011-07-07,89.33000183105469,91.29000091552734,89.22000122070312,91.02999877929688,76.33747100830078,11660940
2011-07-08,91.01499938964844,91.51499938964844,87.9000015258789,88.2750015258789,74.02714538574219,6532280
2011-07-11,88.0,88.0,84.61000061035156,84.94999694824219,72.24130249023438,8359200
2011-07-12,84.19999694824219,85.19000244140625,82.68000030517578,83.64500427246094,71.13154602050781,4883020
2011-07-13,84.0,85.6500015258789,84.0,85.2300033569336,72.47942352294922,4589590
2011-07-14,84.79000091552734,87.5999984741211,84.26000213623047,86.76499938964844,73.78477478027344,7362410
2011-07-15,86.80000305175781,87.64500427246094,83.0999984741211,86.1500015258789,73.26178741455078,3749330
2011-07-18,86.48500061035156,88.58499908447266,85.82499694824219,88.37999725341797,75.15817260742188,7019830
2011-07-19,87.89500427246094,89.79000091552734,87.45999908447266,89.32499694824219,75.96179962158203,6551500
2011-07-20,89.32499694824219,89.80000305175781,86.30000305175781,86.76000213623047,73.7805404663086,8012910
2011-07-21,86.80500030517578,87.0999984741211,85.41000366210938,85.61500549316406,72.80683135986328,4787070
2011-07-22,86.5,87.75,86.20500183105469,86.90499877929688,73.90383911132812,6156930
2011-07-25,86.9000015258789,87.42500305175781,86.38999938964844,87.0199966430664,74.00163269042969,4973110
2011-07-26,87.37000274658203,88.69999694824219,86.08000183105469,87.0250015258789,74.0058822631836,18446020
2011-07-27,87.21500396728516,87.68000030517578,85.80000305175781,86.30000305175781,73.38935089111328,8634680
2011-07-28,86.19999694824219,86.19999694824219,79.77999877929688,81.93000030517578,69.67310333251953,41452900
2011-07-29,80.11500549316406,82.19499969482422,75.87999725341797,77.29000091552734,65.72726440429688,23697880
2011-08-01,77.0,77.0,67.13999938964844,69.49500274658203,59.098411560058594,93756040
2011-08-02,68.0,70.9000015258789,66.62000274658203,67.2699966430664,57.206268310546875,53955550
2011-08-03,66.5,71.45500183105469,65.04000091552734,70.99500274658203,60.37401580810547,60186890
2011-08-04,71.5,72.48999786376953,67.7249984741211,68.51000213623047,58.26078414916992,43680780
2011-08-05,65.33499908447266,70.79000091552734,64.66500091552734,70.11000061035156,59.62141418457031,33393350
2011-08-08,68.0,70.9000015258789,66.91500091552734,67.7249984741211,57.593204498291016,27896970
2011-08-09,69.30000305175781,69.30000305175781,64.65499877929688,65.2750015258789,55.50973129272461,28616640
2011-08-10,66.5,67.91500091552734,63.654998779296875,65.65499877929688,55.8328742980957,35146190
2011-08-11,65.17500305175781,68.18000030517578,64.61500549316406,66.79499816894531,56.80233383178711,35852420
2011-08-12,67.5,69.0,65.33999633789062,65.59500122070312,55.7818603515625,13784690
2011-08-16,66.18499755859375,67.37999725341797,64.19999694824219,64.4749984741211,54.829410552978516,14737270
2011-08-17,64.29499816894531,65.30000305175781,63.20000076293945,64.125,54.531768798828125,19976570
2011-08-18,64.125,64.125,64.125,64.125,54.531768798828125,0
2011-08-19,61.9849967956543,67.4800033569336,61.099998474121094,66.59500122070312,56.63226318359375,21503320
2011-08-22,67.0,68.51000213623047,63.310001373291016,66.38999938964844,56.457923889160156,25227400
2011-08-23,67.19999694824219,68.19000244140625,65.86000061035156,67.17500305175781,57.12548828125,17027920
2011-08-24,67.30000305175781,69.2699966430664,66.83499908447266,67.33499908447266,57.26155471801758,16548000
2011-08-25,67.89500427246094,67.98999786376953,64.30000305175781,64.67500305175781,54.99950408935547,14662570
2011-08-26,64.30000305175781,64.67500305175781,59.334999084472656,60.915000915527344,51.80199432373047,24295210
2011-08-29,60.0,65.46500396728516,60.0,64.90499877929688,55.1950798034668,17007100
2011-08-30,65.05000305175781,68.09500122070312,65.05000305175781,67.81999969482422,57.673988342285156,16717180
2011-09-02,68.2699966430664,73.0,67.16999816894531,72.29499816894531,61.479522705078125,31223790
2011-09-05,70.9800033569336,73.95500183105469,70.20999908447266,72.75,61.866455078125,22754290
2011-09-06,72.75,72.75,69.51499938964844,72.01499938964844,61.24141311645508,21038020
2011-09-07,72.96500396728516,74.62999725341797,72.23999786376953,73.68499755859375,62.66157150268555,18139220
2011-09-08,73.88999938964844,73.88999938964844,71.58000183105469,72.20999908447266,61.40724182128906,16908540
2011-09-09,72.21500396728516,72.5,68.12999725341797,68.76499938964844,58.477622985839844,18848940
2011-09-12,66.9000015258789,67.9000015258789,65.22000122070312,65.63999938964844,55.82012176513672,15035200
2011-09-13,65.99500274658203,67.69499969482422,63.625,65.04000091552734,55.309879302978516,16330210
2011-09-14,65.5,69.41000366210938,65.03499603271484,68.37999725341797,58.15021896362305,18000530
2011-09-15,69.17500305175781,70.08999633789062,67.12999725341797,67.94000244140625,57.77603530883789,19808120
2011-09-16,68.30500030517578,69.14500427246094,67.16500091552734,68.63499450683594,58.36707305908203,14198900
2011-09-19,68.63499450683594,69.48999786376953,67.6500015258789,68.88499450683594,58.57966613769531,11937810
2011-09-20,69.0,70.1500015258789,68.19999694824219,69.68499755859375,59.259979248046875,10407620
2011-09-21,69.69999694824219,70.47000122070312,67.55000305175781,67.9000015258789,57.742042541503906,13064810
2011-09-22,67.5,67.5,63.099998474121094,63.40999984741211,53.92373275756836,23542130
2011-09-23,63.005001068115234,64.29499816894531,60.52000045776367,63.255001068115234,53.79193115234375,24933500
2011-09-26,63.10499954223633,63.5,60.209999084472656,61.86000061035156,52.605621337890625,21766650
2011-09-27,62.0,63.31500244140625,60.63999938964844,61.040000915527344,51.908294677734375,39478060
2011-09-28,60.5,60.8849983215332,56.654998779296875,57.06500244140625,48.52797317504883,33363940
2011-09-29,56.5,59.20000076293945,55.20000076293945,58.68000030517578,49.9013557434082,36974160
2011-09-30,58.0,61.58000183105469,57.82500076293945,59.20000076293945,50.343563079833984,40876000
2011-10-03,58.599998474121094,59.5,54.0,54.904998779296875,46.69110870361328,38342990
2011-10-04,54.400001525878906,56.900001525878906,53.22999954223633,55.224998474121094,46.96323013305664,34069950
2011-10-05,55.5,57.150001525878906,55.04999923706055,55.30500030517578,47.0312614440918,18411530
2011-10-07,56.900001525878906,57.900001525878906,56.0,56.474998474121094,48.02622604370117,14225120
2011-10-10,56.599998474121094,58.65999984741211,56.52000045776367,58.279998779296875,49.56119155883789,14661800
2011-10-11,58.5,59.900001525878906,56.93499755859375,59.14500045776367,50.29678726196289,21366780
2011-10-12,59.40999984741211,61.44499969482422,58.0,61.005001068115234,51.878536224365234,22932670
2011-10-13,61.20000076293945,62.5,60.10499954223633,61.07500076293945,51.93806457519531,21817260
2011-10-14,60.904998779296875,61.290000915527344,59.20500183105469,60.125,51.13017654418945,18907300
2011-10-17,60.400001525878906,60.5,57.599998474121094,57.97999954223633,49.30607223510742,16331050
2011-10-18,57.0,57.8849983215332,55.56500244140625,57.380001068115234,48.79584503173828,12010170
2011-10-19,57.99500274658203,58.95000076293945,57.630001068115234,58.70000076293945,49.918365478515625,9464220
2011-10-20,58.005001068115234,58.69499969482422,47.900001525878906,58.2599983215332,49.54418182373047,14476210
2011-10-21,58.5,59.3650016784668,56.7650032043457,58.04500198364258,49.361351013183594,26353100
2011-10-24,58.220001220703125,60.20000076293945,58.20000076293945,58.625,49.854583740234375,12707240
2011-10-25,58.79999923706055,60.880001068115234,57.755001068115234,60.099998474121094,51.10892105102539,13982000
2011-10-28,61.125,67.19000244140625,61.125,66.57499694824219,56.61524200439453,26365400
2011-10-31,66.57499694824219,66.9749984741211,64.5999984741211,65.3499984741211,55.573509216308594,11603230
2011-11-01,64.9000015258789,65.26000213623047,63.099998474121094,63.67499923706055,54.14909744262695,9101060
2011-11-02,63.0,64.74500274658203,62.470001220703125,63.8650016784668,54.31067657470703,12162320
2011-11-03,63.584999084472656,67.69999694824219,63.529998779296875,66.81500244140625,56.81934356689453,18753270
2011-11-04,67.79499816894531,71.58999633789062,67.69999694824219,71.15499877929688,60.51007080078125,38296890
2011-11-08,71.31500244140625,71.77999877929688,69.44000244140625,70.33999633789062,59.81698226928711,19542770
2011-11-09,70.80000305175781,71.0,66.70500183105469,67.125,57.082969665527344,15991290
2011-11-11,65.19999694824219,68.56999969482422,64.5250015258789,67.4000015258789,57.316829681396484,20643950
2011-11-14,67.80000305175781,68.98999786376953,64.55000305175781,65.6500015258789,55.82862854003906,27209090
2011-11-15,65.55000305175781,67.23999786376953,63.755001068115234,64.57499694824219,54.91445541381836,18571760
2011-11-16,64.4000015258789,67.79000091552734,62.91999816894531,66.65499877929688,56.68327331542969,24382120
2011-11-17,66.80500030517578,67.5,64.54499816894531,64.94499969482422,55.229095458984375,16523260
2011-11-18,64.69999694824219,65.97000122070312,60.595001220703125,61.07500076293945,51.93806457519531,31582270
2011-11-21,60.97999954223633,60.97999954223633,56.20000076293945,56.880001068115234,48.37063980102539,17080900
2011-11-22,57.0,57.880001068115234,55.31500244140625,56.17499923706055,47.77110290527344,33067260
2011-11-23,56.5,56.5,53.68000030517578,55.119998931884766,46.87393569946289,24261720
2011-11-24,55.09000015258789,57.5,53.540000915527344,56.81999969482422,48.319618225097656,29271370
2011-11-25,56.45000076293945,57.15999984741211,54.900001525878906,55.584999084472656,47.26936721801758,20863970
2011-11-28,55.900001525878906,61.790000915527344,55.900001525878906,61.154998779296875,52.00609588623047,25749770
2011-11-29,61.5,62.2650032043457,58.81999969482422,59.2400016784668,50.37757873535156,28025290
2011-11-30,58.29999923706055,60.439998626708984,57.619998931884766,59.31500244140625,50.44136047363281,21975500
2011-12-01,60.900001525878906,63.07500076293945,60.83000183105469,61.95000076293945,52.68215560913086,21551940
2011-12-02,61.88999938964844,63.900001525878906,60.95000076293945,63.67499923706055,54.14909744262695,22181520
2011-12-05,62.5,63.59000015258789,58.3849983215332,61.19499969482422,52.04011154174805,19389710
2011-12-07,60.9849967956543,62.95000076293945,58.52000045776367,62.06500244140625,52.77995681762695,15415160
2011-12-08,61.77000045776367,62.13999938964844,59.625,60.06500244140625,51.079158782958984,14595940
2011-12-09,59.45000076293945,59.5,57.25,58.630001068115234,49.85883331298828,20891080
2011-12-12,59.20000076293945,59.64500045776367,54.5,55.07500076293945,46.835670471191406,18897350
2011-12-13,54.79999923706055,56.220001220703125,53.86000061035156,55.68000030517578,47.35015869140625,24387970
2011-12-14,55.5,56.279998779296875,54.0,54.30500030517578,46.18086624145508,16797020
2011-12-15,53.5,54.47999954223633,52.005001068115234,53.7349967956543,45.696128845214844,19761380
2011-12-16,53.900001525878906,55.39500045776367,50.150001525878906,50.95000076293945,43.327781677246094,23251820
2011-12-19,50.70000076293945,50.70000076293945,47.81999969482422,49.31999969482422,41.94163131713867,28834470
2011-12-20,49.29999923706055,50.255001068115234,46.23500061035156,46.915000915527344,39.896419525146484,26657710
2011-12-21,47.970001220703125,51.875,47.71500015258789,50.9900016784668,43.36180114746094,23967590
2011-12-22,50.20000076293945,52.599998474121094,48.70000076293945,51.84000015258789,44.08462905883789,28718560
2011-12-23,52.0,53.470001220703125,50.70000076293945,51.29500198364258,43.62116622924805,28165730
2011-12-26,51.775001525878906,52.845001220703125,51.400001525878906,52.29999923706055,44.47581100463867,14731460
2011-12-27,52.19499969482422,52.70000076293945,50.30500030517578,50.7400016784668,43.149192810058594,18044370
2011-12-28,50.29999923706055,51.9900016784668,49.314998626708984,51.380001068115234,43.69345474243164,25411790
2011-12-29,50.959999084472656,52.93499755859375,50.31999969482422,52.4849967956543,44.63314437866211,33670740
2011-12-30,52.70000076293945,53.279998779296875,50.13500213623047,50.720001220703125,43.13218307495117,24212660
2012-01-02,50.720001220703125,54.25,50.209999084472656,53.69499969482422,45.66212463378906,35628920
2012-01-03,53.900001525878906,59.28499984741211,53.900001525878906,58.880001068115234,50.071434020996094,45359540
2012-01-04,58.79999923706055,60.18000030517578,57.599998474121094,58.58000183105469,49.816314697265625,42637270
2012-01-05,58.5,60.25,57.5099983215332,58.20500183105469,49.497413635253906,33051030
2012-01-06,57.79999923706055,58.0,55.630001068115234,56.459999084472656,48.01346969604492,36776010
2012-01-09,57.0,57.9900016784668,55.400001525878906,57.22999954223633,48.66828155517578,28577770
2012-01-10,57.70000076293945,63.43499755859375,57.29999923706055,63.005001068115234,53.579322814941406,47065780
2012-01-11,63.099998474121094,64.79000091552734,61.85499954223633,63.8849983215332,54.327674865722656,45764080
2012-01-12,63.5,64.5,62.540000915527344,63.15999984741211,53.71113967895508,29800890
2012-01-13,63.20000076293945,66.27999877929688,63.20000076293945,63.80500030517578,54.259639739990234,40356170
2012-01-16,63.599998474121094,64.66999816894531,62.310001373291016,64.2300033569336,54.62107849121094,25783280
2012-01-17,64.4000015258789,67.54000091552734,64.31999969482422,65.99500274658203,56.12202453613281,28807960
2012-01-18,65.9749984741211,66.9000015258789,64.80000305175781,66.37000274658203,56.440914154052734,26851370
2012-01-19,67.0,68.3550033569336,66.41999816894531,66.84500122070312,56.8448600769043,20777150
2012-01-20,67.0,67.80000305175781,63.900001525878906,64.70999908447266,55.029258728027344,40492900
2012-01-23,64.5,64.69999694824219,62.8650016784668,63.13999938964844,53.694129943847656,19758950
2012-01-24,63.0,65.98999786376953,62.34000015258789,65.23999786376953,55.47996139526367,33344400
2012-01-25,65.99500274658203,67.0,65.51000213623047,66.59500122070312,56.63226318359375,22783010
2012-01-27,67.0,68.0,65.76499938964844,66.21500396728516,56.30910873413086,20151510
2012-01-30,67.0,69.88999938964844,64.43499755859375,68.15499877929688,57.95888137817383,36994820
2012-01-31,68.19999694824219,70.4000015258789,66.7750015258789,69.94999694824219,59.4853401184082,29084490
2012-02-01,69.94999694824219,71.48999786376953,69.21500396728516,71.21500396728516,60.561100006103516,24418640
2012-02-02,71.39500427246094,71.94499969482422,69.73999786376953,70.38999938964844,59.85951614379883,22252350
2012-02-03,70.5999984741211,72.0,67.62000274658203,70.89500427246094,60.288978576660156,16664860
2012-02-06,72.0199966430664,75.62999725341797,71.19999694824219,74.5199966430664,63.37165832519531,36282690
2012-02-07,74.5999984741211,75.77999877929688,73.30000305175781,74.24500274658203,63.13779830932617,25441520
2012-02-08,74.5,76.54499816894531,74.30999755859375,75.82499694824219,64.48143768310547,22549360
2012-02-09,75.80000305175781,82.87999725341797,75.4000015258789,82.13499450683594,69.8474349975586,42042640
2012-02-10,81.80000305175781,83.7699966430664,79.86500549316406,81.67500305175781,69.45624542236328,34000710
2012-02-13,81.5999984741211,82.80000305175781,79.32499694824219,81.41999816894531,69.23941802978516,27289710
2012-02-14,81.19999694824219,83.4000015258789,80.44499969482422,82.80500030517578,70.4172134399414,23386210
2012-02-15,83.0999984741211,87.22000122070312,83.0999984741211,86.92500305175781,73.92085266113281,24337840
2012-02-16,87.5,87.5,85.01000213623047,86.16500091552734,73.2745361328125,15371740
2012-02-17,86.5999984741211,88.59500122070312,84.5199966430664,85.54499816894531,72.74729919433594,18853750
2012-02-21,85.625,87.77999877929688,85.40499877929688,86.5250015258789,73.58069610595703,14384010
2012-02-22,86.5199966430664,87.90499877929688,80.2750015258789,81.19000244140625,69.0438232421875,21008070
2012-02-23,80.00499725341797,81.75,77.59500122070312,79.88999938964844,67.93829345703125,25576750
2012-02-24,80.0,82.6500015258789,78.86500549316406,81.6050033569336,69.39673614501953,29955110
2012-02-27,81.4000015258789,81.6500015258789,74.9749984741211,75.86500549316406,64.51544952392578,19174210
2012-02-28,76.41000366210938,79.9000015258789,76.13499450683594,79.38499450683594,67.50885772705078,23593300
2012-02-29,79.99500274658203,81.98999786376953,78.51499938964844,80.86000061035156,68.76319122314453,20631750
2012-03-01,80.69999694824219,80.69999694824219,77.125,77.9749984741211,66.3097915649414,21284540
2012-03-02,78.75,80.76499938964844,78.04499816894531,78.63499450683594,66.87103271484375,19983760
2012-03-05,78.61000061035156,78.69999694824219,75.11000061035156,75.72000122070312,64.39214324951172,14416800
2012-03-06,75.19000244140625,77.8499984741211,69.86000061035156,70.68499755859375,60.110389709472656,35926650
2012-03-07,70.0,72.1500015258789,67.83499908447266,69.33999633789062,58.966583251953125,39566990
2012-03-09,70.69999694824219,75.33000183105469,70.61500549316406,74.80999755859375,63.61827087402344,26797230
2012-03-12,75.5,77.99500274658203,74.6500015258789,76.58999633789062,65.13197326660156,23681330
2012-03-13,77.0,79.69999694824219,77.0,78.88999938964844,67.08789825439453,18850680
2012-03-14,79.5,80.86000061035156,78.02999877929688,78.36000061035156,66.6371841430664,18214230
2012-03-15,78.19999694824219,78.19999694824219,75.125,75.97000122070312,64.604736328125,21956060
2012-03-16,76.0,77.69999694824219,74.15499877929688,74.86000061035156,63.660797119140625,21145230
2012-03-19,75.0,75.58999633789062,72.26499938964844,72.66500091552734,61.7941780090332,17270480
2012-03-20,72.5999984741211,74.05000305175781,70.5199966430664,73.14500427246094,62.202362060546875,28861800
2012-03-21,73.0999984741211,78.18499755859375,72.37999725341797,77.81500244140625,66.17372131347656,25823720
2012-03-22,78.0,78.0999984741211,71.0,71.9000015258789,61.143619537353516,29078490
2012-03-23,71.9000015258789,75.0999984741211,71.0250015258789,73.38499450683594,62.406455993652344,36442470
2012-03-26,73.30000305175781,75.08000183105469,72.47000122070312,72.95999908447266,62.04503631591797,30165400
2012-03-27,73.69000244140625,75.30000305175781,73.0999984741211,73.98999786376953,62.92094039916992,22260930
2012-03-28,74.0,74.19999694824219,70.5199966430664,70.9800033569336,60.36124038696289,21279720
2012-03-29,70.0,71.38999938964844,69.20999908447266,70.7750015258789,60.18691635131836,25052640
2012-03-30,70.98999786376953,73.30000305175781,70.98999786376953,72.14500427246094,61.35197830200195,19486370
2012-04-02,72.0,73.9000015258789,71.87000274658203,72.33499908447266,61.5135383605957,13383970
2012-04-03,72.95999908447266,73.87999725341797,72.33999633789062,72.61000061035156,61.747406005859375,12558850
2012-04-04,72.20500183105469,72.66999816894531,71.02999877929688,71.90499877929688,61.147865295410156,14770680
2012-04-09,70.88999938964844,71.48500061035156,68.08999633789062,68.75,58.464866638183594,20088090
2012-04-10,68.99500274658203,70.16999816894531,68.45500183105469,69.72000122070312,59.28974914550781,17572670
2012-04-11,69.30000305175781,71.48999786376953,68.11000061035156,69.41000366210938,59.026126861572266,21890380
2012-04-12,70.0,71.38999938964844,69.82499694824219,70.76499938964844,60.17842102050781,14757700
2012-04-13,70.69999694824219,75.29000091552734,70.69999694824219,73.98500061035156,62.91670608520508,51402180
2012-04-16,73.29000091552734,75.98999786376953,73.29000091552734,75.20500183105469,63.95419692993164,17425350
2012-04-17,75.29499816894531,75.95999908447266,73.80000305175781,75.04499816894531,63.818115234375,15399140
2012-04-18,75.4000015258789,77.0999984741211,75.4000015258789,75.875,64.52393341064453,18014490
2012-04-19,76.03499603271484,76.80000305175781,75.56500244140625,76.27999877929688,64.86835479736328,11023800
2012-04-20,76.30000305175781,76.41500091552734,74.02999877929688,75.07499694824219,63.8436279296875,21512980
2012-04-23,74.94499969482422,75.56999969482422,70.4000015258789,70.98500061035156,60.365501403808594,14717810
2012-04-24,71.1050033569336,71.52999877929688,69.0999984741211,69.43499755859375,59.04738998413086,19713230
2012-04-25,69.5,70.38999938964844,67.52999877929688,68.78499603271484,58.49462890625,20560080
2012-04-26,68.96500396728516,70.37999725341797,67.36000061035156,67.80000305175781,57.6569938659668,19668880
2012-04-27,68.02999877929688,68.5999984741211,66.41999816894531,68.125,57.93336868286133,17277020
2012-04-30,67.92500305175781,69.9000015258789,67.92500305175781,69.33000183105469,58.95809555053711,11388970
2012-05-02,69.5,71.12999725341797,69.4000015258789,69.72000122070312,59.28974914550781,14894380
2012-05-03,67.9000015258789,69.44999694824219,67.55999755859375,67.98500061035156,57.814308166503906,10730030
2012-05-04,67.5999984741211,68.05000305175781,65.42500305175781,66.87999725341797,56.87461471557617,14105140
2012-05-07,65.61500549316406,72.9800033569336,64.80999755859375,72.17500305175781,61.37747573852539,25470450
2012-05-08,72.5,73.54000091552734,68.26000213623047,68.98999786376953,58.668968200683594,25966850
2012-05-09,68.37000274658203,69.30000305175781,65.69499969482422,66.06999969482422,56.185791015625,21203080
2012-05-10,66.0,68.55999755859375,65.55000305175781,66.125,56.23256301879883,20789610
2012-05-11,66.0,66.79000091552734,60.56500244140625,62.75,53.36247634887695,49032680
2012-05-14,62.5,63.22999954223633,60.869998931884766,61.974998474121094,52.70341491699219,34502030
2012-05-15,61.5,65.75,61.20000076293945,65.30000305175781,55.5309944152832,30790410
2012-05-16,65.19999694824219,65.19999694824219,61.255001068115234,61.900001525878906,52.6396369934082,31523780
2012-05-17,62.0,63.290000915527344,59.5150032043457,60.209999084472656,51.20246124267578,30900360
2012-05-18,59.0,61.400001525878906,58.06500244140625,59.939998626708984,50.97285461425781,27491140
2012-05-21,60.19499969482422,62.290000915527344,59.6349983215332,61.11000061035156,51.96781921386719,19607470
2012-05-22,61.654998779296875,62.599998474121094,59.11000061035156,59.40999984741211,50.52214813232422,19769800
2012-05-23,59.224998474121094,59.41999816894531,57.02000045776367,57.75,49.11048126220703,24881870
2012-05-24,58.400001525878906,59.78499984741211,56.61000061035156,59.525001525878906,50.61994552612305,29156970
2012-05-25,59.05500030517578,61.5099983215332,58.53499984741211,60.7349967956543,51.64892578125,25455780
2012-05-28,60.900001525878906,61.38999938964844,59.619998931884766,60.81500244140625,51.716957092285156,19751770
2012-05-29,61.0,62.9900016784668,60.96500015258789,62.17499923706055,52.87349319458008,24177530
2012-05-30,61.78499984741211,62.20000076293945,60.849998474121094,61.79999923706055,52.554603576660156,17794310
2012-05-31,61.06999969482422,64.0,60.904998779296875,62.869998931884766,53.46452331542969,31533010
2012-06-01,63.095001220703125,63.5,59.81999969482422,60.04500198364258,51.06214141845703,22581250
2012-06-04,59.505001068115234,61.099998474121094,58.040000915527344,60.900001525878906,51.78923416137695,17066880
2012-06-05,61.099998474121094,62.0,60.04999923706055,60.290000915527344,51.27050018310547,14818210
2012-06-06,60.5,63.025001525878906,60.5,62.66999816894531,53.29444885253906,16752970
2012-06-07,63.2400016784668,65.4749984741211,61.625,64.8550033569336,55.152565002441406,28436490
2012-06-08,64.4000015258789,69.9000015258789,62.380001068115234,64.08999633789062,54.50199890136719,21927570
2012-06-11,64.98999786376953,68.87999725341797,63.060001373291016,63.83000183105469,54.28091049194336,19677340
2012-06-12,63.04999923706055,64.80000305175781,62.5,64.38499450683594,54.752872467041016,20224440
2012-06-13,64.44499969482422,65.18000030517578,63.69499969482422,64.13499450683594,54.5402717590332,16251080
2012-06-14,64.0,64.4000015258789,62.56500244140625,63.005001068115234,53.579322814941406,14865620
2012-06-15,63.220001220703125,65.69000244140625,63.220001220703125,65.05999755859375,55.3268928527832,16559220
2012-06-18,65.49500274658203,66.29499816894531,62.099998474121094,62.654998779296875,53.28169250488281,18329410
2012-06-19,62.79999923706055,63.900001525878906,62.31500244140625,63.415000915527344,53.92799377441406,13543670
2012-06-20,63.599998474121094,65.56999969482422,63.415000915527344,64.89500427246094,55.18659210205078,16762940
2012-06-21,63.5099983215332,66.30000305175781,63.5099983215332,65.9800033569336,56.10926818847656,15488720
2012-06-22,67.4749984741211,67.4749984741211,63.81999969482422,64.83000183105469,55.13130187988281,15382240
2012-06-25,64.91000366210938,66.49500274658203,64.41999816894531,64.73999786376953,55.05476379394531,12927060
2012-06-26,64.41000366210938,65.30000305175781,63.915000915527344,64.8499984741211,55.1483154296875,12616680
2012-06-27,65.03499603271484,67.14500427246094,64.89500427246094,66.73500061035156,56.75132369995117,20454220
2012-06-28,66.76000213623047,67.68499755859375,66.16999816894531,66.92500305175781,56.91288757324219,19586170
2012-06-29,67.5,68.5999984741211,67.45999908447266,67.97000122070312,57.80154800415039,15143900
2012-07-02,68.41000366210938,68.8499984741211,67.28499603271484,67.94999694824219,57.784542083740234,12091150
2012-07-03,68.16999816894531,70.0999984741211,67.8550033569336,69.51499938964844,59.115413665771484,22675690
2012-07-04,70.34500122070312,72.93000030517578,69.62000274658203,72.62000274658203,61.755897521972656,31318030
2012-07-05,72.80000305175781,73.37000274658203,71.89500427246094,72.2750015258789,61.46251678466797,18223020
2012-07-06,72.0,72.06999969482422,70.11000061035156,71.58499908447266,60.875736236572266,19725050
2012-07-09,70.20999908447266,71.19499969482422,69.19999694824219,70.41999816894531,59.88501739501953,17653810
2012-07-10,70.5999984741211,71.69000244140625,70.2699966430664,71.29499816894531,60.62912368774414,11090170
2012-07-11,70.99500274658203,72.26000213623047,70.87000274658203,71.45999908447266,60.76944351196289,11202810
2012-07-12,70.68499755859375,70.93499755859375,69.64500427246094,70.08000183105469,60.227996826171875,10646880
2012-07-13,70.30500030517578,71.09500122070312,68.83000183105469,69.1500015258789,59.42875671386719,11931580
2012-07-16,69.13999938964844,69.38499450683594,67.41999816894531,67.55500030517578,58.05797576904297,11508420
2012-07-17,68.12000274658203,68.66500091552734,66.6500015258789,67.18000030517578,57.73569869995117,13970430
2012-07-18,67.03499603271484,68.0999984741211,66.34500122070312,67.31500244140625,57.851722717285156,15952690
2012-07-19,67.84500122070312,69.6500015258789,67.55500030517578,68.94999694824219,59.256866455078125,14367470
2012-07-20,69.0,70.87000274658203,68.02999877929688,70.31500244140625,60.429969787597656,14086690
2012-07-23,69.00499725341797,69.63999938964844,67.05000305175781,67.56999969482422,58.070865631103516,10016230
2012-07-24,67.5,68.14500427246094,66.69999694824219,67.02999877929688,57.60677719116211,9917610
2012-07-25,67.0,67.54499816894531,64.80999755859375,66.96500396728516,57.55093002319336,17245940
2012-07-26,67.5,67.5,63.20000076293945,64.375,55.325035095214844,25954200
2012-07-27,64.375,66.08999633789062,63.68499755859375,64.44000244140625,55.38089370727539,13794930
2012-07-30,65.01000213623047,67.16500091552734,64.73999786376953,66.73999786376953,57.3575553894043,11114270
2012-07-31,67.08999633789062,67.30999755859375,65.21500396728516,66.80999755859375,57.41770935058594,13568170
2012-08-01,66.55999755859375,69.4000015258789,66.51499938964844,68.90499877929688,59.21818923950195,13772540
2012-08-02,69.04499816894531,70.44999694824219,68.43499755859375,70.13499450683594,60.2752685546875,13465240
2012-08-03,70.0,70.5,67.7699966430664,69.91000366210938,60.081905364990234,12496680
2012-08-06,70.12000274658203,72.1500015258789,70.12000274658203,70.91500091552734,60.945621490478516,10575930
2012-08-07,71.0,72.4000015258789,70.80000305175781,71.81999969482422,61.723392486572266,12030280
2012-08-08,72.0,73.08000183105469,71.7300033569336,72.19999694824219,62.04996871948242,12583550
2012-08-09,73.0,73.44999694824219,71.88499450683594,72.68000030517578,62.46249008178711,10707500
2012-08-10,72.80000305175781,73.5,71.2750015258789,73.08000183105469,62.806278228759766,10411870
2012-08-13,72.91500091552734,74.875,72.5250015258789,74.43000030517578,63.96645736694336,10549610
2012-08-14,74.51000213623047,75.5,74.18000030517578,74.9800033569336,64.43914794921875,9853390
2012-08-16,74.68000030517578,75.5,74.13999938964844,75.05500030517578,64.50360870361328,10856140
2012-08-17,75.72000122070312,75.87999725341797,71.70999908447266,72.06500244140625,61.93394470214844,19098090
2012-08-21,72.0999984741211,73.63999938964844,71.33000183105469,73.31999969482422,63.01251983642578,12442420
2012-08-22,72.62000274658203,73.27999877929688,71.55500030517578,72.05500030517578,61.92536544799805,12256710
2012-08-23,72.44000244140625,73.40499877929688,71.44999694824219,71.94999694824219,61.83510971069336,11147280
2012-08-24,71.5,74.19999694824219,70.625,73.75,63.3820686340332,23011470
2012-08-27,73.7699966430664,74.56999969482422,71.68499755859375,72.15499877929688,62.01130294799805,13995530
2012-08-28,72.0999984741211,72.69000244140625,69.50499725341797,71.04000091552734,61.05304718017578,19795760
2012-08-29,71.04000091552734,71.06999969482422,68.5,68.90499877929688,59.21818923950195,14982400
2012-08-30,68.69999694824219,70.5,67.75499725341797,69.5,59.72953796386719,17848940
2012-08-31,69.69999694824219,70.5999984741211,68.11000061035156,69.37000274658203,59.61783218383789,16488830
2012-09-03,69.4749984741211,71.125,66.2300033569336,67.11000061035156,57.67554473876953,34241220
2012-09-04,66.80000305175781,67.9000015258789,65.55999755859375,67.66999816894531,58.15680694580078,26475090
2012-09-05,67.29000091552734,67.29000091552734,65.14500427246094,65.50499725341797,56.296165466308594,16692710
2012-09-06,65.5999984741211,66.80000305175781,65.40499877929688,65.83000183105469,56.57548522949219,14443300
2012-09-07,66.5,67.9800033569336,66.33499908447266,67.37000274658203,57.89898681640625,13715290
2012-09-10,67.80000305175781,69.2249984741211,67.40499877929688,68.94000244140625,59.24827194213867,11829330
2012-09-11,68.50499725341797,68.73999786376953,67.30000305175781,68.4800033569336,58.85294723510742,11425440
2012-09-12,68.625,69.7750015258789,68.20999908447266,69.52999877929688,59.75532913208008,11610740
2012-09-13,69.5,69.68000030517578,68.30000305175781,68.74500274658203,59.080692291259766,8773710
2012-09-14,70.05500030517578,71.73500061035156,69.53499603271484,71.23500061035156,61.22062301635742,12561610
2012-09-17,71.38999938964844,73.44999694824219,68.55999755859375,72.68499755859375,62.46678161621094,26529920
2012-09-18,69.05500030517578,73.375,67.5,72.79499816894531,62.561317443847656,18167280
2012-09-20,72.50499725341797,72.5999984741211,70.30000305175781,70.68000030517578,60.7436637878418,11428360
2012-09-21,70.97000122070312,74.3499984741211,70.80999755859375,73.08000183105469,62.806278228759766,17563390
2012-09-24,73.25,76.4000015258789,72.63499450683594,74.55500030517578,64.07391357421875,18185580
2012-09-25,74.51000213623047,75.38499450683594,73.23500061035156,74.51000213623047,64.03522491455078,10678870
2012-09-26,74.55500030517578,76.0250015258789,73.30999755859375,73.93000030517578,63.53675842285156,13573040
2012-09-27,73.9800033569336,75.1500015258789,73.5,73.86500549316406,63.48091506958008,10910320
2012-09-28,74.0,76.74500274658203,74.0,75.69499969482422,65.05363464355469,16324410
2012-10-01,75.5,76.44999694824219,73.0999984741211,73.75499725341797,63.386375427246094,16505080
2012-10-03,73.5,75.13999938964844,73.48999786376953,73.84500122070312,63.46370315551758,14408740
2012-10-04,74.0,75.58999633789062,73.79000091552734,74.31999969482422,63.87194061279297,11897430
2012-10-05,75.12000274658203,75.37000274658203,73.23999786376953,73.82499694824219,63.44651412963867,10825050
2012-10-08,73.79000091552734,74.9000015258789,73.13999938964844,73.5250015258789,63.18869400024414,8284530
2012-10-09,74.0,74.98500061035156,73.80000305175781,74.29499816894531,63.85045623779297,8334770
2012-10-10,74.0,75.30000305175781,73.5,74.80000305175781,64.28446960449219,12243290
2012-10-11,74.97000122070312,77.6050033569336,73.94999694824219,77.2699966430664,66.40721893310547,15208710
2012-10-12,77.4000015258789,79.46500396728516,76.41000366210938,76.71500396728516,65.93025970458984,10521200
2012-10-15,76.30000305175781,77.44499969482422,75.47000122070312,76.51499938964844,65.75835418701172,8234530
2012-10-16,76.98999786376953,77.1500015258789,74.25,74.70999908447266,64.20711517333984,8444410
2012-10-17,74.5,74.5,71.80500030517578,72.64500427246094,62.43241500854492,15736970
2012-10-18,72.80000305175781,73.9000015258789,72.0,73.56999969482422,63.227386474609375,10401450
2012-10-19,73.56999969482422,74.31999969482422,73.0,73.55000305175781,63.210208892822266,10746120
2012-10-22,73.30000305175781,75.3550033569336,72.5999984741211,75.08999633789062,64.53368377685547,10570860
2012-10-23,74.51000213623047,75.36500549316406,74.28499603271484,74.62000274658203,64.12976837158203,6092610
2012-10-25,74.70500183105469,74.95500183105469,72.80000305175781,73.11000061035156,62.83203125,11764660
2012-10-29,73.7699966430664,74.9000015258789,73.36500549316406,73.76499938964844,63.39495849609375,9085790
2012-10-30,73.5,74.3550033569336,72.61000061035156,73.54499816894531,63.205894470214844,9656400
2012-10-31,73.83999633789062,74.28499603271484,72.91999816894531,73.8499984741211,63.4680061340332,6735320
2012-11-01,73.77999877929688,77.0999984741211,73.30500030517578,76.4749984741211,65.72399139404297,12004580
2012-11-02,76.80999755859375,77.19999694824219,75.02999877929688,75.45500183105469,64.84738159179688,9529970
2012-11-05,75.19999694824219,75.83999633789062,74.06500244140625,75.32499694824219,64.73564910888672,5926440
2012-11-06,75.19999694824219,75.75499725341797,73.88999938964844,74.875,64.34891510009766,8349790
2012-11-07,74.80000305175781,76.0,73.69999694824219,75.40499877929688,64.80439758300781,5205260
2012-11-08,75.19999694824219,75.76499938964844,74.38499450683594,74.95500183105469,64.41766357421875,6987380
2012-11-09,74.99500274658203,76.39500427246094,74.15499877929688,74.81500244140625,64.29734802246094,9795750
2012-11-12,74.80000305175781,75.44999694824219,74.37000274658203,74.90499877929688,64.37470245361328,4299050
2012-11-15,74.80000305175781,75.12000274658203,73.5,73.73500061035156,63.369171142578125,5845240
2012-11-16,73.80000305175781,75.0999984741211,72.36500549316406,73.11000061035156,62.83203125,6093380
2012-11-19,73.23500061035156,73.5999984741211,72.0999984741211,72.5,62.30780792236328,5357010
2012-11-20,72.5,73.25499725341797,70.44999694824219,70.9749984741211,60.99717330932617,9160040
2012-11-21,71.3499984741211,71.3499984741211,69.4000015258789,70.31500244140625,60.429969787597656,8660450
2012-11-22,70.68000030517578,72.23999786376953,70.44999694824219,71.65499877929688,61.58159637451172,6485150
2012-11-23,72.0,72.5,70.5999984741211,71.86500549316406,61.7620849609375,5354300
2012-11-26,71.80000305175781,72.80000305175781,70.5,72.16999816894531,62.02419662475586,3738300
2012-11-27,72.29499816894531,73.9800033569336,72.2300033569336,73.66999816894531,63.31332015991211,5713440
2012-11-29,74.0,75.0999984741211,72.625,72.99500274658203,62.73320770263672,12323300
2012-11-30,73.48999786376953,74.80000305175781,73.37000274658203,74.28499603271484,63.841854095458984,6414020
2012-12-03,74.49500274658203,75.9000015258789,74.3499984741211,75.25499725341797,64.67549896240234,6137790
2012-12-04,75.31999969482422,78.94000244140625,74.5,75.51499938964844,64.89892578125,7079330
2012-12-05,75.5,77.58999633789062,75.5,77.30500030517578,66.43728637695312,11435970
2012-12-06,77.49500274658203,78.14500427246094,76.26000213623047,77.66500091552734,66.74668884277344,10840410
2012-12-07,77.70999908447266,78.37999725341797,75.98999786376953,76.62999725341797,65.8572006225586,5639110
2012-12-10,76.5999984741211,76.625,75.51000213623047,76.30000305175781,65.57357788085938,4399790
2012-12-11,76.58000183105469,77.23999786376953,74.84500122070312,75.70999908447266,65.06653594970703,7868100
2012-12-12,75.69499969482422,76.0,74.41000366210938,75.0199966430664,64.4735336303711,7653090
2012-12-13,75.36500549316406,75.44499969482422,72.5999984741211,73.25,62.95235824584961,6501440
2012-12-14,73.01000213623047,74.9000015258789,72.4800033569336,74.48999786376953,64.01805114746094,5343440
2012-12-17,74.53499603271484,76.97000122070312,74.37000274658203,76.66999816894531,65.89155578613281,6708680
2012-12-18,76.5999984741211,81.4000015258789,75.5999984741211,80.49500274658203,69.17884826660156,25146230
2012-12-19,80.61500549316406,81.76000213623047,80.2300033569336,80.75499725341797,69.40229034423828,12903230
2012-12-20,80.78499603271484,83.13999938964844,79.56999969482422,82.40499877929688,70.82032775878906,14620190
2012-12-21,82.01000213623047,82.87999725341797,80.0999984741211,80.48999786376953,69.1745376586914,13025810
2012-12-24,80.50499725341797,81.97000122070312,80.50499725341797,80.89500427246094,69.52261352539062,6421860
2012-12-26,80.88999938964844,82.1050033569336,80.45999908447266,81.29000091552734,69.86209106445312,6775450
2012-12-27,81.4800033569336,82.21500396728516,80.3550033569336,80.61000061035156,69.27769470214844,12001950
2012-12-28,81.0,82.25,80.80999755859375,81.37999725341797,69.93942260742188,7680480
2012-12-31,81.88499450683594,82.1500015258789,81.0,81.20999908447266,69.79332733154297,6099100
2013-01-01,81.79499816894531,83.43499755859375,81.70500183105469,83.11000061035156,71.42622375488281,9513620
2013-01-02,83.7699966430664,84.4000015258789,82.32499694824219,82.7300033569336,71.09963989257812,9909570
2013-01-03,83.16999816894531,83.73999786376953,82.51000213623047,83.11000061035156,71.42622375488281,7435450
2013-01-04,83.11000061035156,83.11000061035156,81.91999816894531,82.75499725341797,71.12112426757812,5631880
2013-01-07,83.08499908447266,86.63999938964844,82.30000305175781,85.4800033569336,73.46305847167969,21917940
2013-01-08,85.2750015258789,85.2750015258789,83.76499938964844,84.54499816894531,72.65947723388672,10487750
2013-01-09,84.54499816894531,85.45999908447266,83.80000305175781,84.37000274658203,72.50908660888672,10510370
2013-01-10,84.80000305175781,85.7750015258789,84.2300033569336,84.90499877929688,72.9688720703125,9652330
2013-01-11,85.22000122070312,86.33999633789062,82.5999984741211,83.125,71.43911743164062,13703300
2013-01-14,83.125,85.1500015258789,82.5,84.81999969482422,72.89582824707031,6257390
2013-01-15,84.74500274658203,86.56500244140625,84.63999938964844,86.11000061035156,74.00447845458984,9713000
2013-01-16,85.5999984741211,85.98500061035156,83.62000274658203,83.91999816894531,72.12236022949219,9632270
2013-01-17,84.13499450683594,86.58000183105469,83.19999694824219,86.13499450683594,74.02595520019531,10774920
2013-01-18,86.58999633789062,87.44000244140625,85.41500091552734,86.9800033569336,74.75218200683594,9505320
2013-01-21,87.19999694824219,87.70999908447266,86.0999984741211,86.51499938964844,74.35253143310547,5995550
2013-01-22,86.66500091552734,87.47000122070312,85.62000274658203,85.94999694824219,73.8669662475586,6076340
2013-01-23,86.05000305175781,93.94000244140625,84.5,85.51000213623047,73.48883056640625,5571310
2013-01-24,85.74500274658203,85.74500274658203,82.76499938964844,83.48999786376953,71.7528076171875,7930880
2013-01-25,83.19999694824219,86.9000015258789,82.79499816894531,86.49500274658203,74.3353500366211,8782030
2013-01-28,86.78499603271484,87.92500305175781,85.44000244140625,87.06999969482422,74.82952117919922,18207820
2013-01-29,87.30000305175781,89.37000274658203,86.08000183105469,86.81500244140625,74.61035919189453,11573740
2013-01-30,86.9000015258789,87.13999938964844,84.69999694824219,84.96500396728516,73.02045440673828,9156150
2013-01-31,85.01000213623047,89.19999694824219,84.51000213623047,88.25,75.8436279296875,19687550
2013-02-01,87.69999694824219,88.4000015258789,86.75,87.87000274658203,75.51705169677734,9242120
2013-02-04,88.19999694824219,88.33999633789062,85.58000183105469,86.0,73.90994262695312,6254250
2013-02-05,85.69999694824219,85.80000305175781,83.5250015258789,83.82499694824219,72.04071044921875,7362520
2013-02-06,84.31999969482422,85.58999633789062,84.1050033569336,84.51499938964844,72.6336898803711,5774070
2013-02-07,84.5,85.4000015258789,82.87999725341797,83.51000213623047,71.76998901367188,5927620
2013-02-08,83.4000015258789,84.45500183105469,82.39500427246094,82.9749984741211,71.31021881103516,5507600
2013-02-11,83.0250015258789,83.4800033569336,82.09500122070312,82.46500396728516,70.87190246582031,5352050
2013-02-12,82.33499908447266,82.69000244140625,80.4000015258789,81.08499908447266,69.68590545654297,7020990
2013-02-13,80.50499725341797,82.37999725341797,80.30000305175781,80.68499755859375,69.34212493896484,5691840
2013-02-14,80.19999694824219,80.69999694824219,78.0250015258789,78.58000183105469,67.53306579589844,6617850
2013-02-15,78.55999755859375,80.19999694824219,77.7699966430664,79.53499603271484,68.35379791259766,6347270
2013-02-18,79.70500183105469,80.76000213623047,79.12999725341797,80.33499908447266,69.04133605957031,6376380
2013-02-19,80.26000213623047,81.5999984741211,79.2699966430664,81.30000305175781,69.87068176269531,8309330
2013-02-20,81.49500274658203,81.8550033569336,80.55000305175781,80.95999908447266,69.5784683227539,5194770
2013-02-21,80.37000274658203,80.37000274658203,76.4000015258789,76.80000305175781,66.0032958984375,8773780
2013-02-22,76.80000305175781,78.12999725341797,76.51000213623047,77.33499908447266,66.46308898925781,6663920
2013-02-25,77.9000015258789,78.17500305175781,75.32499694824219,76.73500061035156,65.94744110107422,6913710
2013-02-26,76.51000213623047,76.88999938964844,75.5,76.30500030517578,65.577880859375,7253540
2013-02-27,76.80000305175781,78.18000030517578,75.13499450683594,77.77999877929688,66.84552001953125,7399320
2013-02-28,78.46500396728516,78.48999786376953,72.8499984741211,73.92500305175781,63.532474517822266,12739970
2013-03-01,74.55500030517578,75.98999786376953,72.86000061035156,74.73999786376953,64.23289489746094,4991690
2013-03-04,76.0,76.2300033569336,71.27999877929688,71.63499450683594,61.564395904541016,6048400
2013-03-05,71.9000015258789,73.48999786376953,71.2249984741211,72.7699966430664,62.539852142333984,6365870
2013-03-06,73.0999984741211,75.19999694824219,73.0999984741211,74.69499969482422,64.19422149658203,9577040
2013-03-07,74.69499969482422,74.69499969482422,72.01000213623047,73.01499938964844,62.750389099121094,11719700
2013-03-08,73.4000015258789,75.34500122070312,73.19999694824219,74.3550033569336,63.90201950073242,7878410
2013-03-11,74.58999633789062,74.58999633789062,72.0999984741211,72.51499938964844,62.320682525634766,8178330
2013-03-12,72.80999755859375,73.3499984741211,70.22000122070312,70.66000366210938,60.72647476196289,11937170
2013-03-13,70.50499725341797,71.59500122070312,69.5199966430664,70.28499603271484,60.40419387817383,9543860
2013-03-14,70.59500122070312,71.66000366210938,69.73999786376953,70.89500427246094,60.928436279296875,7095390
2013-03-15,70.77999877929688,71.91999816894531,69.69999694824219,70.04000091552734,60.193634033203125,7501900
2013-03-18,69.56999969482422,69.56999969482422,68.29000091552734,68.68000030517578,59.02483367919922,5426850
2013-03-19,68.8550033569336,69.48999786376953,65.65499877929688,66.1050033569336,56.811832427978516,7187200
2013-03-20,66.04000091552734,66.19999694824219,63.154998779296875,64.0250015258789,55.02423095703125,8015790
2013-03-21,64.32499694824219,64.89500427246094,61.505001068115234,62.3849983215332,53.61479187011719,9692780
2013-03-22,62.29500198364258,62.790000915527344,57.9849967956543,61.880001068115234,53.180782318115234,13163720
2013-03-25,62.400001525878906,63.2400016784668,60.630001068115234,60.90999984741211,52.347145080566406,7900470
2013-03-26,60.79999923706055,60.79999923706055,59.45000076293945,59.970001220703125,51.53929138183594,10684950
2013-03-28,59.970001220703125,69.07499694824219,58.79999923706055,67.23500061035156,57.7829704284668,46123170
2013-04-01,66.38999938964844,67.27999877929688,65.00499725341797,66.31999969482422,56.99659729003906,12578210
2013-04-02,65.5999984741211,70.91000366210938,65.5999984741211,69.76499938964844,59.957298278808594,16287370
2013-04-03,69.04000091552734,70.75499725341797,68.05500030517578,68.56999969482422,58.93027877807617,13621170
2013-04-04,67.90499877929688,69.0999984741211,67.01000213623047,68.06500244140625,58.496280670166016,14757170
2013-04-05,67.69999694824219,68.69000244140625,66.55000305175781,67.55500030517578,58.05797576904297,9596150
2013-04-08,67.40499877929688,69.0,66.67500305175781,67.1500015258789,57.70991134643555,7264910
2013-04-09,68.01000213623047,68.94999694824219,66.01499938964844,66.26000213623047,56.94503402709961,10544210
2013-04-10,67.0,67.18499755859375,65.62000274658203,66.48999786376953,57.1426887512207,8984950
2013-04-11,67.19999694824219,67.33000183105469,64.37999725341797,65.11500549316406,55.96100997924805,10437670
2013-04-12,65.30000305175781,68.9000015258789,64.31500244140625,67.95500183105469,58.40174865722656,11652690
2013-04-15,67.3499984741211,68.4000015258789,66.16999816894531,66.44000244140625,57.0997314453125,10876690
2013-04-16,66.0,69.80000305175781,65.80500030517578,69.32499694824219,59.57913589477539,11977300
2013-04-17,69.41000366210938,74.39500427246094,69.24500274658203,73.28499603271484,62.98244094848633,21468870
2013-04-18,73.32499694824219,74.58999633789062,70.82499694824219,71.7249984741211,61.64174270629883,25064480
2013-04-22,71.5999984741211,73.29499816894531,71.44000244140625,72.55000305175781,62.350772857666016,9304060
2013-04-23,72.98999786376953,74.94999694824219,71.62000274658203,72.51499938964844,62.320682525634766,14727990
2013-04-25,72.9000015258789,73.7699966430664,71.80000305175781,73.2249984741211,62.93086624145508,10248120
2013-04-26,73.4000015258789,73.94000244140625,70.01000213623047,70.44000244140625,60.53739547729492,11512130
2013-04-29,71.1500015258789,71.29499816894531,69.19999694824219,69.94000244140625,60.107696533203125,6024870
2013-04-30,70.19999694824219,70.9749984741211,68.19999694824219,70.2750015258789,60.395591735839844,11925960
2013-05-02,70.20999908447266,71.38999938964844,69.5999984741211,70.11500549316406,60.258094787597656,7322840
2013-05-03,70.5,72.67500305175781,69.05999755859375,70.95999908447266,60.98429489135742,11655890
2013-05-06,71.0999984741211,72.6500015258789,71.0,72.05999755859375,61.92963790893555,8357510
2013-05-07,72.1500015258789,72.9800033569336,71.38999938964844,72.09500122070312,61.95972442626953,10186270
2013-05-08,72.19999694824219,72.87000274658203,70.69499969482422,71.08000183105469,61.08742141723633,8690130
2013-05-09,70.66000366210938,71.58000183105469,69.84500122070312,70.2249984741211,60.35261535644531,8017030
2013-05-10,70.0999984741211,70.73999786376953,69.05500030517578,69.45500183105469,59.69086837768555,9336660
2013-05-13,69.80000305175781,70.5,67.14500427246094,67.70999908447266,58.19118118286133,8436060
2013-05-14,68.0,68.4000015258789,67.125,67.74500274658203,58.22126770019531,6361600
2013-05-15,67.5999984741211,69.7699966430664,67.5999984741211,69.2750015258789,59.53618240356445,6569460
2013-05-16,68.625,71.25499725341797,68.5,70.37000274658203,60.47724914550781,11012520
2013-05-17,70.5,71.4000015258789,69.75499725341797,70.69999694824219,60.760841369628906,8221960
2013-05-20,71.31999969482422,72.08999633789062,69.66000366210938,70.0199966430664,60.17643737792969,9252370
2013-05-21,70.19999694824219,70.45999908447266,68.83499908447266,69.12000274658203,59.4029655456543,6655750
2013-05-22,69.47000122070312,69.9800033569336,67.80000305175781,68.4800033569336,58.85294723510742,6714810
2013-05-23,66.91000366210938,69.30000305175781,66.51000213623047,68.79000091552734,59.11935806274414,19827110
2013-05-24,69.30000305175781,71.77999877929688,68.0199966430664,71.2750015258789,61.2550048828125,15511640
2013-05-27,71.4000015258789,72.44499969482422,70.72000122070312,71.8550033569336,61.75347900390625,9839520
2013-05-28,72.0250015258789,72.7750015258789,71.43000030517578,71.90499877929688,61.79643630981445,6783240
2013-05-29,72.48999786376953,72.48999786376953,70.08499908447266,70.67500305175781,60.7393684387207,5113130
2013-05-30,70.06999969482422,72.09500122070312,69.83499908447266,71.80500030517578,61.71051025390625,8197640
2013-05-31,71.625,71.625,68.0999984741211,68.4000015258789,58.78418731689453,9148860
2013-06-03,68.19999694824219,69.9000015258789,68.19999694824219,69.38499450683594,59.63071060180664,6453330
2013-06-04,69.5,72.05999755859375,69.5,71.06999969482422,61.078826904296875,10795550
2013-06-05,70.51000213623047,73.30999755859375,70.51000213623047,72.69000244140625,62.47107696533203,8019940
2013-06-06,72.31999969482422,74.44000244140625,72.01000213623047,73.66500091552734,63.30902099609375,10756220
2013-06-07,73.5,73.8499984741211,71.82499694824219,72.18000030517578,62.03277587890625,7661440
2013-06-10,72.5250015258789,73.19999694824219,71.66500091552734,72.63999938964844,62.4281120300293,11134820
2013-06-11,72.25,72.78499603271484,68.4000015258789,70.4749984741211,60.56747055053711,15309710
2013-06-12,69.86500549316406,70.4000015258789,66.51000213623047,67.29000091552734,57.830230712890625,12185420
2013-06-13,66.64500427246094,67.99500274658203,66.0250015258789,67.0999984741211,57.66694259643555,8298500
2013-06-14,67.71500396728516,69.16999816894531,67.71500396728516,68.46500396728516,58.84005355834961,5397620
2013-06-17,68.63999938964844,69.37999725341797,67.12000274658203,69.12000274658203,59.4029655456543,5070830
2013-06-18,68.97000122070312,70.5999984741211,68.5199966430664,70.3499984741211,60.46005630493164,5928400
2013-06-19,70.5,72.37000274658203,70.4000015258789,71.33000183105469,61.30228042602539,8347850
2013-06-20,70.30000305175781,70.4000015258789,68.5,68.75499725341797,59.08927536010742,6415570
2013-06-21,68.11000061035156,68.7300033569336,65.0,66.96500396728516,57.55093002319336,10236370
2013-06-24,67.4000015258789,68.13499450683594,65.81999969482422,67.45999908447266,57.976322174072266,9964350
2013-06-25,67.4000015258789,68.19999694824219,65.21500396728516,65.56999969482422,56.352027893066406,11651180
2013-06-26,65.69999694824219,65.80000305175781,63.93000030517578,64.58499908447266,55.5055046081543,11251740
2013-06-27,65.44999694824219,65.80000305175781,63.275001525878906,64.33999633789062,55.2949333190918,15405980
2013-06-28,64.7249984741211,66.16000366210938,64.7249984741211,65.83000183105469,56.57548522949219,11501940
2013-07-01,65.30500030517578,66.75,64.94499969482422,65.92500305175781,56.657127380371094,10213960
2013-07-02,65.30000305175781,66.58000183105469,63.80500030517578,64.20999908447266,55.183223724365234,19418150
2013-07-03,63.505001068115234,63.599998474121094,60.099998474121094,61.06999969482422,52.48465347290039,20392400
2013-07-04,61.130001068115234,62.49500274658203,60.5,61.17499923706055,52.574886322021484,14565550
2013-07-05,61.70000076293945,62.79999923706055,61.20000076293945,61.6349983215332,52.97022247314453,8732290
2013-07-08,61.099998474121094,61.099998474121094,59.654998779296875,60.380001068115234,51.89164733886719,7588110
2013-07-09,60.9900016784668,61.65999984741211,60.415000915527344,60.88999938964844,52.3299560546875,7491970
2013-07-10,60.900001525878906,61.4900016784668,59.04999923706055,59.40999984741211,51.058021545410156,10978880
2013-07-11,60.099998474121094,61.70000076293945,60.099998474121094,60.400001525878906,51.90884780883789,12370780
2013-07-12,60.5,60.97999954223633,59.5,60.18000030517578,51.71976852416992,7814750
2013-07-15,59.18000030517578,59.72999954223633,58.45000076293945,59.06999969482422,51.623634338378906,8903900
2013-07-16,58.29999923706055,58.939998626708984,56.709999084472656,57.09000015258789,49.89324188232422,9379310
2013-07-17,56.900001525878906,57.15999984741211,55.16999816894531,56.029998779296875,48.966861724853516,9475230
2013-07-18,56.099998474121094,57.599998474121094,55.16999816894531,56.92499923706055,49.74903106689453,9753850
2013-07-19,56.97999954223633,58.20000076293945,56.599998474121094,57.13999938964844,49.93693542480469,6249130
2013-07-22,56.630001068115234,57.1349983215332,55.55500030517578,56.41999816894531,49.30769729614258,8833530
2013-07-23,57.0099983215332,58.380001068115234,56.599998474121094,58.06500244140625,50.74533462524414,7269650
2013-07-24,57.5,57.97999954223633,54.689998626708984,56.029998779296875,48.966861724853516,11008480
2013-07-25,56.5,57.779998779296875,56.060001373291016,56.68499755859375,49.53929138183594,12457450
2013-07-26,56.7599983215332,57.220001220703125,53.64500045776367,55.4849967956543,48.49055862426758,10628520
2013-07-29,55.0099983215332,56.18499755859375,54.400001525878906,55.125,48.17594909667969,6896410
2013-07-30,55.0099983215332,55.43000030517578,52.724998474121094,53.30500030517578,46.58537292480469,6399240
2013-07-31,52.79999923706055,57.5,51.5,56.59000015258789,49.45627212524414,18341470
2013-08-01,57.09000015258789,57.5,53.95000076293945,55.29500198364258,48.324520111083984,9058950
2013-08-02,55.599998474121094,56.05500030517578,52.0,53.65999984741211,46.89562225341797,13193940
2013-08-05,53.5,54.56999969482422,51.64500045776367,52.7400016784668,46.09159851074219,13844080
2013-08-06,52.9900016784668,52.9900016784668,49.96500015258789,50.974998474121094,44.549095153808594,15838700
2013-08-07,50.73500061035156,53.29999923706055,49.095001220703125,52.154998779296875,45.58033752441406,15946050
2013-08-08,51.599998474121094,52.474998474121094,50.04999923706055,50.375,44.02473068237305,13089370
2013-08-12,51.20000076293945,53.18499755859375,50.45500183105469,51.7400016784668,45.217655181884766,11994000
2013-08-13,51.19499969482422,52.79999923706055,51.0,51.869998931884766,45.331268310546875,9392270
2013-08-14,52.650001525878906,54.279998779296875,52.599998474121094,53.470001220703125,46.72957229614258,11212710
2013-08-16,52.900001525878906,53.45000076293945,48.0099983215332,48.73500061035156,42.591468811035156,13314350
2013-08-19,48.099998474121094,50.29999923706055,46.20000076293945,49.97999954223633,43.679527282714844,12336900
2013-08-20,48.974998474121094,53.189998626708984,48.5,52.16999816894531,45.59345245361328,16134040
2013-08-21,52.84000015258789,53.70000076293945,49.349998474121094,49.73500061035156,43.46540832519531,10866110
2013-08-22,49.79999923706055,55.74500274658203,48.70000076293945,54.59000015258789,47.7083854675293,21217880
2013-08-23,54.709999084472656,55.46500015258789,52.70000076293945,54.64500045776367,47.7564582824707,18502680
2013-08-26,55.10499954223633,55.54500198364258,53.040000915527344,53.9849967956543,47.17964172363281,16167990
2013-08-27,53.4900016784668,53.619998931884766,51.04999923706055,51.95000076293945,45.401187896728516,13652450
2013-08-28,50.849998474121094,53.95000076293945,50.0099983215332,53.43499755859375,46.698978424072266,13027640
2013-08-29,53.8849983215332,57.900001525878906,52.599998474121094,56.95500183105469,49.7752571105957,28299880
2013-08-30,56.79500198364258,57.775001525878906,53.5,54.14500045776367,47.31948471069336,17999060
2013-09-02,54.0,56.29999923706055,54.0,55.61000061035156,48.59980392456055,9173030
2013-09-03,55.70000076293945,56.4900016784668,51.724998474121094,52.380001068115234,45.7769775390625,14761760
2013-09-04,52.79999923706055,54.58000183105469,52.560001373291016,54.084999084472656,47.26704788208008,9916730
2013-09-05,55.0,57.470001220703125,54.92499923706055,56.43499755859375,49.320796966552734,12184950
2013-09-06,56.625,58.78499984741211,55.25,58.06500244140625,50.74533462524414,13290090
2013-09-10,59.0,60.0,58.20000076293945,59.4900016784668,51.990699768066406,12087320
2013-09-11,60.0,64.98999786376953,59.02000045776367,64.61000061035156,56.465267181396484,24107140
2013-09-12,65.30000305175781,65.30000305175781,61.79999923706055,62.39500045776367,54.52949523925781,11401430
2013-09-13,61.97999954223633,63.99500274658203,61.415000915527344,63.310001373291016,55.32914733886719,10154830
2013-09-16,64.80000305175781,67.5,63.189998626708984,65.36000061035156,57.12071990966797,16427330
2013-09-17,65.55999755859375,66.79000091552734,64.0999984741211,66.16500091552734,57.82423400878906,12238320
2013-09-18,66.87999725341797,67.0999984741211,65.80999755859375,66.68499755859375,58.278690338134766,7737790
2013-09-19,68.5,73.30000305175781,68.22000122070312,72.22000122070312,63.11594772338867,17054960
2013-09-20,72.11000061035156,74.69999694824219,69.53499603271484,74.26499938964844,64.90315246582031,18026610
2013-09-23,73.05000305175781,73.8499984741211,71.62999725341797,72.94999694824219,63.75392532348633,11124260
2013-09-24,72.30000305175781,74.87999725341797,72.20500183105469,74.30500030517578,64.9381332397461,13600530
2013-09-25,73.80500030517578,76.19999694824219,73.0,75.73500061035156,66.18785858154297,15485980
2013-09-26,75.19999694824219,75.9000015258789,74.01499938964844,74.43499755859375,65.05171966552734,11598130
2013-09-27,74.32499694824219,75.06500244140625,72.5250015258789,73.30500030517578,64.06417846679688,10523360
2013-09-30,72.01000213623047,73.33999633789062,70.66999816894531,72.96500396728516,63.76705551147461,12293790
2013-10-01,73.0999984741211,75.6050033569336,71.63999938964844,75.0,65.54550170898438,14820480
2013-10-03,75.5,77.1500015258789,75.19999694824219,76.26499938964844,66.65103912353516,10014540
2013-10-04,75.5250015258789,77.98999786376953,75.30999755859375,77.42500305175781,67.6648178100586,13942990
2013-10-07,76.7249984741211,79.38499450683594,76.40499877929688,78.73999786376953,68.81402587890625,12117930
2013-10-08,79.01000213623047,80.39500427246094,77.0999984741211,77.91500091552734,68.09304809570312,13764370
2013-10-09,76.99500274658203,79.30000305175781,76.30999755859375,79.14500427246094,69.1679916381836,9387620
2013-10-10,78.40499877929688,79.80000305175781,78.05999755859375,78.54499816894531,68.64360046386719,8464890
2013-10-11,79.5,79.7750015258789,77.4000015258789,78.06500244140625,68.22412872314453,6937590
2013-10-14,77.9800033569336,78.78499603271484,77.37000274658203,77.68000030517578,67.88765716552734,5733220
2013-10-15,77.70999908447266,79.69999694824219,77.08999633789062,78.875,68.9320297241211,9291580
2013-10-17,78.55500030517578,80.29000091552734,78.0999984741211,78.5250015258789,68.62614440917969,8734580
2013-10-18,78.0999984741211,81.79000091552734,78.0999984741211,81.0999984741211,70.87652587890625,11303760
2013-10-21,81.25499725341797,84.13999938964844,80.56999969482422,83.83499908447266,73.26675415039062,11208760
2013-10-22,83.5,84.79000091552734,83.18499755859375,83.95500183105469,73.37163543701172,8909740
2013-10-23,84.15499877929688,84.81999969482422,82.80500030517578,84.0250015258789,73.43280792236328,7605360
2013-10-24,83.8499984741211,86.19999694824219,83.83499908447266,84.625,73.95718383789062,9904300
2013-10-25,84.0,85.75,84.0,85.04000091552734,74.31986236572266,9174560
2013-10-28,85.20999908447266,86.37000274658203,85.19999694824219,85.91500091552734,75.08455657958984,9583350
2013-10-29,85.9000015258789,87.58999633789062,84.5,86.25,75.37732696533203,17697490
2013-10-30,86.05500030517578,86.4000015258789,84.2249984741211,84.88999938964844,74.18876647949219,8131080
2013-10-31,84.5999984741211,87.05000305175781,84.27999877929688,86.14500427246094,75.28557586669922,14924560
2013-11-01,85.5,88.5999984741211,85.5,86.53499603271484,75.62639617919922,11476050
2013-11-05,85.72000122070312,87.49500274658203,84.61500549316406,86.69499969482422,75.76622772216797,7785270
2013-11-06,86.32499694824219,87.44999694824219,85.69999694824219,86.37999725341797,75.4909439086914,5796760
2013-11-07,86.1050033569336,88.5,86.1050033569336,86.95500183105469,75.99345397949219,9543140
2013-11-08,86.30000305175781,87.84500122070312,85.91500091552734,86.63999938964844,75.7181625366211,9859210
2013-11-11,86.0,86.98999786376953,84.86500549316406,85.6500015258789,74.85296630859375,7703870
2013-11-12,85.3550033569336,86.15499877929688,83.20500183105469,83.68499755859375,73.13566589355469,6526170
2013-11-13,83.22000122070312,84.11000061035156,82.54000091552734,83.30500030517578,72.8035659790039,6143940
2013-11-14,84.5999984741211,87.44000244140625,84.33999633789062,86.4800033569336,75.57833862304688,9110380
2013-11-18,87.5,87.80000305175781,86.64500427246094,87.26000213623047,76.260009765625,5743530
2013-11-19,87.30999755859375,89.56999969482422,87.15499877929688,88.7300033569336,77.5447006225586,7074150
2013-11-20,88.58999633789062,90.9000015258789,88.5,89.58999633789062,78.29627227783203,12772210
2013-11-21,89.32499694824219,90.1500015258789,88.43000030517578,88.86000061035156,77.65830993652344,8689280
2013-11-22,89.4000015258789,89.73999786376953,86.7249984741211,87.45500183105469,76.430419921875,6465290
2013-11-25,87.80000305175781,89.0999984741211,87.375,88.75499725341797,77.5665283203125,5100860
2013-11-26,88.03499603271484,89.54000091552734,88.03499603271484,89.05500030517578,77.8287353515625,6106120
2013-11-27,88.8499984741211,92.48999786376953,88.8499984741211,91.96500396728516,80.37188720703125,8655560
2013-11-28,93.0,93.34500122070312,91.03499603271484,91.5,79.96552276611328,8841820
2013-11-29,91.9000015258789,92.9000015258789,91.19999694824219,91.8550033569336,80.27576446533203,4435770
2013-12-02,91.5250015258789,94.0,91.19999694824219,93.39500427246094,81.62162780761719,8022250
2013-12-03,93.0250015258789,94.32499694824219,92.58000183105469,93.32499694824219,81.5604476928711,7793290
2013-12-04,93.19999694824219,94.19000244140625,92.83000183105469,93.16999816894531,81.42498779296875,5742100
2013-12-05,94.5,94.68000030517578,92.91000366210938,93.24500274658203,81.49053192138672,3876070
2013-12-06,93.19999694824219,93.625,92.11000061035156,92.70500183105469,81.01860809326172,3647460
2013-12-09,94.82499694824219,94.82499694824219,92.09500122070312,93.07499694824219,81.34197235107422,5285470
2013-12-10,93.11000061035156,95.4000015258789,92.82499694824219,95.00499725341797,83.0286636352539,7635480
2013-12-11,94.5999984741211,94.94999694824219,93.50499725341797,94.1050033569336,82.24211883544922,4929040
2013-12-12,93.33999633789062,94.0199966430664,92.86000061035156,93.1500015258789,81.40751647949219,3336530
2013-12-13,92.5,93.4000015258789,91.80000305175781,92.15499877929688,80.5379409790039,5013050
2013-12-16,92.19999694824219,92.95999908447266,90.125,91.36000061035156,79.8431625366211,5222130
2013-12-17,92.17500305175781,93.5,91.31999969482422,92.44000244140625,80.78702545166016,6180220
2013-12-18,92.51000213623047,94.7750015258789,91.55500030517578,94.33999633789062,82.44749450683594,5987780
2013-12-19,94.61000061035156,96.30000305175781,94.20500183105469,96.04000091552734,83.93321228027344,7622460
2013-12-20,96.30000305175781,96.62000274658203,95.68000030517578,96.375,84.2259750366211,5645780
2013-12-23,96.30500030517578,99.5,96.22000122070312,98.69499969482422,86.25350952148438,8356250
2013-12-24,98.80000305175781,99.41999816894531,98.03499603271484,98.86500549316406,86.402099609375,5890190
2013-12-26,98.5999984741211,100.80000305175781,98.3499984741211,99.875,87.28475189208984,9029620
2013-12-27,99.88999938964844,101.0,99.56500244140625,100.73999786376953,88.04071807861328,6678510
2013-12-30,101.7249984741211,102.5,100.5999984741211,102.2300033569336,89.34288787841797,8899370
2013-12-31,102.5999984741211,102.88500213623047,101.05500030517578,101.72000122070312,88.89718627929688,6193970
2014-01-01,101.9800033569336,102.2699966430664,101.15499877929688,101.54000091552734,88.73987579345703,2592560
2014-01-02,101.76499938964844,104.0,99.16999816894531,100.91000366210938,88.18928527832031,13790330
2014-01-03,100.51000213623047,100.97000122070312,98.5999984741211,99.40499877929688,86.87400817871094,7380140
2014-01-06,99.87000274658203,104.16999816894531,99.6500015258789,103.43000030517578,90.39161682128906,11094920
2014-01-07,103.54499816894531,104.62000274658203,101.4000015258789,102.75499725341797,89.80171203613281,8881400
2014-01-08,102.7249984741211,103.37000274658203,101.80000305175781,102.62999725341797,89.69245147705078,4745410
2014-01-09,102.9000015258789,103.19999694824219,100.77999877929688,102.55999755859375,89.63127899169922,5221660
2014-01-10,103.0,103.4000015258789,101.5199966430664,102.33000183105469,89.43029022216797,4793600
2014-01-13,102.32499694824219,103.125,101.0,101.93000030517578,89.08070373535156,6294510
2014-01-14,101.5,102.48999786376953,100.20999908447266,100.98500061035156,88.25484466552734,4514970
2014-01-15,100.82499694824219,101.94999694824219,98.5199966430664,99.03499603271484,86.5506362915039,7431180
2014-01-16,99.69499969482422,102.5999984741211,98.62000274658203,102.34500122070312,89.4433822631836,7167370
2014-01-17,102.3499984741211,102.45999908447266,99.19999694824219,100.0199966430664,87.41148376464844,4442060
2014-01-20,99.9000015258789,101.0250015258789,98.1500015258789,98.69999694824219,86.25787353515625,4632080
2014-01-21,99.05000305175781,100.18499755859375,98.38499450683594,99.07499694824219,86.5855941772461,3877800
2014-01-22,99.0999984741211,100.0,98.69999694824219,99.45500183105469,86.91770935058594,3302930
2014-01-23,99.44499969482422,100.73500061035156,99.01000213623047,99.42500305175781,86.89149475097656,4586290
2014-01-24,98.50499725341797,99.4800033569336,96.54000091552734,97.00499725341797,84.77653503417969,6435990
2014-01-27,96.0,96.0,90.86500549316406,91.47000122070312,79.93929290771484,6295430
2014-01-28,91.5250015258789,94.6500015258789,90.80000305175781,93.05999755859375,81.328857421875,13972210
2014-01-29,93.7249984741211,94.41999816894531,92.25,93.30500030517578,81.54296875,5357420
2014-01-30,92.33000183105469,92.37000274658203,88.06999969482422,89.62000274658203,78.32249450683594,11665950
2014-01-31,90.19999694824219,92.11500549316406,89.81999969482422,91.73500061035156,80.17088317871094,7177520
2014-02-03,90.88499450683594,91.48999786376953,84.7300033569336,85.26000213623047,74.51213073730469,9276840
2014-02-04,83.9000015258789,86.5,82.625,84.33000183105469,73.6993637084961,8174160
2014-02-05,84.76499938964844,85.6500015258789,83.32499694824219,84.68000030517578,74.0052490234375,6375620
2014-02-06,85.42500305175781,86.12000274658203,82.76499938964844,84.23500061035156,73.6163558959961,8701340
2014-02-07,85.5999984741211,87.28499603271484,84.79000091552734,86.87999725341797,75.92789459228516,10627740
2014-02-10,87.01000213623047,88.30000305175781,84.06500244140625,84.99500274658203,74.2805404663086,7592800
2014-02-11,85.3499984741211,86.64500427246094,85.05999755859375,85.95999908447266,75.12388610839844,5021260
2014-02-12,86.25499725341797,86.5250015258789,83.61500549316406,84.33999633789062,73.7081069946289,4871450
2014-02-13,85.0,85.0,80.81500244140625,81.51000213623047,71.23484802246094,5406540
2014-02-14,81.58999633789062,83.80000305175781,80.4000015258789,83.42500305175781,72.90845489501953,6479960
2014-02-17,83.5,85.84500122070312,81.88499450683594,84.64500427246094,73.97466278076172,4775170
2014-02-18,85.59500122070312,87.87999725341797,85.59500122070312,87.11000061035156,76.12891387939453,8108500
2014-02-19,87.11000061035156,87.11000061035156,87.11000061035156,87.11000061035156,76.12891387939453,0
2014-02-20,86.19999694824219,87.30000305175781,85.25,86.79000091552734,75.84925079345703,5642830
2014-02-21,87.0,89.0,86.9000015258789,88.5999984741211,77.43109130859375,6027990
2014-02-24,88.69999694824219,89.86000061035156,87.55999755859375,88.27999877929688,77.15142822265625,6570500
2014-02-25,88.28499603271484,89.44000244140625,85.33999633789062,85.76000213623047,74.94911193847656,8792630
2014-02-26,85.89500427246094,86.98999786376953,84.6050033569336,85.81500244140625,74.99716186523438,9460400
2014-02-28,85.99500274658203,87.94999694824219,85.36500549316406,87.59500122070312,76.55278015136719,7861200
2014-03-03,87.44999694824219,88.12999725341797,86.20999908447266,86.87999725341797,75.92789459228516,5002660
2014-03-04,86.80000305175781,89.29499816894531,86.61500549316406,89.08000183105469,77.85057830810547,7112430
2014-03-05,89.77999877929688,90.30000305175781,88.19999694824219,89.66999816894531,78.36619567871094,7324670
2014-03-06,89.69999694824219,91.79000091552734,89.04499816894531,90.83000183105469,79.37996673583984,8871320
2014-03-07,91.5,94.69499969482422,90.80000305175781,94.08499908447266,82.22465515136719,9481220
2014-03-10,93.5250015258789,98.16500091552734,93.19999694824219,97.2300033569336,84.97319030761719,9860380
2014-03-11,97.80000305175781,97.89500427246094,93.19999694824219,93.66999816894531,81.86195373535156,7460960
2014-03-12,93.43000030517578,96.58000183105469,92.63999938964844,94.58000183105469,82.6572494506836,7010040
2014-03-13,94.66999816894531,95.95999908447266,92.27999877929688,92.8499984741211,81.14532470703125,7074890
2014-03-14,92.11500549316406,94.33999633789062,91.44000244140625,93.94000244140625,82.0979232788086,6366140
2014-03-18,94.32499694824219,96.08499908447266,94.08000183105469,94.81500244140625,82.86262512207031,6786760
2014-03-19,95.0250015258789,97.69999694824219,94.33000183105469,97.16999816894531,84.92076110839844,7637420
2014-03-20,97.0999984741211,97.45999908447266,94.28499603271484,94.86500549316406,82.90634155273438,5932150
2014-03-21,95.11500549316406,98.87999725341797,95.11500549316406,98.14500427246094,85.7728271484375,9555530
2014-03-24,99.1050033569336,99.9000015258789,97.31999969482422,97.92500305175781,85.58058166503906,5735930
2014-03-25,97.55000305175781,99.83999633789062,97.55000305175781,98.04499816894531,85.68544006347656,6176300
2014-03-26,98.66500091552734,100.4000015258789,98.50499725341797,99.75,87.1755142211914,7177010
2014-03-27,99.9000015258789,100.80000305175781,98.61000061035156,100.01499938964844,87.40711212158203,11328260
2014-03-28,100.5,101.09500122070312,98.0999984741211,98.48500061035156,86.06999206542969,5572950
2014-03-31,98.87999725341797,104.74500274658203,98.5999984741211,103.6050033569336,90.54456329345703,14044790
2014-04-01,104.47000122070312,104.47000122070312,100.3550033569336,102.29000091552734,89.39533233642578,6983260
2014-04-02,103.01000213623047,104.0,101.23999786376953,103.1449966430664,90.14253997802734,8617950
2014-04-03,103.1449966430664,106.0,102.0,105.71499633789062,92.38855743408203,10156330
2014-04-04,106.0,106.9000015258789,104.61000061035156,106.42500305175781,93.00906372070312,6336830
2014-04-07,106.13500213623047,107.4000015258789,104.80999755859375,105.8499984741211,92.50656127929688,5873650
2014-04-09,106.125,106.9000015258789,105.55999755859375,106.5,93.0746078491211,5582160
2014-04-10,106.5999984741211,108.5,106.25499725341797,107.33999633789062,93.8087158203125,4774920
2014-04-11,106.0250015258789,107.45500183105469,105.19999694824219,105.9800033569336,92.62017059326172,8329900
2014-04-15,106.0,106.94999694824219,100.30000305175781,101.24500274658203,88.4820556640625,5967660
2014-04-16,101.09500122070312,102.69999694824219,99.58499908447266,101.51000213623047,88.71365356445312,6801940
2014-04-17,102.0,105.19999694824219,100.56500244140625,104.5,91.32673645019531,5784390
2014-04-21,105.79000091552734,111.0,104.95500183105469,109.80999755859375,95.96736145019531,7471300
2014-04-22,109.88999938964844,112.5999984741211,108.72000122070312,110.8949966430664,96.91558074951172,9444640
2014-04-23,109.80000305175781,112.00499725341797,109.5,111.36499786376953,97.32632446289062,5895760
2014-04-24,111.36499786376953,111.36499786376953,111.36499786376953,111.36499786376953,97.32632446289062,0
2014-04-25,111.11000061035156,113.55500030517578,110.7300033569336,111.44000244140625,97.39187622070312,5307170
2014-04-28,111.5,112.9000015258789,111.03500366210938,111.51000213623047,97.45305633544922,4354150
2014-04-29,111.5,111.6050033569336,105.77999877929688,106.19499969482422,92.80805969238281,4916100
2014-04-30,104.6050033569336,109.0,104.55999755859375,108.30500030517578,94.6520767211914,8012250
2014-05-02,108.51499938964844,110.30999755859375,106.58000183105469,109.05999755859375,95.3119125366211,6893020
2014-05-05,108.25,111.80000305175781,108.25,110.47000122070312,96.54413604736328,5636820
2014-05-06,111.0,111.77999877929688,110.20500183105469,111.19999694824219,97.18212890625,3167930
2014-05-07,110.69999694824219,111.08000183105469,108.80000305175781,109.71499633789062,95.88432312011719,3950870
2014-05-08,110.49500274658203,110.49500274658203,108.52999877929688,109.55999755859375,95.74886322021484,2890720
2014-05-09,108.69999694824219,113.81999969482422,108.32499694824219,113.23500061035156,98.9605941772461,6863580
2014-05-12,113.4000015258789,116.87000274658203,111.69999694824219,116.2249984741211,101.57367706298828,7742990
2014-05-13,116.97000122070312,118.5,114.18000030517578,115.33000183105469,100.79151153564453,6014750
2014-05-14,115.51000213623047,117.5,114.21499633789062,117.08499908447266,102.32526397705078,3876290
2014-05-15,117.00499725341797,117.9749984741211,114.5,115.58999633789062,101.01873779296875,4849850
2014-05-16,116.5250015258789,125.19000244140625,114.62000274658203,117.72000122070312,102.88021850585938,9082460
2014-05-19,119.20500183105469,126.0,118.5,124.25499725341797,108.59142303466797,6487150
2014-05-20,125.69499969482422,126.5,122.12999725341797,122.80000305175781,107.31985473632812,5006940
2014-05-21,123.0,123.59500122070312,120.70500183105469,121.7300033569336,106.38472747802734,3585830
2014-05-22,122.4000015258789,123.57499694824219,120.08999633789062,121.38999938964844,106.08757781982422,2903480
2014-05-23,121.4800033569336,127.19999694824219,120.83000183105469,126.58999633789062,110.6320571899414,6490230
2014-05-26,127.5,129.5399932861328,120.1500015258789,123.99500274658203,108.36418914794922,5416590
2014-05-27,124.0,125.0,120.0,123.04499816894531,107.53395080566406,4681320
2014-05-28,121.5999984741211,122.69999694824219,117.13500213623047,120.55500030517578,105.35784149169922,8083390
2014-05-29,120.49500274658203,122.58999633789062,120.0,120.875,105.63749694824219,5385000
2014-05-30,121.00499725341797,124.98500061035156,120.38500213623047,121.13999938964844,105.86907958984375,7159220
2014-06-02,122.29499816894531,123.86000061035156,121.0250015258789,122.63500213623047,107.1756362915039,4317290
2014-06-03,123.12000274658203,129.39999389648438,123.1050033569336,127.52999877929688,111.45356750488281,10836730
2014-06-04,127.625,129.1999969482422,124.53500366210938,127.3550033569336,111.30062866210938,6931900
2014-06-05,128.0,130.5,126.16500091552734,129.3800048828125,113.07035827636719,8962060
2014-06-06,129.52000427246094,130.4199981689453,127.30000305175781,128.84500122070312,112.60282135009766,9727620
2014-06-09,129.86500549316406,131.5,128.60000610351562,130.25999450683594,113.83942413330078,4695220
2014-06-10,131.5,131.9199981689453,128.1199951171875,131.08999633789062,114.56478881835938,6684240
2014-06-11,130.5,132.69500732421875,128.2550048828125,129.3300018310547,113.02665710449219,6276970
2014-06-12,129.3000030517578,131.10000610351562,128.31500244140625,130.43499755859375,113.99237060546875,4816210
2014-06-13,130.43499755859375,131.46499633789062,125.0,125.94499969482422,110.0683822631836,4894270
2014-06-16,126.48999786376953,126.48999786376953,122.41999816894531,124.45500183105469,108.7662124633789,5221480
2014-06-17,124.01000213623047,127.3949966430664,122.9000015258789,126.73999786376953,110.76316833496094,4060440
2014-06-18,125.80000305175781,128.44000244140625,121.62999725341797,123.33499908447266,107.78738403320312,4622770
2014-06-19,123.62000274658203,125.48999786376953,122.30500030517578,123.32499694824219,107.77865600585938,3781760
2014-06-20,122.19999694824219,125.29499816894531,121.58999633789062,122.02999877929688,106.64689636230469,6438200
2014-06-23,122.0,126.13999938964844,121.33000183105469,124.05500030517578,108.41663360595703,5777730
2014-06-24,124.5250015258789,126.11499786376953,124.0999984741211,125.08499908447266,109.31678009033203,4030850
2014-06-25,124.69999694824219,125.78500366210938,123.0,123.36499786376953,107.81361389160156,3439390
2014-06-26,123.5,124.4000015258789,121.74500274658203,122.19000244140625,106.78672790527344,5100300
2014-06-27,121.5999984741211,124.19000244140625,121.5999984741211,123.13999938964844,107.6169662475586,4364440
2014-06-30,123.0250015258789,124.80000305175781,122.5,123.68000030517578,108.08889770507812,4534840
2014-07-01,124.0199966430664,128.47500610351562,124.0199966430664,126.94999694824219,110.9466781616211,5701600
2014-07-02,127.98999786376953,130.89999389648438,127.80000305175781,129.0500030517578,112.78196716308594,4752290
2014-07-03,129.61000061035156,130.8000030517578,128.0800018310547,128.88499450683594,112.63775634765625,3235940
2014-07-04,128.8000030517578,129.50999450683594,125.66000366210938,127.07499694824219,111.05591583251953,2903990
2014-07-07,126.18000030517578,127.48999786376953,122.62999725341797,123.3499984741211,108.74181365966797,6880770
2014-07-08,123.4800033569336,124.76499938964844,117.55999755859375,118.56999969482422,104.52789306640625,8730960
2014-07-09,118.81500244140625,120.88999938964844,117.42500305175781,119.61000061035156,105.44471740722656,6113740
2014-07-10,119.5999984741211,123.38999938964844,115.48999786376953,120.46499633789062,106.19847106933594,6662840
2014-07-11,119.61000061035156,120.86499786376953,112.86499786376953,113.76499938964844,100.29195404052734,6767060
2014-07-14,112.81500244140625,116.5,112.57499694824219,114.93000030517578,101.31897735595703,3693110
2014-07-15,116.0,118.5999984741211,115.80000305175781,117.98999786376953,104.0165786743164,3523170
2014-07-16,119.01000213623047,120.68499755859375,118.0999984741211,120.08999633789062,105.86787414550781,3067470
2014-07-17,120.0,123.4000015258789,118.5250015258789,122.56999969482422,108.05418395996094,5490970
2014-07-18,121.87999725341797,122.69999694824219,120.6500015258789,121.94499969482422,107.50320434570312,5874450
2014-07-21,122.5,123.67500305175781,119.22000122070312,120.29000091552734,106.044189453125,4992860
2014-07-22,120.1050033569336,122.48999786376953,119.38500213623047,121.41000366210938,107.03155517578125,6650760
2014-07-23,121.69999694824219,122.36499786376953,118.0999984741211,118.62999725341797,104.5807876586914,6283390
2014-07-24,119.22000122070312,122.95999908447266,117.53500366210938,122.23500061035156,107.75885772705078,7186180
2014-07-25,122.30999755859375,123.30000305175781,116.05000305175781,117.8949966430664,103.93283081054688,7516010
2014-07-28,117.8499984741211,119.69999694824219,116.69000244140625,119.32499694824219,105.19349670410156,3435780
2014-07-30,119.19000244140625,120.23500061035156,116.16500091552734,118.32499694824219,104.31190490722656,3959920
2014-07-31,118.04499816894531,119.86499786376953,117.41000366210938,118.03500366210938,104.05625915527344,6920560
2014-08-01,117.46499633789062,120.9800033569336,114.5,116.94000244140625,103.09095001220703,11413800
2014-08-04,118.5999984741211,119.93499755859375,116.83000183105469,118.28500366210938,104.27664947509766,5369610
2014-08-05,118.5,119.80000305175781,117.01000213623047,119.29499816894531,105.16703796386719,3663610
2014-08-06,118.31999969482422,120.13999938964844,116.19999694824219,116.81500244140625,102.9807357788086,3978830
2014-08-07,117.0,119.12999725341797,116.4000015258789,117.5250015258789,103.60665893554688,4116280
2014-08-08,116.51000213623047,117.37000274658203,113.91000366210938,115.4800033569336,101.80384826660156,6494630
2014-08-11,116.5,117.27999877929688,114.92500305175781,116.1500015258789,102.39450073242188,4072400
2014-08-12,116.5,117.4000015258789,115.70999908447266,117.08999633789062,103.22317504882812,3737670
2014-08-13,116.56500244140625,118.57499694824219,115.5,117.6500015258789,103.71685028076172,7667550
2014-08-14,117.26499938964844,127.98999786376953,117.26499938964844,127.4000015258789,112.31217193603516,13958840
2014-08-18,127.0,129.2899932861328,124.88500213623047,127.58499908447266,112.47525024414062,10810840
2014-08-19,129.48500061035156,129.9499969482422,127.19999694824219,128.60499572753906,113.37446594238281,7098360
2014-08-20,129.0,130.0,127.0,128.5050048828125,113.28631591796875,6135140
2014-08-21,128.5,128.8249969482422,126.01499938964844,127.43499755859375,112.34302520751953,3289410
2014-08-22,127.5,129.5,127.19999694824219,128.97500610351562,113.70065307617188,4820790
2014-08-25,129.5,129.5,123.27999877929688,124.19499969482422,109.48673248291016,7707990
2014-08-26,124.0,126.76499938964844,123.51000213623047,124.98999786376953,110.18757629394531,5380840
2014-08-27,126.0999984741211,126.5999984741211,124.4000015258789,125.37999725341797,110.5313949584961,4635680
2014-08-28,125.50499725341797,125.80000305175781,123.5199966430664,124.36000061035156,109.63219451904297,6796990
2014-09-01,124.61000061035156,132.99000549316406,118.80000305175781,132.09500122070312,116.45112609863281,8387520
2014-09-02,132.0,136.64999389648438,129.5,131.98500061035156,116.35419464111328,8189690
2014-09-03,132.11000061035156,133.05999755859375,128.30999755859375,129.42999267578125,114.10174560546875,5840220
2014-09-04,129.42999267578125,130.82000732421875,127.0,128.14500427246094,112.96894073486328,6277150
2014-09-05,128.89999389648438,132.10000610351562,128.00999450683594,130.9499969482422,115.44174194335938,6256580
2014-09-08,131.10000610351562,133.7949981689453,130.56500244140625,133.41000366210938,117.61039733886719,4122570
2014-09-09,133.0050048828125,134.4250030517578,131.33999633789062,133.6649932861328,117.835205078125,4542960
2014-09-10,132.6199951171875,134.1999969482422,131.75,133.84500122070312,117.99390411376953,3923290
2014-09-11,133.85000610351562,135.0,132.50999450683594,133.75999450683594,117.9189682006836,4303960
2014-09-12,135.0,135.0,132.3000030517578,134.7050018310547,118.7520523071289,3322190
2014-09-15,133.1199951171875,134.66000366210938,132.6999969482422,133.3249969482422,117.53548431396484,3490530
2014-09-16,133.0050048828125,134.60000610351562,127.05000305175781,127.55500030517578,112.4488296508789,5184620
2014-09-17,128.51499938964844,131.5,128.15499877929688,131.0800018310547,115.55635070800781,5810720
2014-09-18,130.5050048828125,133.60000610351562,130.26499938964844,133.02999877929688,117.27542114257812,3121120
2014-09-19,133.1300048828125,133.8000030517578,127.40499877929688,128.05999755859375,112.89399719238281,10998660
2014-09-22,127.88999938964844,128.7449951171875,123.93000030517578,124.81500244140625,110.03330993652344,4707520
2014-09-23,124.9000015258789,126.08499908447266,119.66999816894531,120.58499908447266,106.30426788330078,4551720
2014-09-24,120.625,124.27999877929688,118.0,122.31500244140625,107.82937622070312,6474750
2014-09-25,121.9000015258789,122.84500122070312,117.19499969482422,118.33999633789062,104.32512664794922,4231440
2014-09-26,117.61000061035156,123.4800033569336,117.5999984741211,122.36000061035156,107.86904907226562,3580510
2014-09-29,122.0,123.58999633789062,120.41999816894531,120.93000030517578,106.60840606689453,2450340
2014-09-30,120.0,125.0,114.5,115.6050033569336,101.9140396118164,6167940
2014-10-01,115.0,118.46499633789062,114.75499725341797,117.63999938964844,103.7080307006836,4780650
2014-10-07,117.0,119.8499984741211,114.46499633789062,115.1449966430664,101.50850677490234,4429790
2014-10-08,115.08999633789062,117.99500274658203,113.80500030517578,117.45500183105469,103.54495239257812,3733390
2014-10-09,118.5999984741211,121.77999877929688,117.75499725341797,121.33999633789062,106.96985626220703,4369230
2014-10-10,120.5999984741211,120.5999984741211,113.12999725341797,114.31999969482422,100.78121948242188,6544620
2014-10-13,114.09500122070312,115.08000183105469,112.40499877929688,114.05000305175781,100.54319763183594,6146300
2014-10-14,114.51000213623047,116.4000015258789,111.55500030517578,114.31500244140625,100.77681732177734,8308940
2014-10-15,114.31500244140625,114.31500244140625,114.31500244140625,114.31500244140625,100.77681732177734,0
2014-10-16,114.31500244140625,114.7300033569336,107.6050033569336,109.32499694824219,96.37776184082031,10148490
2014-10-17,109.30000305175781,115.0,108.50499725341797,113.16000366210938,99.75861358642578,7722900
2014-10-20,115.0999984741211,115.8949966430664,111.9000015258789,114.56999969482422,101.00160217285156,3515780
2014-10-21,115.0,118.5999984741211,114.8550033569336,117.5999984741211,103.67277526855469,6091310
2014-10-22,118.80000305175781,120.9800033569336,118.0999984741211,120.08999633789062,105.86787414550781,4001280
2014-10-27,121.9000015258789,125.58999633789062,120.25499725341797,123.33999633789062,108.73298645019531,9645830
2014-10-28,118.5,122.19999694824219,118.0,121.00499725341797,106.67452239990234,7957880
2014-10-29,121.51000213623047,125.49500274658203,120.68499755859375,124.79000091552734,110.01127624511719,5067480
2014-10-30,123.79000091552734,126.0,123.66000366210938,124.66999816894531,109.90547943115234,7350690
2014-10-31,125.22000122070312,127.0,124.51499938964844,126.2750015258789,111.32040405273438,6549280
2014-11-03,126.5999984741211,127.49500274658203,124.30500030517578,125.30999755859375,110.46968078613281,3385250
2014-11-05,125.4000015258789,126.0199966430664,122.5250015258789,123.23999786376953,108.64482879638672,3667350
2014-11-07,123.80000305175781,123.80000305175781,120.55999755859375,121.07499694824219,106.73624420166016,5692610
2014-11-10,121.48999786376953,123.80000305175781,120.11499786376953,123.16000366210938,108.57431030273438,5981520
2014-11-11,123.19999694824219,124.87999725341797,122.19999694824219,124.66999816894531,109.90547943115234,5204050
2014-11-12,124.0999984741211,124.99500274658203,122.12000274658203,122.48500061035156,107.97925567626953,6225160
2014-11-13,123.0999984741211,123.62999725341797,119.59500122070312,120.55000305175781,106.27340698242188,5057720
2014-11-14,120.72000122070312,125.0,120.5,123.73500061035156,109.08121490478516,8139910
2014-11-17,124.0,124.31500244140625,121.41000366210938,123.7699966430664,109.11206817626953,4135840
2014-11-18,124.08000183105469,127.19999694824219,123.5999984741211,124.3499984741211,109.62338256835938,7948910
2014-11-19,124.4000015258789,125.45999908447266,120.4000015258789,120.94000244140625,106.61721801757812,6683370
2014-11-20,121.4000015258789,121.8949966430664,119.93499755859375,121.09500122070312,106.75386047363281,3071640
2014-11-21,120.51000213623047,121.69000244140625,118.30000305175781,118.95500183105469,104.86729431152344,3260770
2014-11-24,119.79499816894531,123.37999725341797,119.79499816894531,122.26499938964844,107.78529357910156,4129430
2014-11-25,122.80000305175781,122.94999694824219,118.0,119.36499786376953,105.22874450683594,5519730
2014-11-26,119.5,120.69999694824219,117.62999725341797,119.15499877929688,105.04360961914062,4555780
2014-11-27,119.49500274658203,120.86499786376953,118.75499725341797,119.5199966430664,105.3653793334961,3700570
2014-11-28,120.01000213623047,122.0,119.62000274658203,120.08999633789062,105.86787414550781,4352810
2014-12-01,120.0,121.95500183105469,116.75499725341797,117.23500061035156,103.35099029541016,5190950
2014-12-02,117.0,118.80000305175781,116.0,117.67500305175781,103.7388916015625,4600390
2014-12-03,117.5,118.8949966430664,116.16500091552734,117.03500366210938,103.17469024658203,3945540
2014-12-04,117.4000015258789,117.94999694824219,115.22000122070312,116.86499786376953,103.02481842041016,3855940
2014-12-05,116.80000305175781,118.5,115.30000305175781,116.06999969482422,102.32396697998047,3686930
2014-12-08,116.20500183105469,116.91500091552734,112.19999694824219,113.18499755859375,99.78063201904297,3577460
2014-12-09,112.0999984741211,113.18499755859375,110.0,110.80500030517578,97.68248748779297,4403100
2014-12-10,111.05000305175781,113.45500183105469,110.83999633789062,111.76000213623047,98.52440643310547,4011650
2014-12-11,111.1050033569336,113.1500015258789,110.16000366210938,111.375,98.18499755859375,3123120
2014-12-12,111.98500061035156,112.90499877929688,109.75499725341797,110.66000366210938,97.55467987060547,3024560
2014-12-15,109.55000305175781,111.73999786376953,108.08000183105469,109.16999816894531,96.24113464355469,5038900
2014-12-16,108.52999877929688,109.19999694824219,102.13999938964844,102.98500061035156,90.78860473632812,5109760
2014-12-17,102.19999694824219,104.3499984741211,99.36000061035156,102.56999969482422,90.4227523803711,6916990
2014-12-18,103.33000183105469,106.80000305175781,103.0,103.76000213623047,91.47181701660156,6801760
2014-12-19,104.55000305175781,108.9000015258789,104.30000305175781,105.6500015258789,93.13798522949219,6809730
2014-12-22,105.70999908447266,108.36499786376953,105.0,107.19000244140625,94.49560546875,3405890
2014-12-23,107.5999984741211,108.19999694824219,103.5,104.48999786376953,92.11537170410156,3718810
2014-12-24,103.6050033569336,106.0999984741211,102.80500030517578,103.58499908447266,91.31755828857422,4917300
2014-12-26,103.5,105.34500122070312,102.51499938964844,104.62999725341797,92.2387924194336,2796200
2014-12-29,104.79499816894531,108.66999816894531,104.79499816894531,106.91999816894531,94.2575912475586,4637550
2014-12-30,107.15499877929688,107.81999969482422,103.70500183105469,104.48999786376953,92.11537170410156,3118020
2014-12-31,104.69999694824219,105.94999694824219,104.05500030517578,104.7750015258789,92.36663055419922,3015260
2015-01-01,104.88999938964844,107.19999694824219,104.19999694824219,106.58999633789062,93.96666717529297,2674400
2015-01-02,107.01000213623047,107.9000015258789,106.33000183105469,106.91500091552734,94.25318145751953,3664240
2015-01-05,106.91500091552734,108.69999694824219,105.80000305175781,106.66000366210938,94.02838897705078,3392870
2015-01-06,105.41000366210938,105.8949966430664,102.05500030517578,102.7699966430664,90.59906768798828,5549800
2015-01-07,101.5999984741211,102.58000183105469,99.7249984741211,101.18499755859375,89.20178985595703,5286870
2015-01-08,102.5,103.48999786376953,99.86000061035156,102.20999908447266,90.10537719726562,4780810
2015-01-09,102.69999694824219,103.5,100.40499877929688,101.29499816894531,89.29874420166016,5046040
2015-01-12,101.00499725341797,101.19999694824219,99.76499938964844,100.06999969482422,88.21882629394531,2409440
2015-01-13,100.59500122070312,101.4000015258789,98.91500091552734,99.34500122070312,87.57970428466797,5067780
2015-01-14,99.5,99.80000305175781,96.30500030517578,96.82499694824219,85.3581314086914,5881870
2015-01-15,97.79499816894531,98.80000305175781,95.66500091552734,97.09500122070312,85.59615325927734,6814340
2015-01-16,97.37000274658203,99.25499725341797,96.09500122070312,98.04499816894531,86.43364715576172,4952730
2015-01-19,98.5999984741211,99.20999908447266,97.2300033569336,97.66500091552734,86.09864807128906,3389350
2015-01-20,97.95500183105469,100.82499694824219,97.875,100.51000213623047,88.60672760009766,6121230
2015-01-21,101.01000213623047,101.30000305175781,98.19999694824219,99.99500274658203,88.15271759033203,5028900
2015-01-22,100.0999984741211,100.95999908447266,98.62000274658203,99.32499694824219,87.56205749511719,3852690
2015-01-23,101.0,102.0999984741211,99.5,101.52999877929688,89.50592041015625,5485050
2015-01-27,101.6050033569336,102.41999816894531,100.15499877929688,101.6500015258789,89.61172485351562,4699280
2015-01-28,101.5,101.69999694824219,99.0,99.50499725341797,87.72073364257812,4527080
2015-01-29,99.37999725341797,100.2750015258789,97.83499908447266,99.71499633789062,87.90587615966797,7116890
2015-01-30,99.5999984741211,100.54499816894531,95.76499938964844,97.74500274658203,86.16917419433594,8125080
2015-02-02,97.82499694824219,100.95999908447266,97.70500183105469,99.69999694824219,87.89263916015625,4969410
2015-02-03,99.69999694824219,100.59500122070312,97.80000305175781,98.55000305175781,86.87885284423828,5147100
2015-02-04,98.80000305175781,100.76000213623047,98.69999694824219,99.5,87.71633911132812,4891080
2015-02-05,99.5999984741211,100.0,97.125,97.6500015258789,86.08543395996094,5187440
2015-02-06,97.87999725341797,98.47000122070312,95.4000015258789,96.08499908447266,84.70577239990234,4718950
2015-02-09,95.0,95.3949966430664,92.19999694824219,93.61000061035156,82.52388000488281,7214190
2015-02-10,93.30000305175781,96.38999938964844,92.70500183105469,93.86000061035156,82.74427032470703,4334980
2015-02-11,93.69000244140625,98.9800033569336,93.69000244140625,97.78500366210938,86.20445251464844,4968810
2015-02-12,98.11000061035156,98.69000244140625,96.1500015258789,97.18499755859375,85.67549896240234,4874410
2015-02-13,97.9800033569336,99.94000244140625,97.19999694824219,98.5999984741211,86.92291259765625,6535110
2015-02-16,99.19999694824219,100.30500030517578,98.5199966430664,99.12000274658203,87.38133239746094,4547420
2015-02-18,99.37999725341797,100.04000091552734,97.0,97.31999969482422,85.79450225830078,4624720
2015-02-19,97.87999725341797,105.19999694824219,97.51499938964844,103.76000213623047,91.47181701660156,10900420
2015-02-20,105.01000213623047,105.80999755859375,102.03500366210938,102.42500305175781,90.29492950439453,6068460
2015-02-23,102.80000305175781,103.28500366210938,99.125,99.71499633789062,87.90587615966797,6027130
2015-02-24,100.0,103.27999877929688,98.1449966430664,101.9749984741211,89.89822387695312,6011050
2015-02-25,103.47000122070312,103.48999786376953,99.46499633789062,100.01499938964844,88.17035675048828,3899270
2015-02-26,100.80000305175781,101.44999694824219,98.5,99.2249984741211,87.4738998413086,6711410
2015-02-27,100.30000305175781,101.91999816894531,99.5,100.96499633789062,89.0078353881836,7951640
2015-03-02,101.69999694824219,102.19499969482422,99.12000274658203,100.68499755859375,88.76099395751953,5523170
2015-03-03,100.30000305175781,102.30000305175781,99.4749984741211,100.16500091552734,88.30257415771484,7891180
2015-03-04,102.0,102.16999816894531,98.51000213623047,99.19499969482422,87.44745635986328,9128560
2015-03-05,101.0999984741211,101.7699966430664,98.31999969482422,99.16000366210938,87.4166030883789,6330360
2015-03-09,99.58000183105469,99.58000183105469,95.61000061035156,95.97000122070312,84.6043930053711,4438780
2015-03-10,96.5,96.75,94.0,94.45500183105469,83.26880645751953,4668640
2015-03-11,95.0,95.31500244140625,92.72000122070312,93.06500244140625,82.04341888427734,4492530
2015-03-12,93.5,96.48999786376953,93.5,95.21499633789062,83.93879699707031,4538010
2015-03-13,95.5999984741211,96.01499938964844,93.30999755859375,94.29000091552734,83.12334442138672,4327990
2015-03-16,95.01499938964844,95.26000213623047,91.5,91.88999938964844,81.007568359375,4202320
2015-03-17,92.68000030517578,94.2699966430664,91.5999984741211,93.75,82.64730834960938,7781370
2015-03-18,95.0999984741211,95.29499816894531,93.19999694824219,93.94000244140625,82.8147964477539,5779120
2015-03-19,95.0,96.5,94.36499786376953,94.9800033569336,83.73163604736328,8020320
2015-03-20,94.94999694824219,95.23500061035156,91.55000305175781,92.09500122070312,81.18830871582031,7733800
2015-03-23,92.19499969482422,93.4000015258789,90.7249984741211,91.81999969482422,80.94587707519531,6487970
2015-03-24,91.81999969482422,92.2750015258789,89.4749984741211,90.25499725341797,79.56620025634766,6518910
2015-03-25,89.88999938964844,91.19999694824219,89.61000061035156,90.98500061035156,80.20974731445312,6553330
2015-03-26,90.80500030517578,90.80500030517578,88.0199966430664,88.48500061035156,78.00581359863281,9654280
2015-03-27,88.65499877929688,91.9000015258789,88.65499877929688,91.19000244140625,80.3904800415039,5649210
2015-03-30,91.79499816894531,92.20999908447266,89.5999984741211,91.19999694824219,80.39928436279297,5256430
2015-03-31,92.51000213623047,92.55500030517578,90.20500183105469,90.65499877929688,79.91883850097656,6867990
2015-04-01,90.88999938964844,91.5199966430664,90.0,90.96499633789062,80.19212341308594,6922890
2015-04-06,91.5,91.5,89.2300033569336,90.08000183105469,79.41193389892578,4374650
2015-04-07,90.5,94.23500061035156,90.11000061035156,93.76000213623047,82.65612030029297,7755090
2015-04-08,94.19999694824219,94.58499908447266,91.5250015258789,93.19999694824219,82.16242218017578,5392850
2015-04-09,93.5,96.0,91.8499984741211,95.2699966430664,83.9872817993164,12583240
2015-04-10,95.30000305175781,96.69999694824219,93.71499633789062,95.19000244140625,83.9167709350586,7937210
2015-04-13,95.19999694824219,96.4000015258789,93.5999984741211,94.2300033569336,83.0704574584961,6359160
2015-04-15,94.19999694824219,95.12000274658203,92.19999694824219,92.875,81.87593841552734,2821510
2015-04-16,92.86499786376953,94.79000091552734,92.5999984741211,94.16000366210938,83.00874328613281,5075540
2015-04-17,94.48999786376953,97.97000122070312,93.55999755859375,95.625,84.30024719238281,8209560
2015-04-20,96.21499633789062,98.25,94.70500183105469,96.2699966430664,84.86885070800781,9552170
2015-04-21,96.58000183105469,97.4000015258789,94.5,95.04499816894531,83.78893280029297,7361470
2015-04-22,95.5,96.80000305175781,94.5,96.04499816894531,84.67049407958984,6337680
2015-04-23,97.0,99.30000305175781,96.80000305175781,98.55500030517578,86.88326263427734,9871930
2015-04-24,98.71499633789062,99.33000183105469,94.87999725341797,95.66000366210938,84.33109283447266,6996390
2015-04-27,95.9000015258789,96.58999633789062,92.72000122070312,93.7699966430664,82.66492462158203,6627080
2015-04-28,93.4000015258789,95.19999694824219,92.8550033569336,94.5199966430664,83.32609558105469,5288140
2015-04-29,94.6449966430664,96.23500061035156,93.91500091552734,95.71499633789062,84.37959289550781,7560010
2015-04-30,95.0999984741211,95.30000305175781,92.36499786376953,93.22000122070312,82.1800537109375,11020710
2015-05-04,93.51000213623047,94.37999725341797,92.69999694824219,93.79499816894531,82.68696594238281,5246220
2015-05-05,93.9800033569336,98.0,93.74500274658203,97.31999969482422,85.79450225830078,10561070
2015-05-06,96.9000015258789,98.68499755859375,92.30999755859375,93.05000305175781,82.03021240234375,10232380
2015-05-07,93.05000305175781,93.05000305175781,87.5,88.58499908447266,78.093994140625,11635160
2015-05-08,89.0,90.58999633789062,88.51000213623047,89.0250015258789,78.48188018798828,5131440
2015-05-11,90.0,91.79499816894531,89.72000122070312,90.31999969482422,79.62350463867188,5153220
2015-05-12,90.4749984741211,90.55500030517578,87.50499725341797,88.0250015258789,77.60029602050781,4680170
2015-05-13,88.4000015258789,89.5,87.19999694824219,88.69000244140625,78.1865463256836,4058420
2015-05-14,88.80000305175781,91.19999694824219,88.12999725341797,90.61499786376953,79.88358306884766,7651120
2015-05-15,89.9000015258789,90.0,87.0,87.62999725341797,77.25208282470703,9518340
2015-05-18,86.80000305175781,91.4800033569336,86.30999755859375,91.18499755859375,80.38606262207031,11468510
2015-05-19,91.19999694824219,92.8499984741211,90.41500091552734,92.26000213623047,81.3337631225586,5676590
2015-05-20,92.63999938964844,93.23500061035156,91.0999984741211,92.18499755859375,81.26764678955078,7037340
2015-05-21,92.20999908447266,93.05999755859375,90.0999984741211,92.375,81.43514251708984,4802760
2015-05-22,92.45999908447266,92.83499908447266,91.5,92.21499633789062,81.2940902709961,3927750
2015-05-25,92.91000366210938,92.91000366210938,89.98500061035156,90.72000122070312,79.97612762451172,5750540
2015-05-26,90.99500274658203,92.11000061035156,90.19999694824219,91.72000122070312,80.85769653320312,7177390
2015-05-27,90.83999633789062,92.375,90.5,91.99500274658203,81.10014343261719,4805630
2015-05-28,91.9000015258789,92.4000015258789,90.61000061035156,91.61000061035156,80.76072692871094,11219240
2015-05-29,91.2300033569336,93.4000015258789,90.61000061035156,91.62999725341797,80.77835845947266,10605550
2015-06-01,91.51000213623047,91.9000015258789,90.52999877929688,90.92500305175781,80.1568603515625,4258610
2015-06-02,91.29499816894531,91.29499816894531,87.06999969482422,87.83000183105469,77.42839813232422,5754810
2015-06-03,87.87000274658203,88.6500015258789,86.3550033569336,87.95999908447266,77.54300689697266,8761200
2015-06-04,87.5,88.69999694824219,86.54499816894531,87.63500213623047,77.25650024414062,7729490
2015-06-05,86.99500274658203,88.66999816894531,86.53500366210938,87.6500015258789,77.26971435546875,8229870
2015-06-08,88.4000015258789,88.66999816894531,86.55000305175781,86.9800033569336,76.67906951904297,5166440
2015-06-09,86.98999786376953,88.08000183105469,86.04499816894531,87.69499969482422,77.30937957763672,4727310
2015-06-10,87.55000305175781,90.0,87.1050033569336,89.26499938964844,78.69345092773438,5654990
2015-06-11,89.5999984741211,90.80000305175781,86.63999938964844,87.31500244140625,76.9743881225586,4452290
2015-06-12,87.18000030517578,87.5999984741211,83.73999786376953,84.31999969482422,74.33409118652344,4580260
2015-06-15,83.82499694824219,85.875,83.5250015258789,84.23500061035156,74.25916290283203,4378810
2015-06-16,83.96499633789062,84.4800033569336,83.1500015258789,83.99500274658203,74.04757690429688,4280320
2015-06-17,84.55500030517578,88.5999984741211,83.63999938964844,86.75499725341797,76.480712890625,10907940
2015-06-18,86.12999725341797,89.0,85.0999984741211,88.41999816894531,77.94852447509766,7617470
2015-06-19,89.58000183105469,91.16999816894531,88.375,90.56999969482422,79.84390258789062,7238090
2015-06-22,90.94999694824219,91.5,90.19999694824219,90.51000213623047,79.791015625,3951510
2015-06-23,90.43000030517578,91.3499984741211,90.21499633789062,90.80500030517578,80.05105590820312,3884370
2015-06-24,91.19999694824219,91.5999984741211,89.0,89.31500244140625,78.73754119873047,5687440
2015-06-25,88.32499694824219,91.30000305175781,88.08499908447266,90.75499725341797,80.0069808959961,8601380
2015-06-26,89.94000244140625,90.5999984741211,88.20999908447266,89.24500274658203,78.67583465576172,3960230
2015-06-29,87.80000305175781,88.0,86.0,87.1449966430664,76.82452392578125,5583010
2015-06-30,87.0,87.9000015258789,86.3550033569336,87.2249984741211,76.89505767822266,7938510
2015-07-01,87.5,89.4000015258789,87.4000015258789,89.1500015258789,78.59207153320312,3296610
2015-07-02,90.19999694824219,90.30999755859375,88.30999755859375,88.61499786376953,78.12042999267578,3106730
2015-07-03,88.5999984741211,89.5,86.70999908447266,86.8949966430664,76.6041259765625,3720950
2015-07-06,85.875,88.47000122070312,84.41500091552734,88.125,78.68453216552734,4158290
2015-07-07,88.19999694824219,88.86499786376953,87.0,87.6500015258789,78.2603988647461,5258970
2015-07-08,86.94499969482422,87.30000305175781,84.33499908447266,84.87999725341797,75.78713989257812,5448450
2015-07-09,85.0999984741211,85.94999694824219,83.45999908447266,83.9000015258789,74.9121322631836,4946930
2015-07-10,84.98999786376953,84.98999786376953,81.80000305175781,82.98999786376953,74.09962463378906,8017040
2015-07-13,83.51000213623047,84.05000305175781,81.99500274658203,83.4800033569336,74.53712463378906,6870270
2015-07-14,84.00499725341797,84.48999786376953,82.70500183105469,83.1050033569336,74.20230865478516,8426850
2015-07-15,83.48500061035156,84.1500015258789,82.1500015258789,82.45999908447266,73.62639617919922,8968070
2015-07-16,83.0,87.25,82.53500366210938,86.83999633789062,77.53717041015625,8516860
2015-07-17,86.68000030517578,86.68000030517578,85.3499984741211,85.83000183105469,76.63538360595703,6176700
2015-07-20,85.69499969482422,86.55000305175781,85.0,85.20999908447266,76.081787109375,3209170
2015-07-21,85.4000015258789,85.48999786376953,83.0250015258789,83.6050033569336,74.64874267578125,3706860
2015-07-22,83.38999938964844,86.19999694824219,83.0,85.90499877929688,76.70234680175781,3978610
2015-07-23,86.19999694824219,86.75,85.25499725341797,85.94999694824219,76.74250793457031,3992610
2015-07-24,85.9000015258789,86.87000274658203,84.05000305175781,84.54499816894531,75.488037109375,3543340
2015-07-27,84.19999694824219,84.58999633789062,81.0999984741211,81.3949966430664,72.67547607421875,3971970
2015-07-28,81.5999984741211,82.5,80.0,80.9749984741211,72.30047607421875,5514530
2015-07-29,80.95500183105469,81.875,80.00499725341797,81.30500030517578,72.59512329101562,6404220
2015-07-30,80.99500274658203,85.5,80.23999786376953,85.01499938964844,75.9076919555664,17834280
2015-07-31,85.0,85.375,82.54000091552734,83.1449966430664,74.23799896240234,5538730
2015-08-03,83.0999984741211,84.25,81.9000015258789,83.40499877929688,74.47017669677734,4551710
2015-08-04,83.9000015258789,89.36499786376953,82.55000305175781,87.9749984741211,78.55059051513672,10741830
2015-08-05,89.0,91.3499984741211,88.4000015258789,88.625,79.13096618652344,7235960
2015-08-06,88.80000305175781,91.19999694824219,87.11499786376953,90.2300033569336,80.56402587890625,7855920
2015-08-07,90.30000305175781,93.08000183105469,89.8499984741211,92.24500274658203,82.3631591796875,6474440
2015-08-10,92.19999694824219,93.49500274658203,90.80000305175781,91.61000061035156,81.79619598388672,5391170
2015-08-11,91.20500183105469,92.11499786376953,88.95999908447266,89.62999725341797,80.0282974243164,7367360
2015-08-12,89.62999725341797,89.62999725341797,89.62999725341797,89.62999725341797,80.0282974243164,0
2015-08-13,88.5,89.80000305175781,85.125,85.7300033569336,76.54609680175781,11228220
2015-08-14,86.5,90.3499984741211,85.5199966430664,90.05999755859375,80.41223907470703,9206130
2015-08-17,90.0,97.66999816894531,90.0,96.68000030517578,86.32305908203125,14490780
2015-08-18,97.25,101.30000305175781,95.41500091552734,98.70999908447266,88.13558959960938,20205650
2015-08-19,98.5,99.5,95.6500015258789,97.4800033569336,87.03736877441406,8608640
2015-08-20,96.15499877929688,98.0,95.30999755859375,96.15499877929688,85.85429382324219,16718320
2015-08-21,94.19999694824219,95.30000305175781,93.11000061035156,94.71499633789062,84.56856536865234,11999950
2015-08-24,91.0,91.4749984741211,85.5,86.68000030517578,77.39432525634766,9891320
2015-08-25,87.90499877929688,90.0,82.87000274658203,88.81999969482422,79.3050765991211,7624140
2015-08-26,88.5999984741211,91.05000305175781,86.0,89.13500213623047,79.58633422851562,7803800
2015-08-27,89.9000015258789,93.75499725341797,89.65499877929688,93.20999908447266,83.22479248046875,12623000
2015-08-28,95.0,95.08499908447266,91.26000213623047,92.58999633789062,82.67119598388672,5894790
2015-08-31,92.9000015258789,93.3949966430664,91.20500183105469,92.00499725341797,82.14887237548828,4991240
2015-09-01,90.31500244140625,91.73999786376953,89.30000305175781,90.20500183105469,80.54170227050781,5320170
2015-09-02,90.30000305175781,92.5,88.52999877929688,89.1050033569336,79.5595474243164,7482190
2015-09-03,89.69999694824219,94.0,89.44999694824219,93.0,83.03730010986328,8770500
2015-09-04,92.5,92.74500274658203,89.20500183105469,90.34500122070312,80.66671752929688,5668230
2015-09-07,90.6050033569336,91.8499984741211,88.55500030517578,89.08000183105469,79.53722381591797,6717090
2015-09-08,89.5,95.0,89.0999984741211,94.26499938964844,84.16677856445312,9845560
2015-09-09,96.87999725341797,99.9000015258789,95.4749984741211,98.15499877929688,87.64006042480469,11875490
2015-09-10,96.6500015258789,98.6500015258789,95.24500274658203,97.56500244140625,87.11326599121094,8878750
2015-09-11,98.40499877929688,98.7750015258789,95.69999694824219,96.36000061035156,86.03733825683594,6720540
2015-09-14,98.0199966430664,99.94999694824219,96.36000061035156,99.32499694824219,88.68470764160156,8455250
2015-09-15,99.8499984741211,100.58000183105469,94.30999755859375,94.81999969482422,84.66232299804688,9069490
2015-09-16,95.69999694824219,96.54000091552734,94.0999984741211,95.04499816894531,84.86320495605469,6624530
2015-09-18,96.0999984741211,97.69999694824219,92.62000274658203,94.43000030517578,84.31409454345703,14930770
2015-09-21,93.51000213623047,94.7699966430664,92.33000183105469,92.61499786376953,82.69353485107422,8287470
2015-09-22,92.80500030517578,93.37000274658203,90.30999755859375,91.17500305175781,81.40779113769531,7904700
2015-09-23,89.98999786376953,89.98999786376953,86.55500030517578,87.43499755859375,78.06843566894531,10533450
2015-09-24,87.0,89.55000305175781,86.41000366210938,88.02999877929688,78.59970092773438,9277560
2015-09-28,88.0999984741211,88.75,85.80999755859375,86.49500274658203,77.22913360595703,5006510
2015-09-29,84.0250015258789,85.99500274658203,83.01000213623047,84.01499938964844,75.01480865478516,6367450
2015-09-30,85.80000305175781,89.4800033569336,85.2249984741211,88.92500305175781,79.3988265991211,9580920
2015-10-01,88.80000305175781,88.94999694824219,87.19999694824219,87.63999938964844,78.25147247314453,5778190
2015-10-05,88.30000305175781,91.30000305175781,87.91999816894531,90.81999969482422,81.0908203125,8785890
2015-10-06,91.37999725341797,91.58999633789062,89.76000213623047,90.03500366210938,80.38990020751953,7584600
2015-10-07,90.48999786376953,92.37000274658203,89.75499725341797,91.50499725341797,81.70243072509766,9421310
2015-10-08,91.4000015258789,92.79000091552734,90.19999694824219,91.3499984741211,81.56404876708984,7572770
2015-10-09,92.4000015258789,93.0999984741211,90.55500030517578,90.93499755859375,81.19349670410156,7588200
2015-10-12,91.38999938964844,92.48500061035156,89.30000305175781,90.26000213623047,80.5908203125,10185530
2015-10-13,90.4000015258789,92.05500030517578,89.12999725341797,91.75499725341797,81.92565155029297,9713860
2015-10-14,91.30000305175781,94.0999984741211,90.06500244140625,90.53500366210938,80.83635711669922,10874710
2015-10-15,91.0,92.19999694824219,90.00499725341797,91.2699966430664,81.49260711669922,8789130
2015-10-16,91.4000015258789,92.0,89.5250015258789,89.69499969482422,80.08634948730469,6739690
2015-10-19,89.7300033569336,90.69000244140625,88.24500274658203,89.06500244140625,79.5238265991211,8540960
2015-10-20,88.9000015258789,90.4000015258789,88.44999694824219,89.3550033569336,79.78276062011719,11650600
2015-10-21,89.15499877929688,91.37999725341797,88.69999694824219,90.61499786376953,80.90778350830078,11028970
2015-10-23,91.9000015258789,92.0999984741211,90.19000244140625,91.55500030517578,81.74707794189453,11081350
2015-10-26,91.9000015258789,92.5,90.61499786376953,90.87999725341797,81.14439392089844,6851330
2015-10-27,90.53500366210938,91.5,89.68000030517578,91.12000274658203,81.35868835449219,6490770
2015-10-28,90.87000274658203,91.68499755859375,90.50499725341797,91.16999816894531,81.40331268310547,5870970
2015-10-29,90.91999816894531,92.49500274658203,90.56999969482422,92.1500015258789,82.2783432006836,13032360
2015-10-30,92.0999984741211,93.9800033569336,90.71499633789062,91.03500366210938,81.28279113769531,8594130
2015-11-02,91.08999633789062,91.58000183105469,88.76499938964844,89.59500122070312,79.99705505371094,5215560
2015-11-03,89.91999816894531,90.55500030517578,88.80000305175781,89.36000061035156,79.78722381591797,4467130
2015-11-04,89.69999694824219,90.4749984741211,89.01000213623047,89.21499633789062,79.65775299072266,3418680
2015-11-05,89.05000305175781,89.3949966430664,86.81999969482422,87.17500305175781,77.83629608154297,6709440
2015-11-06,86.6050033569336,88.0999984741211,85.61000061035156,87.3499984741211,77.99253845214844,4956020
2015-11-09,85.88999938964844,93.45999908447266,85.66000366210938,88.61499786376953,79.12203979492188,4956590
2015-11-10,88.01000213623047,88.20500183105469,86.80000305175781,87.26499938964844,77.91665649414062,3870870
2015-11-13,87.41000366210938,91.69999694824219,87.05000305175781,91.05500030517578,81.30064392089844,5458020
2015-11-16,90.48999786376953,92.0,89.2699966430664,90.63999938964844,80.93009185791016,6734140
2015-11-17,90.81999969482422,91.80000305175781,89.0999984741211,89.45500183105469,79.8720474243164,5019240
2015-11-18,89.4800033569336,90.22000122070312,87.9000015258789,88.56500244140625,79.07740020751953,5359600
2015-11-19,88.86499786376953,90.79000091552734,88.86499786376953,90.50499725341797,80.80955505371094,4458160
2015-11-20,90.69999694824219,91.3499984741211,89.2699966430664,89.51000213623047,79.92115783691406,6360600
2015-11-23,89.62000274658203,90.19499969482422,88.2300033569336,88.98999786376953,79.45686340332031,3245890
2015-11-24,88.49500274658203,89.8499984741211,88.13500213623047,88.66500091552734,79.16667175292969,5396450
2015-11-26,89.0999984741211,89.9000015258789,88.11000061035156,89.27999877929688,79.71577453613281,7810390
2015-11-27,89.29000091552734,90.33999633789062,87.01000213623047,87.20500183105469,77.86307525634766,8163250
2015-11-30,87.0999984741211,90.9800033569336,87.06999969482422,90.55000305175781,80.8497543334961,12445090
2015-12-01,89.19999694824219,94.87000274658203,89.11499786376953,94.375,84.26497650146484,16148990
2015-12-02,94.625,98.45999908447266,93.9000015258789,98.125,87.61325073242188,19082900
2015-12-03,97.80000305175781,99.4000015258789,96.69999694824219,97.68000030517578,87.21593475341797,12941730
2015-12-04,97.4000015258789,97.79499816894531,96.28500366210938,97.06999969482422,86.6712875366211,10064690
2015-12-07,97.30999755859375,98.17500305175781,96.25499725341797,97.30999755859375,86.88556671142578,11031530
2015-12-08,97.125,97.54499816894531,95.76000213623047,96.07499694824219,85.78287506103516,5796190
2015-12-09,95.92500305175781,96.0,93.91999816894531,94.18499755859375,84.0953369140625,6127490
2015-12-10,94.30000305175781,96.61000061035156,93.55500030517578,96.05999755859375,85.76947784423828,8144990
2015-12-11,96.5999984741211,98.37000274658203,95.69999694824219,96.79000091552734,86.42127227783203,9911290
2015-12-14,96.9000015258789,102.5,96.71499633789062,102.05000305175781,91.11780548095703,19498000
2015-12-15,102.29000091552734,102.69000244140625,100.41999816894531,101.32499694824219,90.47045135498047,7208880
2015-12-16,101.69999694824219,102.9000015258789,99.83000183105469,100.88999938964844,90.08206939697266,7149120
2015-12-17,101.0,105.47000122070312,101.0,104.77999877929688,93.55534362792969,14684980
2015-12-18,104.31999969482422,104.6500015258789,102.22000122070312,102.69999694824219,91.69816589355469,8950620
2015-12-21,103.4000015258789,105.48500061035156,102.94999694824219,104.63500213623047,93.42587280273438,6490730
2015-12-22,104.31999969482422,105.6500015258789,103.51000213623047,103.77999877929688,92.6624755859375,6015270
2015-12-23,104.50499725341797,105.55999755859375,104.20999908447266,105.1500015258789,93.88571166992188,5577540
2015-12-24,106.19999694824219,107.19999694824219,104.7750015258789,106.52999877929688,95.11786651611328,4649690
2015-12-28,106.70500183105469,106.87999725341797,102.36000061035156,102.91500091552734,91.8901138305664,6017430
2015-12-29,103.19999694824219,104.7699966430664,102.8499984741211,103.55999755859375,92.4660415649414,6974600
2015-12-30,104.05000305175781,105.0,101.75,102.75,91.74281311035156,6161680
2015-12-31,102.80000305175781,103.9000015258789,102.0,103.22000122070312,92.16246795654297,6390350
2016-01-01,102.88999938964844,103.68000030517578,102.05000305175781,102.69999694824219,91.69816589355469,4507190
2016-01-04,102.30000305175781,106.0999984741211,101.83000183105469,104.47000122070312,93.27854919433594,12127750
2016-01-05,105.61000061035156,109.13500213623047,105.2249984741211,108.30999755859375,96.70719146728516,14205180
2016-01-06,108.30000305175781,109.69999694824219,105.19999694824219,105.81999969482422,94.48392486572266,8015450
2016-01-07,103.5250015258789,104.5999984741211,102.25499725341797,102.63500213623047,91.64013671875,5304630
2016-01-08,103.48999786376953,104.76499938964844,102.5999984741211,104.11499786376953,92.9615707397461,7315670
2016-01-11,102.90499877929688,103.2699966430664,100.82499694824219,101.96499633789062,91.04190063476562,5261390
2016-01-12,102.48999786376953,103.01499938964844,100.25,101.41999816894531,90.55528259277344,5909770
2016-01-13,101.94999694824219,102.48999786376953,98.02999877929688,100.37000274658203,89.61778259277344,10572110
2016-01-14,98.69999694824219,101.79499816894531,97.43000030517578,100.34500122070312,89.59545135498047,7062470
2016-01-15,101.0999984741211,101.29000091552734,96.75,97.24500274658203,86.82754516601562,5723680
2016-01-18,97.3550033569336,101.80000305175781,95.30000305175781,99.09500122070312,88.47935485839844,9450200
2016-01-19,99.69499969482422,101.0,98.29000091552734,99.8550033569336,89.15795135498047,6397290
2016-01-20,98.26000213623047,104.48999786376953,97.61499786376953,102.38500213623047,91.41690826416016,7868100
2016-01-21,103.55999755859375,104.44000244140625,99.69999694824219,102.53500366210938,91.55084228515625,9454590
2016-01-22,103.5999984741211,107.34500122070312,102.91999816894531,106.80000305175781,95.35894775390625,8586730
2016-01-25,107.0,111.4749984741211,106.01000213623047,110.7249984741211,98.86347198486328,14860730
2016-01-27,110.5,112.69999694824219,110.42500305175781,112.125,100.1135025024414,15625610
2016-01-28,110.75,111.20500183105469,108.80000305175781,109.22000122070312,97.51970672607422,16934750
2016-01-29,108.5999984741211,110.19000244140625,104.23999786376953,105.70500183105469,94.3812484741211,11992530
2016-02-01,104.16000366210938,107.18499755859375,103.27999877929688,105.05500030517578,93.8008804321289,13325940
2016-02-02,105.20500183105469,106.04499816894531,99.8949966430664,100.33000183105469,89.58206939697266,9835350
2016-02-03,98.44000244140625,102.9000015258789,95.83499908447266,97.33999633789062,86.91236114501953,17343230
2016-02-04,97.81999969482422,102.16000366210938,97.05999755859375,101.06999969482422,90.2427749633789,9921340
2016-02-05,101.625,104.3499984741211,100.80000305175781,103.70500183105469,92.59551239013672,10015060
2016-02-08,106.5,108.19999694824219,104.5,104.55000305175781,93.3499755859375,12200040
2016-02-09,103.94999694824219,105.5,99.66999816894531,100.0,89.28741455078125,9116240
2016-02-10,99.5,103.9749984741211,98.63999938964844,102.25499725341797,91.30084228515625,12409200
2016-02-11,101.63500213623047,102.80000305175781,98.69999694824219,100.16000366210938,89.43025970458984,14652880
2016-02-12,101.125,101.63999938964844,95.0,101.09500122070312,90.26510620117188,14369450
2016-02-15,101.80000305175781,105.75,101.5999984741211,104.13999938964844,92.9839096069336,9467880
2016-02-16,105.00499725341797,105.37999725341797,102.4000015258789,103.37000274658203,92.29638671875,7094920
2016-02-17,103.01000213623047,105.46499633789062,99.80999755859375,104.75,93.528564453125,7799880
2016-02-18,105.95500183105469,106.19999694824219,103.67500305175781,105.68000030517578,94.35892486572266,7849790
2016-02-19,105.0,108.75,104.55500030517578,108.3499984741211,96.74291229248047,8393070
2016-02-22,108.90499877929688,110.5999984741211,107.5199966430664,110.2699966430664,98.45722198486328,7329730
2016-02-23,109.5,114.44000244140625,109.5,112.4000015258789,100.35903930664062,18691170
2016-02-24,111.1050033569336,113.44499969482422,110.5,110.94999694824219,99.06436920166016,8374110
2016-02-25,111.19999694824219,113.88999938964844,111.0999984741211,112.56500244140625,100.5063705444336,28055840
2016-02-26,112.5,112.5999984741211,109.05999755859375,109.91000366210938,98.13578796386719,5918270
2016-02-29,110.4000015258789,114.5,109.9000015258789,112.6449966430664,100.57779693603516,9054670
2016-03-01,113.0,115.26000213623047,112.5999984741211,114.34500122070312,102.09567260742188,10282700
2016-03-02,115.19999694824219,116.69999694824219,112.7300033569336,113.32499694824219,101.18494415283203,9316810
2016-03-03,114.19999694824219,116.68000030517578,113.62000274658203,115.9800033569336,103.5555419921875,10701750
2016-03-04,116.11000061035156,119.78500366210938,115.19999694824219,118.54499816894531,105.84575653076172,12243550
2016-03-08,119.3949966430664,120.68499755859375,117.5999984741211,118.625,105.91718292236328,8142290
2016-03-09,116.50499725341797,118.55000305175781,115.98999786376953,118.00499725341797,105.36359405517578,6366140
2016-03-10,118.4000015258789,120.44999694824219,117.58499908447266,118.58999633789062,105.88592529296875,7841700
2016-03-11,118.0,119.74500274658203,117.69999694824219,118.3550033569336,105.67610931396484,6014430
2016-03-14,118.5999984741211,119.79000091552734,117.5999984741211,118.08999633789062,105.43949127197266,6132630
2016-03-15,118.0,120.0999984741211,117.30500030517578,119.5,106.69844818115234,8475230
2016-03-16,120.0,120.77999877929688,118.5199966430664,120.01000213623047,107.15381622314453,6420860
2016-03-17,121.1500015258789,122.08499908447266,119.69999694824219,120.23999786376953,107.35917663574219,8833900
2016-03-18,120.5,121.69999694824219,119.9000015258789,121.29000091552734,108.29669952392578,6627150
2016-03-21,120.80500030517578,122.19999694824219,119.83499908447266,121.59500122070312,108.56902313232422,5651120
2016-03-22,121.0999984741211,123.81999969482422,120.19999694824219,123.01499938964844,109.83689880371094,6090970
2016-03-23,123.5,125.31500244140625,122.67500305175781,124.87000274658203,111.4931869506836,8305560
2016-03-28,124.0,124.9000015258789,121.7699966430664,122.69000244140625,109.54671478271484,4161660
2016-03-29,123.0,124.4000015258789,122.16500091552734,123.28500366210938,110.0779800415039,4893740
2016-03-30,125.0,127.69999694824219,123.6500015258789,127.16999816894531,113.54679870605469,6858460
2016-03-31,126.19999694824219,129.39999389648438,125.80000305175781,128.3249969482422,114.57805633544922,12316520
2016-04-01,127.13500213623047,127.7300033569336,125.0999984741211,126.26499938964844,112.7387466430664,6773820
2016-04-04,126.5999984741211,127.07499694824219,124.61000061035156,125.9749984741211,112.47980499267578,5599150
2016-04-05,125.20999908447266,126.73500061035156,124.0,125.94499969482422,112.45301818847656,6438010
2016-04-06,126.0,129.8000030517578,125.5999984741211,129.27000427246094,115.42183685302734,11183280
2016-04-07,129.5,129.76499938964844,127.51499938964844,127.7300033569336,114.04680633544922,5239940
2016-04-08,127.19999694824219,128.3000030517578,126.51499938964844,127.33999633789062,113.69857788085938,4714000
2016-04-11,127.73999786376953,130.34500122070312,127.0,129.97500610351562,116.05130767822266,6883290
2016-04-12,129.9199981689453,130.9949951171875,128.82000732421875,129.77000427246094,115.8682632446289,7246450
2016-04-13,130.50999450683594,131.89999389648438,129.5749969482422,131.35499572753906,117.28345489501953,7360250
2016-04-18,131.22000122070312,133.99000549316406,130.72999572753906,133.4250030517578,119.1317138671875,5235820
2016-04-20,134.6649932861328,136.69000244140625,133.80999755859375,136.16000366210938,121.57374572753906,8518530
2016-04-21,136.1999969482422,137.1999969482422,134.6699981689453,134.9600067138672,120.50230407714844,8947070
2016-04-22,135.5,136.39999389648438,134.10000610351562,134.3300018310547,119.93976593017578,6094560
2016-04-25,134.2100067138672,135.4250030517578,132.52000427246094,134.52000427246094,120.10941314697266,4835570
2016-04-26,134.60000610351562,137.08999633789062,134.39500427246094,136.7949981689453,122.14070129394531,7730520
2016-04-27,136.0,137.13999938964844,135.2100067138672,136.25999450683594,121.66300964355469,4896120
2016-04-28,136.8000030517578,137.6199951171875,135.35499572753906,136.84500122070312,122.18534851074219,10075590
2016-04-29,136.0,138.0,135.22999572753906,137.32000732421875,122.60946655273438,7211960
2016-05-02,137.0,137.60000610351562,136.05999755859375,136.47999572753906,121.85943603515625,5170700
2016-05-03,136.5050048828125,137.41000366210938,135.30999755859375,135.67999267578125,121.14513397216797,5316260
2016-05-04,134.5,134.89999389648438,131.60000610351562,132.1699981689453,118.01116180419922,5443950
2016-05-05,132.50999450683594,133.4499969482422,130.9499969482422,131.99000549316406,117.8504409790039,6319030
2016-05-06,131.4149932861328,132.72999572753906,130.91000366210938,132.00999450683594,117.86827850341797,5152340
2016-05-09,132.65499877929688,134.0,131.5,132.61500549316406,118.40850067138672,4928320
2016-05-10,132.0,132.5,127.55000305175781,128.77999877929688,114.98431396484375,6697670
2016-05-11,127.0,130.05499267578125,126.3550033569336,129.13499450683594,115.3012924194336,6035740
2016-05-12,128.88999938964844,129.68499755859375,127.66500091552734,128.27000427246094,114.52896118164062,4380890
2016-05-13,127.70500183105469,128.3000030517578,126.30000305175781,126.87000274658203,113.27894592285156,4275910
2016-05-16,126.73999786376953,129.94000244140625,125.3550033569336,129.55999755859375,115.6807632446289,3966320
2016-05-17,130.0,130.8000030517578,128.3000030517578,129.0,115.18074035644531,4564720
2016-05-18,128.5,132.08999633789062,128.0,130.92999267578125,116.90399169921875,10606800
2016-05-19,132.4499969482422,134.38999938964844,131.22500610351562,132.02000427246094,117.87724304199219,10040170
2016-05-20,131.8000030517578,133.02999877929688,130.10000610351562,130.5,116.52006530761719,3264840
2016-05-23,131.49000549316406,132.8000030517578,129.39999389648438,131.85499572753906,117.72991943359375,6613580
2016-05-24,132.0,132.49000549316406,130.89999389648438,132.01499938964844,117.87277221679688,5942150
2016-05-25,132.39999389648438,133.65499877929688,129.71499633789062,130.03500366210938,116.1048812866211,4941780
2016-05-26,130.6999969482422,132.5,130.10000610351562,131.89500427246094,117.76564025878906,7608940
2016-05-27,132.3000030517578,138.0,131.30999755859375,137.56500244140625,122.82820129394531,8752840
2016-05-30,137.8000030517578,139.3000030517578,135.77999877929688,137.19500732421875,122.49785614013672,5173060
2016-05-31,137.10000610351562,140.3000030517578,136.1699981689453,138.9149932861328,124.0335922241211,10605470
2016-06-01,139.60000610351562,140.5,137.0399932861328,137.47999572753906,122.7523193359375,6472140
2016-06-02,137.0399932861328,138.89500427246094,135.80999755859375,137.92999267578125,123.15410614013672,5151900
2016-06-03,137.9250030517578,138.96499633789062,136.22999572753906,137.02499389648438,122.3460464477539,4475050
2016-06-06,137.0,137.88999938964844,135.06500244140625,136.94500732421875,122.274658203125,6043950
2016-06-07,137.5050048828125,138.69500732421875,136.0050048828125,137.71499633789062,122.96215057373047,6253490
2016-06-08,138.19000244140625,139.98500061035156,137.0399932861328,139.50999450683594,124.5648422241211,6143090
2016-06-09,139.41000366210938,141.97000122070312,138.60000610351562,141.64500427246094,126.47113800048828,8053350
2016-06-10,141.6300048828125,143.35000610351562,140.5,141.8699951171875,126.67202758789062,9526200
2016-06-13,139.3000030517578,140.8000030517578,138.8000030517578,140.02499389648438,125.02467346191406,5986620
2016-06-14,139.3000030517578,141.10000610351562,139.10000610351562,140.61500549316406,125.55149841308594,5847770
2016-06-15,141.02999877929688,141.38499450683594,139.51499938964844,140.01499938964844,125.0157470703125,4008120
2016-06-16,140.1999969482422,141.03500366210938,138.0,140.72500610351562,125.64968872070312,6516040
2016-06-17,141.2100067138672,141.7449951171875,139.00999450683594,139.5050048828125,124.56037902832031,4379330
2016-06-20,138.49000549316406,140.64999389648438,138.39999389648438,140.22500610351562,125.20325469970703,6435910
2016-06-21,140.1999969482422,140.75,139.2100067138672,140.07000732421875,125.06488037109375,4076180
2016-06-22,140.47000122070312,140.47000122070312,138.53500366210938,139.1300048828125,124.2255630493164,3550710
2016-06-23,139.3699951171875,140.5449981689453,138.16000366210938,140.13499450683594,125.12290954589844,5073760
2016-06-24,138.22000122070312,139.43499755859375,133.00999450683594,138.32000732421875,123.50232696533203,6144190
2016-06-27,138.7899932861328,139.5,137.74000549316406,138.60000610351562,123.75234985351562,6207850
2016-06-28,138.77999877929688,143.25999450683594,138.35499572753906,142.64999389648438,127.36848449707031,6105900
2016-06-29,142.8000030517578,144.8000030517578,142.72500610351562,144.4600067138672,128.98460388183594,5371410
2016-06-30,145.60000610351562,147.5,144.0,146.43499755859375,130.74801635742188,6928580
2016-07-01,147.50999450683594,148.5,145.77000427246094,146.3300018310547,130.65426635742188,6323940
2016-07-04,146.39999389648438,147.77000427246094,145.0,147.36000061035156,132.25177001953125,3835820
2016-07-05,147.5,148.89500427246094,146.52499389648438,148.125,132.93833923339844,4060940
2016-07-07,147.00999450683594,148.5,145.88999938964844,146.3249969482422,131.3228759765625,6195050
2016-07-08,146.8000030517578,148.10000610351562,146.0500030517578,147.69500732421875,132.55242919921875,4296860
2016-07-11,148.8000030517578,151.16000366210938,148.61000061035156,150.875,135.4063720703125,4288130
2016-07-12,151.0,155.0,150.6999969482422,154.1300048828125,138.32765197753906,5804840
2016-07-13,154.5500030517578,156.4949951171875,154.39999389648438,155.69500732421875,139.7322235107422,6177570
2016-07-14,155.69500732421875,158.34500122070312,154.5,157.51499938964844,141.3656005859375,6235960
2016-07-15,158.0,165.3249969482422,157.5050048828125,163.60499572753906,146.83123779296875,12637690
2016-07-18,163.27000427246094,165.64500427246094,160.0,160.60499572753906,144.13877868652344,9572640
2016-07-19,161.44500732421875,163.44000244140625,160.3300018310547,162.82000732421875,146.12672424316406,6883550
2016-07-20,163.10000610351562,163.58999633789062,161.6199951171875,161.9499969482422,145.3459014892578,4359050
2016-07-21,162.39999389648438,162.98500061035156,160.625,161.22500610351562,144.69525146484375,4471900
2016-07-22,160.5,162.47000122070312,159.00999450683594,161.3000030517578,144.76255798339844,4085430
2016-07-25,161.0,163.3000030517578,160.5,162.84500122070312,146.149169921875,4133130
2016-07-26,162.8000030517578,167.17999267578125,162.8000030517578,165.93499755859375,148.92234802246094,6885160
2016-07-27,167.19500732421875,176.1300048828125,166.60000610351562,173.92999267578125,156.09765625,26450020
2016-07-28,173.77000427246094,174.60000610351562,168.10000610351562,168.43499755859375,151.16603088378906,13103790
2016-07-29,169.39999389648438,170.5,166.5,167.52000427246094,150.3448486328125,5954060
2016-08-01,168.5,170.2449951171875,164.3249969482422,168.96499633789062,151.64169311523438,8365210
2016-08-02,169.3000030517578,170.1999969482422,166.11500549316406,167.49000549316406,150.31790161132812,6636220
2016-08-03,169.6999969482422,171.25,167.5050048828125,168.60000610351562,151.31411743164062,7183340
2016-08-04,169.10000610351562,171.61500549316406,168.60000610351562,170.99000549316406,153.45909118652344,8495300
2016-08-05,172.1999969482422,174.1999969482422,171.7100067138672,173.77000427246094,155.9540252685547,7304910
2016-08-08,174.52499389648438,175.69000244140625,172.24000549316406,172.80999755859375,155.09246826171875,5382190
2016-08-09,173.3000030517578,173.97999572753906,169.55999755859375,171.00999450683594,153.47702026367188,5382460
2016-08-10,171.0,171.9949951171875,168.27999877929688,170.93499755859375,153.4097137451172,5905460
2016-08-11,171.5,171.7949981689453,168.60000610351562,171.06500244140625,153.5263671875,4844530
2016-08-12,171.02000427246094,173.3000030517578,170.86000061035156,172.80499267578125,155.08798217773438,4220640
2016-08-16,173.19500732421875,175.4149932861328,171.5399932861328,174.8000030517578,156.87843322753906,6328570
2016-08-17,174.85000610351562,177.60000610351562,174.00999450683594,177.34500122070312,159.1625213623047,6599060
2016-08-18,177.77499389648438,179.33999633789062,177.0500030517578,178.3800048828125,160.0913848876953,3484940
2016-08-19,178.6699981689453,179.89999389648438,177.1999969482422,178.80999755859375,160.47732543945312,5147050
2016-08-22,178.5,179.3699951171875,176.1199951171875,176.78500366210938,158.65992736816406,3356030
2016-08-23,176.0,177.55999755859375,173.63999938964844,175.84500122070312,157.81631469726562,3061860
2016-08-24,175.77499389648438,176.35499572753906,174.65499877929688,175.96499633789062,157.9239959716797,2234420
2016-08-25,176.1999969482422,177.1999969482422,173.91000366210938,174.5399932861328,156.64511108398438,7090170
2016-08-26,174.5,176.0500030517578,173.2050018310547,175.60499572753906,157.60092163085938,3270200
2016-08-29,175.39999389648438,177.6999969482422,174.89999389648438,177.31500244140625,159.13558959960938,2468480
2016-08-30,177.50999450683594,179.27499389648438,177.39999389648438,178.11500549316406,159.8535919189453,2542450
2016-08-31,177.8000030517578,178.8000030517578,174.6199951171875,175.30999755859375,157.33615112304688,5023170
2016-09-01,175.21499633789062,177.8000030517578,173.80999755859375,177.27499389648438,159.09970092773438,3057050
2016-09-02,177.3000030517578,178.77999877929688,176.02000427246094,177.74000549316406,159.51702880859375,2213810
2016-09-06,178.1999969482422,187.60000610351562,178.10000610351562,186.2550048828125,167.1590118408203,6706010
2016-09-07,187.41000366210938,187.41000366210938,184.0,185.15499877929688,166.1717529296875,4570550
2016-09-08,186.39999389648438,188.59500122070312,184.2550048828125,184.8800048828125,165.92501831054688,3791930
2016-09-09,185.9949951171875,185.9949951171875,181.01499938964844,182.3800048828125,163.68130493164062,3470300
2016-09-12,180.0,180.0,173.6699981689453,174.5050048828125,156.6136932373047,5935480
2016-09-14,175.0,176.48500061035156,172.5,175.03500366210938,157.08935546875,5218050
2016-09-15,175.5,176.7949981689453,173.14999389648438,175.375,157.39451599121094,5740980
2016-09-16,176.60000610351562,176.84500122070312,170.6999969482422,172.55499267578125,154.86358642578125,15092020
2016-09-19,173.57000732421875,177.5,173.0,176.99000549316406,158.84393310546875,6165300
2016-09-20,178.31500244140625,178.39999389648438,175.69500732421875,176.18499755859375,158.12144470214844,4580740
2016-09-21,176.1999969482422,177.39999389648438,174.38499450683594,175.3249969482422,157.34962463378906,4664240
2016-09-22,178.0,178.22999572753906,175.3699951171875,176.27000427246094,158.19773864746094,3632680
2016-09-23,175.91000366210938,177.49000549316406,174.625,175.6300048828125,157.62338256835938,4703910
2016-09-26,175.80999755859375,177.0,175.15499877929688,175.7050018310547,157.69065856933594,3930440
2016-09-27,176.39999389648438,177.1300048828125,174.2550048828125,176.03500366210938,157.98683166503906,4287110
2016-09-28,175.32000732421875,178.1999969482422,174.72000122070312,177.5749969482422,159.3689422607422,5817490
2016-09-29,178.5,178.74000549316406,165.22500610351562,167.8350067138672,150.62754821777344,18253280
2016-09-30,167.1999969482422,173.89500427246094,166.9250030517578,172.93499755859375,155.2046661376953,5157750
2016-10-03,174.49000549316406,177.43499755859375,174.0050048828125,176.74000549316406,158.61956787109375,4199180
2016-10-04,178.89500427246094,179.6999969482422,176.8000030517578,178.36000061035156,160.0734405517578,6951110
2016-10-05,180.5,180.5399932861328,177.75,178.77000427246094,160.44142150878906,6650110
2016-10-06,180.27999877929688,181.10000610351562,175.09500122070312,176.2550048828125,158.18426513671875,5759650
2016-10-07,176.99000549316406,177.76499938964844,175.10000610351562,177.2100067138672,159.0413818359375,4042570
2016-10-10,178.60000610351562,182.5,177.81500244140625,181.47500610351562,162.8690948486328,7789670
2016-10-13,180.8800048828125,180.88999938964844,173.2100067138672,177.22999572753906,159.05931091308594,10134850
2016-10-14,177.60000610351562,178.0,173.7100067138672,174.25,156.38482666015625,5923880
2016-10-17,174.5,175.89999389648438,171.55499267578125,171.97500610351562,154.34310913085938,5361000
2016-10-18,172.5,179.0,172.1999969482422,178.25999450683594,159.9837188720703,6121650
2016-10-19,178.10000610351562,178.10000610351562,174.27999877929688,174.88999938964844,156.95924377441406,5251270
2016-10-20,175.5749969482422,177.3800048828125,173.21499633789062,174.0850067138672,156.23672485351562,7279280
2016-10-21,173.89999389648438,174.77999877929688,171.38999938964844,173.52999877929688,155.7386474609375,5965690
2016-10-24,173.1699981689453,174.02999877929688,169.5,171.1699981689453,153.62060546875,5789100
2016-10-25,171.49000549316406,172.89999389648438,169.60000610351562,170.94000244140625,153.41419982910156,6953620
2016-10-26,170.6999969482422,172.91000366210938,166.0,166.8249969482422,149.72109985351562,8174300
2016-10-27,166.77000427246094,166.9499969482422,161.64999389648438,163.69500732421875,146.91201782226562,25975610
2016-10-28,166.0,168.27499389648438,164.3300018310547,165.88499450683594,148.87744140625,7736120
2016-11-01,166.10000610351562,168.5,164.22500610351562,166.2899932861328,149.2409210205078,6206700
2016-11-02,165.4949951171875,165.4949951171875,162.5,163.39999389648438,146.64724731445312,5243220
2016-11-03,163.19000244140625,165.0,159.02499389648438,159.9149932861328,143.51953125,7368300
2016-11-04,159.4199981689453,160.89500427246094,156.50999450683594,159.13499450683594,142.81951904296875,6960320
2016-11-07,160.60499572753906,162.0,159.5,160.0500030517578,143.64071655273438,3886300
2016-11-08,160.39999389648438,166.39999389648438,160.33999633789062,165.69000244140625,148.7024688720703,5874360
2016-11-09,155.00999450683594,170.39999389648438,154.5399932861328,168.0850067138672,150.85191345214844,8629910
2016-11-10,169.6999969482422,177.8699951171875,169.6999969482422,175.63999938964844,157.63233947753906,7666490
2016-11-11,173.52000427246094,174.94500732421875,169.125,172.11000061035156,154.4642333984375,7296950
2016-11-15,170.60000610351562,173.5,167.5500030517578,169.38499450683594,152.0186004638672,6140900
2016-11-16,171.85000610351562,173.5,168.13999938964844,169.8300018310547,152.41799926757812,3579110
2016-11-17,170.0,172.0,164.3000030517578,165.4550018310547,148.4915313720703,4809840
2016-11-18,165.6999969482422,169.8699951171875,165.1999969482422,169.16000366210938,151.81668090820312,5775610
2016-11-21,169.61000061035156,170.0850067138672,161.44500732421875,162.17999267578125,145.55230712890625,5107430
2016-11-22,163.01499938964844,165.69000244140625,161.8800048828125,163.9199981689453,147.11392211914062,3501810
2016-11-23,164.60000610351562,166.25999450683594,164.1999969482422,165.125,148.1953887939453,2825900
2016-11-24,164.5,165.61000061035156,160.625,161.47500610351562,144.9196014404297,16770590
2016-11-25,162.39999389648438,167.8800048828125,162.10000610351562,167.38499450683594,150.2236785888672,4443080
2016-11-28,168.0,173.0,166.7050018310547,172.2449951171875,154.58541870117188,4880370
2016-11-29,172.69000244140625,173.22500610351562,169.39999389648438,169.7449951171875,152.34170532226562,4467480
2016-11-30,168.5,173.55499267578125,168.5,172.89999389648438,155.17323303222656,7408290
2016-12-01,172.89999389648438,173.08999633789062,167.2050018310547,167.63499450683594,150.4480438232422,5346100
2016-12-02,166.39999389648438,168.0,165.07000732421875,165.6649932861328,148.68003845214844,5441330
2016-12-05,165.8000030517578,167.17999267578125,162.625,164.85499572753906,147.9530792236328,6162830
2016-12-06,165.1999969482422,166.1699981689453,163.3000030517578,164.39999389648438,147.5447235107422,3695870
2016-12-07,165.0,165.59500122070312,163.14999389648438,164.63499450683594,147.75563049316406,5034030
2016-12-08,166.0,167.8000030517578,165.1999969482422,165.68499755859375,148.69796752929688,4827860
2016-12-09,166.67999267578125,166.89999389648438,164.1999969482422,164.64500427246094,147.76458740234375,3760900
2016-12-12,164.60000610351562,164.83999633789062,161.77000427246094,162.23500061035156,145.6016845703125,4064340
2016-12-13,162.39999389648438,164.125,160.99000549316406,163.19000244140625,146.4587860107422,5306210
2016-12-14,164.10000610351562,164.10000610351562,162.14999389648438,163.01499938964844,146.30169677734375,4181710
2016-12-15,162.0,165.55499267578125,161.51499938964844,163.06500244140625,146.3466033935547,4059070
2016-12-16,164.39999389648438,164.7949981689453,161.1300048828125,161.8300018310547,145.23818969726562,4632360
2016-12-19,161.8000030517578,162.43499755859375,159.375,159.89500427246094,143.50161743164062,3883340
2016-12-20,159.0,160.10000610351562,157.5,159.16000366210938,142.84194946289062,4756710
2016-12-21,160.0,160.58999633789062,158.10499572753906,158.6199951171875,142.35731506347656,3908180
2016-12-22,159.57000732421875,159.7899932861328,155.73500061035156,156.66000366210938,140.59828186035156,4445390
2016-12-23,155.8000030517578,158.38499450683594,154.2050018310547,156.80499267578125,140.72837829589844,4666800
2016-12-26,155.39999389648438,156.1699981689453,151.1649932861328,153.27000427246094,137.5558319091797,6133610
2016-12-27,153.8699951171875,158.7449951171875,153.3000030517578,158.02000427246094,141.81881713867188,4294580
2016-12-28,157.9949951171875,159.47000122070312,155.74000549316406,158.51499938964844,142.2631072998047,6245670
2016-12-29,158.1199951171875,160.38999938964844,157.125,159.97500610351562,143.57339477539062,5243210
2016-12-30,159.89999389648438,163.2449951171875,159.56500244140625,162.75,146.06390380859375,6205340
2017-01-02,162.8000030517578,164.18499755859375,161.00999450683594,163.42999267578125,146.6741485595703,4621360
2017-01-03,164.10000610351562,165.36000061035156,163.10000610351562,164.4550018310547,147.5940704345703,4530490
2017-01-04,166.75,166.75,160.60000610351562,163.0500030517578,146.3331298828125,2378943
2017-01-05,164.0500030517578,176.64999389648438,163.5,175.64999389648438,157.6412811279297,6510132
2017-01-06,177.35000610351562,178.8000030517578,172.75,175.1999969482422,157.2374267578125,5500626
2017-01-09,176.5,179.3000030517578,174.60000610351562,176.0500030517578,158.0002899169922,2997673
2017-01-10,176.5,179.5,173.60000610351562,178.4499969482422,160.1542205810547,3701710
2017-01-11,179.3000030517578,195.39999389648438,179.0,187.10000610351562,167.91738891601562,19588062
2017-01-12,188.25,190.6999969482422,184.1999969482422,188.5,169.17384338378906,6001012
2017-01-13,189.5,191.10000610351562,185.10000610351562,188.89999389648438,169.53282165527344,5494453
2017-01-16,189.64999389648438,192.5,186.75,189.35000610351562,169.9366912841797,3993046
2017-01-17,191.89999389648438,192.10000610351562,185.4499969482422,186.6999969482422,167.5583953857422,4433742
2017-01-18,187.0500030517578,192.5,187.0500030517578,191.10000610351562,171.5072784423828,5651544
2017-01-19,191.0,193.9499969482422,189.8000030517578,192.64999389648438,172.89833068847656,5325171
2017-01-20,191.9499969482422,193.5,184.60000610351562,185.64999389648438,166.61602783203125,5221394
2017-01-23,186.39999389648438,194.8000030517578,186.0,194.14999389648438,174.24453735351562,5915206
2017-01-24,194.5500030517578,195.6999969482422,192.14999389648438,193.9499969482422,174.0650634765625,3567556
2017-01-25,195.1999969482422,199.6999969482422,193.14999389648438,196.14999389648438,176.0395050048828,8514459
2017-01-27,196.35000610351562,199.0,193.14999389648438,195.35000610351562,175.321533203125,3724559
2017-01-30,195.0,199.0,193.14999389648438,196.5,176.35362243652344,3886010
2017-01-31,197.10000610351562,201.39999389648438,195.0,198.14999389648438,177.83444213867188,9791708
2017-02-01,199.5,199.64999389648438,191.10000610351562,197.3000030517578,177.0716094970703,7991260
2017-02-02,197.4499969482422,198.0,192.39999389648438,193.89999389648438,174.02020263671875,4882873
2017-02-03,193.0,196.39999389648438,188.75,191.64999389648438,172.00088500976562,7158596
2017-02-06,193.64999389648438,194.39999389648438,190.5,192.35000610351562,172.6291046142578,3509746
2017-02-07,192.8000030517578,195.0,187.9499969482422,189.0,169.62258911132812,4271007
2017-02-08,190.9499969482422,191.6999969482422,188.3000030517578,189.3000030517578,169.891845703125,4093024
2017-02-09,190.1999969482422,194.0,185.85000610351562,193.64999389648438,173.79580688476562,4280685
2017-02-10,194.10000610351562,195.0,191.39999389648438,193.25,173.43682861328125,2393140
2017-02-13,194.60000610351562,195.25,178.3000030517578,187.75,168.500732421875,5882506
2017-02-14,187.75,189.4499969482422,180.39999389648438,181.85000610351562,163.2056427001953,5326799
2017-02-15,182.89999389648438,184.4499969482422,178.75,183.3000030517578,164.50698852539062,4927878
2017-02-16,184.0500030517578,188.0,182.25,187.4499969482422,168.23146057128906,2742051
2017-02-17,188.10000610351562,189.10000610351562,184.10000610351562,184.89999389648438,165.94293212890625,2679540
2017-02-20,184.9499969482422,189.8000030517578,183.60000610351562,188.3000030517578,168.99436950683594,3116627
2017-02-21,189.0,191.75,185.64999389648438,186.9499969482422,167.78274536132812,2738266
2017-02-22,187.1999969482422,187.64999389648438,182.1999969482422,185.0,166.03268432617188,3420915
2017-02-23,185.60000610351562,187.5500030517578,184.10000610351562,186.9499969482422,167.78274536132812,3565755
2017-02-27,187.0,189.89999389648438,185.0,185.3000030517578,166.30194091796875,2479199
2017-02-28,185.3000030517578,188.0500030517578,185.0,186.9499969482422,167.78274536132812,2568373
2017-03-01,188.0500030517578,192.60000610351562,186.75,189.8000030517578,170.340576171875,6984828
2017-03-02,190.5500030517578,190.89999389648438,181.89999389648438,183.5,164.68649291992188,5014563
2017-03-03,183.0,185.3000030517578,181.9499969482422,184.0,165.1352081298828,3072562
2017-03-06,184.0500030517578,186.3000030517578,183.14999389648438,184.85000610351562,165.89804077148438,2405448
2017-03-07,185.39999389648438,185.64999389648438,181.0,181.4499969482422,162.8466339111328,2337750
2017-03-08,181.64999389648438,182.14999389648438,177.0,178.0500030517578,159.79522705078125,5030575
2017-03-09,176.6999969482422,178.85000610351562,175.64999389648438,176.85000610351562,158.71824645996094,2814093
2017-03-10,177.0,178.89999389648438,175.14999389648438,176.25,158.17979431152344,1965462
2017-03-14,179.9499969482422,183.35000610351562,177.5,181.89999389648438,163.2505340576172,3552433
2017-03-15,181.89999389648438,184.89999389648438,180.0500030517578,183.5,164.68649291992188,2518621
2017-03-16,185.60000610351562,194.3000030517578,185.1999969482422,192.4499969482422,172.71885681152344,8053833
2017-03-17,194.25,195.89999389648438,190.14999389648438,192.0,172.3150177001953,5143534
2017-03-20,192.75,194.75,190.1999969482422,194.10000610351562,174.19972229003906,2608165
2017-03-21,194.64999389648438,194.64999389648438,191.0,192.39999389648438,172.6739959716797,3832639
2017-03-22,189.5,189.5,185.10000610351562,186.6999969482422,167.5583953857422,3999158
2017-03-23,186.6999969482422,189.0,185.5,186.85000610351562,167.69302368164062,2749898
2017-03-24,186.89999389648438,190.75,186.0,186.8000030517578,167.64813232421875,3979893
2017-03-27,186.8000030517578,187.6999969482422,177.6999969482422,179.4499969482422,161.05169677734375,8610189
2017-03-28,179.3000030517578,183.9499969482422,179.3000030517578,181.60000610351562,162.9812774658203,8752274
2017-03-29,183.0,184.64999389648438,180.75,183.35000610351562,164.55186462402344,3043114
2017-03-30,183.5,187.3000030517578,182.64999389648438,185.39999389648438,166.3916778564453,20910457
2017-03-31,185.9499969482422,190.25,185.0,188.1999969482422,168.9046173095703,4542711
2017-04-03,187.89999389648438,192.35000610351562,187.0,188.89999389648438,169.53282165527344,4005610
2017-04-05,192.0,196.89999389648438,191.64999389648438,195.8000030517578,175.7254180908203,7046524
2017-04-06,195.0,204.8000030517578,192.4499969482422,203.8000030517578,182.9051971435547,7827353
2017-04-07,202.60000610351562,207.0,196.8000030517578,199.85000610351562,179.36016845703125,9259489
2017-04-10,199.75,205.0,198.75,203.6999969482422,182.8154296875,4077710
2017-04-11,206.5,206.89999389648438,197.9499969482422,198.75,178.37295532226562,6912377
2017-04-12,199.85000610351562,202.1999969482422,195.35000610351562,196.4499969482422,176.30874633789062,4900126
2017-04-13,196.9499969482422,196.9499969482422,189.8000030517578,190.75,171.19313049316406,6831049
2017-04-17,190.5,195.5,190.5,194.14999389648438,174.24453735351562,5298073
2017-04-18,194.60000610351562,198.6999969482422,186.5,187.3000030517578,168.09689331054688,7160819
2017-04-19,187.25,192.1999969482422,185.4499969482422,189.39999389648438,169.9815673828125,6855099
2017-04-20,191.5,192.6999969482422,188.0,189.3000030517578,169.891845703125,4558278
2017-04-21,191.25,191.75,185.60000610351562,187.25,168.05198669433594,6017993
2017-04-24,188.0,195.14999389648438,185.1999969482422,192.5,172.7637481689453,6548580
2017-04-25,195.5,196.5,192.39999389648438,194.5,174.55870056152344,5905853
2017-04-26,195.0,202.1999969482422,195.0,198.8000030517578,178.41781616210938,6575488
2017-04-27,198.4499969482422,201.75,195.6999969482422,198.3000030517578,177.9691162109375,4349295
2017-04-28,198.60000610351562,206.39999389648438,197.35000610351562,199.0,178.5973358154297,8422472
2017-05-02,200.0,201.75,194.5500030517578,195.8000030517578,175.7254180908203,4080171
2017-05-03,196.8000030517578,199.1999969482422,192.9499969482422,193.35000610351562,173.52659606933594,4612307
2017-05-04,197.0,197.5,191.0,194.0500030517578,174.15481567382812,5327061
2017-05-05,194.0,194.14999389648438,187.25,189.8000030517578,170.340576171875,4146159
2017-05-08,190.5,193.25,187.0,191.3000030517578,171.68678283691406,5024668
2017-05-09,191.5,194.6999969482422,189.5,192.4499969482422,172.71885681152344,3989306
2017-05-10,193.0500030517578,198.89999389648438,192.89999389648438,197.5,177.25111389160156,4780618
2017-05-11,198.5,200.0,194.0,194.5,174.55870056152344,4526903
2017-05-12,194.5,198.5,191.5,197.14999389648438,176.93698120117188,7071552
2017-05-15,198.0,202.64999389648438,196.3000030517578,201.6999969482422,181.02049255371094,5637368
2017-05-16,205.0,205.0,200.75,201.64999389648438,180.97561645507812,7155404
2017-05-17,203.64999389648438,209.4499969482422,203.3000030517578,206.6999969482422,185.50787353515625,15630852
2017-05-18,206.0,209.0,188.14999389648438,191.39999389648438,171.7765350341797,21476119
2017-05-19,194.0,197.6999969482422,189.3000030517578,193.5,173.6612091064453,10896952
2017-05-22,194.5,196.9499969482422,191.0500030517578,192.14999389648438,172.44961547851562,6295893
2017-05-23,192.39999389648438,195.5,184.10000610351562,193.5500030517578,173.70606994628906,8867141
2017-05-24,193.35000610351562,194.9499969482422,186.39999389648438,189.60000610351562,170.1610565185547,5439353
2017-05-25,190.5,193.6999969482422,189.0,192.85000610351562,173.07786560058594,5977139
2017-05-26,192.64999389648438,202.89999389648438,191.8000030517578,198.85000610351562,178.46267700195312,12767707
2017-05-29,198.9499969482422,202.35000610351562,195.0,195.8000030517578,175.7254180908203,4551732
2017-05-30,195.0,198.35000610351562,193.5,195.0,175.00743103027344,4165068
2017-05-31,196.0,199.3000030517578,192.89999389648438,193.85000610351562,173.975341796875,6461000
2017-06-01,194.5,196.0,193.10000610351562,195.4499969482422,175.41127014160156,3515147
2017-06-02,196.5500030517578,197.5,194.0500030517578,194.75,174.78305053710938,2665134
2017-06-05,196.5,196.5,189.60000610351562,190.5,170.9687957763672,7041770
2017-06-06,190.0,194.39999389648438,189.3000030517578,192.10000610351562,172.40475463867188,5549087
2017-06-07,192.39999389648438,196.25,192.0,195.39999389648438,175.36639404296875,6570678
2017-06-08,200.0,202.39999389648438,197.25,199.0500030517578,178.6421661376953,12287394
2017-06-09,199.85000610351562,202.64999389648438,198.3000030517578,202.0,181.28973388671875,5161130
2017-06-12,199.75,201.8000030517578,198.0,198.8000030517578,180.42755126953125,2791407
2017-06-13,199.39999389648438,201.4499969482422,197.10000610351562,197.75,179.4745635986328,4264115
2017-06-14,198.0,200.14999389648438,196.10000610351562,198.25,179.92837524414062,3710984
2017-06-15,197.8000030517578,199.0,196.0,196.85000610351562,178.6577606201172,3459648
2017-06-16,196.8000030517578,198.0,194.1999969482422,194.85000610351562,176.84259033203125,3232753
2017-06-19,195.60000610351562,199.89999389648438,193.85000610351562,199.25,180.8359375,5481847
2017-06-20,200.39999389648438,201.5,198.1999969482422,199.75,181.28973388671875,4917462
2017-06-21,199.39999389648438,203.85000610351562,197.14999389648438,200.14999389648438,181.65277099609375,5932691
2017-06-22,200.3000030517578,203.9499969482422,196.14999389648438,197.64999389648438,179.38380432128906,5970858
2017-06-23,197.75,198.39999389648438,192.60000610351562,195.6999969482422,177.61402893066406,4144287
2017-06-27,196.8000030517578,197.64999389648438,192.5,194.0500030517578,176.11651611328125,3228380
2017-06-28,194.25,198.5,192.8000030517578,197.5500030517578,179.29307556152344,4779335
2017-06-29,199.0,206.0,198.5500030517578,205.35000610351562,186.37222290039062,9184678
2017-06-30,205.35000610351562,208.8000030517578,202.1999969482422,203.39999389648438,184.6024169921875,6431412
2017-07-03,203.64999389648438,206.5,203.5,205.0500030517578,186.0999298095703,4041802
2017-07-04,205.89999389648438,209.3000030517578,205.10000610351562,208.35000610351562,189.09495544433594,5697836
2017-07-05,209.25,212.9499969482422,208.0,212.3000030517578,192.67991638183594,6906867
2017-07-06,212.6999969482422,214.14999389648438,210.89999389648438,212.4499969482422,192.81602478027344,6685243
2017-07-07,212.0,217.0,210.35000610351562,216.10000610351562,196.1287384033203,6452705
2017-07-10,216.5,220.5500030517578,216.0,218.0500030517578,197.89852905273438,1192167
2017-07-11,219.89999389648438,219.89999389648438,213.0500030517578,213.60000610351562,193.85977172851562,3660000
2017-07-12,214.0500030517578,215.10000610351562,210.5,213.89999389648438,194.1320343017578,4864490
2017-07-13,215.0,217.0,211.64999389648438,213.4499969482422,193.7236328125,2485968
2017-07-14,213.5500030517578,216.1999969482422,212.10000610351562,215.14999389648438,195.26651000976562,3484855
2017-07-17,216.39999389648438,218.5500030517578,215.5500030517578,218.0500030517578,197.89852905273438,3303597
2017-07-18,217.4499969482422,219.6999969482422,214.0,216.14999389648438,196.17408752441406,3631182
2017-07-19,216.5,220.25,215.9499969482422,219.64999389648438,199.3506622314453,3115273
2017-07-20,219.64999389648438,220.3000030517578,214.0,214.60000610351562,194.76734924316406,3219939
2017-07-21,215.5500030517578,216.14999389648438,212.0,214.75,194.9034881591797,4633423
2017-07-24,214.0,217.5,212.0,213.75,193.9958953857422,2889831
2017-07-25,213.6999969482422,215.85000610351562,213.0,215.10000610351562,195.22117614746094,2231494
2017-07-26,216.0,221.9499969482422,215.60000610351562,219.14999389648438,198.89686584472656,4579840
2017-07-27,218.10000610351562,220.60000610351562,212.0,214.8000030517578,194.94888305664062,10574422
2017-07-28,212.39999389648438,216.6999969482422,211.0,215.8000030517578,195.85643005371094,2601142
2017-07-31,216.8000030517578,221.89999389648438,215.8000030517578,221.25,200.8027801513672,5160277
2017-08-01,222.10000610351562,225.35000610351562,220.1999969482422,223.14999389648438,202.5271759033203,5408688
2017-08-02,223.89999389648438,223.89999389648438,215.1999969482422,219.75,199.44142150878906,7699742
2017-08-03,219.75,225.0,216.10000610351562,223.35000610351562,202.70870971679688,6614853
2017-08-04,222.0,229.0500030517578,222.0,228.25,207.15585327148438,5030815
2017-08-07,228.60000610351562,232.0,227.85000610351562,229.0500030517578,207.88194274902344,3218107
2017-08-08,229.35000610351562,232.9499969482422,225.0500030517578,230.85000610351562,209.51559448242188,4253146
2017-08-09,230.8000030517578,233.5,228.1999969482422,230.4499969482422,209.1525421142578,3591242
2017-08-10,229.0,229.4499969482422,218.4499969482422,222.75,202.16415405273438,5725478
2017-08-11,220.0,226.14999389648438,217.5500030517578,223.5,202.84483337402344,4613140
2017-08-14,225.85000610351562,234.39999389648438,225.5500030517578,232.35000610351562,210.87693786621094,3508678
2017-08-16,233.3000030517578,238.85000610351562,231.1999969482422,237.75,215.7779083251953,4106721
2017-08-17,237.0,239.3000030517578,233.4499969482422,234.60000610351562,212.9190216064453,2586445
2017-08-18,233.1999969482422,238.5,232.0,237.0500030517578,215.14260864257812,3477346
2017-08-21,238.25,242.6999969482422,232.0,233.6999969482422,212.1021728515625,3182064
2017-08-22,236.0,237.35000610351562,228.25,231.9499969482422,210.51393127441406,4446520
2017-08-23,233.39999389648438,240.39999389648438,230.6999969482422,239.75,217.5930633544922,4271359
2017-08-24,239.10000610351562,248.3000030517578,238.5500030517578,246.0500030517578,223.3108367919922,4460587
2017-08-28,246.0,247.6999969482422,243.0,244.5,221.90408325195312,3526749
2017-08-29,245.0,249.1999969482422,242.14999389648438,246.89999389648438,224.08229064941406,3793852
2017-08-30,249.89999389648438,260.0,248.5,259.04998779296875,235.10940551757812,6400191
2017-08-31,259.20001220703125,260.29998779296875,253.14999389648438,254.39999389648438,230.88916015625,7429622
2017-09-01,255.5,259.8999938964844,252.39999389648438,256.6499938964844,232.9312286376953,4090265
2017-09-04,257.3500061035156,257.8999938964844,248.8000030517578,254.8000030517578,231.252197265625,2406774
2017-09-05,255.14999389648438,258.0,253.6999969482422,256.25,232.56817626953125,2047693
2017-09-06,255.0,264.25,253.25,263.1000061035156,238.78517150878906,5586361
2017-09-07,263.70001220703125,266.8999938964844,261.29998779296875,264.1000061035156,239.6927032470703,4400492
2017-09-08,263.0,270.1000061035156,261.6000061035156,263.45001220703125,239.1028289794922,6474499
2017-09-11,263.45001220703125,268.6499938964844,263.45001220703125,265.8999938964844,241.3263702392578,3388131
2017-09-12,266.8999938964844,271.70001220703125,266.6499938964844,269.70001220703125,244.77517700195312,3850430
2017-09-13,269.70001220703125,271.79998779296875,263.04998779296875,264.1499938964844,239.73806762695312,3488892
2017-09-14,265.0,269.0,262.6499938964844,265.70001220703125,241.14486694335938,3046811
2017-09-15,264.79998779296875,269.1499938964844,260.5,267.54998779296875,242.82388305664062,7157745
2017-09-18,268.1499938964844,268.1499938964844,261.3999938964844,262.54998779296875,238.2859344482422,3405906
2017-09-19,262.0,265.79998779296875,261.1000061035156,261.6499938964844,237.4691619873047,3736290
2017-09-20,262.0,264.8500061035156,258.20001220703125,259.1499938964844,235.20018005371094,4209554
2017-09-21,258.6000061035156,260.6000061035156,251.89999389648438,254.5,230.9799041748047,3827420
2017-09-22,253.5500030517578,256.20001220703125,246.0500030517578,246.9499969482422,224.12767028808594,4786338
2017-09-25,246.0,247.10000610351562,229.5,236.85000610351562,214.96107482910156,8013361
2017-09-26,237.25,245.4499969482422,235.35000610351562,242.35000610351562,219.95277404785156,4724429
2017-09-27,245.6999969482422,245.8000030517578,234.3000030517578,236.64999389648438,214.77957153320312,4227130
2017-09-28,238.0,241.0,233.10000610351562,238.89999389648438,216.8216094970703,4241681
2017-09-29,241.0,249.85000610351562,240.85000610351562,248.4499969482422,225.48902893066406,4037110
2017-10-03,252.0,253.6999969482422,244.25,249.9499969482422,226.8504180908203,3190108
2017-10-04,247.0,250.39999389648438,246.0,248.25,225.30751037597656,2911505
2017-10-05,250.10000610351562,251.8000030517578,247.6999969482422,249.0500030517578,226.03359985351562,1613225
2017-10-06,249.0,258.54998779296875,248.9499969482422,257.70001220703125,233.88417053222656,3541234
2017-10-09,257.3999938964844,260.45001220703125,253.10000610351562,257.3999938964844,233.6118927001953,2708053
2017-10-10,261.04998779296875,264.04998779296875,256.6499938964844,259.95001220703125,235.92625427246094,3075575
2017-10-11,261.29998779296875,262.8500061035156,252.5,256.45001220703125,232.74969482421875,2958994
2017-10-12,256.29998779296875,259.79998779296875,252.10000610351562,256.1499938964844,232.4774169921875,2653904
2017-10-13,259.6000061035156,259.6000061035156,252.60000610351562,254.0500030517578,230.57151794433594,2598847
2017-10-16,255.89999389648438,261.95001220703125,255.4499969482422,260.3999938964844,236.33465576171875,3726642
2017-10-17,261.0,262.8500061035156,258.20001220703125,260.25,236.19851684570312,3326442
2017-10-18,262.95001220703125,262.95001220703125,257.6499938964844,258.75,234.837158203125,3020838
2017-10-19,259.0,259.45001220703125,251.39999389648438,252.9499969482422,229.57315063476562,934388
2017-10-23,254.60000610351562,261.45001220703125,253.35000610351562,260.3999938964844,236.33465576171875,3983111
2017-10-24,261.0,265.3500061035156,257.8999938964844,259.45001220703125,235.4724578857422,3594675
2017-10-25,261.95001220703125,263.0,255.5500030517578,259.6499938964844,235.6539764404297,4232416
2017-10-26,259.6499938964844,265.0,255.0,259.95001220703125,235.92625427246094,4756796
2017-10-27,261.25,269.3500061035156,260.54998779296875,265.29998779296875,240.7818145751953,3095908
2017-10-30,265.95001220703125,269.6499938964844,261.79998779296875,263.8500061035156,239.4658660888672,4390979
2017-10-31,261.8999938964844,262.5,254.75,258.45001220703125,234.56492614746094,6701163
2017-11-01,265.0,266.8500061035156,260.95001220703125,264.75,240.28265380859375,4308393
2017-11-02,264.75,268.6499938964844,262.0,266.20001220703125,241.59866333007812,1850517
2017-11-03,267.0,268.5,263.54998779296875,266.6000061035156,241.96170043945312,1805553
2017-11-06,264.3999938964844,272.0,262.04998779296875,268.0,243.2322998046875,2518798
2017-11-07,269.04998779296875,270.6499938964844,260.5,264.04998779296875,239.64732360839844,2538762
2017-11-08,265.3500061035156,266.95001220703125,260.1499938964844,262.45001220703125,238.19520568847656,2332066
2017-11-09,265.0,265.0,259.1000061035156,264.0,239.60195922851562,2293798
2017-11-10,262.8999938964844,274.5,260.1000061035156,270.79998779296875,245.7734832763672,3062537
2017-11-13,270.79998779296875,271.95001220703125,262.04998779296875,263.8500061035156,239.4658660888672,2186042
2017-11-14,263.3999938964844,267.25,263.1499938964844,266.54998779296875,241.91627502441406,1464097
2017-11-15,264.1000061035156,264.70001220703125,253.75,255.4499969482422,231.8421173095703,3199737
2017-11-16,258.0,259.75,253.10000610351562,258.6499938964844,234.7463836669922,1768063
2017-11-17,260.3500061035156,267.79998779296875,260.1000061035156,266.6000061035156,241.96170043945312,2241746
2017-11-20,267.95001220703125,267.95001220703125,262.54998779296875,265.95001220703125,241.3717498779297,1589735
2017-11-21,266.95001220703125,270.0,265.79998779296875,268.8500061035156,244.00376892089844,1814757
2017-11-22,270.20001220703125,270.29998779296875,265.0,268.54998779296875,243.73143005371094,1320466
2017-11-23,269.29998779296875,273.29998779296875,265.54998779296875,266.8500061035156,242.1885528564453,2649055
2017-11-24,267.8999938964844,267.8999938964844,263.29998779296875,265.20001220703125,240.6910400390625,1325725
2017-11-27,263.5,265.3999938964844,258.29998779296875,258.8999938964844,234.97329711914062,3340622
2017-11-28,259.0,261.29998779296875,254.5,255.64999389648438,232.0236358642578,3948068
2017-11-29,256.5,257.95001220703125,254.5,255.25,231.66062927246094,1852596
2017-11-30,254.3000030517578,257.3500061035156,254.0,254.85000610351562,231.29757690429688,4677214
2017-12-01,257.70001220703125,257.70001220703125,249.0,252.0500030517578,228.75634765625,3410360
2017-12-04,253.5,254.4499969482422,249.60000610351562,251.85000610351562,228.57484436035156,1309523
2017-12-05,250.8000030517578,251.35000610351562,244.5,247.6999969482422,224.80836486816406,2253438
2017-12-06,246.0,246.85000610351562,241.14999389648438,242.14999389648438,219.7712860107422,3872984
2017-12-07,243.0,252.0,242.8000030517578,251.9499969482422,228.66555786132812,1934627
2017-12-08,252.5,257.3500061035156,249.1999969482422,252.4499969482422,229.119384765625,2869536
2017-12-11,253.39999389648438,253.5,248.64999389648438,251.5,228.2571563720703,2248099
2017-12-12,250.9499969482422,254.85000610351562,249.0,249.9499969482422,226.8504180908203,2208589
2017-12-13,252.0,253.1999969482422,240.10000610351562,244.0,221.45030212402344,2393737
2017-12-14,245.0,247.8000030517578,237.60000610351562,242.4499969482422,220.04354858398438,3263839
2017-12-15,248.0,252.35000610351562,247.14999389648438,250.89999389648438,227.71261596679688,3492426
2017-12-18,248.0,258.70001220703125,243.39999389648438,253.9499969482422,230.48074340820312,2938065
2017-12-19,254.25,259.0,253.0,256.3999938964844,232.70433044433594,2145809
2017-12-20,259.20001220703125,264.5,256.6499938964844,262.1000061035156,237.87753295898438,2462944
2017-12-21,262.25,266.0,261.1000061035156,265.29998779296875,240.7818145751953,1328407
2017-12-22,265.5,266.5,262.75,264.5,240.05572509765625,1765864
2017-12-26,264.0,268.6000061035156,264.0,267.3999938964844,242.687744140625,2428477
2017-12-27,266.8999938964844,269.3999938964844,263.3999938964844,265.45001220703125,240.91795349121094,1503466
2017-12-28,266.70001220703125,275.6000061035156,266.1499938964844,271.29998779296875,246.2273406982422,4716301
2017-12-29,271.3999938964844,273.79998779296875,266.0,269.79998779296875,244.86593627929688,2003783
2018-01-01,269.5,271.70001220703125,264.3500061035156,265.79998779296875,241.23562622070312,1261616
2018-01-02,267.0,268.0,261.70001220703125,264.54998779296875,240.1011505126953,2277139
2018-01-03,267.8500061035156,272.25,266.3500061035156,268.70001220703125,243.86761474609375,3279293
2018-01-04,270.75,281.8999938964844,269.5,277.1499938964844,251.5366973876953,6281682
2018-01-05,279.25,289.8999938964844,278.6499938964844,285.1000061035156,258.751953125,8325201
2018-01-08,286.1000061035156,289.5,283.1000061035156,286.0,259.56878662109375,2686737
2018-01-09,286.25,289.5,281.0,284.0,257.75360107421875,2281715
2018-01-10,283.20001220703125,285.0,278.45001220703125,282.79998779296875,256.66455078125,2748652
2018-01-11,283.70001220703125,285.75,282.0,282.54998779296875,256.4376220703125,1757575
2018-01-12,283.1000061035156,289.75,282.75,286.79998779296875,260.2947998046875,5118636
2018-01-15,287.6000061035156,292.8999938964844,283.75,285.0,258.6612243652344,3602106
2018-01-16,286.3999938964844,287.3999938964844,276.29998779296875,281.20001220703125,255.21240234375,3107547
2018-01-17,282.1000061035156,287.0,279.5,285.04998779296875,258.70660400390625,3574084
2018-01-18,285.79998779296875,289.0,275.3500061035156,279.79998779296875,253.94180297851562,8128594
2018-01-19,281.1000061035156,283.1000061035156,273.04998779296875,282.1000061035156,256.02923583984375,3291487
2018-01-22,283.0,283.5,276.6000061035156,278.6499938964844,252.89804077148438,2143377
2018-01-23,279.3500061035156,299.29998779296875,277.04998779296875,294.04998779296875,266.8748474121094,8672380
2018-01-24,292.3500061035156,296.0,287.04998779296875,288.6499938964844,261.973876953125,4037279
2018-01-25,292.3500061035156,297.0,288.1000061035156,290.79998779296875,263.9251708984375,7330584
2018-01-29,291.0,300.45001220703125,291.0,293.45001220703125,266.33026123046875,4673841
2018-01-30,292.8999938964844,292.8999938964844,287.75,289.1000061035156,262.38232421875,2152791
2018-01-31,289.0,294.0,281.1000061035156,289.95001220703125,263.15374755859375,6604621
2018-02-01,296.0,306.79998779296875,285.3999938964844,302.6499938964844,274.6800231933594,8031105
2018-02-02,298.75,314.3500061035156,293.25,299.0,271.3674011230469,12354843
2018-02-05,295.0,299.95001220703125,282.8500061035156,291.25,264.3335876464844,6863987
2018-02-06,278.8500061035156,289.29998779296875,265.6000061035156,283.20001220703125,257.02752685546875,8006195
2018-02-07,287.8999938964844,294.3999938964844,284.3500061035156,290.0,263.1990966796875,9691897
2018-02-08,290.0,308.3999938964844,290.0,304.20001220703125,276.0867919921875,8028713
2018-02-09,295.75,311.8500061035156,295.1499938964844,309.3500061035156,280.7608642578125,6726146
2018-02-12,312.0,315.70001220703125,309.25,310.75,282.0314636230469,4120075
2018-02-14,313.79998779296875,314.45001220703125,308.1499938964844,309.54998779296875,280.9423522949219,3992497
2018-02-15,311.25,314.25,305.54998779296875,307.79998779296875,279.3541259765625,3695342
2018-02-16,310.1000061035156,313.75,306.3500061035156,312.3999938964844,283.52899169921875,5742059
2018-02-19,313.79998779296875,313.79998779296875,293.04998779296875,302.70001220703125,274.7254638671875,6238413
2018-02-20,303.20001220703125,309.45001220703125,300.5,305.6000061035156,277.3573913574219,4940505
2018-02-21,307.20001220703125,308.1499938964844,295.0,298.29998779296875,270.7320556640625,5947856
2018-02-22,299.29998779296875,301.75,295.0,297.70001220703125,270.1875305175781,11882391
2018-02-23,299.0,307.79998779296875,298.54998779296875,306.95001220703125,278.5826721191406,4641724
2018-02-26,310.75,316.8999938964844,308.45001220703125,316.1000061035156,286.8870544433594,5314911
2018-02-27,319.0,320.45001220703125,314.25,318.1000061035156,288.70220947265625,6081243
2018-02-28,313.29998779296875,315.5,310.3500061035156,312.20001220703125,283.3475036621094,6391843
2018-03-01,315.0,317.79998779296875,303.0,305.5,277.2666320800781,6417443
2018-03-05,299.3999938964844,300.1000061035156,289.0,291.6499938964844,264.6966552734375,9282086
2018-03-06,298.70001220703125,301.8999938964844,292.1000061035156,293.5,266.3756408691406,9755916
2018-03-07,293.0,293.79998779296875,286.1499938964844,289.5,262.7453308105469,7208335
2018-03-08,294.0,296.29998779296875,284.20001220703125,289.25,262.5184326171875,5748695
2018-03-09,291.0,294.20001220703125,284.70001220703125,291.95001220703125,264.9689025878906,8084115
2018-03-12,295.20001220703125,299.8999938964844,291.79998779296875,297.8500061035156,270.3236389160156,4186325
2018-03-13,298.79998779296875,304.6000061035156,295.79998779296875,303.5,275.45147705078125,4161207
2018-03-14,300.20001220703125,303.79998779296875,298.20001220703125,300.45001220703125,272.6833801269531,3032723
2018-03-15,299.79998779296875,300.95001220703125,294.1000061035156,295.1499938964844,267.8731994628906,3721114
2018-03-16,295.0,295.0,288.79998779296875,290.25,263.426025390625,7106321
2018-03-19,290.25,290.25,280.04998779296875,283.6000061035156,257.39056396484375,3716523
2018-03-20,280.1000061035156,288.75,279.6499938964844,285.5,259.1150207519531,5586853
2018-03-21,288.75,291.29998779296875,285.25,288.3999938964844,261.7469787597656,3943743
2018-03-22,288.0,290.8999938964844,284.8500061035156,286.0,259.56878662109375,3731255
2018-03-23,279.8999938964844,288.1000061035156,276.3500061035156,286.0,259.56878662109375,6571245
2018-03-26,286.0,296.0,285.0,293.8999938964844,266.7386779785156,3302313
2018-03-27,299.45001220703125,300.0,295.1000061035156,298.8500061035156,271.23126220703125,4209223
2018-03-28,296.8999938964844,298.20001220703125,286.3999938964844,288.1499938964844,261.5201110839844,5122171
2018-04-02,290.0,297.45001220703125,288.25,296.54998779296875,269.1437683105469,2582307
2018-04-03,294.95001220703125,304.54998779296875,292.29998779296875,303.04998779296875,275.0430603027344,5214588
2018-04-04,304.5,307.25,293.6499938964844,295.8500061035156,268.50848388671875,5561514
2018-04-05,301.04998779296875,309.3500061035156,300.6000061035156,308.3999938964844,279.89862060546875,4210195
2018-04-06,305.5,309.29998779296875,304.5,308.20001220703125,279.7171630859375,2787944
2018-04-09,308.0,313.0,306.70001220703125,309.3999938964844,280.80621337890625,3191991
2018-04-10,312.8999938964844,314.75,307.04998779296875,311.3500061035156,282.5760192871094,3478934
2018-04-11,315.95001220703125,318.3999938964844,310.54998779296875,312.20001220703125,283.3475036621094,6847386
2018-04-12,312.0,312.8500061035156,306.75,308.25,279.76251220703125,2993563
2018-04-13,309.5,312.29998779296875,305.5,308.5,279.9894104003906,4046812
2018-04-16,307.3999938964844,310.0,306.0,308.8999938964844,280.3524475097656,2741849
2018-04-17,309.5,311.29998779296875,307.20001220703125,309.1499938964844,280.5792541503906,2788017
2018-04-18,307.0,312.0,307.0,309.95001220703125,281.305419921875,3234140
2018-04-19,311.25,327.79998779296875,311.25,322.8500061035156,293.0132141113281,8395329
2018-04-20,318.8500061035156,326.20001220703125,317.8999938964844,322.8500061035156,293.0132141113281,5243673
2018-04-23,321.95001220703125,327.45001220703125,319.5,321.79998779296875,292.06024169921875,3113729
2018-04-24,317.5,326.0,316.3500061035156,324.75,294.7376403808594,4078872
2018-04-25,325.0,326.79998779296875,319.79998779296875,321.70001220703125,291.969482421875,3081536
2018-04-26,321.5,330.3999938964844,321.25,327.70001220703125,297.4150085449219,4602880
2018-04-27,328.0,330.3500061035156,325.3999938964844,327.6000061035156,297.3243103027344,2704711
2018-04-30,323.54998779296875,331.20001220703125,323.3500061035156,325.0,294.9645080566406,2847539
2018-05-02,327.79998779296875,327.79998779296875,314.04998779296875,315.1499938964844,286.0248107910156,2136023
2018-05-03,315.8999938964844,320.1499938964844,310.5,319.29998779296875,289.79132080078125,5122999
2018-05-04,318.5,319.3999938964844,314.70001220703125,317.3999938964844,288.0669250488281,3147597
2018-05-07,319.95001220703125,327.1000061035156,316.5,325.79998779296875,295.6905822753906,3285970
2018-05-08,326.70001220703125,328.45001220703125,322.79998779296875,324.04998779296875,294.102294921875,2779564
2018-05-09,325.0,326.8999938964844,320.6499938964844,321.75,292.0149230957031,2987922
2018-05-10,323.0,324.95001220703125,318.1000061035156,319.54998779296875,290.0182189941406,3185014
2018-05-11,320.6000061035156,325.25,319.5,323.75,293.830078125,2208433
2018-05-14,323.70001220703125,331.45001220703125,321.20001220703125,329.04998779296875,298.6402282714844,3103900
2018-05-15,329.5,342.75,327.6000061035156,334.54998779296875,303.6319274902344,6620191
2018-05-16,333.79998779296875,340.0,329.8999938964844,336.6000061035156,305.4925231933594,5178318
2018-05-17,341.0,341.0,328.1000061035156,332.0,301.3175964355469,9191526
2018-05-18,332.8999938964844,335.75,318.1000061035156,319.45001220703125,289.9274597167969,4676411
2018-05-21,318.70001220703125,323.45001220703125,307.6499938964844,309.25,280.6701354980469,5132127
2018-05-22,309.0,320.75,308.75,318.3999938964844,288.9744567871094,4072023
2018-05-23,318.8999938964844,322.8999938964844,308.1000061035156,310.0,281.350830078125,6090049
2018-05-24,313.95001220703125,315.54998779296875,307.3999938964844,314.1499938964844,285.1171875,3276382
2018-05-25,315.0,327.5,314.0,326.04998779296875,295.9175109863281,5183676
2018-05-28,326.5,330.0,324.25,327.1000061035156,296.8704833984375,2162396
2018-05-29,326.8999938964844,332.45001220703125,323.3500061035156,331.75,301.0907287597656,4898604
2018-05-30,328.79998779296875,333.8999938964844,328.04998779296875,332.54998779296875,301.8167419433594,3841174
2018-05-31,332.0,337.20001220703125,329.6000061035156,331.8999938964844,301.2268981933594,6771065
2018-06-01,332.1000061035156,337.6000061035156,327.6499938964844,331.8999938964844,301.2268981933594,5033181
2018-06-04,332.0,334.75,330.0,331.8500061035156,301.1814880371094,2301143
2018-06-05,333.1000061035156,333.6000061035156,325.5,329.1000061035156,298.68560791015625,2804584
2018-06-06,329.0,339.1000061035156,328.04998779296875,338.0,306.76312255859375,3148197
2018-06-07,339.6000061035156,346.5,339.5,343.5,311.75482177734375,3295739
2018-06-08,343.29998779296875,344.29998779296875,339.0,343.25,311.5279235839844,2138252
2018-06-11,343.75,345.8999938964844,340.3500061035156,340.95001220703125,309.4405212402344,1886702
2018-06-12,341.3999938964844,345.5,338.5,341.3500061035156,309.8034973144531,4463946
2018-06-13,342.0,345.5,339.1000061035156,343.0,311.301025390625,3827972
2018-06-14,342.0,343.8500061035156,336.79998779296875,339.04998779296875,307.716064453125,2262462
2018-06-15,336.1000061035156,341.54998779296875,331.6499938964844,332.54998779296875,301.8167419433594,4407383
2018-06-18,331.79998779296875,331.95001220703125,322.1499938964844,327.1499938964844,296.9158020019531,3093377
2018-06-19,325.25,331.3500061035156,323.0,327.5,297.23345947265625,3902633
2018-06-20,326.04998779296875,336.1499938964844,326.04998779296875,335.1499938964844,304.176513671875,4389564
2018-06-21,337.0,337.45001220703125,331.54998779296875,332.8500061035156,302.089111328125,3111133
2018-06-22,332.3999938964844,338.3500061035156,331.8500061035156,336.95001220703125,305.8101806640625,3641907
2018-06-25,336.8500061035156,338.45001220703125,330.0,332.1000061035156,301.4084167480469,2725937
2018-06-26,329.6499938964844,330.20001220703125,321.54998779296875,322.8500061035156,293.0132141113281,3431872
2018-06-27,324.45001220703125,324.5,316.79998779296875,318.29998779296875,288.88372802734375,3615558
2018-06-28,317.79998779296875,324.3999938964844,313.8999938964844,322.3999938964844,292.6048278808594,4474045
2018-06-29,325.0,328.29998779296875,322.75,326.79998779296875,296.59814453125,4176390
2018-07-02,327.0,328.75,311.5,313.3999938964844,284.4365234375,3579844
2018-07-03,313.3999938964844,314.79998779296875,306.0,311.70001220703125,282.8937072753906,5355915
2018-07-04,312.5,315.29998779296875,308.5,312.1499938964844,283.3020935058594,3838343
2018-07-05,312.0,313.0,308.0,310.45001220703125,281.7592468261719,4048889
2018-07-06,307.0,312.8999938964844,300.70001220703125,308.54998779296875,282.95135498046875,5087790
2018-07-09,312.0,314.25,310.1000061035156,312.79998779296875,286.8487854003906,1833981
2018-07-10,312.0,318.20001220703125,312.0,317.45001220703125,291.1129455566406,4072677
2018-07-11,316.3500061035156,316.3500061035156,310.5,313.3500061035156,287.35308837890625,4560851
2018-07-12,314.8999938964844,320.70001220703125,312.70001220703125,317.1000061035156,290.7919921875,3468456
2018-07-13,318.0,320.20001220703125,314.25,316.25,290.01251220703125,3079114
2018-07-16,316.20001220703125,318.5,306.5,307.6499938964844,282.1260070800781,2316253
2018-07-17,305.0,309.6000061035156,302.20001220703125,307.3999938964844,281.896728515625,4813085
2018-07-18,309.70001220703125,310.6499938964844,293.54998779296875,296.20001220703125,271.6259765625,4530592
2018-07-19,297.0,310.25,294.5,303.6000061035156,278.4120178222656,6510032
2018-07-20,304.5,307.25,299.6000061035156,304.1499938964844,278.9163818359375,4643889
2018-07-23,306.0,307.8500061035156,300.0,306.6499938964844,281.2089538574219,3849111
2018-07-24,307.0,319.95001220703125,305.04998779296875,318.25,291.84661865234375,4677454
2018-07-25,322.0,327.3999938964844,310.6000061035156,317.1000061035156,290.7919921875,8497446
2018-07-26,316.79998779296875,319.70001220703125,309.0,312.29998779296875,286.3902282714844,6607347
2018-07-27,314.1000061035156,326.1000061035156,314.0,323.25,296.4317932128906,6865156
2018-07-30,323.25,328.8999938964844,320.8500061035156,327.8500061035156,300.6501159667969,4368955
2018-07-31,325.54998779296875,332.8500061035156,325.0,330.3999938964844,302.988525390625,4863789
2018-08-01,330.95001220703125,332.29998779296875,324.6000061035156,327.54998779296875,300.3749694824219,3557767
2018-08-02,326.0,334.8500061035156,321.8500061035156,332.04998779296875,304.5016784667969,4410584
2018-08-03,332.8999938964844,338.29998779296875,332.5,337.29998779296875,309.31610107421875,4714989
2018-08-06,338.5,341.5,335.79998779296875,336.95001220703125,308.99517822265625,2536638
2018-08-07,338.0,342.6000061035156,335.5,340.5,312.25067138671875,4702630
2018-08-08,342.3500061035156,345.0,339.54998779296875,342.75,314.31396484375,3791524
2018-08-09,343.20001220703125,345.5,341.04998779296875,342.95001220703125,314.4974060058594,3272046
2018-08-10,342.6000061035156,344.5,337.3999938964844,339.8999938964844,311.7004089355469,3088207
2018-08-13,336.95001220703125,346.3500061035156,335.95001220703125,342.1000061035156,313.7178955078125,3893115
2018-08-14,342.54998779296875,351.0,338.20001220703125,341.1000061035156,312.8008728027344,6297575
2018-08-16,336.0,337.1000061035156,326.8500061035156,328.1499938964844,300.92523193359375,6092650
2018-08-17,329.8999938964844,335.79998779296875,329.8999938964844,334.0,306.2898864746094,3729105
2018-08-20,334.1000061035156,342.25,334.0,341.54998779296875,313.2135009765625,2968742
2018-08-21,343.20001220703125,344.29998779296875,338.04998779296875,341.8999938964844,313.5344543457031,2781769
2018-08-23,342.8999938964844,343.29998779296875,336.75,339.6000061035156,311.4252624511719,3317106
2018-08-24,336.04998779296875,356.5,336.04998779296875,354.79998779296875,325.3642272949219,8301916
2018-08-27,359.0,364.6499938964844,352.6499938964844,355.6000061035156,326.09783935546875,7420600
2018-08-28,357.8500061035156,369.0,353.1000061035156,366.20001220703125,335.8184814453125,6122883
2018-08-29,371.3999938964844,408.70001220703125,370.0,399.0,365.897216796875,44445933
2018-08-30,398.0,408.79998779296875,393.1499938964844,397.8999938964844,364.88848876953125,27089981
2018-08-31,399.0,403.29998779296875,392.6000061035156,396.3500061035156,363.467041015625,8642458
2018-09-03,399.29998779296875,402.5,393.1000061035156,397.0,364.06317138671875,5615281
2018-09-04,399.6000061035156,399.6000061035156,386.5,390.8500061035156,358.42340087890625,6611358
2018-09-05,387.0,401.75,387.0,398.3500061035156,365.3011169433594,7677886
2018-09-06,404.0,404.1000061035156,396.04998779296875,398.79998779296875,365.71380615234375,5215140
2018-09-07,398.75,409.8999938964844,395.0,406.6000061035156,372.8667297363281,7367573
2018-09-10,411.3999938964844,414.95001220703125,399.0,401.20001220703125,367.91473388671875,8882946
2018-09-11,403.8999938964844,403.8999938964844,392.3500061035156,395.20001220703125,362.4125061035156,7125022
2018-09-12,395.1000061035156,400.8999938964844,388.04998779296875,399.75,366.58502197265625,6287959
2018-09-14,402.20001220703125,412.3500061035156,402.20001220703125,408.1000061035156,374.24224853515625,6622300
2018-09-17,407.0,416.3999938964844,403.1499938964844,411.8500061035156,377.68109130859375,6327429
2018-09-18,412.75,415.70001220703125,404.70001220703125,407.1499938964844,373.3710632324219,5226145
2018-09-19,410.1000061035156,423.75,410.1000061035156,417.04998779296875,382.44970703125,8654507
2018-09-21,420.25,427.54998779296875,389.29998779296875,408.0,374.1505432128906,10218645
2018-09-24,414.0,414.0,397.1000061035156,400.45001220703125,367.2269592285156,7568416
2018-09-25,398.0,407.0,389.0,403.6499938964844,370.16143798828125,6963000
2018-09-26,407.0,411.75,401.0,408.1000061035156,374.24224853515625,3317487
2018-09-27,409.8500061035156,412.5,395.79998779296875,400.29998779296875,367.08935546875,25412558
2018-09-28,403.8500061035156,407.95001220703125,374.20001220703125,381.6499938964844,349.98663330078125,13200294
2018-10-01,375.0,386.8500061035156,371.1000061035156,380.8500061035156,349.25299072265625,8910012
2018-10-03,380.0,387.5,376.6499938964844,383.3999938964844,351.5914306640625,7436585
2018-10-04,377.8999938964844,386.5,373.29998779296875,377.6000061035156,346.2726745605469,7084897
2018-10-05,375.0,379.1499938964844,360.3999938964844,366.6000061035156,336.1852111816406,7170165
2018-10-08,366.0,381.79998779296875,357.1000061035156,376.25,345.03466796875,7787200
2018-10-09,379.5,381.79998779296875,363.75,371.3999938964844,340.5870666503906,7572243
2018-10-10,372.0,382.75,371.3999938964844,376.79998779296875,345.53900146484375,4070161
2018-10-11,370.0,372.75,354.8500061035156,361.70001220703125,331.69183349609375,6973280
2018-10-12,365.0,381.25,363.3500061035156,379.70001220703125,348.1984558105469,4970667
2018-10-15,380.6499938964844,381.1000061035156,372.6000061035156,376.79998779296875,345.53900146484375,2563605
2018-10-16,377.0,385.20001220703125,369.1000061035156,373.6000061035156,342.60455322265625,5508232
2018-10-17,376.8999938964844,378.45001220703125,359.1499938964844,361.6499938964844,331.64593505859375,4061725
2018-10-19,357.75,370.45001220703125,354.6000061035156,363.5,333.3424987792969,6479303
2018-10-22,367.0,368.8500061035156,353.29998779296875,355.1000061035156,325.63934326171875,5271275
2018-10-23,353.79998779296875,355.8500061035156,343.25,347.5,318.66986083984375,4807256
2018-10-24,351.04998779296875,354.1499938964844,345.54998779296875,351.95001220703125,322.7507019042969,3260414
2018-10-25,349.0,355.20001220703125,343.5,353.3999938964844,324.0804138183594,4891650
2018-10-26,355.79998779296875,355.95001220703125,333.04998779296875,337.45001220703125,309.45367431640625,7853276
2018-10-29,338.0,341.25,329.20001220703125,340.0,311.7921142578125,4778923
2018-10-30,338.29998779296875,341.79998779296875,333.6000061035156,335.79998779296875,307.9405517578125,3197919
2018-10-31,336.95001220703125,341.8999938964844,326.5,339.3999938964844,311.24188232421875,4571617
2018-11-01,340.6000061035156,346.5,338.04998779296875,342.75,314.31396484375,3486300
2018-11-02,346.20001220703125,357.0,345.1000061035156,352.79998779296875,323.5301818847656,4287077
2018-11-05,351.8999938964844,359.8999938964844,346.54998779296875,353.6499938964844,324.3096008300781,3683598
2018-11-06,356.0,359.3999938964844,347.6000061035156,350.75,321.6502685546875,3180370
2018-11-07,350.75,350.75,350.75,350.75,321.6502685546875,0
2018-11-09,352.0,352.0,342.5,347.5,318.66986083984375,3642253
2018-11-12,346.45001220703125,354.3500061035156,343.04998779296875,344.54998779296875,315.964599609375,3905755
2018-11-13,344.0,349.0,342.3999938964844,348.1000061035156,319.2201232910156,2384372
2018-11-14,351.0,353.75,337.25,339.6000061035156,311.4252624511719,3540077
2018-11-15,340.0,345.8999938964844,338.04998779296875,344.6000061035156,316.0104675292969,3192589
2018-11-16,344.1000061035156,344.25,332.20001220703125,335.1000061035156,307.29864501953125,3306643
2018-11-19,336.70001220703125,339.54998779296875,333.20001220703125,336.6499938964844,308.72003173828125,3202842
2018-11-20,334.0,334.25,327.0,328.25,301.0169372558594,3954871
2018-11-21,327.0,329.3999938964844,322.6000061035156,326.04998779296875,298.9994812011719,4004112
2018-11-22,326.0,327.75,318.1499938964844,319.8999938964844,293.3597106933594,3648659
2018-11-26,320.6499938964844,323.5,311.75,317.6000061035156,291.25048828125,4603622
2018-11-27,313.1499938964844,316.79998779296875,299.5,311.20001220703125,285.3815002441406,16785515
2018-11-28,312.3999938964844,314.75,306.20001220703125,308.8500061035156,283.22650146484375,7306426
2018-11-29,312.6499938964844,319.5,308.70001220703125,317.45001220703125,291.1129455566406,6047477
2018-11-30,318.6000061035156,322.79998779296875,313.45001220703125,314.25,288.1784362792969,5161526
2018-12-03,320.04998779296875,325.0,313.5,314.8999938964844,288.7745361328125,6549046
2018-12-04,314.29998779296875,318.3999938964844,311.3999938964844,313.29998779296875,287.3072509765625,4089384
2018-12-05,310.0,311.0,302.25,304.3500061035156,279.0998229980469,4291892
2018-12-06,299.0,307.6000061035156,294.20001220703125,305.3999938964844,280.0627136230469,7026331
2018-12-07,306.1000061035156,308.20001220703125,298.25,302.3999938964844,277.3115539550781,4667020
2018-12-10,294.5,299.70001220703125,292.3500061035156,294.1000061035156,269.7001647949219,3612157
2018-12-11,287.8999938964844,303.1499938964844,286.29998779296875,300.95001220703125,275.98187255859375,4328659
2018-12-12,303.3999938964844,307.5,299.45001220703125,302.45001220703125,277.357421875,7403789
2018-12-13,305.70001220703125,306.70001220703125,295.5,298.04998779296875,273.3224792480469,5434548
2018-12-14,297.0,300.8500061035156,291.1499938964844,293.1000061035156,268.78314208984375,5963531
2018-12-17,294.8999938964844,300.5,294.04998779296875,299.8500061035156,274.97314453125,4379498
2018-12-18,299.1000061035156,306.70001220703125,298.1000061035156,305.45001220703125,280.10858154296875,6638364
2018-12-19,308.0,312.3500061035156,304.3999938964844,311.0,285.1980895996094,5813820
2018-12-20,309.0,310.79998779296875,306.20001220703125,308.70001220703125,283.0888977050781,5637742
2018-12-21,309.0,312.70001220703125,305.8500061035156,308.0,282.44696044921875,6808600
2018-12-24,308.0,308.5,291.0,292.20001220703125,267.95782470703125,7202626
2018-12-26,290.54998779296875,297.0,288.1000061035156,296.29998779296875,271.7176818847656,5649890
2018-12-27,299.5,300.6499938964844,292.1000061035156,292.95001220703125,268.6455993652344,5160751
2018-12-28,294.3999938964844,300.6000061035156,294.3999938964844,298.1000061035156,273.3683166503906,3519635
2018-12-31,300.1000061035156,307.8999938964844,300.1000061035156,306.75,281.3006591796875,7167399
2019-01-01,308.8999938964844,308.8999938964844,302.5,303.95001220703125,278.7330017089844,3622654
2019-01-02,296.04998779296875,297.95001220703125,286.6000061035156,288.70001220703125,264.7481994628906,8855139
2019-01-03,287.5,290.6000061035156,280.29998779296875,282.6499938964844,259.20013427734375,10003388
2019-01-04,281.8999938964844,289.45001220703125,280.70001220703125,287.95001220703125,264.0604248046875,6070751
2019-01-07,292.29998779296875,295.25,288.1499938964844,289.8500061035156,265.80279541015625,7041362
2019-01-08,290.1000061035156,295.8500061035156,288.1000061035156,293.8999938964844,269.5167541503906,4528899
2019-01-09,295.0,296.79998779296875,286.54998779296875,290.75,266.6280822753906,5848215
2019-01-10,290.0,292.70001220703125,287.6499938964844,289.29998779296875,265.29840087890625,4352095
2019-01-11,289.75,294.1499938964844,286.45001220703125,288.79998779296875,264.83984375,4483554
2019-01-14,288.45001220703125,288.45001220703125,282.04998779296875,283.8999938964844,260.346435546875,3756403
2019-01-15,285.0,293.0,282.29998779296875,292.1000061035156,267.86614990234375,6557577
2019-01-16,292.04998779296875,293.25,285.3500061035156,286.45001220703125,262.6848449707031,3752082
2019-01-17,287.5,290.54998779296875,285.79998779296875,289.0,265.0232849121094,4817690
2019-01-18,288.3500061035156,291.8500061035156,283.25,285.6000061035156,261.9053955078125,4210472
2019-01-21,285.8999938964844,288.95001220703125,283.95001220703125,284.6000061035156,260.98834228515625,2854706
2019-01-22,284.0,284.6000061035156,274.54998779296875,278.0,254.9358673095703,5006219
2019-01-23,278.0,284.8999938964844,277.20001220703125,280.8999938964844,257.5953063964844,4489030
2019-01-24,281.5,284.3999938964844,276.5,283.6499938964844,260.1171569824219,3705336
2019-01-25,284.6000061035156,285.5,273.25,274.6499938964844,251.8638458251953,5191436
2019-01-28,274.0,274.25,263.04998779296875,267.75,245.53631591796875,4518237
2019-01-29,267.54998779296875,273.0,265.25,270.95001220703125,248.47084045410156,4113613
2019-01-30,271.5,273.45001220703125,262.20001220703125,268.8999938964844,246.5908660888672,6941276
2019-01-31,271.0,275.8500061035156,266.6000061035156,274.6000061035156,251.81800842285156,4666551
2019-02-01,274.25,280.0,266.6499938964844,274.95001220703125,252.1389923095703,6496209
2019-02-04,275.45001220703125,276.45001220703125,267.6499938964844,273.5,250.8092498779297,4804512
2019-02-05,272.0,277.6499938964844,270.6499938964844,273.54998779296875,250.85507202148438,4726380
2019-02-06,274.3999938964844,282.8999938964844,271.5,279.29998779296875,256.1280517578125,5746435
2019-02-07,278.0,281.3999938964844,272.0,273.1000061035156,250.4424285888672,6252085
2019-02-08,271.6000061035156,273.0,260.3500061035156,262.8500061035156,241.0428009033203,5765740
2019-02-11,264.0,266.0,256.6000061035156,261.6000061035156,239.89649963378906,5228180
2019-02-12,261.54998779296875,274.5,257.5,271.75,249.20445251464844,12748459
2019-02-14,269.3999938964844,282.5,264.04998779296875,280.6499938964844,257.3660583496094,9767547
2019-02-15,279.95001220703125,279.95001220703125,265.45001220703125,266.8999938964844,244.75680541992188,10241930
2019-02-18,268.0,269.95001220703125,261.0,261.8999938964844,240.17161560058594,6612006
2019-02-19,262.6000061035156,271.75,261.0,266.8500061035156,244.71095275878906,8114832
2019-02-20,267.8500061035156,276.20001220703125,267.5,274.04998779296875,251.31362915039062,10302096
2019-02-21,276.0,279.0,273.3999938964844,277.04998779296875,254.064697265625,8238650
2019-02-22,276.0,286.79998779296875,271.79998779296875,285.8500061035156,262.1346435546875,10779149
2019-02-25,286.3500061035156,293.79998779296875,286.3500061035156,287.79998779296875,263.9228820800781,12551599
2019-02-26,279.0,286.79998779296875,277.1000061035156,284.5,260.8966064453125,8622676
2019-02-27,287.3999938964844,291.45001220703125,282.0,284.0,260.4381103515625,7076524
2019-02-28,285.5,290.0,279.79998779296875,281.1000061035156,257.77874755859375,9337518
2019-03-01,284.3999938964844,285.1000061035156,280.70001220703125,282.1000061035156,258.69573974609375,7362711
2019-03-05,284.95001220703125,292.1000061035156,282.0,291.20001220703125,267.0408020019531,11469935
2019-03-06,292.70001220703125,294.0,286.75,289.95001220703125,265.89447021484375,6718322
2019-03-07,290.3999938964844,294.0,285.3999938964844,289.70001220703125,265.6652526855469,7010707
2019-03-08,288.20001220703125,289.3999938964844,284.20001220703125,286.3999938964844,262.63897705078125,5961633
2019-03-11,289.3999938964844,294.6499938964844,287.1499938964844,292.6499938964844,268.3704833984375,7863518
2019-03-12,294.04998779296875,298.0,290.04998779296875,291.79998779296875,267.5909423828125,8891811
2019-03-13,290.0,290.3999938964844,282.1000061035156,286.25,262.50146484375,9122437
2019-03-14,286.3500061035156,289.79998779296875,284.0,286.8999938964844,263.0975646972656,5351600
2019-03-15,287.3999938964844,291.25,285.29998779296875,288.45001220703125,264.5189514160156,7053371
2019-03-18,290.0,296.0,286.54998779296875,294.95001220703125,270.4796142578125,7431744
2019-03-19,296.1000061035156,296.75,287.3500061035156,288.5,264.5648193359375,7444759
2019-03-20,290.0,290.0,281.04998779296875,282.29998779296875,258.879150390625,9165038
2019-03-22,284.79998779296875,289.54998779296875,283.0,285.75,262.04296875,7325504
2019-03-25,282.0,282.0,276.0,278.79998779296875,255.6695556640625,6778846
2019-03-26,277.95001220703125,282.3999938964844,276.5,281.3500061035156,258.0079650878906,6247666
2019-03-27,283.0,289.25,281.5,287.5,263.6477355957031,6490731
2019-03-28,286.0,290.0,284.0,288.25,264.33551025390625,21745652
2019-04-01,297.45001220703125,300.0,290.5,292.29998779296875,268.04949951171875,7766553
2019-04-02,295.75,295.75,285.5,287.1000061035156,263.2809143066406,7105140
2019-04-03,290.0,294.5,288.5,289.8999938964844,265.8486022949219,6899752
2019-04-04,289.8500061035156,290.29998779296875,285.20001220703125,287.79998779296875,263.9228820800781,4338250
2019-04-05,288.45001220703125,295.75,288.1000061035156,294.25,269.8377380371094,5310432
2019-04-08,297.0,298.6499938964844,289.0,290.3999938964844,266.3070983886719,5645872
2019-04-09,290.95001220703125,293.0,285.6499938964844,291.54998779296875,267.3617248535156,3725301
2019-04-10,290.20001220703125,293.75,287.29998779296875,288.54998779296875,264.610595703125,5316890
2019-04-11,288.0,289.70001220703125,285.04998779296875,287.0,263.1892395019531,3147541
2019-04-12,287.0,288.45001220703125,285.0,286.8500061035156,263.0516662597656,2486341
2019-04-15,288.0,293.79998779296875,287.20001220703125,292.1499938964844,267.91192626953125,4009776
2019-04-16,294.0,294.8500061035156,290.3500061035156,291.20001220703125,267.0408020019531,4394114
2019-04-18,291.20001220703125,301.29998779296875,286.5,299.1499938964844,274.33123779296875,7668228
2019-04-22,298.70001220703125,302.45001220703125,289.25,291.25,267.0866394042969,6083105
2019-04-23,293.04998779296875,294.6000061035156,287.29998779296875,288.29998779296875,264.3813781738281,3648863
2019-04-24,289.25,293.0,286.3999938964844,292.3500061035156,268.0953674316406,4200919
2019-04-25,291.5,294.5,285.5,286.6000061035156,262.82244873046875,4132700
2019-04-26,288.5,299.0,286.1000061035156,294.0,269.6084899902344,11729751
2019-04-30,294.5,309.8999938964844,290.8500061035156,308.3500061035156,282.7679138183594,12707875
2019-05-02,309.04998779296875,314.0,303.5,306.6499938964844,281.2089538574219,10375665
2019-05-03,308.0,310.45001220703125,305.1000061035156,308.8500061035156,283.22650146484375,5705828
2019-05-06,301.0,302.3999938964844,295.0,296.70001220703125,272.08447265625,7433027
2019-05-07,301.0,302.20001220703125,287.0,288.1000061035156,264.1979675292969,6762525
2019-05-08,286.45001220703125,292.79998779296875,285.0,289.25,265.2525634765625,7900967
2019-05-09,288.0,290.5,280.3500061035156,285.45001220703125,261.767822265625,7620385
2019-05-10,286.0,289.29998779296875,283.0,287.3500061035156,263.5102233886719,7076251
2019-05-13,286.0,286.8999938964844,273.45001220703125,276.8999938964844,253.9271697998047,4291656
2019-05-14,275.0,282.95001220703125,272.45001220703125,281.0,257.68701171875,5277444
2019-05-15,281.0,281.70001220703125,266.95001220703125,268.5,246.2240447998047,6212125
2019-05-16,270.0,277.45001220703125,268.5,275.95001220703125,253.05601501464844,4697435
2019-05-17,275.45001220703125,277.70001220703125,271.54998779296875,276.3999938964844,253.46865844726562,3064045
2019-05-20,283.1000061035156,293.6499938964844,280.79998779296875,285.5,261.81365966796875,5009313
2019-05-21,284.8500061035156,286.5,277.5,279.3999938964844,256.21966552734375,4196280
2019-05-22,280.3999938964844,281.25,272.29998779296875,276.95001220703125,253.9730224609375,5052534
2019-05-23,284.0,289.8999938964844,274.5,275.95001220703125,253.05601501464844,5355880
2019-05-24,279.95001220703125,291.5,273.54998779296875,288.0,264.1062927246094,9795647
2019-05-27,281.0,289.29998779296875,277.04998779296875,287.75,263.87701416015625,9081309
2019-05-28,287.75,297.5,286.75,292.95001220703125,268.6455993652344,10338894
2019-05-29,292.0,295.70001220703125,279.70001220703125,280.54998779296875,257.27435302734375,7940056
2019-05-30,281.0,283.25,275.1000061035156,276.6000061035156,253.6520538330078,7941828
2019-05-31,278.25,279.79998779296875,269.6000061035156,271.70001220703125,249.15858459472656,7316925
2019-06-03,273.0,276.1000061035156,269.1499938964844,274.54998779296875,251.7720947265625,6265379
2019-06-04,274.0,276.0,272.3999938964844,274.20001220703125,251.451171875,4512003
2019-06-06,274.8999938964844,274.8999938964844,265.29998779296875,266.70001220703125,244.5734405517578,5090763
2019-06-07,267.0,270.0,261.6000061035156,262.3999938964844,240.630126953125,5599533
2019-06-10,264.3999938964844,267.8999938964844,262.3500061035156,266.8500061035156,244.71095275878906,3704937
2019-06-11,268.0,274.5,265.29998779296875,273.3500061035156,250.6717071533203,4208927
2019-06-12,274.45001220703125,277.29998779296875,270.25,271.25,248.7458953857422,7380929
2019-06-13,272.0,275.0,265.6499938964844,274.3500061035156,251.5886993408203,5646873
2019-06-14,272.1000061035156,275.3999938964844,267.6000061035156,271.25,248.7458953857422,4349503
2019-06-17,271.0,271.0,259.0,260.20001220703125,238.61265563964844,8505525
2019-06-18,261.0,265.0,254.89999389648438,263.54998779296875,241.6847381591797,6059478
2019-06-19,264.0,267.6499938964844,256.0,260.54998779296875,238.93360900878906,7432697
2019-06-20,261.0,270.0,258.25,269.25,246.91184997558594,5160169
2019-06-21,265.95001220703125,268.95001220703125,264.25,267.1499938964844,244.98606872558594,6144176
2019-06-24,267.0,268.5,257.1000061035156,257.79998779296875,236.41177368164062,5807872
2019-06-25,254.39999389648438,268.29998779296875,252.64999389648438,267.04998779296875,244.89439392089844,9616552
2019-06-26,263.6000061035156,277.79998779296875,263.3500061035156,277.1499938964844,254.15643310546875,6924967
2019-06-27,276.95001220703125,280.79998779296875,275.54998779296875,277.3500061035156,254.33985900878906,7806500
2019-06-28,277.0,278.75,273.1000061035156,276.6000061035156,253.6520538330078,4088477
2019-07-01,278.54998779296875,281.79998779296875,273.8500061035156,275.75,252.87252807617188,3935030
2019-07-02,275.70001220703125,277.20001220703125,272.1000061035156,276.1499938964844,253.23936462402344,3233802
2019-07-03,276.0,279.79998779296875,273.75,277.3999938964844,254.38568115234375,3416371
2019-07-04,277.0,278.0,273.79998779296875,275.04998779296875,252.23060607910156,3266606
2019-07-05,275.75,278.70001220703125,265.04998779296875,266.6499938964844,244.5275421142578,4112441
2019-07-08,262.1000061035156,267.20001220703125,257.8999938964844,262.25,244.2481231689453,3816891
2019-07-09,262.0,265.5,260.5,262.3500061035156,244.34130859375,3210950
2019-07-10,263.5,264.3500061035156,252.0,254.89999389648438,237.40267944335938,6051189
2019-07-11,259.29998779296875,268.1000061035156,257.8500061035156,267.29998779296875,248.9514923095703,11021639
2019-07-12,267.29998779296875,270.8500061035156,261.70001220703125,267.8999938964844,249.5102996826172,7690461
2019-07-15,267.3999938964844,272.75,263.70001220703125,270.95001220703125,252.35098266601562,4909761
2019-07-16,269.95001220703125,275.0,269.0,273.8999938964844,255.09841918945312,3794706
2019-07-17,272.0,275.0,268.79998779296875,271.8999938964844,253.23573303222656,3290727
2019-07-18,270.0,270.75,264.8999938964844,266.1000061035156,247.83387756347656,3627824
2019-07-19,267.29998779296875,269.20001220703125,258.20001220703125,259.04998779296875,241.26780700683594,3828583
2019-07-22,259.8999938964844,265.5,256.29998779296875,264.3999938964844,246.2505645751953,3426665
2019-07-23,266.0,266.0,259.79998779296875,263.29998779296875,245.22605895996094,3534413
2019-07-24,263.0,263.8500061035156,246.75,255.25,237.72865295410156,10491930
2019-07-25,254.8000030517578,257.8999938964844,247.8000030517578,248.64999389648438,231.58168029785156,6895024
2019-07-26,248.9499969482422,253.35000610351562,247.10000610351562,249.6999969482422,232.5596160888672,5386836
2019-07-29,245.85000610351562,246.25,236.85000610351562,241.39999389648438,224.82936096191406,7935024
2019-07-30,243.0500030517578,248.0,220.0,230.25,214.4447479248047,8938349
2019-07-31,228.35000610351562,238.3000030517578,226.10000610351562,237.4499969482422,221.1505126953125,5983362
2019-08-01,235.10000610351562,235.8000030517578,222.6999969482422,225.25,209.7879638671875,7768510
2019-08-02,223.0,230.4499969482422,217.8000030517578,225.14999389648438,209.69483947753906,11444553
2019-08-05,220.8000030517578,221.25,212.25,217.6999969482422,202.75624084472656,7681043
2019-08-06,214.60000610351562,221.4499969482422,214.14999389648438,217.5500030517578,202.6165313720703,6703116
2019-08-07,217.6999969482422,217.8000030517578,210.60000610351562,212.25,197.6803436279297,7073513
2019-08-08,213.3000030517578,222.85000610351562,208.75,221.6999969482422,206.48165893554688,8752577
2019-08-09,221.6999969482422,228.4499969482422,219.3000030517578,220.60000610351562,205.45718383789062,9077239
2019-08-13,217.60000610351562,224.4499969482422,216.4499969482422,220.14999389648438,205.0380401611328,6628569
2019-08-14,222.60000610351562,229.89999389648438,220.75,227.75,212.11634826660156,6940915
2019-08-16,226.35000610351562,228.9499969482422,221.60000610351562,227.14999389648438,211.5575408935547,6083438
2019-08-19,228.3000030517578,230.85000610351562,224.75,226.1999969482422,210.6727752685547,4394801
2019-08-20,225.0500030517578,226.10000610351562,221.64999389648438,224.85000610351562,209.41543579101562,5107078
2019-08-21,223.5,226.0,217.6999969482422,219.0,203.9669952392578,5016435
2019-08-22,215.0,220.39999389648438,212.8000030517578,217.0,202.1042938232422,6938275
2019-08-23,214.5,223.60000610351562,213.75,220.64999389648438,205.5037078857422,4978377
2019-08-26,222.14999389648438,225.0,206.3000030517578,214.10000610351562,199.40335083007812,13555325
2019-08-27,217.39999389648438,217.5,212.8000030517578,213.39999389648438,198.7513885498047,12287346
2019-08-28,214.0,214.25,202.8000030517578,205.75,191.6265106201172,9056214
2019-08-29,203.8000030517578,214.5500030517578,201.75,211.9499969482422,197.40093994140625,18785875
2019-08-30,215.0,218.9499969482422,211.25,217.4499969482422,202.5233917236328,10442126
2019-09-03,214.0,215.5,209.3000030517578,210.14999389648438,195.72450256347656,5563093
2019-09-04,208.85000610351562,216.0500030517578,207.5,214.8000030517578,200.05531311035156,8097106
2019-09-05,217.10000610351562,222.3000030517578,213.5,216.25,201.40574645996094,10360712
2019-09-06,217.39999389648438,219.35000610351562,212.25,217.9499969482422,202.9890594482422,8494436
2019-09-09,218.0,224.5,213.85000610351562,219.5,204.4326629638672,9829589
2019-09-11,220.39999389648438,228.9499969482422,220.14999389648438,227.6999969482422,212.06979370117188,11404495
2019-09-12,228.0,232.25,221.1999969482422,222.0500030517578,206.8076171875,9281462
2019-09-13,222.0500030517578,227.60000610351562,219.10000610351562,226.1999969482422,210.6727752685547,8639132
2019-09-16,222.5,227.5,222.5,225.64999389648438,210.16050720214844,5494139
2019-09-17,224.39999389648438,229.0,214.8000030517578,216.1999969482422,201.35919189453125,9403320
2019-09-18,217.5500030517578,223.5500030517578,217.25,221.39999389648438,206.20223999023438,9790812
2019-09-19,220.14999389648438,221.60000610351562,215.25,219.5500030517578,204.47923278808594,9020768
2019-09-20,220.64999389648438,240.1999969482422,218.25,238.10000610351562,221.75588989257812,23899821
2019-09-23,252.9499969482422,252.9499969482422,237.39999389648438,243.6999969482422,226.9714813232422,13040988
2019-09-24,241.9499969482422,242.0,232.5,233.35000610351562,217.3319549560547,9073501
2019-09-25,233.5,235.75,228.3000030517578,234.39999389648438,218.3098907470703,7594921
2019-09-26,236.0,237.8000030517578,231.25,235.4499969482422,219.28781127929688,8069927
2019-09-27,233.60000610351562,236.5,230.60000610351562,232.1999969482422,216.26087951660156,7000789
2019-09-30,228.0,231.0,222.5,229.9499969482422,214.1653594970703,6783701
2019-10-01,229.10000610351562,231.75,220.39999389648438,222.64999389648438,207.36643981933594,6026952
2019-10-03,220.9499969482422,225.6999969482422,218.3000030517578,221.5500030517578,206.34194946289062,5324110
2019-10-04,222.3000030517578,223.89999389648438,212.4499969482422,214.64999389648438,199.91558837890625,6600815
2019-10-07,214.89999389648438,215.8000030517578,207.0,208.0,193.72206115722656,7420654
2019-10-09,207.3000030517578,213.75,205.9499969482422,212.8000030517578,198.19256591796875,5958422
2019-10-10,211.3000030517578,214.89999389648438,209.10000610351562,213.75,199.07736206054688,6693227
2019-10-11,215.0,220.89999389648438,212.8000030517578,217.25,202.3371124267578,8965423
2019-10-14,218.8000030517578,225.0,218.35000610351562,221.4499969482422,206.24880981445312,7515730
2019-10-15,221.0,226.89999389648438,214.25,219.64999389648438,204.5723876953125,14900735
2019-10-16,222.25,223.64999389648438,218.4499969482422,220.3000030517578,205.17776489257812,7753169
2019-10-17,218.3000030517578,224.6999969482422,214.35000610351562,222.9499969482422,207.64584350585938,10798747
2019-10-18,222.10000610351562,225.1999969482422,220.3000030517578,223.35000610351562,208.0183868408203,9026105
2019-10-22,223.0,225.89999389648438,219.1999969482422,219.6999969482422,204.61892700195312,8305579
2019-10-23,218.60000610351562,224.8000030517578,215.75,222.6999969482422,207.41299438476562,8030559
2019-10-24,215.1999969482422,225.10000610351562,215.1999969482422,222.85000610351562,207.552734375,15890442
2019-10-25,222.5,224.14999389648438,216.10000610351562,217.35000610351562,202.43028259277344,8612440
2019-10-27,218.0,221.39999389648438,218.0,219.35000610351562,204.29298400878906,756932
2019-10-29,219.60000610351562,236.39999389648438,219.60000610351562,234.25,218.170166015625,13887709
2019-10-30,236.9499969482422,236.9499969482422,231.25,234.39999389648438,218.3098907470703,5246865
2019-10-31,235.6999969482422,236.5,227.0500030517578,228.0,212.34921264648438,6994856
2019-11-01,227.6999969482422,239.5,227.5,237.60000610351562,221.2902374267578,9208037
2019-11-04,238.6999969482422,254.85000610351562,238.6999969482422,250.1999969482422,233.02529907226562,17613567
2019-11-05,253.35000610351562,254.14999389648438,244.25,246.0500030517578,229.16017150878906,10394354
2019-11-06,245.9499969482422,251.3000030517578,244.3000030517578,248.25,231.2091522216797,7121343
2019-11-07,250.1999969482422,254.8000030517578,243.10000610351562,252.64999389648438,235.30712890625,12103874
2019-11-08,252.75,256.5,248.5,250.0,232.83901977539062,7150985
2019-11-11,249.10000610351562,253.25,248.0500030517578,251.89999389648438,234.6085968017578,5599046
2019-11-13,251.5,254.6999969482422,247.35000610351562,248.75,231.67483520507812,6493201
2019-11-14,248.0,249.6999969482422,244.25,245.75,228.8807830810547,4522524
2019-11-15,246.0,250.0,242.1999969482422,244.75,227.9494171142578,5246862
2019-11-18,245.89999389648438,251.14999389648438,244.8000030517578,249.60000610351562,232.46649169921875,4846338
2019-11-19,249.39999389648438,250.85000610351562,246.60000610351562,247.89999389648438,230.88319396972656,4461546
2019-11-20,247.6999969482422,252.3000030517578,245.9499969482422,248.6999969482422,231.62828063964844,4799567
2019-11-21,248.0,248.9499969482422,244.14999389648438,245.25,228.4150848388672,3840421
2019-11-22,245.0,253.0,244.3000030517578,251.25,234.00323486328125,4927891
2019-11-25,252.89999389648438,261.0,252.3000030517578,260.1499938964844,242.2923126220703,11369913
2019-11-26,261.25,262.79998779296875,251.10000610351562,253.25,235.86593627929688,12880492
2019-11-27,254.10000610351562,257.8999938964844,251.89999389648438,252.9499969482422,235.58653259277344,4739906
2019-11-28,253.60000610351562,264.8999938964844,252.25,263.95001220703125,245.83145141601562,9945852
2019-11-29,262.6000061035156,269.5,260.04998779296875,261.54998779296875,243.59620666503906,12038238
2019-12-02,267.5,269.45001220703125,263.25,268.1000061035156,249.69659423828125,10547869
2019-12-03,267.25,267.5,254.5,257.25,239.59136962890625,9848751
2019-12-04,254.0,264.0,247.75,259.79998779296875,241.96630859375,15220113
2019-12-05,260.75,261.79998779296875,250.10000610351562,251.4499969482422,234.1894989013672,6962695
2019-12-06,252.89999389648438,256.70001220703125,250.10000610351562,254.10000610351562,236.6575927734375,7854850
2019-12-09,253.0,259.5,251.85000610351562,258.8500061035156,241.08154296875,6291970
2019-12-10,256.29998779296875,259.1499938964844,250.3000030517578,251.0,233.77037048339844,5357914
2019-12-11,251.1999969482422,254.8000030517578,246.5500030517578,249.9499969482422,232.79246520996094,6247501
2019-12-12,252.0,257.6499938964844,250.1999969482422,255.60000610351562,238.05462646484375,6112551
2019-12-13,263.0,264.3999938964844,255.5500030517578,257.6000061035156,239.91737365722656,12372614
2019-12-16,259.20001220703125,260.20001220703125,252.14999389648438,253.10000610351562,235.7262420654297,5733217
2019-12-17,254.35000610351562,261.6000061035156,253.5500030517578,258.95001220703125,241.17466735839844,11197549
2019-12-18,257.8999938964844,266.3500061035156,256.29998779296875,264.3999938964844,246.2505645751953,13485427
2019-12-19,263.29998779296875,267.20001220703125,262.29998779296875,264.8500061035156,246.66969299316406,7841049
2019-12-20,264.5,266.75,262.75,264.70001220703125,246.5299835205078,7162934
2019-12-23,264.3999938964844,270.6000061035156,262.3999938964844,263.70001220703125,245.59861755371094,8467465
2019-12-24,263.70001220703125,267.79998779296875,262.95001220703125,266.75,248.4392547607422,5683009
2019-12-26,267.0,272.0,266.70001220703125,269.1499938964844,250.67446899414062,11054938
2019-12-27,270.1000061035156,271.29998779296875,265.1000061035156,268.8999938964844,250.441650390625,7560504
2019-12-30,269.5,273.5,266.6000061035156,271.1000061035156,252.4906463623047,6645670
2019-12-31,270.0,273.0,268.1499938964844,270.04998779296875,251.5126953125,5377354
2020-01-01,270.70001220703125,273.5,265.8500061035156,268.1000061035156,249.69659423828125,6952048
2020-01-02,272.0,277.0,271.54998779296875,276.45001220703125,257.4734191894531,10780926
2020-01-03,276.45001220703125,276.45001220703125,270.75,272.45001220703125,253.74798583984375,5943349
2020-01-06,270.5,270.75,262.29998779296875,264.25,246.11090087890625,4529599
2020-01-07,266.1499938964844,270.1499938964844,263.1000061035156,265.25,247.04220581054688,4465297
2020-01-08,261.3999938964844,264.5,257.0,262.5,244.48098754882812,8088132
2020-01-09,267.70001220703125,279.20001220703125,267.70001220703125,278.1000061035156,259.0101013183594,13317832
2020-01-10,278.0,280.0,275.0,277.8999938964844,258.8238525390625,7625227
2020-01-13,278.04998779296875,279.8999938964844,275.3999938964844,278.6000061035156,259.4757995605469,4540953
2020-01-14,278.0,284.0,278.0,280.8999938964844,261.6179504394531,7428691
2020-01-15,279.8500061035156,283.3999938964844,276.25,282.5,263.1081237792969,5538475
2020-01-16,282.5,282.8500061035156,276.1499938964844,277.45001220703125,258.40478515625,4791447
2020-01-17,276.79998779296875,279.54998779296875,272.8500061035156,273.3500061035156,254.58621215820312,4733742
2020-01-20,273.5,275.0,268.6499938964844,271.3500061035156,252.72348022460938,3823115
2020-01-21,270.0,270.8999938964844,264.3500061035156,267.25,248.90489196777344,4799667
2020-01-22,268.29998779296875,269.29998779296875,264.75,265.8500061035156,247.6010284423828,3334351
2020-01-23,266.0,268.95001220703125,264.1000061035156,266.6499938964844,248.34609985351562,3529142
2020-01-24,266.70001220703125,273.8999938964844,265.29998779296875,271.8999938964844,253.23573303222656,5991335
2020-01-27,265.45001220703125,265.8999938964844,258.29998779296875,262.79998779296875,244.76039123535156,17151836
2020-01-28,260.79998779296875,261.75,251.60000610351562,255.25,237.72865295410156,11168567
2020-01-29,259.0,264.6000061035156,258.29998779296875,261.25,243.31678771972656,7832991
2020-01-30,261.29998779296875,262.1000061035156,255.25,256.95001220703125,239.3119659423828,5511254
2020-01-31,258.1499938964844,259.0,249.10000610351562,250.6999969482422,233.49098205566406,6329214
2020-02-03,245.5,253.0,243.75,251.5,234.23606872558594,7021154
2020-02-04,253.25,259.70001220703125,248.6999969482422,258.3500061035156,240.61587524414062,5839343
2020-02-05,259.5,271.6499938964844,256.3500061035156,269.25,250.76763916015625,7218905
2020-02-06,271.1000061035156,277.5,267.75,276.45001220703125,257.4734191894531,8567243
2020-02-07,275.3999938964844,280.0,272.75,279.29998779296875,260.1277770996094,5258442
2020-02-10,276.0,279.79998779296875,273.20001220703125,277.8999938964844,258.8238525390625,4972983
2020-02-11,280.04998779296875,293.5,278.6000061035156,288.75,268.9291076660156,10958494
2020-02-12,288.6499938964844,295.3999938964844,288.5,293.70001220703125,273.539306640625,9119052
2020-02-13,292.20001220703125,294.6000061035156,288.3999938964844,293.3500061035156,273.21337890625,6220243
2020-02-14,291.6000061035156,296.75,288.29998779296875,289.1499938964844,269.3016052246094,6086218
2020-02-17,289.1499938964844,290.8999938964844,285.29998779296875,288.1499938964844,268.37030029296875,6084235
2020-02-18,289.0,289.1499938964844,281.1000061035156,284.79998779296875,265.250244140625,5463097
2020-02-19,287.20001220703125,290.0,279.8999938964844,280.8500061035156,261.57135009765625,4952306
2020-02-20,280.70001220703125,285.8500061035156,277.0,281.79998779296875,262.45611572265625,6960354
2020-02-24,277.95001220703125,277.95001220703125,256.0,258.95001220703125,241.17466735839844,10565578
2020-02-25,264.0,266.79998779296875,258.3999938964844,262.6000061035156,244.57412719726562,9928181
2020-02-26,256.0,263.70001220703125,255.5500030517578,260.79998779296875,242.89767456054688,8111249
2020-02-27,259.0,259.0,248.3000030517578,252.10000610351562,234.79489135742188,10258174
2020-02-28,245.5,245.5,232.64999389648438,235.6999969482422,219.5206298828125,10723581
2020-03-02,242.1999969482422,246.5,230.85000610351562,235.0,218.86871337890625,10865535
2020-03-03,239.25,249.10000610351562,238.64999389648438,246.4499969482422,229.53271484375,11580274
2020-03-04,246.5500030517578,248.8000030517578,236.85000610351562,245.60000610351562,228.74107360839844,10790561
2020-03-05,248.6999969482422,252.75,244.35000610351562,247.14999389648438,230.18466186523438,7130730
2020-03-06,235.0,240.0,228.1999969482422,238.8000030517578,222.40785217285156,6850161
2020-03-09,229.0500030517578,231.64999389648438,225.10000610351562,229.0500030517578,213.32711791992188,7888019
2020-03-11,227.0,228.5,220.10000610351562,223.5,208.15809631347656,10073347
2020-03-12,210.0,214.3000030517578,199.0500030517578,203.1999969482422,189.25155639648438,14115039
2020-03-13,188.0,217.9499969482422,175.1999969482422,214.89999389648438,200.14842224121094,12883941
2020-03-16,202.0,207.14999389648438,181.5500030517578,186.0,173.23223876953125,15167108
2020-03-17,188.89999389648438,193.5,175.14999389648438,176.4499969482422,164.33778381347656,14096871
2020-03-18,180.0500030517578,181.14999389648438,156.4499969482422,164.35000610351562,153.06838989257812,18951014
2020-03-19,157.8000030517578,168.6999969482422,151.6999969482422,163.3000030517578,152.0904541015625,12583063
2020-03-20,167.0,179.10000610351562,164.64999389648438,175.75,163.68585205078125,7449415
2020-03-23,158.1999969482422,164.25,136.10000610351562,144.39999389648438,134.48780822753906,7422941
2020-03-24,149.25,155.0,140.35000610351562,147.10000610351562,137.0024871826172,6487043
2020-03-25,145.0,156.0,142.5500030517578,151.8000030517578,141.37986755371094,4384700
2020-03-26,151.0,157.4499969482422,144.5,149.8000030517578,139.5171356201172,8021131
2020-03-27,152.10000610351562,156.4499969482422,146.1999969482422,151.4499969482422,141.0538787841797,6108830
2020-03-30,148.4499969482422,148.4499969482422,136.5,142.39999389648438,132.6251220703125,11851157
2020-03-31,145.9499969482422,152.39999389648438,144.5,146.25,136.21083068847656,9965197
2020-04-01,145.9499969482422,145.9499969482422,139.0500030517578,143.0,133.18392944335938,5967565
2020-04-03,143.25,148.14999389648438,132.5,140.6999969482422,131.04180908203125,18559602
2020-04-07,148.0500030517578,159.85000610351562,145.4499969482422,158.10000610351562,147.2473907470703,16440328
2020-04-08,155.0,170.75,152.14999389648438,154.60000610351562,143.9876708984375,15245833
2020-04-09,159.0,170.0,158.0,166.3000030517578,154.884521484375,15243084
2020-04-13,167.5,172.39999389648438,161.14999389648438,167.64999389648438,156.141845703125,11554655
2020-04-15,170.0,174.9499969482422,165.85000610351562,171.39999389648438,159.63442993164062,17616485
2020-04-16,169.3000030517578,174.60000610351562,167.39999389648438,170.64999389648438,158.93592834472656,10428942
2020-04-17,175.0,179.85000610351562,170.35000610351562,177.3000030517578,165.12945556640625,10104852
2020-04-20,183.0,183.0,166.10000610351562,167.5,156.00213623046875,12629035
2020-04-21,164.0,164.39999389648438,156.8000030517578,159.60000610351562,148.64443969726562,10887919
2020-04-22,158.0,163.0,155.5,161.1999969482422,150.13461303710938,7765209
2020-04-23,162.39999389648438,166.3000030517578,158.6999969482422,159.9499969482422,148.9704132080078,7114946
2020-04-24,157.5,159.5,152.60000610351562,153.25,142.73033142089844,8447036
2020-04-27,156.0,160.64999389648438,155.0,157.3000030517578,146.50233459472656,9745004
2020-04-28,159.39999389648438,160.3000030517578,157.0,159.39999389648438,148.4581756591797,8025743
2020-04-29,160.8000030517578,166.39999389648438,159.0,164.10000610351562,152.83554077148438,11842945
2020-04-30,168.60000610351562,188.6999969482422,167.5,180.64999389648438,168.24949645996094,16023589
2020-05-04,170.9499969482422,170.9499969482422,162.35000610351562,163.5500030517578,152.32330322265625,10646028
2020-05-05,167.5,171.64999389648438,162.8000030517578,163.89999389648438,152.64927673339844,12995347
2020-05-06,165.5,169.3000030517578,163.14999389648438,165.8000030517578,154.41885375976562,8720744
2020-05-07,164.1999969482422,174.0,162.5,172.1999969482422,160.37954711914062,11944061
2020-05-08,175.5500030517578,176.60000610351562,167.5,168.64999389648438,157.0731964111328,9045606
2020-05-11,170.0,176.39999389648438,168.75,174.5500030517578,162.56822204589844,9199262
2020-05-12,172.0,179.60000610351562,167.0500030517578,178.1999969482422,165.9676513671875,11889850
2020-05-13,189.0,189.0,180.60000610351562,182.35000610351562,169.83277893066406,10377139
2020-05-14,179.0,180.39999389648438,174.1999969482422,175.1999969482422,163.173583984375,5808584
2020-05-15,176.89999389648438,179.39999389648438,173.25,174.3000030517578,162.33535766601562,11548870
2020-05-18,175.8000030517578,176.1999969482422,162.10000610351562,163.25,152.0438995361328,8130435
2020-05-19,167.0,172.9499969482422,165.89999389648438,169.3000030517578,157.67860412597656,11001274
2020-05-20,169.3000030517578,173.0,168.3000030517578,171.0500030517578,159.3084716796875,10091863
2020-05-21,172.0,174.85000610351562,168.9499969482422,169.89999389648438,158.23741149902344,11065823
2020-05-22,168.39999389648438,169.5,163.5,166.14999389648438,154.7448272705078,10228048
2020-05-26,168.0,178.25,168.0,176.25,164.15151977539062,30383793
2020-05-27,176.0500030517578,189.0,174.14999389648438,184.8000030517578,172.1146240234375,20403834
2020-05-28,186.1999969482422,188.75,183.1999969482422,184.14999389648438,171.50921630859375,14270125
2020-05-29,181.0,185.4499969482422,180.0500030517578,184.1999969482422,171.55580139160156,13458899
2020-06-01,188.0,199.39999389648438,187.14999389648438,193.9499969482422,180.63653564453125,17324578
2020-06-02,195.0,197.75,190.35000610351562,192.14999389648438,178.9600830078125,14155546
2020-06-03,195.0,197.8000030517578,191.5500030517578,192.6999969482422,179.4723358154297,11567639
2020-06-04,193.0,195.1999969482422,189.8000030517578,192.0,178.82037353515625,10238285
2020-06-05,195.9499969482422,202.39999389648438,194.0500030517578,197.0500030517578,183.5237274169922,26006736
2020-06-08,202.0,202.0,192.25,194.9499969482422,181.56787109375,13522911
2020-06-09,195.9499969482422,198.89999389648438,188.60000610351562,190.0500030517578,177.00424194335938,8055268
2020-06-10,188.0,191.89999389648438,184.5500030517578,190.9499969482422,177.84246826171875,11823033
2020-06-11,188.0,190.85000610351562,183.5500030517578,184.64999389648438,171.9748992919922,6481994
2020-06-12,177.0,190.1999969482422,175.4499969482422,188.9499969482422,175.97972106933594,9000558
2020-06-15,185.9499969482422,186.4499969482422,179.9499969482422,183.75,171.13668823242188,12059372
2020-06-16,189.0,195.9499969482422,185.75,190.0500030517578,177.00424194335938,23464025
2020-06-17,188.75,194.4499969482422,185.8000030517578,191.85000610351562,178.68069458007812,11912711
2020-06-18,189.0,194.0500030517578,188.0,193.39999389648438,180.124267578125,8868746
2020-06-19,195.10000610351562,197.35000610351562,192.6999969482422,194.3000030517578,180.96250915527344,18204886
2020-06-22,194.89999389648438,199.89999389648438,193.0,197.9499969482422,184.3619384765625,11091702
2020-06-23,198.10000610351562,203.89999389648438,198.10000610351562,201.64999389648438,187.80796813964844,14850064
2020-06-24,206.9499969482422,207.75,192.35000610351562,193.89999389648438,180.58993530273438,19739136
2020-06-25,192.14999389648438,197.35000610351562,191.0,193.5500030517578,180.26397705078125,9502767
2020-06-26,195.64999389648438,197.5,191.5500030517578,192.64999389648438,179.42575073242188,6960491
2020-06-29,192.5,192.9499969482422,185.64999389648438,190.6999969482422,177.60960388183594,7560301
2020-06-30,191.14999389648438,195.60000610351562,187.8000030517578,189.35000610351562,176.35227966308594,11450934
2020-07-01,190.3000030517578,193.0500030517578,188.5500030517578,191.4499969482422,178.30812072753906,8343254
2020-07-02,192.35000610351562,195.0,190.0500030517578,194.4499969482422,181.1021728515625,9164240
2020-07-03,195.6999969482422,196.5,190.5,190.9499969482422,177.84246826171875,6610649
2020-07-06,192.14999389648438,195.25,190.5,193.75,182.3602752685547,10803795
2020-07-07,194.6999969482422,194.75,190.25,190.85000610351562,179.63076782226562,6564431
2020-07-08,191.0,202.0,191.0,195.35000610351562,183.86622619628906,22609621
2020-07-09,196.35000610351562,202.75,196.10000610351562,197.4499969482422,185.8427734375,14801828
2020-07-10,196.0,196.0,191.0,193.3000030517578,181.9367218017578,10893405
2020-07-13,195.39999389648438,199.8000030517578,195.25,198.39999389648438,186.73692321777344,11050735
2020-07-14,198.0,198.39999389648438,191.64999389648438,194.0500030517578,182.6426544189453,7233291
2020-07-15,196.0,199.85000610351562,193.39999389648438,194.89999389648438,183.4426727294922,9389574
2020-07-16,194.0,201.89999389648438,192.60000610351562,201.14999389648438,189.3252716064453,13647306
2020-07-17,203.1999969482422,211.8000030517578,202.64999389648438,206.75,194.5960693359375,23873501
2020-07-20,207.5,208.85000610351562,204.0,206.8000030517578,194.64312744140625,6380397
2020-07-21,208.0,210.75,204.14999389648438,209.9499969482422,197.60797119140625,5672048
2020-07-22,211.0,214.0,204.10000610351562,207.0,194.83139038085938,9323617
2020-07-23,206.89999389648438,210.5,205.4499969482422,209.35000610351562,197.04322814941406,5251159
2020-07-24,206.0,211.60000610351562,203.25,205.0,192.9489288330078,8215298
2020-07-27,202.0500030517578,208.5,200.10000610351562,206.9499969482422,194.78431701660156,10548105
2020-07-28,208.10000610351562,215.75,207.4499969482422,214.89999389648438,202.26695251464844,9785198
2020-07-29,214.0500030517578,220.9499969482422,213.85000610351562,217.5500030517578,204.76119995117188,11276308
2020-07-30,218.64999389648438,221.9499969482422,213.14999389648438,214.35000610351562,201.7493133544922,6483799
2020-07-31,214.5,221.25,213.3000030517578,220.25,207.30245971679688,7306693
2020-08-03,221.0,225.4499969482422,218.64999389648438,220.5500030517578,207.5848388671875,9867115
2020-08-04,221.5500030517578,229.25,219.14999389648438,228.10000610351562,214.69102478027344,9878205
2020-08-05,228.5,236.1999969482422,228.14999389648438,235.14999389648438,221.32655334472656,11076862
2020-08-06,235.0,239.9499969482422,232.5,239.5,225.4208526611328,10772820
2020-08-07,236.8000030517578,241.0,235.8000030517578,240.1999969482422,226.07968139648438,6794779
2020-08-10,241.0,246.35000610351562,238.5500030517578,245.1999969482422,230.7857666015625,6482352
2020-08-11,246.5,255.5,246.3000030517578,253.75,238.8331298828125,15124909
2020-08-12,252.0,257.8999938964844,249.0500030517578,256.79998779296875,241.703857421875,8055616
2020-08-13,258.1000061035156,264.0,255.85000610351562,258.6000061035156,243.39804077148438,14516418
2020-08-14,259.0,267.29998779296875,257.54998779296875,265.3500061035156,249.75123596191406,13200307
2020-08-17,266.8999938964844,271.25,263.20001220703125,269.6000061035156,253.75140380859375,10757867
2020-08-18,270.6000061035156,279.20001220703125,267.3500061035156,277.1499938964844,260.85760498046875,10683706
2020-08-19,278.0,279.8999938964844,274.20001220703125,278.54998779296875,262.1752624511719,10287307
2020-08-20,273.0,284.5,271.1499938964844,282.6499938964844,266.03424072265625,11325005
2020-08-21,284.3500061035156,288.0,280.3500061035156,281.8999938964844,265.3283386230469,10884179
2020-08-24,284.1499938964844,287.25,282.6000061035156,285.75,268.9520263671875,9488675
2020-08-25,286.54998779296875,287.25,280.1499938964844,284.8999938964844,268.1519470214844,7787006
2020-08-26,285.5,286.8500061035156,283.1499938964844,286.20001220703125,269.3756103515625,5278655
2020-08-27,285.3500061035156,290.75,283.79998779296875,289.29998779296875,272.2933044433594,5931448
2020-08-28,285.5,289.75,280.04998779296875,280.70001220703125,264.19891357421875,11914490
2020-08-31,281.0,281.75,268.45001220703125,269.79998779296875,253.9396209716797,19774736
2020-09-01,269.79998779296875,288.5,269.04998779296875,286.79998779296875,269.9402770996094,13679100
2020-09-02,288.5,294.0,285.04998779296875,293.0,275.77581787109375,11710724
2020-09-03,293.0,295.8500061035156,290.8500061035156,293.3999938964844,276.15228271484375,6425365
2020-09-04,286.04998779296875,291.25,280.54998779296875,282.3500061035156,265.7518615722656,8443061
2020-09-07,281.0,287.75,278.8500061035156,286.5,269.65789794921875,8634438
2020-09-08,286.0,288.3999938964844,278.3999938964844,281.1499938964844,264.6224365234375,7609074
2020-09-09,273.20001220703125,288.5,272.45001220703125,286.8500061035156,269.98736572265625,14099249
2020-09-10,289.3500061035156,290.25,278.45001220703125,285.3500061035156,268.5755310058594,9369826
2020-09-11,283.95001220703125,289.0,282.70001220703125,287.79998779296875,270.8815002441406,6485991
2020-09-14,287.1000061035156,293.95001220703125,285.6000061035156,289.8500061035156,272.81097412109375,7275752
2020-09-15,290.95001220703125,294.54998779296875,288.75,289.6000061035156,272.5756530761719,6682215
2020-09-16,289.0,291.70001220703125,286.29998779296875,288.6499938964844,271.6815185546875,6090447
2020-09-17,286.0,288.79998779296875,283.1499938964844,286.8500061035156,269.98736572265625,5287608
2020-09-18,285.29998779296875,293.54998779296875,284.45001220703125,287.70001220703125,270.7873840332031,9911089
2020-09-21,289.3999938964844,290.29998779296875,270.04998779296875,271.29998779296875,255.35147094726562,7522304
2020-09-22,269.29998779296875,275.1499938964844,262.70001220703125,271.8999938964844,255.91616821289062,13246982
2020-09-23,274.8999938964844,274.8999938964844,263.6499938964844,268.20001220703125,252.43370056152344,8444261
2020-09-24,263.04998779296875,264.95001220703125,257.54998779296875,258.54998779296875,243.3509521484375,7984730
2020-09-25,261.1000061035156,270.45001220703125,258.79998779296875,268.3500061035156,252.5748748779297,6842615
2020-09-28,270.95001220703125,278.79998779296875,269.1499938964844,277.0,260.71636962890625,5470078
2020-09-29,277.0,286.79998779296875,276.04998779296875,284.1000061035156,267.39898681640625,11242724
2020-09-30,283.20001220703125,284.95001220703125,275.0,277.75,261.4222717285156,6288603
2020-10-01,281.45001220703125,286.6499938964844,278.25,282.04998779296875,265.469482421875,4873599
2020-10-05,284.29998779296875,292.0,282.45001220703125,290.1000061035156,273.0462951660156,9269669
2020-10-06,292.75,295.0,286.70001220703125,291.3500061035156,274.2228088378906,9592838
2020-10-07,290.0,293.79998779296875,287.20001220703125,291.45001220703125,274.31695556640625,8126575
2020-10-08,291.5,298.3999938964844,287.6499938964844,292.95001220703125,275.728759765625,11623030
2020-10-09,293.1499938964844,298.3500061035156,291.04998779296875,292.0,274.8346252441406,7301282
2020-10-12,294.8999938964844,294.8999938964844,279.3500061035156,285.1499938964844,268.38726806640625,10299648
2020-10-13,285.0,291.1000061035156,283.95001220703125,289.95001220703125,272.9051208496094,7541780
2020-10-14,289.25,292.0,285.5,290.6499938964844,273.56396484375,6525761
2020-10-15,291.79998779296875,297.70001220703125,289.20001220703125,291.54998779296875,274.4110107421875,10663375
2020-10-16,291.5,312.45001220703125,290.75,311.04998779296875,292.76470947265625,19877383
2020-10-19,314.20001220703125,318.1000061035156,307.70001220703125,313.5,295.0706787109375,18884145
2020-10-20,310.0,319.79998779296875,308.6000061035156,318.70001220703125,299.9649963378906,10739805
2020-10-21,320.75,324.29998779296875,314.75,322.95001220703125,303.96514892578125,11914326
2020-10-22,322.0,327.04998779296875,319.5,325.5,306.36529541015625,8493745
2020-10-23,326.0,327.29998779296875,319.8999938964844,321.25,302.3651123046875,7402260
2020-10-26,314.0,315.79998779296875,304.3500061035156,308.29998779296875,290.1763916015625,15424754
2020-10-27,308.3500061035156,312.45001220703125,303.1499938964844,308.95001220703125,290.7881774902344,7123843
2020-10-28,309.04998779296875,315.1499938964844,304.0,305.8500061035156,287.87042236328125,8888276
2020-10-29,302.79998779296875,308.54998779296875,299.6000061035156,306.79998779296875,288.76458740234375,6945269
2020-10-30,306.5,312.8999938964844,304.0,309.0,290.8352355957031,7786860
2020-11-02,311.45001220703125,312.0,306.54998779296875,309.3500061035156,291.1647033691406,7660136
2020-11-03,311.8999938964844,316.1000061035156,311.0,314.75,296.2472229003906,5951181
2020-11-04,314.75,318.70001220703125,311.75,317.8500061035156,299.1650085449219,7627927
2020-11-05,322.20001220703125,328.8999938964844,317.70001220703125,327.70001220703125,308.4359436035156,6640466
2020-11-06,326.8500061035156,330.6499938964844,322.29998779296875,326.45001220703125,307.25946044921875,6994007
2020-11-09,330.0,334.20001220703125,326.25,333.1000061035156,313.5185241699219,6297158
2020-11-10,333.0,337.6499938964844,330.3500061035156,334.79998779296875,315.1185607910156,6004813
2020-11-11,336.0,344.75,332.0,342.75,322.6012268066406,9211868
2020-11-12,343.75,344.3999938964844,335.0,338.0,318.1304626464844,5061012
2020-11-13,337.04998779296875,344.25,334.25,343.20001220703125,323.0247802734375,5043441
2020-11-14,344.1000061035156,344.95001220703125,340.1000061035156,341.95001220703125,321.8482666015625,975283
2020-11-17,343.8999938964844,350.5,339.6000061035156,340.95001220703125,320.9070739746094,7389747
2020-11-18,338.95001220703125,346.0,338.3500061035156,342.6000061035156,322.4600524902344,4844406
2020-11-19,339.8999938964844,346.3500061035156,329.1499938964844,331.20001220703125,311.730224609375,7370265
2020-11-20,332.0,339.0,329.29998779296875,336.1499938964844,316.3891906738281,5918276
2020-11-23,338.25,342.29998779296875,336.0,337.75,317.8951416015625,4559744
2020-11-24,338.8999938964844,342.25,334.1000061035156,340.8500061035156,320.81292724609375,5014303
2020-11-25,343.5,345.8999938964844,337.0,338.25,318.3657531738281,6195795
2020-11-26,338.5,362.20001220703125,336.0,359.20001220703125,338.0841979980469,10967276
2020-11-27,361.29998779296875,362.0,347.6499938964844,350.20001220703125,329.61322021484375,14338746
2020-12-01,354.5,359.0,351.8500061035156,358.1499938964844,337.095947265625,6475456
2020-12-02,357.0,370.75,356.04998779296875,368.3999938964844,346.7433776855469,11048627
2020-12-03,370.0,374.29998779296875,367.70001220703125,370.8500061035156,349.0493469238281,7385497
2020-12-04,373.0,376.20001220703125,363.20001220703125,370.3999938964844,348.6258239746094,7570516
2020-12-07,370.79998779296875,373.20001220703125,362.29998779296875,365.0,343.543212890625,6085158
2020-12-08,366.5,367.20001220703125,357.54998779296875,362.6499938964844,341.3313903808594,5311652
2020-12-09,368.0,368.25,359.1000061035156,361.8500061035156,340.57843017578125,6923848
2020-12-10,362.0,366.45001220703125,356.29998779296875,362.29998779296875,341.0019226074219,6429901
2020-12-11,363.6000061035156,366.70001220703125,357.6000061035156,359.6499938964844,338.5077209472656,4518654
2020-12-14,363.95001220703125,364.8999938964844,356.29998779296875,357.5,336.4841613769531,4927085
2020-12-15,358.0,367.0,353.5,365.8999938964844,344.3902893066406,5978528
2020-12-16,370.0,372.5,364.5,370.6000061035156,348.8140563964844,7762252
2020-12-17,369.95001220703125,373.3500061035156,364.04998779296875,366.20001220703125,344.6727294921875,4501529
2020-12-18,368.29998779296875,368.95001220703125,357.70001220703125,364.20001220703125,342.7903137207031,5666541
2020-12-21,361.6000061035156,368.3999938964844,344.0,353.5,332.7192687988281,7345501
2020-12-22,353.75,364.0,346.1499938964844,361.95001220703125,340.67254638671875,7273802
2020-12-23,361.0,367.70001220703125,357.75,366.8500061035156,345.28448486328125,4499725
2020-12-24,367.8999938964844,378.95001220703125,365.0,366.25,344.7197570800781,8104991
2020-12-28,369.70001220703125,389.0,368.79998779296875,386.6000061035156,363.8734436035156,11720459
2020-12-29,389.6499938964844,389.6499938964844,378.1000061035156,381.79998779296875,359.35565185546875,8144640
2020-12-30,382.79998779296875,387.8999938964844,378.6499938964844,386.1000061035156,363.4028625488281,4637174
2020-12-31,385.8999938964844,393.8999938964844,383.0,387.20001220703125,364.4382019042969,7375061
2021-01-01,387.25,391.5,384.6000061035156,389.70001220703125,366.791259765625,4461761
2021-01-04,392.0,405.1000061035156,391.1000061035156,403.1000061035156,379.4035339355469,8872723
2021-01-05,400.0,401.0,391.6000061035156,395.25,372.0150146484375,6190435
2021-01-06,397.20001220703125,407.3500061035156,395.75,401.70001220703125,378.0858154296875,7910567
2021-01-07,404.0,413.1000061035156,403.1499938964844,405.3999938964844,381.5682678222656,10231006
2021-01-08,410.29998779296875,410.45001220703125,398.5,402.8500061035156,379.168212890625,7559664
2021-01-11,402.8500061035156,404.95001220703125,392.6499938964844,399.04998779296875,375.59161376953125,4822618
2021-01-12,398.95001220703125,412.95001220703125,397.04998779296875,399.54998779296875,376.062255859375,6708618
2021-01-13,401.54998779296875,407.3999938964844,394.1499938964844,402.95001220703125,379.2623291015625,6885599
2021-01-14,404.3500061035156,405.6499938964844,394.0,396.3999938964844,373.0973815917969,4886430
2021-01-15,398.0,402.54998779296875,391.20001220703125,394.20001220703125,371.0267333984375,7329969
2021-01-18,393.5,394.0,375.5,383.1000061035156,360.5792236328125,10605461
2021-01-19,386.20001220703125,397.75,381.6000061035156,395.3999938964844,372.1561279296875,5842513
2021-01-20,395.0,402.8999938964844,393.45001220703125,400.8999938964844,377.3328552246094,5604951
2021-01-21,402.5,405.0,388.95001220703125,393.29998779296875,370.17962646484375,7085945
2021-01-22,396.0,397.45001220703125,372.20001220703125,375.3999938964844,353.33184814453125,8779405
2021-01-25,388.0,394.95001220703125,371.45001220703125,382.45001220703125,359.96746826171875,17874949
2021-01-27,380.6000061035156,382.0,371.54998779296875,376.25,354.1319274902344,8576326
2021-01-28,371.0,380.8500061035156,369.6000061035156,376.29998779296875,354.178955078125,6969457
2021-01-29,382.04998779296875,382.54998779296875,363.20001220703125,366.8500061035156,345.28448486328125,7981367
2021-02-01,366.5,384.3999938964844,363.6499938964844,380.8500061035156,358.4615173339844,6141212
2021-02-02,384.6499938964844,391.70001220703125,376.70001220703125,389.0,366.1324157714844,7450391
2021-02-03,386.20001220703125,398.45001220703125,384.70001220703125,392.8999938964844,369.80316162109375,6063017
2021-02-04,392.8999938964844,402.0,390.45001220703125,400.29998779296875,376.76806640625,6283280
2021-02-05,403.0,406.6000061035156,389.1499938964844,402.20001220703125,378.55645751953125,9008833
2021-02-08,404.54998779296875,419.25,401.20001220703125,417.6499938964844,393.0981750488281,9008722
2021-02-09,417.0,420.0,401.8500061035156,406.45001220703125,382.5566101074219,7961747
2021-02-10,410.0,413.95001220703125,400.0,410.75,386.6037902832031,8008124
2021-02-11,408.20001220703125,415.5,404.95001220703125,408.8500061035156,384.8154602050781,3598146
2021-02-12,407.8500061035156,410.8999938964844,402.6000061035156,403.79998779296875,380.0623779296875,4667663
2021-02-15,405.1000061035156,407.8500061035156,401.0,403.70001220703125,379.9682312011719,4678133
2021-02-16,403.70001220703125,421.8999938964844,403.70001220703125,407.6499938964844,383.68603515625,10594928
2021-02-17,406.3500061035156,411.0,401.0,408.70001220703125,384.67431640625,5486323
2021-02-18,410.0,414.75,406.0,407.6499938964844,383.68603515625,5889983
2021-02-19,408.1000061035156,408.3999938964844,390.95001220703125,395.6499938964844,372.3914489746094,4527644
2021-02-22,396.1499938964844,413.8500061035156,396.1499938964844,406.1000061035156,382.2271728515625,9371697
2021-02-23,410.0,416.20001220703125,406.1000061035156,412.6000061035156,388.3450927734375,8127742
2021-02-24,415.0,426.6000061035156,400.0,408.1000061035156,384.109619140625,10570509
2021-02-25,411.0,425.0,410.0,421.75,396.9571533203125,9051315
2021-02-26,412.04998779296875,421.29998779296875,392.04998779296875,395.45001220703125,372.2032775878906,11433748
2021-03-01,402.6000061035156,408.45001220703125,393.3500061035156,405.1000061035156,381.28594970703125,5834233
2021-03-02,406.79998779296875,414.95001220703125,401.0,413.29998779296875,389.00390625,5055665
2021-03-03,415.29998779296875,435.0,415.29998779296875,428.1499938964844,402.9809265136719,11903775
2021-03-04,415.1000061035156,421.3999938964844,411.04998779296875,414.1000061035156,389.7568359375,8655068
2021-03-05,414.1000061035156,414.1000061035156,402.5,406.3999938964844,382.509521484375,7045618
2021-03-08,411.95001220703125,415.5,406.5,407.8500061035156,383.87432861328125,4176709
2021-03-09,412.0,414.75,396.79998779296875,401.6000061035156,377.9917297363281,5477847
2021-03-10,406.54998779296875,415.29998779296875,403.5,414.0,389.66278076171875,6536253
2021-03-12,418.1499938964844,428.45001220703125,414.0,418.75,394.133544921875,13448994
2021-03-15,422.8999938964844,431.75,414.8999938964844,429.6499938964844,404.3927307128906,10146579
2021-03-16,433.95001220703125,433.95001220703125,419.3500061035156,425.95001220703125,400.9102783203125,8103798
2021-03-17,425.95001220703125,425.95001220703125,417.5,422.5,397.6630859375,4738590
2021-03-18,427.0,432.6499938964844,420.1000061035156,423.1499938964844,398.27490234375,6837030
2021-03-19,420.1000061035156,446.29998779296875,410.0,440.54998779296875,414.6519775390625,11116495
2021-03-22,441.0,449.0,436.79998779296875,445.29998779296875,419.12274169921875,7010923
2021-03-23,445.0,447.25,439.5,441.79998779296875,415.8285217285156,5066287
2021-03-24,437.0,443.1499938964844,431.6000061035156,437.3500061035156,411.64007568359375,7803892
2021-03-25,437.04998779296875,442.20001220703125,428.5,438.0,412.2519226074219,10870751
2021-03-26,443.6000061035156,452.25,436.20001220703125,445.20001220703125,419.02862548828125,12165673
2021-03-30,455.0,470.20001220703125,452.20001220703125,467.45001220703125,439.9706726074219,17646211
2021-03-31,467.3500061035156,473.79998779296875,461.29998779296875,468.45001220703125,440.9118957519531,7635784
2021-04-01,470.54998779296875,512.9500122070312,470.0,508.75,478.8428039550781,35736230
2021-04-05,513.5,522.0,503.20001220703125,517.5,487.0784606933594,29711225
2021-04-06,523.0,541.2999877929688,520.6500244140625,537.4500122070312,505.8557434082031,26533367
2021-04-07,539.25,566.4500122070312,533.2000122070312,562.2999877929688,529.244873046875,20024702
2021-04-08,572.0,639.0,563.25,614.0999755859375,577.999755859375,72006147
2021-04-09,618.0,630.8499755859375,598.0,621.0,584.494140625,51062079
2021-04-12,609.0,621.75,597.4000244140625,604.1500244140625,568.6347045898438,27047004
2021-04-13,607.0,632.7999877929688,604.0,630.3499755859375,593.29443359375,26091257
2021-04-15,638.0,644.0,616.0,629.0999755859375,592.117919921875,24006650
2021-04-16,631.9000244140625,635.9000244140625,616.9500122070312,619.4000244140625,582.98828125,14389029
2021-04-19,600.0,625.5,595.0999755859375,615.7999877929688,579.5997314453125,17044636
2021-04-20,622.7999877929688,630.0,613.4000244140625,620.5999755859375,584.1176147460938,13626064
2021-04-22,615.7000122070312,651.0,611.5999755859375,640.75,603.0831298828125,22859059
2021-04-23,641.0,652.7999877929688,625.8499755859375,635.4000244140625,598.047607421875,17931094
2021-04-26,642.0,660.7000122070312,638.25,655.7999877929688,617.2483520507812,16506538
2021-04-27,660.6500244140625,670.3499755859375,658.0,665.9000244140625,626.754638671875,15799458
2021-04-28,669.75,676.0,650.6500244140625,662.6500244140625,623.69580078125,15558949
2021-04-29,672.0,728.9000244140625,668.0499877929688,726.5,683.792236328125,56816962
2021-04-30,719.5999755859375,740.0,711.4500122070312,717.8499755859375,675.6506958007812,36449711
2021-05-03,714.0,730.0,710.5999755859375,723.25,680.7332153320312,16906171
2021-05-04,727.9500122070312,737.5,711.25,715.4000244140625,673.3448486328125,13790054
2021-05-05,723.0,733.0,713.0999755859375,717.7000122070312,675.509521484375,12284261
2021-05-06,721.2999877929688,742.0,718.0,729.7999877929688,686.898193359375,18365325
2021-05-07,738.0,766.7000122070312,736.75,756.9500122070312,712.4522094726562,26586556
2021-05-10,765.9000244140625,773.0,756.0499877929688,758.6500244140625,714.0523071289062,15105182
2021-05-11,741.0,754.7999877929688,730.5499877929688,734.25,691.086669921875,16277517
2021-05-12,740.0,741.9000244140625,700.0,707.9000244140625,666.2857055664062,14410802
2021-05-14,709.9500122070312,721.5,679.0499877929688,707.0999755859375,665.5326538085938,26344309
2021-05-17,707.9000244140625,722.4000244140625,694.0499877929688,714.4000244140625,672.4036254882812,12706884
2021-05-18,723.8499755859375,731.0999755859375,711.8499755859375,717.4500122070312,675.2742919921875,9477286
2021-05-19,713.0499877929688,720.3499755859375,704.0999755859375,705.8499755859375,664.3561401367188,6562006
2021-05-20,698.0,703.4000244140625,683.2000122070312,694.5,653.67333984375,10104850
2021-05-21,701.3499755859375,705.9000244140625,695.0,698.2000122070312,657.1559448242188,7340528
2021-05-24,697.0,697.0,671.9000244140625,681.4500122070312,641.3905639648438,22332409
2021-05-25,689.0,714.5,688.0499877929688,700.7999877929688,659.60302734375,22058890
2021-05-26,686.2999877929688,691.0,673.5499877929688,682.2000122070312,642.096435546875,18721303
2021-05-27,684.9000244140625,694.3499755859375,678.0,681.8499755859375,641.7670288085938,15110958
2021-05-28,697.7999877929688,708.7999877929688,686.2000122070312,689.7999877929688,649.2496948242188,12698590
2021-05-31,694.0,714.2000122070312,685.9500122070312,710.9000244140625,669.109375,11685565
2021-06-01,716.5,716.9500122070312,687.5,694.5,653.67333984375,14156453
2021-06-02,697.0,709.0499877929688,696.5499877929688,706.0499877929688,664.54443359375,9653111
2021-06-03,710.0,720.8499755859375,703.0499877929688,714.0999755859375,672.1211547851562,8329454
2021-06-04,708.0499877929688,726.0,703.0499877929688,721.2000122070312,678.8038940429688,9653847
2021-06-07,722.5999755859375,730.75,712.7999877929688,715.75,673.6741943359375,6872666
2021-06-08,714.2999877929688,714.2999877929688,692.0,707.5,665.9091186523438,8230750
2021-06-09,705.0,713.3499755859375,693.5499877929688,697.8499755859375,656.8264770507812,6922786
2021-06-10,701.2999877929688,719.0,700.0,705.7999877929688,664.30908203125,8543092
2021-06-11,714.0,734.0999755859375,704.75,731.2000122070312,688.2159423828125,11372473
2021-06-14,732.6500244140625,737.2000122070312,714.6500244140625,729.1500244140625,686.2864379882812,10470356
2021-06-15,728.0,732.4000244140625,717.0,725.0999755859375,682.4745483398438,5124845
2021-06-16,720.0,728.9000244140625,703.5499877929688,705.4000244140625,663.9326782226562,9016464
2021-06-17,702.0999755859375,711.0,693.4500122070312,696.3499755859375,655.4146118164062,5639158
2021-06-18,695.5,696.4000244140625,656.0999755859375,670.5999755859375,631.1783447265625,13505600
2021-06-21,656.9000244140625,676.2999877929688,646.1500244140625,672.9500122070312,633.3902587890625,8187341
2021-06-22,676.0,682.5,673.25,675.25,635.5551147460938,5398107
2021-06-23,679.0,685.0,664.1500244140625,665.5,626.3782348632812,6059813
2021-06-24,669.5999755859375,681.5,664.9000244140625,679.0,639.0845947265625,6985183
2021-06-25,685.0,702.3499755859375,685.0,689.5,648.96728515625,9066409
2021-06-28,692.9000244140625,701.3499755859375,682.75,695.3499755859375,654.473388671875,5669654
2021-06-29,695.0,696.5,683.5999755859375,685.9000244140625,645.5789184570312,4377422
2021-06-30,687.0499877929688,698.0,682.6500244140625,683.9000244140625,643.696533203125,6112824
2021-07-01,687.7999877929688,690.0,679.5999755859375,680.5499877929688,640.5433959960938,4133198
2021-07-02,681.0499877929688,682.9500122070312,667.5,671.2999877929688,631.8372802734375,5499982
2021-07-05,673.0,675.0,664.4500122070312,672.75,639.3930053710938,5427717
2021-07-06,672.75,681.7000122070312,669.4500122070312,673.1500244140625,639.773193359375,4790854
2021-07-07,671.7999877929688,694.0,669.0,690.4000244140625,656.1679077148438,8536360
2021-07-08,688.0,691.4500122070312,666.6500244140625,668.25,635.1161499023438,7099529
2021-07-09,671.0,683.5999755859375,670.0,681.5499877929688,647.7567138671875,7814242
2021-07-12,685.0,703.75,680.8499755859375,694.4500122070312,660.01708984375,11632489
2021-07-13,698.0,703.5,694.0,701.4000244140625,666.6224975585938,6832695
2021-07-14,704.0,705.8499755859375,694.2000122070312,700.4000244140625,665.6720581054688,5996797
2021-07-15,700.0,707.9500122070312,696.0499877929688,699.0999755859375,664.4364624023438,4735495
2021-07-16,703.5,707.0,700.7000122070312,703.5999755859375,668.71337890625,3590287
2021-07-19,697.0,712.3499755859375,694.0,698.4000244140625,663.7713012695312,5377227
2021-07-20,697.6500244140625,698.0,675.4000244140625,682.0,648.1843872070312,5829609
2021-07-22,689.9000244140625,722.5999755859375,689.0499877929688,716.5499877929688,681.021240234375,9472817
2021-07-23,726.9000244140625,727.0,712.0,717.5499877929688,681.9717407226562,8731309
2021-07-26,729.5,729.5,701.0,704.5499877929688,669.6162719726562,14645713
2021-07-27,709.8499755859375,717.9000244140625,703.2999877929688,710.6500244140625,675.413818359375,6840353
2021-07-28,712.0,725.4000244140625,701.4500122070312,721.7000122070312,685.916015625,8329455
2021-07-29,725.5,758.0999755859375,723.0499877929688,748.4000244140625,711.2921142578125,18513875
2021-07-30,746.1500244140625,757.8499755859375,733.5499877929688,736.9500122070312,700.4098510742188,9971622
2021-08-02,741.4000244140625,751.4500122070312,733.5,746.7000122070312,709.6763916015625,6971560
2021-08-03,746.0,746.0,728.4000244140625,740.2999877929688,703.5936889648438,6939253
2021-08-04,741.0,754.0,736.4000244140625,747.25,710.1990966796875,6680733
2021-08-05,747.25,765.4000244140625,740.5,763.25,725.40576171875,8613347
2021-08-06,767.5,776.5,755.7000122070312,757.3499755859375,719.79833984375,8973665
2021-08-09,761.8499755859375,762.5,742.4500122070312,747.3499755859375,710.294189453125,5119564
2021-08-10,748.9000244140625,750.0,719.5999755859375,722.1500244140625,686.3436889648438,6382357
2021-08-11,727.0,752.0,727.0,749.0999755859375,711.9573364257812,11909486
2021-08-12,753.0499877929688,754.2999877929688,741.4000244140625,748.9000244140625,711.7672729492188,3506281
2021-08-13,746.9000244140625,757.5499877929688,732.4000244140625,749.0499877929688,711.9097900390625,5611264
2021-08-16,745.0,770.5999755859375,739.2000122070312,761.6500244140625,723.8851928710938,9095337
2021-08-17,758.5999755859375,762.4500122070312,735.8499755859375,744.25,707.3478393554688,6482187
2021-08-18,748.0,748.9000244140625,732.9000244140625,737.4500122070312,700.885009765625,5905871
2021-08-20,722.0,722.0,681.5,684.5999755859375,650.6553955078125,13126219
2021-08-23,696.0,700.7000122070312,664.0,684.2000122070312,650.2753295898438,11781361
2021-08-24,690.0999755859375,697.0,683.0,691.6500244140625,657.3560180664062,8283854
2021-08-25,696.0,701.0,680.0,683.8499755859375,649.942626953125,5539409
2021-08-26,683.0,685.0,669.2999877929688,672.0,638.68017578125,5659963
2021-08-27,672.9000244140625,681.4000244140625,671.75,677.5,643.9075317382812,4978277
2021-08-30,683.0499877929688,694.0,683.0499877929688,686.5499877929688,652.5088500976562,5891576
2021-08-31,688.25,692.4500122070312,680.4500122070312,687.5999755859375,653.5067138671875,5399215
2021-09-01,688.0,689.0,675.0,676.6500244140625,643.0996704101562,4316801
2021-09-02,681.0499877929688,689.0,678.0,685.0499877929688,651.0831909179688,3635439
2021-09-03,686.0999755859375,695.25,682.4000244140625,690.9000244140625,656.64306640625,4145359
2021-09-06,697.0,697.0,681.5999755859375,686.6500244140625,652.603759765625,5179490
2021-09-07,689.4500122070312,697.7999877929688,682.5,683.7999877929688,649.8950805664062,3555927
2021-09-08,684.0,691.5,681.7000122070312,687.0499877929688,652.9840087890625,3288571
2021-09-09,683.8499755859375,691.5,683.0499877929688,688.9500122070312,654.789794921875,2381494
2021-09-13,693.25,700.0,687.5,694.4000244140625,659.9695434570312,3778975
2021-09-14,696.4000244140625,702.0,692.25,693.6500244140625,659.2567749023438,3185808
2021-09-15,697.0,698.0,687.0499877929688,696.6500244140625,662.1080322265625,2871538
2021-09-16,700.0499877929688,700.9500122070312,688.0,689.4500122070312,655.2650146484375,3372499
2021-09-17,692.0,692.0,668.7000122070312,682.2999877929688,648.4695434570312,7804735
2021-09-20,669.9000244140625,669.9000244140625,628.0999755859375,633.2000122070312,601.8040771484375,10340874
2021-09-21,633.25,672.0,628.7000122070312,668.9500122070312,635.7815551757812,14289169
2021-09-22,671.7999877929688,683.4000244140625,666.2000122070312,678.5499877929688,644.9053955078125,8147214
2021-09-23,685.2999877929688,687.25,674.0999755859375,677.25,643.6698608398438,4039612
2021-09-24,677.25,679.0,650.75,659.1500244140625,626.4674682617188,7363339
2021-09-27,660.4500122070312,663.75,646.2999877929688,648.6500244140625,616.4879760742188,5889365
2021-09-28,650.0,667.9000244140625,648.0999755859375,660.8499755859375,628.0830078125,4735779
2021-09-29,658.9000244140625,684.2999877929688,653.5999755859375,679.7999877929688,646.093505859375,7345149
2021-09-30,683.2000122070312,683.2000122070312,666.3499755859375,668.2999877929688,635.1636352539062,4934499
2021-10-01,660.0,686.7000122070312,658.9000244140625,674.25,640.8186645507812,5193048
2021-10-04,674.5,686.7999877929688,662.0999755859375,681.1500244140625,647.3765869140625,5617530
2021-10-05,681.1500244140625,690.8499755859375,677.1500244140625,679.3499755859375,645.6658325195312,4186464
2021-10-06,680.0,684.0,655.5499877929688,659.25,626.5623779296875,5994344
2021-10-07,666.0,670.0,659.0,666.5499877929688,633.5004272460938,3042177
2021-10-08,670.0499877929688,683.0,664.5,665.8499755859375,632.835205078125,3826818
2021-10-11,671.0499877929688,678.0,666.7000122070312,672.4000244140625,639.0604248046875,2257738
2021-10-12,672.4000244140625,681.0,665.4000244140625,673.75,640.3434448242188,2930894
2021-10-13,673.7999877929688,692.0,671.0,681.4500122070312,647.6617431640625,5601758
2021-10-14,690.0,699.0,682.9500122070312,692.8499755859375,658.496337890625,4751065
2021-10-18,695.5,727.2999877929688,695.5,715.7999877929688,680.3084716796875,9493244
2021-10-19,722.5,722.5,688.4500122070312,691.5499877929688,657.2608642578125,4164143
2021-10-20,692.0,695.7000122070312,675.4000244140625,685.1500244140625,651.1781616210938,3256699
2021-10-21,691.3499755859375,693.9500122070312,655.0999755859375,674.0999755859375,640.6761474609375,5811087
2021-10-22,676.0,690.0,658.0499877929688,667.7999877929688,634.6884765625,10162556
2021-10-25,670.0,678.0,653.0499877929688,674.25,640.8186645507812,3987950
2021-10-26,678.7000122070312,697.4500122070312,674.5,694.3499755859375,659.9219970703125,4238644
2021-10-27,694.3499755859375,699.5,682.0999755859375,684.9000244140625,650.940673828125,3330934
2021-10-28,682.9000244140625,684.4000244140625,664.0499877929688,667.4500122070312,634.3558349609375,3080237
2021-10-29,670.0,684.7999877929688,663.0,669.1500244140625,635.9715576171875,3612552
2021-11-01,680.0,690.75,672.5,688.9500122070312,654.789794921875,3234840
2021-11-02,693.4000244140625,693.4000244140625,671.5,672.8499755859375,639.488037109375,3204544
2021-11-03,677.4500122070312,683.5499877929688,673.5499877929688,680.25,646.5211791992188,2265795
2021-11-04,680.25,680.25,680.25,680.25,646.5211791992188,0
2021-11-08,683.0,687.9500122070312,668.0499877929688,685.8499755859375,651.8434448242188,2919045
2021-11-09,686.0,691.3499755859375,675.1500244140625,676.6500244140625,643.0996704101562,2494969
2021-11-10,675.0,676.0499877929688,652.2000122070312,662.4000244140625,629.5562744140625,6871348
2021-11-11,662.4000244140625,669.8499755859375,660.25,667.4000244140625,634.3082885742188,3868489
2021-11-12,672.0499877929688,675.75,663.3499755859375,671.3499755859375,638.0624389648438,2542949
2021-11-15,675.0,675.0499877929688,658.0499877929688,661.5,628.7008666992188,3143670
2021-11-16,658.0,674.0,655.7000122070312,664.9000244140625,631.9323120117188,2795558
2021-11-17,660.2999877929688,671.7000122070312,658.5999755859375,662.3499755859375,629.5086669921875,2882577
2021-11-18,663.0,666.9000244140625,643.0,650.5499877929688,618.2937622070312,4010171
2021-11-22,654.9500122070312,663.5,645.0499877929688,657.0,624.4240112304688,3944981
2021-11-23,657.0999755859375,689.7000122070312,657.0999755859375,683.2999877929688,649.419921875,9033812
2021-11-24,683.2999877929688,696.0,670.0,683.25,649.3724365234375,4374307
2021-11-25,683.25,687.7999877929688,674.2000122070312,680.9000244140625,647.138916015625,2850008
2021-11-26,668.25,672.5499877929688,624.25,628.6500244140625,597.4796752929688,8921840
2021-11-29,631.7000122070312,637.7999877929688,618.0999755859375,625.5999755859375,594.5808715820312,4230776
2021-11-30,621.5,632.5999755859375,604.2999877929688,608.4000244140625,578.2337646484375,6606473
2021-12-01,614.9500122070312,639.7999877929688,614.0,637.2000122070312,605.605712890625,6580138
2021-12-02,638.0,648.75,630.7999877929688,646.75,614.6821899414062,4017457
2021-12-03,637.0,654.8499755859375,637.0,644.5499877929688,612.5911865234375,4885753
2021-12-06,644.7000122070312,661.0,636.75,642.8499755859375,610.9755859375,13699768
2021-12-07,648.9500122070312,663.6500244140625,647.1500244140625,660.6500244140625,627.8930053710938,12896360
2021-12-08,665.5499877929688,676.0,660.1500244140625,672.9500122070312,639.5831909179688,9676621
2021-12-09,676.0,678.3499755859375,661.0499877929688,674.0999755859375,640.6761474609375,9692290
2021-12-10,670.0,681.4500122070312,670.0,679.5499877929688,645.8558349609375,2430834
2021-12-13,682.0,692.9500122070312,667.5999755859375,670.5499877929688,637.3021850585938,4149735
2021-12-14,665.5499877929688,676.0,661.25,670.2999877929688,637.0645141601562,2942047
2021-12-15,670.2999877929688,677.6500244140625,656.5999755859375,658.5,625.8495483398438,4724542
2021-12-16,665.0,666.2000122070312,653.5,662.1500244140625,629.318603515625,2474595
2021-12-17,662.1500244140625,665.0,653.0499877929688,660.25,627.5128173828125,3003978
2021-12-20,650.0999755859375,656.0,630.5,642.5999755859375,610.7379150390625,4070706
2021-12-21,647.0,666.0,645.4000244140625,658.2999877929688,625.6595458984375,3127861
2021-12-22,663.1500244140625,666.1500244140625,657.6500244140625,661.0,628.2255859375,1273217
2021-12-23,665.7999877929688,670.9000244140625,647.2000122070312,650.25,618.0086669921875,2971327
2021-12-24,652.0499877929688,655.4500122070312,639.2999877929688,651.2999877929688,619.006591796875,3973912
2021-12-27,648.0,654.7999877929688,643.1500244140625,653.0499877929688,620.6697998046875,1838919
2021-12-28,655.0499877929688,661.4000244140625,652.4500122070312,657.3499755859375,624.756591796875,2232852
2021-12-29,655.0999755859375,657.2000122070312,644.9500122070312,655.9000244140625,623.3785400390625,3014867
2021-12-30,656.0,659.4000244140625,643.5499877929688,645.7999877929688,613.779296875,3713255
2021-12-31,647.7999877929688,665.0,647.2999877929688,655.9500122070312,623.426025390625,2499623
2022-01-03,655.9500122070312,671.0,654.7000122070312,667.0499877929688,633.9755859375,2383218
2022-01-04,670.0,673.9000244140625,663.4000244140625,670.4000244140625,637.1596069335938,1999008
2022-01-05,668.0999755859375,697.0,666.3499755859375,694.5,660.0645751953125,6342812
2022-01-06,692.0,692.5,672.2000122070312,673.9500122070312,640.5335083007812,4714784
2022-01-07,676.0,679.0,667.5,672.8499755859375,639.488037109375,2862614
2022-01-10,677.9000244140625,679.5,670.0,672.0999755859375,638.7752685546875,1841965
2022-01-11,664.0,668.5499877929688,643.25,645.7000122070312,613.6842651367188,6912370
2022-01-12,652.0,659.2000122070312,649.0,657.0499877929688,624.4714965820312,5343630
2022-01-13,659.0,691.5499877929688,657.25,687.8499755859375,653.7443237304688,7202966
2022-01-14,679.9000244140625,689.5499877929688,677.25,682.7000122070312,648.8496704101562,2054419
2022-01-17,682.0,704.8499755859375,675.4000244140625,699.4000244140625,664.7216796875,5920282
2022-01-18,703.3499755859375,704.5499877929688,677.5499877929688,680.2000122070312,646.4736328125,3450193
2022-01-19,681.0,689.25,660.0,674.6500244140625,641.1989135742188,4889920
2022-01-20,679.0,686.0,672.4000244140625,682.5,648.6594848632812,2862609
2022-01-21,678.9000244140625,680.0,662.1500244140625,666.25,633.2152709960938,3836844
2022-01-24,656.5,657.0,618.0,621.7999877929688,590.9692993164062,7296421
2022-01-25,620.0,640.5999755859375,612.5999755859375,631.1500244140625,599.855712890625,5007835
2022-01-27,619.0,632.1500244140625,612.0499877929688,626.0999755859375,595.0560302734375,4760551
2022-01-28,631.0,645.9000244140625,625.5499877929688,628.0499877929688,596.909423828125,3719102
2022-01-31,636.0,639.0,628.0,628.9500122070312,597.7647705078125,2892647
2022-02-01,633.9500122070312,658.8499755859375,628.0,654.2999877929688,621.8578491210938,5150345
2022-02-02,660.0,663.7999877929688,652.2000122070312,659.8499755859375,627.1326293945312,2562721
2022-02-03,657.0,667.4000244140625,650.0,653.1500244140625,620.7648315429688,2456228
2022-02-04,647.0,665.9000244140625,647.0,657.3499755859375,624.756591796875,3284062
2022-02-07,659.4000244140625,666.6500244140625,645.5999755859375,651.1500244140625,618.864013671875,2768417
2022-02-08,655.5999755859375,662.9000244140625,644.25,660.0999755859375,627.3702392578125,3184065
2022-02-09,662.8499755859375,666.5999755859375,657.8499755859375,663.0499877929688,630.1739501953125,2200828
2022-02-10,666.2000122070312,678.0,664.0999755859375,672.5499877929688,639.2029418945312,4284880
2022-02-11,668.9500122070312,675.0,659.6500244140625,671.4000244140625,638.1099853515625,3122555
2022-02-14,656.2999877929688,665.0,604.2999877929688,626.5499877929688,595.4837646484375,6491576
2022-02-15,635.8499755859375,643.4500122070312,617.0999755859375,640.6500244140625,608.8846435546875,4001839
2022-02-16,641.1500244140625,646.1500244140625,635.0,638.0,606.3660278320312,1939683
2022-02-17,641.7999877929688,649.4500122070312,634.4000244140625,638.2000122070312,606.55615234375,2382178
2022-02-18,635.2000122070312,642.5,631.1500244140625,632.8499755859375,601.4713134765625,1458069
2022-02-21,631.9000244140625,635.0,621.25,623.0999755859375,592.204833984375,1857572
2022-02-22,611.0,624.7000122070312,602.5,622.0,591.1593627929688,3353278
2022-02-23,624.5,627.9500122070312,612.8499755859375,614.7000122070312,584.2213134765625,2339927
2022-02-24,599.0,604.5,566.0,569.3499755859375,541.119873046875,5487481
2022-02-25,576.1500244140625,605.9500122070312,576.1500244140625,598.5999755859375,568.9196166992188,4524909
2022-02-28,591.5,629.7999877929688,590.2000122070312,627.4500122070312,596.3391723632812,7142843
2022-03-02,625.0,654.0,622.1500244140625,644.5999755859375,612.6387939453125,8894940
2022-03-03,650.5,662.5,649.2999877929688,654.7000122070312,622.238037109375,5940599
2022-03-04,654.7000122070312,660.4000244140625,628.7000122070312,631.9500122070312,600.615966796875,7605400
2022-03-07,630.0,643.0,622.5,637.1500244140625,605.5582275390625,5507113
2022-03-08,639.9500122070312,639.9500122070312,613.0999755859375,629.8499755859375,598.6201171875,5422987
2022-03-09,629.0,634.25,618.0,627.1500244140625,596.0540161132812,3784214
2022-03-10,632.0,652.1500244140625,624.0,650.75,618.48388671875,5201836
2022-03-11,648.5,673.0,647.2000122070312,669.75,636.5418090820312,8172290
2022-03-14,667.0,673.0,658.5999755859375,664.8499755859375,631.884765625,2529995
2022-03-15,659.0,660.7999877929688,635.0,641.1500244140625,609.35986328125,4754984
2022-03-16,648.6500244140625,662.75,647.5,655.25,622.7606811523438,3150421
2022-03-17,662.0,692.9500122070312,660.3499755859375,685.0999755859375,651.1306762695312,9991824
2022-03-21,689.7000122070312,699.0,679.0,681.2999877929688,647.5191040039062,4609771
2022-03-22,678.8499755859375,699.9000244140625,677.4500122070312,696.5,661.9653930664062,4811589
2022-03-23,702.9000244140625,710.0,692.25,704.4000244140625,669.4737548828125,8964532
2022-03-24,704.5,719.5,704.2000122070312,715.0999755859375,679.6432495117188,6069039
2022-03-25,718.0,726.5,710.25,721.3499755859375,685.583251953125,16121868
2022-03-28,722.0,731.4500122070312,718.1500244140625,730.0999755859375,693.8994750976562,8935680
2022-03-29,731.5,764.75,726.6500244140625,753.9000244140625,716.5194702148438,7285191
2022-03-30,750.0,750.7000122070312,714.9500122070312,717.5499877929688,681.9717407226562,5994838
2022-03-31,724.0,737.5,720.5499877929688,732.6500244140625,696.3230590820312,5946576
2022-04-01,735.0,749.9500122070312,728.5,732.2000122070312,695.8953247070312,5079937
2022-04-04,732.5,738.0,726.7999877929688,732.7000122070312,696.37060546875,4901374
2022-04-05,737.9000244140625,746.0,730.1500244140625,733.4500122070312,697.0833740234375,3524949
2022-04-06,730.5,746.5,729.7999877929688,737.4000244140625,700.8375244140625,4111360
2022-04-07,735.0,742.75,725.75,728.0499877929688,691.9510498046875,2954985
2022-04-08,734.4500122070312,762.0499877929688,731.2000122070312,756.5999755859375,719.08544921875,8125253
2022-04-11,756.0,775.0,756.0,767.4000244140625,729.3499755859375,7926472
2022-04-12,769.4000244140625,773.75,738.1500244140625,755.9000244140625,718.4202880859375,8595936
2022-04-13,760.0,781.0999755859375,760.0,766.3499755859375,728.3519897460938,6722613
2022-04-18,764.0,775.8499755859375,758.4000244140625,767.8499755859375,729.7776489257812,5866740
2022-04-19,772.7000122070312,790.0,736.0999755859375,746.4000244140625,709.3912353515625,7301285
2022-04-20,758.0,758.0,732.5,738.8499755859375,702.215576171875,4679947
2022-04-21,744.0,747.25,725.5,734.2000122070312,697.7962646484375,3995936
2022-04-22,730.0,737.0,722.0499877929688,723.4000244140625,687.5316162109375,2244262
2022-04-25,711.0,719.5,695.25,715.7000122070312,680.2134399414062,4935672
2022-04-26,722.3499755859375,724.2999877929688,713.0499877929688,721.2000122070312,685.4407958984375,3260695
2022-04-27,713.0,734.2000122070312,711.0,720.5999755859375,684.8704223632812,3391522
2022-04-28,729.8499755859375,734.25,722.6500244140625,729.0999755859375,692.948974609375,4079934
2022-04-29,731.0999755859375,740.0,723.2999877929688,727.1500244140625,691.0957641601562,3622889
2022-05-02,720.0,734.2000122070312,709.0499877929688,731.9500122070312,695.6576538085938,2802163
2022-05-04,734.0,736.0,708.0499877929688,711.5499877929688,676.2691650390625,3011231
2022-05-05,720.0,726.4000244140625,705.0999755859375,707.75,672.6576538085938,3131221
2022-05-06,695.4000244140625,700.9000244140625,680.6500244140625,690.4000244140625,656.1679077148438,3930624
2022-05-09,681.0,686.0999755859375,668.0999755859375,678.3499755859375,644.7154541015625,3380947
2022-05-10,674.0,677.0,643.0999755859375,645.2999877929688,613.3040771484375,4293241
2022-05-11,644.5,658.0,635.3499755859375,648.9500122070312,616.7731323242188,4158341
2022-05-12,647.7000122070312,651.5499877929688,620.0,624.7999877929688,593.820556640625,4123927
2022-05-13,634.0499877929688,637.0,594.1500244140625,600.4500122070312,570.6778564453125,5567335
2022-05-16,616.0,626.7000122070312,599.0499877929688,602.2999877929688,572.4361572265625,4641172
2022-05-17,610.0,645.7999877929688,609.1500244140625,641.8499755859375,610.025146484375,6309092
2022-05-18,642.9500122070312,644.9000244140625,628.0,631.0499877929688,599.7606201171875,4941565
2022-05-19,619.0,624.9500122070312,592.0499877929688,600.2000122070312,570.4402465820312,5816509
2022-05-20,621.0,634.2999877929688,616.7000122070312,631.0999755859375,599.80810546875,6187868
2022-05-23,594.0,594.0,537.5,547.5499877929688,520.4007568359375,17554373
2022-05-24,548.9500122070312,556.4000244140625,537.25,539.7000122070312,512.9400634765625,7517949
2022-05-25,541.9000244140625,545.0,521.0,528.4500122070312,502.2478332519531,4725882
2022-05-26,530.5,555.7000122070312,520.0499877929688,551.7000122070312,524.3450927734375,8178844
2022-05-27,558.0,561.2999877929688,539.4000244140625,548.4000244140625,521.208740234375,5193961
2022-05-30,530.0,544.75,525.5999755859375,538.8499755859375,512.1321411132812,12211769
2022-05-31,537.5999755859375,558.2999877929688,532.2000122070312,551.25,523.9173583984375,20152169
2022-06-01,554.0499877929688,572.3499755859375,549.2000122070312,569.5,541.262451171875,8495547
2022-06-02,570.9000244140625,575.0,557.6500244140625,573.4000244140625,544.9691772460938,7010273
2022-06-03,576.0,581.9500122070312,559.5499877929688,562.4500122070312,534.5619506835938,6367536
2022-06-06,553.0,583.25,553.0,579.0,550.2913818359375,10383944
2022-06-07,575.0,579.4500122070312,567.0999755859375,572.0999755859375,543.7335205078125,3735461
2022-06-08,573.5999755859375,583.0,572.2000122070312,576.1500244140625,547.5828247070312,4138705
2022-06-09,570.0,575.7000122070312,564.0,572.2000122070312,543.8286743164062,3922515
2022-06-10,565.0,574.0,561.3499755859375,572.5,544.11376953125,3374125
2022-06-13,563.0999755859375,567.9500122070312,555.0,564.0,536.0352172851562,4071346
2022-06-14,562.7999877929688,576.7999877929688,560.1500244140625,561.9000244140625,534.039306640625,3413396
2022-06-15,562.0999755859375,569.0,557.0499877929688,563.0,535.0847778320312,3803101
2022-06-16,571.5,571.5,544.4500122070312,545.8499755859375,518.7850341796875,4899759
2022-06-17,540.0999755859375,561.7000122070312,539.7000122070312,554.5999755859375,527.101318359375,6776372
2022-06-20,550.5999755859375,554.5999755859375,536.0999755859375,550.3499755859375,523.06201171875,5614520
2022-06-21,556.0,580.7999877929688,552.7000122070312,576.2000122070312,547.6303100585938,4657829
2022-06-22,567.25,569.9000244140625,542.5,550.4000244140625,523.109619140625,8511658
2022-06-23,550.0,565.5,548.0,558.9500122070312,531.2355346679688,5037690
2022-06-24,561.7000122070312,572.9000244140625,560.25,567.7999877929688,539.6467895507812,3406061
2022-06-27,575.7000122070312,588.5,570.0499877929688,571.6500244140625,543.305908203125,6550599
2022-06-28,573.4500122070312,580.5499877929688,568.0,578.4000244140625,549.72119140625,4285360
2022-06-29,573.5,581.1500244140625,569.1500244140625,576.0499877929688,547.4876708984375,3334027
2022-06-30,577.0,582.7999877929688,556.2000122070312,564.5,536.5103759765625,5646362
2022-07-01,556.5499877929688,580.5,556.5499877929688,578.8499755859375,550.1488037109375,3737790
2022-07-04,562.0999755859375,568.75,544.2000122070312,551.5,540.3510131835938,6026463
2022-07-05,555.5,564.0,550.5999755859375,552.6500244140625,541.477783203125,3562565
2022-07-06,548.0,557.2999877929688,541.0,554.5499877929688,543.3392944335938,3281658
2022-07-07,560.5499877929688,578.0,551.5999755859375,574.5999755859375,562.9840087890625,4952962
2022-07-08,580.0,581.0999755859375,562.5499877929688,566.2000122070312,554.75390625,3313755
2022-07-11,564.0,591.3499755859375,561.0999755859375,577.2999877929688,565.6294555664062,4900994
2022-07-12,573.9000244140625,581.4500122070312,563.5,574.4500122070312,562.8370971679688,3425619
2022-07-13,575.5499877929688,593.75,574.5999755859375,588.5999755859375,576.7009887695312,4569908
2022-07-14,589.0,591.4500122070312,574.25,584.0,572.1940307617188,4660656
2022-07-15,582.0,584.0,569.3499755859375,576.4000244140625,564.7476806640625,3051005
2022-07-18,582.9000244140625,592.0,578.0,585.9500122070312,574.1046142578125,3583550
2022-07-19,580.8499755859375,589.5999755859375,577.4000244140625,584.8499755859375,573.0267944335938,3586372
2022-07-20,595.5,599.9500122070312,587.0,590.3499755859375,578.4155883789062,4550328
2022-07-21,589.9000244140625,595.9000244140625,585.0499877929688,587.5499877929688,575.6722412109375,3773423
2022-07-22,588.0,592.5499877929688,579.2000122070312,582.4500122070312,570.6753540039062,4351458
2022-07-25,573.5,588.4000244140625,573.5,585.5,573.6636352539062,5783353
2022-07-26,584.0,599.6500244140625,581.5999755859375,597.75,585.6660766601562,6031921
2022-07-27,596.0,603.7999877929688,590.0,602.7000122070312,590.5159912109375,2913380
2022-07-28,605.0999755859375,626.9500122070312,603.0499877929688,616.7000122070312,604.2329711914062,5104503
2022-07-29,623.0,637.9500122070312,620.5499877929688,629.5999755859375,616.8721313476562,4732970
2022-08-01,634.5999755859375,641.0,628.25,639.2000122070312,626.2781372070312,3055387
2022-08-02,637.75,649.9500122070312,626.2999877929688,648.7000122070312,635.5860595703125,3053206
2022-08-03,650.0,660.7999877929688,645.0,652.7999877929688,639.6031494140625,4446383
2022-08-04,652.9000244140625,673.4500122070312,652.9000244140625,664.3499755859375,650.919677734375,4705675
2022-08-05,665.0999755859375,674.0,665.0,667.1500244140625,653.6630859375,2455459
2022-08-08,670.5,676.0,662.4500122070312,669.2000122070312,655.6715698242188,2446698
2022-08-10,672.5499877929688,674.7999877929688,660.0,670.0999755859375,656.553466796875,3252353
2022-08-11,673.0999755859375,678.2999877929688,669.4500122070312,673.5999755859375,659.982666015625,3480693
2022-08-12,673.5999755859375,685.0,673.0,678.2000122070312,664.48974609375,3476671
2022-08-16,678.0,680.9000244140625,670.4000244140625,673.8499755859375,660.2276000976562,2747244
2022-08-17,672.5499877929688,676.4500122070312,668.4000244140625,672.5999755859375,659.0029296875,2349839
2022-08-18,670.0,677.75,668.9000244140625,673.4000244140625,659.7868041992188,1806855
2022-08-19,676.7999877929688,676.7999877929688,663.0999755859375,664.5499877929688,651.1156616210938,1961510
2022-08-22,660.9000244140625,663.0999755859375,641.0,642.9500122070312,629.9522705078125,2303053
2022-08-23,642.0,655.0,636.7000122070312,652.8499755859375,639.6521606445312,1751341
2022-08-24,654.5,657.2999877929688,647.0,651.5,638.3294677734375,1781643
2022-08-25,654.0,659.8499755859375,647.0499877929688,648.7000122070312,635.5860595703125,1525852
2022-08-26,656.0,670.5499877929688,654.0,667.0,653.51611328125,3070661
2022-08-29,654.0,659.9500122070312,642.5999755859375,649.5999755859375,636.4678344726562,2728484
2022-08-30,652.8499755859375,668.0,651.5,666.9000244140625,653.418212890625,2321586
2022-09-01,655.0,669.7999877929688,653.25,661.5999755859375,648.225341796875,2472832
2022-09-02,660.0,669.0,654.0,661.4000244140625,648.029296875,2022058
2022-09-05,662.0,683.5499877929688,662.0,681.9500122070312,668.1638793945312,4930594
2022-09-06,682.0,687.0,678.5,684.5499877929688,670.7113647460938,3295941
2022-09-07,678.0,687.75,675.7999877929688,684.5999755859375,670.76025390625,2310672
2022-09-08,687.0,691.0999755859375,679.2999877929688,685.3499755859375,671.4951782226562,1889770
2022-09-09,687.0,701.75,685.0999755859375,686.9500122070312,673.0628051757812,3953738
2022-09-12,686.9500122070312,686.9500122070312,686.9500122070312,686.9500122070312,673.0628051757812,0
2022-09-13,690.0,697.9500122070312,686.5999755859375,691.0499877929688,677.0798950195312,2094822
2022-09-14,685.0,701.7999877929688,682.0,692.8499755859375,678.843505859375,2755630
2022-09-15,692.0999755859375,698.0,684.5,689.6500244140625,675.708251953125,2887795
2022-09-16,685.0,694.5,679.0,685.8499755859375,671.9849853515625,4073365
2022-09-19,682.0,691.5,675.3499755859375,679.9500122070312,666.204345703125,1708723
2022-09-20,683.3499755859375,698.25,682.0499877929688,689.0,675.0713500976562,1802967
2022-09-21,685.2000122070312,692.5,682.0,684.8499755859375,671.0052490234375,1806929
2022-09-22,681.0,687.0,674.0,679.3499755859375,665.616455078125,1504203
2022-09-23,681.5,686.9500122070312,667.0,669.0,655.4757080078125,1558314
2022-09-26,659.2000122070312,661.9500122070312,638.0,646.1500244140625,633.087646484375,2192702
2022-09-27,649.4000244140625,650.9500122070312,633.0,637.0,624.12255859375,2512782
2022-09-28,629.0999755859375,632.5,615.0,616.5,604.0369873046875,2164186
2022-09-29,620.5,628.0,617.0499877929688,618.25,605.751708984375,3577828
2022-09-30,621.0,633.9500122070312,614.2000122070312,631.6500244140625,618.8807373046875,1588501
2022-10-03,631.0,631.0,621.25,623.5499877929688,610.9444580078125,1285991
2022-10-04,633.7999877929688,645.0,632.1500244140625,643.2000122070312,630.197265625,1384242
2022-10-06,648.4000244140625,678.0,648.4000244140625,674.4500122070312,660.8154907226562,3704140
2022-10-07,671.4000244140625,673.0,659.5499877929688,666.0499877929688,652.5853271484375,1601796
2022-10-10,655.6500244140625,668.0,654.5,666.0,652.5363159179688,1089870
2022-10-11,669.3499755859375,669.3499755859375,640.0,642.75,629.7562866210938,1644047
2022-10-12,646.0,653.75,638.2000122070312,651.0999755859375,637.9375610351562,1530483
2022-10-13,652.5,656.0,641.7000122070312,648.3499755859375,635.2430419921875,938662
2022-10-14,658.0,659.5,639.0,640.25,627.3069458007812,1386827
2022-10-17,633.1500244140625,636.25,624.0,631.4500122070312,618.684814453125,2281559
2022-10-18,634.5999755859375,638.5,631.1500244140625,636.75,623.8776245117188,1809430
2022-10-19,639.9500122070312,639.9500122070312,625.0,625.9000244140625,613.2470092773438,2157157
2022-10-20,618.5999755859375,630.0,615.0,628.4000244140625,615.6964721679688,2686775
2022-10-21,630.0999755859375,630.5,616.5,622.0499877929688,609.4747924804688,2547197
2022-10-24,622.0499877929688,622.0499877929688,622.0499877929688,622.0499877929688,609.4747924804688,0
2022-10-25,624.2000122070312,650.9500122070312,624.2000122070312,644.3499755859375,631.323974609375,4787246
2022-10-27,650.0,683.0,648.0,679.5999755859375,665.8613891601562,8328955
2022-10-28,676.5999755859375,678.4500122070312,663.4500122070312,670.4000244140625,656.847412109375,2500826
2022-10-31,672.0,676.4500122070312,669.0499877929688,673.9500122070312,660.3256225585938,1380329
2022-11-01,670.0,688.25,670.0,686.3499755859375,672.4749145507812,2846573
2022-11-02,685.0,693.9500122070312,682.2999877929688,684.2000122070312,670.3684692382812,1912908
2022-11-03,678.7000122070312,688.0,677.9500122070312,680.2000122070312,666.4492797851562,1639039
2022-11-04,683.2000122070312,703.9500122070312,682.3499755859375,701.75,687.5635986328125,3624889
2022-11-07,705.2999877929688,715.4500122070312,700.0,710.0,695.6468505859375,3121786
2022-11-09,716.0,716.2000122070312,703.0499877929688,706.5499877929688,692.2666015625,1632827
2022-11-10,699.7999877929688,705.7000122070312,697.2000122070312,701.0499877929688,686.8777465820312,932886
2022-11-11,706.0,721.9500122070312,705.1500244140625,719.0,704.46484375,2607860
2022-11-14,722.5999755859375,731.4000244140625,716.6500244140625,719.4000244140625,704.8568725585938,2089880
2022-11-15,720.4000244140625,724.8499755859375,712.7999877929688,722.3499755859375,707.7471923828125,1065114
2022-11-16,720.5,721.9500122070312,704.0,708.25,693.9322509765625,1395043
2022-11-17,705.0,712.9500122070312,697.5499877929688,708.5999755859375,694.275146484375,1391449
2022-11-18,710.0,711.5999755859375,701.2000122070312,708.2000122070312,693.8831787109375,893816
2022-11-21,720.0,722.8499755859375,692.6500244140625,696.5499877929688,682.46875,3360316
2022-11-22,696.5,709.9000244140625,691.0,708.25,693.9322509765625,2421572
2022-11-23,710.0999755859375,722.0,708.0,720.5499877929688,705.9835815429688,1735389
2022-11-24,722.0,728.4500122070312,717.0999755859375,725.9500122070312,711.2744140625,1654760
2022-11-25,722.0,728.5999755859375,720.0999755859375,726.2000122070312,711.519287109375,1466688
2022-11-28,718.5,724.75,710.0,715.6500244140625,701.1826171875,2418509
2022-11-29,714.5,735.9000244140625,713.8499755859375,732.5499877929688,717.7410278320312,3306817
2022-11-30,734.0999755859375,745.6500244140625,731.0999755859375,743.4000244140625,728.3717041015625,3962572
2022-12-01,747.1500244140625,752.9500122070312,743.0999755859375,746.2999877929688,731.2129516601562,1942307
2022-12-02,746.6500244140625,751.2999877929688,740.5499877929688,743.0499877929688,728.0286865234375,1392199
2022-12-05,746.4500122070312,759.0,746.0,756.5999755859375,741.3047485351562,2129340
2022-12-06,754.9500122070312,755.75,740.2000122070312,746.75,731.6538696289062,1468238
2022-12-07,747.0499877929688,751.0,736.25,738.1500244140625,723.2278442382812,1162282
2022-12-08,738.1500244140625,746.7000122070312,736.0499877929688,744.7000122070312,729.6453247070312,1053397
2022-12-09,748.4500122070312,750.7999877929688,738.2000122070312,740.4000244140625,725.4322509765625,1338271
2022-12-12,738.0,742.0,727.5,740.8499755859375,725.8731689453125,1224081
2022-12-13,744.5,746.0,735.6500244140625,744.25,729.2044677734375,1201367
2022-12-14,747.9500122070312,759.6500244140625,745.8499755859375,757.9500122070312,742.6275024414062,1471083
2022-12-15,756.0,762.9000244140625,741.0,743.3499755859375,728.3226318359375,1690335
2022-12-16,739.7999877929688,747.5499877929688,735.0,743.4500122070312,728.4205932617188,1498658
2022-12-19,742.0,750.7999877929688,739.75,749.4500122070312,734.2993774414062,944749
2022-12-20,740.4500122070312,747.1500244140625,733.0999755859375,745.7999877929688,730.7230834960938,1512103
2022-12-21,750.0,752.9500122070312,739.6500244140625,743.0999755859375,728.0777587890625,1605753
2022-12-22,743.0999755859375,749.0,734.4500122070312,737.5499877929688,722.639892578125,1403642
2022-12-23,729.9500122070312,736.5499877929688,722.4000244140625,727.8499755859375,713.135986328125,1687270
2022-12-26,727.5499877929688,737.3499755859375,723.25,732.2000122070312,717.3980712890625,1168456
2022-12-27,735.9000244140625,769.2999877929688,734.4500122070312,764.9500122070312,749.4859619140625,4992699
2022-12-28,761.0,767.0999755859375,757.1500244140625,761.7000122070312,746.3016967773438,1917734
2022-12-29,756.0,771.4500122070312,752.5,769.4000244140625,753.8460693359375,2103907
2022-12-30,773.0,777.5,765.25,768.0499877929688,752.5233154296875,2190914
2023-01-02,771.9000244140625,783.5,766.1500244140625,775.2999877929688,759.626708984375,3360043
2023-01-03,776.1500244140625,776.5,763.5999755859375,767.9000244140625,752.37646484375,1635681
2023-01-04,766.4000244140625,767.6500244140625,734.5499877929688,736.2999877929688,721.4151611328125,2819669
2023-01-05,741.8499755859375,752.8499755859375,736.5499877929688,750.7000122070312,735.5240478515625,2452379
2023-01-06,750.0,754.4000244140625,725.9500122070312,728.3499755859375,713.6258544921875,3536096
2023-01-09,736.75,746.6500244140625,735.1500244140625,742.3499755859375,727.3427734375,1761359
2023-01-10,744.25,751.4500122070312,735.0499877929688,745.2000122070312,730.1353149414062,2289489
2023-01-11,750.0,758.4500122070312,748.0499877929688,754.2000122070312,738.9533081054688,2794465
2023-01-12,758.4000244140625,764.4000244140625,752.5999755859375,763.4500122070312,748.0162963867188,2422254
2023-01-13,765.0,771.9500122070312,761.7000122070312,768.5,752.9642333984375,1816006
2023-01-16,768.75,771.0,753.7000122070312,759.2000122070312,743.8522338867188,1673126
2023-01-17,758.4500122070312,763.75,747.2999877929688,757.5,742.1865844726562,1480994
2023-01-18,759.0,769.5,755.2000122070312,767.1500244140625,751.6415405273438,1740579
2023-01-19,762.9500122070312,774.0,757.0499877929688,760.0499877929688,744.6849975585938,2185302
2023-01-20,760.0,764.0,738.4000244140625,741.4500122070312,726.4610595703125,3001352
2023-01-23,737.5499877929688,747.1500244140625,726.0,733.9500122070312,719.1126708984375,3335294
2023-01-24,735.0,737.9000244140625,719.0,722.0499877929688,707.4533081054688,3146984
2023-01-25,723.0,726.9000244140625,717.0,724.6500244140625,710.000732421875,1567673
2023-01-27,727.7999877929688,728.25,711.5999755859375,721.3499755859375,706.7673950195312,2706934
2023-01-30,725.0,725.0,692.7999877929688,701.7000122070312,687.5146484375,2277856
2023-01-31,708.7000122070312,719.7999877929688,704.1500244140625,716.4500122070312,701.9664916992188,2294866
2023-02-01,722.0,738.7000122070312,719.7999877929688,729.7000122070312,714.9486083984375,3271508
2023-02-02,729.75,736.9000244140625,721.75,727.4000244140625,712.695068359375,2299091
2023-02-03,727.0,734.2999877929688,719.5,731.8499755859375,717.0551147460938,2558496
2023-02-06,727.8499755859375,731.2999877929688,709.0999755859375,711.0499877929688,696.6755981445312,1202963
2023-02-07,708.0,720.6500244140625,706.0999755859375,714.0999755859375,699.6639404296875,1946683
2023-02-08,717.7999877929688,736.0,712.5499877929688,731.9500122070312,717.153076171875,1793312
2023-02-09,733.0,737.4000244140625,722.4500122070312,723.75,709.118896484375,956700
2023-02-10,722.0,726.6500244140625,712.0,718.9500122070312,704.416015625,997205
2023-02-13,716.0,727.7000122070312,715.0,718.0499877929688,703.5340576171875,863438
2023-02-14,721.6500244140625,726.0,715.4500122070312,723.8499755859375,709.2168579101562,931784
2023-02-15,720.0999755859375,728.5999755859375,720.0999755859375,727.1500244140625,712.4501953125,859372
2023-02-16,730.7999877929688,731.4500122070312,723.9500122070312,727.9500122070312,713.2339477539062,649802
2023-02-17,726.0,735.9000244140625,725.4000244140625,728.4000244140625,713.6748657226562,1142716
2023-02-20,728.4000244140625,733.0,721.4000244140625,723.3499755859375,708.7269287109375,606435
2023-02-21,730.0,736.0,717.2999877929688,720.0999755859375,705.542724609375,1749017
2023-02-22,720.0999755859375,723.25,695.0,699.9500122070312,685.7999877929688,1810091
2023-02-23,701.9000244140625,714.2999877929688,700.0999755859375,701.2999877929688,687.1226806640625,1824396
2023-02-24,705.0,706.75,677.2000122070312,685.0,671.1522216796875,2142286
2023-02-27,684.5,685.0,665.8499755859375,680.5,666.7432250976562,1814311
2023-02-28,683.9500122070312,683.9500122070312,664.9000244140625,667.2000122070312,653.712158203125,1915622
2023-03-01,668.0,678.7999877929688,668.0,676.7000122070312,663.0200805664062,1464537
2023-03-02,680.1500244140625,683.7000122070312,673.5999755859375,675.0999755859375,661.4523315429688,1091983
2023-03-03,681.5,686.0,676.0499877929688,682.2999877929688,668.5068359375,1084202
2023-03-06,683.5,683.7999877929688,673.3499755859375,674.25,660.6195678710938,1215223
2023-03-08,670.0,677.0,664.0,675.4000244140625,661.746337890625,1539129
2023-03-09,677.0999755859375,691.9500122070312,672.5499877929688,680.2000122070312,666.4492797851562,6336933
2023-03-10,668.25,681.3499755859375,666.0999755859375,679.4000244140625,665.6654052734375,5369878
2023-03-13,682.7999877929688,691.4500122070312,673.0499877929688,675.5999755859375,661.9421997070312,1602921
2023-03-14,678.0,682.7999877929688,667.7000122070312,672.0499877929688,658.4640502929688,1555671
2023-03-15,681.0,684.7999877929688,674.7000122070312,679.6500244140625,665.910400390625,1173429
2023-03-16,675.2000122070312,675.7000122070312,649.0499877929688,662.4000244140625,649.0091552734375,2512474
2023-03-17,670.0,678.0,664.5,676.4000244140625,662.7261962890625,1667707
2023-03-20,672.9000244140625,672.9000244140625,660.0,668.1500244140625,654.6429443359375,1480884
2023-03-21,671.5,671.5,662.0,665.75,652.2913818359375,1133592
2023-03-22,666.0,671.25,660.0499877929688,662.25,648.8621826171875,949388
2023-03-23,661.9000244140625,670.7999877929688,658.25,667.7999877929688,654.2999877929688,1099501
2023-03-24,671.1500244140625,671.1500244140625,655.75,657.7999877929688,644.5021362304688,1563002
2023-03-27,661.0999755859375,666.5,655.8499755859375,658.8499755859375,645.5308837890625,1134491
2023-03-28,662.1500244140625,662.9500122070312,655.9500122070312,660.0,646.6576538085938,1190600
2023-03-29,663.2999877929688,685.4500122070312,658.5999755859375,678.9000244140625,665.1755981445312,2208428
2023-03-31,679.0,692.5,676.7999877929688,688.0999755859375,674.1895141601562,1447293
2023-04-03,690.4000244140625,691.6500244140625,676.1500244140625,682.2000122070312,668.4088134765625,1335604
2023-04-05,678.5,690.0,675.0499877929688,686.5499877929688,672.6708984375,1188370
2023-04-06,688.0,688.0,680.25,682.7000122070312,668.8987426757812,726290
2023-04-10,684.0499877929688,693.25,682.7999877929688,688.5,674.5814819335938,600036
2023-04-11,693.75,715.0,688.5,713.5999755859375,699.1740112304688,4076632
2023-04-12,719.9000244140625,722.5,711.4000244140625,718.25,703.7301025390625,1810361
2023-04-13,717.0,722.0,714.25,720.6500244140625,706.08154296875,835749
2023-04-17,714.0,723.6500244140625,714.0,721.2000122070312,706.6204223632812,1253589
2023-04-18,720.0499877929688,725.0,712.4000244140625,719.3499755859375,704.8078002929688,837349
2023-04-19,715.3499755859375,733.7000122070312,715.3499755859375,722.3499755859375,707.7471923828125,2268330
2023-04-20,726.0,727.0,712.7000122070312,715.7999877929688,701.32958984375,1033900
2023-04-21,719.0,719.0,703.0999755859375,710.6500244140625,696.28369140625,1416385
2023-04-24,708.5499877929688,723.9000244140625,705.1500244140625,720.3499755859375,705.7875366210938,729151
2023-04-25,720.3499755859375,730.5999755859375,717.7999877929688,725.0,710.3436279296875,1079227
2023-04-26,720.0,724.6500244140625,712.0,723.4500122070312,708.8248901367188,1277410
2023-04-27,723.0,734.75,717.5999755859375,732.0999755859375,717.300048828125,1247848
2023-04-28,736.0,736.0,721.5499877929688,725.2999877929688,710.6375122070312,1593083
2023-05-02,731.9500122070312,746.5,728.5,737.9000244140625,722.9827880859375,1965606
2023-05-03,731.0,735.5,725.9000244140625,732.4500122070312,717.6430053710938,1215913
2023-05-04,733.9500122070312,742.0,730.25,738.7000122070312,723.7666625976562,1464468
2023-05-05,736.2999877929688,741.6500244140625,730.5,733.3499755859375,718.5247802734375,945667
2023-05-08,735.5999755859375,741.0,730.0499877929688,732.7999877929688,717.9859008789062,1132367
2023-05-09,733.5999755859375,740.5,722.5,724.5999755859375,709.9515991210938,1179219
2023-05-10,725.0,729.5999755859375,719.4000244140625,724.3499755859375,709.7067260742188,919645
2023-05-11,727.5,729.4000244140625,708.5,710.5999755859375,696.2346801757812,1284636
2023-05-12,699.9000244140625,708.9000244140625,691.1500244140625,702.6500244140625,688.4454956054688,1499306
2023-05-15,701.9000244140625,710.5,697.0,705.5499877929688,691.2867431640625,998259
2023-05-16,710.4500122070312,711.0499877929688,700.5499877929688,702.75,688.5433959960938,874913
2023-05-17,701.3499755859375,701.3499755859375,691.7999877929688,695.0999755859375,681.048095703125,1686465
2023-05-18,700.7999877929688,709.5,689.25,692.0499877929688,678.0596313476562,3667407
2023-05-19,696.0,696.5999755859375,681.0499877929688,693.8499755859375,679.8233032226562,2329260
2023-05-22,692.0,707.7999877929688,687.4500122070312,704.5999755859375,690.3560180664062,2182824
2023-05-23,710.0,711.9000244140625,702.5,704.0999755859375,689.8660278320312,2324758
2023-05-24,700.0,706.5499877929688,694.5,696.0,681.9298706054688,1185182
2023-05-25,693.0,702.6500244140625,690.0,696.6500244140625,682.5667724609375,1213068
2023-05-26,696.6500244140625,705.4500122070312,694.1500244140625,701.7000122070312,687.5146484375,1461749
2023-05-29,703.25,708.9500122070312,701.0999755859375,702.2000122070312,688.0045776367188,1467219
2023-05-30,701.0999755859375,717.9000244140625,697.9000244140625,704.5999755859375,690.3560180664062,3317461
2023-05-31,701.1500244140625,704.9500122070312,691.0,696.2999877929688,682.2237548828125,14943096
2023-06-01,698.9000244140625,701.9000244140625,691.1500244140625,693.8499755859375,679.8233032226562,1995511
2023-06-02,698.0,709.0499877929688,695.75,706.5999755859375,692.3155517578125,3405152
2023-06-05,708.9500122070312,714.0,703.0,712.1500244140625,697.7533569335938,2454283
2023-06-06,714.0,717.5,708.7999877929688,712.8499755859375,698.439208984375,2436996
2023-06-07,715.25,732.2000122070312,714.0,729.75,714.99755859375,3667486
2023-06-08,729.75,764.4500122070312,727.8499755859375,748.7999877929688,733.6624145507812,9618332
2023-06-09,751.5,756.9500122070312,741.5,748.5,733.3685302734375,2408734
2023-06-12,754.5999755859375,757.9500122070312,744.6500244140625,747.2999877929688,732.1927490234375,1703619
2023-06-13,755.0,762.5999755859375,751.1500244140625,756.6500244140625,741.3538208007812,3419413
2023-06-14,761.5499877929688,779.0,759.1500244140625,772.8499755859375,757.2262573242188,4758206
2023-06-15,778.0,778.0,768.5,770.5999755859375,755.021728515625,2222061
2023-06-16,776.9500122070312,781.7999877929688,772.7000122070312,776.0999755859375,760.4105834960938,2285788
2023-06-19,780.5,782.0,767.8499755859375,771.6500244140625,756.050537109375,1422461
2023-06-20,772.2000122070312,786.5,768.5499877929688,773.1500244140625,757.5203247070312,2282549
2023-06-21,773.1500244140625,774.0,752.0499877929688,758.75,743.4112548828125,2768203
2023-06-22,754.2000122070312,763.75,745.9500122070312,752.3499755859375,737.1406860351562,1972478
2023-06-23,750.0,758.7000122070312,743.8499755859375,746.5,731.4089965820312,1704679
2023-06-26,749.9000244140625,751.3499755859375,737.1500244140625,748.7999877929688,733.6624145507812,1602537
2023-06-27,750.0,765.0,749.0499877929688,762.5,747.0855102539062,2783577
2023-06-28,768.0,791.4500122070312,762.0,783.4000244140625,767.56298828125,8340755
2023-06-30,786.2999877929688,789.0,780.0,784.7999877929688,768.9346923828125,2515440
2023-07-03,788.0,808.2999877929688,787.0499877929688,794.0,777.94873046875,4781944
2023-07-04,798.0,802.75,789.2999877929688,796.6500244140625,780.5452270507812,2473106
2023-07-05,796.7000122070312,803.5999755859375,788.0999755859375,791.9000244140625,775.89111328125,2526894
2023-07-06,804.4500122070312,804.5499877929688,789.0,795.5499877929688,779.46728515625,3316923
2023-07-07,796.0,801.9000244140625,784.4000244140625,788.4000244140625,772.4619750976562,2547821
2023-07-10,789.0,813.7999877929688,787.75,810.5999755859375,794.213134765625,4777540
2023-07-11,815.5499877929688,815.7000122070312,793.2999877929688,797.4000244140625,784.57080078125,3085989
2023-07-12,804.5,814.7999877929688,788.6500244140625,805.7000122070312,792.7373046875,25929716
2023-07-13,810.7000122070312,814.2000122070312,796.7999877929688,802.1500244140625,789.2444458007812,3049961
2023-07-14,807.9000244140625,807.9000244140625,792.0999755859375,804.8499755859375,791.9009399414062,2011903
2023-07-17,805.6500244140625,812.0,797.0,798.1500244140625,785.308837890625,1769593
2023-07-18,799.7999877929688,801.0,788.5,790.9000244140625,778.1753540039062,1527919
2023-07-19,796.0,797.8499755859375,789.0499877929688,791.9000244140625,779.1593627929688,1563134
2023-07-20,795.0,801.4500122070312,785.75,799.0499877929688,786.1943359375,1780010
2023-07-21,798.0,823.3499755859375,782.5999755859375,786.4500122070312,773.7969970703125,8469798
2023-07-24,789.0,789.0,773.2000122070312,775.6500244140625,763.1707153320312,2710762
2023-07-25,778.0,805.5,777.0,800.5499877929688,787.6701049804688,4850069
2023-07-26,807.4500122070312,809.0,800.0999755859375,805.4500122070312,792.4913330078125,3062011
2023-07-27,806.0,814.5,791.0,793.75,780.9796142578125,2865447
2023-07-28,795.0,806.0,786.0,804.1500244140625,791.2122192382812,2111325
2023-07-31,806.2000122070312,821.2000122070312,806.2000122070312,816.75,803.6094360351562,4226070
2023-08-01,823.0,825.0,816.9500122070312,820.9000244140625,807.6927490234375,2406158
2023-08-02,817.0,817.8499755859375,798.3499755859375,804.25,791.3106079101562,1975596
2023-08-03,804.25,809.0,794.2000122070312,804.4500122070312,791.5073852539062,1829238
2023-08-04,808.0,814.7999877929688,802.7999877929688,805.9500122070312,792.9832763671875,1275614
2023-08-07,808.0,816.5999755859375,803.5499877929688,813.0499877929688,799.9690551757812,1422051
2023-08-08,815.0499877929688,816.5,799.5,801.2999877929688,788.4080810546875,933777
2023-08-09,801.7000122070312,828.9000244140625,801.3499755859375,823.4500122070312,810.2017211914062,3133311
2023-08-10,825.0,835.0,819.25,831.5,818.1221923828125,6313077
2023-08-11,830.0,831.3499755859375,815.5999755859375,820.6500244140625,807.4468383789062,3239511
2023-08-14,815.0,815.0,793.5499877929688,799.4500122070312,786.5878295898438,1866848
2023-08-16,803.7000122070312,803.7000122070312,789.0,795.2999877929688,782.5045776367188,1317570
2023-08-17,794.8499755859375,796.6500244140625,783.5999755859375,789.75,777.0438842773438,1434401
2023-08-18,789.9000244140625,793.9000244140625,783.2999877929688,787.0999755859375,774.4365234375,1546387
2023-08-21,793.0,797.5999755859375,787.7999877929688,794.75,781.9634399414062,1033216
2023-08-22,799.9000244140625,799.9500122070312,792.2999877929688,795.2000122070312,782.40625,823108
2023-08-23,799.0,802.9000244140625,793.0499877929688,797.9000244140625,785.062744140625,1274976
2023-08-24,800.0,806.7000122070312,786.1500244140625,787.9000244140625,775.2236938476562,1726077
2023-08-25,781.0,787.5499877929688,770.5499877929688,773.1500244140625,760.7109985351562,1502054
2023-08-28,775.5,780.9500122070312,771.0,773.0,760.5633544921875,1769280
2023-08-29,778.9000244140625,785.9000244140625,775.5499877929688,782.6500244140625,770.05810546875,1807893
2023-08-30,784.7000122070312,791.9500122070312,784.0999755859375,787.1500244140625,774.4857177734375,1978468
2023-08-31,787.1500244140625,791.7999877929688,777.0,779.6500244140625,767.1064453125,3999415
2023-09-01,779.0,807.7000122070312,778.0,806.4000244140625,793.426025390625,3513798
2023-09-04,811.9500122070312,826.5999755859375,808.5,809.7999877929688,796.7713012695312,3571051
2023-09-05,808.9500122070312,818.0,800.5,815.9500122070312,802.8223876953125,1770212
2023-09-06,816.0499877929688,817.5,803.2999877929688,814.9000244140625,801.789306640625,2225037
2023-09-07,812.0499877929688,821.4000244140625,805.5,819.2999877929688,806.1184692382812,2652562
2023-09-08,819.2999877929688,824.0,810.5999755859375,815.75,802.6256103515625,1866220
2023-09-11,820.0,829.3499755859375,816.4500122070312,824.25,810.9888916015625,1715172
2023-09-12,833.7999877929688,840.0,811.9000244140625,816.2000122070312,803.068359375,2776481
2023-09-13,818.0,820.1500244140625,808.0,810.7000122070312,797.6568603515625,1380634
2023-09-14,812.9500122070312,825.0,808.8499755859375,810.3499755859375,797.3124389648438,2398032
2023-09-15,813.0499877929688,819.7000122070312,805.0,812.8499755859375,799.7721557617188,4454542
2023-09-18,812.8499755859375,814.9500122070312,807.5499877929688,808.7999877929688,795.787353515625,1335464
2023-09-20,808.0499877929688,810.7999877929688,785.2000122070312,786.75,774.0921630859375,3359951
2023-09-21,790.0,791.5999755859375,774.0,778.3499755859375,765.8273315429688,2875491
2023-09-22,780.0,783.7000122070312,772.7000122070312,774.0499877929688,761.5964965820312,2147621
2023-09-25,776.9500122070312,783.4500122070312,774.3499755859375,779.9000244140625,767.3524169921875,2326745
2023-09-26,779.9000244140625,788.4000244140625,777.9500122070312,779.6500244140625,767.1064453125,1727679
2023-09-27,780.0,785.7000122070312,774.6500244140625,779.5999755859375,767.0571899414062,2612372
2023-09-28,780.7000122070312,787.4000244140625,764.3499755859375,768.0999755859375,755.7421875,3157286
2023-09-29,775.8499755859375,783.9000244140625,771.4500122070312,779.5999755859375,767.0571899414062,1704218
2023-10-03,776.5499877929688,776.5499877929688,768.0,770.25,757.8576049804688,1099773
2023-10-04,767.9500122070312,768.0,753.1500244140625,756.5999755859375,744.42724609375,1654158
2023-10-05,762.0,762.6500244140625,752.9000244140625,755.5,743.344970703125,1459736
2023-10-06,760.3499755859375,771.1500244140625,758.6500244140625,765.2000122070312,752.888916015625,2026927
2023-10-09,756.5,761.4000244140625,749.1500244140625,757.5499877929688,745.3619384765625,725323
2023-10-10,759.6500244140625,774.2000122070312,757.2999877929688,771.9000244140625,759.4810791015625,1351582
2023-10-11,776.0,782.5499877929688,774.5499877929688,777.25,764.7449951171875,1841618
2023-10-12,782.4000244140625,789.9500122070312,779.4500122070312,783.4500122070312,770.8452758789062,2139718
2023-10-13,778.0,780.0,773.0,777.25,764.7449951171875,998547
2023-10-16,777.25,794.3499755859375,773.0,790.7000122070312,777.9786376953125,2157341
2023-10-17,792.7000122070312,796.0,788.1500244140625,790.1500244140625,777.4374389648438,1050381
2023-10-18,793.0999755859375,801.0,781.2000122070312,784.4000244140625,771.7799682617188,1250892
2023-10-19,780.1500244140625,782.7000122070312,769.1500244140625,780.4500122070312,767.8935546875,2130597
2023-10-20,779.5999755859375,779.75,761.9000244140625,769.4000244140625,757.0213623046875,1501944
2023-10-23,770.7999877929688,774.7999877929688,746.0999755859375,748.9500122070312,736.9003295898438,1715908
2023-10-25,754.0999755859375,761.8499755859375,741.5,748.2999877929688,736.2607421875,2417579
2023-10-26,744.7000122070312,745.0,725.5,728.7000122070312,716.97607421875,2519570
2023-10-27,729.7000122070312,735.4500122070312,725.25,732.0,720.2230224609375,1588987
2023-10-30,734.7999877929688,736.7999877929688,726.0,734.5,722.682861328125,1162173
2023-10-31,737.0,738.5499877929688,727.0,736.3499755859375,724.5030517578125,1363728
2023-11-01,736.9000244140625,737.2999877929688,723.0,724.4500122070312,712.7944946289062,1845107
2023-11-02,728.0,734.4000244140625,725.0,733.3499755859375,721.55126953125,1095177
2023-11-03,735.9500122070312,748.0,735.0,746.0499877929688,734.0469360351562,2526039
2023-11-06,748.0999755859375,756.4500122070312,744.9000244140625,754.0,741.8690795898438,2782755
2023-11-07,757.0,759.5999755859375,746.9500122070312,748.5999755859375,736.555908203125,2288975
2023-11-08,750.0,757.75,745.0,756.7000122070312,744.525634765625,2664277
2023-11-09,756.7000122070312,759.9000244140625,749.0499877929688,750.8499755859375,738.769775390625,2579350
2023-11-10,751.9000244140625,759.0,745.0499877929688,754.75,742.6070556640625,1108868
2023-11-13,756.5499877929688,763.25,753.0,761.0999755859375,748.8548583984375,942603
2023-11-15,769.0,782.5,769.0,772.8499755859375,760.415771484375,2443652
2023-11-16,770.5,774.2999877929688,763.4000244140625,769.1500244140625,756.7752685546875,1699954
2023-11-17,772.0,774.9000244140625,766.0,768.7999877929688,756.4309692382812,1567731
2023-11-20,769.9000244140625,772.0,760.6500244140625,761.8499755859375,749.5927124023438,1024654
2023-11-21,766.8499755859375,779.5999755859375,765.9500122070312,775.7999877929688,763.3182983398438,1846834
2023-11-22,775.7999877929688,776.75,765.5,768.4500122070312,756.0866088867188,1312655
2023-11-23,771.9500122070312,777.9500122070312,767.1500244140625,775.5499877929688,763.0723876953125,1068229
2023-11-24,779.0,786.25,776.4000244140625,782.0499877929688,769.4677124023438,2069730
2023-11-28,785.0,785.5499877929688,778.75,782.3499755859375,769.7628784179688,858569
2023-11-29,783.2000122070312,794.7000122070312,783.2000122070312,793.25,780.487548828125,1481172
2023-11-30,794.0,808.1500244140625,789.5999755859375,801.0999755859375,788.2113037109375,3142500
2023-12-01,805.0,815.0,796.9000244140625,810.7999877929688,797.7551879882812,2064512
2023-12-04,820.0,823.4000244140625,812.3499755859375,819.5999755859375,806.4136352539062,2789349
2023-12-05,816.0,826.0,814.2000122070312,821.7000122070312,808.4798583984375,1338828
2023-12-06,824.9500122070312,833.4000244140625,815.2000122070312,824.7000122070312,811.431640625,1543909
2023-12-07,828.9500122070312,830.0,817.8499755859375,819.1500244140625,805.970947265625,1717648
2023-12-08,824.7999877929688,853.4500122070312,822.0999755859375,839.3499755859375,825.8458862304688,7142037
2023-12-11,841.5499877929688,847.0,831.7999877929688,845.0999755859375,831.50341796875,1630946
2023-12-12,846.5999755859375,862.7999877929688,845.25,853.8499755859375,840.1126098632812,2518863
2023-12-13,854.8499755859375,859.2000122070312,840.0,851.4000244140625,837.7020263671875,2170707
2023-12-14,860.0,861.5499877929688,845.7999877929688,847.4000244140625,833.7664794921875,2711444
2023-12-15,854.0499877929688,870.5499877929688,851.5999755859375,867.2000122070312,853.2478637695312,4058044
2023-12-18,844.0,865.5499877929688,836.1500244140625,854.9000244140625,841.145751953125,4324786
2023-12-19,855.5499877929688,861.5,847.5999755859375,858.7000122070312,844.8845825195312,1285256
2023-12-20,859.0,863.75,839.7000122070312,842.25,828.69921875,1764901
2023-12-21,830.0,847.6500244140625,820.0999755859375,841.9000244140625,828.3548583984375,2106856
2023-12-22,845.0,857.5499877929688,843.0999755859375,855.2999877929688,841.5392456054688,1846933
2023-12-26,857.5,863.0,849.9500122070312,852.2999877929688,838.5875244140625,1294151
2023-12-27,858.4500122070312,881.5,855.6500244140625,875.9000244140625,861.807861328125,2466359
2023-12-28,882.9000244140625,895.75,874.0,880.7999877929688,866.6289672851562,4482599
2023-12-29,882.0,887.5,873.2999877929688,880.25,866.087890625,1906630
2024-01-01,880.25,884.7999877929688,875.0,877.5999755859375,863.4805297851562,778184
2024-01-02,883.8499755859375,883.8499755859375,859.0999755859375,870.2000122070312,856.1995849609375,1615515
2024-01-03,870.0,870.0,836.0,837.6500244140625,824.1732788085938,3983411
2024-01-04,840.25,843.7999877929688,835.0,837.0999755859375,823.632080078125,1878399
2024-01-05,838.9500122070312,845.7999877929688,827.2000122070312,829.4000244140625,816.0560302734375,2060548
2024-01-08,835.75,836.6500244140625,820.7000122070312,821.9500122070312,808.725830078125,1107367
2024-01-09,828.5,831.9500122070312,819.25,821.4000244140625,808.1846923828125,1458862
2024-01-10,823.8499755859375,831.3499755859375,811.2000122070312,829.7999877929688,816.4495239257812,1265739
2024-01-11,834.7999877929688,836.75,820.0999755859375,822.0499877929688,808.82421875,1205504
2024-01-12,824.5,830.7999877929688,821.25,825.7999877929688,812.513916015625,1326357
2024-01-15,827.7000122070312,830.5,820.0,825.1500244140625,811.8743896484375,1497605
2024-01-16,827.6500244140625,839.5,819.3499755859375,832.2999877929688,818.9092407226562,1920936
2024-01-17,830.0,830.0,810.0499877929688,812.6500244140625,799.5755004882812,1433551
2024-01-18,812.5,814.5,792.5999755859375,803.6500244140625,790.7202758789062,1991900
2024-01-19,805.25,820.7000122070312,805.25,816.6500244140625,803.5111694335938,1358166
2024-01-23,808.25,816.0,788.4500122070312,790.4000244140625,777.6834716796875,1533222
2024-01-24,795.0,814.0,784.0,812.2000122070312,799.1327514648438,1490515
2024-01-25,815.0,821.0,792.7999877929688,815.7000122070312,802.576416015625,3240065
2024-01-29,819.0499877929688,823.5999755859375,804.0,811.7000122070312,798.6407470703125,1574830
2024-01-30,818.0,829.3499755859375,810.1500244140625,812.0,798.9359130859375,1892910
2024-01-31,812.0,822.0,808.0499877929688,818.6500244140625,805.47900390625,1954023
2024-02-01,822.0,822.0,800.0999755859375,801.7000122070312,788.8016357421875,2287350
2024-02-02,809.25,826.2999877929688,805.0999755859375,823.5499877929688,810.300048828125,2871131
2024-02-05,824.1500244140625,834.0,811.0,814.6500244140625,801.5432739257812,2056107
2024-02-06,814.6500244140625,820.75,805.0999755859375,818.75,805.5772705078125,1547506
2024-02-07,827.4000244140625,842.9000244140625,823.0,836.5999755859375,823.1400756835938,3647454
2024-02-08,841.4500122070312,841.4500122070312,818.0,822.0999755859375,808.8734130859375,2294805
2024-02-09,824.9000244140625,825.0,800.4500122070312,811.75,798.6898803710938,1396058
2024-02-12,818.0,819.5999755859375,802.4500122070312,811.5,798.4439697265625,1408603
2024-02-13,812.9500122070312,814.7000122070312,790.5499877929688,812.6500244140625,799.5755004882812,1675844
2024-02-14,798.0,815.7999877929688,796.5499877929688,813.25,800.1658325195312,1546826
2024-02-15,818.0,820.75,805.5999755859375,812.3499755859375,799.2802734375,1482200
2024-02-16,818.1500244140625,824.4000244140625,813.5,819.9500122070312,806.7579956054688,1774587
2024-02-19,825.9500122070312,825.9500122070312,814.0,820.2000122070312,807.0040283203125,829517
2024-02-20,825.0,825.0,811.7999877929688,821.2000122070312,807.9879150390625,1384043
2024-02-21,821.0,850.0,820.9500122070312,828.25,814.9244384765625,6419882
2024-02-22,831.0,835.1500244140625,820.0499877929688,828.6500244140625,815.318115234375,2366934
2024-02-23,835.0,836.2999877929688,819.25,821.0,807.7911376953125,1736000
2024-02-26,825.2000122070312,827.7999877929688,806.2000122070312,808.75,795.7381591796875,1188689
2024-02-27,808.9500122070312,820.5499877929688,805.7000122070312,818.9500122070312,805.774169921875,1331211
2024-02-28,822.7000122070312,822.75,795.0,798.5999755859375,785.7515258789062,1851909
2024-02-29,801.0,805.9000244140625,790.0,800.0999755859375,787.2273559570312,3155812
2024-03-01,804.25,839.7000122070312,804.25,836.2000122070312,822.7466430664062,5377896
2024-03-04,839.0,839.0,818.5,824.2999877929688,811.0379638671875,3821690
2024-03-05,825.0999755859375,826.6500244140625,811.0,819.2999877929688,806.1184692382812,2630517
2024-03-06,820.4000244140625,823.0,800.0,812.9000244140625,799.8214721679688,2041620
2024-03-07,820.0,844.9000244140625,818.0499877929688,830.0,816.6463623046875,5074846
2024-03-11,832.0,836.5999755859375,822.1500244140625,829.7999877929688,816.4495239257812,1622850
2024-03-12,829.0,829.2999877929688,815.0,817.7999877929688,804.642578125,1231413
2024-03-13,818.4000244140625,820.5999755859375,788.4500122070312,792.9500122070312,780.1923828125,3047464
2024-03-14,792.0,792.9500122070312,761.75,785.4500122070312,772.8131103515625,5262918
2024-03-15,782.0999755859375,790.2000122070312,774.5499877929688,780.6500244140625,768.0902709960938,3992861
2024-03-18,780.6500244140625,808.5,778.5,804.4000244140625,791.4581909179688,3561533
2024-03-19,802.0,809.9500122070312,793.75,801.0499877929688,788.162109375,2192986
2024-03-20,802.2000122070312,810.0,789.2999877929688,794.6500244140625,781.8651123046875,1538050
2024-03-21,804.0,819.4500122070312,803.0999755859375,812.3499755859375,799.2802734375,2783067
2024-03-22,808.0,832.9500122070312,806.75,824.7999877929688,811.5299682617188,3983433
2024-03-26,820.5499877929688,834.0,818.0499877929688,821.9000244140625,808.6766967773438,2454193
2024-03-27,825.0,832.4000244140625,815.4000244140625,818.0499877929688,804.8886108398438,1884038
2024-03-28,827.0,840.8499755859375,820.0,830.2000122070312,816.8430786132812,3722941
2024-04-01,838.0,876.4500122070312,838.0,871.9500122070312,857.92138671875,6053539
2024-04-02,871.0999755859375,881.8499755859375,861.5499877929688,879.25,865.1039428710938,2784783
2024-04-03,877.8499755859375,879.5499877929688,867.0999755859375,869.0,855.0188598632812,1980049
2024-04-04,876.2999877929688,878.6500244140625,853.5499877929688,862.5,848.6234741210938,2790334
2024-04-05,860.0,864.5499877929688,846.9500122070312,857.0999755859375,843.310302734375,1847243
2024-04-08,864.0,878.0,860.25,876.4500122070312,862.3489990234375,2462906
2024-04-09,881.7999877929688,891.4500122070312,870.5499877929688,874.5999755859375,860.5287475585938,2512308
2024-04-10,881.3499755859375,889.0,875.3499755859375,883.9500122070312,869.7283935546875,2519596
2024-04-12,883.9000244140625,883.9000244140625,862.0,866.4500122070312,852.5098876953125,4129109
2024-04-15,862.9000244140625,882.0,850.25,860.4500122070312,846.6063842773438,1974756
2024-04-16,859.5,863.5999755859375,842.75,845.25,831.6510009765625,1706563
2024-04-18,846.0999755859375,858.0,841.7000122070312,844.7999877929688,831.208251953125,3437879
2024-04-19,842.8499755859375,867.2999877929688,833.2000122070312,864.7999877929688,850.8863525390625,3157898
2024-04-22,867.0999755859375,870.9000244140625,853.4500122070312,854.7999877929688,841.0473022460938,1584578
2024-04-23,858.5,865.0,848.5499877929688,851.3499755859375,837.6527709960938,1755588
2024-04-24,851.3499755859375,886.0,850.0,882.7000122070312,868.4984130859375,4257548
2024-04-25,882.7000122070312,909.4000244140625,874.3499755859375,905.7999877929688,891.226806640625,4893459
2024-04-26,910.0,914.0,884.6500244140625,887.25,872.9752807617188,3626999
2024-04-29,898.4000244140625,902.5,886.1500244140625,895.75,881.3385009765625,1956431
2024-04-30,902.4500122070312,902.75,880.0499877929688,882.2000122070312,868.0064697265625,1831578
2024-05-02,883.0,894.5999755859375,883.0,890.3499755859375,876.0253295898438,2448369
2024-05-03,895.8499755859375,903.7000122070312,866.0,874.2000122070312,860.1351928710938,3672279
2024-05-06,879.7000122070312,893.0,874.3499755859375,880.6500244140625,866.4813842773438,2556178
2024-05-07,880.6500244140625,881.0499877929688,845.75,857.3499755859375,843.5562744140625,2369111
2024-05-08,850.4000244140625,866.5999755859375,850.4000244140625,864.6500244140625,850.7388305664062,1849894
2024-05-09,864.7000122070312,868.7999877929688,831.0499877929688,834.5499877929688,821.1231079101562,2282517
2024-05-10,835.9500122070312,855.9500122070312,835.9500122070312,853.5999755859375,839.8666381835938,1947295
2024-05-13,847.8499755859375,862.5,830.0,860.5999755859375,846.7539672851562,1735081
2024-05-14,864.1500244140625,884.9500122070312,861.2000122070312,881.5,867.3177490234375,2706050
2024-05-15,882.0,883.5,863.4000244140625,870.9500122070312,856.9375,2194086
2024-05-16,872.7999877929688,888.4500122070312,864.4500122070312,886.4000244140625,872.138916015625,3282175
2024-05-17,888.0,914.9500122070312,878.7000122070312,907.4500122070312,892.8502807617188,4635724
2024-05-21,892.0,928.9500122070312,890.7999877929688,923.4500122070312,908.5927734375,5938708
2024-05-22,925.0,927.2999877929688,906.0499877929688,915.7999877929688,901.0658569335938,2938404
2024-05-23,912.0,920.8499755859375,890.7000122070312,917.0,902.24658203125,3800388
2024-05-24,915.0,925.0,906.0499877929688,908.6500244140625,894.0309448242188,2113036
2024-05-27,910.5,919.1500244140625,900.0999755859375,901.9500122070312,887.4387817382812,1893682
2024-05-28,905.8499755859375,915.8499755859375,901.2000122070312,907.3499755859375,892.7518310546875,1931419
2024-05-29,899.5999755859375,910.0,896.4500122070312,901.9000244140625,887.3895874023438,1740879
2024-05-30,900.0,900.7999877929688,873.25,883.7000122070312,869.4823608398438,3993159
2024-05-31,892.0,895.4500122070312,877.0,880.5499877929688,866.383056640625,5249761
2024-06-03,912.0,917.7000122070312,897.7999877929688,915.2999877929688,900.5739135742188,2541803
2024-06-04,914.0,914.0,823.7999877929688,841.8499755859375,828.3056640625,4022430
2024-06-05,857.0,881.7000122070312,829.1500244140625,878.4000244140625,864.2676391601562,1969854
2024-06-06,884.0,892.9000244140625,877.5,888.0999755859375,873.8115234375,3095781
2024-06-07,888.0999755859375,915.4000244140625,877.0999755859375,912.1500244140625,897.4746704101562,3609817
2024-06-10,907.0,920.0,900.75,915.9000244140625,901.164306640625,1765715
2024-06-11,915.9500122070312,918.7999877929688,905.0499877929688,910.0999755859375,895.4576416015625,2003998
2024-06-12,910.0499877929688,924.2999877929688,908.0499877929688,916.9000244140625,902.1482543945312,1782777
2024-06-13,917.5499877929688,925.0499877929688,908.0499877929688,915.75,901.0167236328125,1788757
2024-06-14,914.0,923.5,903.5999755859375,921.1500244140625,906.329833984375,2625892
2024-06-18,921.1500244140625,927.4500122070312,914.2999877929688,925.3499755859375,910.4622802734375,2395045
2024-06-19,929.0,936.9000244140625,913.2999877929688,914.9500122070312,900.2295532226562,1793533
2024-06-20,914.9500122070312,938.0,911.2999877929688,929.6500244140625,914.6930541992188,3120339
2024-06-21,929.0,944.0,923.1500244140625,936.9000244140625,921.8264770507812,4299319
2024-06-24,936.0,941.6500244140625,922.0,935.3499755859375,920.3013305664062,1857847
2024-06-25,936.9000244140625,940.0,927.9500122070312,929.9000244140625,914.9390869140625,1733931
2024-06-26,930.9000244140625,932.4500122070312,918.0999755859375,919.2000122070312,904.4111938476562,1341496
2024-06-27,916.2000122070312,945.5999755859375,915.2999877929688,943.1500244140625,927.9758911132812,4700053
2024-06-28,943.1500244140625,949.4000244140625,928.75,931.5,916.5133056640625,2402672
2024-07-01,935.0,947.5,931.5999755859375,943.9000244140625,928.7138671875,2562034
2024-07-02,945.0,953.7000122070312,936.5,938.25,923.1547241210938,1936180
2024-07-03,939.5,953.4000244140625,939.0499877929688,950.4000244140625,935.1092529296875,1369238
2024-07-04,950.4000244140625,959.4000244140625,943.0,944.3499755859375,929.1565551757812,1384884
2024-07-05,948.0,956.0,945.2000122070312,954.0499877929688,938.7005004882812,1583550
2024-07-08,955.9000244140625,955.9000244140625,934.0499877929688,939.2000122070312,924.0894775390625,1569620
2024-07-09,939.0,940.7999877929688,932.2999877929688,935.2999877929688,927.4609375,1489629
2024-07-10,931.0,935.2999877929688,918.9000244140625,925.4000244140625,917.6439208984375,1483892
2024-07-11,927.1500244140625,932.0,915.4500122070312,925.0,917.2472534179688,2348723
2024-07-12,929.9500122070312,937.75,924.0,934.4000244140625,926.5684814453125,1498780
2024-07-15,937.9500122070312,938.7000122070312,926.1500244140625,931.7000122070312,923.89111328125,1337839
2024-07-16,932.1500244140625,939.3499755859375,928.1500244140625,934.3499755859375,926.5188598632812,1442535
2024-07-18,934.3499755859375,935.3499755859375,921.3499755859375,931.4500122070312,923.6431884765625,1812254
2024-07-19,927.0,927.5,886.5499877929688,889.4500122070312,881.9952392578125,3001973
2024-07-22,875.5,893.4000244140625,865.1500244140625,888.5499877929688,881.1027221679688,2725373
2024-07-23,890.0,896.1500244140625,872.0,893.9500122070312,886.45751953125,1640412
2024-07-24,895.0,895.0,880.0,881.3499755859375,873.9630737304688,1519772
2024-07-25,870.0,880.0,862.4000244140625,874.5,867.1705322265625,1636466
2024-07-26,880.0,908.7999877929688,875.2999877929688,900.5499877929688,893.0021362304688,2056457
2024-07-29,909.9000244140625,909.9000244140625,895.0499877929688,898.5499877929688,891.0189208984375,1066351
2024-07-30,895.0499877929688,907.9500122070312,890.1500244140625,902.0999755859375,894.5391235351562,979026
2024-07-31,908.9500122070312,936.3499755859375,902.7000122070312,928.25,920.469970703125,2716481
2024-08-01,937.5499877929688,957.9500122070312,927.75,934.5499877929688,926.7172241210938,4039078
2024-08-02,919.9000244140625,923.8499755859375,896.0,899.5499877929688,892.0105590820312,3306705
2024-08-05,884.0,884.0,854.1500244140625,863.7999877929688,856.5601806640625,4059902
2024-08-06,867.0499877929688,893.0499877929688,867.0499877929688,884.0,876.5908813476562,2665068
2024-08-07,899.0,910.6500244140625,895.0,906.4500122070312,898.8527221679688,2262055
2024-08-08,900.0,902.9500122070312,883.4000244140625,887.5499877929688,880.1111450195312,2796559
2024-08-09,896.0499877929688,914.75,889.0,905.0999755859375,897.5140380859375,1722454
2024-08-12,904.7999877929688,926.2000122070312,898.0999755859375,917.3499755859375,909.6613159179688,3822527
2024-08-13,925.0,927.5,905.0,907.8499755859375,900.240966796875,1329629
2024-08-14,911.9500122070312,911.9500122070312,885.4000244140625,890.2999877929688,882.8380737304688,2024615
2024-08-16,900.0,910.7000122070312,882.5499877929688,908.4500122070312,900.8359985351562,2208842
2024-08-19,910.0,920.0,903.9000244140625,917.75,910.0580444335938,847523
2024-08-20,923.9000244140625,923.9000244140625,910.7999877929688,917.1500244140625,909.4630737304688,696605
2024-08-21,910.0,927.0,908.0999755859375,925.7999877929688,918.0405883789062,1600466
2024-08-22,927.0499877929688,934.8499755859375,924.7999877929688,933.25,925.4281616210938,1073406
2024-08-23,934.5999755859375,943.9500122070312,929.1500244140625,941.0499877929688,933.1627197265625,1441218
2024-08-26,945.5,968.9000244140625,937.2000122070312,963.5,955.424560546875,2364465
2024-08-27,963.4500122070312,966.9500122070312,942.75,944.0,936.0880126953125,2480788
2024-08-28,947.5,951.5,935.0,949.25,941.2940063476562,2285575
2024-08-29,945.0,950.5,930.7999877929688,939.7000122070312,931.8240356445312,2233515
2024-08-30,947.9000244140625,954.75,938.6500244140625,941.0999755859375,933.2122802734375,2896103
2024-09-02,941.0999755859375,951.4500122070312,936.1500244140625,940.4500122070312,932.5678100585938,1316611
2024-09-03,937.0999755859375,941.5499877929688,929.9500122070312,930.9500122070312,923.1473999023438,1116938
2024-09-04,920.0,934.7000122070312,912.0,933.0499877929688,925.229736328125,3020790
2024-09-05,934.5499877929688,944.5499877929688,923.75,925.4500122070312,917.6934814453125,1482001
2024-09-06,925.4500122070312,939.4000244140625,911.7000122070312,932.7999877929688,924.9818725585938,1984209
2024-09-09,923.0,936.7000122070312,919.0499877929688,934.25,926.4197387695312,1793548
2024-09-10,934.0999755859375,948.5,929.7999877929688,938.75,930.8820190429688,1388455
2024-09-11,941.0499877929688,944.2999877929688,924.25,927.75,919.9741821289062,1087490
2024-09-12,935.7999877929688,957.5999755859375,929.0,954.7999877929688,946.7974853515625,3061006
2024-09-13,958.0,972.4500122070312,951.3499755859375,954.5499877929688,946.549560546875,2445329
2024-09-16,961.4000244140625,978.5499877929688,957.0999755859375,971.0,962.8616943359375,2186706
2024-09-17,971.0,974.5499877929688,961.7000122070312,964.25,956.1682739257812,543055
2024-09-18,962.0499877929688,970.9500122070312,950.0,956.7000122070312,948.6815795898438,644373
2024-09-19,960.0,965.9500122070312,944.0,948.4000244140625,940.451171875,1278919
2024-09-20,970.0,988.0,965.2000122070312,981.5499877929688,973.3232421875,8035572
2024-09-23,986.0,987.9500122070312,976.2000122070312,982.0999755859375,973.86865234375,1714600
2024-09-24,991.2999877929688,1009.7999877929688,985.1500244140625,989.7000122070312,981.4049682617188,5545642
2024-09-25,996.0,998.6500244140625,972.7000122070312,982.6500244140625,974.4140625,1309311
2024-09-26,984.0,1007.9500122070312,975.4500122070312,1005.5499877929688,997.1221313476562,2706617
2024-09-27,1008.0,1018.9000244140625,997.5,1001.5499877929688,993.1557006835938,2757284
2024-09-30,1004.0,1032.9000244140625,1004.0,1030.050048828125,1021.4168701171875,4250590
2024-10-01,1029.0,1029.949951171875,1014.4000244140625,1027.300048828125,1018.6898803710938,1392457
2024-10-03,1028.0,1060.0,1025.449951171875,1039.0999755859375,1030.3909912109375,6615927
2024-10-04,1042.0,1063.0,1027.300048828125,1033.75,1025.0858154296875,4855592
2024-10-07,1039.949951171875,1044.0999755859375,1012.5,1018.75,1010.2114868164062,2708970
2024-10-08,1014.4000244140625,1014.4000244140625,984.0,998.2000122070312,989.833740234375,4115797
2024-10-09,999.9000244140625,1011.5,985.0,994.5,986.1647338867188,2138939
2024-10-10,999.0,1012.9500122070312,996.75,1007.4000244140625,998.9566650390625,1368830
2024-10-11,1007.2999877929688,1025.949951171875,1006.0,1012.0499877929688,1003.567626953125,1957211
2024-10-14,1017.0,1032.0,1009.4000244140625,1012.5,1004.0138549804688,1831080
2024-10-15,1012.5,1020.5999755859375,992.0,1000.8499755859375,992.4614868164062,1444250
2024-10-16,995.0,1004.7999877929688,982.0499877929688,989.3499755859375,981.057861328125,1248745
2024-10-17,991.0999755859375,995.2000122070312,969.75,979.5,971.2904663085938,1079467
2024-10-18,978.5,998.25,973.0999755859375,992.5999755859375,984.2806396484375,1291683
2024-10-21,997.0,1005.0,980.0499877929688,981.4500122070312,973.22412109375,953143
2024-10-22,981.0,983.2999877929688,960.4000244140625,963.6500244140625,955.5733642578125,1318146
2024-10-23,963.6500244140625,971.0,952.1500244140625,954.4500122070312,946.450439453125,1306503
2024-10-24,954.4500122070312,962.0499877929688,952.4500122070312,958.0999755859375,950.0697631835938,650392
2024-10-25,958.0999755859375,959.9500122070312,926.7999877929688,943.8499755859375,935.9392700195312,2541293
2024-10-28,936.0,972.4500122070312,909.0,967.25,959.1431274414062,1737402
2024-10-29,972.4500122070312,972.7999877929688,947.0,958.7999877929688,950.7639770507812,1032874
2024-10-30,966.2000122070312,968.5499877929688,952.2999877929688,957.2999877929688,949.2764892578125,733890
2024-10-31,958.0,967.8499755859375,954.4500122070312,963.6500244140625,955.5733642578125,1445602
2024-11-01,969.9000244140625,978.0,965.0,968.2999877929688,960.184326171875,136508
2024-11-04,965.0499877929688,968.8499755859375,941.0999755859375,954.9000244140625,946.8966674804688,957723
2024-11-05,954.9000244140625,1003.0,952.0,999.5,991.122802734375,5177028
2024-11-06,1000.0,1015.0499877929688,984.7000122070312,1008.6500244140625,1000.1961669921875,2761749
2024-11-07,1014.0,1018.9500122070312,985.6500244140625,989.7999877929688,981.504150390625,2477876
2024-11-08,994.0,1001.5499877929688,976.5,996.4000244140625,988.0488891601562,3568198
2024-11-11,988.0,995.4500122070312,972.0,979.0,970.794677734375,1336153
2024-11-12,987.0,987.7999877929688,953.6500244140625,957.25,949.2269897460938,731821
2024-11-13,953.5,958.25,928.0499877929688,935.9500122070312,928.10546875,1167594
2024-11-14,935.0499877929688,949.3499755859375,932.4500122070312,939.0499877929688,931.1795043945312,1662673
2024-11-18,935.0499877929688,956.0499877929688,934.9000244140625,949.8499755859375,941.888916015625,1143965
2024-11-19,949.8499755859375,960.9500122070312,945.0,947.2999877929688,939.3603515625,617409
2024-11-21,941.0,950.9500122070312,936.4500122070312,944.1500244140625,936.23681640625,1669641
2024-11-22,947.9000244140625,981.2999877929688,939.0499877929688,977.3499755859375,969.158447265625,1889389
2024-11-25,975.0,980.4500122070312,945.6500244140625,953.2999877929688,945.3099975585938,4563438
2024-11-26,955.0,966.7999877929688,950.5999755859375,963.5999755859375,955.5237426757812,1184177
2024-11-27,963.3499755859375,972.0,955.25,968.8499755859375,960.7296752929688,1327011
2024-11-28,968.8499755859375,974.9500122070312,949.0499877929688,954.1500244140625,946.1529541015625,2959350
2024-11-29,959.0,971.7000122070312,953.4000244140625,966.0,957.9036254882812,1326686
2024-12-02,965.9000244140625,991.5499877929688,961.75,989.7999877929688,981.504150390625,1272868
2024-12-03,995.0,1015.5,991.0499877929688,998.7999877929688,990.4287109375,2118830
2024-12-04,996.0999755859375,1003.0,985.3499755859375,994.8499755859375,986.5118408203125,1030877
2024-12-05,991.0,1009.9500122070312,977.0,999.2000122070312,990.8253784179688,2221958
2024-12-06,999.9000244140625,1008.0,994.6500244140625,1003.7999877929688,995.3867797851562,1218982
2024-12-09,1005.5,1015.5,993.7999877929688,1011.9000244140625,1003.4189453125,1457470
2024-12-10,1021.0,1023.5,1006.6500244140625,1012.9500122070312,1004.4601440429688,2227505
2024-12-11,1015.9000244140625,1020.5,997.0999755859375,1000.2000122070312,991.8170166015625,1246315
2024-12-12,1005.0,1012.9500122070312,991.0,1005.7999877929688,997.3700561523438,1510341
2024-12-13,995.0,1003.5,973.0499877929688,999.8499755859375,991.4699096679688,2444182
2024-12-16,1004.0,1006.2999877929688,984.0,990.3499755859375,982.049560546875,1220082
2024-12-17,990.3499755859375,990.7999877929688,961.0,966.8499755859375,958.7465209960938,1673092
2024-12-18,967.0499877929688,969.5,941.5499877929688,946.8499755859375,938.9141235351562,1612799
2024-12-19,934.0499877929688,942.7000122070312,921.5999755859375,925.9500122070312,918.1893310546875,1926448
2024-12-20,926.0,941.7000122070312,912.0499877929688,917.3499755859375,909.6613159179688,29003345
2024-12-23,936.0,950.9500122070312,921.5999755859375,937.0499877929688,929.1962280273438,3988457
2024-12-24,937.0499877929688,937.9500122070312,918.4500122070312,921.8499755859375,914.1235961914062,2048135
2024-12-26,921.8499755859375,929.4000244140625,913.0999755859375,914.4500122070312,906.7857055664062,2056005
2024-12-27,914.6500244140625,926.5,911.25,913.2999877929688,905.645263671875,1917836
2024-12-30,913.2999877929688,916.7000122070312,895.5999755859375,898.9500122070312,891.4155883789062,1959379
2024-12-31,898.0499877929688,906.4000244140625,896.5999755859375,901.5,893.9442138671875,1031176
2025-01-01,901.1500244140625,910.0,890.7000122070312,905.4500122070312,897.8611450195312,1020555
2025-01-02,909.5,915.7000122070312,901.4500122070312,912.5,904.8519897460938,1636373
2025-01-03,914.0,924.7000122070312,908.5,915.0499877929688,907.380615234375,2691743
2025-01-06,915.0499877929688,919.8499755859375,897.9000244140625,900.9000244140625,893.3493041992188,1104617
2025-01-07,901.5499877929688,913.7000122070312,899.2000122070312,911.7999877929688,904.1578979492188,688211
2025-01-08,910.0,911.9500122070312,895.1500244140625,902.2999877929688,894.737548828125,744601
2025-01-09,901.0,908.9500122070312,888.7999877929688,890.9500122070312,883.482666015625,1459142
2025-01-10,890.9500122070312,908.0,880.25,900.0999755859375,892.555908203125,1614629
2025-01-13,895.9500122070312,898.7000122070312,880.0,883.75,876.3429565429688,1416585
2025-01-14,882.5,911.2999877929688,882.5,906.0499877929688,898.4561157226562,1948192
2025-01-15,910.0,912.7000122070312,901.5,904.0499877929688,896.4728393554688,1581897
2025-01-16,910.0,914.4000244140625,900.0999755859375,906.7999877929688,899.1997680664062,1946590
2025-01-17,906.7999877929688,917.5,905.25,908.5999755859375,900.9846801757812,911260
2025-01-20,908.5999755859375,925.6500244140625,900.5,919.2000122070312,911.495849609375,1299378
2025-01-21,925.0,933.0,919.5499877929688,926.8499755859375,919.0817260742188,1474919
2025-01-22,932.0,932.0,907.1500244140625,919.4000244140625,911.6942138671875,1080075
2025-01-23,919.0499877929688,937.3499755859375,912.7999877929688,929.9000244140625,922.106201171875,1267989
2025-01-24,930.0,953.0,925.1500244140625,932.4500122070312,924.6348266601562,3538998
2025-01-27,901.0999755859375,927.0,901.0999755859375,919.3499755859375,911.6445922851562,3908402
2025-01-28,923.4000244140625,925.5999755859375,904.5,916.1500244140625,908.4714965820312,1101031
2025-01-29,913.5999755859375,941.0499877929688,908.0,937.5999755859375,929.7415771484375,1298065
2025-01-30,937.9000244140625,956.0,936.2000122070312,950.8499755859375,942.880615234375,2020147
2025-01-31,949.75,959.9000244140625,940.5499877929688,945.0,937.0796508789062,2037829
2025-02-01,947.8499755859375,955.2000122070312,911.6500244140625,934.25,926.4197387695312,1339508
2025-02-03,915.0,937.4500122070312,914.0,933.9500122070312,926.1222534179688,1130056
2025-02-04,936.3499755859375,949.4500122070312,934.2999877929688,944.25,936.3358764648438,1262634
2025-02-05,941.0999755859375,954.7999877929688,941.0999755859375,949.9000244140625,941.9385986328125,1209743
2025-02-06,950.5499877929688,956.5499877929688,942.0,948.4000244140625,940.451171875,3060140
2025-02-07,950.9500122070312,985.0,947.7999877929688,980.75,972.5299682617188,2846285
2025-02-10,974.0,974.0,948.25,959.1500244140625,951.1110229492188,1665049
2025-02-11,950.0499877929688,967.5,948.5499877929688,954.5,946.5,2535726
2025-02-12,952.9000244140625,962.9500122070312,938.0999755859375,956.4000244140625,948.3840942382812,2768806
2025-02-13,954.0,984.0,953.25,969.7999877929688,961.6718139648438,1414535
2025-02-14,972.9000244140625,983.7000122070312,954.25,964.5999755859375,956.5153198242188,2690126
2025-02-17,964.5999755859375,975.0,954.0999755859375,973.5499877929688,965.3903198242188,1321057
2025-02-18,975.0,981.2000122070312,962.7999877929688,978.7999877929688,970.5963134765625,1800070
2025-02-19,975.5999755859375,989.9000244140625,971.0999755859375,977.3499755859375,969.158447265625,1581818
2025-02-20,977.0,987.6500244140625,975.0,981.1500244140625,972.9266357421875,1474610
2025-02-21,979.0999755859375,990.9500122070312,975.5499877929688,981.9000244140625,973.6703491210938,1599075
2025-02-24,971.0,984.9000244140625,957.75,966.7999877929688,958.6968994140625,1898963
2025-02-25,967.0,973.4500122070312,957.5,958.75,950.71435546875,1095348
2025-02-27,958.75,981.0,958.7000122070312,975.0,966.8281860351562,2049890
2025-02-28,968.0999755859375,968.5999755859375,940.5499877929688,950.7000122070312,942.7318725585938,2553800
2025-03-03,959.0,981.5499877929688,953.0,976.0499877929688,967.869384765625,1744769
2025-03-04,960.0,978.0999755859375,959.9500122070312,974.0999755859375,965.9356689453125,1077034
2025-03-05,975.0,1008.0,970.9000244140625,1002.7000122070312,994.2960205078125,2472192
2025-03-06,1013.0,1016.2000122070312,997.0999755859375,1011.0999755859375,1002.6256103515625,2203409
2025-03-07,1011.0,1020.4000244140625,1005.5499877929688,1011.1500244140625,1002.6752319335938,759943
2025-03-10,1011.1500244140625,1032.75,1010.25,1013.5,1005.0054931640625,1855010
2025-03-11,1003.8499755859375,1021.0,1001.4500122070312,1018.6500244140625,1010.1123657226562,1595868
2025-03-12,1024.699951171875,1024.949951171875,994.0999755859375,1010.4000244140625,1001.9315185546875,1263600
2025-03-13,1014.9000244140625,1016.4500122070312,998.7999877929688,1001.2000122070312,992.80859375,1218174
2025-03-17,1007.5499877929688,1015.4500122070312,1000.1500244140625,1005.7000122070312,997.2708740234375,1522656
2025-03-18,1005.7000122070312,1005.7000122070312,1005.7000122070312,1005.7000122070312,997.2708740234375,0
2025-03-19,1036.0,1047.0,1024.0,1033.3499755859375,1024.689208984375,2652155
2025-03-20,1038.0,1052.800048828125,1027.199951171875,1050.25,1041.447509765625,2301795
2025-03-21,1052.0,1062.550048828125,1047.699951171875,1058.699951171875,1049.82666015625,2630144
2025-03-24,1063.0,1072.0,1056.5,1061.3499755859375,1052.4544677734375,2267252
2025-03-25,1061.3499755859375,1074.9000244140625,1052.0,1061.699951171875,1052.8013916015625,1571677
2025-03-26,1068.050048828125,1068.050048828125,1052.199951171875,1056.449951171875,1047.595458984375,1254060
2025-03-27,1051.949951171875,1069.0,1050.0,1059.75,1050.8677978515625,2514499
2025-03-28,1059.75,1068.199951171875,1053.949951171875,1063.199951171875,1054.2889404296875,1674204
2025-04-01,1063.0,1070.449951171875,1053.3499755859375,1056.25,1047.397216796875,1776263
2025-04-02,1058.0999755859375,1066.3499755859375,1046.25,1055.9000244140625,1047.0501708984375,878958
2025-04-03,1045.0,1055.800048828125,1041.550048828125,1044.050048828125,1035.299560546875,1607693
2025-04-04,1032.300048828125,1038.949951171875,997.8499755859375,1005.75,997.3204956054688,3818643
2025-04-07,906.0,959.0,905.2000122070312,930.2999877929688,922.5028686523438,4581682
2025-04-08,949.3499755859375,970.4500122070312,933.7999877929688,954.5999755859375,946.5991821289062,1717533
2025-04-09,945.1500244140625,953.4000244140625,938.0499877929688,945.5499877929688,937.625,1773658
2025-04-11,972.4500122070312,997.0,968.3499755859375,990.25,981.9503784179688,3641633
2025-04-15,1010.0,1015.7000122070312,1002.2000122070312,1008.0,999.5515747070312,1287903
2025-04-16,1003.0,1015.0999755859375,992.0999755859375,1009.4000244140625,1000.9398803710938,1281034
2025-04-17,996.0,1008.5999755859375,987.0999755859375,1007.2000122070312,998.75830078125,2074019
2025-04-21,1001.0,1043.800048828125,1000.5,1034.0,1025.3336181640625,1345056
2025-04-22,1060.0,1060.4000244140625,1037.0,1044.199951171875,1035.4481201171875,2153582
2025-04-23,1051.0,1053.9000244140625,1028.5,1039.199951171875,1030.4901123046875,893969
2025-04-24,1035.5,1047.5,1029.5,1044.5,1035.7457275390625,1242921
2025-04-25,1050.0,1056.9000244140625,1017.5999755859375,1028.4000244140625,1019.7806396484375,2784217
2025-04-28,1021.4000244140625,1058.9000244140625,1019.2000122070312,1054.4000244140625,1045.562744140625,1485915
2025-04-29,1055.0,1061.5999755859375,1034.0999755859375,1035.5999755859375,1026.920166015625,1206750
2025-04-30,1030.0,1042.300048828125,1021.0,1029.800048828125,1021.1689453125,1755328
2025-05-02,1021.2000122070312,1037.0,948.2999877929688,967.5,959.3910522460938,6209775
2025-05-05,959.7999877929688,972.4000244140625,952.7000122070312,955.5,947.4916381835938,1646426
2025-05-06,960.0,971.9000244140625,955.0,967.5,959.3910522460938,1462046
2025-05-07,957.9000244140625,975.0,957.9000244140625,966.0999755859375,958.0027465820312,1014461
2025-05-08,962.5,969.5,949.0,953.2000122070312,945.2109375,1646385
2025-05-09,935.0,959.0,935.0,957.0,948.9790649414062,1481537
2025-05-12,973.0,1007.7000122070312,969.7000122070312,1005.2000122070312,996.7750854492188,1335817
2025-05-13,1005.2000122070312,1010.9000244140625,988.0999755859375,989.9000244140625,981.6033325195312,934177
2025-05-14,995.2000122070312,1012.0999755859375,987.0,989.2999877929688,981.00830078125,1650066
2025-05-15,993.0,1040.5999755859375,990.0,1038.300048828125,1029.59765625,5297654
2025-05-16,1043.4000244140625,1044.5999755859375,1020.2999877929688,1021.7999877929688,1013.2359619140625,1048380
2025-05-19,1033.9000244140625,1034.0,1016.7000122070312,1019.5999755859375,1011.0543823242188,1434608
2025-05-20,1031.0,1034.5,1010.7999877929688,1012.7000122070312,1004.2122192382812,1624336
2025-05-21,1016.0,1018.9000244140625,999.0999755859375,1000.9000244140625,992.5111083984375,875245
2025-05-22,1002.0,1011.5,987.9000244140625,1005.5999755859375,997.1716918945312,1283310
2025-05-23,1011.0,1022.5,1005.0999755859375,1008.5,1000.04736328125,1568154
2025-05-26,1009.2000122070312,1036.0,979.5,1032.300048828125,1023.6480102539062,4716572
2025-05-27,1032.0,1033.0999755859375,1009.0,1013.7000122070312,1005.203857421875,1158374
2025-05-28,1014.9000244140625,1017.9000244140625,998.5,1001.0,992.6102905273438,1790498
2025-05-29,1020.4000244140625,1023.7000122070312,998.2000122070312,1006.2000122070312,997.7667236328125,3282246
2025-05-30,1003.0,1012.5,990.5,993.5,985.1731567382812,1710817
2025-06-02,987.0,987.0,969.25,978.7999877929688,970.5963134765625,1790184
2025-06-03,980.0499877929688,987.3499755859375,972.0499877929688,973.7999877929688,965.6382446289062,1138571
2025-06-04,973.0,979.5,962.1500244140625,968.5499877929688,960.4321899414062,2398032
2025-06-05,972.7999877929688,976.9000244140625,964.6500244140625,968.75,960.6305541992188,2182562
2025-06-06,968.75,1010.6500244140625,967.6500244140625,1004.9000244140625,996.4776000976562,2089570
2025-06-09,1006.2999877929688,1017.0,1001.9500122070312,1008.0,999.5515747070312,1864322
2025-06-10,1015.0,1019.1500244140625,1000.7999877929688,1003.0999755859375,994.6926879882812,1747781
2025-06-11,1003.9500122070312,1016.0,1003.9500122070312,1007.0999755859375,998.6591186523438,1003090
2025-06-12,1007.0999755859375,1010.0,992.5499877929688,995.6500244140625,987.30517578125,2223026
2025-06-13,984.7000122070312,994.0499877929688,981.3499755859375,987.25,978.9755249023438,1044815
2025-06-16,987.25,1011.0,984.2000122070312,1003.7999877929688,995.3867797851562,871032
2025-06-17,1004.5,1010.4500122070312,997.9000244140625,999.6500244140625,991.2716064453125,1075499
2025-06-18,997.0,998.9500122070312,983.75,986.3499755859375,978.0830688476562,854561
2025-06-19,986.9000244140625,997.9500122070312,985.0,996.0499877929688,987.7017211914062,1391083
2025-06-20,993.9500122070312,1024.0,993.5999755859375,1005.5499877929688,997.1221313476562,9697195
2025-06-23,1005.0,1005.2000122070312,983.5,997.0,988.643798828125,1132847
2025-06-24,1006.0,1022.5499877929688,1001.2999877929688,1007.0,998.5599975585938,1434360
2025-06-25,1008.0,1027.800048828125,1008.0,1024.449951171875,1015.8637084960938,2029126
2025-06-26,1030.0,1040.5,1017.1500244140625,1032.550048828125,1023.8958740234375,3892783
2025-06-27,1038.449951171875,1045.699951171875,1023.2000122070312,1028.9000244140625,1020.2764892578125,1941604
2025-06-30,1033.050048828125,1033.0999755859375,1014.5,1020.5,1011.94677734375,765716
2025-07-01,1023.7000122070312,1031.5999755859375,1016.2000122070312,1029.5999755859375,1020.9705200195312,988673
2025-07-02,1031.0,1064.9000244140625,1031.0,1059.9000244140625,1051.0166015625,3166924
2025-07-03,1065.0,1067.800048828125,1042.5999755859375,1046.0999755859375,1037.332275390625,1703765
2025-07-04,1051.699951171875,1051.699951171875,1032.0999755859375,1041.4000244140625,1032.6717529296875,961108
2025-07-07,1041.0,1045.0,1035.300048828125,1042.5999755859375,1033.861572265625,871937
2025-07-08,1042.0,1049.5999755859375,1039.300048828125,1045.0,1039.031982421875,828011
2025-07-09,1051.699951171875,1052.0,1033.4000244140625,1040.4000244140625,1034.458251953125,1666607
2025-07-10,1040.9000244140625,1049.5999755859375,1034.0999755859375,1043.300048828125,1037.3416748046875,1101654
2025-07-11,1043.0,1051.199951171875,1034.0999755859375,1037.199951171875,1031.2763671875,931901
2025-07-14,1040.0,1044.9000244140625,1031.800048828125,1038.9000244140625,1032.966796875,1238524
2025-07-15,1044.699951171875,1044.699951171875,1028.199951171875,1035.0,1029.0889892578125,982842
2025-07-16,1034.0,1035.0,1020.5,1029.800048828125,1023.9187622070312,1099243
2025-07-17,1030.5,1041.699951171875,1023.5,1034.199951171875,1028.2935791015625,1553977
2025-07-18,1039.0,1053.5,1027.0,1034.4000244140625,1028.492431640625,1694015
2025-07-21,1051.0,1053.5,1018.2999877929688,1034.800048828125,1028.8902587890625,2771028
2025-07-22,1038.5999755859375,1043.199951171875,1028.5999755859375,1030.699951171875,1024.8135986328125,1237568
2025-07-23,1034.0,1037.800048828125,1025.0,1033.800048828125,1027.89599609375,1192492
2025-07-24,1039.0,1048.800048828125,1031.800048828125,1033.800048828125,1027.89599609375,1462398
2025-07-25,1033.800048828125,1035.0,1020.0999755859375,1026.9000244140625,1021.0353393554688,912255
2025-07-28,1029.0,1034.0,1017.4000244140625,1028.800048828125,1022.9244995117188,1839488
2025-07-29,1023.7999877929688,1051.300048828125,1023.7999877929688,1034.9000244140625,1028.9896240234375,2215340
2025-07-30,1046.4000244140625,1052.300048828125,1031.699951171875,1037.9000244140625,1031.9725341796875,1781038
2025-07-31,1018.0,1058.5999755859375,1018.0,1048.300048828125,1042.3131103515625,3144726
2025-08-01,1054.0,1054.0,1023.5999755859375,1027.800048828125,1021.93017578125,1604653
2025-08-04,1029.699951171875,1058.9000244140625,1026.4000244140625,1055.9000244140625,1049.8697509765625,1835680
2025-08-05,1059.0,1063.4000244140625,1048.699951171875,1053.4000244140625,1047.384033203125,1524968
2025-08-06,1059.0,1061.5,1045.800048828125,1052.5999755859375,1046.5885009765625,1797515
2025-08-07,1052.5999755859375,1074.9000244140625,1046.0,1064.800048828125,1058.7188720703125,1837589
2025-08-08,1070.0,1071.4000244140625,1041.699951171875,1049.199951171875,1043.2078857421875,2234463
2025-08-11,1049.199951171875,1065.0,1046.300048828125,1052.699951171875,1046.6878662109375,1492814
2025-08-12,1054.800048828125,1059.9000244140625,1045.5999755859375,1048.199951171875,1042.213623046875,1231299
2025-08-13,1052.199951171875,1059.5999755859375,1050.300048828125,1053.699951171875,1047.68212890625,1125769
2025-08-14,1055.0,1058.0999755859375,1038.9000244140625,1045.5,1039.529052734375,870899
2025-08-18,1060.0,1084.0,1050.0,1079.800048828125,1073.6331787109375,3252940
2025-08-19,1080.0,1088.0,1070.699951171875,1073.4000244140625,1067.269775390625,1867228
2025-08-20,1072.0,1089.199951171875,1067.300048828125,1082.5999755859375,1076.4171142578125,1321114
2025-08-21,1080.5999755859375,1086.0999755859375,1069.300048828125,1071.800048828125,1065.678955078125,2069244
2025-08-22,1068.5,1071.4000244140625,1051.300048828125,1054.5999755859375,1048.5770263671875,1950366
2025-08-25,1059.5,1062.699951171875,1049.800048828125,1057.800048828125,1051.7589111328125,1552036
2025-08-26,1051.199951171875,1057.0,1044.699951171875,1047.0999755859375,1041.119873046875,1758169
2025-08-28,1047.0999755859375,1055.0999755859375,1033.9000244140625,1035.800048828125,1029.884521484375,1313061
2025-08-29,1032.0,1038.300048828125,1022.2999877929688,1026.5999755859375,1020.7369995117188,1062037
2025-09-01,1026.5999755859375,1038.5999755859375,1026.0999755859375,1035.5,1029.586181640625,624424
2025-09-02,1035.5999755859375,1049.5,1031.199951171875,1044.0,1038.03759765625,1071341
2025-09-03,1042.0,1079.9000244140625,1040.0,1072.199951171875,1066.0765380859375,3357124
2025-09-04,1075.0,1076.4000244140625,1066.0999755859375,1072.4000244140625,1066.2755126953125,922622
2025-09-05,1069.0,1076.5999755859375,1063.0,1073.0999755859375,1066.971435546875,748933
2025-09-08,1080.0999755859375,1112.300048828125,1080.0999755859375,1101.4000244140625,1095.10986328125,3219380
2025-09-09,1100.0,1110.0,1095.699951171875,1104.5,1098.192138671875,1058374
2025-09-10,1108.0,1115.5,1097.300048828125,1101.199951171875,1094.910888671875,1305818
2025-09-11,1101.199951171875,1108.0,1095.199951171875,1099.0,1092.7235107421875,852085
2025-09-12,1099.0,1107.9000244140625,1093.0,1099.0,1092.7235107421875,1057815
2025-09-15,1100.0,1105.0,1090.5,1100.9000244140625,1094.6126708984375,565667
2025-09-16,1100.5,1117.9000244140625,1100.0,1115.199951171875,1108.8309326171875,1644497
2025-09-17,1119.5,1122.5999755859375,1107.0999755859375,1111.0,1104.655029296875,950577
2025-09-18,1111.9000244140625,1122.9000244140625,1105.0,1121.0999755859375,1114.697265625,824725
2025-09-19,1121.0999755859375,1126.0,1113.699951171875,1122.800048828125,1116.3876953125,1351221
2025-09-22,1122.0,1126.800048828125,1111.5999755859375,1117.0,1110.6207275390625,786218
2025-09-23,1125.0,1148.0,1117.0999755859375,1138.4000244140625,1131.8985595703125,2075493
2025-09-24,1138.4000244140625,1161.0,1133.0,1149.0999755859375,1142.537353515625,2111388
2025-09-25,1149.0999755859375,1157.5,1140.0,1148.5,1141.9407958984375,1581307
2025-09-26,1155.0,1167.9000244140625,1127.9000244140625,1130.800048828125,1124.3419189453125,2999892
2025-09-29,1130.0,1143.9000244140625,1119.699951171875,1122.199951171875,1115.791015625,2615670
2025-09-30,1128.800048828125,1149.9000244140625,1127.0999755859375,1142.699951171875,1136.1739501953125,2771126
2025-10-01,1145.0,1148.5999755859375,1132.199951171875,1146.0999755859375,1139.5545654296875,1129506
2025-10-03,1146.0999755859375,1175.800048828125,1145.9000244140625,1161.699951171875,1155.0654296875,2179883
2025-10-06,1161.699951171875,1164.9000244140625,1149.199951171875,1159.9000244140625,1153.2757568359375,1013304
2025-10-07,1159.9000244140625,1173.0,1154.199951171875,1156.800048828125,1150.1934814453125,1565661
2025-10-08,1158.0,1162.699951171875,1142.699951171875,1145.199951171875,1138.65966796875,737972
2025-10-09,1146.0,1178.800048828125,1146.0,1175.199951171875,1168.48828125,2001612
2025-10-10,1174.0,1175.0,1156.4000244140625,1167.800048828125,1161.130615234375,1457768
2025-10-13,1160.9000244140625,1164.9000244140625,1153.5999755859375,1161.4000244140625,1154.7672119140625,488298
2025-10-14,1165.0,1169.5999755859375,1139.4000244140625,1147.800048828125,1141.244873046875,1408990
2025-10-15,1147.800048828125,1163.699951171875,1145.0,1160.800048828125,1154.170654296875,1284749
2025-10-16,1165.0,1173.5,1158.5999755859375,1172.0999755859375,1165.406005859375,655759
2025-10-17,1175.0,1178.0,1149.5999755859375,1163.300048828125,1156.6563720703125,2207267
2025-10-20,1174.5999755859375,1174.5999755859375,1139.4000244140625,1145.199951171875,1138.65966796875,1214428
2025-10-21,1150.0,1154.699951171875,1148.5999755859375,1152.5,1145.91796875,115719
2025-10-23,1161.0,1162.5,1135.0999755859375,1138.199951171875,1131.6995849609375,1740322
2025-10-24,1140.0,1151.0,1131.5,1141.4000244140625,1134.88134765625,1320560
2025-10-27,1147.800048828125,1156.699951171875,1143.199951171875,1150.5999755859375,1144.02880859375,1275776
2025-10-28,1145.5999755859375,1186.4000244140625,1145.0,1184.199951171875,1177.4368896484375,3451230
2025-10-29,1189.199951171875,1223.9000244140625,1185.5,1207.9000244140625,1201.0015869140625,3819737
2025-10-30,1207.9000244140625,1211.5999755859375,1199.4000244140625,1210.0,1203.089599609375,1273913
2025-10-31,1210.0,1216.0,1199.0,1206.0,1199.1124267578125,1337807
2025-11-03,1213.9000244140625,1217.5,1190.0,1195.0,1188.17529296875,1486643
2025-11-04,1202.5999755859375,1202.5999755859375,1175.199951171875,1181.4000244140625,1174.6529541015625,1110884
2025-11-06,1181.4000244140625,1183.5,1161.5999755859375,1168.800048828125,1162.125,1304994
2025-11-07,1160.0999755859375,1182.9000244140625,1151.199951171875,1171.699951171875,1165.00830078125,845047
2025-11-10,1174.0,1185.0,1172.0,1179.300048828125,1172.56494140625,740226
2025-11-11,1187.0,1206.699951171875,1166.0999755859375,1191.5,1184.6951904296875,1588730
2025-11-12,1192.0,1194.9000244140625,1178.0,1181.800048828125,1175.0506591796875,976290
2025-11-13,1191.699951171875,1200.4000244140625,1178.0999755859375,1183.9000244140625,1177.138671875,1427189
2025-11-14,1182.0999755859375,1182.9000244140625,1159.0,1167.800048828125,1161.130615234375,1059030
2025-11-17,1173.9000244140625,1178.0,1165.4000244140625,1175.5,1168.78662109375,1102752
2025-11-18,1179.9000244140625,1179.9000244140625,1152.9000244140625,1163.0,1156.3580322265625,1912105
2025-11-19,1167.5,1170.9000244140625,1157.5999755859375,1164.9000244140625,1158.2471923828125,522344
2025-11-20,1170.5999755859375,1174.9000244140625,1161.0,1170.0,1163.3179931640625,908758
2025-11-21,1166.0,1166.9000244140625,1133.0999755859375,1140.300048828125,1133.7877197265625,1045627
2025-11-24,1142.0,1145.0,1104.300048828125,1106.0,1099.68359375,2209717
2025-11-25,1107.300048828125,1123.9000244140625,1107.300048828125,1112.0,1105.6492919921875,1394051
2025-11-26,1112.0,1157.0,1112.0,1154.4000244140625,1147.80712890625,2167703
2025-11-27,1159.0,1163.0,1136.300048828125,1160.5999755859375,1153.9716796875,2342042
2025-11-28,1160.0,1172.5999755859375,1153.300048828125,1160.300048828125,1153.6734619140625,1243394
2025-12-01,1164.9000244140625,1185.0,1157.300048828125,1168.4000244140625,1161.7271728515625,3039396
2025-12-02,1168.4000244140625,1172.800048828125,1159.300048828125,1162.0,1155.36376953125,2834317
2025-12-03,1162.0,1171.199951171875,1104.9000244140625,1143.5999755859375,1137.0687255859375,6026786
2025-12-04,1159.0,1165.0,1143.0999755859375,1150.5999755859375,1144.02880859375,2285777
2025-12-05,1150.0,1170.0,1143.4000244140625,1162.199951171875,1155.5625,2326439
2025-12-08,1164.9000244140625,1168.0,1114.800048828125,1119.0999755859375,1112.708740234375,1727184
2025-12-09,1118.0,1120.5999755859375,1099.300048828125,1107.800048828125,1101.4732666015625,1947088
2025-12-10,1101.300048828125,1113.0999755859375,1090.0,1096.800048828125,1090.5361328125,1222924
2025-12-11,1100.9000244140625,1111.300048828125,1095.5,1105.4000244140625,1099.0870361328125,759090
2025-12-12,1110.0,1128.800048828125,1108.800048828125,1125.5,1119.0721435546875,827546
2025-12-15,1120.0999755859375,1122.5999755859375,1110.0,1114.800048828125,1108.433349609375,1017965
2025-12-16,1114.0,1114.0,1080.5,1082.5999755859375,1076.4171142578125,2000325
2025-12-17,1088.300048828125,1093.699951171875,1075.5999755859375,1079.300048828125,1073.1361083984375,1781774
2025-12-18,1079.0,1091.5,1073.199951171875,1082.199951171875,1076.0194091796875,1134603
2025-12-19,1091.0,1091.0,1075.699951171875,1079.5999755859375,1073.434326171875,1068212
2025-12-22,1085.0,1100.300048828125,1077.699951171875,1094.9000244140625,1088.64697265625,1086319
2025-12-23,1095.0,1102.9000244140625,1092.0,1096.800048828125,1090.5361328125,961759
2025-12-24,1099.5,1103.300048828125,1088.0999755859375,1091.300048828125,1085.0675048828125,806530
2025-12-26,1092.0999755859375,1099.699951171875,1082.0,1094.4000244140625,1088.1497802734375,1317269
2025-12-29,1100.0,1111.0,1089.4000244140625,1092.5999755859375,1086.360107421875,3084525
2025-12-30,1093.0,1114.0,1089.5,1111.5999755859375,1105.2515869140625,1609086
2025-12-31,1156.0,1169.0,1132.5999755859375,1164.800048828125,1158.1478271484375,5881898
2026-01-01,1163.5,1176.800048828125,1161.0,1171.5,1164.8094482421875,1173697
2026-01-02,1172.0,1184.0,1169.0999755859375,1180.699951171875,1173.9569091796875,903240
2026-01-05,1180.699951171875,1192.9000244140625,1179.0,1185.9000244140625,1179.127197265625,1017822
2026-01-06,1185.9000244140625,1197.5999755859375,1169.0,1176.300048828125,1169.5821533203125,1395370
2026-01-07,1174.9000244140625,1193.5,1169.4000244140625,1189.800048828125,1183.0050048828125,1161485
2026-01-08,1190.0,1190.0,1153.9000244140625,1155.9000244140625,1149.298583984375,1275035
2026-01-09,1160.0,1170.699951171875,1154.4000244140625,1158.800048828125,1152.1820068359375,1387896
2026-01-12,1160.0,1185.0,1146.4000244140625,1182.699951171875,1175.9454345703125,1391748
2026-01-13,1182.699951171875,1194.800048828125,1168.4000244140625,1178.0999755859375,1171.3717041015625,1570887
2026-01-14,1179.9000244140625,1201.9000244140625,1170.300048828125,1181.800048828125,1175.0506591796875,2281726
2026-01-15,1181.800048828125,1181.800048828125,1181.800048828125,1181.800048828125,1175.0506591796875,0
2026-01-16,1181.800048828125,1199.300048828125,1179.199951171875,1187.300048828125,1180.519287109375,1883089
2026-01-19,1187.4000244140625,1195.800048828125,1176.4000244140625,1184.0999755859375,1177.3375244140625,2213860
2026-01-20,1188.0,1195.0,1156.5,1160.0,1153.3751220703125,1106893
2026-01-21,1163.5,1178.9000244140625,1159.5999755859375,1174.5999755859375,1167.8917236328125,1401954
2026-01-22,1180.0,1192.0,1176.0999755859375,1184.4000244140625,1177.6358642578125,1428697
2026-01-23,1193.300048828125,1193.300048828125,1164.800048828125,1170.0,1163.3179931640625,2406992
2026-01-27,1197.0,1230.4000244140625,1182.699951171875,1222.0,1215.0211181640625,3808562
2026-01-28,1232.0,1232.0,1208.199951171875,1218.699951171875,1211.7398681640625,2214293
2026-01-29,1227.5,1245.0,1217.9000244140625,1237.5,1230.4324951171875,2471027
2026-01-30,1228.0,1228.0,1194.5,1214.4000244140625,1207.4644775390625,2876505
2026-02-02,1200.0,1203.800048828125,1174.0,1199.199951171875,1192.3511962890625,1839134
2026-02-03,1225.0,1244.699951171875,1212.800048828125,1229.4000244140625,1222.3787841796875,2093172
2026-02-04,1229.0,1240.0999755859375,1223.9000244140625,1228.199951171875,1221.185546875,1062043
2026-02-05,1218.5999755859375,1241.800048828125,1214.199951171875,1239.800048828125,1232.719482421875,1198051
2026-02-06,1233.9000244140625,1238.5999755859375,1222.4000244140625,1236.199951171875,1229.139892578125,918161
2026-02-09,1248.5,1254.699951171875,1235.0999755859375,1245.0,1237.8896484375,1503210
2026-02-10,1245.0,1261.9000244140625,1236.699951171875,1244.0999755859375,1236.994873046875,1150559
2026-02-11,1248.5,1254.800048828125,1238.0,1249.199951171875,1242.065673828125,835404
2026-02-12,1254.199951171875,1254.199951171875,1240.4000244140625,1247.9000244140625,1240.773193359375,762998
2026-02-13,1240.0,1247.800048828125,1225.199951171875,1232.0,1224.9639892578125,1726700
2026-02-16,1229.9000244140625,1249.9000244140625,1226.5,1248.199951171875,1241.0714111328125,627073
2026-02-17,1246.0,1248.0,1233.199951171875,1244.5999755859375,1237.491943359375,1115057
2026-02-18,1244.5999755859375,1264.0,1244.199951171875,1251.199951171875,1244.05419921875,1389762
2026-02-19,1252.0,1255.5,1223.0999755859375,1228.4000244140625,1221.384521484375,824461
2026-02-20,1230.5,1253.0,1222.5999755859375,1235.800048828125,1228.7423095703125,876475
2026-02-23,1240.0,1248.0,1228.300048828125,1240.5,1233.4154052734375,787962
2026-02-24,1230.199951171875,1259.0,1230.199951171875,1254.5,1247.33544921875,1515571
2026-02-25,1261.0,1284.699951171875,1257.300048828125,1275.0,1267.7183837890625,2095033
2026-02-26,1275.5,1282.300048828125,1270.0,1280.5999755859375,1273.286376953125,779191
2026-02-27,1272.0,1277.800048828125,1260.5,1264.699951171875,1257.4771728515625,2081751
2026-03-02,1253.199951171875,1272.0,1244.699951171875,1267.300048828125,1260.0623779296875,1608917
2026-03-04,1236.0,1253.9000244140625,1200.0,1213.0,1206.072509765625,1682849
2026-03-05,1214.5,1253.4000244140625,1214.5,1248.0999755859375,1240.971923828125,1696077
2026-03-06,1240.699951171875,1249.0999755859375,1229.199951171875,1233.699951171875,1226.6541748046875,1140348
2026-03-09,1203.0,1213.0,1170.199951171875,1192.5999755859375,1185.7889404296875,2145649
2026-03-10,1196.0999755859375,1219.9000244140625,1195.199951171875,1214.300048828125,1207.3651123046875,1131600
2026-03-11,1212.0,1222.9000244140625,1171.0,1178.800048828125,1172.06787109375,1802500
2026-03-12,1175.0,1182.5,1150.0,1172.5999755859375,1165.9031982421875,1265744
2026-03-13,1166.699951171875,1169.199951171875,1115.5,1119.300048828125,1112.9075927734375,2284551
2026-03-16,1121.5,1150.0,1120.0999755859375,1145.5999755859375,1139.057373046875,2593202
2026-03-17,1147.0,1169.300048828125,1139.199951171875,1167.199951171875,1160.533935546875,1760476
2026-03-18,1164.300048828125,1184.0999755859375,1160.0999755859375,1180.300048828125,1173.5592041015625,1284823
2026-03-19,1159.300048828125,1165.9000244140625,1126.699951171875,1130.9000244140625,1124.44140625,2207126
2026-03-20,1139.0999755859375,1186.5,1138.0,1169.5999755859375,1162.9202880859375,3580084
2026-03-23,1153.800048828125,1153.800048828125,1102.5,1109.5999755859375,1103.262939453125,2532216
2026-03-24,1131.9000244140625,1142.699951171875,1112.0,1133.699951171875,1127.225341796875,1218013
2026-03-25,1140.0,1170.0999755859375,1137.300048828125,1156.0,1149.39794921875,1632217
2026-03-27,1150.0,1150.800048828125,1126.9000244140625,1130.300048828125,1123.8448486328125,2750813
2026-03-30,1130.0,1136.5,1114.0,1122.5,1116.08935546875,2454814
2026-04-01,1141.9000244140625,1159.0,1134.5,1140.4000244140625,1133.8870849609375,2025282
2026-04-02,1135.0,1145.800048828125,1106.4000244140625,1141.300048828125,1134.781982421875,2208479
2026-04-06,1132.0,1145.699951171875,1115.0999755859375,1133.5999755859375,1127.1258544921875,3213623
2026-04-07,1139.0,1157.5999755859375,1122.300048828125,1151.9000244140625,1145.3214111328125,3158128
2026-04-08,1170.0,1204.5999755859375,1170.0,1194.300048828125,1187.479248046875,2383883
2026-04-09,1187.199951171875,1218.0,1185.0,1209.699951171875,1202.791259765625,2563654
2026-04-10,1210.0,1224.800048828125,1203.9000244140625,1214.800048828125,1207.8621826171875,1719725
2026-04-13,1199.0999755859375,1213.4000244140625,1189.300048828125,1204.199951171875,1197.3226318359375,1031668
2026-04-15,1222.9000244140625,1232.0,1210.5999755859375,1218.5999755859375,1211.6405029296875,1404182
2026-04-16,1221.199951171875,1242.9000244140625,1211.300048828125,1214.9000244140625,1207.961669921875,2686363
2026-04-17,1213.0,1242.300048828125,1198.5999755859375,1240.300048828125,1233.216552734375,1875945
2026-04-20,1241.0999755859375,1279.0,1233.0,1274.5,1267.22119140625,4606071
2026-04-21,1284.4000244140625,1296.4000244140625,1273.699951171875,1279.5999755859375,1272.2921142578125,2108883
2026-04-22,1283.0,1286.5999755859375,1258.4000244140625,1263.4000244140625,1256.1846923828125,2882614
2026-04-23,1263.4000244140625,1269.9000244140625,1251.0,1257.0,1249.8211669921875,1715185
2026-04-24,1264.0,1268.0,1246.5,1255.699951171875,1248.528564453125,1996768
2026-04-27,1273.0,1297.0,1268.0999755859375,1282.699951171875,1275.3743896484375,2309506
2026-04-28,1284.0,1306.800048828125,1275.5999755859375,1281.5999755859375,1274.2806396484375,1902689
2026-04-29,1283.0,1287.800048828125,1257.0,1279.699951171875,1272.3914794921875,2364369
2026-04-30,1272.5,1273.4000244140625,1250.4000244140625,1264.5,1257.2783203125,1366233
2026-05-01,1264.5,1264.5,1264.5,1264.5,1257.2783203125,0
2026-05-04,1278.0,1287.9000244140625,1259.9000244140625,1266.5999755859375,1259.3663330078125,1550369
2026-05-05,1260.5,1264.9000244140625,1245.800048828125,1252.4000244140625,1245.2474365234375,1471611
2026-05-06,1262.5,1278.5999755859375,1253.0,1273.300048828125,1266.028076171875,988216
2026-05-07,1272.0999755859375,1293.5999755859375,1268.5999755859375,1283.4000244140625,1276.0704345703125,1773360
2026-05-08,1283.4000244140625,1284.9000244140625,1266.800048828125,1277.800048828125,1270.50244140625,811858
2026-05-11,1276.0,1282.199951171875,1258.5999755859375,1262.5999755859375,1255.38916015625,1023862
2026-05-12,1262.0,1272.5999755859375,1246.199951171875,1252.300048828125,1245.1480712890625,1475577
2026-05-13,1255.0,1282.4000244140625,1255.0,1274.9000244140625,1267.6190185546875,2366540
2026-05-14,1287.9000244140625,1306.0,1281.9000244140625,1296.9000244140625,1289.4932861328125,3292597
2026-05-15,1314.0,1314.0,1274.199951171875,1278.800048828125,1271.4967041015625,3871553
2026-05-18,1280.0,1302.0,1258.300048828125,1292.800048828125,1285.416748046875,2965138
2026-05-19,1298.0,1299.699951171875,1282.699951171875,1285.199951171875,1277.860107421875,1136358
2026-05-20,1278.0,1289.0,1261.5,1283.199951171875,1275.8714599609375,1039407
2026-05-21,1293.0,1293.0,1272.800048828125,1281.300048828125,1273.982421875,5339554
2026-05-22,1284.199951171875,1289.9000244140625,1278.0999755859375,1285.5,1278.158447265625,588674
2026-05-25,1290.699951171875,1297.4000244140625,1284.0,1289.4000244140625,1282.0361328125,922291
2026-05-26,1289.4000244140625,1301.0,1282.699951171875,1293.5999755859375,1286.212158203125,1712866
2026-05-27,1295.0,1328.0,1295.0,1309.300048828125,1301.822509765625,2030720
2026-05-28,1309.300048828125,1309.300048828125,1309.300048828125,1309.300048828125,1301.822509765625,0
2026-05-29,1309.5,1312.199951171875,1270.300048828125,1278.0,1270.7012939453125,3129836
2026-06-01,1279.5,1304.800048828125,1279.5,1299.4000244140625,1291.97900390625,1388242
2026-06-02,1297.5,1316.9000244140625,1290.199951171875,1310.800048828125,1303.31396484375,1602109
2026-06-03,1315.0,1318.5,1297.300048828125,1312.9000244140625,1305.4019775390625,814920
2026-06-04,1311.0,1314.0,1294.199951171875,1301.0999755859375,1293.6693115234375,958385
2026-06-05,1301.0999755859375,1309.800048828125,1266.5,1284.0,1276.6669921875,1618038
2026-06-08,1270.0,1273.0,1255.0,1260.699951171875,1253.5,1172766
2026-06-09,1265.0,1273.0,1257.0999755859375,1261.699951171875,1254.4942626953125,1070798
2026-06-10,1266.0,1292.0,1252.5,1269.800048828125,1262.548095703125,3053155
2026-06-11,1266.0,1293.4000244140625,1261.0,1282.300048828125,1274.9766845703125,1915489
2026-06-12,1298.0,1305.5,1285.0999755859375,1297.5999755859375,1290.1893310546875,1091577
2026-06-15,1312.5999755859375,1320.199951171875,1294.199951171875,1296.5,1289.0955810546875,1168850
2026-06-16,1300.0,1302.5,1269.0,1274.300048828125,1267.0224609375,1110628
2026-06-17,1280.0,1289.5,1269.0999755859375,1287.199951171875,1279.8486328125,1194899
2026-06-18,1288.0,1297.0,1284.0999755859375,1293.9000244140625,1286.510498046875,685833
2026-06-19,1289.0,1295.0,1267.0999755859375,1287.699951171875,1280.3458251953125,1138608
2026-06-22,1290.0,1296.9000244140625,1275.0,1282.4000244140625,1275.076171875,961383
2026-06-23,1270.0,1278.4000244140625,1233.4000244140625,1242.199951171875,1235.1055908203125,2156617
2026-06-24,1240.0,1244.9000244140625,1222.0,1231.199951171875,1224.16845703125,2339439
2026-06-25,1224.699951171875,1238.5999755859375,1224.0999755859375,1231.0,1223.9696044921875,1706161
2026-06-26,1231.0,1231.0,1231.0,1231.0,1223.9696044921875,0
2026-06-29,1239.0,1250.699951171875,1226.5999755859375,1232.4000244140625,1225.3616943359375,2091046
2026-06-30,1232.0,1238.699951171875,1221.5,1226.4000244140625,1219.39599609375,1242580
2026-07-01,1229.5999755859375,1231.9000244140625,1210.699951171875,1216.199951171875,1209.254150390625,1634758
2026-07-02,1226.0,1234.199951171875,1217.0999755859375,1223.800048828125,1216.810791015625,1302096
2026-07-03,1232.0,1245.199951171875,1226.0999755859375,1230.199951171875,1223.1741943359375,1153646
2026-07-06,1230.0,1244.5,1225.4000244140625,1243.199951171875,1236.0999755859375,1090418
2026-07-07,1236.0,1252.800048828125,1221.199951171875,1246.4000244140625,1246.4000244140625,2548642
2026-07-08,1231.0,1245.800048828125,1212.199951171875,1219.5,1219.5,1038782
2026-07-09,1224.0,1240.5,1220.300048828125,1225.800048828125,1225.800048828125,1151162
2026-07-10,1232.300048828125,1259.0,1232.300048828125,1245.4000244140625,1245.4000244140625,1504035
2026-07-13,1235.199951171875,1240.0999755859375,1220.4000244140625,1237.4000244140625,1237.4000244140625,1403822
2026-07-14,1225.0999755859375,1254.800048828125,1225.0999755859375,1247.699951171875,1247.699951171875,1042163
2026-07-15,1249.5999755859375,1252.5999755859375,1224.9000244140625,1226.9000244140625,1226.9000244140625,836306
2026-07-16,1232.9000244140625,1233.300048828125,1219.4000244140625,1221.0,1221.0,1342230
2026-07-17,1221.0,1243.9000244140625,1218.0,1237.300048828125,1237.300048828125,2800390
2026-07-20,1252.699951171875,1266.5999755859375,1247.199951171875,1257.0,1257.0,2686712
2026-07-21,1259.0,1271.4000244140625,1252.0,1267.4000244140625,1267.4000244140625,1941639
2026-07-22,1264.5,1279.300048828125,1261.699951171875,1266.9000244140625,1266.9000244140625,3988761
2026-07-23,1256.0,1274.699951171875,1238.5,1246.800048828125,1246.800048828125,2674866
2026-07-24,1238.5999755859375,1245.0,1228.0999755859375,1240.800048828125,1240.800048828125,1083729
2026-07-27,1251.0,1251.0,1234.300048828125,1244.5999755859375,1244.5999755859375,1128386
2026-07-28,1241.199951171875,1259.9000244140625,1241.199951171875,1246.9000244140625,1246.9000244140625,1515691
2026-07-29,1255.699951171875,1279.0,1243.199951171875,1276.5999755859375,1276.5999755859375,1516573
2026-07-30,1279.0999755859375,1304.5,1261.5,1270.800048828125,1270.800048828125,923153
2026-07-31,1276.4000244140625,1282.199951171875,1262.0,1270.0,1270.0,1449872
2026-08-03,1278.9000244140625,1294.800048828125,1268.699951171875,1292.300048828125,1292.300048828125,2577735
2026-08-04,1280.5,1300.0,1275.9000244140625,1300.0,1300.0,1475041
2026-08-05,1304.5,1331.0,1284.699951171875,1330.0,1330.0,2186609
2026-08-06,1330.0,1335.0,1303.5,1307.9000244140625,1307.9000244140625,2307926
2026-08-07,1303.800048828125,1309.9000244140625,1288.5,1299.5,1299.5,720726
2026-08-10,1299.5,1312.0,1295.0,1306.5,1306.5,592080
