Date,Open,High,Low,Close,Adjusted Close,Volume
2002-08-12,508.1000061035156,512.5499877929688,505.0,505.1499938964844,414.7054443359375,7100
2002-08-13,503.5,515.0,503.5,509.04998779296875,417.9072570800781,8800
2002-08-14,502.1000061035156,515.0,502.1000061035156,514.4000244140625,422.29925537109375,18700
2002-08-15,514.4000244140625,514.4000244140625,514.4000244140625,514.4000244140625,422.29925537109375,0
2002-08-16,516.0,516.8499755859375,510.0,511.0,419.508056640625,9400
2002-08-19,515.0,518.9500122070312,512.0499877929688,513.0,421.1498718261719,9100
2002-08-20,516.5,547.3499755859375,513.2999877929688,523.2999877929688,429.60577392578125,87200
2002-08-21,530.0,533.7999877929688,518.0,519.7000122070312,426.650390625,26000
2002-08-22,521.0,531.0,516.5499877929688,524.8499755859375,430.8782653808594,17700
2002-08-23,535.0,572.0,535.0,561.9000244140625,461.29461669921875,701900
2002-08-26,560.0,560.0,530.0,546.4000244140625,448.5697326660156,50100
2002-08-27,546.0,558.0,546.0,552.0,453.1671447753906,29100
2002-08-28,541.0,557.0,541.0,555.3499755859375,455.9174499511719,20100
2002-08-29,555.0,567.9500122070312,548.0,553.8499755859375,454.6858825683594,138400
2002-08-30,555.0999755859375,559.9000244140625,553.0,555.0499877929688,455.67108154296875,39400
2002-09-02,558.5,561.5,557.0,558.9500122070312,458.87286376953125,22900
2002-09-03,560.0,560.5,556.0,558.25,458.2980651855469,8400
2002-09-04,552.0499877929688,560.0,552.0499877929688,559.2000122070312,459.0780029296875,7800
2002-09-05,571.0,578.0,564.0,571.2000122070312,468.9293518066406,974200
2002-09-06,570.0,570.0,562.0,565.4000244140625,464.1679992675781,14500
2002-09-09,560.0,563.7000122070312,555.6500244140625,560.0999755859375,459.8169860839844,16800
2002-09-10,560.0999755859375,560.0999755859375,560.0999755859375,560.0999755859375,459.8169860839844,0
2002-09-11,563.5,563.5,556.0,560.5499877929688,460.186279296875,32400
2002-09-12,557.1500244140625,561.0,557.1500244140625,560.0,459.7347717285156,13200
2002-09-13,560.0,560.0,554.5,557.0499877929688,457.3128356933594,1900
2002-09-16,551.0,559.75,551.0,558.2000122070312,458.2569885253906,5300
2002-09-17,558.0,560.9500122070312,554.0999755859375,560.4500122070312,460.1042785644531,7300
2002-09-18,556.25,561.0,556.25,560.7000122070312,460.3094177246094,7800
2002-09-19,560.0,560.0,552.5,555.0499877929688,455.67108154296875,23800
2002-09-20,550.5,561.0,550.5,552.4000244140625,453.4955139160156,2900
2002-09-23,550.4000244140625,560.0,550.4000244140625,557.5999755859375,457.7644348144531,6000
2002-09-24,557.9500122070312,580.0,553.0,570.8499755859375,468.64215087890625,195900
2002-09-25,567.9500122070312,569.0,559.0,561.6500244140625,461.0892333984375,16700
2002-09-26,560.0999755859375,563.0,557.5999755859375,559.1500244140625,459.0369873046875,4700
2002-09-27,568.9000244140625,568.9000244140625,555.0,562.5999755859375,461.8692932128906,58000
2002-09-30,566.0,571.4000244140625,563.2999877929688,570.0,467.9442443847656,151700
2002-10-01,563.0,565.5499877929688,558.0,560.6500244140625,460.26837158203125,7000
2002-10-02,560.6500244140625,560.6500244140625,560.6500244140625,560.6500244140625,460.26837158203125,0
2002-10-03,560.0,567.4000244140625,560.0,564.0,463.0186462402344,8900
2002-10-04,568.8499755859375,569.0,564.0,565.75,464.45526123046875,6800
2002-10-07,557.0,569.5999755859375,557.0,566.0499877929688,464.7016296386719,13700
2002-10-08,556.0,568.0,556.0,566.5,465.0711364746094,8200
2002-10-09,562.0,566.9500122070312,562.0,564.7000122070312,463.5934143066406,8800
2002-10-10,562.5499877929688,569.0,562.25,566.5499877929688,465.1119689941406,37100
2002-10-11,562.5,564.0,560.0,561.2000122070312,460.7199401855469,10600
2002-10-14,575.0,575.0,560.0499877929688,560.1500244140625,459.85791015625,1600
2002-10-15,560.1500244140625,560.1500244140625,560.1500244140625,560.1500244140625,459.85791015625,0
2002-10-16,560.0,561.0,556.5,560.1500244140625,459.85791015625,5600
2002-10-17,555.25,564.5,554.5,561.1500244140625,460.6789245605469,12400
2002-10-18,557.0999755859375,567.7999877929688,557.0999755859375,562.5999755859375,461.8692932128906,34500
2002-10-21,558.0999755859375,564.0,545.2000122070312,548.3499755859375,450.1707458496094,29200
2002-10-22,585.0,591.0,550.0,552.2999877929688,453.4134216308594,13400
2002-10-23,555.0,558.0,548.5,555.2999877929688,455.8763732910156,20400
2002-10-24,548.0499877929688,564.5,548.0499877929688,560.7999877929688,460.3915100097656,10700
2002-10-25,547.5,563.0,547.5,559.5999755859375,459.4063720703125,30200
2002-10-28,561.5,565.0,548.9000244140625,562.5999755859375,461.8692932128906,31600
2002-10-29,556.5,562.6500244140625,556.5,560.7000122070312,460.3094177246094,4300
2002-10-30,549.0499877929688,562.9000244140625,549.0499877929688,556.0,456.4510498046875,16900
2002-10-31,553.1500244140625,554.0499877929688,550.0,550.5,451.9356384277344,25100
2002-11-01,541.0999755859375,547.75,521.0499877929688,533.75,438.1846923828125,49900
2002-11-04,533.2000122070312,537.0,529.6500244140625,535.5499877929688,439.6624755859375,4000
2002-11-05,544.9000244140625,544.9000244140625,530.0499877929688,531.3499755859375,436.2143859863281,5300
2002-11-06,531.3499755859375,531.3499755859375,531.3499755859375,531.3499755859375,436.2143859863281,0
2002-11-07,531.0,535.5499877929688,525.0,532.75,437.3638610839844,32100
2002-11-08,529.1500244140625,530.0,525.0,526.2000122070312,431.9864501953125,6900
2002-11-11,525.25,528.0,522.5999755859375,524.5499877929688,430.6319274902344,5800
2002-11-12,554.0,554.0,524.5,528.1500244140625,433.5874328613281,12600
2002-11-13,529.9500122070312,533.7999877929688,519.0,519.5999755859375,426.5682373046875,16700
2002-11-14,516.0999755859375,520.0,513.0499877929688,515.75,423.4075012207031,30500
2002-11-15,515.0,517.9000244140625,513.0,514.75,422.5863952636719,13400
2002-11-18,516.0,524.2999877929688,514.0,516.9000244140625,424.3517150878906,15400
2002-11-19,516.9000244140625,516.9000244140625,516.9000244140625,516.9000244140625,424.3517150878906,0
2002-11-20,522.0,527.5,516.0999755859375,517.7999877929688,425.0905456542969,24100
2002-11-21,520.0,520.0,514.0,516.0,423.61273193359375,6000
2002-11-22,516.0,529.0,514.2000122070312,517.7000122070312,425.0084228515625,13400
2002-11-25,520.0,530.0,517.3499755859375,525.1500244140625,431.1245422363281,6800
2002-11-26,539.0,543.0,527.0999755859375,535.4000244140625,439.539306640625,22200
2002-11-27,533.0,533.0,520.0499877929688,524.4500122070312,430.5498352050781,6300
2002-11-28,532.9000244140625,537.9000244140625,528.2000122070312,534.75,439.0057373046875,5800
2002-11-29,534.75,534.75,534.75,534.75,439.0057373046875,0
2002-12-02,544.8499755859375,544.8499755859375,538.6500244140625,543.0999755859375,445.860595703125,7500
2002-12-03,543.0,547.5,542.0499877929688,545.0999755859375,447.5024108886719,7700
2002-12-04,546.9000244140625,548.0,539.4500122070312,544.7000122070312,447.1742248535156,23300
2002-12-05,545.0,546.0,531.0,534.0,438.3899841308594,12300
2002-12-06,545.0,591.0,535.0999755859375,539.75,443.1105651855469,13500
2002-12-09,530.0,535.0,515.0999755859375,518.0999755859375,425.3367919921875,30100
2002-12-10,520.0,528.5,519.2000122070312,522.1500244140625,428.66168212890625,9800
2002-12-11,517.0,523.0,510.25,521.5499877929688,428.1689758300781,33200
2002-12-12,518.5499877929688,522.4000244140625,518.4000244140625,521.5999755859375,428.21002197265625,4500
2002-12-13,520.1500244140625,522.5,519.0,521.5499877929688,428.1689758300781,6500
2002-12-16,520.0999755859375,523.0,512.0,516.4000244140625,423.94110107421875,29200
2002-12-17,516.75,522.5,515.5499877929688,517.4500122070312,424.80328369140625,2600
2002-12-18,518.0,521.9000244140625,516.0999755859375,517.1500244140625,424.5569763183594,3000
2002-12-19,513.7000122070312,519.9500122070312,510.0,512.0,420.32904052734375,17700
2002-12-20,517.0,518.0,514.5,516.0,423.61273193359375,13500
2002-12-23,518.5,521.0,516.25,519.4500122070312,426.4450988769531,22400
2002-12-24,523.0,523.7999877929688,518.0,519.6500244140625,426.6092224121094,2700
2002-12-25,519.6500244140625,519.6500244140625,519.6500244140625,519.6500244140625,426.6092224121094,0
2002-12-26,522.7999877929688,522.7999877929688,517.0,520.2999877929688,427.14276123046875,3000
2002-12-27,520.0,528.0,498.04998779296875,523.1500244140625,429.4825134277344,5000
2002-12-30,520.0,529.0,520.0,522.2000122070312,428.7026672363281,10000
2002-12-31,515.0,524.9000244140625,510.0,523.5499877929688,429.8110046386719,10300
2003-01-01,513.0,525.0,513.0,524.9000244140625,430.9194030761719,2300
2003-01-02,527.9000244140625,528.0,521.2000122070312,525.2000122070312,431.16546630859375,1600
2003-01-03,516.0499877929688,527.9500122070312,516.0499877929688,526.4500122070312,432.19171142578125,5000
2003-01-06,528.5,536.0,526.2000122070312,528.3499755859375,433.7515563964844,8800
2003-01-07,528.0,535.0,528.0,530.4500122070312,435.4756164550781,7600
2003-01-08,531.6500244140625,538.9500122070312,528.5,534.8499755859375,439.0877380371094,35200
2003-01-09,532.5499877929688,537.9500122070312,532.5499877929688,536.4500122070312,440.4013977050781,4100
2003-01-10,530.0,545.0,529.5,543.4000244140625,446.1070861816406,11400
2003-01-13,548.4000244140625,548.4000244140625,541.5,543.0499877929688,445.8195495605469,13000
2003-01-14,546.0,548.0,537.0999755859375,538.4500122070312,442.0432434082031,10400
2003-01-15,542.0,544.0,535.9000244140625,542.5999755859375,445.4501953125,8000
2003-01-16,539.5,542.0,535.0,536.8499755859375,440.7296447753906,7800
2003-01-17,535.2000122070312,544.9500122070312,534.0,543.0,445.7784423828125,18500
2003-01-20,540.0,540.0,534.0,536.5499877929688,440.4834289550781,9400
2003-01-21,538.0,539.9500122070312,530.0,533.7999877929688,438.22576904296875,11500
2003-01-22,531.0,538.0,530.7999877929688,535.75,439.82666015625,7400
2003-01-23,540.0,550.0,540.0,548.3499755859375,450.1707458496094,274600
2003-01-24,539.2000122070312,545.0,538.25,540.0499877929688,443.35662841796875,11700
2003-01-27,544.0,554.0,531.1500244140625,551.0,452.34619140625,20500
2003-01-28,557.0,568.0,541.3499755859375,552.2999877929688,453.4134216308594,12000
2003-01-29,538.0,549.0,538.0,540.3499755859375,443.60302734375,12900
2003-01-30,540.0999755859375,547.9000244140625,531.25,539.2000122070312,442.6588439941406,15800
2003-01-31,539.25,544.75,528.7000122070312,539.5999755859375,442.9872741699219,5200
2003-02-03,539.5999755859375,546.0,538.0,540.7000122070312,443.8903503417969,5900
2003-02-04,545.0,549.9000244140625,535.25,536.3499755859375,440.31915283203125,12900
2003-02-05,546.9500122070312,546.9500122070312,531.25,533.5,437.9794006347656,7300
2003-02-06,534.0499877929688,537.7000122070312,530.0,532.2000122070312,436.9121398925781,6700
2003-02-07,532.0499877929688,535.0,532.0,532.2000122070312,436.9121398925781,3500
2003-02-10,529.0,533.0,529.0,529.7999877929688,434.9420166015625,11500
2003-02-11,544.0,544.0,525.0,525.2999877929688,431.2476501464844,9500
2003-02-12,521.2999877929688,527.0,521.2999877929688,524.7999877929688,430.8371887207031,7300
2003-02-13,524.7999877929688,524.7999877929688,524.7999877929688,524.7999877929688,430.8371887207031,0
2003-02-14,525.0,531.0,522.5499877929688,527.5499877929688,433.0947570800781,3800
2003-02-17,535.9500122070312,535.9500122070312,528.0,530.5499877929688,435.55767822265625,4200
2003-02-18,530.0499877929688,535.0,530.0,533.1500244140625,437.69219970703125,6900
2003-02-19,533.0,542.0,529.4000244140625,538.7999877929688,442.3305358886719,16300
2003-02-20,533.2000122070312,539.0,533.2000122070312,536.5,440.44232177734375,2400
2003-02-21,537.0,540.0,532.5,538.75,442.2895202636719,3900
2003-02-24,533.2999877929688,539.0,533.2999877929688,534.4500122070312,438.7594299316406,3900
2003-02-25,538.5,538.7999877929688,528.0499877929688,530.5,435.5166015625,9600
2003-02-26,526.0499877929688,537.6500244140625,526.0499877929688,531.1500244140625,436.0502624511719,5400
2003-02-27,539.0,540.0,527.5,536.9000244140625,440.770751953125,16400
2003-02-28,538.7000122070312,545.0,531.1500244140625,535.0999755859375,439.29302978515625,15400
2003-03-03,535.0,539.4500122070312,532.2000122070312,533.0999755859375,437.651123046875,3600
2003-03-04,527.5,538.75,527.5,529.6500244140625,434.8188781738281,13200
2003-03-05,536.0,536.0,528.0499877929688,530.1500244140625,435.229248046875,8600
2003-03-06,536.5,536.5,522.0,523.25,429.56463623046875,5900
2003-03-07,527.6500244140625,535.0,523.0499877929688,533.8499755859375,438.26678466796875,11400
2003-03-10,531.0,540.0,522.6500244140625,529.4500122070312,434.6546325683594,16000
2003-03-11,527.1500244140625,540.0,525.2999877929688,530.0,435.1061096191406,8300
2003-03-12,530.0,535.0,526.3499755859375,531.0499877929688,435.9681091308594,5700
2003-03-13,527.5999755859375,538.0,527.5999755859375,536.8499755859375,440.7296447753906,8700
2003-03-14,536.8499755859375,536.8499755859375,536.8499755859375,536.8499755859375,440.7296447753906,0
2003-03-17,537.0,540.0,531.5999755859375,535.7000122070312,439.7856140136719,13700
2003-03-18,535.7000122070312,535.7000122070312,535.7000122070312,535.7000122070312,439.7856140136719,0
2003-03-19,531.0,540.0,520.0,534.0,438.3899841308594,26000
2003-03-20,534.0,534.0,526.0999755859375,531.0499877929688,435.9681091308594,11100
2003-03-21,531.0499877929688,531.0499877929688,531.0499877929688,531.0499877929688,435.9681091308594,0
2003-03-24,527.0499877929688,527.0499877929688,527.0499877929688,527.0499877929688,432.6842956542969,0
2003-03-25,527.0499877929688,527.0499877929688,527.0499877929688,527.0499877929688,432.6842956542969,0
2003-03-26,527.0499877929688,527.0499877929688,527.0499877929688,527.0499877929688,432.6842956542969,0
2003-03-27,527.0499877929688,527.0499877929688,527.0499877929688,527.0499877929688,432.6842956542969,0
2003-03-28,527.0499877929688,527.0499877929688,527.0499877929688,527.0499877929688,432.6842956542969,0
2003-03-31,527.0499877929688,527.0499877929688,527.0499877929688,527.0499877929688,432.6842956542969,0
2003-04-01,527.0499877929688,527.0499877929688,527.0499877929688,527.0499877929688,432.6842956542969,0
2003-04-02,527.0499877929688,527.0499877929688,527.0499877929688,527.0499877929688,432.6842956542969,0
2003-04-03,527.0499877929688,527.0499877929688,527.0499877929688,527.0499877929688,432.6842956542969,0
2003-04-04,527.0499877929688,527.0499877929688,527.0499877929688,527.0499877929688,432.6842956542969,0
2003-04-07,527.0499877929688,527.0499877929688,527.0499877929688,527.0499877929688,432.6842956542969,0
2003-04-08,527.0499877929688,527.0499877929688,527.0499877929688,527.0499877929688,432.6842956542969,0
2003-04-09,527.0499877929688,527.0499877929688,527.0499877929688,527.0499877929688,432.6842956542969,0
2003-04-10,527.0499877929688,527.0499877929688,527.0499877929688,527.0499877929688,432.6842956542969,0
2003-04-11,527.0499877929688,527.0499877929688,527.0499877929688,527.0499877929688,432.6842956542969,0
2003-04-14,527.0499877929688,527.0499877929688,527.0499877929688,527.0499877929688,432.6842956542969,0
2003-04-15,527.0499877929688,527.0499877929688,527.0499877929688,527.0499877929688,432.6842956542969,0
2003-04-16,527.0499877929688,527.0499877929688,527.0499877929688,527.0499877929688,432.6842956542969,0
2003-04-17,527.0499877929688,527.0499877929688,527.0499877929688,527.0499877929688,432.6842956542969,0
2003-04-18,527.0499877929688,527.0499877929688,527.0499877929688,527.0499877929688,432.6842956542969,0
2003-04-21,527.0499877929688,527.0499877929688,527.0499877929688,527.0499877929688,432.6842956542969,0
2003-04-22,527.0499877929688,527.0499877929688,527.0499877929688,527.0499877929688,432.6842956542969,0
2003-04-23,527.0499877929688,527.0499877929688,527.0499877929688,527.0499877929688,432.6842956542969,0
2003-04-24,527.0499877929688,527.0499877929688,527.0499877929688,527.0499877929688,432.6842956542969,0
2003-04-25,527.0499877929688,527.0499877929688,527.0499877929688,527.0499877929688,432.6842956542969,0
2003-04-28,527.0499877929688,527.0499877929688,527.0499877929688,527.0499877929688,432.6842956542969,0
2003-04-29,527.0499877929688,527.0499877929688,527.0499877929688,527.0499877929688,432.6842956542969,0
2003-04-30,527.0499877929688,527.0499877929688,527.0499877929688,527.0499877929688,432.6842956542969,0
2003-05-01,527.0499877929688,527.0499877929688,527.0499877929688,527.0499877929688,432.6842956542969,0
2003-05-02,527.0499877929688,527.0499877929688,527.0499877929688,527.0499877929688,432.6842956542969,0
2003-05-05,527.0499877929688,527.0499877929688,527.0499877929688,527.0499877929688,432.6842956542969,0
2003-05-06,527.0499877929688,527.0499877929688,527.0499877929688,527.0499877929688,432.6842956542969,0
2003-05-07,527.0499877929688,527.0499877929688,527.0499877929688,527.0499877929688,432.6842956542969,0
2003-05-08,527.0499877929688,527.0499877929688,527.0499877929688,527.0499877929688,432.6842956542969,0
2003-05-09,527.0499877929688,527.0499877929688,527.0499877929688,527.0499877929688,432.6842956542969,0
2003-05-12,527.0499877929688,527.0499877929688,527.0499877929688,527.0499877929688,432.6842956542969,0
2003-05-13,527.0499877929688,527.0499877929688,527.0499877929688,527.0499877929688,432.6842956542969,0
2003-05-14,527.0499877929688,527.0499877929688,527.0499877929688,527.0499877929688,432.6842956542969,0
2003-05-15,527.0499877929688,527.0499877929688,527.0499877929688,527.0499877929688,432.6842956542969,0
2003-05-16,527.0499877929688,527.0499877929688,527.0499877929688,527.0499877929688,432.6842956542969,0
2003-05-19,527.0499877929688,527.0499877929688,527.0499877929688,527.0499877929688,432.6842956542969,0
2003-05-20,527.0499877929688,527.0499877929688,527.0499877929688,527.0499877929688,432.6842956542969,0
2003-05-21,527.0499877929688,527.0499877929688,527.0499877929688,527.0499877929688,432.6842956542969,0
2003-05-22,527.0499877929688,527.0499877929688,527.0499877929688,527.0499877929688,432.6842956542969,0
2003-05-23,527.0499877929688,527.0499877929688,527.0499877929688,527.0499877929688,432.6842956542969,0
2003-05-26,527.0499877929688,527.0499877929688,527.0499877929688,527.0499877929688,432.6842956542969,0
2003-05-27,527.0499877929688,527.0499877929688,527.0499877929688,527.0499877929688,432.6842956542969,0
2003-05-28,527.0499877929688,527.0499877929688,527.0499877929688,527.0499877929688,432.6842956542969,0
2003-05-29,527.0499877929688,527.0499877929688,527.0499877929688,527.0499877929688,432.6842956542969,0
2003-05-30,527.0499877929688,527.0499877929688,527.0499877929688,527.0499877929688,432.6842956542969,0
2003-06-02,527.0499877929688,527.0499877929688,527.0499877929688,527.0499877929688,432.6842956542969,0
2003-06-03,527.0499877929688,527.0499877929688,527.0499877929688,527.0499877929688,432.6842956542969,0
2003-06-04,527.0499877929688,527.0499877929688,527.0499877929688,527.0499877929688,432.6842956542969,0
2003-06-05,527.0499877929688,527.0499877929688,527.0499877929688,527.0499877929688,432.6842956542969,0
2003-06-06,527.0499877929688,527.0499877929688,527.0499877929688,527.0499877929688,432.6842956542969,0
2003-06-09,527.0499877929688,527.0499877929688,527.0499877929688,527.0499877929688,432.6842956542969,0
2003-06-10,527.0499877929688,527.0499877929688,527.0499877929688,527.0499877929688,432.6842956542969,0
2003-06-11,527.0499877929688,527.0499877929688,527.0499877929688,527.0499877929688,432.6842956542969,0
2003-06-12,527.0499877929688,527.0499877929688,527.0499877929688,527.0499877929688,432.6842956542969,0
2003-06-13,527.0499877929688,527.0499877929688,527.0499877929688,527.0499877929688,432.6842956542969,0
2003-06-16,527.0499877929688,527.0499877929688,527.0499877929688,527.0499877929688,432.6842956542969,0
2003-06-17,527.0499877929688,527.0499877929688,527.0499877929688,527.0499877929688,432.6842956542969,0
2003-06-18,527.0499877929688,527.0499877929688,527.0499877929688,527.0499877929688,432.6842956542969,0
2003-06-19,527.0499877929688,527.0499877929688,527.0499877929688,527.0499877929688,432.6842956542969,0
2003-06-20,527.0499877929688,527.0499877929688,527.0499877929688,527.0499877929688,432.6842956542969,0
2003-06-23,527.0499877929688,527.0499877929688,527.0499877929688,527.0499877929688,432.6842956542969,0
2003-06-24,527.0499877929688,527.0499877929688,527.0499877929688,527.0499877929688,432.6842956542969,0
2003-06-25,527.0499877929688,527.0499877929688,527.0499877929688,527.0499877929688,432.6842956542969,0
2003-06-26,527.0499877929688,527.0499877929688,527.0499877929688,527.0499877929688,432.6842956542969,0
2003-06-27,527.0499877929688,527.0499877929688,527.0499877929688,527.0499877929688,432.6842956542969,0
2003-06-30,527.0499877929688,527.0499877929688,527.0499877929688,527.0499877929688,432.6842956542969,0
2003-07-01,527.0499877929688,527.0499877929688,527.0499877929688,527.0499877929688,432.6842956542969,0
2003-07-02,527.0499877929688,527.0499877929688,527.0499877929688,527.0499877929688,432.6842956542969,0
2003-07-03,527.0499877929688,527.0499877929688,527.0499877929688,527.0499877929688,432.6842956542969,0
2003-07-04,527.0499877929688,527.0499877929688,527.0499877929688,527.0499877929688,432.6842956542969,0
2003-07-07,527.0499877929688,527.0499877929688,527.0499877929688,527.0499877929688,432.6842956542969,0
2003-07-08,527.0499877929688,527.0499877929688,527.0499877929688,527.0499877929688,432.6842956542969,0
2003-07-09,527.0499877929688,527.0499877929688,527.0499877929688,527.0499877929688,432.6842956542969,0
2003-07-10,527.0499877929688,527.0499877929688,527.0499877929688,527.0499877929688,432.6842956542969,0
2003-07-11,527.0499877929688,527.0499877929688,527.0499877929688,527.0499877929688,432.6842956542969,0
2003-07-14,527.0499877929688,527.0499877929688,527.0499877929688,527.0499877929688,432.6842956542969,0
2003-07-15,527.0499877929688,527.0499877929688,527.0499877929688,527.0499877929688,432.6842956542969,0
2003-07-16,527.0499877929688,527.0499877929688,527.0499877929688,527.0499877929688,432.6842956542969,0
2003-07-17,527.0499877929688,527.0499877929688,527.0499877929688,527.0499877929688,432.6842956542969,0
2003-07-18,527.0499877929688,527.0499877929688,527.0499877929688,527.0499877929688,432.6842956542969,0
2003-07-21,527.0499877929688,527.0499877929688,527.0499877929688,527.0499877929688,432.6842956542969,0
2003-07-22,527.0499877929688,527.0499877929688,527.0499877929688,527.0499877929688,432.6842956542969,0
2003-07-23,527.0499877929688,527.0499877929688,527.0499877929688,527.0499877929688,432.6842956542969,0
2003-07-24,527.0499877929688,527.0499877929688,527.0499877929688,527.0499877929688,432.6842956542969,0
2003-07-25,527.0499877929688,527.0499877929688,527.0499877929688,527.0499877929688,432.6842956542969,0
2003-07-28,527.0499877929688,527.0499877929688,527.0499877929688,527.0499877929688,432.6842956542969,0
2003-07-29,527.0499877929688,527.0499877929688,527.0499877929688,527.0499877929688,432.6842956542969,0
2003-07-30,527.0499877929688,527.0499877929688,527.0499877929688,527.0499877929688,432.6842956542969,0
2003-07-31,527.0499877929688,527.0499877929688,527.0499877929688,527.0499877929688,432.6842956542969,0
2003-08-01,527.0499877929688,527.0499877929688,527.0499877929688,527.0499877929688,432.6842956542969,0
2003-08-04,527.0499877929688,527.0499877929688,527.0499877929688,527.0499877929688,432.6842956542969,0
2003-08-05,527.0499877929688,527.0499877929688,527.0499877929688,527.0499877929688,432.6842956542969,0
2003-08-06,527.0499877929688,527.0499877929688,527.0499877929688,527.0499877929688,432.6842956542969,0
2003-08-07,527.0499877929688,527.0499877929688,527.0499877929688,527.0499877929688,432.6842956542969,0
2003-08-08,527.0499877929688,527.0499877929688,527.0499877929688,527.0499877929688,432.6842956542969,0
2003-08-11,527.0499877929688,527.0499877929688,527.0499877929688,527.0499877929688,432.6842956542969,0
2003-08-12,527.0499877929688,527.0499877929688,527.0499877929688,527.0499877929688,432.6842956542969,0
2003-08-13,527.0499877929688,527.0499877929688,527.0499877929688,527.0499877929688,432.6842956542969,0
2003-08-14,527.0499877929688,527.0499877929688,527.0499877929688,527.0499877929688,432.6842956542969,0
2003-08-15,527.0499877929688,527.0499877929688,527.0499877929688,527.0499877929688,432.6842956542969,0
2003-08-18,527.0499877929688,527.0499877929688,527.0499877929688,527.0499877929688,432.6842956542969,0
2003-08-19,527.0499877929688,527.0499877929688,527.0499877929688,527.0499877929688,432.6842956542969,0
2003-08-20,527.0499877929688,527.0499877929688,527.0499877929688,527.0499877929688,432.6842956542969,0
2003-08-21,527.0499877929688,527.0499877929688,527.0499877929688,527.0499877929688,432.6842956542969,0
2003-08-22,527.0499877929688,527.0499877929688,527.0499877929688,527.0499877929688,432.6842956542969,0
2003-08-25,527.0499877929688,527.0499877929688,527.0499877929688,527.0499877929688,432.6842956542969,0
2003-08-26,527.0499877929688,527.0499877929688,527.0499877929688,527.0499877929688,432.6842956542969,0
2003-08-27,527.0499877929688,527.0499877929688,527.0499877929688,527.0499877929688,432.6842956542969,0
2003-08-28,527.0499877929688,527.0499877929688,527.0499877929688,527.0499877929688,432.6842956542969,0
2003-08-29,527.0499877929688,527.0499877929688,527.0499877929688,527.0499877929688,432.6842956542969,0
2003-09-01,527.0499877929688,527.0499877929688,527.0499877929688,527.0499877929688,432.6842956542969,0
2003-09-02,527.0499877929688,527.0499877929688,527.0499877929688,527.0499877929688,432.6842956542969,0
2003-09-03,527.0499877929688,527.0499877929688,527.0499877929688,527.0499877929688,432.6842956542969,0
2003-09-04,527.0499877929688,527.0499877929688,527.0499877929688,527.0499877929688,432.6842956542969,0
2003-09-05,527.0499877929688,527.0499877929688,527.0499877929688,527.0499877929688,432.6842956542969,0
2003-09-08,527.0499877929688,527.0499877929688,527.0499877929688,527.0499877929688,432.6842956542969,0
2003-09-09,527.0499877929688,527.0499877929688,527.0499877929688,527.0499877929688,432.6842956542969,0
2003-09-10,527.0499877929688,527.0499877929688,527.0499877929688,527.0499877929688,432.6842956542969,0
2003-09-11,527.0499877929688,527.0499877929688,527.0499877929688,527.0499877929688,432.6842956542969,0
2003-09-12,527.0499877929688,527.0499877929688,527.0499877929688,527.0499877929688,432.6842956542969,0
2003-09-15,527.0499877929688,527.0499877929688,527.0499877929688,527.0499877929688,432.6842956542969,0
2003-09-16,527.0499877929688,527.0499877929688,527.0499877929688,527.0499877929688,432.6842956542969,0
2003-09-17,527.0499877929688,527.0499877929688,527.0499877929688,527.0499877929688,432.6842956542969,0
2003-09-18,527.0499877929688,527.0499877929688,527.0499877929688,527.0499877929688,432.6842956542969,0
2003-09-19,527.0499877929688,527.0499877929688,527.0499877929688,527.0499877929688,432.6842956542969,0
2003-09-22,527.0499877929688,527.0499877929688,527.0499877929688,527.0499877929688,432.6842956542969,0
2003-09-23,527.0499877929688,527.0499877929688,527.0499877929688,527.0499877929688,432.6842956542969,0
2003-09-24,527.0499877929688,527.0499877929688,527.0499877929688,527.0499877929688,432.6842956542969,0
2003-09-25,527.0499877929688,527.0499877929688,527.0499877929688,527.0499877929688,432.6842956542969,0
2003-09-26,527.0499877929688,527.0499877929688,527.0499877929688,527.0499877929688,432.6842956542969,0
2003-09-29,527.0499877929688,527.0499877929688,527.0499877929688,527.0499877929688,432.6842956542969,0
2003-09-30,527.0499877929688,527.0499877929688,527.0499877929688,527.0499877929688,432.6842956542969,0
2003-10-01,527.0499877929688,527.0499877929688,527.0499877929688,527.0499877929688,432.6842956542969,0
2003-10-02,527.0499877929688,527.0499877929688,527.0499877929688,527.0499877929688,432.6842956542969,0
2003-10-03,527.0499877929688,527.0499877929688,527.0499877929688,527.0499877929688,432.6842956542969,0
2003-10-06,527.0499877929688,527.0499877929688,527.0499877929688,527.0499877929688,432.6842956542969,0
2003-10-07,527.0499877929688,527.0499877929688,527.0499877929688,527.0499877929688,432.6842956542969,0
2003-10-08,527.0499877929688,527.0499877929688,527.0499877929688,527.0499877929688,432.6842956542969,0
2003-10-09,527.0499877929688,527.0499877929688,527.0499877929688,527.0499877929688,432.6842956542969,0
2003-10-10,527.0499877929688,527.0499877929688,527.0499877929688,527.0499877929688,432.6842956542969,0
2003-10-13,527.0499877929688,527.0499877929688,527.0499877929688,527.0499877929688,432.6842956542969,0
2003-10-14,527.0499877929688,527.0499877929688,527.0499877929688,527.0499877929688,432.6842956542969,0
2003-10-15,527.0499877929688,527.0499877929688,527.0499877929688,527.0499877929688,432.6842956542969,0
2003-10-16,527.0499877929688,527.0499877929688,527.0499877929688,527.0499877929688,432.6842956542969,0
2003-10-17,527.0499877929688,527.0499877929688,527.0499877929688,527.0499877929688,432.6842956542969,0
2003-10-20,527.0499877929688,527.0499877929688,527.0499877929688,527.0499877929688,432.6842956542969,0
2003-10-21,527.0499877929688,527.0499877929688,527.0499877929688,527.0499877929688,432.6842956542969,0
2003-10-22,527.0499877929688,527.0499877929688,527.0499877929688,527.0499877929688,432.6842956542969,0
2003-10-23,527.0499877929688,527.0499877929688,527.0499877929688,527.0499877929688,432.6842956542969,0
2003-10-24,527.0499877929688,527.0499877929688,527.0499877929688,527.0499877929688,432.6842956542969,0
2003-10-27,527.0499877929688,527.0499877929688,527.0499877929688,527.0499877929688,432.6842956542969,0
2003-10-28,527.0499877929688,527.0499877929688,527.0499877929688,527.0499877929688,432.6842956542969,0
2003-10-29,527.0499877929688,527.0499877929688,527.0499877929688,527.0499877929688,432.6842956542969,0
2003-10-30,527.0499877929688,527.0499877929688,527.0499877929688,527.0499877929688,432.6842956542969,0
2003-10-31,527.0499877929688,527.0499877929688,527.0499877929688,527.0499877929688,432.6842956542969,0
2003-11-03,527.0499877929688,527.0499877929688,527.0499877929688,527.0499877929688,432.6842956542969,0
2003-11-04,527.0499877929688,527.0499877929688,527.0499877929688,527.0499877929688,432.6842956542969,0
2003-11-05,527.0499877929688,527.0499877929688,527.0499877929688,527.0499877929688,432.6842956542969,0
2003-11-06,527.0499877929688,527.0499877929688,527.0499877929688,527.0499877929688,432.6842956542969,0
2003-11-07,527.0499877929688,527.0499877929688,527.0499877929688,527.0499877929688,432.6842956542969,0
2003-11-10,527.0499877929688,527.0499877929688,527.0499877929688,527.0499877929688,432.6842956542969,0
2003-11-11,527.0499877929688,527.0499877929688,527.0499877929688,527.0499877929688,432.6842956542969,0
2003-11-12,527.0499877929688,527.0499877929688,527.0499877929688,527.0499877929688,432.6842956542969,0
2003-11-13,527.0499877929688,527.0499877929688,527.0499877929688,527.0499877929688,432.6842956542969,0
2003-11-14,527.0499877929688,527.0499877929688,527.0499877929688,527.0499877929688,432.6842956542969,0
2003-11-17,527.0499877929688,527.0499877929688,527.0499877929688,527.0499877929688,432.6842956542969,0
2003-11-18,527.0499877929688,527.0499877929688,527.0499877929688,527.0499877929688,432.6842956542969,0
2003-11-19,527.0499877929688,527.0499877929688,527.0499877929688,527.0499877929688,432.6842956542969,0
2003-11-20,527.0499877929688,527.0499877929688,527.0499877929688,527.0499877929688,432.6842956542969,0
2003-11-21,527.0499877929688,527.0499877929688,527.0499877929688,527.0499877929688,432.6842956542969,0
2003-11-24,527.0499877929688,527.0499877929688,527.0499877929688,527.0499877929688,432.6842956542969,0
2003-11-25,527.0499877929688,527.0499877929688,527.0499877929688,527.0499877929688,432.6842956542969,0
2003-11-26,527.0499877929688,527.0499877929688,527.0499877929688,527.0499877929688,432.6842956542969,0
2003-11-27,527.0499877929688,527.0499877929688,527.0499877929688,527.0499877929688,432.6842956542969,0
2003-11-28,527.0499877929688,527.0499877929688,527.0499877929688,527.0499877929688,432.6842956542969,0
2003-12-01,527.0499877929688,527.0499877929688,527.0499877929688,527.0499877929688,432.6842956542969,0
2003-12-02,527.0499877929688,527.0499877929688,527.0499877929688,527.0499877929688,432.6842956542969,0
2003-12-03,527.0499877929688,527.0499877929688,527.0499877929688,527.0499877929688,432.6842956542969,0
2003-12-04,527.0499877929688,527.0499877929688,527.0499877929688,527.0499877929688,432.6842956542969,0
2003-12-05,527.0499877929688,527.0499877929688,527.0499877929688,527.0499877929688,432.6842956542969,0
2003-12-08,527.0499877929688,527.0499877929688,527.0499877929688,527.0499877929688,432.6842956542969,0
2003-12-09,527.0499877929688,527.0499877929688,527.0499877929688,527.0499877929688,432.6842956542969,0
2003-12-10,527.0499877929688,527.0499877929688,527.0499877929688,527.0499877929688,432.6842956542969,0
2003-12-11,527.0499877929688,527.0499877929688,527.0499877929688,527.0499877929688,432.6842956542969,0
2003-12-12,527.0499877929688,527.0499877929688,527.0499877929688,527.0499877929688,432.6842956542969,0
2003-12-15,527.0499877929688,527.0499877929688,527.0499877929688,527.0499877929688,432.6842956542969,0
2003-12-16,527.0499877929688,527.0499877929688,527.0499877929688,527.0499877929688,432.6842956542969,0
2003-12-17,527.0499877929688,527.0499877929688,527.0499877929688,527.0499877929688,432.6842956542969,0
2003-12-18,527.0499877929688,527.0499877929688,527.0499877929688,527.0499877929688,432.6842956542969,0
2003-12-19,527.0499877929688,527.0499877929688,527.0499877929688,527.0499877929688,432.6842956542969,0
2003-12-22,527.0499877929688,527.0499877929688,527.0499877929688,527.0499877929688,432.6842956542969,0
2003-12-23,527.0499877929688,527.0499877929688,527.0499877929688,527.0499877929688,432.6842956542969,0
2003-12-24,527.0499877929688,527.0499877929688,527.0499877929688,527.0499877929688,432.6842956542969,0
2003-12-25,527.0499877929688,527.0499877929688,527.0499877929688,527.0499877929688,432.6842956542969,0
2003-12-26,527.0499877929688,527.0499877929688,527.0499877929688,527.0499877929688,432.6842956542969,0
2003-12-29,527.0499877929688,527.0499877929688,527.0499877929688,527.0499877929688,432.6842956542969,0
2003-12-30,527.0499877929688,527.0499877929688,527.0499877929688,527.0499877929688,432.6842956542969,0
2003-12-31,527.0499877929688,527.0499877929688,527.0499877929688,527.0499877929688,432.6842956542969,0
2004-01-01,527.0499877929688,527.0499877929688,527.0499877929688,527.0499877929688,432.6842956542969,0
2004-01-02,527.0499877929688,527.0499877929688,527.0499877929688,527.0499877929688,432.6842956542969,0
2004-01-05,527.0499877929688,527.0499877929688,527.0499877929688,527.0499877929688,432.6842956542969,0
2004-01-06,527.0499877929688,527.0499877929688,527.0499877929688,527.0499877929688,432.6842956542969,0
2004-01-07,527.0499877929688,527.0499877929688,527.0499877929688,527.0499877929688,432.6842956542969,0
2004-01-08,527.0499877929688,527.0499877929688,527.0499877929688,527.0499877929688,432.6842956542969,0
2004-01-09,527.0499877929688,527.0499877929688,527.0499877929688,527.0499877929688,432.6842956542969,0
2004-01-12,527.0499877929688,527.0499877929688,527.0499877929688,527.0499877929688,432.6842956542969,0
2004-01-13,527.0499877929688,527.0499877929688,527.0499877929688,527.0499877929688,432.6842956542969,0
2004-01-14,527.0499877929688,527.0499877929688,527.0499877929688,527.0499877929688,432.6842956542969,0
2004-01-15,527.0499877929688,527.0499877929688,527.0499877929688,527.0499877929688,432.6842956542969,0
2004-01-16,527.0499877929688,527.0499877929688,527.0499877929688,527.0499877929688,432.6842956542969,0
2004-01-19,527.0499877929688,527.0499877929688,527.0499877929688,527.0499877929688,432.6842956542969,0
2004-01-20,527.0499877929688,527.0499877929688,527.0499877929688,527.0499877929688,432.6842956542969,0
2004-01-21,527.0499877929688,527.0499877929688,527.0499877929688,527.0499877929688,432.6842956542969,0
2004-01-22,527.0499877929688,527.0499877929688,527.0499877929688,527.0499877929688,432.6842956542969,0
2004-01-23,527.0499877929688,527.0499877929688,527.0499877929688,527.0499877929688,432.6842956542969,0
2004-01-26,527.0499877929688,527.0499877929688,527.0499877929688,527.0499877929688,432.6842956542969,0
2004-01-27,527.0499877929688,527.0499877929688,527.0499877929688,527.0499877929688,432.6842956542969,0
2004-01-28,527.0499877929688,527.0499877929688,527.0499877929688,527.0499877929688,432.6842956542969,0
2004-01-29,527.0499877929688,527.0499877929688,527.0499877929688,527.0499877929688,432.6842956542969,0
2004-01-30,527.0499877929688,527.0499877929688,527.0499877929688,527.0499877929688,432.6842956542969,0
2004-02-02,527.0499877929688,527.0499877929688,527.0499877929688,527.0499877929688,432.6842956542969,0
2004-02-03,527.0499877929688,527.0499877929688,527.0499877929688,527.0499877929688,432.6842956542969,0
2004-02-04,527.0499877929688,527.0499877929688,527.0499877929688,527.0499877929688,432.6842956542969,0
2004-02-05,527.0499877929688,527.0499877929688,527.0499877929688,527.0499877929688,432.6842956542969,0
2004-02-06,527.0499877929688,527.0499877929688,527.0499877929688,527.0499877929688,432.6842956542969,0
2004-02-09,527.0499877929688,527.0499877929688,527.0499877929688,527.0499877929688,432.6842956542969,0
2004-02-10,527.0499877929688,527.0499877929688,527.0499877929688,527.0499877929688,432.6842956542969,0
2004-02-11,527.0499877929688,527.0499877929688,527.0499877929688,527.0499877929688,432.6842956542969,0
2004-02-12,527.0499877929688,527.0499877929688,527.0499877929688,527.0499877929688,432.6842956542969,0
2004-02-13,527.0499877929688,527.0499877929688,527.0499877929688,527.0499877929688,432.6842956542969,0
2004-02-16,527.0499877929688,527.0499877929688,527.0499877929688,527.0499877929688,432.6842956542969,0
2004-02-17,527.0499877929688,527.0499877929688,527.0499877929688,527.0499877929688,432.6842956542969,0
2004-02-18,527.0499877929688,527.0499877929688,527.0499877929688,527.0499877929688,432.6842956542969,0
2004-02-19,527.0499877929688,527.0499877929688,527.0499877929688,527.0499877929688,432.6842956542969,0
2004-02-20,527.0499877929688,527.0499877929688,527.0499877929688,527.0499877929688,432.6842956542969,0
2004-02-23,527.0499877929688,527.0499877929688,527.0499877929688,527.0499877929688,432.6842956542969,0
2004-02-24,527.0499877929688,527.0499877929688,527.0499877929688,527.0499877929688,432.6842956542969,0
2004-02-25,527.0499877929688,527.0499877929688,527.0499877929688,527.0499877929688,432.6842956542969,0
2004-02-26,527.0499877929688,527.0499877929688,527.0499877929688,527.0499877929688,432.6842956542969,0
2004-02-27,527.0499877929688,527.0499877929688,527.0499877929688,527.0499877929688,432.6842956542969,0
2004-03-01,527.0499877929688,527.0499877929688,527.0499877929688,527.0499877929688,432.6842956542969,0
2004-03-02,527.0499877929688,527.0499877929688,527.0499877929688,527.0499877929688,432.6842956542969,0
2004-03-03,527.0499877929688,527.0499877929688,527.0499877929688,527.0499877929688,432.6842956542969,0
2004-03-04,527.0499877929688,527.0499877929688,527.0499877929688,527.0499877929688,432.6842956542969,0
2004-03-05,527.0499877929688,527.0499877929688,527.0499877929688,527.0499877929688,432.6842956542969,0
2004-03-08,527.0499877929688,527.0499877929688,527.0499877929688,527.0499877929688,432.6842956542969,0
2004-03-09,527.0499877929688,527.0499877929688,527.0499877929688,527.0499877929688,432.6842956542969,0
2004-03-10,527.0499877929688,527.0499877929688,527.0499877929688,527.0499877929688,432.6842956542969,0
2004-03-11,527.0499877929688,527.0499877929688,527.0499877929688,527.0499877929688,432.6842956542969,0
2004-03-12,527.0499877929688,527.0499877929688,527.0499877929688,527.0499877929688,432.6842956542969,0
2004-03-15,527.0499877929688,527.0499877929688,527.0499877929688,527.0499877929688,432.6842956542969,0
2004-03-16,527.0499877929688,527.0499877929688,527.0499877929688,527.0499877929688,432.6842956542969,0
2004-03-17,527.0499877929688,527.0499877929688,527.0499877929688,527.0499877929688,432.6842956542969,0
2004-03-18,527.0499877929688,527.0499877929688,527.0499877929688,527.0499877929688,432.6842956542969,0
2004-03-19,527.0499877929688,527.0499877929688,527.0499877929688,527.0499877929688,432.6842956542969,0
2004-03-22,527.0499877929688,527.0499877929688,527.0499877929688,527.0499877929688,432.6842956542969,0
2004-03-23,527.0499877929688,527.0499877929688,527.0499877929688,527.0499877929688,432.6842956542969,0
2004-03-24,527.0499877929688,527.0499877929688,527.0499877929688,527.0499877929688,432.6842956542969,0
2004-03-25,527.0499877929688,527.0499877929688,527.0499877929688,527.0499877929688,432.6842956542969,0
2004-03-26,527.0499877929688,527.0499877929688,527.0499877929688,527.0499877929688,432.6842956542969,0
2004-03-29,527.0499877929688,527.0499877929688,527.0499877929688,527.0499877929688,432.6842956542969,0
2004-03-30,527.0499877929688,527.0499877929688,527.0499877929688,527.0499877929688,432.6842956542969,0
2004-03-31,527.0499877929688,527.0499877929688,527.0499877929688,527.0499877929688,432.6842956542969,0
2004-04-01,527.0499877929688,527.0499877929688,527.0499877929688,527.0499877929688,432.6842956542969,0
2004-04-02,527.0499877929688,527.0499877929688,527.0499877929688,527.0499877929688,432.6842956542969,0
2004-04-05,527.0499877929688,527.0499877929688,527.0499877929688,527.0499877929688,432.6842956542969,0
2004-04-06,527.0499877929688,527.0499877929688,527.0499877929688,527.0499877929688,432.6842956542969,0
2004-04-07,527.0499877929688,527.0499877929688,527.0499877929688,527.0499877929688,432.6842956542969,0
2004-04-08,527.0499877929688,527.0499877929688,527.0499877929688,527.0499877929688,432.6842956542969,0
2004-04-09,527.0499877929688,527.0499877929688,527.0499877929688,527.0499877929688,432.6842956542969,0
2004-04-12,527.0499877929688,527.0499877929688,527.0499877929688,527.0499877929688,432.6842956542969,0
2004-04-13,527.0499877929688,527.0499877929688,527.0499877929688,527.0499877929688,432.6842956542969,0
2004-04-14,527.0499877929688,527.0499877929688,527.0499877929688,527.0499877929688,432.6842956542969,0
2004-04-15,527.0499877929688,527.0499877929688,527.0499877929688,527.0499877929688,432.6842956542969,0
2004-04-16,527.0499877929688,527.0499877929688,527.0499877929688,527.0499877929688,432.6842956542969,0
2004-04-19,527.0499877929688,527.0499877929688,527.0499877929688,527.0499877929688,432.6842956542969,0
2004-04-20,527.0499877929688,527.0499877929688,527.0499877929688,527.0499877929688,432.6842956542969,0
2004-04-21,527.0499877929688,527.0499877929688,527.0499877929688,527.0499877929688,432.6842956542969,0
2004-04-22,527.0499877929688,527.0499877929688,527.0499877929688,527.0499877929688,432.6842956542969,0
2004-04-23,527.0499877929688,527.0499877929688,527.0499877929688,527.0499877929688,432.6842956542969,0
2004-04-26,527.0499877929688,527.0499877929688,527.0499877929688,527.0499877929688,432.6842956542969,0
2004-04-27,527.0499877929688,527.0499877929688,527.0499877929688,527.0499877929688,432.6842956542969,0
2004-04-28,527.0499877929688,527.0499877929688,527.0499877929688,527.0499877929688,432.6842956542969,0
2004-04-29,527.0499877929688,527.0499877929688,527.0499877929688,527.0499877929688,432.6842956542969,0
2004-04-30,527.0499877929688,527.0499877929688,527.0499877929688,527.0499877929688,432.6842956542969,0
2004-05-03,527.0499877929688,527.0499877929688,527.0499877929688,527.0499877929688,432.6842956542969,0
2004-05-04,527.0499877929688,527.0499877929688,527.0499877929688,527.0499877929688,432.6842956542969,0
2004-05-05,527.0499877929688,527.0499877929688,527.0499877929688,527.0499877929688,432.6842956542969,0
2004-05-06,527.0499877929688,527.0499877929688,527.0499877929688,527.0499877929688,432.6842956542969,0
2004-05-07,527.0499877929688,527.0499877929688,527.0499877929688,527.0499877929688,432.6842956542969,0
2004-05-10,527.0499877929688,527.0499877929688,527.0499877929688,527.0499877929688,432.6842956542969,0
2004-05-11,527.0499877929688,527.0499877929688,527.0499877929688,527.0499877929688,432.6842956542969,0
2004-05-12,527.0499877929688,527.0499877929688,527.0499877929688,527.0499877929688,432.6842956542969,0
2004-05-13,527.0499877929688,527.0499877929688,527.0499877929688,527.0499877929688,432.6842956542969,0
2004-05-14,527.0499877929688,527.0499877929688,527.0499877929688,527.0499877929688,432.6842956542969,0
2004-05-17,527.0499877929688,527.0499877929688,527.0499877929688,527.0499877929688,432.6842956542969,0
2004-05-18,527.0499877929688,527.0499877929688,527.0499877929688,527.0499877929688,432.6842956542969,0
2004-05-19,527.0499877929688,527.0499877929688,527.0499877929688,527.0499877929688,432.6842956542969,0
2004-05-20,527.0499877929688,527.0499877929688,527.0499877929688,527.0499877929688,432.6842956542969,0
2004-05-21,527.0499877929688,527.0499877929688,527.0499877929688,527.0499877929688,432.6842956542969,0
2004-05-24,527.0499877929688,527.0499877929688,527.0499877929688,527.0499877929688,432.6842956542969,0
2004-05-25,527.0499877929688,527.0499877929688,527.0499877929688,527.0499877929688,432.6842956542969,0
2004-05-26,527.0499877929688,527.0499877929688,527.0499877929688,527.0499877929688,432.6842956542969,0
2004-05-27,527.0499877929688,527.0499877929688,527.0499877929688,527.0499877929688,432.6842956542969,0
2004-05-28,527.0499877929688,527.0499877929688,527.0499877929688,527.0499877929688,432.6842956542969,0
2004-05-31,527.0499877929688,527.0499877929688,527.0499877929688,527.0499877929688,432.6842956542969,0
2004-06-01,527.0499877929688,527.0499877929688,527.0499877929688,527.0499877929688,432.6842956542969,0
2004-06-02,527.0499877929688,527.0499877929688,527.0499877929688,527.0499877929688,432.6842956542969,0
2004-06-03,527.0499877929688,527.0499877929688,527.0499877929688,527.0499877929688,432.6842956542969,0
2004-06-04,527.0499877929688,527.0499877929688,527.0499877929688,527.0499877929688,432.6842956542969,0
2004-06-07,527.0499877929688,527.0499877929688,527.0499877929688,527.0499877929688,432.6842956542969,0
2004-06-08,527.0499877929688,527.0499877929688,527.0499877929688,527.0499877929688,432.6842956542969,0
2004-06-09,527.0499877929688,527.0499877929688,527.0499877929688,527.0499877929688,432.6842956542969,0
2004-06-10,527.0499877929688,527.0499877929688,527.0499877929688,527.0499877929688,432.6842956542969,0
2004-06-11,527.0499877929688,527.0499877929688,527.0499877929688,527.0499877929688,432.6842956542969,0
2004-06-14,527.0499877929688,527.0499877929688,527.0499877929688,527.0499877929688,432.6842956542969,0
2004-06-15,527.0499877929688,527.0499877929688,527.0499877929688,527.0499877929688,432.6842956542969,0
2004-06-16,527.0499877929688,527.0499877929688,527.0499877929688,527.0499877929688,432.6842956542969,0
2004-06-17,527.0499877929688,527.0499877929688,527.0499877929688,527.0499877929688,432.6842956542969,0
2004-06-18,527.0499877929688,527.0499877929688,527.0499877929688,527.0499877929688,432.6842956542969,0
2004-06-21,527.0499877929688,527.0499877929688,527.0499877929688,527.0499877929688,432.6842956542969,0
2004-06-22,527.0499877929688,527.0499877929688,527.0499877929688,527.0499877929688,432.6842956542969,0
2004-06-23,527.0499877929688,527.0499877929688,527.0499877929688,527.0499877929688,432.6842956542969,0
2004-06-24,527.0499877929688,527.0499877929688,527.0499877929688,527.0499877929688,432.6842956542969,0
2004-06-25,527.0499877929688,527.0499877929688,527.0499877929688,527.0499877929688,432.6842956542969,0
2004-06-28,527.0499877929688,527.0499877929688,527.0499877929688,527.0499877929688,432.6842956542969,0
2004-06-29,527.0499877929688,527.0499877929688,527.0499877929688,527.0499877929688,432.6842956542969,0
2004-06-30,527.0499877929688,527.0499877929688,527.0499877929688,527.0499877929688,432.6842956542969,0
2004-07-01,527.0499877929688,527.0499877929688,527.0499877929688,527.0499877929688,432.6842956542969,0
2004-07-02,527.0499877929688,527.0499877929688,527.0499877929688,527.0499877929688,432.6842956542969,0
2004-07-05,527.0499877929688,527.0499877929688,527.0499877929688,527.0499877929688,432.6842956542969,0
2004-07-06,527.0499877929688,527.0499877929688,527.0499877929688,527.0499877929688,432.6842956542969,0
2004-07-07,527.0499877929688,527.0499877929688,527.0499877929688,527.0499877929688,432.6842956542969,0
2004-07-08,527.0499877929688,527.0499877929688,527.0499877929688,527.0499877929688,432.6842956542969,0
2004-07-09,527.0499877929688,527.0499877929688,527.0499877929688,527.0499877929688,432.6842956542969,0
2004-07-12,527.0499877929688,527.0499877929688,527.0499877929688,527.0499877929688,432.6842956542969,0
2004-07-13,527.0499877929688,527.0499877929688,527.0499877929688,527.0499877929688,432.6842956542969,0
2004-07-14,527.0499877929688,527.0499877929688,527.0499877929688,527.0499877929688,432.6842956542969,0
2004-07-15,527.0499877929688,527.0499877929688,527.0499877929688,527.0499877929688,432.6842956542969,0
2004-07-16,527.0499877929688,527.0499877929688,527.0499877929688,527.0499877929688,432.6842956542969,0
2004-07-19,527.0499877929688,527.0499877929688,527.0499877929688,527.0499877929688,432.6842956542969,0
2004-07-20,527.0499877929688,527.0499877929688,527.0499877929688,527.0499877929688,432.6842956542969,0
2004-07-21,527.0499877929688,527.0499877929688,527.0499877929688,527.0499877929688,432.6842956542969,0
2004-07-22,527.0499877929688,527.0499877929688,527.0499877929688,527.0499877929688,432.6842956542969,0
2004-07-23,527.0499877929688,527.0499877929688,527.0499877929688,527.0499877929688,432.6842956542969,0
2004-07-26,527.0499877929688,527.0499877929688,527.0499877929688,527.0499877929688,432.6842956542969,0
2004-07-27,527.0499877929688,527.0499877929688,527.0499877929688,527.0499877929688,432.6842956542969,0
2004-07-28,527.0499877929688,527.0499877929688,527.0499877929688,527.0499877929688,432.6842956542969,0
2004-07-29,527.0499877929688,527.0499877929688,527.0499877929688,527.0499877929688,432.6842956542969,0
2004-07-30,527.0499877929688,527.0499877929688,527.0499877929688,527.0499877929688,432.6842956542969,0
2004-08-02,527.0499877929688,527.0499877929688,527.0499877929688,527.0499877929688,432.6842956542969,0
2004-08-03,527.0499877929688,527.0499877929688,527.0499877929688,527.0499877929688,432.6842956542969,0
2004-08-04,527.0499877929688,527.0499877929688,527.0499877929688,527.0499877929688,432.6842956542969,0
2004-08-05,527.0499877929688,527.0499877929688,527.0499877929688,527.0499877929688,432.6842956542969,0
2004-08-06,527.0499877929688,527.0499877929688,527.0499877929688,527.0499877929688,432.6842956542969,0
2004-08-09,527.0499877929688,527.0499877929688,527.0499877929688,527.0499877929688,432.6842956542969,0
2004-08-10,527.0499877929688,527.0499877929688,527.0499877929688,527.0499877929688,432.6842956542969,0
2004-08-11,527.0499877929688,527.0499877929688,527.0499877929688,527.0499877929688,432.6842956542969,0
2004-08-12,527.0499877929688,527.0499877929688,527.0499877929688,527.0499877929688,432.6842956542969,0
2004-08-13,527.0499877929688,527.0499877929688,527.0499877929688,527.0499877929688,432.6842956542969,0
2004-08-16,527.0499877929688,527.0499877929688,527.0499877929688,527.0499877929688,432.6842956542969,0
2004-08-17,527.0499877929688,527.0499877929688,527.0499877929688,527.0499877929688,432.6842956542969,0
2004-08-18,527.0499877929688,527.0499877929688,527.0499877929688,527.0499877929688,432.6842956542969,0
2004-08-19,527.0499877929688,527.0499877929688,527.0499877929688,527.0499877929688,432.6842956542969,0
2004-08-20,527.0499877929688,527.0499877929688,527.0499877929688,527.0499877929688,432.6842956542969,0
2004-08-23,527.0499877929688,527.0499877929688,527.0499877929688,527.0499877929688,432.6842956542969,0
2004-08-24,527.0499877929688,527.0499877929688,527.0499877929688,527.0499877929688,432.6842956542969,0
2004-08-25,527.0499877929688,527.0499877929688,527.0499877929688,527.0499877929688,432.6842956542969,0
2004-08-26,527.0499877929688,527.0499877929688,527.0499877929688,527.0499877929688,432.6842956542969,0
2004-08-27,527.0499877929688,527.0499877929688,527.0499877929688,527.0499877929688,432.6842956542969,0
2004-08-30,527.0499877929688,527.0499877929688,527.0499877929688,527.0499877929688,432.6842956542969,0
2004-08-31,527.0499877929688,527.0499877929688,527.0499877929688,527.0499877929688,432.6842956542969,0
2004-09-01,527.0499877929688,527.0499877929688,527.0499877929688,527.0499877929688,432.6842956542969,0
2004-09-02,527.0499877929688,527.0499877929688,527.0499877929688,527.0499877929688,432.6842956542969,0
2004-09-03,527.0499877929688,527.0499877929688,527.0499877929688,527.0499877929688,432.6842956542969,0
2004-09-06,527.0499877929688,527.0499877929688,527.0499877929688,527.0499877929688,432.6842956542969,0
2004-09-07,527.0499877929688,527.0499877929688,527.0499877929688,527.0499877929688,432.6842956542969,0
2004-09-08,527.0499877929688,527.0499877929688,527.0499877929688,527.0499877929688,432.6842956542969,0
2004-09-09,527.0499877929688,527.0499877929688,527.0499877929688,527.0499877929688,432.6842956542969,0
2004-09-10,527.0499877929688,527.0499877929688,527.0499877929688,527.0499877929688,432.6842956542969,0
2004-09-13,527.0499877929688,527.0499877929688,527.0499877929688,527.0499877929688,432.6842956542969,0
2004-09-14,527.0499877929688,527.0499877929688,527.0499877929688,527.0499877929688,432.6842956542969,0
2004-09-15,527.0499877929688,527.0499877929688,527.0499877929688,527.0499877929688,432.6842956542969,0
2004-09-16,527.0499877929688,527.0499877929688,527.0499877929688,527.0499877929688,432.6842956542969,0
2004-09-17,527.0499877929688,527.0499877929688,527.0499877929688,527.0499877929688,432.6842956542969,0
2004-09-20,527.0499877929688,527.0499877929688,527.0499877929688,527.0499877929688,432.6842956542969,0
2004-09-21,527.0499877929688,527.0499877929688,527.0499877929688,527.0499877929688,432.6842956542969,0
2004-09-22,527.0499877929688,527.0499877929688,527.0499877929688,527.0499877929688,432.6842956542969,0
2004-09-23,527.0499877929688,527.0499877929688,527.0499877929688,527.0499877929688,432.6842956542969,0
2004-09-24,527.0499877929688,527.0499877929688,527.0499877929688,527.0499877929688,432.6842956542969,0
2004-09-27,527.0499877929688,527.0499877929688,527.0499877929688,527.0499877929688,432.6842956542969,0
2004-09-28,527.0499877929688,527.0499877929688,527.0499877929688,527.0499877929688,432.6842956542969,0
2004-09-29,527.0499877929688,527.0499877929688,527.0499877929688,527.0499877929688,432.6842956542969,0
2004-09-30,527.0499877929688,527.0499877929688,527.0499877929688,527.0499877929688,432.6842956542969,0
2004-10-01,527.0499877929688,527.0499877929688,527.0499877929688,527.0499877929688,432.6842956542969,0
2004-10-04,527.0499877929688,527.0499877929688,527.0499877929688,527.0499877929688,432.6842956542969,0
2004-10-05,527.0499877929688,527.0499877929688,527.0499877929688,527.0499877929688,432.6842956542969,0
2004-10-06,527.0499877929688,527.0499877929688,527.0499877929688,527.0499877929688,432.6842956542969,0
2004-10-07,527.0499877929688,527.0499877929688,527.0499877929688,527.0499877929688,432.6842956542969,0
2004-10-08,527.0499877929688,527.0499877929688,527.0499877929688,527.0499877929688,432.6842956542969,0
2004-10-11,527.0499877929688,527.0499877929688,527.0499877929688,527.0499877929688,432.6842956542969,0
2004-10-12,527.0499877929688,527.0499877929688,527.0499877929688,527.0499877929688,432.6842956542969,0
2004-10-13,527.0499877929688,527.0499877929688,527.0499877929688,527.0499877929688,432.6842956542969,0
2004-10-14,527.0499877929688,527.0499877929688,527.0499877929688,527.0499877929688,432.6842956542969,0
2004-10-15,527.0499877929688,527.0499877929688,527.0499877929688,527.0499877929688,432.6842956542969,0
2004-10-18,527.0499877929688,527.0499877929688,527.0499877929688,527.0499877929688,432.6842956542969,0
2004-10-19,527.0499877929688,527.0499877929688,527.0499877929688,527.0499877929688,432.6842956542969,0
2004-10-20,527.0499877929688,527.0499877929688,527.0499877929688,527.0499877929688,432.6842956542969,0
2004-10-21,527.0499877929688,527.0499877929688,527.0499877929688,527.0499877929688,432.6842956542969,0
2004-10-22,527.0499877929688,527.0499877929688,527.0499877929688,527.0499877929688,432.6842956542969,0
2004-10-25,527.0499877929688,527.0499877929688,527.0499877929688,527.0499877929688,432.6842956542969,0
2004-10-26,527.0499877929688,527.0499877929688,527.0499877929688,527.0499877929688,432.6842956542969,0
2004-10-27,527.0499877929688,527.0499877929688,527.0499877929688,527.0499877929688,432.6842956542969,0
2004-10-28,527.0499877929688,527.0499877929688,527.0499877929688,527.0499877929688,432.6842956542969,0
2004-10-29,527.0499877929688,527.0499877929688,527.0499877929688,527.0499877929688,432.6842956542969,0
2004-11-01,527.0499877929688,527.0499877929688,527.0499877929688,527.0499877929688,432.6842956542969,0
2004-11-02,527.0499877929688,527.0499877929688,527.0499877929688,527.0499877929688,432.6842956542969,0
2004-11-03,527.0499877929688,527.0499877929688,527.0499877929688,527.0499877929688,432.6842956542969,0
2004-11-04,527.0499877929688,527.0499877929688,527.0499877929688,527.0499877929688,432.6842956542969,0
2004-11-05,527.0499877929688,527.0499877929688,527.0499877929688,527.0499877929688,432.6842956542969,0
2004-11-08,527.0499877929688,527.0499877929688,527.0499877929688,527.0499877929688,432.6842956542969,0
2004-11-09,527.0499877929688,527.0499877929688,527.0499877929688,527.0499877929688,432.6842956542969,0
2004-11-10,527.0499877929688,527.0499877929688,527.0499877929688,527.0499877929688,432.6842956542969,0
2004-11-11,527.0499877929688,527.0499877929688,527.0499877929688,527.0499877929688,432.6842956542969,0
2004-11-12,527.0499877929688,527.0499877929688,527.0499877929688,527.0499877929688,432.6842956542969,0
2004-11-15,527.0499877929688,527.0499877929688,527.0499877929688,527.0499877929688,432.6842956542969,0
2004-11-16,527.0499877929688,527.0499877929688,527.0499877929688,527.0499877929688,432.6842956542969,0
2004-11-17,527.0499877929688,527.0499877929688,527.0499877929688,527.0499877929688,432.6842956542969,0
2004-11-18,527.0499877929688,527.0499877929688,527.0499877929688,527.0499877929688,432.6842956542969,0
2004-11-19,527.0499877929688,527.0499877929688,527.0499877929688,527.0499877929688,432.6842956542969,0
2004-11-22,527.0499877929688,527.0499877929688,527.0499877929688,527.0499877929688,432.6842956542969,0
2004-11-23,527.0499877929688,527.0499877929688,527.0499877929688,527.0499877929688,432.6842956542969,0
2004-11-24,527.0499877929688,527.0499877929688,527.0499877929688,527.0499877929688,432.6842956542969,0
2004-11-25,527.0499877929688,527.0499877929688,527.0499877929688,527.0499877929688,432.6842956542969,0
2004-11-26,527.0499877929688,527.0499877929688,527.0499877929688,527.0499877929688,432.6842956542969,0
2004-11-29,527.0499877929688,527.0499877929688,527.0499877929688,527.0499877929688,432.6842956542969,0
2004-11-30,527.0499877929688,527.0499877929688,527.0499877929688,527.0499877929688,432.6842956542969,0
2004-12-01,527.0499877929688,527.0499877929688,527.0499877929688,527.0499877929688,432.6842956542969,0
2004-12-02,527.0499877929688,527.0499877929688,527.0499877929688,527.0499877929688,432.6842956542969,0
2004-12-03,527.0499877929688,527.0499877929688,527.0499877929688,527.0499877929688,432.6842956542969,0
2004-12-06,527.0499877929688,527.0499877929688,527.0499877929688,527.0499877929688,432.6842956542969,0
2004-12-07,527.0499877929688,527.0499877929688,527.0499877929688,527.0499877929688,432.6842956542969,0
2004-12-08,527.0499877929688,527.0499877929688,527.0499877929688,527.0499877929688,432.6842956542969,0
2004-12-09,527.0499877929688,527.0499877929688,527.0499877929688,527.0499877929688,432.6842956542969,0
2004-12-10,527.0499877929688,527.0499877929688,527.0499877929688,527.0499877929688,432.6842956542969,0
2004-12-13,527.0499877929688,527.0499877929688,527.0499877929688,527.0499877929688,432.6842956542969,0
2004-12-14,527.0499877929688,527.0499877929688,527.0499877929688,527.0499877929688,432.6842956542969,0
2004-12-15,527.0499877929688,527.0499877929688,527.0499877929688,527.0499877929688,432.6842956542969,0
2004-12-16,527.0499877929688,527.0499877929688,527.0499877929688,527.0499877929688,432.6842956542969,0
2004-12-17,527.0499877929688,527.0499877929688,527.0499877929688,527.0499877929688,432.6842956542969,0
2004-12-20,527.0499877929688,527.0499877929688,527.0499877929688,527.0499877929688,432.6842956542969,0
2004-12-21,527.0499877929688,527.0499877929688,527.0499877929688,527.0499877929688,432.6842956542969,0
2004-12-22,527.0499877929688,527.0499877929688,527.0499877929688,527.0499877929688,432.6842956542969,0
2004-12-23,527.0499877929688,527.0499877929688,527.0499877929688,527.0499877929688,432.6842956542969,0
2004-12-24,527.0499877929688,527.0499877929688,527.0499877929688,527.0499877929688,432.6842956542969,0
2004-12-27,527.0499877929688,527.0499877929688,527.0499877929688,527.0499877929688,432.6842956542969,0
2004-12-28,527.0499877929688,527.0499877929688,527.0499877929688,527.0499877929688,432.6842956542969,0
2004-12-29,527.0499877929688,527.0499877929688,527.0499877929688,527.0499877929688,432.6842956542969,0
2004-12-30,527.0499877929688,527.0499877929688,527.0499877929688,527.0499877929688,432.6842956542969,0
2004-12-31,527.0499877929688,527.0499877929688,527.0499877929688,527.0499877929688,432.6842956542969,0
2005-01-03,527.0499877929688,527.0499877929688,527.0499877929688,527.0499877929688,432.6842956542969,0
2005-01-04,527.0499877929688,527.0499877929688,527.0499877929688,527.0499877929688,432.6842956542969,0
2005-01-05,527.0499877929688,527.0499877929688,527.0499877929688,527.0499877929688,432.6842956542969,0
2005-01-06,527.0499877929688,527.0499877929688,527.0499877929688,527.0499877929688,432.6842956542969,0
2005-01-07,527.0499877929688,527.0499877929688,527.0499877929688,527.0499877929688,432.6842956542969,0
2005-01-10,527.0499877929688,527.0499877929688,527.0499877929688,527.0499877929688,432.6842956542969,0
2005-01-11,527.0499877929688,527.0499877929688,527.0499877929688,527.0499877929688,432.6842956542969,0
2005-01-12,527.0499877929688,527.0499877929688,527.0499877929688,527.0499877929688,432.6842956542969,0
2005-01-13,527.0499877929688,527.0499877929688,527.0499877929688,527.0499877929688,432.6842956542969,0
2005-01-14,527.0499877929688,527.0499877929688,527.0499877929688,527.0499877929688,432.6842956542969,0
2005-01-17,527.0499877929688,527.0499877929688,527.0499877929688,527.0499877929688,432.6842956542969,0
2005-01-18,527.0499877929688,527.0499877929688,527.0499877929688,527.0499877929688,432.6842956542969,0
2005-01-19,527.0499877929688,527.0499877929688,527.0499877929688,527.0499877929688,432.6842956542969,0
2005-01-20,527.0499877929688,527.0499877929688,527.0499877929688,527.0499877929688,432.6842956542969,0
2005-01-24,527.0499877929688,527.0499877929688,527.0499877929688,527.0499877929688,432.6842956542969,0
2005-01-25,527.0499877929688,527.0499877929688,527.0499877929688,527.0499877929688,432.6842956542969,0
2005-01-27,527.0499877929688,527.0499877929688,527.0499877929688,527.0499877929688,432.6842956542969,0
2005-01-28,527.0499877929688,527.0499877929688,527.0499877929688,527.0499877929688,432.6842956542969,0
2005-01-31,527.0499877929688,527.0499877929688,527.0499877929688,527.0499877929688,432.6842956542969,0
2005-02-01,527.0499877929688,527.0499877929688,527.0499877929688,527.0499877929688,432.6842956542969,0
2005-02-02,527.0499877929688,527.0499877929688,527.0499877929688,527.0499877929688,432.6842956542969,0
2005-02-03,527.0499877929688,527.0499877929688,527.0499877929688,527.0499877929688,432.6842956542969,0
2005-02-04,527.0499877929688,527.0499877929688,527.0499877929688,527.0499877929688,432.6842956542969,0
2005-02-07,527.0499877929688,527.0499877929688,527.0499877929688,527.0499877929688,432.6842956542969,0
2005-02-08,527.0499877929688,527.0499877929688,527.0499877929688,527.0499877929688,432.6842956542969,0
2005-02-09,527.0499877929688,527.0499877929688,527.0499877929688,527.0499877929688,432.6842956542969,0
2005-02-10,527.0499877929688,527.0499877929688,527.0499877929688,527.0499877929688,432.6842956542969,0
2005-02-11,527.0499877929688,527.0499877929688,527.0499877929688,527.0499877929688,432.6842956542969,0
2005-02-14,527.0499877929688,527.0499877929688,527.0499877929688,527.0499877929688,432.6842956542969,0
2005-02-15,527.0499877929688,527.0499877929688,527.0499877929688,527.0499877929688,432.6842956542969,0
2005-02-16,527.0499877929688,527.0499877929688,527.0499877929688,527.0499877929688,432.6842956542969,0
2005-02-17,527.0499877929688,527.0499877929688,527.0499877929688,527.0499877929688,432.6842956542969,0
2005-02-18,527.0499877929688,527.0499877929688,527.0499877929688,527.0499877929688,432.6842956542969,0
2005-02-21,527.0499877929688,527.0499877929688,527.0499877929688,527.0499877929688,432.6842956542969,0
2005-02-22,527.0499877929688,527.0499877929688,527.0499877929688,527.0499877929688,432.6842956542969,0
2005-02-23,527.0499877929688,527.0499877929688,527.0499877929688,527.0499877929688,432.6842956542969,0
2005-02-24,527.0499877929688,527.0499877929688,527.0499877929688,527.0499877929688,432.6842956542969,0
2005-02-25,527.0499877929688,527.0499877929688,527.0499877929688,527.0499877929688,432.6842956542969,0
2005-02-28,527.0499877929688,527.0499877929688,527.0499877929688,527.0499877929688,432.6842956542969,0
2005-03-01,527.0499877929688,527.0499877929688,527.0499877929688,527.0499877929688,432.6842956542969,0
2005-03-02,527.0499877929688,527.0499877929688,527.0499877929688,527.0499877929688,432.6842956542969,0
2005-03-03,527.0499877929688,527.0499877929688,527.0499877929688,527.0499877929688,432.6842956542969,0
2005-03-04,527.0499877929688,527.0499877929688,527.0499877929688,527.0499877929688,432.6842956542969,0
2005-03-07,527.0499877929688,527.0499877929688,527.0499877929688,527.0499877929688,432.6842956542969,0
2005-03-08,527.0499877929688,527.0499877929688,527.0499877929688,527.0499877929688,432.6842956542969,0
2005-03-09,527.0499877929688,527.0499877929688,527.0499877929688,527.0499877929688,432.6842956542969,0
2005-03-10,527.0499877929688,527.0499877929688,527.0499877929688,527.0499877929688,432.6842956542969,0
2005-03-11,527.0499877929688,527.0499877929688,527.0499877929688,527.0499877929688,432.6842956542969,0
2005-03-14,527.0499877929688,527.0499877929688,527.0499877929688,527.0499877929688,432.6842956542969,0
2005-03-15,527.0499877929688,527.0499877929688,527.0499877929688,527.0499877929688,432.6842956542969,0
2005-03-16,527.0499877929688,527.0499877929688,527.0499877929688,527.0499877929688,432.6842956542969,0
2005-03-17,527.0499877929688,527.0499877929688,527.0499877929688,527.0499877929688,432.6842956542969,0
2005-03-18,527.0499877929688,527.0499877929688,527.0499877929688,527.0499877929688,432.6842956542969,0
2005-03-21,527.0499877929688,527.0499877929688,527.0499877929688,527.0499877929688,432.6842956542969,0
2005-03-22,527.0499877929688,527.0499877929688,527.0499877929688,527.0499877929688,432.6842956542969,0
2005-03-23,527.0499877929688,527.0499877929688,527.0499877929688,527.0499877929688,432.6842956542969,0
2005-03-24,527.0499877929688,527.0499877929688,527.0499877929688,527.0499877929688,432.6842956542969,0
2005-03-28,527.0499877929688,527.0499877929688,527.0499877929688,527.0499877929688,432.6842956542969,0
2005-03-29,527.0499877929688,527.0499877929688,527.0499877929688,527.0499877929688,432.6842956542969,0
2005-03-30,527.0499877929688,527.0499877929688,527.0499877929688,527.0499877929688,432.6842956542969,0
2005-03-31,527.0499877929688,527.0499877929688,527.0499877929688,527.0499877929688,432.6842956542969,0
2005-04-01,527.0499877929688,527.0499877929688,527.0499877929688,527.0499877929688,432.6842956542969,0
2005-04-04,527.0499877929688,527.0499877929688,527.0499877929688,527.0499877929688,432.6842956542969,0
2005-04-05,527.0499877929688,527.0499877929688,527.0499877929688,527.0499877929688,432.6842956542969,0
2005-04-06,527.0499877929688,527.0499877929688,527.0499877929688,527.0499877929688,432.6842956542969,0
2005-04-07,527.0499877929688,527.0499877929688,527.0499877929688,527.0499877929688,432.6842956542969,0
2005-04-08,527.0499877929688,527.0499877929688,527.0499877929688,527.0499877929688,432.6842956542969,0
2005-04-11,527.0499877929688,527.0499877929688,527.0499877929688,527.0499877929688,432.6842956542969,0
2005-04-12,527.0499877929688,527.0499877929688,527.0499877929688,527.0499877929688,432.6842956542969,0
2005-04-13,527.0499877929688,527.0499877929688,527.0499877929688,527.0499877929688,432.6842956542969,0
2005-04-15,527.0499877929688,527.0499877929688,527.0499877929688,527.0499877929688,432.6842956542969,0
2005-04-18,527.0499877929688,527.0499877929688,527.0499877929688,527.0499877929688,432.6842956542969,0
2005-04-19,527.0499877929688,527.0499877929688,527.0499877929688,527.0499877929688,432.6842956542969,0
2005-04-20,527.0499877929688,527.0499877929688,527.0499877929688,527.0499877929688,433.0744934082031,0
2005-04-21,527.0499877929688,527.0499877929688,527.0499877929688,527.0499877929688,433.0744934082031,0
2005-04-22,527.0499877929688,527.0499877929688,527.0499877929688,527.0499877929688,433.0744934082031,0
2005-04-25,527.0499877929688,527.0499877929688,527.0499877929688,527.0499877929688,433.0744934082031,0
2005-04-26,527.0499877929688,527.0499877929688,527.0499877929688,527.0499877929688,433.0744934082031,0
2005-04-27,527.0499877929688,527.0499877929688,527.0499877929688,527.0499877929688,433.0744934082031,0
2005-04-28,527.0499877929688,527.0499877929688,527.0499877929688,527.0499877929688,433.0744934082031,0
2005-04-29,527.0499877929688,527.0499877929688,527.0499877929688,527.0499877929688,433.0744934082031,0
2005-05-02,527.0499877929688,527.0499877929688,527.0499877929688,527.0499877929688,433.0744934082031,0
2005-05-03,527.0499877929688,527.0499877929688,527.0499877929688,527.0499877929688,433.0744934082031,0
2005-05-04,527.0499877929688,527.0499877929688,527.0499877929688,527.0499877929688,433.0744934082031,0
2005-05-05,527.0499877929688,527.0499877929688,527.0499877929688,527.0499877929688,433.0744934082031,0
2005-05-06,527.0499877929688,527.0499877929688,527.0499877929688,527.0499877929688,433.0744934082031,0
2005-05-09,527.0499877929688,527.0499877929688,527.0499877929688,527.0499877929688,433.0744934082031,0
2005-05-10,527.0499877929688,527.0499877929688,527.0499877929688,527.0499877929688,433.0744934082031,0
2005-05-11,527.0499877929688,527.0499877929688,527.0499877929688,527.0499877929688,433.0744934082031,0
2005-05-12,527.0499877929688,527.0499877929688,527.0499877929688,527.0499877929688,433.0744934082031,0
2005-05-13,527.0499877929688,527.0499877929688,527.0499877929688,527.0499877929688,433.0744934082031,0
2005-05-16,527.0499877929688,527.0499877929688,527.0499877929688,527.0499877929688,433.0744934082031,0
2005-05-17,527.0499877929688,527.0499877929688,527.0499877929688,527.0499877929688,433.0744934082031,0
2005-05-18,527.0499877929688,527.0499877929688,527.0499877929688,527.0499877929688,433.0744934082031,0
2005-05-19,527.0499877929688,527.0499877929688,527.0499877929688,527.0499877929688,433.0744934082031,0
2005-05-20,527.0499877929688,527.0499877929688,527.0499877929688,527.0499877929688,433.0744934082031,0
2005-05-23,527.0499877929688,527.0499877929688,527.0499877929688,527.0499877929688,433.0744934082031,0
2005-05-24,527.0499877929688,527.0499877929688,527.0499877929688,527.0499877929688,433.0744934082031,0
2005-05-25,527.0499877929688,527.0499877929688,527.0499877929688,527.0499877929688,433.0744934082031,0
2005-05-26,527.0499877929688,527.0499877929688,527.0499877929688,527.0499877929688,433.0744934082031,0
2005-05-27,527.0499877929688,527.0499877929688,527.0499877929688,527.0499877929688,433.0744934082031,0
2005-05-30,527.0499877929688,527.0499877929688,527.0499877929688,527.0499877929688,433.0744934082031,0
2005-05-31,527.0499877929688,527.0499877929688,527.0499877929688,527.0499877929688,433.0744934082031,0
2005-06-01,527.0499877929688,527.0499877929688,527.0499877929688,527.0499877929688,433.0744934082031,0
2005-06-02,527.0499877929688,527.0499877929688,527.0499877929688,527.0499877929688,433.0744934082031,0
2005-06-03,527.0499877929688,527.0499877929688,527.0499877929688,527.0499877929688,433.0744934082031,0
2005-06-06,527.0499877929688,527.0499877929688,527.0499877929688,527.0499877929688,433.0744934082031,0
2005-06-07,527.0499877929688,527.0499877929688,527.0499877929688,527.0499877929688,433.0744934082031,0
2005-06-08,527.0499877929688,527.0499877929688,527.0499877929688,527.0499877929688,433.0744934082031,0
2005-06-09,527.0499877929688,527.0499877929688,527.0499877929688,527.0499877929688,433.0744934082031,0
2005-06-10,527.0499877929688,527.0499877929688,527.0499877929688,527.0499877929688,433.0744934082031,0
2005-06-13,527.0499877929688,527.0499877929688,527.0499877929688,527.0499877929688,433.0744934082031,0
2005-06-14,527.0499877929688,527.0499877929688,527.0499877929688,527.0499877929688,433.0744934082031,0
2005-06-15,527.0499877929688,527.0499877929688,527.0499877929688,527.0499877929688,433.0744934082031,0
2005-06-16,527.0499877929688,527.0499877929688,527.0499877929688,527.0499877929688,433.0744934082031,0
2005-06-17,527.0499877929688,527.0499877929688,527.0499877929688,527.0499877929688,433.0744934082031,0
2005-06-20,527.0499877929688,527.0499877929688,527.0499877929688,527.0499877929688,433.0744934082031,0
2005-06-21,527.0499877929688,527.0499877929688,527.0499877929688,527.0499877929688,433.0744934082031,0
2005-06-22,527.0499877929688,527.0499877929688,527.0499877929688,527.0499877929688,433.0744934082031,0
2005-06-23,527.0499877929688,527.0499877929688,527.0499877929688,527.0499877929688,433.0744934082031,0
2005-06-24,527.0499877929688,527.0499877929688,527.0499877929688,527.0499877929688,433.0744934082031,0
2005-06-27,527.0499877929688,527.0499877929688,527.0499877929688,527.0499877929688,433.0744934082031,0
2005-06-28,527.0499877929688,527.0499877929688,527.0499877929688,527.0499877929688,433.0744934082031,0
2005-06-29,527.0499877929688,527.0499877929688,527.0499877929688,527.0499877929688,433.0744934082031,0
2005-06-30,527.0499877929688,527.0499877929688,527.0499877929688,527.0499877929688,433.0744934082031,0
2005-07-01,527.0499877929688,527.0499877929688,527.0499877929688,527.0499877929688,433.0744934082031,0
2005-07-04,527.0499877929688,527.0499877929688,527.0499877929688,527.0499877929688,433.0744934082031,0
2005-07-05,527.0499877929688,527.0499877929688,527.0499877929688,527.0499877929688,433.0744934082031,0
2005-07-06,527.0499877929688,527.0499877929688,527.0499877929688,527.0499877929688,433.0744934082031,0
2005-07-07,527.0499877929688,527.0499877929688,527.0499877929688,527.0499877929688,433.0744934082031,0
2005-07-08,527.0499877929688,527.0499877929688,527.0499877929688,527.0499877929688,433.0744934082031,0
2005-07-11,527.0499877929688,527.0499877929688,527.0499877929688,527.0499877929688,433.0744934082031,0
2005-07-12,527.0499877929688,527.0499877929688,527.0499877929688,527.0499877929688,433.0744934082031,0
2005-07-13,527.0499877929688,527.0499877929688,527.0499877929688,527.0499877929688,433.0744934082031,0
2005-07-14,527.0499877929688,527.0499877929688,527.0499877929688,527.0499877929688,433.0744934082031,0
2005-07-15,527.0499877929688,527.0499877929688,527.0499877929688,527.0499877929688,433.0744934082031,0
2005-07-18,527.0499877929688,527.0499877929688,527.0499877929688,527.0499877929688,433.0744934082031,0
2005-07-19,527.0499877929688,527.0499877929688,527.0499877929688,527.0499877929688,433.0744934082031,0
2005-07-20,527.0499877929688,527.0499877929688,527.0499877929688,527.0499877929688,433.0744934082031,0
2005-07-21,527.0499877929688,527.0499877929688,527.0499877929688,527.0499877929688,433.0744934082031,0
2005-07-22,527.0499877929688,527.0499877929688,527.0499877929688,527.0499877929688,433.0744934082031,0
2005-07-25,527.0499877929688,527.0499877929688,527.0499877929688,527.0499877929688,433.0744934082031,0
2005-07-26,527.0499877929688,527.0499877929688,527.0499877929688,527.0499877929688,433.0744934082031,0
2005-07-27,527.0499877929688,527.0499877929688,527.0499877929688,527.0499877929688,433.0744934082031,0
2005-07-28,527.0499877929688,527.0499877929688,527.0499877929688,527.0499877929688,433.0744934082031,0
2005-07-29,527.0499877929688,527.0499877929688,527.0499877929688,527.0499877929688,433.0744934082031,0
2005-08-01,527.0499877929688,527.0499877929688,527.0499877929688,527.0499877929688,433.0744934082031,0
2005-08-02,527.0499877929688,527.0499877929688,527.0499877929688,527.0499877929688,433.0744934082031,0
2005-08-03,527.0499877929688,527.0499877929688,527.0499877929688,527.0499877929688,433.0744934082031,0
2005-08-04,527.0499877929688,527.0499877929688,527.0499877929688,527.0499877929688,433.0744934082031,0
2005-08-05,527.0499877929688,527.0499877929688,527.0499877929688,527.0499877929688,433.0744934082031,0
2005-08-08,527.0499877929688,527.0499877929688,527.0499877929688,527.0499877929688,433.0744934082031,0
2005-08-09,527.0499877929688,527.0499877929688,527.0499877929688,527.0499877929688,433.0744934082031,0
2005-08-10,527.0499877929688,527.0499877929688,527.0499877929688,527.0499877929688,433.0744934082031,0
2005-08-11,527.0499877929688,527.0499877929688,527.0499877929688,527.0499877929688,433.0744934082031,0
2005-08-12,527.0499877929688,527.0499877929688,527.0499877929688,527.0499877929688,433.0744934082031,0
2005-08-16,527.0499877929688,527.0499877929688,527.0499877929688,527.0499877929688,433.0744934082031,0
2005-08-17,527.0499877929688,527.0499877929688,527.0499877929688,527.0499877929688,433.0744934082031,0
2005-08-18,527.0499877929688,527.0499877929688,527.0499877929688,527.0499877929688,433.0744934082031,0
2005-08-19,527.0499877929688,527.0499877929688,527.0499877929688,527.0499877929688,433.0744934082031,0
2005-08-22,527.0499877929688,527.0499877929688,527.0499877929688,527.0499877929688,433.0744934082031,0
2005-08-23,527.0499877929688,527.0499877929688,527.0499877929688,527.0499877929688,433.0744934082031,0
2005-08-24,527.0499877929688,527.0499877929688,527.0499877929688,527.0499877929688,433.0744934082031,0
2005-08-25,527.0499877929688,527.0499877929688,527.0499877929688,527.0499877929688,433.0744934082031,0
2005-08-26,527.0499877929688,527.0499877929688,527.0499877929688,527.0499877929688,433.0744934082031,0
2005-08-29,527.0499877929688,527.0499877929688,527.0499877929688,527.0499877929688,433.0744934082031,0
2005-08-30,527.0499877929688,527.0499877929688,527.0499877929688,527.0499877929688,433.0744934082031,0
2005-08-31,527.0499877929688,527.0499877929688,527.0499877929688,527.0499877929688,433.0744934082031,0
2005-09-01,527.0499877929688,527.0499877929688,527.0499877929688,527.0499877929688,433.0744934082031,0
2005-09-02,527.0499877929688,527.0499877929688,527.0499877929688,527.0499877929688,433.0744934082031,0
2005-09-05,527.0499877929688,527.0499877929688,527.0499877929688,527.0499877929688,433.0744934082031,0
2005-09-06,527.0499877929688,527.0499877929688,527.0499877929688,527.0499877929688,433.0744934082031,0
2005-09-08,527.0499877929688,527.0499877929688,527.0499877929688,527.0499877929688,433.0744934082031,0
2005-09-09,527.0499877929688,527.0499877929688,527.0499877929688,527.0499877929688,433.0744934082031,0
2005-09-12,527.0499877929688,527.0499877929688,527.0499877929688,527.0499877929688,433.0744934082031,0
2005-09-13,527.0499877929688,527.0499877929688,527.0499877929688,527.0499877929688,433.0744934082031,0
2005-09-14,527.0499877929688,527.0499877929688,527.0499877929688,527.0499877929688,433.0744934082031,0
2005-09-15,527.0499877929688,527.0499877929688,527.0499877929688,527.0499877929688,433.0744934082031,0
2005-09-16,527.0499877929688,527.0499877929688,527.0499877929688,527.0499877929688,433.0744934082031,0
2005-09-19,527.0499877929688,527.0499877929688,527.0499877929688,527.0499877929688,433.0744934082031,0
2005-09-20,527.0499877929688,527.0499877929688,527.0499877929688,527.0499877929688,433.0744934082031,0
2005-09-21,527.0499877929688,527.0499877929688,527.0499877929688,527.0499877929688,433.0744934082031,0
2005-09-22,527.0499877929688,527.0499877929688,527.0499877929688,527.0499877929688,433.0744934082031,0
2005-09-23,527.0499877929688,527.0499877929688,527.0499877929688,527.0499877929688,433.0744934082031,0
2005-09-26,527.0499877929688,527.0499877929688,527.0499877929688,527.0499877929688,433.0744934082031,0
2005-09-27,527.0499877929688,527.0499877929688,527.0499877929688,527.0499877929688,433.0744934082031,0
2005-09-28,527.0499877929688,527.0499877929688,527.0499877929688,527.0499877929688,433.0744934082031,0
2005-09-29,527.0499877929688,527.0499877929688,527.0499877929688,527.0499877929688,433.0744934082031,0
2005-09-30,527.0499877929688,527.0499877929688,527.0499877929688,527.0499877929688,433.0744934082031,0
2005-10-03,527.0499877929688,527.0499877929688,527.0499877929688,527.0499877929688,433.0744934082031,0
2005-10-04,527.0499877929688,527.0499877929688,527.0499877929688,527.0499877929688,433.0744934082031,0
2005-10-05,527.0499877929688,527.0499877929688,527.0499877929688,527.0499877929688,433.0744934082031,0
2005-10-06,527.0499877929688,527.0499877929688,527.0499877929688,527.0499877929688,433.0744934082031,0
2005-10-07,527.0499877929688,527.0499877929688,527.0499877929688,527.0499877929688,433.0744934082031,0
2005-10-10,527.0499877929688,527.0499877929688,527.0499877929688,527.0499877929688,433.0744934082031,0
2005-10-11,527.0499877929688,527.0499877929688,527.0499877929688,527.0499877929688,433.0744934082031,0
2005-10-13,527.0499877929688,527.0499877929688,527.0499877929688,527.0499877929688,433.0744934082031,0
2005-10-14,527.0499877929688,527.0499877929688,527.0499877929688,527.0499877929688,433.0744934082031,0
2005-10-17,527.0499877929688,527.0499877929688,527.0499877929688,527.0499877929688,433.0744934082031,0
2005-10-18,527.0499877929688,527.0499877929688,527.0499877929688,527.0499877929688,433.0744934082031,0
2005-10-19,527.0499877929688,527.0499877929688,527.0499877929688,527.0499877929688,433.0744934082031,0
2005-10-20,527.0499877929688,527.0499877929688,527.0499877929688,527.0499877929688,433.0744934082031,0
2005-10-21,527.0499877929688,527.0499877929688,527.0499877929688,527.0499877929688,433.0744934082031,0
2005-10-24,527.0499877929688,527.0499877929688,527.0499877929688,527.0499877929688,433.0744934082031,0
2005-10-25,527.0499877929688,527.0499877929688,527.0499877929688,527.0499877929688,433.0744934082031,0
2005-10-26,527.0499877929688,527.0499877929688,527.0499877929688,527.0499877929688,433.0744934082031,0
2005-10-27,527.0499877929688,527.0499877929688,527.0499877929688,527.0499877929688,433.0744934082031,0
2005-10-28,527.0499877929688,527.0499877929688,527.0499877929688,527.0499877929688,433.0744934082031,0
2005-10-31,527.0499877929688,527.0499877929688,527.0499877929688,527.0499877929688,433.0744934082031,0
2005-11-02,527.0499877929688,527.0499877929688,527.0499877929688,527.0499877929688,433.0744934082031,0
2005-11-04,527.0499877929688,527.0499877929688,527.0499877929688,527.0499877929688,433.0744934082031,0
2005-11-07,527.0499877929688,527.0499877929688,527.0499877929688,527.0499877929688,433.0744934082031,0
2005-11-08,527.0499877929688,527.0499877929688,527.0499877929688,527.0499877929688,433.0744934082031,0
2005-11-09,527.0499877929688,527.0499877929688,527.0499877929688,527.0499877929688,433.0744934082031,0
2005-11-10,527.0499877929688,527.0499877929688,527.0499877929688,527.0499877929688,433.0744934082031,0
2005-11-11,527.0499877929688,527.0499877929688,527.0499877929688,527.0499877929688,433.0744934082031,0
2005-11-14,527.0499877929688,527.0499877929688,527.0499877929688,527.0499877929688,433.0744934082031,0
2005-11-16,527.0499877929688,527.0499877929688,527.0499877929688,527.0499877929688,433.0744934082031,0
2005-11-17,527.0499877929688,527.0499877929688,527.0499877929688,527.0499877929688,433.0744934082031,0
2005-11-18,527.0499877929688,527.0499877929688,527.0499877929688,527.0499877929688,433.0744934082031,0
2005-11-21,527.0499877929688,527.0499877929688,527.0499877929688,527.0499877929688,433.0744934082031,0
2005-11-22,527.0499877929688,527.0499877929688,527.0499877929688,527.0499877929688,433.0744934082031,0
2005-11-23,527.0499877929688,527.0499877929688,527.0499877929688,527.0499877929688,433.0744934082031,0
2005-11-24,527.0499877929688,527.0499877929688,527.0499877929688,527.0499877929688,433.0744934082031,0
2005-11-25,527.0499877929688,527.0499877929688,527.0499877929688,527.0499877929688,433.0744934082031,0
2005-11-28,527.0499877929688,527.0499877929688,527.0499877929688,527.0499877929688,433.0744934082031,0
2005-11-29,527.0499877929688,527.0499877929688,527.0499877929688,527.0499877929688,433.0744934082031,0
2005-11-30,527.0499877929688,527.0499877929688,527.0499877929688,527.0499877929688,433.0744934082031,0
2005-12-01,527.0499877929688,527.0499877929688,527.0499877929688,527.0499877929688,433.0744934082031,0
2005-12-02,527.0499877929688,527.0499877929688,527.0499877929688,527.0499877929688,433.0744934082031,0
2005-12-05,527.0499877929688,527.0499877929688,527.0499877929688,527.0499877929688,433.0744934082031,0
2005-12-06,527.0499877929688,527.0499877929688,527.0499877929688,527.0499877929688,433.0744934082031,0
2005-12-07,527.0499877929688,527.0499877929688,527.0499877929688,527.0499877929688,433.0744934082031,0
2005-12-08,527.0499877929688,527.0499877929688,527.0499877929688,527.0499877929688,433.0744934082031,0
2005-12-09,527.0499877929688,527.0499877929688,527.0499877929688,527.0499877929688,433.0744934082031,0
2005-12-12,527.0499877929688,527.0499877929688,527.0499877929688,527.0499877929688,433.0744934082031,0
2005-12-13,527.0499877929688,527.0499877929688,527.0499877929688,527.0499877929688,433.0744934082031,0
2005-12-14,527.0499877929688,527.0499877929688,527.0499877929688,527.0499877929688,433.0744934082031,0
2005-12-15,527.0499877929688,527.0499877929688,527.0499877929688,527.0499877929688,433.0744934082031,0
2005-12-16,527.0499877929688,527.0499877929688,527.0499877929688,527.0499877929688,433.0744934082031,0
2005-12-19,527.0499877929688,527.0499877929688,527.0499877929688,527.0499877929688,433.0744934082031,0
2005-12-20,527.0499877929688,527.0499877929688,527.0499877929688,527.0499877929688,433.0744934082031,0
2005-12-21,527.0499877929688,527.0499877929688,527.0499877929688,527.0499877929688,433.0744934082031,0
2005-12-22,527.0499877929688,527.0499877929688,527.0499877929688,527.0499877929688,433.0744934082031,0
2005-12-23,527.0499877929688,527.0499877929688,527.0499877929688,527.0499877929688,433.0744934082031,0
2005-12-26,527.0499877929688,527.0499877929688,527.0499877929688,527.0499877929688,433.0744934082031,0
2005-12-27,527.0499877929688,527.0499877929688,527.0499877929688,527.0499877929688,433.0744934082031,0
2005-12-28,527.0499877929688,527.0499877929688,527.0499877929688,527.0499877929688,433.0744934082031,0
2005-12-29,527.0499877929688,527.0499877929688,527.0499877929688,527.0499877929688,433.0744934082031,0
2005-12-30,527.0499877929688,527.0499877929688,527.0499877929688,527.0499877929688,433.0744934082031,0
2006-01-02,527.0499877929688,527.0499877929688,527.0499877929688,527.0499877929688,433.0744934082031,0
2006-01-03,527.0499877929688,527.0499877929688,527.0499877929688,527.0499877929688,433.0744934082031,0
2006-01-04,527.0499877929688,527.0499877929688,527.0499877929688,527.0499877929688,433.0744934082031,0
2006-01-05,527.0499877929688,527.0499877929688,527.0499877929688,527.0499877929688,433.0744934082031,0
2006-01-06,527.0499877929688,527.0499877929688,527.0499877929688,527.0499877929688,433.0744934082031,0
2006-01-09,527.0499877929688,527.0499877929688,527.0499877929688,527.0499877929688,433.0744934082031,0
2006-01-10,527.0499877929688,527.0499877929688,527.0499877929688,527.0499877929688,433.0744934082031,0
2006-01-12,527.0499877929688,527.0499877929688,527.0499877929688,527.0499877929688,433.0744934082031,0
2006-01-13,527.0499877929688,527.0499877929688,527.0499877929688,527.0499877929688,433.0744934082031,0
2006-01-16,527.0499877929688,527.0499877929688,527.0499877929688,527.0499877929688,433.0744934082031,0
2006-01-17,527.0499877929688,527.0499877929688,527.0499877929688,527.0499877929688,433.0744934082031,0
2006-01-18,527.0499877929688,527.0499877929688,527.0499877929688,527.0499877929688,433.0744934082031,0
2006-01-19,527.0499877929688,527.0499877929688,527.0499877929688,527.0499877929688,433.0744934082031,0
2006-01-20,527.0499877929688,527.0499877929688,527.0499877929688,527.0499877929688,433.0744934082031,0
2006-01-23,527.0499877929688,527.0499877929688,527.0499877929688,527.0499877929688,433.0744934082031,0
2006-01-24,527.0499877929688,527.0499877929688,527.0499877929688,527.0499877929688,433.0744934082031,0
2006-01-25,527.0499877929688,527.0499877929688,527.0499877929688,527.0499877929688,433.0744934082031,0
2006-01-27,527.0499877929688,527.0499877929688,527.0499877929688,527.0499877929688,433.0744934082031,0
2006-01-30,527.0499877929688,527.0499877929688,527.0499877929688,527.0499877929688,433.0744934082031,0
2006-01-31,527.0499877929688,527.0499877929688,527.0499877929688,527.0499877929688,433.0744934082031,0
2006-02-01,527.0499877929688,527.0499877929688,527.0499877929688,527.0499877929688,433.0744934082031,0
2006-02-02,527.0499877929688,527.0499877929688,527.0499877929688,527.0499877929688,433.0744934082031,0
2006-02-03,527.0499877929688,527.0499877929688,527.0499877929688,527.0499877929688,433.0744934082031,0
2006-02-06,527.0499877929688,527.0499877929688,527.0499877929688,527.0499877929688,433.0744934082031,0
2006-02-07,527.0499877929688,527.0499877929688,527.0499877929688,527.0499877929688,433.0744934082031,0
2006-02-08,527.0499877929688,527.0499877929688,527.0499877929688,527.0499877929688,433.0744934082031,0
2006-02-10,527.0499877929688,527.0499877929688,527.0499877929688,527.0499877929688,433.0744934082031,0
2006-02-13,527.0499877929688,527.0499877929688,527.0499877929688,527.0499877929688,433.0744934082031,0
2006-02-14,527.0499877929688,527.0499877929688,527.0499877929688,527.0499877929688,433.0744934082031,0
2006-02-15,527.0499877929688,527.0499877929688,527.0499877929688,527.0499877929688,433.0744934082031,0
2006-02-16,527.0499877929688,527.0499877929688,527.0499877929688,527.0499877929688,433.0744934082031,0
2006-02-17,527.0499877929688,527.0499877929688,527.0499877929688,527.0499877929688,433.0744934082031,0
2006-02-20,527.0499877929688,527.0499877929688,527.0499877929688,527.0499877929688,433.0744934082031,0
2006-02-21,527.0499877929688,527.0499877929688,527.0499877929688,527.0499877929688,433.0744934082031,0
2006-02-22,527.0499877929688,527.0499877929688,527.0499877929688,527.0499877929688,433.0744934082031,0
2006-02-23,527.0499877929688,527.0499877929688,527.0499877929688,527.0499877929688,433.0744934082031,0
2006-02-24,527.0499877929688,527.0499877929688,527.0499877929688,527.0499877929688,433.0744934082031,0
2006-02-27,527.0499877929688,527.0499877929688,527.0499877929688,527.0499877929688,433.0744934082031,0
2006-02-28,527.0499877929688,527.0499877929688,527.0499877929688,527.0499877929688,433.0744934082031,0
2006-03-01,527.0499877929688,527.0499877929688,527.0499877929688,527.0499877929688,433.0744934082031,0
2006-03-02,527.0499877929688,527.0499877929688,527.0499877929688,527.0499877929688,433.0744934082031,0
2006-03-03,527.0499877929688,527.0499877929688,527.0499877929688,527.0499877929688,433.0744934082031,0
2006-03-06,527.0499877929688,527.0499877929688,527.0499877929688,527.0499877929688,433.0744934082031,0
2006-03-07,527.0499877929688,527.0499877929688,527.0499877929688,527.0499877929688,433.0744934082031,0
2006-03-08,527.0499877929688,527.0499877929688,527.0499877929688,527.0499877929688,433.0744934082031,0
2006-03-09,527.0499877929688,527.0499877929688,527.0499877929688,527.0499877929688,433.0744934082031,0
2006-03-10,527.0499877929688,527.0499877929688,527.0499877929688,527.0499877929688,433.0744934082031,0
2006-03-13,527.0499877929688,527.0499877929688,527.0499877929688,527.0499877929688,433.0744934082031,0
2006-03-14,527.0499877929688,527.0499877929688,527.0499877929688,527.0499877929688,433.0744934082031,0
2006-03-16,527.0499877929688,527.0499877929688,527.0499877929688,527.0499877929688,433.0744934082031,0
2006-03-17,527.0499877929688,527.0499877929688,527.0499877929688,527.0499877929688,433.0744934082031,0
2006-03-20,527.0499877929688,527.0499877929688,527.0499877929688,527.0499877929688,433.0744934082031,0
2006-03-21,527.0499877929688,527.0499877929688,527.0499877929688,527.0499877929688,433.0744934082031,0
2006-03-22,527.0499877929688,527.0499877929688,527.0499877929688,527.0499877929688,433.0744934082031,0
2006-03-23,527.0499877929688,527.0499877929688,527.0499877929688,527.0499877929688,433.0744934082031,0
2006-03-24,527.0499877929688,527.0499877929688,527.0499877929688,527.0499877929688,433.0744934082031,0
2006-03-27,527.0499877929688,527.0499877929688,527.0499877929688,527.0499877929688,433.0744934082031,0
2006-03-28,527.0499877929688,527.0499877929688,527.0499877929688,527.0499877929688,433.0744934082031,0
2006-03-29,527.0499877929688,527.0499877929688,527.0499877929688,527.0499877929688,433.0744934082031,0
2006-03-30,527.0499877929688,527.0499877929688,527.0499877929688,527.0499877929688,433.0744934082031,0
2006-03-31,527.0499877929688,527.0499877929688,527.0499877929688,527.0499877929688,433.0744934082031,0
2006-04-03,527.0499877929688,527.0499877929688,527.0499877929688,527.0499877929688,433.0744934082031,0
2006-04-04,527.0499877929688,527.0499877929688,527.0499877929688,527.0499877929688,433.0744934082031,0
2006-04-05,527.0499877929688,527.0499877929688,527.0499877929688,527.0499877929688,433.0744934082031,0
2006-04-07,527.0499877929688,527.0499877929688,527.0499877929688,527.0499877929688,433.0744934082031,0
2006-04-10,527.0499877929688,527.0499877929688,527.0499877929688,527.0499877929688,433.0744934082031,0
2006-04-12,527.0499877929688,527.0499877929688,527.0499877929688,527.0499877929688,433.0744934082031,0
2006-04-13,527.0499877929688,527.0499877929688,527.0499877929688,527.0499877929688,433.0744934082031,0
2006-04-17,527.0499877929688,527.0499877929688,527.0499877929688,527.0499877929688,433.0744934082031,0
2006-04-18,527.0499877929688,527.0499877929688,527.0499877929688,527.0499877929688,433.0744934082031,0
2006-04-19,527.0499877929688,527.0499877929688,527.0499877929688,527.0499877929688,433.0744934082031,0
2006-04-20,527.0499877929688,527.0499877929688,527.0499877929688,527.0499877929688,433.0744934082031,0
2006-04-21,527.0499877929688,527.0499877929688,527.0499877929688,527.0499877929688,433.0744934082031,0
2006-04-24,527.0499877929688,527.0499877929688,527.0499877929688,527.0499877929688,433.0744934082031,0
2006-04-25,527.0499877929688,527.0499877929688,527.0499877929688,527.0499877929688,433.0744934082031,0
2006-04-26,527.0499877929688,527.0499877929688,527.0499877929688,527.0499877929688,433.0744934082031,0
2006-04-27,527.0499877929688,527.0499877929688,527.0499877929688,527.0499877929688,433.0744934082031,0
2006-04-28,527.0499877929688,527.0499877929688,527.0499877929688,527.0499877929688,433.0744934082031,0
2006-05-02,527.0499877929688,527.0499877929688,527.0499877929688,527.0499877929688,433.0744934082031,0
2006-05-03,527.0499877929688,527.0499877929688,527.0499877929688,527.0499877929688,433.0744934082031,0
2006-05-04,527.0499877929688,527.0499877929688,527.0499877929688,527.0499877929688,433.0744934082031,0
2006-05-05,527.0499877929688,527.0499877929688,527.0499877929688,527.0499877929688,433.0744934082031,0
2006-05-08,527.0499877929688,527.0499877929688,527.0499877929688,527.0499877929688,433.0744934082031,0
2006-05-09,527.0499877929688,527.0499877929688,527.0499877929688,527.0499877929688,433.0744934082031,0
2006-05-10,527.0499877929688,527.0499877929688,527.0499877929688,527.0499877929688,433.0744934082031,0
2006-05-11,527.0499877929688,527.0499877929688,527.0499877929688,527.0499877929688,433.0744934082031,0
2006-05-12,527.0499877929688,527.0499877929688,527.0499877929688,527.0499877929688,433.0744934082031,0
2006-05-15,527.0499877929688,527.0499877929688,527.0499877929688,527.0499877929688,433.0744934082031,0
2006-05-16,527.0499877929688,527.0499877929688,527.0499877929688,527.0499877929688,433.0744934082031,0
2006-05-17,527.0499877929688,527.0499877929688,527.0499877929688,527.0499877929688,433.0744934082031,0
2006-05-18,527.0499877929688,527.0499877929688,527.0499877929688,527.0499877929688,433.0744934082031,0
2006-05-19,527.0499877929688,527.0499877929688,527.0499877929688,527.0499877929688,433.0744934082031,0
2006-05-22,527.0499877929688,527.0499877929688,527.0499877929688,527.0499877929688,433.0744934082031,0
2006-05-23,527.0499877929688,527.0499877929688,527.0499877929688,527.0499877929688,433.0744934082031,0
2006-05-24,527.0499877929688,527.0499877929688,527.0499877929688,527.0499877929688,433.0744934082031,0
2006-05-25,527.0499877929688,527.0499877929688,527.0499877929688,527.0499877929688,433.0744934082031,0
2006-05-26,527.0499877929688,527.0499877929688,527.0499877929688,527.0499877929688,433.0744934082031,0
2006-05-29,527.0499877929688,527.0499877929688,527.0499877929688,527.0499877929688,433.0744934082031,0
2006-05-30,527.0499877929688,527.0499877929688,527.0499877929688,527.0499877929688,433.0744934082031,0
2006-05-31,527.0499877929688,527.0499877929688,527.0499877929688,527.0499877929688,433.0744934082031,0
2006-06-01,527.0499877929688,527.0499877929688,527.0499877929688,527.0499877929688,433.0744934082031,0
2006-06-02,527.0499877929688,527.0499877929688,527.0499877929688,527.0499877929688,433.0744934082031,0
2006-06-05,527.0499877929688,527.0499877929688,527.0499877929688,527.0499877929688,433.0744934082031,0
2006-06-06,527.0499877929688,527.0499877929688,527.0499877929688,527.0499877929688,433.0744934082031,0
2006-06-07,527.0499877929688,527.0499877929688,527.0499877929688,527.0499877929688,433.0744934082031,0
2006-06-08,527.0499877929688,527.0499877929688,527.0499877929688,527.0499877929688,433.0744934082031,0
2006-06-09,527.0499877929688,527.0499877929688,527.0499877929688,527.0499877929688,433.0744934082031,0
2006-06-12,527.0499877929688,527.0499877929688,527.0499877929688,527.0499877929688,433.0744934082031,0
2006-06-13,527.0499877929688,527.0499877929688,527.0499877929688,527.0499877929688,433.0744934082031,0
2006-06-14,527.0499877929688,527.0499877929688,527.0499877929688,527.0499877929688,433.0744934082031,0
2006-06-15,527.0499877929688,527.0499877929688,527.0499877929688,527.0499877929688,433.0744934082031,0
2006-06-16,527.0499877929688,527.0499877929688,527.0499877929688,527.0499877929688,433.0744934082031,0
2006-06-19,527.0499877929688,527.0499877929688,527.0499877929688,527.0499877929688,433.0744934082031,0
2006-06-20,527.0499877929688,527.0499877929688,527.0499877929688,527.0499877929688,433.0744934082031,0
2006-06-21,527.0499877929688,527.0499877929688,527.0499877929688,527.0499877929688,433.0744934082031,0
2006-06-22,527.0499877929688,527.0499877929688,527.0499877929688,527.0499877929688,433.0744934082031,0
2006-06-23,527.0499877929688,527.0499877929688,527.0499877929688,527.0499877929688,433.0744934082031,0
2006-06-26,527.0499877929688,527.0499877929688,527.0499877929688,527.0499877929688,433.0744934082031,0
2006-06-27,527.0499877929688,527.0499877929688,527.0499877929688,527.0499877929688,433.0744934082031,0
2006-06-28,527.0499877929688,527.0499877929688,527.0499877929688,527.0499877929688,433.0744934082031,0
2006-06-29,527.0499877929688,527.0499877929688,527.0499877929688,527.0499877929688,433.0744934082031,0
2006-06-30,527.0499877929688,527.0499877929688,527.0499877929688,527.0499877929688,433.0744934082031,0
2006-07-03,527.0499877929688,527.0499877929688,527.0499877929688,527.0499877929688,433.0744934082031,0
2006-07-04,527.0499877929688,527.0499877929688,527.0499877929688,527.0499877929688,433.0744934082031,0
2006-07-05,527.0499877929688,527.0499877929688,527.0499877929688,527.0499877929688,433.0744934082031,0
2006-07-06,527.0499877929688,527.0499877929688,527.0499877929688,527.0499877929688,433.0744934082031,0
2006-07-07,527.0499877929688,527.0499877929688,527.0499877929688,527.0499877929688,433.0744934082031,0
2006-07-10,527.0499877929688,527.0499877929688,527.0499877929688,527.0499877929688,433.0744934082031,0
2006-07-11,527.0499877929688,527.0499877929688,527.0499877929688,527.0499877929688,433.0744934082031,0
2006-07-12,527.0499877929688,527.0499877929688,527.0499877929688,527.0499877929688,433.0744934082031,0
2006-07-13,527.0499877929688,527.0499877929688,527.0499877929688,527.0499877929688,433.0744934082031,0
2006-07-14,527.0499877929688,527.0499877929688,527.0499877929688,527.0499877929688,433.0744934082031,0
2006-07-17,527.0499877929688,527.0499877929688,527.0499877929688,527.0499877929688,433.0744934082031,0
2006-07-18,527.0499877929688,527.0499877929688,527.0499877929688,527.0499877929688,433.0744934082031,0
2006-07-19,527.0499877929688,527.0499877929688,527.0499877929688,527.0499877929688,433.0744934082031,0
2006-07-20,527.0499877929688,527.0499877929688,527.0499877929688,527.0499877929688,433.0744934082031,0
2006-07-21,527.0499877929688,527.0499877929688,527.0499877929688,527.0499877929688,433.0744934082031,0
2006-07-24,527.0499877929688,527.0499877929688,527.0499877929688,527.0499877929688,433.0744934082031,0
2006-07-25,527.0499877929688,527.0499877929688,527.0499877929688,527.0499877929688,433.0744934082031,0
2006-07-26,527.0499877929688,527.0499877929688,527.0499877929688,527.0499877929688,433.0744934082031,0
2006-07-27,527.0499877929688,527.0499877929688,527.0499877929688,527.0499877929688,433.0744934082031,0
2006-07-28,527.0499877929688,527.0499877929688,527.0499877929688,527.0499877929688,433.0744934082031,0
2006-07-31,527.0499877929688,527.0499877929688,527.0499877929688,527.0499877929688,433.0744934082031,0
2006-08-01,527.0499877929688,527.0499877929688,527.0499877929688,527.0499877929688,433.0744934082031,0
2006-08-02,527.0499877929688,527.0499877929688,527.0499877929688,527.0499877929688,433.0744934082031,0
2006-08-03,527.0499877929688,527.0499877929688,527.0499877929688,527.0499877929688,433.0744934082031,0
2006-08-04,527.0499877929688,527.0499877929688,527.0499877929688,527.0499877929688,433.0744934082031,0
2006-08-07,527.0499877929688,527.0499877929688,527.0499877929688,527.0499877929688,433.0744934082031,0
2006-08-08,527.0499877929688,527.0499877929688,527.0499877929688,527.0499877929688,433.0744934082031,0
2006-08-09,527.0499877929688,527.0499877929688,527.0499877929688,527.0499877929688,433.0744934082031,0
2006-08-10,527.0499877929688,527.0499877929688,527.0499877929688,527.0499877929688,433.0744934082031,0
2006-08-11,527.0499877929688,527.0499877929688,527.0499877929688,527.0499877929688,433.0744934082031,0
2006-08-14,527.0499877929688,527.0499877929688,527.0499877929688,527.0499877929688,433.0744934082031,0
2006-08-16,527.0499877929688,527.0499877929688,527.0499877929688,527.0499877929688,433.0744934082031,0
2006-08-17,527.0499877929688,527.0499877929688,527.0499877929688,527.0499877929688,433.0744934082031,0
2006-08-18,527.0499877929688,527.0499877929688,527.0499877929688,527.0499877929688,433.0744934082031,0
2006-08-21,527.0499877929688,527.0499877929688,527.0499877929688,527.0499877929688,433.0744934082031,0
2006-08-22,527.0499877929688,527.0499877929688,527.0499877929688,527.0499877929688,433.0744934082031,0
2006-08-23,527.0499877929688,527.0499877929688,527.0499877929688,527.0499877929688,433.0744934082031,0
2006-08-24,527.0499877929688,527.0499877929688,527.0499877929688,527.0499877929688,433.0744934082031,0
2006-08-25,527.0499877929688,527.0499877929688,527.0499877929688,527.0499877929688,433.0744934082031,0
2006-08-28,527.0499877929688,527.0499877929688,527.0499877929688,527.0499877929688,433.0744934082031,0
2006-08-29,527.0499877929688,527.0499877929688,527.0499877929688,527.0499877929688,433.0744934082031,0
2006-08-30,527.0499877929688,527.0499877929688,527.0499877929688,527.0499877929688,433.0744934082031,0
2006-08-31,527.0499877929688,527.0499877929688,527.0499877929688,527.0499877929688,433.0744934082031,0
2006-09-01,527.0499877929688,527.0499877929688,527.0499877929688,527.0499877929688,433.0744934082031,0
2006-09-04,527.0499877929688,527.0499877929688,527.0499877929688,527.0499877929688,433.0744934082031,0
2006-09-05,527.0499877929688,527.0499877929688,527.0499877929688,527.0499877929688,433.0744934082031,0
2006-09-06,527.0499877929688,527.0499877929688,527.0499877929688,527.0499877929688,433.0744934082031,0
2006-09-07,527.0499877929688,527.0499877929688,527.0499877929688,527.0499877929688,433.0744934082031,0
2006-09-08,527.0499877929688,527.0499877929688,527.0499877929688,527.0499877929688,433.0744934082031,0
2006-09-11,527.0499877929688,527.0499877929688,527.0499877929688,527.0499877929688,433.0744934082031,0
2006-09-12,527.0499877929688,527.0499877929688,527.0499877929688,527.0499877929688,433.0744934082031,0
2006-09-13,527.0499877929688,527.0499877929688,527.0499877929688,527.0499877929688,433.0744934082031,0
2006-09-14,527.0499877929688,527.0499877929688,527.0499877929688,527.0499877929688,433.0744934082031,0
2006-09-15,527.0499877929688,527.0499877929688,527.0499877929688,527.0499877929688,433.0744934082031,0
2006-09-18,527.0499877929688,527.0499877929688,527.0499877929688,527.0499877929688,433.0744934082031,0
2006-09-19,527.0499877929688,527.0499877929688,527.0499877929688,527.0499877929688,433.0744934082031,0
2006-09-20,527.0499877929688,527.0499877929688,527.0499877929688,527.0499877929688,433.0744934082031,0
2006-09-21,527.0499877929688,527.0499877929688,527.0499877929688,527.0499877929688,433.0744934082031,0
2006-09-22,527.0499877929688,527.0499877929688,527.0499877929688,527.0499877929688,433.0744934082031,0
2006-09-25,527.0499877929688,527.0499877929688,527.0499877929688,527.0499877929688,433.0744934082031,0
2006-09-26,527.0499877929688,527.0499877929688,527.0499877929688,527.0499877929688,433.0744934082031,0
2006-09-27,527.0499877929688,527.0499877929688,527.0499877929688,527.0499877929688,433.0744934082031,0
2006-09-28,527.0499877929688,527.0499877929688,527.0499877929688,527.0499877929688,433.0744934082031,0
2006-09-29,527.0499877929688,527.0499877929688,527.0499877929688,527.0499877929688,433.0744934082031,0
2006-10-03,527.0499877929688,527.0499877929688,527.0499877929688,527.0499877929688,433.0744934082031,0
2006-10-04,527.0499877929688,527.0499877929688,527.0499877929688,527.0499877929688,433.0744934082031,0
2006-10-05,527.0499877929688,527.0499877929688,527.0499877929688,527.0499877929688,433.0744934082031,0
2006-10-06,527.0499877929688,527.0499877929688,527.0499877929688,527.0499877929688,433.0744934082031,0
2006-10-09,527.0499877929688,527.0499877929688,527.0499877929688,527.0499877929688,433.0744934082031,0
2006-10-10,527.0499877929688,527.0499877929688,527.0499877929688,527.0499877929688,433.0744934082031,0
2006-10-11,527.0499877929688,527.0499877929688,527.0499877929688,527.0499877929688,433.0744934082031,0
2006-10-12,527.0499877929688,527.0499877929688,527.0499877929688,527.0499877929688,433.0744934082031,0
2006-10-13,527.0499877929688,527.0499877929688,527.0499877929688,527.0499877929688,433.0744934082031,0
2006-10-16,527.0499877929688,527.0499877929688,527.0499877929688,527.0499877929688,433.0744934082031,0
2006-10-17,527.0499877929688,527.0499877929688,527.0499877929688,527.0499877929688,433.0744934082031,0
2006-10-18,527.0499877929688,527.0499877929688,527.0499877929688,527.0499877929688,433.0744934082031,0
2006-10-19,527.0499877929688,527.0499877929688,527.0499877929688,527.0499877929688,433.0744934082031,0
2006-10-20,527.0499877929688,527.0499877929688,527.0499877929688,527.0499877929688,433.0744934082031,0
2006-10-23,527.0499877929688,527.0499877929688,527.0499877929688,527.0499877929688,433.0744934082031,0
2006-10-26,527.0499877929688,527.0499877929688,527.0499877929688,527.0499877929688,433.0744934082031,0
2006-10-27,527.0499877929688,527.0499877929688,527.0499877929688,527.0499877929688,433.0744934082031,0
2006-10-30,527.0499877929688,527.0499877929688,527.0499877929688,527.0499877929688,433.0744934082031,0
2006-10-31,527.0499877929688,527.0499877929688,527.0499877929688,527.0499877929688,433.0744934082031,0
2006-11-01,527.0499877929688,527.0499877929688,527.0499877929688,527.0499877929688,433.0744934082031,0
2006-11-02,527.0499877929688,527.0499877929688,527.0499877929688,527.0499877929688,433.0744934082031,0
2006-11-03,527.0499877929688,527.0499877929688,527.0499877929688,527.0499877929688,433.0744934082031,0
2006-11-06,527.0499877929688,527.0499877929688,527.0499877929688,527.0499877929688,433.0744934082031,0
2006-11-07,527.0499877929688,527.0499877929688,527.0499877929688,527.0499877929688,433.0744934082031,0
2006-11-08,527.0499877929688,527.0499877929688,527.0499877929688,527.0499877929688,433.0744934082031,0
2006-11-09,527.0499877929688,527.0499877929688,527.0499877929688,527.0499877929688,433.0744934082031,0
2006-11-10,527.0499877929688,527.0499877929688,527.0499877929688,527.0499877929688,433.0744934082031,0
2006-11-13,527.0499877929688,527.0499877929688,527.0499877929688,527.0499877929688,433.0744934082031,0
2006-11-14,527.0499877929688,527.0499877929688,527.0499877929688,527.0499877929688,433.0744934082031,0
2006-11-15,527.0499877929688,527.0499877929688,527.0499877929688,527.0499877929688,433.0744934082031,0
2006-11-16,527.0499877929688,527.0499877929688,527.0499877929688,527.0499877929688,433.0744934082031,0
2006-11-17,527.0499877929688,527.0499877929688,527.0499877929688,527.0499877929688,433.0744934082031,0
2006-11-20,527.0499877929688,527.0499877929688,527.0499877929688,527.0499877929688,433.0744934082031,0
2006-11-21,527.0499877929688,527.0499877929688,527.0499877929688,527.0499877929688,433.0744934082031,0
2006-11-22,527.0499877929688,527.0499877929688,527.0499877929688,527.0499877929688,433.0744934082031,0
2006-11-23,527.0499877929688,527.0499877929688,527.0499877929688,527.0499877929688,433.0744934082031,0
2006-11-24,527.0499877929688,527.0499877929688,527.0499877929688,527.0499877929688,433.0744934082031,0
2006-11-27,527.0499877929688,527.0499877929688,527.0499877929688,527.0499877929688,433.0744934082031,0
2006-11-28,527.0499877929688,527.0499877929688,527.0499877929688,527.0499877929688,433.0744934082031,0
2006-11-29,527.0499877929688,527.0499877929688,527.0499877929688,527.0499877929688,433.0744934082031,0
2006-11-30,527.0499877929688,527.0499877929688,527.0499877929688,527.0499877929688,433.0744934082031,0
2006-12-01,527.0499877929688,527.0499877929688,527.0499877929688,527.0499877929688,433.0744934082031,0
2006-12-04,527.0499877929688,527.0499877929688,527.0499877929688,527.0499877929688,433.0744934082031,0
2006-12-05,527.0499877929688,527.0499877929688,527.0499877929688,527.0499877929688,433.0744934082031,0
2006-12-06,527.0499877929688,527.0499877929688,527.0499877929688,527.0499877929688,433.0744934082031,0
2006-12-07,527.0499877929688,527.0499877929688,527.0499877929688,527.0499877929688,433.0744934082031,0
2006-12-08,527.0499877929688,527.0499877929688,527.0499877929688,527.0499877929688,433.0744934082031,0
2006-12-11,527.0499877929688,527.0499877929688,527.0499877929688,527.0499877929688,433.0744934082031,0
2006-12-12,527.0499877929688,527.0499877929688,527.0499877929688,527.0499877929688,433.0744934082031,0
2006-12-13,527.0499877929688,527.0499877929688,527.0499877929688,527.0499877929688,433.0744934082031,0
2006-12-14,527.0499877929688,527.0499877929688,527.0499877929688,527.0499877929688,433.0744934082031,0
2006-12-15,527.0499877929688,527.0499877929688,527.0499877929688,527.0499877929688,433.0744934082031,0
2006-12-18,527.0499877929688,527.0499877929688,527.0499877929688,527.0499877929688,433.0744934082031,0
2006-12-19,527.0499877929688,527.0499877929688,527.0499877929688,527.0499877929688,433.0744934082031,0
2006-12-20,527.0499877929688,527.0499877929688,527.0499877929688,527.0499877929688,433.0744934082031,0
2006-12-21,527.0499877929688,527.0499877929688,527.0499877929688,527.0499877929688,433.0744934082031,0
2006-12-22,527.0499877929688,527.0499877929688,527.0499877929688,527.0499877929688,433.0744934082031,0
2006-12-26,527.0499877929688,527.0499877929688,527.0499877929688,527.0499877929688,433.0744934082031,0
2006-12-27,527.0499877929688,527.0499877929688,527.0499877929688,527.0499877929688,433.0744934082031,0
2006-12-28,527.0499877929688,527.0499877929688,527.0499877929688,527.0499877929688,433.0744934082031,0
2006-12-29,527.0499877929688,527.0499877929688,527.0499877929688,527.0499877929688,433.0744934082031,0
2007-01-02,527.0499877929688,527.0499877929688,527.0499877929688,527.0499877929688,433.0744934082031,0
2007-01-03,527.0499877929688,527.0499877929688,527.0499877929688,527.0499877929688,433.0744934082031,0
2007-01-04,527.0499877929688,527.0499877929688,527.0499877929688,527.0499877929688,433.0744934082031,0
2007-01-05,527.0499877929688,527.0499877929688,527.0499877929688,527.0499877929688,433.0744934082031,0
2007-01-08,527.0499877929688,527.0499877929688,527.0499877929688,527.0499877929688,433.0744934082031,0
2007-01-09,527.0499877929688,527.0499877929688,527.0499877929688,527.0499877929688,433.0744934082031,0
2007-01-10,527.0499877929688,527.0499877929688,527.0499877929688,527.0499877929688,433.0744934082031,0
2007-01-11,527.0499877929688,527.0499877929688,527.0499877929688,527.0499877929688,433.0744934082031,0
2007-01-12,527.0499877929688,527.0499877929688,527.0499877929688,527.0499877929688,433.0744934082031,0
2007-01-15,527.0499877929688,527.0499877929688,527.0499877929688,527.0499877929688,433.0744934082031,0
2007-01-16,527.0499877929688,527.0499877929688,527.0499877929688,527.0499877929688,433.0744934082031,0
2007-01-17,527.0499877929688,527.0499877929688,527.0499877929688,527.0499877929688,433.0744934082031,0
2007-01-18,527.0499877929688,527.0499877929688,527.0499877929688,527.0499877929688,433.0744934082031,0
2007-01-19,527.0499877929688,527.0499877929688,527.0499877929688,527.0499877929688,433.0744934082031,0
2007-01-22,527.0499877929688,527.0499877929688,527.0499877929688,527.0499877929688,433.0744934082031,0
2007-01-23,527.0499877929688,527.0499877929688,527.0499877929688,527.0499877929688,433.0744934082031,0
2007-01-24,527.0499877929688,527.0499877929688,527.0499877929688,527.0499877929688,433.0744934082031,0
2007-01-25,527.0499877929688,527.0499877929688,527.0499877929688,527.0499877929688,433.0744934082031,0
2007-01-29,527.0499877929688,527.0499877929688,527.0499877929688,527.0499877929688,433.0744934082031,0
2007-01-31,527.0499877929688,527.0499877929688,527.0499877929688,527.0499877929688,433.0744934082031,0
2007-02-01,527.0499877929688,527.0499877929688,527.0499877929688,527.0499877929688,433.0744934082031,0
2007-02-02,527.0499877929688,527.0499877929688,527.0499877929688,527.0499877929688,433.0744934082031,0
2007-02-05,527.0499877929688,527.0499877929688,527.0499877929688,527.0499877929688,433.0744934082031,0
2007-02-06,527.0499877929688,527.0499877929688,527.0499877929688,527.0499877929688,433.0744934082031,0
2007-02-07,527.0499877929688,527.0499877929688,527.0499877929688,527.0499877929688,433.0744934082031,0
2007-02-08,527.0499877929688,527.0499877929688,527.0499877929688,527.0499877929688,433.0744934082031,0
2007-02-09,527.0499877929688,527.0499877929688,527.0499877929688,527.0499877929688,433.0744934082031,0
2007-02-12,527.0499877929688,527.0499877929688,527.0499877929688,527.0499877929688,433.0744934082031,0
2007-02-13,527.0499877929688,527.0499877929688,527.0499877929688,527.0499877929688,433.0744934082031,0
2007-02-14,527.0499877929688,527.0499877929688,527.0499877929688,527.0499877929688,433.0744934082031,0
2007-02-15,527.0499877929688,527.0499877929688,527.0499877929688,527.0499877929688,433.0744934082031,0
2007-02-19,527.0499877929688,527.0499877929688,527.0499877929688,527.0499877929688,433.0744934082031,0
2007-02-20,527.0499877929688,527.0499877929688,527.0499877929688,527.0499877929688,433.0744934082031,0
2007-02-21,527.0499877929688,527.0499877929688,527.0499877929688,527.0499877929688,433.0744934082031,0
2007-02-22,527.0499877929688,527.0499877929688,527.0499877929688,527.0499877929688,433.0744934082031,0
2007-02-23,527.0499877929688,527.0499877929688,527.0499877929688,527.0499877929688,433.0744934082031,0
2007-02-26,527.0499877929688,527.0499877929688,527.0499877929688,527.0499877929688,433.0744934082031,0
2007-02-27,527.0499877929688,527.0499877929688,527.0499877929688,527.0499877929688,433.0744934082031,0
2007-02-28,527.0499877929688,527.0499877929688,527.0499877929688,527.0499877929688,433.0744934082031,0
2007-03-01,527.0499877929688,527.0499877929688,527.0499877929688,527.0499877929688,433.0744934082031,0
2007-03-02,527.0499877929688,527.0499877929688,527.0499877929688,527.0499877929688,433.0744934082031,0
2007-03-05,527.0499877929688,527.0499877929688,527.0499877929688,527.0499877929688,433.0744934082031,0
2007-03-06,527.0499877929688,527.0499877929688,527.0499877929688,527.0499877929688,433.0744934082031,0
2007-03-07,527.0499877929688,527.0499877929688,527.0499877929688,527.0499877929688,433.0744934082031,0
2007-03-08,527.0499877929688,527.0499877929688,527.0499877929688,527.0499877929688,433.0744934082031,0
2007-03-09,527.0499877929688,527.0499877929688,527.0499877929688,527.0499877929688,433.0744934082031,0
2007-03-12,527.0499877929688,527.0499877929688,527.0499877929688,527.0499877929688,433.0744934082031,0
2007-03-13,527.0499877929688,527.0499877929688,527.0499877929688,527.0499877929688,433.0744934082031,0
2007-03-14,527.0499877929688,527.0499877929688,527.0499877929688,527.0499877929688,433.0744934082031,0
2007-03-15,527.0499877929688,527.0499877929688,527.0499877929688,527.0499877929688,433.0744934082031,0
2007-03-16,527.0499877929688,527.0499877929688,527.0499877929688,527.0499877929688,433.0744934082031,0
2007-03-19,527.0499877929688,527.0499877929688,527.0499877929688,527.0499877929688,433.0744934082031,0
2007-03-20,527.0499877929688,527.0499877929688,527.0499877929688,527.0499877929688,433.0744934082031,0
2007-03-21,527.0499877929688,527.0499877929688,527.0499877929688,527.0499877929688,433.0744934082031,0
2007-03-22,527.0499877929688,527.0499877929688,527.0499877929688,527.0499877929688,433.0744934082031,0
2007-03-23,527.0499877929688,527.0499877929688,527.0499877929688,527.0499877929688,433.0744934082031,0
2007-03-26,527.0499877929688,527.0499877929688,527.0499877929688,527.0499877929688,433.0744934082031,0
2007-03-28,527.0499877929688,527.0499877929688,527.0499877929688,527.0499877929688,433.0744934082031,0
2007-03-29,527.0499877929688,527.0499877929688,527.0499877929688,527.0499877929688,433.0744934082031,0
2007-03-30,527.0499877929688,527.0499877929688,527.0499877929688,527.0499877929688,433.0744934082031,0
2007-04-02,527.0499877929688,527.0499877929688,527.0499877929688,527.0499877929688,433.0744934082031,0
2007-04-03,527.0499877929688,527.0499877929688,527.0499877929688,527.0499877929688,433.0744934082031,0
2007-04-04,527.0499877929688,527.0499877929688,527.0499877929688,527.0499877929688,433.0744934082031,0
2007-04-05,527.0499877929688,527.0499877929688,527.0499877929688,527.0499877929688,433.0744934082031,0
2007-04-09,527.0499877929688,527.0499877929688,527.0499877929688,527.0499877929688,433.0744934082031,0
2007-04-10,527.0499877929688,527.0499877929688,527.0499877929688,527.0499877929688,433.0744934082031,0
2007-04-11,527.0499877929688,527.0499877929688,527.0499877929688,527.0499877929688,433.0744934082031,0
2007-04-12,527.0499877929688,527.0499877929688,527.0499877929688,527.0499877929688,433.0744934082031,0
2007-04-13,527.0499877929688,527.0499877929688,527.0499877929688,527.0499877929688,433.0744934082031,0
2007-04-16,527.0499877929688,527.0499877929688,527.0499877929688,527.0499877929688,433.0744934082031,0
2007-04-17,527.0499877929688,527.0499877929688,527.0499877929688,527.0499877929688,433.0744934082031,0
2007-04-18,527.0499877929688,527.0499877929688,527.0499877929688,527.0499877929688,433.0744934082031,0
2007-04-19,527.0499877929688,527.0499877929688,527.0499877929688,527.0499877929688,433.0744934082031,0
2007-04-20,527.0499877929688,527.0499877929688,527.0499877929688,527.0499877929688,433.0744934082031,0
2007-04-23,527.0499877929688,527.0499877929688,527.0499877929688,527.0499877929688,433.0744934082031,0
2007-04-24,527.0499877929688,527.0499877929688,527.0499877929688,527.0499877929688,433.0744934082031,0
2007-04-25,527.0499877929688,527.0499877929688,527.0499877929688,527.0499877929688,433.0744934082031,0
2007-04-26,527.0499877929688,527.0499877929688,527.0499877929688,527.0499877929688,433.0744934082031,0
2007-04-27,527.0499877929688,527.0499877929688,527.0499877929688,527.0499877929688,433.0744934082031,0
2007-04-30,527.0499877929688,527.0499877929688,527.0499877929688,527.0499877929688,433.0744934082031,0
2007-05-03,527.0499877929688,527.0499877929688,527.0499877929688,527.0499877929688,433.0744934082031,0
2007-05-04,527.0499877929688,527.0499877929688,527.0499877929688,527.0499877929688,433.0744934082031,0
2007-05-07,527.0499877929688,527.0499877929688,527.0499877929688,527.0499877929688,433.0744934082031,0
2007-05-08,527.0499877929688,527.0499877929688,527.0499877929688,527.0499877929688,433.0744934082031,0
2007-05-09,527.0499877929688,527.0499877929688,527.0499877929688,527.0499877929688,433.0744934082031,0
2007-05-10,527.0499877929688,527.0499877929688,527.0499877929688,527.0499877929688,433.0744934082031,0
2007-05-11,527.0499877929688,527.0499877929688,527.0499877929688,527.0499877929688,433.0744934082031,0
2007-05-14,527.0499877929688,527.0499877929688,527.0499877929688,527.0499877929688,433.0744934082031,0
2007-05-15,527.0499877929688,527.0499877929688,527.0499877929688,527.0499877929688,433.0744934082031,0
2007-05-16,527.0499877929688,527.0499877929688,527.0499877929688,527.0499877929688,433.0744934082031,0
2007-05-17,527.0499877929688,527.0499877929688,527.0499877929688,527.0499877929688,433.0744934082031,0
2007-05-18,527.0499877929688,527.0499877929688,527.0499877929688,527.0499877929688,433.0744934082031,0
2007-05-21,527.0499877929688,527.0499877929688,527.0499877929688,527.0499877929688,433.0744934082031,0
2007-05-22,527.0499877929688,527.0499877929688,527.0499877929688,527.0499877929688,433.0744934082031,0
2007-05-23,527.0499877929688,527.0499877929688,527.0499877929688,527.0499877929688,433.0744934082031,0
2007-05-24,527.0499877929688,527.0499877929688,527.0499877929688,527.0499877929688,433.0744934082031,0
2007-05-25,527.0499877929688,527.0499877929688,527.0499877929688,527.0499877929688,433.0744934082031,0
2007-05-28,527.0499877929688,527.0499877929688,527.0499877929688,527.0499877929688,433.0744934082031,0
2007-05-29,527.0499877929688,527.0499877929688,527.0499877929688,527.0499877929688,433.0744934082031,0
2007-05-30,527.0499877929688,527.0499877929688,527.0499877929688,527.0499877929688,433.0744934082031,0
2007-05-31,527.0499877929688,527.0499877929688,527.0499877929688,527.0499877929688,433.0744934082031,0
2007-06-01,527.0499877929688,527.0499877929688,527.0499877929688,527.0499877929688,433.0744934082031,0
2007-06-04,527.0499877929688,527.0499877929688,527.0499877929688,527.0499877929688,433.0744934082031,0
2007-06-05,527.0499877929688,527.0499877929688,527.0499877929688,527.0499877929688,433.0744934082031,0
2007-06-06,527.0499877929688,527.0499877929688,527.0499877929688,527.0499877929688,433.0744934082031,0
2007-06-07,527.0499877929688,527.0499877929688,527.0499877929688,527.0499877929688,433.0744934082031,0
2007-06-08,527.0499877929688,527.0499877929688,527.0499877929688,527.0499877929688,433.0744934082031,0
2007-06-11,527.0499877929688,527.0499877929688,527.0499877929688,527.0499877929688,433.0744934082031,0
2007-06-12,527.0499877929688,527.0499877929688,527.0499877929688,527.0499877929688,433.0744934082031,0
2007-06-13,527.0499877929688,527.0499877929688,527.0499877929688,527.0499877929688,433.0744934082031,0
2007-06-14,527.0499877929688,527.0499877929688,527.0499877929688,527.0499877929688,433.0744934082031,0
2007-06-15,527.0499877929688,527.0499877929688,527.0499877929688,527.0499877929688,433.0744934082031,0
2007-06-18,527.0499877929688,527.0499877929688,527.0499877929688,527.0499877929688,433.0744934082031,0
2007-06-19,527.0499877929688,527.0499877929688,527.0499877929688,527.0499877929688,433.0744934082031,0
2007-06-20,527.0499877929688,527.0499877929688,527.0499877929688,527.0499877929688,433.0744934082031,0
2007-06-21,527.0499877929688,527.0499877929688,527.0499877929688,527.0499877929688,433.0744934082031,0
2007-06-22,527.0499877929688,527.0499877929688,527.0499877929688,527.0499877929688,433.0744934082031,0
2007-06-25,527.0499877929688,527.0499877929688,527.0499877929688,527.0499877929688,433.0744934082031,0
2007-06-26,527.0499877929688,527.0499877929688,527.0499877929688,527.0499877929688,433.0744934082031,0
2007-06-27,527.0499877929688,527.0499877929688,527.0499877929688,527.0499877929688,433.0744934082031,0
2007-06-28,527.0499877929688,527.0499877929688,527.0499877929688,527.0499877929688,433.0744934082031,0
2007-06-29,527.0499877929688,527.0499877929688,527.0499877929688,527.0499877929688,433.0744934082031,0
2007-07-02,527.0499877929688,527.0499877929688,527.0499877929688,527.0499877929688,433.0744934082031,0
2007-07-03,527.0499877929688,527.0499877929688,527.0499877929688,527.0499877929688,433.0744934082031,0
2007-07-04,527.0499877929688,527.0499877929688,527.0499877929688,527.0499877929688,433.0744934082031,0
2007-07-05,527.0499877929688,527.0499877929688,527.0499877929688,527.0499877929688,433.0744934082031,0
2007-07-06,527.0499877929688,527.0499877929688,527.0499877929688,527.0499877929688,433.0744934082031,0
2007-07-09,527.0499877929688,527.0499877929688,527.0499877929688,527.0499877929688,433.0744934082031,0
2007-07-10,527.0499877929688,527.0499877929688,527.0499877929688,527.0499877929688,433.0744934082031,0
2007-07-11,527.0499877929688,527.0499877929688,527.0499877929688,527.0499877929688,433.0744934082031,0
2007-07-12,527.0499877929688,527.0499877929688,527.0499877929688,527.0499877929688,433.0744934082031,0
2007-07-13,527.0499877929688,527.0499877929688,527.0499877929688,527.0499877929688,433.0744934082031,0
2007-07-16,527.0499877929688,527.0499877929688,527.0499877929688,527.0499877929688,433.0744934082031,0
2007-07-17,527.0499877929688,527.0499877929688,527.0499877929688,527.0499877929688,433.0744934082031,0
2007-07-18,527.0499877929688,527.0499877929688,527.0499877929688,527.0499877929688,433.0744934082031,0
2007-07-19,527.0499877929688,527.0499877929688,527.0499877929688,527.0499877929688,433.0744934082031,0
2007-07-20,527.0499877929688,527.0499877929688,527.0499877929688,527.0499877929688,433.0744934082031,0
2007-07-23,527.0499877929688,527.0499877929688,527.0499877929688,527.0499877929688,433.0744934082031,0
2007-07-24,527.0499877929688,527.0499877929688,527.0499877929688,527.0499877929688,433.0744934082031,0
2007-07-25,527.0499877929688,527.0499877929688,527.0499877929688,527.0499877929688,433.0744934082031,0
2007-07-26,527.0499877929688,527.0499877929688,527.0499877929688,527.0499877929688,433.0744934082031,0
2007-07-27,527.0499877929688,527.0499877929688,527.0499877929688,527.0499877929688,433.0744934082031,0
2007-07-30,527.0499877929688,527.0499877929688,527.0499877929688,527.0499877929688,433.0744934082031,0
2007-07-31,527.0499877929688,527.0499877929688,527.0499877929688,527.0499877929688,433.0744934082031,0
2007-08-01,527.0499877929688,527.0499877929688,527.0499877929688,527.0499877929688,433.0744934082031,0
2007-08-02,527.0499877929688,527.0499877929688,527.0499877929688,527.0499877929688,433.0744934082031,0
2007-08-03,527.0499877929688,527.0499877929688,527.0499877929688,527.0499877929688,433.0744934082031,0
2007-08-06,527.0499877929688,527.0499877929688,527.0499877929688,527.0499877929688,433.0744934082031,0
2007-08-07,527.0499877929688,527.0499877929688,527.0499877929688,527.0499877929688,433.0744934082031,0
2007-08-08,527.0499877929688,527.0499877929688,527.0499877929688,527.0499877929688,433.0744934082031,0
2007-08-09,527.0499877929688,527.0499877929688,527.0499877929688,527.0499877929688,433.0744934082031,0
2007-08-10,527.0499877929688,527.0499877929688,527.0499877929688,527.0499877929688,433.0744934082031,0
2007-08-13,527.0499877929688,527.0499877929688,527.0499877929688,527.0499877929688,433.0744934082031,0
2007-08-14,527.0499877929688,527.0499877929688,527.0499877929688,527.0499877929688,433.0744934082031,0
2007-08-16,527.0499877929688,527.0499877929688,527.0499877929688,527.0499877929688,433.0744934082031,0
2007-08-17,527.0499877929688,527.0499877929688,527.0499877929688,527.0499877929688,433.0744934082031,0
2007-08-20,527.0499877929688,527.0499877929688,527.0499877929688,527.0499877929688,433.0744934082031,0
2007-08-21,527.0499877929688,527.0499877929688,527.0499877929688,527.0499877929688,433.0744934082031,0
2007-08-22,527.0499877929688,527.0499877929688,527.0499877929688,527.0499877929688,433.0744934082031,0
2007-08-23,527.0499877929688,527.0499877929688,527.0499877929688,527.0499877929688,433.0744934082031,0
2007-08-24,527.0499877929688,527.0499877929688,527.0499877929688,527.0499877929688,433.0744934082031,0
2007-08-27,527.0499877929688,527.0499877929688,527.0499877929688,527.0499877929688,433.0744934082031,0
2007-08-28,527.0499877929688,527.0499877929688,527.0499877929688,527.0499877929688,433.0744934082031,0
2007-08-29,527.0499877929688,527.0499877929688,527.0499877929688,527.0499877929688,433.0744934082031,0
2007-08-30,527.0499877929688,527.0499877929688,527.0499877929688,527.0499877929688,433.0744934082031,0
2007-08-31,527.0499877929688,527.0499877929688,527.0499877929688,527.0499877929688,433.0744934082031,0
2007-09-03,527.0499877929688,527.0499877929688,527.0499877929688,527.0499877929688,433.0744934082031,0
2007-09-04,527.0499877929688,527.0499877929688,527.0499877929688,527.0499877929688,433.0744934082031,0
2007-09-05,527.0499877929688,527.0499877929688,527.0499877929688,527.0499877929688,433.0744934082031,0
2007-09-06,527.0499877929688,527.0499877929688,527.0499877929688,527.0499877929688,433.0744934082031,0
2007-09-07,527.0499877929688,527.0499877929688,527.0499877929688,527.0499877929688,433.0744934082031,0
2007-09-10,527.0499877929688,527.0499877929688,527.0499877929688,527.0499877929688,433.0744934082031,0
2007-09-11,527.0499877929688,527.0499877929688,527.0499877929688,527.0499877929688,433.0744934082031,0
2007-09-12,527.0499877929688,527.0499877929688,527.0499877929688,527.0499877929688,433.0744934082031,0
2007-09-13,527.0499877929688,527.0499877929688,527.0499877929688,527.0499877929688,433.0744934082031,0
2007-09-14,527.0499877929688,527.0499877929688,527.0499877929688,527.0499877929688,433.0744934082031,0
2007-09-17,527.0499877929688,527.0499877929688,527.0499877929688,527.0499877929688,433.0744934082031,0
2007-09-18,527.0499877929688,527.0499877929688,527.0499877929688,527.0499877929688,433.0744934082031,0
2007-09-19,527.0499877929688,527.0499877929688,527.0499877929688,527.0499877929688,433.0744934082031,0
2007-09-20,527.0499877929688,527.0499877929688,527.0499877929688,527.0499877929688,433.0744934082031,0
2007-09-21,527.0499877929688,527.0499877929688,527.0499877929688,527.0499877929688,433.0744934082031,0
2007-09-24,527.0499877929688,527.0499877929688,527.0499877929688,527.0499877929688,433.0744934082031,0
2007-09-25,527.0499877929688,527.0499877929688,527.0499877929688,527.0499877929688,433.0744934082031,0
2007-09-26,527.0499877929688,527.0499877929688,527.0499877929688,527.0499877929688,433.0744934082031,0
2007-09-27,527.0499877929688,527.0499877929688,527.0499877929688,527.0499877929688,433.0744934082031,0
2007-09-28,527.0499877929688,527.0499877929688,527.0499877929688,527.0499877929688,433.0744934082031,0
2007-10-01,527.0499877929688,527.0499877929688,527.0499877929688,527.0499877929688,433.0744934082031,0
2007-10-03,527.0499877929688,527.0499877929688,527.0499877929688,527.0499877929688,433.0744934082031,0
2007-10-04,527.0499877929688,527.0499877929688,527.0499877929688,527.0499877929688,433.0744934082031,0
2007-10-05,527.0499877929688,527.0499877929688,527.0499877929688,527.0499877929688,433.0744934082031,0
2007-10-08,527.0499877929688,527.0499877929688,527.0499877929688,527.0499877929688,433.0744934082031,0
2007-10-09,527.0499877929688,527.0499877929688,527.0499877929688,527.0499877929688,433.0744934082031,0
2007-10-10,527.0499877929688,527.0499877929688,527.0499877929688,527.0499877929688,433.0744934082031,0
2007-10-11,527.0499877929688,527.0499877929688,527.0499877929688,527.0499877929688,433.0744934082031,0
2007-10-12,527.0499877929688,527.0499877929688,527.0499877929688,527.0499877929688,433.0744934082031,0
2007-10-15,527.0499877929688,527.0499877929688,527.0499877929688,527.0499877929688,433.0744934082031,0
2007-10-16,527.0499877929688,527.0499877929688,527.0499877929688,527.0499877929688,433.0744934082031,0
2007-10-17,527.0499877929688,527.0499877929688,527.0499877929688,527.0499877929688,433.0744934082031,0
2007-10-18,527.0499877929688,527.0499877929688,527.0499877929688,527.0499877929688,433.0744934082031,0
2007-10-19,527.0499877929688,527.0499877929688,527.0499877929688,527.0499877929688,433.0744934082031,0
2007-10-22,527.0499877929688,527.0499877929688,527.0499877929688,527.0499877929688,433.0744934082031,0
2007-10-23,527.0499877929688,527.0499877929688,527.0499877929688,527.0499877929688,433.0744934082031,0
2007-10-24,527.0499877929688,527.0499877929688,527.0499877929688,527.0499877929688,433.0744934082031,0
2007-10-25,527.0499877929688,527.0499877929688,527.0499877929688,527.0499877929688,433.0744934082031,0
2007-10-26,527.0499877929688,527.0499877929688,527.0499877929688,527.0499877929688,433.0744934082031,0
2007-10-29,527.0499877929688,527.0499877929688,527.0499877929688,527.0499877929688,433.0744934082031,0
2007-10-30,527.0499877929688,527.0499877929688,527.0499877929688,527.0499877929688,433.0744934082031,0
2007-10-31,527.0499877929688,527.0499877929688,527.0499877929688,527.0499877929688,433.0744934082031,0
2007-11-01,527.0499877929688,527.0499877929688,527.0499877929688,527.0499877929688,433.0744934082031,0
2007-11-02,527.0499877929688,527.0499877929688,527.0499877929688,527.0499877929688,433.0744934082031,0
2007-11-05,527.0499877929688,527.0499877929688,527.0499877929688,527.0499877929688,433.0744934082031,0
2007-11-06,527.0499877929688,527.0499877929688,527.0499877929688,527.0499877929688,433.0744934082031,0
2007-11-07,527.0499877929688,527.0499877929688,527.0499877929688,527.0499877929688,433.0744934082031,0
2007-11-08,527.0499877929688,527.0499877929688,527.0499877929688,527.0499877929688,433.0744934082031,0
2007-11-12,527.0499877929688,527.0499877929688,527.0499877929688,527.0499877929688,433.0744934082031,0
2007-11-13,527.0499877929688,527.0499877929688,527.0499877929688,527.0499877929688,433.0744934082031,0
2007-11-14,527.0499877929688,527.0499877929688,527.0499877929688,527.0499877929688,433.0744934082031,0
2007-11-15,527.0499877929688,527.0499877929688,527.0499877929688,527.0499877929688,433.0744934082031,0
2007-11-16,527.0499877929688,527.0499877929688,527.0499877929688,527.0499877929688,433.0744934082031,0
2007-11-19,527.0499877929688,527.0499877929688,527.0499877929688,527.0499877929688,433.0744934082031,0
2007-11-20,527.0499877929688,527.0499877929688,527.0499877929688,527.0499877929688,433.0744934082031,0
2007-11-21,527.0499877929688,527.0499877929688,527.0499877929688,527.0499877929688,433.0744934082031,0
2007-11-22,527.0499877929688,527.0499877929688,527.0499877929688,527.0499877929688,433.0744934082031,0
2007-11-23,527.0499877929688,527.0499877929688,527.0499877929688,527.0499877929688,433.0744934082031,0
2007-11-26,527.0499877929688,527.0499877929688,527.0499877929688,527.0499877929688,433.0744934082031,0
2007-11-27,527.0499877929688,527.0499877929688,527.0499877929688,527.0499877929688,433.0744934082031,0
2007-11-28,527.0499877929688,527.0499877929688,527.0499877929688,527.0499877929688,433.0744934082031,0
2007-11-29,527.0499877929688,527.0499877929688,527.0499877929688,527.0499877929688,433.0744934082031,0
2007-11-30,527.0499877929688,527.0499877929688,527.0499877929688,527.0499877929688,433.0744934082031,0
2007-12-03,527.0499877929688,527.0499877929688,527.0499877929688,527.0499877929688,433.0744934082031,0
2007-12-04,527.0499877929688,527.0499877929688,527.0499877929688,527.0499877929688,433.0744934082031,0
2007-12-05,527.0499877929688,527.0499877929688,527.0499877929688,527.0499877929688,433.0744934082031,0
2007-12-06,527.0499877929688,527.0499877929688,527.0499877929688,527.0499877929688,433.0744934082031,0
2007-12-07,527.0499877929688,527.0499877929688,527.0499877929688,527.0499877929688,433.0744934082031,0
2007-12-10,527.0499877929688,527.0499877929688,527.0499877929688,527.0499877929688,433.0744934082031,0
2007-12-11,527.0499877929688,527.0499877929688,527.0499877929688,527.0499877929688,433.0744934082031,0
2007-12-12,527.0499877929688,527.0499877929688,527.0499877929688,527.0499877929688,433.0744934082031,0
2007-12-13,527.0499877929688,527.0499877929688,527.0499877929688,527.0499877929688,433.0744934082031,0
2007-12-14,527.0499877929688,527.0499877929688,527.0499877929688,527.0499877929688,433.0744934082031,0
2007-12-17,527.0499877929688,527.0499877929688,527.0499877929688,527.0499877929688,433.0744934082031,0
2007-12-18,527.0499877929688,527.0499877929688,527.0499877929688,527.0499877929688,433.0744934082031,0
2007-12-19,527.0499877929688,527.0499877929688,527.0499877929688,527.0499877929688,433.0744934082031,0
2007-12-20,527.0499877929688,527.0499877929688,527.0499877929688,527.0499877929688,433.0744934082031,0
2007-12-24,527.0499877929688,527.0499877929688,527.0499877929688,527.0499877929688,433.0744934082031,0
2007-12-26,527.0499877929688,527.0499877929688,527.0499877929688,527.0499877929688,433.0744934082031,0
2007-12-27,527.0499877929688,527.0499877929688,527.0499877929688,527.0499877929688,433.0744934082031,0
2007-12-28,527.0499877929688,527.0499877929688,527.0499877929688,527.0499877929688,433.0744934082031,0
2007-12-31,527.0499877929688,527.0499877929688,527.0499877929688,527.0499877929688,433.0744934082031,0
2008-01-01,527.0499877929688,527.0499877929688,527.0499877929688,527.0499877929688,433.0744934082031,0
2008-01-02,527.0499877929688,527.0499877929688,527.0499877929688,527.0499877929688,433.0744934082031,0
2008-01-03,527.0499877929688,527.0499877929688,527.0499877929688,527.0499877929688,433.0744934082031,0
2008-01-04,527.0499877929688,527.0499877929688,527.0499877929688,527.0499877929688,433.0744934082031,0
2008-01-07,527.0499877929688,527.0499877929688,527.0499877929688,527.0499877929688,433.0744934082031,0
2008-01-08,527.0499877929688,527.0499877929688,527.0499877929688,527.0499877929688,433.0744934082031,0
2008-01-09,527.0499877929688,527.0499877929688,527.0499877929688,527.0499877929688,433.0744934082031,0
2008-01-10,527.0499877929688,527.0499877929688,527.0499877929688,527.0499877929688,433.0744934082031,0
2008-01-11,527.0499877929688,527.0499877929688,527.0499877929688,527.0499877929688,433.0744934082031,0
2008-01-14,527.0499877929688,527.0499877929688,527.0499877929688,527.0499877929688,433.0744934082031,0
2008-01-15,527.0499877929688,527.0499877929688,527.0499877929688,527.0499877929688,433.0744934082031,0
2008-01-16,527.0499877929688,527.0499877929688,527.0499877929688,527.0499877929688,433.0744934082031,0
2008-01-17,527.0499877929688,527.0499877929688,527.0499877929688,527.0499877929688,433.0744934082031,0
2008-01-18,527.0499877929688,527.0499877929688,527.0499877929688,527.0499877929688,433.0744934082031,0
2008-01-21,527.0499877929688,527.0499877929688,527.0499877929688,527.0499877929688,433.0744934082031,0
2008-01-22,527.0499877929688,527.0499877929688,527.0499877929688,527.0499877929688,433.0744934082031,0
2008-01-23,527.0499877929688,527.0499877929688,527.0499877929688,527.0499877929688,433.0744934082031,0
2008-01-24,527.0499877929688,527.0499877929688,527.0499877929688,527.0499877929688,433.0744934082031,0
2008-01-25,527.0499877929688,527.0499877929688,527.0499877929688,527.0499877929688,433.0744934082031,0
2008-01-28,527.0499877929688,527.0499877929688,527.0499877929688,527.0499877929688,433.0744934082031,0
2008-01-29,527.0499877929688,527.0499877929688,527.0499877929688,527.0499877929688,433.0744934082031,0
2008-01-30,527.0499877929688,527.0499877929688,527.0499877929688,527.0499877929688,433.0744934082031,0
2008-01-31,527.0499877929688,527.0499877929688,527.0499877929688,527.0499877929688,433.0744934082031,0
2008-02-01,527.0499877929688,527.0499877929688,527.0499877929688,527.0499877929688,433.0744934082031,0
2008-02-04,527.0499877929688,527.0499877929688,527.0499877929688,527.0499877929688,433.0744934082031,0
2008-02-05,527.0499877929688,527.0499877929688,527.0499877929688,527.0499877929688,433.0744934082031,0
2008-02-06,527.0499877929688,527.0499877929688,527.0499877929688,527.0499877929688,433.0744934082031,0
2008-02-07,527.0499877929688,527.0499877929688,527.0499877929688,527.0499877929688,433.0744934082031,0
2008-02-08,527.0499877929688,527.0499877929688,527.0499877929688,527.0499877929688,433.0744934082031,0
2008-02-11,527.0499877929688,527.0499877929688,527.0499877929688,527.0499877929688,433.0744934082031,0
2008-02-12,527.0499877929688,527.0499877929688,527.0499877929688,527.0499877929688,433.0744934082031,0
2008-02-13,527.0499877929688,527.0499877929688,527.0499877929688,527.0499877929688,433.0744934082031,0
2008-02-14,527.0499877929688,527.0499877929688,527.0499877929688,527.0499877929688,433.0744934082031,0
2008-02-15,527.0499877929688,527.0499877929688,527.0499877929688,527.0499877929688,433.0744934082031,0
2008-02-18,527.0499877929688,527.0499877929688,527.0499877929688,527.0499877929688,433.0744934082031,0
2008-02-19,527.0499877929688,527.0499877929688,527.0499877929688,527.0499877929688,433.0744934082031,0
2008-02-20,527.0499877929688,527.0499877929688,527.0499877929688,527.0499877929688,433.0744934082031,0
2008-02-21,527.0499877929688,527.0499877929688,527.0499877929688,527.0499877929688,433.0744934082031,0
2008-02-22,527.0499877929688,527.0499877929688,527.0499877929688,527.0499877929688,433.0744934082031,0
2008-02-25,527.0499877929688,527.0499877929688,527.0499877929688,527.0499877929688,433.0744934082031,0
2008-02-26,527.0499877929688,527.0499877929688,527.0499877929688,527.0499877929688,433.0744934082031,0
2008-02-27,527.0499877929688,527.0499877929688,527.0499877929688,527.0499877929688,433.0744934082031,0
2008-02-28,527.0499877929688,527.0499877929688,527.0499877929688,527.0499877929688,433.0744934082031,0
2008-02-29,527.0499877929688,527.0499877929688,527.0499877929688,527.0499877929688,433.0744934082031,0
2008-03-03,527.0499877929688,527.0499877929688,527.0499877929688,527.0499877929688,433.0744934082031,0
2008-03-04,527.0499877929688,527.0499877929688,527.0499877929688,527.0499877929688,433.0744934082031,0
2008-03-05,527.0499877929688,527.0499877929688,527.0499877929688,527.0499877929688,433.0744934082031,0
2008-03-07,527.0499877929688,527.0499877929688,527.0499877929688,527.0499877929688,433.0744934082031,0
2008-03-10,527.0499877929688,527.0499877929688,527.0499877929688,527.0499877929688,433.0744934082031,0
2008-03-11,527.0499877929688,527.0499877929688,527.0499877929688,527.0499877929688,433.0744934082031,0
2008-03-12,527.0499877929688,527.0499877929688,527.0499877929688,527.0499877929688,433.0744934082031,0
2008-03-13,527.0499877929688,527.0499877929688,527.0499877929688,527.0499877929688,433.0744934082031,0
2008-03-14,527.0499877929688,527.0499877929688,527.0499877929688,527.0499877929688,433.0744934082031,0
2008-03-17,527.0499877929688,527.0499877929688,527.0499877929688,527.0499877929688,433.0744934082031,0
2008-03-18,527.0499877929688,527.0499877929688,527.0499877929688,527.0499877929688,433.0744934082031,0
2008-03-19,527.0499877929688,527.0499877929688,527.0499877929688,527.0499877929688,433.0744934082031,0
2008-03-24,527.0499877929688,527.0499877929688,527.0499877929688,527.0499877929688,433.0744934082031,0
2008-03-25,527.0499877929688,527.0499877929688,527.0499877929688,527.0499877929688,433.0744934082031,0
2008-03-26,527.0499877929688,527.0499877929688,527.0499877929688,527.0499877929688,433.0744934082031,0
2008-03-27,527.0499877929688,527.0499877929688,527.0499877929688,527.0499877929688,433.0744934082031,0
2008-03-28,527.0499877929688,527.0499877929688,527.0499877929688,527.0499877929688,433.0744934082031,0
2008-03-31,527.0499877929688,527.0499877929688,527.0499877929688,527.0499877929688,433.0744934082031,0
2008-04-01,527.0499877929688,527.0499877929688,527.0499877929688,527.0499877929688,433.0744934082031,0
2008-04-02,527.0499877929688,527.0499877929688,527.0499877929688,527.0499877929688,433.0744934082031,0
2008-04-03,527.0499877929688,527.0499877929688,527.0499877929688,527.0499877929688,433.0744934082031,0
2008-04-04,527.0499877929688,527.0499877929688,527.0499877929688,527.0499877929688,433.0744934082031,0
2008-04-07,527.0499877929688,527.0499877929688,527.0499877929688,527.0499877929688,433.0744934082031,0
2008-04-08,527.0499877929688,527.0499877929688,527.0499877929688,527.0499877929688,433.0744934082031,0
2008-04-09,527.0499877929688,527.0499877929688,527.0499877929688,527.0499877929688,433.0744934082031,0
2008-04-10,527.0499877929688,527.0499877929688,527.0499877929688,527.0499877929688,433.0744934082031,0
2008-04-11,527.0499877929688,527.0499877929688,527.0499877929688,527.0499877929688,433.0744934082031,0
2008-04-15,527.0499877929688,527.0499877929688,527.0499877929688,527.0499877929688,433.0744934082031,0
2008-04-16,527.0499877929688,527.0499877929688,527.0499877929688,527.0499877929688,433.0744934082031,0
2008-04-17,527.0499877929688,527.0499877929688,527.0499877929688,527.0499877929688,433.0744934082031,0
2008-04-21,527.0499877929688,527.0499877929688,527.0499877929688,527.0499877929688,433.0744934082031,0
2008-04-22,527.0499877929688,527.0499877929688,527.0499877929688,527.0499877929688,433.0744934082031,0
2008-04-23,527.0499877929688,527.0499877929688,527.0499877929688,527.0499877929688,433.0744934082031,0
2008-04-24,527.0499877929688,527.0499877929688,527.0499877929688,527.0499877929688,433.0744934082031,0
2008-04-25,527.0499877929688,527.0499877929688,527.0499877929688,527.0499877929688,433.0744934082031,0
2008-04-28,527.0499877929688,527.0499877929688,527.0499877929688,527.0499877929688,433.0744934082031,0
2008-04-29,527.0499877929688,527.0499877929688,527.0499877929688,527.0499877929688,433.0744934082031,0
2008-04-30,527.0499877929688,527.0499877929688,527.0499877929688,527.0499877929688,433.0744934082031,0
2008-05-02,527.0499877929688,527.0499877929688,527.0499877929688,527.0499877929688,433.0744934082031,0
2008-05-05,527.0499877929688,527.0499877929688,527.0499877929688,527.0499877929688,433.0744934082031,0
2008-05-06,527.0499877929688,527.0499877929688,527.0499877929688,527.0499877929688,433.0744934082031,0
2008-05-07,527.0499877929688,527.0499877929688,527.0499877929688,527.0499877929688,433.0744934082031,0
2008-05-08,527.0499877929688,527.0499877929688,527.0499877929688,527.0499877929688,433.0744934082031,0
2008-05-09,527.0499877929688,527.0499877929688,527.0499877929688,527.0499877929688,433.0744934082031,0
2008-05-12,527.0499877929688,527.0499877929688,527.0499877929688,527.0499877929688,433.0744934082031,0
2008-05-13,527.0499877929688,527.0499877929688,527.0499877929688,527.0499877929688,433.0744934082031,0
2008-05-14,527.0499877929688,527.0499877929688,527.0499877929688,527.0499877929688,433.0744934082031,0
2008-05-15,527.0499877929688,527.0499877929688,527.0499877929688,527.0499877929688,433.0744934082031,0
2008-05-16,527.0499877929688,527.0499877929688,527.0499877929688,527.0499877929688,433.0744934082031,0
2008-05-20,527.0499877929688,527.0499877929688,527.0499877929688,527.0499877929688,433.0744934082031,0
2008-05-21,527.0499877929688,527.0499877929688,527.0499877929688,527.0499877929688,433.0744934082031,0
2008-05-22,527.0499877929688,527.0499877929688,527.0499877929688,527.0499877929688,433.0744934082031,0
2008-05-23,527.0499877929688,527.0499877929688,527.0499877929688,527.0499877929688,433.0744934082031,0
2008-05-26,527.0499877929688,527.0499877929688,527.0499877929688,527.0499877929688,433.0744934082031,0
2008-05-27,527.0499877929688,527.0499877929688,527.0499877929688,527.0499877929688,433.0744934082031,0
2008-05-28,527.0499877929688,527.0499877929688,527.0499877929688,527.0499877929688,433.0744934082031,0
2008-05-29,527.0499877929688,527.0499877929688,527.0499877929688,527.0499877929688,433.0744934082031,0
2008-05-30,527.0499877929688,527.0499877929688,527.0499877929688,527.0499877929688,433.0744934082031,0
2008-06-02,527.0499877929688,527.0499877929688,527.0499877929688,527.0499877929688,433.0744934082031,0
2008-06-03,527.0499877929688,527.0499877929688,527.0499877929688,527.0499877929688,433.0744934082031,0
2008-06-04,527.0499877929688,527.0499877929688,527.0499877929688,527.0499877929688,433.0744934082031,0
2008-06-05,527.0499877929688,527.0499877929688,527.0499877929688,527.0499877929688,433.0744934082031,0
2008-06-06,527.0499877929688,527.0499877929688,527.0499877929688,527.0499877929688,433.0744934082031,0
2008-06-09,527.0499877929688,527.0499877929688,527.0499877929688,527.0499877929688,433.0744934082031,0
2008-06-10,527.0499877929688,527.0499877929688,527.0499877929688,527.0499877929688,433.0744934082031,0
2008-06-11,527.0499877929688,527.0499877929688,527.0499877929688,527.0499877929688,433.0744934082031,0
2008-06-12,527.0499877929688,527.0499877929688,527.0499877929688,527.0499877929688,433.0744934082031,0
2008-06-13,527.0499877929688,527.0499877929688,527.0499877929688,527.0499877929688,433.0744934082031,0
2008-06-16,527.0499877929688,527.0499877929688,527.0499877929688,527.0499877929688,433.0744934082031,0
2008-06-17,527.0499877929688,527.0499877929688,527.0499877929688,527.0499877929688,433.0744934082031,0
2008-06-18,527.0499877929688,527.0499877929688,527.0499877929688,527.0499877929688,433.0744934082031,0
2008-06-19,527.0499877929688,527.0499877929688,527.0499877929688,527.0499877929688,433.0744934082031,0
2008-06-20,527.0499877929688,527.0499877929688,527.0499877929688,527.0499877929688,433.0744934082031,0
2008-06-23,527.0499877929688,527.0499877929688,527.0499877929688,527.0499877929688,433.0744934082031,0
2008-06-24,527.0499877929688,527.0499877929688,527.0499877929688,527.0499877929688,433.0744934082031,0
2008-06-25,527.0499877929688,527.0499877929688,527.0499877929688,527.0499877929688,433.0744934082031,0
2008-06-26,527.0499877929688,527.0499877929688,527.0499877929688,527.0499877929688,433.0744934082031,0
2008-06-27,527.0499877929688,527.0499877929688,527.0499877929688,527.0499877929688,433.0744934082031,0
2008-06-30,527.0499877929688,527.0499877929688,527.0499877929688,527.0499877929688,433.0744934082031,0
2008-07-01,527.0499877929688,527.0499877929688,527.0499877929688,527.0499877929688,433.0744934082031,0
2008-07-02,527.0499877929688,527.0499877929688,527.0499877929688,527.0499877929688,433.0744934082031,0
2008-07-03,527.0499877929688,527.0499877929688,527.0499877929688,527.0499877929688,433.0744934082031,0
2008-07-04,527.0499877929688,527.0499877929688,527.0499877929688,527.0499877929688,433.0744934082031,0
2008-07-07,527.0499877929688,527.0499877929688,527.0499877929688,527.0499877929688,433.0744934082031,0
2008-07-08,527.0499877929688,527.0499877929688,527.0499877929688,527.0499877929688,433.0744934082031,0
2008-07-09,527.0499877929688,527.0499877929688,527.0499877929688,527.0499877929688,433.0744934082031,0
2008-07-10,527.0499877929688,527.0499877929688,527.0499877929688,527.0499877929688,433.0744934082031,0
2008-07-11,527.0499877929688,527.0499877929688,527.0499877929688,527.0499877929688,433.0744934082031,0
2008-07-14,527.0499877929688,527.0499877929688,527.0499877929688,527.0499877929688,433.0744934082031,0
2008-07-15,527.0499877929688,527.0499877929688,527.0499877929688,527.0499877929688,433.0744934082031,0
2008-07-16,527.0499877929688,527.0499877929688,527.0499877929688,527.0499877929688,433.0744934082031,0
2008-07-17,527.0499877929688,527.0499877929688,527.0499877929688,527.0499877929688,433.0744934082031,0
2008-07-18,527.0499877929688,527.0499877929688,527.0499877929688,527.0499877929688,433.0744934082031,0
2008-07-21,527.0499877929688,527.0499877929688,527.0499877929688,527.0499877929688,433.0744934082031,0
2008-07-22,527.0499877929688,527.0499877929688,527.0499877929688,527.0499877929688,433.0744934082031,0
2008-07-23,527.0499877929688,527.0499877929688,527.0499877929688,527.0499877929688,433.0744934082031,0
2008-07-24,527.0499877929688,527.0499877929688,527.0499877929688,527.0499877929688,433.0744934082031,0
2008-07-25,527.0499877929688,527.0499877929688,527.0499877929688,527.0499877929688,433.0744934082031,0
2008-07-28,527.0499877929688,527.0499877929688,527.0499877929688,527.0499877929688,433.0744934082031,0
2008-07-29,527.0499877929688,527.0499877929688,527.0499877929688,527.0499877929688,433.0744934082031,0
2008-07-30,527.0499877929688,527.0499877929688,527.0499877929688,527.0499877929688,433.0744934082031,0
2008-07-31,527.0499877929688,527.0499877929688,527.0499877929688,527.0499877929688,433.0744934082031,0
2008-08-01,527.0499877929688,527.0499877929688,527.0499877929688,527.0499877929688,433.0744934082031,0
2008-08-04,527.0499877929688,527.0499877929688,527.0499877929688,527.0499877929688,433.0744934082031,0
2008-08-05,527.0499877929688,527.0499877929688,527.0499877929688,527.0499877929688,433.0744934082031,0
2008-08-06,527.0499877929688,527.0499877929688,527.0499877929688,527.0499877929688,433.0744934082031,0
2008-08-07,527.0499877929688,527.0499877929688,527.0499877929688,527.0499877929688,433.0744934082031,0
2008-08-08,527.0499877929688,527.0499877929688,527.0499877929688,527.0499877929688,433.0744934082031,0
2008-08-11,527.0499877929688,527.0499877929688,527.0499877929688,527.0499877929688,433.0744934082031,0
2008-08-12,527.0499877929688,527.0499877929688,527.0499877929688,527.0499877929688,433.0744934082031,0
2008-08-13,527.0499877929688,527.0499877929688,527.0499877929688,527.0499877929688,433.0744934082031,0
2008-08-14,527.0499877929688,527.0499877929688,527.0499877929688,527.0499877929688,433.0744934082031,0
2008-08-18,527.0499877929688,527.0499877929688,527.0499877929688,527.0499877929688,433.0744934082031,0
2008-08-19,527.0499877929688,527.0499877929688,527.0499877929688,527.0499877929688,433.0744934082031,0
2008-08-20,527.0499877929688,527.0499877929688,527.0499877929688,527.0499877929688,433.0744934082031,0
2008-08-21,527.0499877929688,527.0499877929688,527.0499877929688,527.0499877929688,433.0744934082031,0
2008-08-22,527.0499877929688,527.0499877929688,527.0499877929688,527.0499877929688,433.0744934082031,0
2008-08-25,527.0499877929688,527.0499877929688,527.0499877929688,527.0499877929688,433.0744934082031,0
2008-08-26,527.0499877929688,527.0499877929688,527.0499877929688,527.0499877929688,433.0744934082031,0
2008-08-27,527.0499877929688,527.0499877929688,527.0499877929688,527.0499877929688,433.0744934082031,0
2008-08-28,527.0499877929688,527.0499877929688,527.0499877929688,527.0499877929688,433.0744934082031,0
2008-08-29,527.0499877929688,527.0499877929688,527.0499877929688,527.0499877929688,433.0744934082031,0
2008-09-01,527.0499877929688,527.0499877929688,527.0499877929688,527.0499877929688,433.0744934082031,0
2008-09-02,527.0499877929688,527.0499877929688,527.0499877929688,527.0499877929688,433.0744934082031,0
2008-09-04,527.0499877929688,527.0499877929688,527.0499877929688,527.0499877929688,433.0744934082031,0
2008-09-05,527.0499877929688,527.0499877929688,527.0499877929688,527.0499877929688,433.0744934082031,0
2008-09-08,527.0499877929688,527.0499877929688,527.0499877929688,527.0499877929688,433.0744934082031,0
2008-09-09,527.0499877929688,527.0499877929688,527.0499877929688,527.0499877929688,433.0744934082031,0
2008-09-10,527.0499877929688,527.0499877929688,527.0499877929688,527.0499877929688,433.0744934082031,0
2008-09-11,527.0499877929688,527.0499877929688,527.0499877929688,527.0499877929688,433.0744934082031,0
2008-09-12,527.0499877929688,527.0499877929688,527.0499877929688,527.0499877929688,433.0744934082031,0
2008-09-15,527.0499877929688,527.0499877929688,527.0499877929688,527.0499877929688,433.0744934082031,0
2008-09-16,527.0499877929688,527.0499877929688,527.0499877929688,527.0499877929688,433.0744934082031,0
2008-09-17,527.0499877929688,527.0499877929688,527.0499877929688,527.0499877929688,433.0744934082031,0
2008-09-18,527.0499877929688,527.0499877929688,527.0499877929688,527.0499877929688,433.0744934082031,0
2008-09-19,527.0499877929688,527.0499877929688,527.0499877929688,527.0499877929688,433.0744934082031,0
2008-09-22,527.0499877929688,527.0499877929688,527.0499877929688,527.0499877929688,433.0744934082031,0
2008-09-23,527.0499877929688,527.0499877929688,527.0499877929688,527.0499877929688,433.0744934082031,0
2008-09-24,527.0499877929688,527.0499877929688,527.0499877929688,527.0499877929688,433.0744934082031,0
2008-09-25,527.0499877929688,527.0499877929688,527.0499877929688,527.0499877929688,433.0744934082031,0
2008-09-26,527.0499877929688,527.0499877929688,527.0499877929688,527.0499877929688,433.0744934082031,0
2008-09-29,527.0499877929688,527.0499877929688,527.0499877929688,527.0499877929688,433.0744934082031,0
2008-09-30,527.0499877929688,527.0499877929688,527.0499877929688,527.0499877929688,433.0744934082031,0
2008-10-01,527.0499877929688,527.0499877929688,527.0499877929688,527.0499877929688,433.0744934082031,0
2008-10-03,527.0499877929688,527.0499877929688,527.0499877929688,527.0499877929688,433.0744934082031,0
2008-10-06,527.0499877929688,527.0499877929688,527.0499877929688,527.0499877929688,433.0744934082031,0
2008-10-07,527.0499877929688,527.0499877929688,527.0499877929688,527.0499877929688,433.0744934082031,0
2008-10-08,527.0499877929688,527.0499877929688,527.0499877929688,527.0499877929688,433.0744934082031,0
2008-10-10,527.0499877929688,527.0499877929688,527.0499877929688,527.0499877929688,433.0744934082031,0
2008-10-13,527.0499877929688,527.0499877929688,527.0499877929688,527.0499877929688,433.0744934082031,0
2008-10-14,527.0499877929688,527.0499877929688,527.0499877929688,527.0499877929688,433.0744934082031,0
2008-10-15,527.0499877929688,527.0499877929688,527.0499877929688,527.0499877929688,433.0744934082031,0
2008-10-16,527.0499877929688,527.0499877929688,527.0499877929688,527.0499877929688,433.0744934082031,0
2008-10-17,527.0499877929688,527.0499877929688,527.0499877929688,527.0499877929688,433.0744934082031,0
2008-10-20,527.0499877929688,527.0499877929688,527.0499877929688,527.0499877929688,433.0744934082031,0
2008-10-21,527.0499877929688,527.0499877929688,527.0499877929688,527.0499877929688,433.0744934082031,0
2008-10-22,527.0499877929688,527.0499877929688,527.0499877929688,527.0499877929688,433.0744934082031,0
2008-10-23,527.0499877929688,527.0499877929688,527.0499877929688,527.0499877929688,433.0744934082031,0
2008-10-24,527.0499877929688,527.0499877929688,527.0499877929688,527.0499877929688,433.0744934082031,0
2008-10-27,527.0499877929688,527.0499877929688,527.0499877929688,527.0499877929688,433.0744934082031,0
2008-10-29,527.0499877929688,527.0499877929688,527.0499877929688,527.0499877929688,433.0744934082031,0
2008-10-31,527.0499877929688,527.0499877929688,527.0499877929688,527.0499877929688,433.0744934082031,0
2008-11-03,527.0499877929688,527.0499877929688,527.0499877929688,527.0499877929688,433.0744934082031,0
2008-11-04,527.0499877929688,527.0499877929688,527.0499877929688,527.0499877929688,433.0744934082031,0
2008-11-05,527.0499877929688,527.0499877929688,527.0499877929688,527.0499877929688,433.0744934082031,0
2008-11-06,527.0499877929688,527.0499877929688,527.0499877929688,527.0499877929688,433.0744934082031,0
2008-11-07,527.0499877929688,527.0499877929688,527.0499877929688,527.0499877929688,433.0744934082031,0
2008-11-10,527.0499877929688,527.0499877929688,527.0499877929688,527.0499877929688,433.0744934082031,0
2008-11-11,527.0499877929688,527.0499877929688,527.0499877929688,527.0499877929688,433.0744934082031,0
2008-11-12,527.0499877929688,527.0499877929688,527.0499877929688,527.0499877929688,433.0744934082031,0
2008-11-14,527.0499877929688,527.0499877929688,527.0499877929688,527.0499877929688,433.3829345703125,0
2008-11-17,527.0499877929688,527.0499877929688,527.0499877929688,527.0499877929688,433.3829345703125,0
2008-11-18,527.0499877929688,527.0499877929688,527.0499877929688,527.0499877929688,433.3829345703125,0
2008-11-19,527.0499877929688,527.0499877929688,527.0499877929688,527.0499877929688,433.3829345703125,0
2008-11-20,527.0499877929688,527.0499877929688,527.0499877929688,527.0499877929688,433.3829345703125,0
2008-11-21,527.0499877929688,527.0499877929688,527.0499877929688,527.0499877929688,433.3829345703125,0
2008-11-24,527.0499877929688,527.0499877929688,527.0499877929688,527.0499877929688,433.3829345703125,0
2008-11-25,527.0499877929688,527.0499877929688,527.0499877929688,527.0499877929688,433.3829345703125,0
2008-11-26,527.0499877929688,527.0499877929688,527.0499877929688,527.0499877929688,433.3829345703125,0
2008-11-27,527.0499877929688,527.0499877929688,527.0499877929688,527.0499877929688,433.3829345703125,0
2008-11-28,527.0499877929688,527.0499877929688,527.0499877929688,527.0499877929688,433.3829345703125,0
2008-12-01,527.0499877929688,527.0499877929688,527.0499877929688,527.0499877929688,433.3829345703125,0
2008-12-02,527.0499877929688,527.0499877929688,527.0499877929688,527.0499877929688,433.3829345703125,0
2008-12-03,527.0499877929688,527.0499877929688,527.0499877929688,527.0499877929688,433.3829345703125,0
2008-12-04,527.0499877929688,527.0499877929688,527.0499877929688,527.0499877929688,433.3829345703125,0
2008-12-05,527.0499877929688,527.0499877929688,527.0499877929688,527.0499877929688,433.3829345703125,0
2008-12-08,527.0499877929688,527.0499877929688,527.0499877929688,527.0499877929688,433.3829345703125,0
2008-12-10,527.0499877929688,527.0499877929688,527.0499877929688,527.0499877929688,433.3829345703125,0
2008-12-11,527.0499877929688,527.0499877929688,527.0499877929688,527.0499877929688,433.3829345703125,0
2008-12-12,527.0499877929688,527.0499877929688,527.0499877929688,527.0499877929688,433.3829345703125,0
2008-12-15,527.0499877929688,527.0499877929688,527.0499877929688,527.0499877929688,433.3829345703125,0
2008-12-16,527.0499877929688,527.0499877929688,527.0499877929688,527.0499877929688,433.3829345703125,0
2008-12-17,527.0499877929688,527.0499877929688,527.0499877929688,527.0499877929688,433.3829345703125,0
2008-12-18,527.0499877929688,527.0499877929688,527.0499877929688,527.0499877929688,433.3829345703125,0
2008-12-19,527.0499877929688,527.0499877929688,527.0499877929688,527.0499877929688,433.3829345703125,0
2008-12-22,527.0499877929688,527.0499877929688,527.0499877929688,527.0499877929688,433.3829345703125,0
2008-12-23,527.0499877929688,527.0499877929688,527.0499877929688,527.0499877929688,433.3829345703125,0
2008-12-24,527.0499877929688,527.0499877929688,527.0499877929688,527.0499877929688,433.3829345703125,0
2008-12-26,527.0499877929688,527.0499877929688,527.0499877929688,527.0499877929688,433.3829345703125,0
2008-12-29,527.0499877929688,527.0499877929688,527.0499877929688,527.0499877929688,433.3829345703125,0
2008-12-30,527.0499877929688,527.0499877929688,527.0499877929688,527.0499877929688,433.3829345703125,0
2008-12-31,527.0499877929688,527.0499877929688,527.0499877929688,527.0499877929688,433.3829345703125,0
2009-01-02,527.0499877929688,527.0499877929688,527.0499877929688,527.0499877929688,433.3829345703125,0
2009-01-05,527.0499877929688,527.0499877929688,527.0499877929688,527.0499877929688,433.3829345703125,0
2009-01-06,527.0499877929688,527.0499877929688,527.0499877929688,527.0499877929688,433.3829345703125,0
2009-01-07,527.0499877929688,527.0499877929688,527.0499877929688,527.0499877929688,433.3829345703125,0
2009-01-09,527.0499877929688,527.0499877929688,527.0499877929688,527.0499877929688,433.3829345703125,0
2009-01-12,527.0499877929688,527.0499877929688,527.0499877929688,527.0499877929688,433.3829345703125,0
2009-01-13,527.0499877929688,527.0499877929688,527.0499877929688,527.0499877929688,433.3829345703125,0
2009-01-14,527.0499877929688,527.0499877929688,527.0499877929688,527.0499877929688,433.3829345703125,0
2009-01-15,527.0499877929688,527.0499877929688,527.0499877929688,527.0499877929688,433.3829345703125,0
2009-01-16,527.0499877929688,527.0499877929688,527.0499877929688,527.0499877929688,433.3829345703125,0
2009-01-19,527.0499877929688,527.0499877929688,527.0499877929688,527.0499877929688,433.3829345703125,0
2009-01-20,527.0499877929688,527.0499877929688,527.0499877929688,527.0499877929688,433.3829345703125,0
2009-01-21,527.0499877929688,527.0499877929688,527.0499877929688,527.0499877929688,433.3829345703125,0
2009-01-22,527.0499877929688,527.0499877929688,527.0499877929688,527.0499877929688,433.3829345703125,0
2009-01-23,527.0499877929688,527.0499877929688,527.0499877929688,527.0499877929688,433.3829345703125,0
2009-01-27,527.0499877929688,527.0499877929688,527.0499877929688,527.0499877929688,433.3829345703125,0
2009-01-28,527.0499877929688,527.0499877929688,527.0499877929688,527.0499877929688,433.3829345703125,0
2009-01-29,527.0499877929688,527.0499877929688,527.0499877929688,527.0499877929688,433.3829345703125,0
2009-01-30,527.0499877929688,527.0499877929688,527.0499877929688,527.0499877929688,433.3829345703125,0
2009-02-02,527.0499877929688,527.0499877929688,527.0499877929688,527.0499877929688,433.3829345703125,0
2009-02-03,527.0499877929688,527.0499877929688,527.0499877929688,527.0499877929688,433.3829345703125,0
2009-02-04,527.0499877929688,527.0499877929688,527.0499877929688,527.0499877929688,433.3829345703125,0
2009-02-05,527.0499877929688,527.0499877929688,527.0499877929688,527.0499877929688,433.3829345703125,0
2009-02-06,527.0499877929688,527.0499877929688,527.0499877929688,527.0499877929688,433.3829345703125,0
2009-02-09,527.0499877929688,527.0499877929688,527.0499877929688,527.0499877929688,433.3829345703125,0
2009-02-10,527.0499877929688,527.0499877929688,527.0499877929688,527.0499877929688,433.3829345703125,0
2009-02-11,527.0499877929688,527.0499877929688,527.0499877929688,527.0499877929688,433.3829345703125,0
2009-02-12,527.0499877929688,527.0499877929688,527.0499877929688,527.0499877929688,433.3829345703125,0
2009-02-13,527.0499877929688,527.0499877929688,527.0499877929688,527.0499877929688,433.3829345703125,0
2009-02-16,527.0499877929688,527.0499877929688,527.0499877929688,527.0499877929688,433.3829345703125,0
2009-02-17,527.0499877929688,527.0499877929688,527.0499877929688,527.0499877929688,433.3829345703125,0
2009-02-18,527.0499877929688,527.0499877929688,527.0499877929688,527.0499877929688,433.3829345703125,0
2009-02-19,527.0499877929688,527.0499877929688,527.0499877929688,527.0499877929688,433.3829345703125,0
2009-02-20,527.0499877929688,527.0499877929688,527.0499877929688,527.0499877929688,433.3829345703125,0
2009-02-24,527.0499877929688,527.0499877929688,527.0499877929688,527.0499877929688,433.3829345703125,0
2009-02-25,527.0499877929688,527.0499877929688,527.0499877929688,527.0499877929688,433.3829345703125,0
2009-02-26,527.0499877929688,527.0499877929688,527.0499877929688,527.0499877929688,433.3829345703125,0
2009-02-27,527.0499877929688,527.0499877929688,527.0499877929688,527.0499877929688,433.3829345703125,0
2009-03-02,527.0499877929688,527.0499877929688,527.0499877929688,527.0499877929688,433.3829345703125,0
2009-03-03,527.0499877929688,527.0499877929688,527.0499877929688,527.0499877929688,433.3829345703125,0
2009-03-04,527.0499877929688,527.0499877929688,527.0499877929688,527.0499877929688,433.3829345703125,0
2009-03-05,527.0499877929688,527.0499877929688,527.0499877929688,527.0499877929688,433.3829345703125,0
2009-03-06,527.0499877929688,527.0499877929688,527.0499877929688,527.0499877929688,433.3829345703125,0
2009-03-09,527.0499877929688,527.0499877929688,527.0499877929688,527.0499877929688,433.3829345703125,0
2009-03-12,527.0499877929688,527.0499877929688,527.0499877929688,527.0499877929688,433.3829345703125,0
2009-03-13,527.0499877929688,527.0499877929688,527.0499877929688,527.0499877929688,433.3829345703125,0
2009-03-16,527.0499877929688,527.0499877929688,527.0499877929688,527.0499877929688,433.3829345703125,0
2009-03-17,527.0499877929688,527.0499877929688,527.0499877929688,527.0499877929688,433.3829345703125,0
2009-03-18,527.0499877929688,527.0499877929688,527.0499877929688,527.0499877929688,433.3829345703125,0
2009-03-19,527.0499877929688,527.0499877929688,527.0499877929688,527.0499877929688,433.3829345703125,0
2009-03-20,527.0499877929688,527.0499877929688,527.0499877929688,527.0499877929688,433.3829345703125,0
2009-03-23,527.0499877929688,527.0499877929688,527.0499877929688,527.0499877929688,433.3829345703125,0
2009-03-24,527.0499877929688,527.0499877929688,527.0499877929688,527.0499877929688,433.3829345703125,0
2009-03-25,527.0499877929688,527.0499877929688,527.0499877929688,527.0499877929688,433.3829345703125,0
2009-03-26,527.0499877929688,527.0499877929688,527.0499877929688,527.0499877929688,433.3829345703125,0
2009-03-27,527.0499877929688,527.0499877929688,527.0499877929688,527.0499877929688,433.3829345703125,0
2009-03-30,527.0499877929688,527.0499877929688,527.0499877929688,527.0499877929688,433.3829345703125,0
2009-03-31,527.0499877929688,527.0499877929688,527.0499877929688,527.0499877929688,433.3829345703125,0
2009-04-01,527.0499877929688,527.0499877929688,527.0499877929688,527.0499877929688,433.3829345703125,0
2009-04-02,527.0499877929688,527.0499877929688,527.0499877929688,527.0499877929688,433.3829345703125,0
2009-04-06,527.0499877929688,527.0499877929688,527.0499877929688,527.0499877929688,433.3829345703125,0
2009-04-08,527.0499877929688,527.0499877929688,527.0499877929688,527.0499877929688,433.3829345703125,0
2009-04-09,527.0499877929688,527.0499877929688,527.0499877929688,527.0499877929688,433.3829345703125,0
2009-04-13,527.0499877929688,527.0499877929688,527.0499877929688,527.0499877929688,433.3829345703125,0
2009-04-15,527.0499877929688,527.0499877929688,527.0499877929688,527.0499877929688,433.3829345703125,0
2009-04-16,527.0499877929688,527.0499877929688,527.0499877929688,527.0499877929688,433.3829345703125,0
2009-04-17,527.0499877929688,527.0499877929688,527.0499877929688,527.0499877929688,433.3829345703125,0
2009-04-20,527.0499877929688,527.0499877929688,527.0499877929688,527.0499877929688,433.3829345703125,0
2009-04-21,527.0499877929688,527.0499877929688,527.0499877929688,527.0499877929688,433.3829345703125,0
2009-04-22,527.0499877929688,527.0499877929688,527.0499877929688,527.0499877929688,433.3829345703125,0
2009-04-23,527.0499877929688,527.0499877929688,527.0499877929688,527.0499877929688,433.3829345703125,0
2009-04-24,527.0499877929688,527.0499877929688,527.0499877929688,527.0499877929688,433.3829345703125,0
2009-04-27,527.0499877929688,527.0499877929688,527.0499877929688,527.0499877929688,433.3829345703125,0
2009-04-28,527.0499877929688,527.0499877929688,527.0499877929688,527.0499877929688,433.3829345703125,0
2009-04-29,527.0499877929688,527.0499877929688,527.0499877929688,527.0499877929688,433.3829345703125,0
2009-04-30,527.0499877929688,527.0499877929688,527.0499877929688,527.0499877929688,433.3829345703125,0
2009-05-04,527.0499877929688,527.0499877929688,527.0499877929688,527.0499877929688,433.3829345703125,0
2009-05-05,527.0499877929688,527.0499877929688,527.0499877929688,527.0499877929688,433.3829345703125,0
2009-05-06,527.0499877929688,527.0499877929688,527.0499877929688,527.0499877929688,433.3829345703125,0
2009-05-07,527.0499877929688,527.0499877929688,527.0499877929688,527.0499877929688,433.3829345703125,0
2009-05-08,527.0499877929688,527.0499877929688,527.0499877929688,527.0499877929688,433.3829345703125,0
2009-05-11,527.0499877929688,527.0499877929688,527.0499877929688,527.0499877929688,433.3829345703125,0
2009-05-12,527.0499877929688,527.0499877929688,527.0499877929688,527.0499877929688,433.3829345703125,0
2009-05-13,527.0499877929688,527.0499877929688,527.0499877929688,527.0499877929688,433.3829345703125,0
2009-05-14,527.0499877929688,527.0499877929688,527.0499877929688,527.0499877929688,433.3829345703125,0
2009-05-15,527.0499877929688,527.0499877929688,527.0499877929688,527.0499877929688,433.3829345703125,0
2009-05-18,527.0499877929688,527.0499877929688,527.0499877929688,527.0499877929688,433.3829345703125,0
2009-05-19,527.0499877929688,527.0499877929688,527.0499877929688,527.0499877929688,433.3829345703125,0
2009-05-20,527.0499877929688,527.0499877929688,527.0499877929688,527.0499877929688,433.3829345703125,0
2009-05-21,527.0499877929688,527.0499877929688,527.0499877929688,527.0499877929688,433.3829345703125,0
2009-05-22,527.0499877929688,527.0499877929688,527.0499877929688,527.0499877929688,433.3829345703125,0
2009-05-25,527.0499877929688,527.0499877929688,527.0499877929688,527.0499877929688,433.3829345703125,0
2009-05-26,527.0499877929688,527.0499877929688,527.0499877929688,527.0499877929688,433.3829345703125,0
2009-05-27,527.0499877929688,527.0499877929688,527.0499877929688,527.0499877929688,433.3829345703125,0
2009-05-28,527.0499877929688,527.0499877929688,527.0499877929688,527.0499877929688,433.3829345703125,0
2009-05-29,527.0499877929688,527.0499877929688,527.0499877929688,527.0499877929688,433.3829345703125,0
2009-06-01,527.0499877929688,527.0499877929688,527.0499877929688,527.0499877929688,433.3829345703125,0
2009-06-02,527.0499877929688,527.0499877929688,527.0499877929688,527.0499877929688,433.3829345703125,0
2009-06-03,527.0499877929688,527.0499877929688,527.0499877929688,527.0499877929688,433.3829345703125,0
2009-06-04,527.0499877929688,527.0499877929688,527.0499877929688,527.0499877929688,433.3829345703125,0
2009-06-05,527.0499877929688,527.0499877929688,527.0499877929688,527.0499877929688,433.3829345703125,0
2009-06-08,527.0499877929688,527.0499877929688,527.0499877929688,527.0499877929688,433.3829345703125,0
2009-06-09,527.0499877929688,527.0499877929688,527.0499877929688,527.0499877929688,433.3829345703125,0
2009-06-10,527.0499877929688,527.0499877929688,527.0499877929688,527.0499877929688,433.3829345703125,0
2009-06-11,527.0499877929688,527.0499877929688,527.0499877929688,527.0499877929688,433.3829345703125,0
2009-06-12,527.0499877929688,527.0499877929688,527.0499877929688,527.0499877929688,433.3829345703125,0
2009-06-15,527.0499877929688,527.0499877929688,527.0499877929688,527.0499877929688,433.3829345703125,0
2009-06-16,527.0499877929688,527.0499877929688,527.0499877929688,527.0499877929688,433.3829345703125,0
2009-06-17,527.0499877929688,527.0499877929688,527.0499877929688,527.0499877929688,433.3829345703125,0
2009-06-18,527.0499877929688,527.0499877929688,527.0499877929688,527.0499877929688,433.3829345703125,0
2009-06-19,527.0499877929688,527.0499877929688,527.0499877929688,527.0499877929688,433.3829345703125,0
2009-06-22,527.0499877929688,527.0499877929688,527.0499877929688,527.0499877929688,433.3829345703125,0
2009-06-23,527.0499877929688,527.0499877929688,527.0499877929688,527.0499877929688,433.3829345703125,0
2009-06-24,527.0499877929688,527.0499877929688,527.0499877929688,527.0499877929688,433.3829345703125,0
2009-06-25,527.0499877929688,527.0499877929688,527.0499877929688,527.0499877929688,433.3829345703125,0
2009-06-26,527.0499877929688,527.0499877929688,527.0499877929688,527.0499877929688,433.3829345703125,0
2009-06-29,527.0499877929688,527.0499877929688,527.0499877929688,527.0499877929688,433.3829345703125,0
2009-06-30,527.0499877929688,527.0499877929688,527.0499877929688,527.0499877929688,433.3829345703125,0
2009-07-01,527.0499877929688,527.0499877929688,527.0499877929688,527.0499877929688,433.3829345703125,0
2009-07-02,527.0499877929688,527.0499877929688,527.0499877929688,527.0499877929688,433.3829345703125,0
2009-07-03,527.0499877929688,527.0499877929688,527.0499877929688,527.0499877929688,433.3829345703125,0
2009-07-06,527.0499877929688,527.0499877929688,527.0499877929688,527.0499877929688,433.3829345703125,0
2009-07-07,527.0499877929688,527.0499877929688,527.0499877929688,527.0499877929688,433.3829345703125,0
2009-07-08,527.0499877929688,527.0499877929688,527.0499877929688,527.0499877929688,433.3829345703125,0
2009-07-09,527.0499877929688,527.0499877929688,527.0499877929688,527.0499877929688,433.3829345703125,0
2009-07-10,527.0499877929688,527.0499877929688,527.0499877929688,527.0499877929688,433.3829345703125,0
2009-07-13,527.0499877929688,527.0499877929688,527.0499877929688,527.0499877929688,433.3829345703125,0
2009-07-14,527.0499877929688,527.0499877929688,527.0499877929688,527.0499877929688,433.3829345703125,0
2009-07-15,527.0499877929688,527.0499877929688,527.0499877929688,527.0499877929688,433.3829345703125,0
2009-07-16,527.0499877929688,527.0499877929688,527.0499877929688,527.0499877929688,433.3829345703125,0
2009-07-17,527.0499877929688,527.0499877929688,527.0499877929688,527.0499877929688,433.3829345703125,0
2009-07-20,527.0499877929688,527.0499877929688,527.0499877929688,527.0499877929688,433.3829345703125,0
2009-07-21,527.0499877929688,527.0499877929688,527.0499877929688,527.0499877929688,433.3829345703125,0
2009-07-22,527.0499877929688,527.0499877929688,527.0499877929688,527.0499877929688,433.3829345703125,0
2009-07-23,527.0499877929688,527.0499877929688,527.0499877929688,527.0499877929688,433.3829345703125,0
2009-07-24,527.0499877929688,527.0499877929688,527.0499877929688,527.0499877929688,433.3829345703125,0
2009-07-27,527.0499877929688,527.0499877929688,527.0499877929688,527.0499877929688,433.3829345703125,0
2009-07-28,527.0499877929688,527.0499877929688,527.0499877929688,527.0499877929688,433.3829345703125,0
2009-07-29,527.0499877929688,527.0499877929688,527.0499877929688,527.0499877929688,433.3829345703125,0
2009-07-30,527.0499877929688,527.0499877929688,527.0499877929688,527.0499877929688,433.3829345703125,0
2009-07-31,527.0499877929688,527.0499877929688,527.0499877929688,527.0499877929688,433.3829345703125,0
2009-08-03,527.0499877929688,527.0499877929688,527.0499877929688,527.0499877929688,433.3829345703125,0
2009-08-04,527.0499877929688,527.0499877929688,527.0499877929688,527.0499877929688,433.3829345703125,0
2009-08-05,527.0499877929688,527.0499877929688,527.0499877929688,527.0499877929688,433.3829345703125,0
2009-08-06,527.0499877929688,527.0499877929688,527.0499877929688,527.0499877929688,433.3829345703125,0
2009-08-07,527.0499877929688,527.0499877929688,527.0499877929688,527.0499877929688,433.3829345703125,0
2009-08-10,527.0499877929688,527.0499877929688,527.0499877929688,527.0499877929688,433.3829345703125,0
2009-08-11,527.0499877929688,527.0499877929688,527.0499877929688,527.0499877929688,433.3829345703125,0
2009-08-12,527.0499877929688,527.0499877929688,527.0499877929688,527.0499877929688,433.3829345703125,0
2009-08-13,527.0499877929688,527.0499877929688,527.0499877929688,527.0499877929688,433.3829345703125,0
2009-08-14,527.0499877929688,527.0499877929688,527.0499877929688,527.0499877929688,433.3829345703125,0
2009-08-17,527.0499877929688,527.0499877929688,527.0499877929688,527.0499877929688,433.3829345703125,0
2009-08-18,527.0499877929688,527.0499877929688,527.0499877929688,527.0499877929688,433.3829345703125,0
2009-08-19,527.0499877929688,527.0499877929688,527.0499877929688,527.0499877929688,433.3829345703125,0
2009-08-20,527.0499877929688,527.0499877929688,527.0499877929688,527.0499877929688,433.3829345703125,0
2009-08-21,527.0499877929688,527.0499877929688,527.0499877929688,527.0499877929688,433.3829345703125,0
2009-08-24,527.0499877929688,527.0499877929688,527.0499877929688,527.0499877929688,433.3829345703125,0
2009-08-25,527.0499877929688,527.0499877929688,527.0499877929688,527.0499877929688,433.3829345703125,0
2009-08-26,527.0499877929688,527.0499877929688,527.0499877929688,527.0499877929688,433.3829345703125,0
2009-08-27,527.0499877929688,527.0499877929688,527.0499877929688,527.0499877929688,433.3829345703125,0
2009-08-28,527.0499877929688,527.0499877929688,527.0499877929688,527.0499877929688,433.3829345703125,0
2009-08-31,527.0499877929688,527.0499877929688,527.0499877929688,527.0499877929688,433.3829345703125,0
2009-09-01,527.0499877929688,527.0499877929688,527.0499877929688,527.0499877929688,433.3829345703125,0
2009-09-02,527.0499877929688,527.0499877929688,527.0499877929688,527.0499877929688,433.3829345703125,0
2009-09-03,527.0499877929688,527.0499877929688,527.0499877929688,527.0499877929688,433.3829345703125,0
2009-09-04,527.0499877929688,527.0499877929688,527.0499877929688,527.0499877929688,433.3829345703125,0
2009-09-07,527.0499877929688,527.0499877929688,527.0499877929688,527.0499877929688,433.3829345703125,0
2009-09-08,527.0499877929688,527.0499877929688,527.0499877929688,527.0499877929688,433.3829345703125,0
2009-09-09,527.0499877929688,527.0499877929688,527.0499877929688,527.0499877929688,433.3829345703125,0
2009-09-10,527.0499877929688,527.0499877929688,527.0499877929688,527.0499877929688,433.3829345703125,0
2009-09-11,527.0499877929688,527.0499877929688,527.0499877929688,527.0499877929688,433.3829345703125,0
2009-09-14,527.0499877929688,527.0499877929688,527.0499877929688,527.0499877929688,433.3829345703125,0
2009-09-15,527.0499877929688,527.0499877929688,527.0499877929688,527.0499877929688,433.3829345703125,0
2009-09-16,527.0499877929688,527.0499877929688,527.0499877929688,527.0499877929688,433.3829345703125,0
2009-09-17,527.0499877929688,527.0499877929688,527.0499877929688,527.0499877929688,433.3829345703125,0
2009-09-18,527.0499877929688,527.0499877929688,527.0499877929688,527.0499877929688,433.3829345703125,0
2009-09-22,527.0499877929688,527.0499877929688,527.0499877929688,527.0499877929688,433.3829345703125,0
2009-09-23,527.0499877929688,527.0499877929688,527.0499877929688,527.0499877929688,433.3829345703125,0
2009-09-24,527.0499877929688,527.0499877929688,527.0499877929688,527.0499877929688,433.3829345703125,0
2009-09-25,527.0499877929688,527.0499877929688,527.0499877929688,527.0499877929688,433.3829345703125,0
2009-09-29,527.0499877929688,527.0499877929688,527.0499877929688,527.0499877929688,433.3829345703125,0
2009-09-30,527.0499877929688,527.0499877929688,527.0499877929688,527.0499877929688,433.3829345703125,0
2009-10-01,527.0499877929688,527.0499877929688,527.0499877929688,527.0499877929688,433.3829345703125,0
2009-10-05,527.0499877929688,527.0499877929688,527.0499877929688,527.0499877929688,433.3829345703125,0
2009-10-06,527.0499877929688,527.0499877929688,527.0499877929688,527.0499877929688,433.3829345703125,0
2009-10-07,527.0499877929688,527.0499877929688,527.0499877929688,527.0499877929688,433.3829345703125,0
2009-10-08,527.0499877929688,527.0499877929688,527.0499877929688,527.0499877929688,433.3829345703125,0
2009-10-09,527.0499877929688,527.0499877929688,527.0499877929688,527.0499877929688,433.3829345703125,0
2009-10-12,527.0499877929688,527.0499877929688,527.0499877929688,527.0499877929688,433.3829345703125,0
2009-10-13,527.0499877929688,527.0499877929688,527.0499877929688,527.0499877929688,433.3829345703125,0
2009-10-14,527.0499877929688,527.0499877929688,527.0499877929688,527.0499877929688,433.3829345703125,0
2009-10-15,527.0499877929688,527.0499877929688,527.0499877929688,527.0499877929688,433.3829345703125,0
2009-10-16,527.0499877929688,527.0499877929688,527.0499877929688,527.0499877929688,433.3829345703125,0
2009-10-20,527.0499877929688,527.0499877929688,527.0499877929688,527.0499877929688,433.3829345703125,0
2009-10-21,527.0499877929688,527.0499877929688,527.0499877929688,527.0499877929688,433.3829345703125,0
2009-10-22,527.0499877929688,527.0499877929688,527.0499877929688,527.0499877929688,433.3829345703125,0
2009-10-23,527.0499877929688,527.0499877929688,527.0499877929688,527.0499877929688,433.3829345703125,0
2009-10-26,527.0499877929688,527.0499877929688,527.0499877929688,527.0499877929688,433.3829345703125,0
2009-10-27,527.0499877929688,527.0499877929688,527.0499877929688,527.0499877929688,433.3829345703125,0
2009-10-28,527.0499877929688,527.0499877929688,527.0499877929688,527.0499877929688,433.3829345703125,0
2009-10-29,527.0499877929688,527.0499877929688,527.0499877929688,527.0499877929688,433.3829345703125,0
2009-10-30,527.0499877929688,527.0499877929688,527.0499877929688,527.0499877929688,433.3829345703125,0
2009-11-03,527.0499877929688,527.0499877929688,527.0499877929688,527.0499877929688,433.3829345703125,0
2009-11-04,527.0499877929688,527.0499877929688,527.0499877929688,527.0499877929688,433.3829345703125,0
2009-11-05,527.0499877929688,527.0499877929688,527.0499877929688,527.0499877929688,433.3829345703125,0
2009-11-06,527.0499877929688,527.0499877929688,527.0499877929688,527.0499877929688,433.3829345703125,0
2009-11-09,527.0499877929688,527.0499877929688,527.0499877929688,527.0499877929688,433.3829345703125,0
2009-11-10,527.0499877929688,527.0499877929688,527.0499877929688,527.0499877929688,433.3829345703125,0
2009-11-11,527.0499877929688,527.0499877929688,527.0499877929688,527.0499877929688,433.3829345703125,0
2009-11-12,527.0499877929688,527.0499877929688,527.0499877929688,527.0499877929688,433.3829345703125,0
2009-11-13,527.0499877929688,527.0499877929688,527.0499877929688,527.0499877929688,433.3829345703125,0
2009-11-16,527.0499877929688,527.0499877929688,527.0499877929688,527.0499877929688,433.3829345703125,0
2009-11-17,527.0499877929688,527.0499877929688,527.0499877929688,527.0499877929688,433.3829345703125,0
2009-11-18,527.0499877929688,527.0499877929688,527.0499877929688,527.0499877929688,433.3829345703125,0
2009-11-19,527.0499877929688,527.0499877929688,527.0499877929688,527.0499877929688,433.3829345703125,0
2009-11-20,527.0499877929688,527.0499877929688,527.0499877929688,527.0499877929688,433.3829345703125,0
2009-11-23,527.0499877929688,527.0499877929688,527.0499877929688,527.0499877929688,433.3829345703125,0
2009-11-24,527.0499877929688,527.0499877929688,527.0499877929688,527.0499877929688,433.3829345703125,0
2009-11-25,527.0499877929688,527.0499877929688,527.0499877929688,527.0499877929688,433.3829345703125,0
2009-11-26,527.0499877929688,527.0499877929688,527.0499877929688,527.0499877929688,433.3829345703125,0
2009-11-27,527.0499877929688,527.0499877929688,527.0499877929688,527.0499877929688,433.3829345703125,0
2009-11-30,527.0499877929688,527.0499877929688,527.0499877929688,527.0499877929688,433.3829345703125,0
2009-12-01,527.0499877929688,527.0499877929688,527.0499877929688,527.0499877929688,433.3829345703125,0
2009-12-02,527.0499877929688,527.0499877929688,527.0499877929688,527.0499877929688,433.3829345703125,0
2009-12-03,527.0499877929688,527.0499877929688,527.0499877929688,527.0499877929688,433.3829345703125,0
2009-12-04,527.0499877929688,527.0499877929688,527.0499877929688,527.0499877929688,433.3829345703125,0
2009-12-07,527.0499877929688,527.0499877929688,527.0499877929688,527.0499877929688,433.3829345703125,0
2009-12-08,527.0499877929688,527.0499877929688,527.0499877929688,527.0499877929688,433.3829345703125,0
2009-12-09,527.0499877929688,527.0499877929688,527.0499877929688,527.0499877929688,433.3829345703125,0
2009-12-10,527.0499877929688,527.0499877929688,527.0499877929688,527.0499877929688,433.3829345703125,0
2009-12-11,527.0499877929688,527.0499877929688,527.0499877929688,527.0499877929688,433.3829345703125,0
2009-12-14,527.0499877929688,527.0499877929688,527.0499877929688,527.0499877929688,433.3829345703125,0
2009-12-15,527.0499877929688,527.0499877929688,527.0499877929688,527.0499877929688,433.3829345703125,0
2009-12-16,527.0499877929688,527.0499877929688,527.0499877929688,527.0499877929688,433.3829345703125,0
2009-12-17,527.0499877929688,527.0499877929688,527.0499877929688,527.0499877929688,433.3829345703125,0
2009-12-18,527.0499877929688,527.0499877929688,527.0499877929688,527.0499877929688,433.3829345703125,0
2009-12-21,527.0499877929688,527.0499877929688,527.0499877929688,527.0499877929688,433.3829345703125,0
2009-12-22,527.0499877929688,527.0499877929688,527.0499877929688,527.0499877929688,433.3829345703125,0
2009-12-23,527.0499877929688,527.0499877929688,527.0499877929688,527.0499877929688,433.3829345703125,0
2009-12-24,527.0499877929688,527.0499877929688,527.0499877929688,527.0499877929688,433.3829345703125,0
2009-12-29,527.0499877929688,527.0499877929688,527.0499877929688,527.0499877929688,433.3829345703125,0
2009-12-30,527.0499877929688,527.0499877929688,527.0499877929688,527.0499877929688,433.3829345703125,0
2009-12-31,527.0499877929688,527.0499877929688,527.0499877929688,527.0499877929688,433.3829345703125,0
2010-01-04,527.0499877929688,527.0499877929688,527.0499877929688,527.0499877929688,433.3829345703125,0
2010-01-05,527.0499877929688,527.0499877929688,527.0499877929688,527.0499877929688,433.3829345703125,0
2010-01-06,527.0499877929688,527.0499877929688,527.0499877929688,527.0499877929688,433.3829345703125,0
2010-01-07,527.0499877929688,527.0499877929688,527.0499877929688,527.0499877929688,433.3829345703125,0
2010-01-08,127.75,128.75,123.76000213623047,124.73249816894531,102.5650863647461,12960
2010-01-11,120.05000305175781,125.75,120.0,124.94750213623047,102.7419204711914,16500
2010-01-12,127.0,127.0,123.56749725341797,125.14250183105469,102.90226745605469,1366920
2010-01-13,125.14250183105469,127.0,124.0,124.46749877929688,102.34718322753906,20640
2010-01-14,126.75,129.75,123.5,128.41000366210938,105.58905029296875,6607220
2010-01-15,129.0,129.0,125.00250244140625,125.67500305175781,103.3401107788086,164580
2010-01-18,128.6999969482422,128.6999969482422,125.69999694824219,126.80750274658203,104.27132415771484,17660
2010-01-19,128.35000610351562,128.5,126.55000305175781,127.80500030517578,105.091552734375,13760
2010-01-20,127.5,128.75,127.0,127.125,104.53240203857422,12820
2010-01-21,126.99500274658203,128.4499969482422,124.99500274658203,126.30999755859375,103.86225891113281,16620
2010-01-22,125.0,126.5,123.9000015258789,126.44999694824219,103.97740173339844,13620
2010-01-25,133.2675018310547,133.2675018310547,125.5,126.11250305175781,103.69983673095703,39100
2010-01-27,128.5,128.7449951171875,124.93000030517578,128.34500122070312,105.53556823730469,106040
2010-01-28,128.39999389648438,130.5,126.7750015258789,129.34249877929688,106.3558349609375,20960
2010-01-29,126.30000305175781,129.0,126.30000305175781,126.6500015258789,104.14183807373047,15740
2010-02-01,129.99749755859375,129.99749755859375,125.75499725341797,126.61000061035156,104.10894775390625,12280
2010-02-02,129.9550018310547,129.9550018310547,127.0,128.0050048828125,105.25602722167969,16620
2010-02-03,129.39999389648438,130.0,127.80000305175781,128.22999572753906,105.44104766845703,173620
2010-02-04,127.4000015258789,129.19000244140625,127.4000015258789,128.41749572753906,105.59521484375,8840
2010-02-05,129.10000610351562,129.10000610351562,122.0999984741211,127.45500183105469,104.80376434326172,33020
2010-02-08,128.5,133.60000610351562,128.5,132.27499389648438,108.76712799072266,163620
2010-02-09,130.0050048828125,141.1999969482422,130.0050048828125,139.6300048828125,114.81504821777344,177220
2010-02-10,140.10000610351562,162.1999969482422,136.92999267578125,137.50999450683594,113.07180786132812,893980
2010-02-11,140.9499969482422,140.9499969482422,136.30499267578125,136.8625030517578,112.53936767578125,637620
2010-02-15,140.75,140.75,130.6999969482422,135.96249389648438,111.79930877685547,90080
2010-02-16,139.60000610351562,140.73500061035156,134.8524932861328,135.09249877929688,111.08391571044922,122400
2010-02-17,135.25750732421875,137.14999389648438,134.07000732421875,134.4375,110.54532623291016,199620
2010-02-18,134.4375,135.5,132.25,132.5749969482422,109.01383972167969,44060
2010-02-19,132.5,134.25,131.39999389648438,132.00750732421875,108.54721069335938,149900
2010-02-22,131.25250244140625,132.4499969482422,128.0,129.2449951171875,106.27565002441406,296400
2010-02-23,128.5,129.5,127.55000305175781,127.61000061035156,104.93123626708984,61400
2010-02-24,127.5,129.5,127.0,128.73500061035156,105.85630798339844,198360
2010-02-25,129.0,130.0,127.6050033569336,127.9800033569336,105.2354736328125,85280
2010-02-26,126.30500030517578,132.5,126.30500030517578,131.34500122070312,108.0024642944336,84780
2010-03-02,131.0,132.25,130.0,131.2725067138672,107.94284057617188,66860
2010-03-03,131.5,132.0,130.2324981689453,131.45750427246094,108.0949478149414,46780
2010-03-04,130.5,132.5,130.5,131.6999969482422,108.29434204101562,95920
2010-03-05,133.5,135.99000549316406,133.5,135.0574951171875,111.0551528930664,287840
2010-03-08,136.5,137.5,134.6125030517578,136.29750061035156,112.07476043701172,195340
2010-03-09,135.0,137.5500030517578,135.0,137.25999450683594,112.86619567871094,84240
2010-03-10,136.0500030517578,138.25,136.0500030517578,136.99749755859375,112.65040588378906,167720
2010-03-11,136.25,137.0,134.75,136.6374969482422,112.35435485839844,554240
2010-03-12,141.25,141.25,134.5,135.7725067138672,111.6430892944336,397440
2010-03-15,136.5500030517578,137.85000610351562,135.2050018310547,137.24000549316406,112.84977722167969,59600
2010-03-16,136.77999877929688,136.8000030517578,133.0,133.61749267578125,109.8710708618164,184320
2010-03-17,134.5,134.5,132.75,133.92750549316406,110.12600708007812,42980
2010-03-18,134.89999389648438,134.89999389648438,132.90249633789062,133.40249633789062,109.69429779052734,129700
2010-03-19,134.4875030517578,134.4875030517578,131.0500030517578,132.3175048828125,108.8021011352539,223340
2010-03-22,132.5,132.99000549316406,130.5749969482422,131.73500061035156,108.3231201171875,437700
2010-03-23,132.05999755859375,133.0500030517578,131.75,132.6925048828125,109.11048126220703,59800
2010-03-25,133.0,133.25,130.5,132.41749572753906,108.88433837890625,161360
2010-03-26,131.60499572753906,135.99749755859375,131.60499572753906,134.3699951171875,110.48983764648438,458000
2010-03-29,133.5,140.0,132.14999389648438,135.64500427246094,111.53826904296875,154600
2010-03-30,135.5500030517578,136.5,132.15499877929688,133.53250122070312,109.80121612548828,184700
2010-03-31,137.5,137.5500030517578,130.0,133.52999877929688,109.79912567138672,339280
2010-04-01,133.28250122070312,136.75,131.75,135.47500610351562,111.39845275878906,406680
2010-04-05,137.5,137.5,134.9550018310547,135.9550018310547,111.79315185546875,261540
2010-04-06,135.7550048828125,141.5500030517578,135.25,138.00750732421875,113.48090362548828,656920
2010-04-07,137.5,138.5,135.61000061035156,137.5574951171875,113.11084747314453,73140
2010-04-08,135.8000030517578,137.5,133.75250244140625,135.92750549316406,111.77054595947266,2172060
2010-04-09,134.76499938964844,136.24000549316406,134.5500030517578,135.04750061035156,111.04693603515625,64960
2010-04-12,136.38250732421875,136.5,132.9600067138672,134.74249267578125,110.7961196899414,101800
2010-04-13,134.0,136.25,133.0,135.7274932861328,111.60606384277344,162700
2010-04-15,136.125,138.0,134.0500030517578,137.3874969482422,112.97103118896484,93440
2010-04-16,136.0,138.75,135.5500030517578,137.3574981689453,112.9464111328125,93620
2010-04-19,137.25,140.4949951171875,135.66250610351562,138.04750061035156,113.51377868652344,152120
2010-04-20,137.0050048828125,140.4250030517578,137.0050048828125,138.66250610351562,114.01947021484375,754640
2010-04-21,137.5500030517578,142.0,137.5500030517578,140.64999389648438,115.65372467041016,186880
2010-04-22,142.5,149.6999969482422,138.10000610351562,143.8699951171875,118.30149841308594,821760
2010-04-23,114.75,142.5,114.75,136.10499572753906,112.75904083251953,1708280
2010-04-26,135.05999755859375,139.0,135.0399932861328,137.77999877929688,114.14671325683594,484780
2010-04-27,138.5,139.89999389648438,137.5,139.6824951171875,115.722900390625,407460
2010-04-28,137.7550048828125,140.25,137.7550048828125,139.9774932861328,115.96730041503906,2077280
2010-04-29,139.9774932861328,140.5,138.5124969482422,139.4824981689453,115.55718231201172,63720
2010-04-30,141.0,141.0,137.5500030517578,138.15499877929688,114.45738983154297,1417640
2010-05-03,136.75,139.3000030517578,136.75,137.53250122070312,113.94168853759766,1637540
2010-05-04,137.5,138.75,136.14999389648438,137.5675048828125,113.97063446044922,93480
2010-05-05,136.1999969482422,138.5,136.1999969482422,137.71499633789062,114.09284973144531,282480
2010-05-06,137.05499267578125,137.9949951171875,137.0050048828125,137.7100067138672,114.08875274658203,71320
2010-05-07,137.0500030517578,138.74749755859375,136.00750732421875,136.57749938964844,113.15046691894531,751580
2010-05-10,138.47999572753906,141.74749755859375,136.28500366210938,139.7274932861328,115.7601547241211,3546780
2010-05-11,139.83999633789062,139.83999633789062,137.25,137.3800048828125,113.81536865234375,47520
2010-05-12,135.5,139.75,135.5,139.5225067138672,115.59037017822266,46300
2010-05-13,140.0,141.5,138.08999633789062,139.5225067138672,115.59037017822266,155100
2010-05-14,138.14999389648438,140.97000122070312,138.14999389648438,140.3300018310547,116.2593002319336,140600
2010-05-17,141.44749450683594,143.0,139.5,142.6475067138672,118.17930603027344,104100
2010-05-18,143.31500244140625,147.88999938964844,142.5,147.42999267578125,122.14148712158203,239500
2010-05-19,145.75,148.22500610351562,144.85000610351562,147.28250122070312,122.0192642211914,222080
2010-05-20,145.26499938964844,147.25,142.5,144.6925048828125,119.87352752685547,461660
2010-05-21,144.0,146.1999969482422,133.5050048828125,139.40499877929688,115.49295043945312,565120
2010-05-24,142.39999389648438,146.75,140.10000610351562,145.16000366210938,120.26089477539062,156180
2010-05-25,143.60000610351562,145.0,137.5500030517578,138.85499572753906,115.03730773925781,106580
2010-05-26,141.10000610351562,141.25,139.7550048828125,140.49749755859375,116.39808654785156,246240
2010-05-27,141.1999969482422,142.5,138.10499572753906,141.8175048828125,117.49171447753906,51380
2010-05-28,142.4499969482422,144.5,142.14999389648438,143.03250122070312,118.49822998046875,213560
2010-05-31,143.5,147.0,142.5,143.9600067138672,119.2667007446289,166360
2010-06-01,146.5,146.5,142.22000122070312,142.77000427246094,118.28079223632812,161560
2010-06-02,144.2899932861328,145.5500030517578,139.5,141.8800048828125,117.54346466064453,3314780
2010-06-03,147.39999389648438,147.39999389648438,140.0,140.35499572753906,116.2800521850586,199520
2010-06-04,140.5,142.0,139.75,140.51499938964844,116.41262817382812,159440
2010-06-07,140.51499938964844,141.99000549316406,138.75,139.83999633789062,115.85338592529297,90980
2010-06-08,140.21499633789062,142.25,140.0,141.0625,116.86617279052734,2426600
2010-06-09,141.75,143.4499969482422,139.65249633789062,143.09249877929688,118.54795837402344,93340
2010-06-10,141.35000610351562,145.0,141.35000610351562,144.60499572753906,119.80101776123047,55320
2010-06-11,145.33999633789062,145.33999633789062,143.55499267578125,144.88499450683594,120.03302001953125,178160
2010-06-14,146.25,146.25,143.75,145.22999572753906,120.31880187988281,40800
2010-06-15,144.35000610351562,145.75,144.35000610351562,145.4199981689453,120.47622680664062,41380
2010-06-16,146.4149932861328,146.9149932861328,145.3000030517578,146.4324951171875,121.3150863647461,54180
2010-06-17,146.25,146.25,144.50250244140625,145.8125,120.80144500732422,44280
2010-06-18,146.38250732421875,149.1649932861328,145.22999572753906,147.59500122070312,122.27816772460938,128580
2010-06-21,147.25,153.1999969482422,147.15249633789062,149.83999633789062,124.1380615234375,253220
2010-06-22,143.6300048828125,148.64999389648438,143.6300048828125,145.59249877929688,120.61912536621094,165200
2010-06-23,145.64999389648438,149.0225067138672,144.25,144.9600067138672,120.09513854980469,734260
2010-06-24,147.25,147.5,145.3524932861328,146.97000122070312,121.76033020019531,124320
2010-06-25,145.50250244140625,147.3975067138672,145.25,145.37750244140625,120.44103240966797,41800
2010-06-28,147.4499969482422,147.4499969482422,144.25,145.3699951171875,120.43480682373047,113440
2010-06-29,145.35000610351562,145.75,144.39999389648438,144.8925018310547,120.0392074584961,396160
2010-06-30,144.85000610351562,147.49749755859375,142.6374969482422,143.9774932861328,119.28117370605469,2305580
2010-07-01,144.75,148.73500061035156,144.6999969482422,147.14500427246094,121.90535736083984,157080
2010-07-02,147.14999389648438,149.5,145.25,148.9250030517578,123.3800277709961,129480
2010-07-05,147.8000030517578,156.25,147.5,154.24000549316406,127.78336334228516,481560
2010-07-06,154.25,155.99749755859375,153.60000610351562,154.55250549316406,128.04225158691406,334500
2010-07-07,154.49000549316406,154.49000549316406,151.0500030517578,151.69749450683594,125.67695617675781,74680
2010-07-08,153.3000030517578,154.60000610351562,152.0500030517578,152.38499450683594,126.24655151367188,116900
2010-07-09,153.72500610351562,153.73500061035156,148.8800048828125,149.1999969482422,123.60787200927734,223760
2010-07-12,165.0,165.0,149.0,149.7449951171875,124.05941009521484,58520
2010-07-13,149.7449951171875,151.9499969482422,148.10000610351562,149.25250244140625,123.65135955810547,213020
2010-07-14,147.64999389648438,151.0,147.64999389648438,149.4774932861328,123.83770751953125,147180
2010-07-15,150.1475067138672,150.1475067138672,148.0,148.8625030517578,123.32826232910156,83120
2010-07-16,148.89999389648438,153.35000610351562,148.25,151.14500427246094,125.21925354003906,534120
2010-07-19,154.25,154.25,149.35499572753906,149.6074981689453,123.9454574584961,186320
2010-07-20,150.8000030517578,150.8000030517578,149.25,149.9875030517578,124.2602767944336,59720
2010-07-21,149.25,150.9824981689453,147.25,147.55499267578125,122.24501037597656,155320
2010-07-22,149.3800048828125,149.3800048828125,147.10000610351562,147.4949951171875,122.19535064697266,69320
2010-07-23,148.4499969482422,148.80250549316406,147.0,147.6374969482422,122.31336975097656,133280
2010-07-26,147.1999969482422,151.24249267578125,146.5500030517578,150.3800048828125,124.5854263305664,157860
2010-07-27,149.0500030517578,150.25,147.75,149.63250732421875,123.9662094116211,91080
2010-07-28,150.0,150.0500030517578,147.5,148.05499267578125,122.6593017578125,96100
2010-07-29,151.37750244140625,151.37750244140625,147.5,148.27499389648438,122.84154510498047,102880
2010-07-30,148.5,151.6649932861328,148.02499389648438,151.03250122070312,125.12603759765625,309600
2010-08-02,152.0,152.0,150.36000061035156,151.13999938964844,125.21508026123047,73420
2010-08-03,152.0,154.25,147.8300018310547,148.1475067138672,122.73590850830078,173080
2010-08-04,149.9949951171875,151.0,145.0,145.35499572753906,120.42240905761719,251220
2010-08-05,146.5,147.0,138.25,139.9149932861328,115.91551208496094,718420
2010-08-06,140.8000030517578,141.5,137.5050048828125,138.4949951171875,114.73906707763672,1710480
2010-08-09,138.75,141.5,138.49749755859375,139.5399932861328,115.6048355102539,437440
2010-08-10,140.09750366210938,142.0,139.59249877929688,140.93499755859375,116.76052856445312,210800
2010-08-11,141.27749633789062,142.60000610351562,138.77749633789062,141.40499877929688,117.1499252319336,341160
2010-08-12,141.9949951171875,142.3000030517578,140.0,141.5399932861328,117.26176452636719,861280
2010-08-13,140.5,142.0,139.60000610351562,140.02000427246094,116.00250244140625,1217060
2010-08-16,138.61749267578125,141.39500427246094,137.5,138.19749450683594,114.49263000488281,228720
2010-08-17,137.76499938964844,139.125,135.0500030517578,136.3574981689453,112.96820831298828,563860
2010-08-18,136.89999389648438,139.75,136.51499938964844,137.66749572753906,114.05352783203125,325900
2010-08-19,137.7550048828125,141.65249633789062,137.7550048828125,140.8249969482422,116.6694107055664,212820
2010-08-20,138.8000030517578,145.75,138.8000030517578,143.99749755859375,119.2977523803711,2461020
2010-08-23,142.5500030517578,146.39999389648438,142.5500030517578,145.51499938964844,120.55492401123047,3550420
2010-08-24,145.49749755859375,149.5,145.10000610351562,147.3524932861328,122.07725524902344,138980
2010-08-25,145.8000030517578,150.0,143.25,148.34750366210938,122.90158081054688,279100
2010-08-26,149.1999969482422,155.0,149.0500030517578,153.8800048828125,127.48507690429688,1691820
2010-08-27,154.35000610351562,154.94000244140625,152.5500030517578,153.0850067138672,126.82647705078125,897280
2010-08-30,154.99749755859375,160.0,153.2550048828125,155.33999633789062,128.69464111328125,492100
2010-08-31,155.0,155.0,150.75,153.94000244140625,127.53477478027344,577720
2010-09-01,154.0,156.0,152.5,153.4550018310547,127.13299560546875,626220
2010-09-02,156.0,161.85000610351562,152.50250244140625,156.4774932861328,129.6370391845703,9484900
2010-09-03,157.0,159.6999969482422,156.25,158.91250610351562,131.65435791015625,283520
2010-09-06,159.5,162.5,159.0,160.3800048828125,132.87014770507812,557460
2010-09-07,160.35000610351562,161.24749755859375,159.5500030517578,160.21499633789062,132.7334442138672,190140
2010-09-08,160.25,162.37750244140625,159.0,160.45249938964844,132.93023681640625,271480
2010-09-09,160.0,160.0,156.66250610351562,158.50250244140625,131.31466674804688,4118260
2010-09-13,159.5,160.13999938964844,157.75250244140625,159.13499450683594,131.8386993408203,134420
2010-09-14,159.4949951171875,161.5,157.7624969482422,160.19500732421875,132.7169189453125,239900
2010-09-15,161.0574951171875,161.0574951171875,157.35000610351562,157.84500122070312,130.76998901367188,486460
2010-09-16,158.25,162.9499969482422,157.0500030517578,159.53750610351562,132.17218017578125,446060
2010-09-17,159.0,165.0,158.10000610351562,163.1649932861328,135.1774444580078,2665320
2010-09-20,163.25,165.5,160.27749633789062,163.47999572753906,135.43836975097656,766440
2010-09-21,163.47999572753906,166.6999969482422,163.0,165.42750549316406,137.0519256591797,355940
2010-09-22,163.5,165.69749450683594,161.39999389648438,164.75,136.49058532714844,384640
2010-09-23,165.25,165.5,162.25,162.88250732421875,134.9434356689453,226100
2010-09-24,162.88250732421875,166.22999572753906,162.88250732421875,165.66250610351562,137.24661254882812,1863160
2010-09-27,165.85000610351562,168.5500030517578,163.5,166.89999389648438,138.2717742919922,282920
2010-09-28,167.60000610351562,167.60000610351562,165.80999755859375,167.45249938964844,138.72952270507812,277140
2010-09-29,166.30250549316406,167.5500030517578,165.0500030517578,167.0399932861328,138.38783264160156,202320
2010-09-30,166.64500427246094,169.9499969482422,163.53250122070312,169.1074981689453,140.10060119628906,290780
2010-10-01,167.5500030517578,168.5,167.0500030517578,168.02499389648438,139.20384216308594,73560
2010-10-04,169.0,169.2449951171875,165.0050048828125,165.59500122070312,137.1906280517578,189900
2010-10-05,165.59500122070312,165.59500122070312,162.78500366210938,163.47250366210938,135.4322509765625,193320
2010-10-06,164.00750732421875,164.00750732421875,159.05499267578125,159.8800048828125,132.45591735839844,257680
2010-10-07,159.8800048828125,163.75250244140625,159.5,160.49249267578125,132.96334838867188,313740
2010-10-08,161.0,163.4499969482422,159.8249969482422,162.5675048828125,134.68247985839844,2228200
2010-10-11,161.1999969482422,163.1999969482422,160.3000030517578,160.9824981689453,133.36927795410156,86220
2010-10-12,161.2449951171875,166.5,159.60000610351562,164.95249938964844,136.6583251953125,254340
2010-10-13,164.9499969482422,166.25,163.8524932861328,165.24000549316406,136.89654541015625,8823580
2010-10-14,165.0,166.64999389648438,162.5500030517578,163.07249450683594,135.100830078125,294580
2010-10-15,162.60499572753906,164.24749755859375,158.5,159.89999389648438,132.47250366210938,131360
2010-10-18,159.10000610351562,160.77999877929688,156.25,160.40249633789062,132.88877868652344,328780
2010-10-19,159.44500732421875,169.5,158.9949951171875,165.7274932861328,137.3004150390625,1074920
2010-10-20,164.0,166.63999938964844,163.0,165.60499572753906,137.19894409179688,186780
2010-10-21,165.0500030517578,171.0749969482422,165.0500030517578,170.2624969482422,141.05751037597656,293060
2010-10-22,170.5,171.25,169.64999389648438,170.1925048828125,140.99957275390625,197700
2010-10-25,170.9499969482422,174.14999389648438,170.9499969482422,172.13499450683594,142.60885620117188,192140
2010-10-26,172.3975067138672,174.25,169.60000610351562,172.46499633789062,142.8822479248047,361700
2010-10-27,172.94500732421875,174.99249267578125,169.0,169.9324951171875,140.7841339111328,367080
2010-10-28,171.5,173.8249969482422,170.75999450683594,173.15750122070312,143.4559783935547,1047960
2010-10-29,173.25,177.0,170.75,174.22250366210938,144.3382568359375,560820
2010-11-01,174.22250366210938,179.5,172.0,177.52000427246094,147.07017517089844,487360
2010-11-02,177.49749755859375,179.86500549316406,176.0749969482422,177.6300048828125,147.16128540039062,446420
2010-11-03,177.6750030517578,181.25,177.50750732421875,180.49749755859375,150.68211364746094,323040
2010-11-04,180.39999389648438,184.14999389648438,180.0,182.46249389648438,152.32254028320312,202080
2010-11-08,180.0,191.89999389648438,180.0,186.60000610351562,155.77659606933594,460580
2010-11-09,187.10000610351562,211.1999969482422,187.10000610351562,200.11749267578125,167.06121826171875,4241400
2010-11-10,202.5,202.5,191.25,192.92999267578125,161.06094360351562,949200
2010-11-11,193.375,196.0,188.75,190.00999450683594,158.62332153320312,3787920
2010-11-12,190.10000610351562,192.5,190.0,191.50750732421875,159.87344360351562,234600
2010-11-15,192.5,198.93499755859375,190.05250549316406,195.0800018310547,162.85580444335938,380480
2010-11-16,197.5,197.5,191.7550048828125,194.8300018310547,162.64712524414062,344380
2010-11-18,196.98500061035156,196.98500061035156,185.25,188.11500549316406,157.0413360595703,721420
2010-11-19,190.5,190.75,180.0,181.24249267578125,151.30406188964844,662620
2010-11-22,182.39999389648438,188.5,182.14999389648438,185.39500427246094,154.7706298828125,267120
2010-11-23,185.0,187.25,180.49749755859375,184.54750061035156,154.06314086914062,512160
2010-11-24,184.55250549316406,191.0500030517578,184.55250549316406,189.63999938964844,158.314453125,269420
2010-11-25,190.0,193.5,184.5,188.0574951171875,156.99331665039062,174280
2010-11-26,186.25,189.9949951171875,175.0500030517578,178.0749969482422,148.65975952148438,2375200
2010-11-29,180.0,183.9499969482422,175.05250549316406,178.3125,148.8580322265625,416320
2010-11-30,176.5500030517578,182.5,176.5500030517578,181.2675018310547,151.3249053955078,949460
2010-12-01,181.2675018310547,184.5,177.5,178.40249633789062,148.9331512451172,248180
2010-12-02,180.4499969482422,184.0,179.9949951171875,182.30999755859375,152.19522094726562,1741060
2010-12-03,182.25,185.92250061035156,182.25,183.55499267578125,153.23452758789062,459040
2010-12-06,184.9949951171875,188.35000610351562,183.75,187.28500366210938,156.34840393066406,456160
2010-12-07,187.10000610351562,188.38999938964844,185.3524932861328,186.9824981689453,156.09591674804688,255040
2010-12-08,187.25,188.99749755859375,185.1125030517578,187.0749969482422,156.17312622070312,280160
2010-12-09,188.4499969482422,188.94500732421875,184.30999755859375,185.9149932861328,155.20474243164062,168740
2010-12-10,185.5500030517578,190.30499267578125,183.5050048828125,189.2899932861328,158.022216796875,148340
2010-12-13,192.0,196.0,189.0,194.28750610351562,162.19422912597656,335700
2010-12-14,192.45249938964844,194.9499969482422,188.75,188.9949951171875,157.77597045898438,228020
2010-12-15,189.9499969482422,191.6999969482422,178.2624969482422,180.74249267578125,150.88662719726562,693580
2010-12-16,184.75,184.75,177.4499969482422,178.3300018310547,148.87266540527344,540940
2010-12-20,178.3300018310547,180.75,177.60000610351562,178.3925018310547,148.9247589111328,363080
2010-12-21,179.85000610351562,181.3925018310547,179.10000610351562,180.53250122070312,150.71133422851562,122620
2010-12-22,179.3800048828125,184.9499969482422,178.25,183.4324951171875,153.13229370117188,129620
2010-12-23,180.8000030517578,184.5,180.8000030517578,183.99000549316406,153.59774780273438,51160
2010-12-24,181.3000030517578,184.47500610351562,180.30999755859375,183.8175048828125,153.45370483398438,93160
2010-12-27,183.85000610351562,184.94749450683594,182.6125030517578,184.32000732421875,153.8732147216797,63020
2010-12-28,183.8249969482422,184.25,183.0,183.19749450683594,152.93614196777344,166000
2010-12-29,184.0,184.5,182.5,183.18499755859375,152.92568969726562,80920
2010-12-30,184.1925048828125,187.7449951171875,183.0,187.07749938964844,156.17523193359375,100880
2010-12-31,187.9499969482422,192.9499969482422,186.55999755859375,190.6875,159.18887329101562,205480
2011-01-03,191.93499755859375,193.0500030517578,190.0,191.79249572753906,160.11135864257812,105120
2011-01-04,191.75,194.9949951171875,190.0,194.5800018310547,162.43841552734375,438320
2011-01-05,193.6999969482422,196.74749755859375,192.8249969482422,195.04750061035156,162.8286895751953,647620
2011-01-06,195.0,197.4499969482422,190.25,191.69000244140625,160.0257568359375,336580
2011-01-07,190.5,193.5,188.60000610351562,189.49749755859375,158.1954803466797,617080
2011-01-10,189.4499969482422,190.9949951171875,188.5500030517578,189.47500610351562,158.1766357421875,177880
2011-01-11,189.0,195.89999389648438,188.5,190.5500030517578,159.0741424560547,468320
2011-01-12,191.47500610351562,194.8000030517578,189.5,190.52000427246094,159.049072265625,336040
2011-01-13,191.4949951171875,192.9949951171875,185.5399932861328,188.1199951171875,157.0455322265625,445820
2011-01-14,188.9499969482422,189.49749755859375,184.0,186.27499389648438,155.50527954101562,154160
2011-01-17,186.9499969482422,188.14999389648438,182.60499572753906,184.2324981689453,153.80015563964844,186860
2011-01-18,184.64999389648438,185.85000610351562,181.75,182.4550018310547,152.3162384033203,189780
2011-01-19,182.60000610351562,183.3000030517578,181.85000610351562,182.53250122070312,152.38095092773438,106260
2011-01-20,182.9949951171875,185.42750549316406,182.3000030517578,184.19000244140625,153.76466369628906,269760
2011-01-21,184.0,185.0,179.5749969482422,180.5175018310547,150.6988525390625,174180
2011-01-24,179.4499969482422,184.25,170.85000610351562,183.2324981689453,152.96534729003906,217000
2011-01-25,182.75250244140625,185.3000030517578,180.6199951171875,181.6074981689453,151.60877990722656,116460
2011-01-27,183.4499969482422,183.4499969482422,176.50999450683594,177.47250366210938,148.1567840576172,243340
2011-01-28,177.5,177.9949951171875,173.1999969482422,174.6300048828125,145.78384399414062,371020
2011-01-31,174.85000610351562,174.85000610351562,165.55999755859375,166.37750244140625,138.89451599121094,696480
2011-02-01,166.85000610351562,169.23500061035156,158.25999450683594,162.04249572753906,135.27561950683594,550500
2011-02-02,163.24749755859375,164.2050018310547,161.8000030517578,162.84750366210938,135.9476318359375,1253220
2011-02-03,162.5,163.0,158.58999633789062,162.55999755859375,135.70765686035156,399920
2011-02-04,164.99749755859375,166.25,160.0500030517578,162.36500549316406,135.54486083984375,300700
2011-02-07,161.5,166.88999938964844,160.0,166.3000030517578,138.829833984375,229580
2011-02-08,166.35000610351562,167.3925018310547,162.60000610351562,163.33999633789062,136.35874938964844,116640
2011-02-09,162.5,163.35000610351562,158.9250030517578,160.04249572753906,133.60598754882812,466220
2011-02-10,160.04249572753906,162.0,158.1125030517578,160.78250122070312,134.22377014160156,109880
2011-02-11,160.0,167.0,159.5500030517578,160.90249633789062,134.32388305664062,649740
2011-02-14,164.0,169.9499969482422,164.0,169.04750061035156,141.12347412109375,169640
2011-02-15,171.0,174.0,169.04750061035156,169.6074981689453,141.5909881591797,121820
2011-02-16,170.0,170.7624969482422,168.65750122070312,169.55250549316406,141.5451202392578,7935800
2011-02-17,170.0,172.75,168.5,172.10499572753906,143.67593383789062,170560
2011-02-18,174.0,176.89999389648438,172.0,172.52749633789062,144.02865600585938,461560
2011-02-21,175.0,182.5,170.0,173.1475067138672,144.54623413085938,786540
2011-02-22,172.94749450683594,174.75,171.35000610351562,172.7449951171875,144.21023559570312,271260
2011-02-23,173.4499969482422,174.5,172.0500030517578,173.9875030517578,145.24745178222656,111800
2011-02-24,173.88499450683594,173.88499450683594,172.0,172.39999389648438,143.92218017578125,96300
2011-02-25,172.8000030517578,177.75,172.40750122070312,177.01499938964844,147.77490234375,436520
2011-02-28,179.9949951171875,179.9949951171875,175.78750610351562,177.43499755859375,148.1254119873047,162460
2011-03-01,178.14999389648438,180.14999389648438,177.05250549316406,178.63499450683594,149.1272735595703,130480
2011-03-03,178.63499450683594,180.75,177.5500030517578,178.9324951171875,149.3756103515625,201860
2011-03-04,181.0,184.25,178.75,183.51499938964844,153.201171875,337900
2011-03-07,182.5,188.94749450683594,178.11749267578125,187.4375,156.47573852539062,781920
2011-03-08,187.39999389648438,191.75,187.39999389648438,190.23500061035156,158.81109619140625,1273020
2011-03-09,189.5,199.8000030517578,187.5749969482422,198.2324981689453,165.4875946044922,805980
2011-03-10,193.51499938964844,198.2324981689453,193.51499938964844,196.91250610351562,164.3856201171875,146060
2011-03-11,188.05250549316406,197.0,188.05250549316406,193.50999450683594,161.54518127441406,216820
2011-03-14,193.75,196.5,192.0500030517578,192.99000549316406,161.1110076904297,81400
2011-03-15,189.5,191.64999389648438,187.61000061035156,189.17750549316406,157.92831420898438,153380
2011-03-16,192.0,193.73500061035156,184.0500030517578,184.73500061035156,154.2196502685547,220580
2011-03-17,187.5,187.5,177.07749938964844,178.22000122070312,148.7808380126953,988400
2011-03-18,177.50250244140625,180.0,175.06500244140625,176.6125030517578,147.43887329101562,1567800
2011-03-21,177.5,181.74249267578125,176.0,179.72250366210938,150.03514099121094,176360
2011-03-22,179.72250366210938,181.74749755859375,178.7725067138672,179.44000244140625,149.79931640625,154460
2011-03-23,178.1999969482422,182.25,178.1999969482422,181.49000549316406,151.5106964111328,139800
2011-03-24,182.4499969482422,184.5,182.0,182.7725067138672,152.5813446044922,120080
2011-03-25,182.75,186.29750061035156,182.75,184.4550018310547,153.98593139648438,298620
2011-03-28,184.5,186.0,184.25,184.86749267578125,154.33029174804688,59680
2011-03-29,184.5,185.39999389648438,183.5500030517578,184.1024932861328,153.69161987304688,404260
2011-03-30,184.9499969482422,185.85000610351562,181.75,183.42999267578125,153.13021850585938,205380
2011-03-31,183.9499969482422,187.25,182.0,184.82749938964844,154.29684448242188,729220
2011-04-01,187.39999389648438,187.39999389648438,182.5500030517578,183.97999572753906,153.58935546875,267340
2011-04-04,184.0500030517578,184.5,182.6024932861328,184.1024932861328,153.69161987304688,284700
2011-04-05,182.78250122070312,185.25,182.78250122070312,184.25,153.8148193359375,402660
2011-04-06,184.94500732421875,186.0,184.5,185.1024932861328,154.52645874023438,4897100
2011-04-07,185.25,187.0050048828125,185.0,185.45750427246094,154.82278442382812,1709040
2011-04-08,186.5,190.0,185.05250549316406,185.3800048828125,154.75814819335938,2982460
2011-04-11,185.9324951171875,187.25,185.25,185.52749633789062,154.8812255859375,178860
2011-04-13,185.0,188.10000610351562,183.5,186.88999938964844,156.0186767578125,334100
2011-04-15,187.9949951171875,187.9949951171875,185.10499572753906,186.0749969482422,155.33831787109375,199000
2011-04-18,186.85000610351562,188.14999389648438,185.35000610351562,186.2274932861328,155.465576171875,200740
2011-04-19,187.0,187.25,185.25,186.47999572753906,155.6764373779297,188080
2011-04-20,187.09500122070312,190.0,185.8574981689453,187.47999572753906,156.51121520996094,579320
2011-04-21,190.0500030517578,192.19500732421875,188.49749755859375,191.3800048828125,160.6884002685547,376500
2011-04-25,191.4499969482422,198.24749755859375,189.60000610351562,195.8125,164.41000366210938,373080
2011-04-26,197.5,197.9499969482422,191.83250427246094,194.72999572753906,163.50111389160156,165580
2011-04-27,196.9499969482422,197.5,191.9499969482422,197.2675018310547,165.6316680908203,200440
2011-04-28,197.00250244140625,197.9499969482422,194.1024932861328,196.27499389648438,164.7983856201172,149320
2011-04-29,194.25,202.5,194.25,199.64500427246094,167.62796020507812,1426200
2011-05-02,200.60000610351562,200.60000610351562,195.50250244140625,197.5175018310547,165.84164428710938,165040
2011-05-03,198.0,201.2449951171875,192.52000427246094,200.58250427246094,168.4150848388672,251660
2011-05-04,200.44500732421875,203.6999969482422,200.0,202.6125030517578,170.11952209472656,338560
2011-05-05,201.5,208.39999389648438,200.0,206.7324981689453,173.57879638671875,511120
2011-05-06,205.75,206.5,197.0050048828125,200.45249938964844,168.3059844970703,408820
2011-05-09,198.28250122070312,209.6999969482422,198.28250122070312,206.3874969482422,173.28915405273438,2727440
2011-05-10,207.0,209.4774932861328,204.0050048828125,205.68499755859375,172.69932556152344,132620
2011-05-11,206.03500366210938,206.10000610351562,201.0500030517578,202.0449981689453,169.64303588867188,133140
2011-05-12,202.0050048828125,205.9949951171875,199.1699981689453,200.74000549316406,168.54733276367188,150600
2011-05-13,202.25,208.0,202.1999969482422,206.1475067138672,173.0876007080078,230820
2011-05-16,205.0050048828125,209.5,204.5,208.8125,175.3252716064453,1066040
2011-05-17,209.5,210.25,205.15750122070312,205.83250427246094,172.82315063476562,1430780
2011-05-18,207.0,208.69749450683594,202.9499969482422,204.4324951171875,171.64768981933594,82900
2011-05-19,208.25,210.10000610351562,202.85000610351562,203.86749267578125,171.17323303222656,115960
2011-05-20,207.0500030517578,207.0500030517578,202.60000610351562,202.83250427246094,170.3042449951172,1161340
2011-05-23,203.75250244140625,203.75250244140625,200.0,200.19749450683594,168.09181213378906,79640
2011-05-24,200.5,202.7449951171875,199.57000732421875,200.4250030517578,168.28285217285156,184440
2011-05-25,199.60000610351562,201.74249267578125,193.7550048828125,194.71499633789062,163.488525390625,311200
2011-05-26,195.14999389648438,198.99249267578125,195.10000610351562,196.6475067138672,165.1111297607422,135720
2011-05-27,198.2449951171875,201.7449951171875,195.61500549316406,199.69749450683594,167.6719970703125,181880
2011-05-30,200.6999969482422,204.4550018310547,200.0124969482422,201.02999877929688,168.79080200195312,146580
2011-05-31,202.99249267578125,203.75,201.0500030517578,202.96499633789062,170.41551208496094,213780
2011-06-01,203.2550048828125,206.6999969482422,203.25,205.22250366210938,172.31097412109375,490260
2011-06-02,203.5,206.9499969482422,203.0050048828125,205.25999450683594,172.3424530029297,175480
2011-06-03,206.0,207.03750610351562,204.39999389648438,204.66250610351562,171.84075927734375,73980
2011-06-06,206.5,207.5,203.60499572753906,207.0625,173.85592651367188,141660
2011-06-07,207.4499969482422,208.69500732421875,205.31500244140625,208.2550048828125,174.85711669921875,156620
2011-06-08,209.0,210.5,206.5,209.05499267578125,175.52883911132812,335820
2011-06-09,209.0500030517578,209.0500030517578,207.5124969482422,208.79249572753906,175.3084259033203,85640
2011-06-10,208.0675048828125,211.0399932861328,208.0,208.9824981689453,175.4679412841797,121000
2011-06-13,209.0,209.94000244140625,205.0500030517578,207.36749267578125,174.1120147705078,186420
2011-06-14,211.0,211.0,206.25250244140625,207.67250061035156,174.36801147460938,209200
2011-06-15,208.0,209.24000549316406,202.60000610351562,203.74249267578125,171.068359375,293420
2011-06-16,203.25,203.25,197.5,197.5625,165.87939453125,881660
2011-06-17,201.75,201.75,192.9875030517578,196.875,165.30213928222656,340260
2011-06-20,196.25250244140625,197.5,193.75,194.6925048828125,163.4696807861328,173980
2011-06-21,197.4499969482422,198.43499755859375,193.8175048828125,194.39500427246094,163.21990966796875,102320
2011-06-22,194.00250244140625,196.84500122070312,192.75,195.71249389648438,164.32603454589844,153460
2011-06-23,195.71249389648438,197.4949951171875,194.5,196.63250732421875,165.09849548339844,145400
2011-06-24,197.5,200.5,196.5,199.95750427246094,167.8903045654297,215340
2011-06-27,199.5,200.9499969482422,195.5500030517578,197.4375,165.77447509765625,205560
2011-06-28,196.5,199.9949951171875,195.35000610351562,196.66000366210938,165.1216583251953,244520
2011-06-29,193.9499969482422,201.14999389648438,193.9499969482422,199.9250030517578,167.863037109375,353560
2011-06-30,200.4499969482422,207.0,200.4499969482422,205.40499877929688,172.46421813964844,356860
2011-07-01,205.0,217.5,205.0,215.27000427246094,180.7471466064453,1116460
2011-07-04,215.5,223.35000610351562,215.5,221.7899932861328,186.22152709960938,1276580
2011-07-05,221.7899932861328,221.7899932861328,213.25,214.02499389648438,179.70181274414062,409540
2011-07-06,214.00250244140625,218.75,212.5,213.92750549316406,179.61997985839844,754600
2011-07-07,215.0,216.6999969482422,214.02000427246094,214.7675018310547,180.32522583007812,226820
2011-07-08,216.4499969482422,216.4499969482422,212.5,213.12249755859375,178.9440155029297,148440
2011-07-11,213.0,217.1999969482422,213.0,215.45750427246094,180.90455627441406,502700
2011-07-12,217.4499969482422,217.75,213.10000610351562,215.7324981689453,181.13548278808594,618360
2011-07-13,215.9949951171875,216.5,209.0,216.24249267578125,181.56370544433594,471300
2011-07-14,219.0,219.0,215.0,216.53250122070312,181.8072052001953,429680
2011-07-15,218.9499969482422,220.4499969482422,217.0,219.875,184.61361694335938,519660
2011-07-18,220.0,223.85000610351562,217.5,222.2100067138672,186.57415771484375,552180
2011-07-19,222.5500030517578,226.0,219.3000030517578,220.02499389648438,184.7395782470703,291060
2011-07-20,223.19749450683594,223.19749450683594,213.5,214.07749938964844,179.7458953857422,263340
2011-07-21,214.59750366210938,219.14999389648438,210.61749267578125,212.53250122070312,178.4486541748047,236120
2011-07-22,212.75250244140625,216.75,212.75,215.47250366210938,180.91717529296875,194780
2011-07-25,216.25,217.9499969482422,211.8975067138672,212.29249572753906,178.24710083007812,285680
2011-07-26,211.2899932861328,214.29750061035156,211.2899932861328,212.74000549316406,178.6228790283203,241140
2011-07-27,212.64999389648438,222.0,212.5,220.1824951171875,184.871826171875,677240
2011-07-28,220.0500030517578,221.39999389648438,215.25,217.96499633789062,183.00991821289062,156080
2011-07-29,218.25,220.25,215.8000030517578,218.0050048828125,183.04356384277344,224140
2011-08-01,218.0050048828125,218.0050048828125,211.00250244140625,211.96749877929688,177.97425842285156,368540
2011-08-02,217.0,221.0,212.5,213.7675018310547,179.4856414794922,140900
2011-08-03,212.49749755859375,215.0,210.15249633789062,212.15750122070312,178.13380432128906,159080
2011-08-04,212.39999389648438,216.5,211.9499969482422,215.0225067138672,180.53933715820312,254880
2011-08-05,208.0225067138672,212.8000030517578,207.5050048828125,211.91749572753906,177.93228149414062,344400
2011-08-08,209.4949951171875,209.4949951171875,202.5,206.69000244140625,173.54312133789062,509020
2011-08-09,202.5,213.3874969482422,201.64999389648438,210.9375,177.10948181152344,342420
2011-08-10,211.5,214.0,205.4499969482422,208.2624969482422,174.86346435546875,857140
2011-08-11,208.50250244140625,212.34750366210938,207.05250549316406,208.67250061035156,175.20770263671875,393980
2011-08-12,208.89999389648438,212.4949951171875,203.75,206.36500549316406,173.27024841308594,877240
2011-08-16,210.0,211.4499969482422,208.15249633789062,209.74249267578125,176.1060791015625,265580
2011-08-17,208.20249938964844,209.89999389648438,206.5500030517578,207.28750610351562,174.04483032226562,187100
2011-08-18,209.9499969482422,217.0,207.28750610351562,209.8975067138672,176.23626708984375,790300
2011-08-19,209.6475067138672,211.50999450683594,204.70249938964844,209.30250549316406,175.73666381835938,411120
2011-08-22,208.72250366210938,213.14999389648438,206.2550048828125,212.69000244140625,178.58094787597656,258300
2011-08-23,210.3000030517578,216.0,210.3000030517578,213.84249877929688,179.54859924316406,247360
2011-08-24,214.92999267578125,218.8000030517578,213.75,217.82749938964844,182.8944854736328,263860
2011-08-25,218.9499969482422,220.0,218.0050048828125,219.19500732421875,184.04270935058594,159420
2011-08-26,219.74749755859375,220.75,217.23500061035156,219.00250244140625,183.881103515625,184960
2011-08-29,216.8000030517578,220.49749755859375,216.8000030517578,220.13999938964844,184.8361358642578,165540
2011-08-30,218.25,222.22500610351562,218.25,219.4550018310547,184.26101684570312,174140
2011-09-02,222.5,226.02499389648438,220.49749755859375,224.61000061035156,188.58924865722656,1170320
2011-09-05,218.5050048828125,225.0124969482422,218.5050048828125,222.8249969482422,187.09054565429688,257280
2011-09-06,225.99000549316406,225.99000549316406,220.0,220.4425048828125,185.0901641845703,94380
2011-09-07,222.42999267578125,224.75,221.65249633789062,222.7050018310547,186.9897918701172,451840
2011-09-08,222.5,224.5050048828125,220.39999389648438,221.46249389648438,185.94654846191406,181180
2011-09-09,220.5,222.4949951171875,218.75250244140625,219.3574981689453,184.1791229248047,45020
2011-09-12,219.75,219.85000610351562,213.40249633789062,213.59249877929688,179.33863830566406,114120
2011-09-13,213.59249877929688,216.89999389648438,213.59249877929688,214.32749938964844,179.95579528808594,228540
2011-09-14,214.89999389648438,219.0,209.25,213.68499755859375,179.41629028320312,383460
2011-09-15,217.0,217.44000244140625,211.6125030517578,212.91250610351562,178.7677459716797,194940
2011-09-16,213.0,217.0,206.6024932861328,208.99749755859375,175.48056030273438,827680
2011-09-19,208.75,211.95750427246094,208.75,211.33749389648438,177.44528198242188,950000
2011-09-20,210.00250244140625,216.44000244140625,210.00250244140625,212.35000610351562,178.29544067382812,386020
2011-09-21,210.7725067138672,214.75,210.7725067138672,214.17250061035156,179.8256378173828,168240
2011-09-22,208.39999389648438,213.5,208.39999389648438,212.7375030517578,178.6208038330078,476040
2011-09-23,210.00250244140625,217.25,209.10000610351562,215.55999755859375,180.99061584472656,361900
2011-09-26,214.5,215.89999389648438,209.0,210.5,176.74209594726562,329240
2011-09-27,211.0,213.89999389648438,209.60000610351562,210.73500061035156,176.93942260742188,137760
2011-09-28,212.5,213.89999389648438,209.00250244140625,212.8350067138672,178.70266723632812,394320
2011-09-29,212.3300018310547,213.5,211.0,212.92999267578125,178.78245544433594,667280
2011-09-30,210.0,213.25,208.39999389648438,212.60499572753906,178.50949096679688,533400
2011-10-03,213.44749450683594,213.44749450683594,208.39999389648438,209.47250366210938,175.87939453125,1212740
2011-10-04,209.61000061035156,210.75,208.2624969482422,209.69500732421875,176.0662078857422,311760
2011-10-05,208.5,210.5,208.41250610351562,209.94500732421875,176.2761688232422,558240
2011-10-07,211.74749755859375,214.25,208.6024932861328,210.71249389648438,176.92056274414062,403800
2011-10-10,211.1999969482422,211.5,210.0500030517578,210.71499633789062,176.92262268066406,67260
2011-10-11,211.44749450683594,211.44749450683594,206.5,207.6199951171875,174.32395935058594,135520
2011-10-12,210.0,212.0,208.0,210.86000061035156,177.0443878173828,476940
2011-10-13,211.4499969482422,211.4499969482422,209.45249938964844,210.3074951171875,176.58047485351562,51880
2011-10-14,209.3925018310547,211.0,208.5,209.0800018310547,175.5498809814453,155760
2011-10-17,210.9324951171875,210.9324951171875,206.0,207.73500061035156,174.42051696777344,78180
2011-10-18,207.25,207.79750061035156,206.25,206.8249969482422,173.6564178466797,62940
2011-10-19,207.0,208.44749450683594,202.8125,206.20750427246094,173.1379852294922,208800
2011-10-20,207.74749755859375,214.5,205.5,213.38250732421875,179.162353515625,277220
2011-10-21,214.6300048828125,217.38499450683594,214.6300048828125,215.32749938964844,180.79542541503906,270100
2011-10-24,215.0,216.99749755859375,211.75,213.9774932861328,179.66188049316406,213040
2011-10-25,215.04750061035156,216.14999389648438,212.5175018310547,213.88999938964844,179.58848571777344,107200
2011-10-28,215.75,216.99749755859375,211.8000030517578,212.81500244140625,178.68585205078125,285280
2011-10-31,210.3000030517578,213.75,209.9949951171875,212.1925048828125,178.16319274902344,1783400
2011-11-01,208.37249755859375,219.9949951171875,208.37249755859375,217.99000549316406,183.03097534179688,702280
2011-11-02,216.87249755859375,222.0,215.00250244140625,220.20750427246094,184.89283752441406,352940
2011-11-03,220.21249389648438,221.75,219.35000610351562,220.49249267578125,185.13209533691406,277940
2011-11-04,221.75,225.0,220.8000030517578,224.87249755859375,188.80970764160156,486800
2011-11-08,227.0,229.43499755859375,217.43499755859375,218.24249267578125,183.24293518066406,342160
2011-11-09,222.5,223.4499969482422,219.5625,221.27000427246094,185.78494262695312,257660
2011-11-11,221.50250244140625,225.3975067138672,216.00250244140625,224.42750549316406,188.43606567382812,909640
2011-11-14,224.5,225.02499389648438,217.25,219.44749450683594,184.25469970703125,270000
2011-11-15,219.39999389648438,223.2375030517578,218.5,221.06500244140625,185.61285400390625,808880
2011-11-16,221.0749969482422,222.5,217.65750122070312,220.99749755859375,185.5561065673828,672400
2011-11-17,220.5,224.8000030517578,220.2550048828125,223.6824951171875,187.81051635742188,575140
2011-11-18,223.75,224.5,218.8000030517578,221.39999389648438,185.89404296875,2161360
2011-11-21,221.3975067138672,221.5,217.5,218.4324951171875,183.40248107910156,150200
2011-11-22,217.50250244140625,218.3699951171875,213.0,213.8249969482422,179.5338592529297,427400
2011-11-23,213.16250610351562,213.75250244140625,209.02499389648438,209.7375030517578,176.10186767578125,211700
2011-11-24,209.0124969482422,211.91250610351562,208.75,209.2725067138672,175.71153259277344,1187000
2011-11-25,209.27499389648438,213.7449951171875,207.5,209.8350067138672,176.18373107910156,617540
2011-11-28,211.54750061035156,212.71499633789062,210.0749969482422,211.93499755859375,177.947021484375,106440
2011-11-29,212.64999389648438,212.64999389648438,209.0,209.6300048828125,176.0116424560547,96680
2011-11-30,210.0050048828125,212.5,208.7624969482422,211.12750244140625,177.2689666748047,409580
2011-12-01,212.10000610351562,213.75,209.5,210.32749938964844,176.59725952148438,165420
2011-12-02,210.32749938964844,211.94749450683594,208.5,211.13499450683594,177.2752685546875,230800
2011-12-05,212.0500030517578,213.60000610351562,210.0050048828125,210.6875,176.8995361328125,161580
2011-12-07,212.4949951171875,213.0,208.00999450683594,210.25999450683594,176.54055786132812,505900
2011-12-08,211.89999389648438,213.0,209.65499877929688,212.22000122070312,178.18630981445312,294640
2011-12-09,211.99749755859375,212.43499755859375,208.35000610351562,209.52749633789062,175.92555236816406,282840
2011-12-12,212.5,212.5,209.60000610351562,210.6425018310547,178.0087127685547,351840
2011-12-13,207.5,210.25,207.2624969482422,208.46249389648438,176.16636657714844,194960
2011-12-14,208.5,209.9499969482422,207.5500030517578,208.4499969482422,176.15585327148438,852440
2011-12-15,206.75,211.5,206.5,211.41250610351562,178.6593780517578,275260
2011-12-16,209.25250244140625,213.0,209.2100067138672,210.34249877929688,177.7551727294922,238160
2011-12-19,208.11000061035156,210.39999389648438,206.6199951171875,208.0,175.7755889892578,443840
2011-12-20,209.4499969482422,209.9949951171875,200.60000610351562,205.71249389648438,173.8424530029297,368380
2011-12-21,206.25250244140625,206.25250244140625,198.5,199.1925048828125,168.33262634277344,924540
2011-12-22,201.24249267578125,207.0,199.0050048828125,205.6699981689453,173.8065643310547,954280
2011-12-23,206.75,206.9949951171875,200.6699981689453,204.37249755859375,172.71006774902344,358340
2011-12-26,204.68499755859375,207.5500030517578,204.39999389648438,206.95750427246094,174.8945770263672,75600
2011-12-27,207.4499969482422,212.0,207.25,210.95249938964844,178.27066040039062,265080
2011-12-28,210.50750732421875,211.9499969482422,207.25,210.38250732421875,177.78895568847656,2713740
2011-12-29,209.85000610351562,210.5,205.0,205.62750244140625,173.77064514160156,71160
2011-12-30,206.75,206.75,200.8000030517578,204.74249267578125,173.0227508544922,394920
2012-01-02,207.1750030517578,207.1750030517578,201.25,201.94749450683594,170.6606903076172,333820
2012-01-03,204.4499969482422,205.25,201.2550048828125,204.9425048828125,173.19174194335938,230360
2012-01-04,205.4499969482422,206.25,204.00250244140625,206.0449981689453,174.1234130859375,220540
2012-01-05,205.9499969482422,206.82000732421875,204.8574981689453,205.39999389648438,173.578369140625,64560
2012-01-06,205.375,207.5,203.75,206.47000122070312,174.4825897216797,303140
2012-01-09,206.9499969482422,207.35000610351562,204.5,205.2675018310547,173.46640014648438,369080
2012-01-10,204.9499969482422,206.25750732421875,204.22500610351562,205.08749389648438,173.31431579589844,469320
2012-01-11,203.20249938964844,205.0,202.60000610351562,203.1125030517578,171.64524841308594,813460
2012-01-12,203.4949951171875,203.4949951171875,197.15499877929688,197.9324951171875,167.26776123046875,1890040
2012-01-13,199.69749450683594,199.6999969482422,196.25,197.15750122070312,166.61285400390625,420840
2012-01-16,197.4949951171875,200.94749450683594,197.16000366210938,199.85499572753906,168.89239501953125,542720
2012-01-17,197.00250244140625,203.6999969482422,197.00250244140625,202.8350067138672,171.41078186035156,737300
2012-01-18,204.23500061035156,204.23500061035156,200.75250244140625,201.8975067138672,170.61849975585938,592000
2012-01-19,204.0,204.9499969482422,201.24249267578125,203.7675018310547,172.19879150390625,234560
2012-01-20,205.0500030517578,207.9425048828125,203.6024932861328,207.1649932861328,175.06993103027344,181320
2012-01-23,207.40249633789062,208.5,205.11749267578125,206.1875,174.243896484375,292080
2012-01-24,204.00250244140625,208.4499969482422,204.00250244140625,207.3574981689453,175.23260498046875,464780
2012-01-25,206.0,208.2449951171875,203.77000427246094,206.35000610351562,174.38119506835938,293500
2012-01-27,207.9499969482422,217.4949951171875,207.55999755859375,214.05999755859375,180.896728515625,157900
2012-01-30,217.0,217.0,212.25,212.9774932861328,179.98193359375,512280
2012-01-31,212.9774932861328,213.00250244140625,210.0,211.8000030517578,178.98687744140625,372060
2012-02-01,215.0,215.0,211.0500030517578,211.58250427246094,178.80308532714844,342040
2012-02-02,214.8975067138672,214.8975067138672,211.5,212.38999938964844,179.48548889160156,247120
2012-02-03,210.14999389648438,214.25,208.50750732421875,211.9199981689453,179.08822631835938,167060
2012-02-06,212.8000030517578,215.9499969482422,211.61749267578125,212.7949981689453,179.8276824951172,363860
2012-02-07,214.25,216.14999389648438,210.75,212.2624969482422,179.37770080566406,537840
2012-02-08,212.75250244140625,214.0,210.30499267578125,211.71249389648438,178.9128875732422,1146240
2012-02-09,213.64999389648438,214.0,211.25,213.59750366210938,180.505859375,443760
2012-02-10,213.94000244140625,216.25,212.0,214.26499938964844,181.06997680664062,317440
2012-02-13,214.9499969482422,216.9499969482422,213.49749755859375,216.10499572753906,182.62490844726562,202660
2012-02-14,218.8975067138672,221.49749755859375,216.2550048828125,220.5850067138672,186.41087341308594,348800
2012-02-15,221.0,222.75,218.85000610351562,219.45750427246094,185.45802307128906,289800
2012-02-16,220.0,222.5,218.5,219.38999938964844,185.4009552001953,222820
2012-02-17,218.85000610351562,220.9949951171875,217.25250244140625,217.85000610351562,184.0995635986328,164100
2012-02-21,219.9375,219.99249267578125,218.0,219.17999267578125,185.22349548339844,400260
2012-02-22,219.6024932861328,220.0,217.60000610351562,218.78500366210938,184.8896942138672,190020
2012-02-23,215.61000061035156,221.0,215.61000061035156,218.8074951171875,184.90870666503906,377380
2012-02-24,220.99749755859375,221.875,219.1300048828125,220.00999450683594,185.92486572265625,534560
2012-02-27,220.07749938964844,222.5,219.10499572753906,220.9425048828125,186.71295166015625,761940
2012-02-28,222.25,224.25,219.9499969482422,222.47999572753906,188.0122833251953,467400
2012-02-29,222.24749755859375,225.72999572753906,220.05250549316406,220.66000366210938,186.47421264648438,252140
2012-03-01,221.25250244140625,223.0,217.8000030517578,218.8699951171875,184.9615020751953,377060
2012-03-02,223.99749755859375,223.99749755859375,218.1199951171875,220.99249267578125,186.75521850585938,372200
2012-03-05,220.9199981689453,224.9499969482422,219.8000030517578,222.94000244140625,188.40093994140625,692360
2012-03-06,223.94749450683594,224.5,220.00750732421875,223.11749267578125,188.55096435546875,116100
2012-03-07,220.88250732421875,222.9499969482422,219.35000610351562,221.13999938964844,186.87985229492188,83980
2012-03-09,221.25250244140625,224.32000732421875,221.25250244140625,222.52000427246094,188.04603576660156,250360
2012-03-12,218.60000610351562,225.94749450683594,218.60000610351562,224.0124969482422,189.30734252929688,252760
2012-03-13,221.75999450683594,224.34500122070312,221.7050018310547,222.8074951171875,188.2890167236328,268400
2012-03-14,223.85000610351562,227.19749450683594,218.85499572753906,225.42750549316406,190.5030975341797,891480
2012-03-15,222.55250549316406,223.4949951171875,218.86500549316406,219.78500366210938,185.73472595214844,395900
2012-03-16,222.49249267578125,222.49249267578125,218.0,219.3874969482422,185.39886474609375,920620
2012-03-19,219.39999389648438,220.4875030517578,218.3699951171875,219.11500549316406,185.1685791015625,1800220
2012-03-20,217.5500030517578,223.39999389648438,217.5500030517578,221.5050048828125,187.18829345703125,123440
2012-03-21,221.25,224.5,220.12750244140625,222.30250549316406,188.39381408691406,1434720
2012-03-22,223.69000244140625,227.4499969482422,221.55250549316406,224.99249267578125,190.67352294921875,414520
2012-03-23,222.20249938964844,234.0,222.1999969482422,230.2324981689453,195.11422729492188,407760
2012-03-26,230.5,233.00250244140625,220.8000030517578,222.40249633789062,188.4785614013672,1000620
2012-03-27,226.40750122070312,232.1999969482422,221.74749755859375,223.7375030517578,189.60995483398438,2226520
2012-03-28,225.0,228.39999389648438,223.75,227.20249938964844,192.54638671875,2545260
2012-03-29,229.99000549316406,231.25,220.1649932861328,224.9600067138672,190.64598083496094,356000
2012-03-30,225.49749755859375,233.5,224.09249877929688,231.52999877929688,196.2138214111328,640040
2012-04-02,230.5,236.9949951171875,228.0500030517578,234.28250122070312,198.54647827148438,712600
2012-04-03,232.49249267578125,241.0500030517578,230.3175048828125,237.125,200.95541381835938,321560
2012-04-04,237.14999389648438,239.0,233.82749938964844,234.3625030517578,198.6142578125,339820
2012-04-09,234.75,238.15750122070312,228.0,228.9499969482422,194.02737426757812,676480
2012-04-10,225.3175048828125,242.39999389648438,225.3175048828125,239.20750427246094,202.7202606201172,1238340
2012-04-11,239.75,245.34750366210938,236.65249633789062,243.37249755859375,206.24993896484375,1179220
2012-04-12,243.37249755859375,248.77499389648438,239.5800018310547,246.0574951171875,208.52537536621094,522120
2012-04-13,246.1425018310547,248.75,245.0175018310547,246.13250732421875,208.5889434814453,462060
2012-04-16,246.13250732421875,247.93499755859375,237.5500030517578,239.2624969482422,202.766845703125,828640
2012-04-17,240.0,244.64999389648438,238.5,241.4425048828125,204.6143035888672,646040
2012-04-18,244.39999389648438,249.6999969482422,242.25,248.02499389648438,210.1927490234375,1168040
2012-04-19,248.89999389648438,251.1999969482422,242.42999267578125,245.19500732421875,207.79449462890625,617260
2012-04-20,242.5500030517578,249.50750732421875,242.5500030517578,248.9375,210.96609497070312,501620
2012-04-23,247.50250244140625,250.75,240.8074951171875,244.13250732421875,206.8939971923828,524020
2012-04-24,246.0,247.09249877929688,243.60000610351562,244.18499755859375,206.9384765625,106800
2012-04-25,245.60000610351562,248.75,245.11000061035156,246.78500366210938,209.14193725585938,196560
2012-04-26,246.75,248.49749755859375,235.7050018310547,236.75750732421875,200.64395141601562,876580
2012-04-27,237.19500732421875,238.9250030517578,233.5,234.80250549316406,198.98716735839844,381100
2012-04-30,235.0050048828125,235.9875030517578,232.75,233.70750427246094,198.05921936035156,139700
2012-05-02,234.99749755859375,236.25,229.0500030517578,231.13499450683594,195.87905883789062,3008440
2012-05-03,231.60000610351562,233.22000122070312,229.11000061035156,230.6824951171875,195.49562072753906,791640
2012-05-04,229.00250244140625,234.86500549316406,226.5,228.4199981689453,193.57823181152344,3894800
2012-05-07,229.7449951171875,229.75,225.77499389648438,228.80499267578125,193.90444946289062,319520
2012-05-08,229.9499969482422,230.0,220.0500030517578,224.44000244140625,190.20526123046875,387560
2012-05-09,225.4499969482422,227.35000610351562,221.0,222.24000549316406,188.3408660888672,5271720
2012-05-10,224.8000030517578,227.5,222.4499969482422,225.125,190.7858428955078,410300
2012-05-11,226.25,229.0,224.5050048828125,227.97250366210938,193.19895935058594,191500
2012-05-14,227.9499969482422,235.0,225.5574951171875,233.22500610351562,197.6502685546875,354080
2012-05-15,232.99749755859375,233.0,230.5,231.37249755859375,196.08038330078125,288500
2012-05-16,231.3524932861328,231.3524932861328,227.46749877929688,228.07749938964844,193.2879638671875,121620
2012-05-17,228.07749938964844,236.2550048828125,228.07749938964844,235.3699951171875,199.46807861328125,749020
2012-05-18,234.97250366210938,236.25,230.77000427246094,234.99000549316406,199.1460723876953,449880
2012-05-21,235.7449951171875,237.5,233.6024932861328,234.05499267578125,198.35365295410156,241280
2012-05-22,233.75250244140625,236.37249755859375,233.75,234.6750030517578,198.8791046142578,1199580
2012-05-23,235.8975067138672,235.89999389648438,230.0,230.8249969482422,195.6162872314453,116520
2012-05-24,227.625,232.5,226.25,227.59750366210938,192.88121032714844,287740
2012-05-25,228.0,230.69749450683594,225.7550048828125,226.42999267578125,191.8917694091797,355020
2012-05-28,225.0,228.74749755859375,225.0,226.8175048828125,192.22015380859375,334840
2012-05-29,228.60000610351562,228.6999969482422,226.3000030517578,226.9774932861328,192.35569763183594,315400
2012-05-30,228.44749450683594,228.44749450683594,221.0500030517578,223.21749877929688,189.16928100585938,634200
2012-05-31,227.6999969482422,227.6999969482422,222.04750061035156,225.25999450683594,190.90016174316406,547400
2012-06-01,227.25,230.0,223.16749572753906,229.17250061035156,194.2159423828125,400440
2012-06-04,228.9499969482422,229.14999389648438,225.99749755859375,227.3000030517578,192.6290283203125,196660
2012-06-05,226.0,228.5749969482422,226.0,226.7624969482422,192.1735076904297,401780
2012-06-06,226.0,229.5,226.0,227.3524932861328,192.67356872558594,314580
2012-06-07,229.7375030517578,229.7375030517578,223.1199951171875,227.40750122070312,192.7201385498047,242660
2012-06-08,227.3975067138672,228.75,224.5,225.8300018310547,191.38328552246094,243960
2012-06-11,225.84500122070312,227.69749450683594,222.6999969482422,224.36749267578125,190.14382934570312,383980
2012-06-12,224.94749450683594,226.3000030517578,222.88999938964844,223.3300018310547,189.2645721435547,515780
2012-06-13,223.3249969482422,227.78500366210938,223.32249450683594,226.32249450683594,191.8006134033203,393200
2012-06-14,226.39999389648438,228.22250366210938,225.0124969482422,227.07000732421875,192.4341583251953,280800
2012-06-15,227.39999389648438,227.39999389648438,225.10000610351562,225.57749938964844,191.16929626464844,955380
2012-06-18,227.19500732421875,229.0,225.0,225.75999450683594,191.3239288330078,105340
2012-06-19,224.1024932861328,229.85000610351562,224.1024932861328,229.54750061035156,194.53372192382812,246400
2012-06-20,228.0,230.99749755859375,227.5399932861328,229.53500366210938,194.52313232421875,384820
2012-06-21,224.1024932861328,230.5,223.5,223.99249267578125,189.82608032226562,1043080
2012-06-22,229.5,231.0,222.5,225.7550048828125,191.3197021484375,242740
2012-06-25,224.25,227.36500549316406,223.7550048828125,224.9949951171875,190.67564392089844,124620
2012-06-26,229.0,229.0,223.02499389648438,223.89999389648438,189.7476348876953,259580
2012-06-27,228.75,228.75,224.39999389648438,224.99000549316406,190.67138671875,811360
2012-06-28,228.5,228.5,223.75,224.9774932861328,190.66079711914062,677620
2012-06-29,225.13499450683594,227.75,224.50750732421875,226.95249938964844,192.33457946777344,985780
2012-07-02,228.35000610351562,232.0,226.375,226.83749389648438,192.23709106445312,174400
2012-07-03,228.0,228.12249755859375,225.75750732421875,226.80250549316406,192.20741271972656,1168280
2012-07-04,227.0675048828125,227.62750244140625,223.50250244140625,223.77499389648438,189.64169311523438,1654600
2012-07-05,223.80499267578125,225.0,222.75,222.9875030517578,188.974365234375,965360
2012-07-06,222.5,223.5,221.0,221.86000061035156,188.01878356933594,581560
2012-07-09,221.85000610351562,223.89999389648438,220.5,221.03250122070312,187.31752014160156,232480
2012-07-10,220.9499969482422,223.93499755859375,220.9499969482422,223.21749877929688,189.16928100585938,659280
2012-07-11,222.50750732421875,225.4499969482422,222.25,224.82749938964844,190.53369140625,405360
2012-07-12,226.1999969482422,226.1999969482422,223.50250244140625,225.15750122070312,190.81332397460938,426320
2012-07-13,224.10000610351562,226.0,222.5,224.13250732421875,189.94471740722656,1419680
2012-07-16,222.61500549316406,226.5500030517578,222.61500549316406,226.25750732421875,191.74554443359375,331220
2012-07-17,226.4499969482422,227.29750061035156,223.25,224.93499755859375,190.62478637695312,107920
2012-07-18,225.1750030517578,225.4499969482422,223.75,225.11749267578125,190.77938842773438,55300
2012-07-19,227.25,227.25,223.9499969482422,224.25,190.04429626464844,215340
2012-07-20,224.2324981689453,226.9499969482422,224.1824951171875,225.74249267578125,191.30914306640625,289200
2012-07-23,223.22999572753906,226.5500030517578,222.5,223.2050018310547,189.15863037109375,175680
2012-07-24,223.81500244140625,224.25,221.30499267578125,222.53250122070312,188.58876037597656,241400
2012-07-25,220.8350067138672,223.75,220.8350067138672,222.50250244140625,188.56329345703125,220540
2012-07-26,223.27000427246094,224.0,221.5,221.89999389648438,188.0526885986328,245700
2012-07-27,223.54750061035156,224.47500610351562,221.89999389648438,222.8350067138672,188.8450927734375,136180
2012-07-30,222.85000610351562,227.0,221.5749969482422,225.22999572753906,190.87481689453125,450440
2012-07-31,225.0,225.94500732421875,223.00250244140625,223.9324951171875,189.77517700195312,115120
2012-08-01,223.75,224.59249877929688,220.89999389648438,221.1199951171875,188.1479034423828,346680
2012-08-02,224.7949981689453,226.38999938964844,218.25999450683594,219.99249267578125,187.18846130371094,857380
2012-08-03,220.0,222.19749450683594,217.5,218.52999877929688,185.944091796875,611920
2012-08-06,220.0,221.52499389648438,218.75,220.02999877929688,187.22039794921875,236460
2012-08-07,221.1374969482422,224.29750061035156,220.0175018310547,222.96249389648438,189.7156219482422,866020
2012-08-08,223.75,223.75,220.0,220.47000122070312,187.59481811523438,257860
2012-08-09,222.64999389648438,223.22000122070312,220.02000427246094,222.8175048828125,189.59225463867188,153000
2012-08-10,223.4499969482422,223.69500732421875,219.5,219.9550018310547,187.15663146972656,815780
2012-08-13,223.66749572753906,223.66749572753906,220.02499389648438,221.6999969482422,188.64138793945312,56740
2012-08-14,221.25,223.19500732421875,220.0500030517578,222.62249755859375,189.4263153076172,433160
2012-08-16,221.3000030517578,222.75,221.0,222.09500122070312,188.97747802734375,323160
2012-08-17,221.40249633789062,223.9499969482422,221.40249633789062,223.03250122070312,189.7751922607422,1613260
2012-08-21,222.14999389648438,231.69000244140625,221.75,229.59500122070312,195.35910034179688,732900
2012-08-22,229.5500030517578,230.94749450683594,228.25,229.53750610351562,195.31019592285156,839780
2012-08-23,229.55250549316406,235.4499969482422,229.39999389648438,234.40249633789062,199.4497833251953,600660
2012-08-24,225.0,237.5,225.0,235.51499938964844,200.39637756347656,421260
2012-08-27,235.51499938964844,237.9949951171875,231.75,236.6374969482422,201.3514862060547,250580
2012-08-28,237.6875,237.6875,232.1999969482422,236.09750366210938,200.89202880859375,257900
2012-08-29,235.74749755859375,235.9499969482422,232.39999389648438,235.05250549316406,200.00282287597656,211360
2012-08-30,234.83749389648438,235.33749389648438,230.5050048828125,233.4824981689453,198.66697692871094,236420
2012-08-31,233.4824981689453,235.1999969482422,230.5,231.76499938964844,197.20562744140625,1084720
2012-09-03,230.0,232.44749450683594,229.24749755859375,229.66250610351562,195.4165802001953,468300
2012-09-04,232.39999389648438,233.94749450683594,229.75,231.09500122070312,196.63548278808594,221880
2012-09-05,231.0500030517578,231.75,229.0,229.96249389648438,195.67184448242188,499860
2012-09-06,227.50250244140625,232.0,227.50250244140625,230.1925048828125,195.86756896972656,622400
2012-09-07,233.83999633789062,233.83999633789062,228.75,230.13999938964844,195.82286071777344,2389200
2012-09-10,231.0500030517578,232.0,229.0,229.48500061035156,195.2655029296875,282140
2012-09-11,232.3350067138672,232.3350067138672,225.0500030517578,225.96749877929688,192.2725067138672,229620
2012-09-12,227.94749450683594,230.2899932861328,225.99749755859375,228.71749877929688,194.6124725341797,198560
2012-09-13,231.7449951171875,231.7449951171875,225.0,226.76499938964844,192.9510955810547,184820
2012-09-14,227.75,230.74749755859375,223.35000610351562,224.47000122070312,190.99838256835938,533560
2012-09-17,224.47000122070312,226.49749755859375,222.14999389648438,223.09500122070312,189.82835388183594,1444180
2012-09-18,221.8000030517578,223.25,220.0,220.0399932861328,187.22889709472656,449500
2012-09-20,220.0,221.44500732421875,217.5500030517578,218.0124969482422,185.5037841796875,655060
2012-09-21,219.44000244140625,219.74749755859375,217.39999389648438,217.7050018310547,185.2421417236328,704660
2012-09-24,218.50250244140625,219.5,216.25,217.6125030517578,185.1634063720703,243780
2012-09-25,217.1999969482422,218.6999969482422,216.0,217.52999877929688,185.0932159423828,176700
2012-09-26,216.75,219.4499969482422,216.75,217.2100067138672,184.82090759277344,236600
2012-09-27,218.9425048828125,218.9425048828125,215.0,216.22000122070312,183.97854614257812,782900
2012-09-28,215.6999969482422,221.64999389648438,215.39999389648438,220.09750366210938,187.27789306640625,835280
2012-10-01,221.94000244140625,222.5,220.375,221.77749633789062,188.70733642578125,408700
2012-10-03,221.77749633789062,228.5,218.64500427246094,227.89500427246094,193.9126739501953,704920
2012-10-04,227.10000610351562,230.0,224.5,229.30250549316406,195.1102752685547,816520
2012-10-05,229.3000030517578,230.5,229.0050048828125,229.97500610351562,195.68247985839844,1116520
2012-10-08,230.0,230.75,225.25,230.1074981689453,195.7952423095703,1234740
2012-10-09,231.69749450683594,233.5,230.25,231.52499389648438,197.00132751464844,585240
2012-10-10,231.3000030517578,233.6999969482422,230.0,232.02000427246094,197.42254638671875,220140
2012-10-11,232.75,271.45001220703125,230.8074951171875,232.3074951171875,197.66717529296875,506120
2012-10-12,228.0,234.75,226.31500244140625,234.0124969482422,199.11798095703125,469880
2012-10-15,233.75,236.0,232.49749755859375,234.77999877929688,199.77099609375,484960
2012-10-16,234.9949951171875,239.9499969482422,234.99249267578125,238.27999877929688,202.74908447265625,438800
2012-10-17,238.27999877929688,240.0,237.0,238.0124969482422,202.52145385742188,98400
2012-10-18,238.0,239.22500610351562,236.44749450683594,237.0625,201.71316528320312,161960
2012-10-19,235.0,239.29750061035156,235.0,238.44000244140625,202.8852081298828,859500
2012-10-22,238.44000244140625,239.6999969482422,233.1649932861328,238.31500244140625,202.77891540527344,102620
2012-10-23,237.89999389648438,238.50250244140625,233.0,233.47999572753906,198.66481018066406,644940
2012-10-25,236.6999969482422,236.6999969482422,232.61749267578125,234.3975067138672,199.445556640625,203180
2012-10-29,233.7449951171875,235.0,232.49749755859375,233.625,198.78819274902344,124920
2012-10-30,235.0,235.0,232.5,234.46249389648438,199.50082397460938,639060
2012-10-31,237.4949951171875,237.4949951171875,232.75750732421875,235.0050048828125,199.96246337890625,143240
2012-11-01,234.94500732421875,236.74000549316406,232.00999450683594,236.30499267578125,201.06858825683594,194360
2012-11-02,239.4425048828125,239.4425048828125,234.5050048828125,239.0225067138672,203.38088989257812,943100
2012-11-05,241.24749755859375,242.46249389648438,239.125,242.05250549316406,205.9590301513672,395900
2012-11-06,239.9375,244.39999389648438,239.9375,242.99000549316406,206.7567901611328,369400
2012-11-07,243.4949951171875,244.3000030517578,241.99749755859375,242.8625030517578,206.64828491210938,649200
2012-11-08,241.0,245.77499389648438,241.0,244.63999938964844,208.16075134277344,245200
2012-11-09,244.99749755859375,246.0,242.5,243.17750549316406,206.91632080078125,159000
2012-11-12,243.5,245.0,239.99749755859375,240.13250732421875,204.3253631591797,101380
2012-11-15,239.25,239.25,235.64999389648438,236.00250244140625,200.81117248535156,540500
2012-11-16,235.6999969482422,238.19749450683594,235.54249572753906,236.2324981689453,201.0069122314453,213280
2012-11-19,232.5,242.38499450683594,228.75,229.9600067138672,195.66969299316406,1042680
2012-11-20,232.5,232.5,229.89999389648438,230.47000122070312,196.10369873046875,806640
2012-11-21,231.0,232.1999969482422,229.99749755859375,231.3699951171875,196.86947631835938,546660
2012-11-22,231.3524932861328,232.2725067138672,229.16749572753906,231.0050048828125,196.55889892578125,493060
2012-11-23,229.3000030517578,231.4949951171875,229.0,230.9774932861328,196.53549194335938,450440
2012-11-26,231.5,235.5,229.14999389648438,229.9875030517578,195.69313049316406,349380
2012-11-27,234.4499969482422,234.4499969482422,230.0,231.02000427246094,196.57167053222656,245020
2012-11-29,233.82000732421875,277.2225036621094,231.50750732421875,237.38250732421875,201.98541259765625,761180
2012-11-30,238.7449951171875,245.0,231.5,238.3699951171875,202.82566833496094,928500
2012-12-03,242.4949951171875,242.4949951171875,232.78250122070312,234.3925018310547,199.4412384033203,345400
2012-12-04,236.89999389648438,239.5,235.3524932861328,239.05499267578125,203.40850830078125,281680
2012-12-05,239.6999969482422,242.0,239.6999969482422,240.7725067138672,204.86993408203125,150700
2012-12-06,241.89999389648438,243.1999969482422,239.11000061035156,240.6699981689453,204.78268432617188,124720
2012-12-07,242.0,242.0,240.0,241.375,205.38255310058594,634300
2012-12-10,243.7899932861328,243.7899932861328,238.8000030517578,240.3300018310547,204.49339294433594,261700
2012-12-11,240.0050048828125,243.0,232.5,241.3800048828125,205.38682556152344,287920
2012-12-12,244.9499969482422,244.9499969482422,237.75,240.91000366210938,205.75405883789062,105260
2012-12-13,241.9949951171875,242.5500030517578,239.5,242.09249877929688,206.76402282714844,170800
2012-12-14,235.86500549316406,244.60000610351562,235.86500549316406,239.82749938964844,204.82957458496094,148180
2012-12-17,241.5,241.5,238.61500549316406,239.4550018310547,204.5114288330078,296600
2012-12-18,238.5225067138672,242.5,238.50999450683594,239.8074951171875,204.81248474121094,1265640
2012-12-19,238.82000732421875,247.25,238.60000610351562,245.63250732421875,209.78741455078125,879480
2012-12-20,246.4499969482422,247.25,243.60000610351562,244.3074951171875,208.65576171875,253900
2012-12-21,244.35000610351562,248.25,243.85499572753906,245.02499389648438,209.26864624023438,752960
2012-12-24,245.25250244140625,245.25250244140625,240.30999755859375,241.4250030517578,206.1939239501953,85320
2012-12-26,240.92999267578125,243.5,239.9824981689453,242.08999633789062,206.76187133789062,852220
2012-12-27,241.5,251.2100067138672,241.5,247.49749755859375,211.3802947998047,774300
2012-12-28,249.4499969482422,249.54750061035156,246.60499572753906,248.25250244140625,212.02508544921875,265240
2012-12-31,249.88250732421875,250.79750061035156,246.8000030517578,249.61500549316406,213.1887664794922,235280
2013-01-01,250.0500030517578,250.0500030517578,246.25,247.5800018310547,211.45071411132812,84400
2013-01-02,249.44749450683594,252.5,246.60000610351562,248.71499633789062,212.42007446289062,913320
2013-01-03,248.75250244140625,248.99000549316406,243.3000030517578,244.9600067138672,209.21307373046875,433480
2013-01-04,245.26499938964844,246.75,243.1300048828125,243.79249572753906,208.21597290039062,259920
2013-01-07,247.49249267578125,247.49249267578125,242.61749267578125,243.70750427246094,208.1433563232422,614780
2013-01-08,243.75,245.94749450683594,243.38250732421875,244.74749755859375,209.0315704345703,2350940
2013-01-09,244.0675048828125,248.2449951171875,244.0,247.38499450683594,211.28421020507812,638180
2013-01-10,247.39999389648438,248.79750061035156,242.0,242.8975067138672,207.45152282714844,442160
2013-01-11,244.72999572753906,244.79750061035156,240.99749755859375,241.97999572753906,206.66795349121094,236300
2013-01-14,248.99749755859375,249.0,243.81500244140625,244.74749755859375,209.0315704345703,341600
2013-01-15,244.00750732421875,244.9600067138672,241.07249450683594,242.86500549316406,207.423828125,282820
2013-01-16,242.84750366210938,243.6374969482422,241.3000030517578,241.9600067138672,206.65084838867188,90260
2013-01-17,243.94500732421875,243.94500732421875,239.5500030517578,239.87750244140625,204.8722381591797,156140
2013-01-18,241.5850067138672,242.9949951171875,239.3300018310547,239.85000610351562,204.84873962402344,266700
2013-01-21,242.60000610351562,242.60000610351562,239.10000610351562,239.74249267578125,204.75697326660156,261320
2013-01-22,238.8000030517578,241.38250732421875,234.0500030517578,235.03750610351562,200.73854064941406,253880
2013-01-23,238.99000549316406,238.99000549316406,223.75,225.15499877929688,192.2982177734375,980860
2013-01-24,227.50999450683594,228.6999969482422,225.50750732421875,227.46499633789062,194.27113342285156,290120
2013-01-25,227.50250244140625,233.5,226.1999969482422,232.5050048828125,198.57562255859375,307500
2013-01-28,234.89999389648438,234.89999389648438,228.50250244140625,229.84249877929688,196.30165100097656,535840
2013-01-29,234.5,234.5,228.11749267578125,230.12249755859375,196.5408172607422,485340
2013-01-30,231.75999450683594,234.89999389648438,230.10000610351562,232.4600067138672,198.53721618652344,306800
2013-01-31,232.5500030517578,239.85499572753906,231.07249450683594,237.27749633789062,202.65162658691406,707900
2013-02-01,233.50750732421875,239.4949951171875,231.7100067138672,234.63250732421875,200.39266967773438,462960
2013-02-04,237.35000610351562,238.0,232.75,236.9824981689453,202.39974975585938,174560
2013-02-05,239.49000549316406,239.49000549316406,235.0800018310547,237.27499389648438,202.64956665039062,462240
2013-02-06,238.09750366210938,239.14999389648438,235.3249969482422,235.77999877929688,201.3727264404297,73440
2013-02-07,237.16000366210938,238.5,235.0500030517578,235.25250244140625,200.92218017578125,62800
2013-02-08,235.8524932861328,237.9600067138672,231.60000610351562,232.1699981689453,198.28953552246094,189340
2013-02-11,232.87249755859375,235.5,228.5175018310547,230.2274932861328,196.6304931640625,507540
2013-02-12,232.8000030517578,232.83250427246094,229.0,231.13250732421875,197.40341186523438,474880
2013-02-13,230.4250030517578,232.38499450683594,229.9949951171875,230.63499450683594,196.9785614013672,270560
2013-02-14,231.0124969482422,231.69500732421875,228.5,229.88499450683594,196.3379669189453,677300
2013-02-15,229.1024932861328,230.35000610351562,228.2550048828125,229.87249755859375,196.32730102539062,144260
2013-02-18,230.25,231.0399932861328,227.85000610351562,228.34500122070312,195.022705078125,298960
2013-02-19,229.47999572753906,230.2449951171875,228.5574951171875,229.94500732421875,196.3892059326172,97660
2013-02-20,232.58999633789062,232.58999633789062,229.0500030517578,230.2100067138672,196.6155548095703,7018720
2013-02-21,230.0,232.25,228.63250732421875,229.6750030517578,196.15858459472656,1962260
2013-02-22,232.2324981689453,237.38499450683594,230.39999389648438,231.4550018310547,197.6789093017578,1555100
2013-02-25,230.32000732421875,234.4949951171875,230.0,232.7274932861328,199.30384826660156,999280
2013-02-26,230.77000427246094,233.2725067138672,230.05499267578125,230.86749267578125,197.7109832763672,459760
2013-02-27,231.6300048828125,234.9499969482422,231.25750732421875,233.50250244140625,199.96751403808594,1702700
2013-02-28,234.99249267578125,239.49249267578125,234.99000549316406,238.08999633789062,203.8961944580078,3174340
2013-03-01,238.0,238.99000549316406,234.00250244140625,234.84249877929688,201.11508178710938,153880
2013-03-04,235.8074951171875,238.2449951171875,235.6999969482422,236.94000244140625,202.91139221191406,445460
2013-03-05,236.1300048828125,237.5,234.25,236.25,202.3204803466797,537240
2013-03-06,237.4949951171875,237.5,236.0,236.78750610351562,202.78077697753906,894500
2013-03-07,235.6699981689453,236.4949951171875,235.0,235.47500610351562,201.6566925048828,112340
2013-03-08,236.44749450683594,238.75,235.63250732421875,238.4324951171875,204.18951416015625,404720
2013-03-11,237.57249450683594,239.89500427246094,235.5,236.08250427246094,202.17701721191406,217480
2013-03-12,235.25,238.4499969482422,233.75,234.8975067138672,201.1621856689453,81760
2013-03-13,234.35000610351562,236.25,233.49749755859375,234.43499755859375,200.76614379882812,154280
2013-03-14,234.2550048828125,236.5,233.75250244140625,235.31500244140625,201.51974487304688,109260
2013-03-15,235.0,240.89999389648438,231.4824981689453,236.25999450683594,202.32896423339844,665160
2013-03-18,236.75,237.99000549316406,232.77749633789062,233.85000610351562,200.26512145996094,725560
2013-03-19,234.94749450683594,235.25,232.0,233.97500610351562,200.37217712402344,263420
2013-03-20,235.0,235.5,232.0,234.9949951171875,201.24563598632812,258560
2013-03-21,231.25,238.73500061035156,231.25,237.8249969482422,203.6692352294922,292380
2013-03-22,236.25,237.7375030517578,233.0,235.33749389648438,201.53897094726562,271880
2013-03-25,234.0625,243.38499450683594,228.3000030517578,230.5124969482422,197.40695190429688,2808600
2013-03-26,229.50250244140625,231.80499267578125,227.75,228.3975067138672,195.59571838378906,781320
2013-03-28,229.99749755859375,230.9875030517578,226.64999389648438,229.41000366210938,196.46279907226562,555260
2013-04-01,233.75,233.9949951171875,230.0,231.1425018310547,197.9464569091797,195500
2013-04-02,229.0500030517578,232.0,229.0500030517578,231.1024932861328,197.91220092773438,96740
2013-04-03,230.5,233.0,230.5,232.2949981689453,198.9334259033203,139940
2013-04-04,230.25999450683594,232.4875030517578,226.75,227.6300048828125,194.9384307861328,133420
2013-04-05,231.25,231.25,221.64999389648438,222.71499633789062,190.7292938232422,389020
2013-04-08,225.00250244140625,226.24749755859375,222.40499877929688,222.6425018310547,190.66722106933594,152160
2013-04-09,225.75,225.75,222.0,223.0050048828125,190.97764587402344,111420
2013-04-10,225.7449951171875,226.5,223.0,225.69000244140625,193.27706909179688,2436240
2013-04-11,230.0,230.0,225.0,225.58999633789062,193.19143676757812,836520
2013-04-12,224.5,227.0,223.63250732421875,226.03500366210938,193.57254028320312,194260
2013-04-15,226.25,229.89999389648438,226.25,229.26499938964844,196.338623046875,149720
2013-04-16,229.2449951171875,231.0,227.58250427246094,230.97000122070312,197.79873657226562,576940
2013-04-17,232.5,233.99249267578125,230.10000610351562,233.1074981689453,199.62924194335938,1185020
2013-04-18,234.4499969482422,234.4499969482422,230.4499969482422,233.5399932861328,199.9996337890625,433100
2013-04-22,230.5,235.5,230.5,234.89999389648438,201.16432189941406,1013880
2013-04-23,233.7550048828125,235.1999969482422,231.6024932861328,232.77749633789062,199.3466339111328,1751200
2013-04-25,235.35000610351562,236.25,230.57749938964844,235.7050018310547,201.85374450683594,361740
2013-04-26,230.75,237.4949951171875,230.75,236.50750732421875,202.54098510742188,381780
2013-04-29,237.5,238.75,235.9199981689453,236.74749755859375,202.7465057373047,334880
2013-04-30,235.60000610351562,253.0,235.60000610351562,249.0675048828125,213.29714965820312,4515240
2013-05-02,248.47999572753906,248.47999572753906,242.7550048828125,246.38999938964844,211.004150390625,948480
2013-05-03,243.5,246.83749389648438,243.5,245.25,210.02786254882812,120460
2013-05-06,244.99749755859375,246.9375,244.5,244.77999877929688,209.62538146972656,58780
2013-05-07,244.9499969482422,245.98500061035156,243.75,244.2550048828125,209.1758270263672,108180
2013-05-08,244.25,247.3925018310547,244.2449951171875,246.48500061035156,211.08551025390625,232560
2013-05-09,246.64999389648438,246.75,245.0,245.77749633789062,210.4796600341797,273720
2013-05-10,245.0,246.5449981689453,244.13250732421875,244.9499969482422,209.77093505859375,513420
2013-05-13,245.0,247.4499969482422,238.11749267578125,242.41000366210938,207.59576416015625,570360
2013-05-14,241.99749755859375,244.99000549316406,241.99749755859375,244.05250549316406,209.0023956298828,1139880
2013-05-15,242.5500030517578,248.0,242.5500030517578,246.9499969482422,211.48374938964844,258540
2013-05-16,242.66250610351562,248.6999969482422,242.66250610351562,246.3574981689453,210.976318359375,849540
2013-05-17,247.49749755859375,249.4949951171875,245.6475067138672,248.75250244140625,213.02734375,745080
2013-05-20,248.75250244140625,256.5,248.4875030517578,255.2550048828125,218.59603881835938,3091100
2013-05-21,255.5050048828125,263.5,255.4250030517578,262.2799987792969,224.61209106445312,973280
2013-05-22,263.0,266.25,259.25,261.989990234375,224.36370849609375,574780
2013-05-23,264.5,267.5,260.0,263.56500244140625,225.7125701904297,1167800
2013-05-24,265.3999938964844,265.3999938964844,259.5,261.9825134277344,224.35733032226562,298240
2013-05-27,261.9825134277344,265.44500732421875,259.75,261.32501220703125,223.79421997070312,228200
2013-05-28,260.010009765625,263.5874938964844,260.010009765625,262.5775146484375,224.8668670654297,70740
2013-05-29,262.54998779296875,265.0,260.3074951171875,262.48748779296875,224.789794921875,859940
2013-05-30,262.25250244140625,262.4949951171875,259.947509765625,261.625,224.05116271972656,100580
2013-05-31,262.50250244140625,266.20001220703125,261.5050048828125,265.11248779296875,227.03778076171875,521800
2013-06-03,261.25,265.0,261.25,264.4624938964844,226.4811248779297,220520
2013-06-04,261.6499938964844,267.3500061035156,261.6499938964844,264.55499267578125,226.56036376953125,159140
2013-06-05,265.0,267.4849853515625,262.5,264.197509765625,226.2542266845703,198200
2013-06-06,265.0,266.3949890136719,262.50250244140625,264.7749938964844,226.74876403808594,331440
2013-06-07,264.0,266.04998779296875,261.62750244140625,262.6524963378906,224.93112182617188,138220
2013-06-10,264.95001220703125,264.95001220703125,257.5,258.3525085449219,221.24864196777344,261700
2013-06-11,258.04998779296875,259.0,254.25,254.75999450683594,218.17208862304688,266640
2013-06-12,257.25,261.79998779296875,254.5,257.7325134277344,220.7177276611328,719080
2013-06-13,255.3000030517578,259.5,255.0,255.7324981689453,219.0048828125,309940
2013-06-14,255.73500061035156,259.2774963378906,255.2624969482422,257.239990234375,220.29592895507812,277280
2013-06-17,256.50250244140625,257.5,252.64999389648438,253.5749969482422,217.15731811523438,398140
2013-06-18,254.00250244140625,255.0,252.5,253.0399932861328,216.69912719726562,49400
2013-06-19,253.9949951171875,255.74749755859375,253.0,254.3574981689453,217.8274688720703,72380
2013-06-20,253.53250122070312,255.0,252.00250244140625,252.50750732421875,216.24313354492188,186640
2013-06-21,252.8000030517578,254.99749755859375,250.11749267578125,251.4324951171875,215.32249450683594,156220
2013-06-24,251.3000030517578,251.39999389648438,250.22250366210938,250.72999572753906,214.72088623046875,182780
2013-06-25,251.1999969482422,251.1999969482422,244.00999450683594,245.5124969482422,210.2527313232422,669360
2013-06-26,244.5500030517578,247.05250549316406,242.3000030517578,243.6750030517578,208.67909240722656,254320
2013-06-27,242.8000030517578,250.85000610351562,242.8000030517578,245.02499389648438,209.83526611328125,240800
2013-06-28,245.04249572753906,246.75,241.0,242.6999969482422,207.84413146972656,285700
2013-07-01,243.46749877929688,256.0,241.35000610351562,255.1125030517578,218.4739990234375,328680
2013-07-02,256.3450012207031,259.75,254.60000610351562,258.5450134277344,221.41351318359375,242100
2013-07-03,258.5,259.447509765625,252.29249572753906,253.0675048828125,216.72267150878906,258920
2013-07-04,254.75,258.25,254.3000030517578,256.3374938964844,219.52304077148438,288960
2013-07-05,257.25,259.0,256.32501220703125,257.55999755859375,220.56996154785156,385600
2013-07-08,258.989990234375,259.0274963378906,255.75,256.67999267578125,219.81639099121094,386000
2013-07-09,257.3999938964844,258.50250244140625,257.32000732421875,257.6524963378906,220.64918518066406,263440
2013-07-10,257.552490234375,259.0,257.49749755859375,257.697509765625,220.68772888183594,358060
2013-07-11,258.739990234375,261.0,258.04998779296875,260.62750244140625,223.19691467285156,392420
2013-07-12,260.6499938964844,271.42498779296875,259.8999938964844,269.9725036621094,231.19984436035156,629680
2013-07-15,269.5,278.6499938964844,269.49749755859375,278.2325134277344,238.2734832763672,483440
2013-07-16,278.25,285.0,251.0,284.36248779296875,243.5231170654297,585680
2013-07-17,284.25,289.3500061035156,283.7699890136719,287.1400146484375,245.90179443359375,626400
2013-07-18,286.25,290.0,280.8175048828125,286.6449890136719,245.4778289794922,376540
2013-07-19,283.8500061035156,288.0,283.8500061035156,285.13250732421875,244.18255615234375,429420
2013-07-22,285.42498779296875,285.75,280.25750732421875,281.4849853515625,241.05894470214844,359500
2013-07-23,281.7724914550781,284.8399963378906,281.54998779296875,283.2225036621094,242.54696655273438,163060
2013-07-24,282.3999938964844,282.5,278.0,281.0474853515625,240.68421936035156,104500
2013-07-25,279.50250244140625,283.4024963378906,276.6000061035156,278.9224853515625,238.86441040039062,182880
2013-07-26,276.6499938964844,279.20001220703125,270.6099853515625,272.4849853515625,233.35150146484375,378080
2013-07-29,272.5,273.6000061035156,267.54998779296875,269.125,230.47401428222656,296780
2013-07-30,269.75,269.75,265.04998779296875,265.18499755859375,227.0998992919922,148300
2013-07-31,266.20001220703125,266.20001220703125,261.177490234375,264.67498779296875,227.4350128173828,208660
2013-08-01,264.0,267.25,259.99749755859375,262.5400085449219,225.60043334960938,210020
2013-08-02,262.55999755859375,274.70001220703125,260.260009765625,271.4075012207031,233.2202911376953,271900
2013-08-05,271.0,271.0,261.24749755859375,265.7724914550781,228.37808227539062,179860
2013-08-06,263.75,263.75,254.75,255.67250061035156,219.69911193847656,566120
2013-08-07,256.25,256.25,246.0,247.6199951171875,212.7796630859375,296720
2013-08-08,247.6024932861328,254.4875030517578,242.99749755859375,250.54249572753906,215.2909698486328,221000
2013-08-12,250.5,256.49749755859375,248.1699981689453,255.71249389648438,219.7335205078125,112120
2013-08-13,255.59500122070312,257.44500732421875,251.33250427246094,255.07749938964844,219.18788146972656,85320
2013-08-14,253.0,257.5,252.5500030517578,255.69500732421875,219.718505859375,228180
2013-08-16,255.69500732421875,255.69500732421875,247.5,249.28250122070312,214.20826721191406,188860
2013-08-19,254.88499450683594,254.88499450683594,243.7550048828125,245.5625,211.0116729736328,238860
2013-08-20,245.0,245.00250244140625,238.0,241.625,207.6281280517578,581360
2013-08-21,243.5,246.49749755859375,242.5,243.3074951171875,209.0739288330078,221680
2013-08-22,247.25,247.25,240.5,243.6125030517578,209.33599853515625,103180
2013-08-23,242.55499267578125,246.69500732421875,242.55499267578125,244.15750122070312,209.80430603027344,548320
2013-08-26,243.0,249.85000610351562,242.75,243.8000030517578,209.49716186523438,134260
2013-08-27,243.0,243.50750732421875,235.0,235.1374969482422,202.05348205566406,196160
2013-08-28,238.6999969482422,238.6999969482422,228.27499389648438,231.04750061035156,198.53890991210938,809420
2013-08-29,229.25,235.84500122070312,229.25,233.78500366210938,200.8912811279297,173940
2013-08-30,234.9824981689453,247.5,234.9824981689453,244.8350067138672,210.38650512695312,955100
2013-09-02,244.85000610351562,249.0,244.49749755859375,248.3574981689453,213.4134063720703,219680
2013-09-03,241.11500549316406,248.74749755859375,241.11500549316406,246.13250732421875,211.50146484375,304320
2013-09-04,246.25250244140625,251.4425048828125,246.25,249.0574951171875,214.01486206054688,736860
2013-09-05,246.60499572753906,254.84249877929688,246.49749755859375,249.90499877929688,214.74317932128906,421520
2013-09-06,251.25,251.99000549316406,247.75,250.41749572753906,215.18356323242188,356820
2013-09-10,250.5,252.7550048828125,249.5,250.53750610351562,215.2866668701172,414740
2013-09-11,250.0,255.0,249.9499969482422,252.7050018310547,217.14915466308594,1259800
2013-09-12,250.0500030517578,252.5,248.0,249.3125,214.23402404785156,336040
2013-09-13,249.3125,250.10000610351562,246.8000030517578,247.91749572753906,213.03524780273438,512840
2013-09-16,248.75,251.3249969482422,238.5,242.63999938964844,208.50033569335938,197940
2013-09-17,243.60000610351562,250.94500732421875,242.5,249.05250549316406,214.01058959960938,343260
2013-09-18,250.04750061035156,251.75,246.75999450683594,250.94749450683594,215.6389923095703,376540
2013-09-19,251.0175018310547,253.0050048828125,249.49249267578125,251.46499633789062,216.083740234375,1212040
2013-09-20,249.5,252.0,246.6699981689453,251.23500061035156,215.88601684570312,151060
2013-09-23,248.75,251.93499755859375,245.0,247.14999389648438,212.3757781982422,380980
2013-09-24,246.25250244140625,249.8925018310547,244.1699981689453,246.83999633789062,212.10943603515625,282780
2013-09-25,250.0,250.0,245.15249633789062,247.0749969482422,212.31130981445312,418000
2013-09-26,249.25,254.0,247.5500030517578,251.72000122070312,216.30274963378906,2420800
2013-09-27,253.5,256.20001220703125,249.60000610351562,254.90499877929688,219.0396270751953,495980
2013-09-30,254.05499267578125,263.95001220703125,254.05499267578125,260.9775085449219,224.2577667236328,673700
2013-10-01,257.3999938964844,261.0,255.55250549316406,259.5249938964844,223.00962829589844,426100
2013-10-03,260.010009765625,262.5,255.0500030517578,257.8525085449219,221.5724334716797,536740
2013-10-04,260.95001220703125,260.95001220703125,252.75,254.10499572753906,218.3522186279297,366100
2013-10-07,255.5,255.5,251.6699981689453,253.52000427246094,217.84954833984375,496180
2013-10-08,253.49749755859375,253.49749755859375,250.10499572753906,250.6824951171875,215.41127014160156,119920
2013-10-09,251.4499969482422,254.79750061035156,250.1024932861328,252.8699951171875,217.291015625,491560
2013-10-10,254.64999389648438,256.45001220703125,251.85000610351562,255.75750732421875,219.77215576171875,455940
2013-10-11,255.8000030517578,255.9499969482422,251.0500030517578,252.7375030517578,217.17713928222656,182940
2013-10-14,254.96499633789062,255.5,252.60000610351562,254.6649932861328,218.83338928222656,252460
2013-10-15,255.5500030517578,268.447509765625,255.0,264.4125061035156,227.20945739746094,1499260
2013-10-17,265.2774963378906,275.93499755859375,265.2774963378906,273.4200134277344,234.9495849609375,1797480
2013-10-18,274.6000061035156,278.49749755859375,274.6000061035156,276.4775085449219,237.57691955566406,1084060
2013-10-21,276.75,278.94000244140625,273.1099853515625,275.5249938964844,236.75848388671875,493320
2013-10-22,276.989990234375,282.0,275.61749267578125,280.2325134277344,240.80352783203125,562400
2013-10-23,280.5325012207031,282.5849914550781,278.6099853515625,280.9599914550781,241.42868041992188,378400
2013-10-24,280.0,281.25,275.125,278.1199951171875,238.98825073242188,149080
2013-10-25,275.0,277.6075134277344,275.0,276.6600036621094,237.73374938964844,218280
2013-10-28,275.0,280.0,269.76251220703125,278.79998779296875,239.57252502441406,321700
2013-10-29,276.5,280.4125061035156,275.5,279.61248779296875,240.27076721191406,424140
2013-10-30,279.99749755859375,280.24749755859375,275.6050109863281,279.86749267578125,240.4899139404297,466080
2013-10-31,276.0,280.01251220703125,276.0,279.8475036621094,240.47276306152344,953440
2013-11-01,279.70001220703125,287.3949890136719,279.54998779296875,285.79998779296875,246.38003540039062,1175020
2013-11-05,286.75,289.94500732421875,284.95001220703125,286.6424865722656,247.10641479492188,598680
2013-11-06,284.75,286.25,279.0,280.3699951171875,241.69906616210938,562400
2013-11-07,280.010009765625,287.54998779296875,280.010009765625,286.7875061035156,247.2313232421875,859800
2013-11-08,285.0,292.20001220703125,283.0,288.1575012207031,248.4123992919922,2356240
2013-11-11,285.0,288.697509765625,279.5,280.75750732421875,242.0330810546875,583480
2013-11-12,281.5,286.25,281.5,283.0675048828125,244.0244903564453,407800
2013-11-13,281.0,285.49749755859375,279.0150146484375,279.9674987792969,241.35198974609375,630880
2013-11-14,281.5,283.75,280.30499267578125,282.1499938964844,243.23345947265625,466920
2013-11-18,282.75,285.0224914550781,281.1000061035156,283.7225036621094,244.58912658691406,947420
2013-11-19,285.25,285.25,279.0975036621094,280.19500732421875,241.54812622070312,819980
2013-11-20,280.25,281.1875,275.8525085449219,277.4100036621094,239.14727783203125,593840
2013-11-21,278.75,279.25,273.5,274.5400085449219,236.67311096191406,1519180
2013-11-22,279.0,279.1474914550781,271.1199951171875,272.9224853515625,235.2786865234375,1215020
2013-11-25,274.0,276.75,269.5,271.7950134277344,234.30677795410156,2260320
2013-11-26,272.3999938964844,274.70001220703125,255.5500030517578,264.9324951171875,228.39076232910156,14922460
2013-11-27,260.75,277.6499938964844,257.79998779296875,271.8525085449219,234.3563690185547,5292360
2013-11-28,268.75,269.20001220703125,260.0,261.2200012207031,225.19033813476562,1640440
2013-11-29,262.25,263.29998779296875,255.5500030517578,257.25250244140625,221.77003479003906,1393660
2013-12-02,259.0,262.20001220703125,258.0,259.3949890136719,223.6170654296875,533520
2013-12-03,260.5,261.2449951171875,254.0,254.95249938964844,219.78729248046875,519420
2013-12-04,254.75,257.239990234375,250.6750030517578,251.63999938964844,216.93173217773438,496520
2013-12-05,251.0,257.20001220703125,251.0,254.76499938964844,219.62570190429688,454160
2013-12-06,254.10000610351562,256.29998779296875,252.10000610351562,253.37750244140625,218.42955017089844,540840
2013-12-09,255.25250244140625,257.3575134277344,251.0500030517578,252.02499389648438,217.26358032226562,938220
2013-12-10,251.25,254.4949951171875,250.5,251.05499267578125,216.42735290527344,747280
2013-12-11,251.10000610351562,251.8925018310547,249.5,250.20249938964844,215.69247436523438,404880
2013-12-12,251.99000549316406,253.75,249.85000610351562,250.3874969482422,215.85195922851562,462800
2013-12-13,248.89999389648438,252.10000610351562,244.75,246.03750610351562,212.10194396972656,573500
2013-12-16,247.5,255.69500732421875,246.25250244140625,252.44500732421875,217.62567138671875,638300
2013-12-17,250.75,259.8999938964844,250.75,258.7124938964844,223.0287322998047,902220
2013-12-18,257.54998779296875,262.5,257.54998779296875,261.8349914550781,225.72047424316406,1480160
2013-12-19,262.5,268.75,258.8500061035156,266.5824890136719,229.81320190429688,1147520
2013-12-20,264.1000061035156,276.5,264.1000061035156,273.2099914550781,235.52662658691406,1083480
2013-12-23,274.8999938964844,277.25,270.0,275.2349853515625,237.2721710205078,1092200
2013-12-24,276.0,277.25,268.5474853515625,269.9624938964844,232.7270050048828,542760
2013-12-26,270.54998779296875,272.18499755859375,267.5,268.1724853515625,231.1839599609375,241040
2013-12-27,268.6499938964844,272.51251220703125,266.3999938964844,266.9624938964844,230.1408233642578,187640
2013-12-30,267.0,269.75,266.54998779296875,267.4775085449219,230.58480834960938,306580
2013-12-31,267.54998779296875,269.1000061035156,263.0,264.4624938964844,227.98556518554688,231700
2014-01-01,264.5,267.1499938964844,264.5,265.5899963378906,228.95762634277344,127160
2014-01-02,266.2875061035156,267.70001220703125,259.697509765625,264.00750732421875,227.5933837890625,519680
2014-01-03,268.25,280.0,265.54998779296875,266.67999267578125,229.89727783203125,1823300
2014-01-06,268.79998779296875,272.20001220703125,267.0,269.38250732421875,232.22694396972656,505760
2014-01-07,270.697509765625,272.0,268.25,269.0950012207031,231.9791717529297,392900
2014-01-08,269.7449951171875,271.3949890136719,268.9949951171875,271.1199951171875,233.72483825683594,400960
2014-01-09,271.25,271.75,268.25,268.6424865722656,231.58905029296875,164700
2014-01-10,269.5,272.5,267.54998779296875,270.2974853515625,233.0158233642578,588220
2014-01-13,272.0,272.3974914550781,269.0,271.3450012207031,233.91879272460938,347600
2014-01-14,270.5,270.74749755859375,267.54998779296875,268.9725036621094,231.87350463867188,338080
2014-01-15,268.0,270.0,260.75,261.8575134277344,225.73995971679688,553280
2014-01-16,263.0,266.0,256.25,256.5174865722656,221.1364288330078,503500
2014-01-17,257.5,263.25,257.5,261.9024963378906,225.7787322998047,491340
2014-01-20,261.20001220703125,261.45001220703125,259.0899963378906,260.0450134277344,224.17738342285156,179660
2014-01-21,260.0450134277344,260.1000061035156,257.5,258.86248779296875,223.1580047607422,160960
2014-01-22,258.75,258.75750732421875,256.75,257.239990234375,221.7593231201172,318060
2014-01-23,259.5,259.5,253.75,254.17750549316406,219.1191864013672,901220
2014-01-24,254.17750549316406,256.1499938964844,253.39999389648438,254.05999755859375,219.01785278320312,718880
2014-01-27,253.3000030517578,256.04998779296875,251.0500030517578,252.5050048828125,217.67738342285156,270700
2014-01-28,252.5,252.95750427246094,247.5,247.96749877929688,213.7657928466797,336840
2014-01-29,249.5,252.0500030517578,248.10000610351562,251.66000366210938,216.9489288330078,463480
2014-01-30,250.5,251.66000366210938,246.25,247.2899932861328,213.18170166015625,454840
2014-01-31,251.9499969482422,254.5500030517578,245.1199951171875,252.3574981689453,217.55018615722656,735800
2014-02-03,249.64999389648438,252.36500549316406,246.0,246.9324951171875,212.87353515625,411240
2014-02-04,246.0,250.53750610351562,246.0,248.0225067138672,213.81314086914062,396440
2014-02-05,248.10000610351562,251.94500732421875,248.0,250.65750122070312,216.0846710205078,558920
2014-02-06,249.26499938964844,251.4875030517578,249.0050048828125,249.9774932861328,215.49850463867188,466480
2014-02-07,250.0,252.0,250.0,250.8125,216.21836853027344,636200
2014-02-10,250.0,252.0500030517578,249.30250549316406,251.7274932861328,217.00711059570312,267440
2014-02-11,250.26499938964844,256.7275085449219,250.26499938964844,252.89500427246094,218.0135955810547,427300
2014-02-12,251.14999389648438,255.75,251.14999389648438,252.77000427246094,217.9058837890625,1170920
2014-02-13,255.0,259.8999938964844,253.75250244140625,254.9425048828125,219.77867126464844,938820
2014-02-14,254.25,257.0,252.5,254.1425018310547,219.08901977539062,400960
2014-02-17,250.0,254.23500061035156,247.5,250.21499633789062,215.70323181152344,1603800
2014-02-18,248.25,252.35000610351562,248.25,251.2375030517578,216.584716796875,225260
2014-02-19,251.72000122070312,254.00250244140625,251.44000244140625,252.90499877929688,218.0222625732422,243880
2014-02-20,251.64999389648438,253.18499755859375,251.55250549316406,252.1699981689453,217.38861083984375,868300
2014-02-21,250.60000610351562,254.0,250.60000610351562,252.8625030517578,217.98556518554688,611680
2014-02-24,251.10000610351562,253.24749755859375,250.49749755859375,252.16000366210938,217.3800048828125,1967360
2014-02-25,250.75,252.19500732421875,249.0050048828125,250.03250122070312,215.54591369628906,1304840
2014-02-26,248.25,251.19500732421875,248.25,249.94000244140625,215.4661865234375,2149080
2014-02-28,249.10499572753906,250.67750549316406,238.74249267578125,243.22500610351562,209.67738342285156,16981640
2014-03-03,243.0500030517578,243.7550048828125,231.60000610351562,232.84500122070312,200.72903442382812,1178100
2014-03-04,233.75,236.0,232.35000610351562,235.52499389648438,203.0394287109375,609800
2014-03-05,236.75,241.24749755859375,235.75,238.8524932861328,205.90797424316406,660060
2014-03-06,238.75,244.25,238.75,243.1699981689453,209.62994384765625,535440
2014-03-07,243.6699981689453,246.5,242.83749389648438,245.5449981689453,211.67738342285156,957120
2014-03-10,246.0,246.4499969482422,238.14999389648438,240.02499389648438,206.91873168945312,621380
2014-03-11,243.75,243.75,238.125,239.94000244140625,206.8455047607422,252400
2014-03-12,240.49000549316406,240.97250366210938,239.0,239.72000122070312,206.65586853027344,335820
2014-03-13,240.05999755859375,240.84750366210938,237.5,239.3000030517578,206.29373168945312,440020
2014-03-14,239.83999633789062,239.83999633789062,235.60000610351562,237.9324951171875,205.1148223876953,670320
2014-03-18,240.75,245.0,235.5800018310547,239.55999755859375,206.51788330078125,634660
2014-03-19,240.49000549316406,242.875,240.0050048828125,241.02499389648438,207.78077697753906,542220
2014-03-20,242.3000030517578,242.3000030517578,240.2624969482422,241.2675018310547,207.98985290527344,228760
2014-03-21,241.0,243.25,236.0,236.57000732421875,203.94027709960938,653760
2014-03-24,239.0,239.74000549316406,235.3000030517578,236.06500244140625,203.50494384765625,472780
2014-03-25,236.10000610351562,237.4949951171875,235.35000610351562,236.0050048828125,203.4532012939453,416980
2014-03-26,237.75,239.4499969482422,235.5,238.5574951171875,205.6536407470703,770980
2014-03-27,239.10000610351562,246.25,236.62249755859375,242.9875030517578,209.47264099121094,1353040
2014-03-28,245.0,249.75,242.25,248.2324981689453,213.99417114257812,952160
2014-03-31,246.25,253.5,246.25,251.4375,216.75714111328125,1041360
2014-04-01,253.4499969482422,253.5,241.625,242.3925018310547,208.9596710205078,1412740
2014-04-02,244.99749755859375,245.5,242.27749633789062,243.27749633789062,209.72265625,1078400
2014-04-03,244.75,245.49749755859375,241.99249267578125,244.28500366210938,210.59117126464844,675780
2014-04-04,243.75,244.5,241.25,241.79249572753906,208.44239807128906,580520
2014-04-07,243.75,247.6300048828125,241.25,245.8625030517578,211.95103454589844,759100
2014-04-09,245.0,249.74749755859375,245.0,246.4824981689453,212.48556518554688,614000
2014-04-10,245.6824951171875,249.21499633789062,241.9250030517578,244.06500244140625,210.4014892578125,980720
2014-04-11,244.0500030517578,244.7050018310547,241.25,241.4824981689453,208.1752471923828,399460
2014-04-15,241.44500732421875,244.47000122070312,238.5,241.69000244140625,208.3540496826172,897120
2014-04-16,242.49000549316406,242.9824981689453,238.5,238.95750427246094,205.9984893798828,266600
2014-04-17,240.25,240.25,237.50250244140625,238.16250610351562,205.31317138671875,576640
2014-04-21,240.0,240.0,235.85000610351562,236.1750030517578,203.59976196289062,469180
2014-04-22,236.4324951171875,237.75,235.64999389648438,236.1374969482422,203.5674285888672,473080
2014-04-23,237.3000030517578,238.0,235.75,236.44749450683594,203.83465576171875,364580
2014-04-24,236.44749450683594,236.44749450683594,236.44749450683594,236.44749450683594,203.83465576171875,0
2014-04-25,236.3000030517578,239.8350067138672,236.3000030517578,238.82749938964844,205.88638305664062,530200
2014-04-28,238.1999969482422,239.80250549316406,235.0,235.2624969482422,202.81314086914062,360100
2014-04-29,235.25,237.4949951171875,235.15499877929688,236.2624969482422,203.67520141601562,391700
2014-04-30,235.26499938964844,239.0,234.25,238.44000244140625,205.55235290527344,638100
2014-05-02,237.75,239.74249267578125,236.0500030517578,236.6875,204.04153442382812,163080
2014-05-05,237.25,238.75,235.17999267578125,235.4949951171875,203.0135498046875,1553960
2014-05-06,235.3000030517578,237.99249267578125,233.5050048828125,234.32749938964844,202.007080078125,7512480
2014-05-07,235.4499969482422,236.24000549316406,233.25250244140625,234.05250549316406,201.7699737548828,807880
2014-05-08,234.05250549316406,236.25,234.05250549316406,234.89999389648438,202.50064086914062,6172180
2014-05-09,235.0,239.75,234.5175018310547,239.09500122070312,206.1170196533203,1817320
2014-05-12,239.75,242.39999389648438,237.34500122070312,242.0800018310547,208.6903076171875,747000
2014-05-13,240.0175018310547,244.0,240.0175018310547,243.6750030517578,210.06529235839844,1006480
2014-05-14,239.9425048828125,239.9425048828125,236.2550048828125,238.75999450683594,205.8282012939453,5112840
2014-05-15,237.35000610351562,238.74749755859375,234.0,235.44000244140625,204.03433227539062,527680
2014-05-16,239.89999389648438,239.89999389648438,230.25250244140625,231.50750732421875,200.6263885498047,880600
2014-05-19,232.5,233.65499877929688,228.05250549316406,229.29249572753906,198.7068634033203,529240
2014-05-20,229.0,229.25,226.25,228.29750061035156,197.84458923339844,4390460
2014-05-21,228.5500030517578,235.00250244140625,227.5,234.65750122070312,203.35621643066406,522200
2014-05-22,234.80499267578125,237.89999389648438,233.14999389648438,236.69749450683594,205.1240692138672,5328060
2014-05-23,238.24749755859375,239.19500732421875,234.8000030517578,237.21249389648438,205.5703887939453,524760
2014-05-26,239.35000610351562,239.35000610351562,236.25,237.17999267578125,205.54222106933594,690780
2014-05-27,236.25,237.5,236.1374969482422,236.8874969482422,205.2887420654297,517200
2014-05-28,236.25250244140625,239.89999389648438,236.25,238.3874969482422,206.5886688232422,471960
2014-05-29,237.5050048828125,239.9499969482422,236.55250549316406,239.20249938964844,207.29493713378906,420080
2014-05-30,237.60000610351562,254.0,236.89999389648438,248.0500030517578,214.96224975585938,2420500
2014-06-02,247.5574951171875,247.5574951171875,239.40750122070312,239.9824981689453,207.97096252441406,378800
2014-06-03,239.0,243.89999389648438,239.0,240.4875030517578,208.40858459472656,233100
2014-06-04,240.0,241.9774932861328,238.0500030517578,238.47999572753906,206.6688232421875,295340
2014-06-05,238.15249633789062,244.61749267578125,238.15249633789062,242.6074981689453,210.2457275390625,1724500
2014-06-06,242.89999389648438,247.25,241.25250244140625,246.0500030517578,213.2290802001953,581840
2014-06-09,245.60000610351562,246.5,243.9499969482422,244.62750244140625,211.99632263183594,594160
2014-06-10,244.25,249.5,243.25,248.25999450683594,215.14427185058594,553760
2014-06-11,248.25,251.25,245.8175048828125,250.77749633789062,217.32595825195312,635940
2014-06-12,248.75,250.9499969482422,247.75250244140625,249.8975067138672,216.56332397460938,733280
2014-06-13,248.35000610351562,250.2550048828125,246.5,248.59750366210938,215.43678283691406,1016760
2014-06-16,246.89999389648438,251.15750122070312,245.16000366210938,250.3000030517578,216.91217041015625,341000
2014-06-17,248.75,250.625,248.19500732421875,250.2100067138672,216.8341827392578,756200
2014-06-18,249.0050048828125,251.9499969482422,245.5500030517578,247.8350067138672,214.77597045898438,353640
2014-06-19,245.75,249.19749450683594,245.75,246.97500610351562,214.0306854248047,228580
2014-06-20,245.60000610351562,249.5,243.3000030517578,246.90750122070312,213.9722137451172,463520
2014-06-23,248.0,248.0,245.3074951171875,247.30499267578125,214.31668090820312,249600
2014-06-24,247.0,247.6699981689453,245.5,246.44000244140625,213.5670166015625,204120
2014-06-25,245.60000610351562,248.24000549316406,245.60000610351562,247.5399932861328,214.5203094482422,155520
2014-06-26,245.7550048828125,249.9499969482422,245.7550048828125,249.45750427246094,216.18199157714844,225820
2014-06-27,247.5050048828125,247.99749755859375,245.0500030517578,246.8350067138672,213.90936279296875,234580
2014-06-30,246.5,247.4949951171875,245.5500030517578,246.4875030517578,213.60821533203125,475360
2014-07-01,246.5500030517578,248.23500061035156,246.0,246.6925048828125,213.78587341308594,316520
2014-07-02,246.75250244140625,250.0,246.6925048828125,249.47000122070312,216.19287109375,295080
2014-07-03,249.0,250.5,246.6999969482422,249.8975067138672,216.56332397460938,258180
2014-07-04,250.60000610351562,252.5,248.1199951171875,248.69749450683594,215.52334594726562,456560
2014-07-07,249.9499969482422,254.4949951171875,247.63250732421875,251.14500427246094,217.6444091796875,865840
2014-07-08,251.60000610351562,252.43499755859375,247.6999969482422,249.16000366210938,215.9241943359375,386500
2014-07-09,251.0,251.0,248.5500030517578,250.35000610351562,216.95547485351562,321240
2014-07-10,252.5,252.85000610351562,241.55999755859375,247.71749877929688,214.67413330078125,424440
2014-07-11,247.75,250.99749755859375,246.64999389648438,249.60000610351562,216.30548095703125,1975260
2014-07-14,248.0,249.0050048828125,246.25,247.88499450683594,214.81924438476562,165640
2014-07-15,247.9499969482422,248.3975067138672,245.8000030517578,247.3249969482422,214.333984375,122040
2014-07-16,247.3175048828125,250.5,247.0,248.52749633789062,215.3760528564453,1198940
2014-07-17,247.89999389648438,250.5,247.5500030517578,249.74000549316406,216.4268035888672,193160
2014-07-18,248.75750732421875,251.0,247.75,250.63999938964844,217.206787109375,195120
2014-07-21,248.60499572753906,252.75,248.60499572753906,251.92750549316406,218.32257080078125,322020
2014-07-22,250.64999389648438,261.0,250.64999389648438,260.1499938964844,225.44825744628906,990700
2014-07-23,260.1000061035156,261.0,256.54998779296875,258.5899963378906,224.0963134765625,145040
2014-07-24,258.7900085449219,260.1549987792969,255.05499267578125,257.4549865722656,223.1127166748047,137660
2014-07-25,259.5,262.4200134277344,256.9624938964844,258.29998779296875,223.8450164794922,583360
2014-07-28,258.74249267578125,261.20001220703125,257.5625,259.3299865722656,224.73757934570312,194260
2014-07-30,256.29998779296875,261.5,253.89999389648438,259.0924987792969,224.5317840576172,548400
2014-07-31,258.70001220703125,259.9075012207031,255.02749633789062,256.4175109863281,222.21365356445312,478720
2014-08-01,257.1499938964844,261.45001220703125,255.5,260.1549987792969,225.45257568359375,479940
2014-08-04,261.1424865722656,261.5,259.2200012207031,260.4324951171875,225.6930694580078,390460
2014-08-05,259.75,261.0,259.25,260.4750061035156,225.72991943359375,296120
2014-08-06,259.95001220703125,266.99749755859375,258.1000061035156,264.9825134277344,229.63613891601562,815660
2014-08-07,265.75,271.7749938964844,265.00250244140625,270.25,234.20101928710938,1565380
2014-08-08,270.29998779296875,270.29998779296875,264.5,268.1675109863281,232.39627075195312,518980
2014-08-11,269.9949951171875,270.5,264.00250244140625,269.1575012207031,233.2541961669922,373300
2014-08-12,266.9750061035156,271.25,265.0050048828125,266.7049865722656,231.1288604736328,276180
2014-08-13,265.0799865722656,282.1499938964844,265.0799865722656,278.052490234375,240.962646484375,1387340
2014-08-14,279.75,281.79998779296875,271.5,278.614990234375,241.45013427734375,544020
2014-08-18,278.0,287.00250244140625,277.3074951171875,282.75750732421875,245.04014587402344,549780
2014-08-19,280.3999938964844,291.67498779296875,280.3999938964844,288.2225036621094,249.7761993408203,673460
2014-08-20,285.3399963378906,290.9949951171875,285.29998779296875,289.7900085449219,251.134521484375,289260
2014-08-21,289.95001220703125,292.4949951171875,287.5,291.7025146484375,252.79193115234375,352600
2014-08-22,292.0,292.0,289.1549987792969,290.4624938964844,251.71728515625,599580
2014-08-25,292.0,292.5,289.32501220703125,290.5849914550781,251.82345581054688,278420
2014-08-26,292.5,294.5,290.1000061035156,293.4100036621094,254.2716827392578,240360
2014-08-27,294.8924865722656,296.197509765625,291.12249755859375,294.947509765625,255.6040496826172,365020
2014-08-28,292.75,307.75,292.6000061035156,301.427490234375,261.2196960449219,1456360
2014-09-01,302.5,307.1499938964844,301.25,303.1000061035156,262.6690673828125,270760
2014-09-02,302.5,305.5,302.447509765625,304.7025146484375,264.057861328125,233060
2014-09-03,300.2550048828125,310.0,300.2550048828125,307.4775085449219,266.462646484375,557580
2014-09-04,307.42498779296875,314.95001220703125,307.3999938964844,312.6474914550781,270.94305419921875,397880
2014-09-05,316.989990234375,316.989990234375,307.75,309.38250732421875,268.11358642578125,367440
2014-09-08,311.5,323.5,311.4949951171875,319.99249267578125,277.3082275390625,556340
2014-09-09,318.80499267578125,323.75,318.04998779296875,320.5,277.7480773925781,733040
2014-09-10,320.5,321.95001220703125,317.239990234375,319.0425109863281,276.48504638671875,363880
2014-09-11,321.25,331.0,320.7774963378906,327.635009765625,283.9313659667969,546040
2014-09-12,330.0,330.0,317.75,319.2300109863281,276.6474914550781,335000
2014-09-15,318.75,324.8500061035156,313.7025146484375,315.947509765625,275.095458984375,334720
2014-09-16,316.25,323.45001220703125,300.05499267578125,307.30499267578125,267.5704345703125,737220
2014-09-17,307.5,308.4825134277344,299.010009765625,304.4224853515625,265.06060791015625,542440
2014-09-18,303.74749755859375,312.25,301.00250244140625,311.2025146484375,270.9640197753906,291920
2014-09-19,311.25,313.114990234375,299.0,302.62750244140625,263.4977111816406,459640
2014-09-22,300.04998779296875,304.5,299.6000061035156,301.23748779296875,262.2874755859375,219120
2014-09-23,300.04998779296875,303.24249267578125,294.04998779296875,295.5574951171875,257.3419189453125,243720
2014-09-24,299.95001220703125,307.5,295.0,306.4949951171875,266.865234375,362720
2014-09-25,303.75,312.3999938964844,302.5050048828125,305.4549865722656,265.9596252441406,311440
2014-09-26,305.4549865722656,309.95001220703125,302.3999938964844,307.9200134277344,268.10589599609375,311600
2014-09-29,302.5,312.2850036621094,302.5,310.322509765625,270.19781494140625,327300
2014-09-30,312.95001220703125,312.95001220703125,296.25750732421875,298.4324951171875,259.84515380859375,615660
2014-10-01,301.3500061035156,303.69000244140625,298.0,300.5474853515625,261.6866760253906,416380
2014-10-07,298.052490234375,299.9949951171875,297.3500061035156,297.88250732421875,259.36627197265625,325020
2014-10-08,297.5,301.19000244140625,295.0,296.3349914550781,258.01885986328125,358840
2014-10-09,296.25,302.9949951171875,296.25,301.1724853515625,262.23095703125,251980
2014-10-10,298.25,301.1700134277344,293.552490234375,294.6650085449219,256.5648498535156,359840
2014-10-13,295.5,304.75,295.5,300.3699951171875,261.5320739746094,401160
2014-10-14,300.29998779296875,310.0,295.04998779296875,297.302490234375,258.8612365722656,418220
2014-10-15,297.302490234375,297.302490234375,297.302490234375,297.302490234375,258.8612365722656,0
2014-10-16,296.1000061035156,298.75,285.25,287.48748779296875,250.31524658203125,467240
2014-10-17,289.70001220703125,292.5,281.75,284.7550048828125,247.9361572265625,399400
2014-10-20,285.25250244140625,289.70001220703125,285.25250244140625,288.44500732421875,251.1490478515625,213560
2014-10-21,286.54998779296875,299.75,286.54998779296875,298.49249267578125,259.8974609375,431000
2014-10-22,300.072509765625,301.8475036621094,295.5675048828125,298.5874938964844,259.9801025390625,153540
2014-10-27,300.5,306.95001220703125,300.04998779296875,304.9949951171875,265.55914306640625,503520
2014-10-28,307.1000061035156,307.4949951171875,296.0,297.4024963378906,258.94830322265625,406080
2014-10-29,297.3500061035156,307.5,296.25750732421875,306.42498779296875,266.8042297363281,738500
2014-10-30,303.05999755859375,309.4949951171875,303.05999755859375,306.6575012207031,267.00653076171875,406400
2014-10-31,306.6499938964844,315.0,304.99749755859375,312.8599853515625,272.4071350097656,589340
2014-11-03,313.04998779296875,320.1000061035156,308.3525085449219,318.13250732421875,276.9978942871094,659180
2014-11-05,320.0,320.0,314.0050048828125,317.677490234375,276.6016845703125,323260
2014-11-07,318.9949951171875,322.5,312.8500061035156,321.7074890136719,280.1107177734375,362660
2014-11-10,322.3500061035156,322.5,315.0,317.5950012207031,276.5299377441406,252400
2014-11-11,317.6499938964844,325.0,317.23748779296875,323.2825012207031,281.4819641113281,339680
2014-11-12,324.54998779296875,324.54998779296875,315.2925109863281,316.375,275.4676818847656,360660
2014-11-13,317.75,319.9075012207031,314.1499938964844,316.6300048828125,275.68963623046875,325940
2014-11-14,316.5,318.75,314.0,315.82501220703125,274.9888610839844,218140
2014-11-17,316.68499755859375,316.8500061035156,311.0,314.6099853515625,273.930908203125,272220
2014-11-18,314.6099853515625,317.2275085449219,307.0,307.9775085449219,268.15594482421875,533360
2014-11-19,306.25,311.9375,301.95001220703125,303.9100036621094,264.61431884765625,416040
2014-11-20,305.0,308.95001220703125,302.5,307.94500732421875,268.127685546875,328260
2014-11-21,305.50250244140625,317.25,305.50250244140625,316.82000732421875,275.85516357421875,531560
2014-11-24,313.67498779296875,315.95001220703125,310.04998779296875,315.2025146484375,274.4467468261719,276320
2014-11-25,314.0,321.7850036621094,313.49749755859375,316.927490234375,275.94879150390625,1122440
2014-11-26,316.927490234375,320.5,312.0,313.0174865722656,272.5443115234375,315760
2014-11-27,311.95001220703125,315.49249267578125,310.1000061035156,311.2850036621094,271.0357360839844,215980
2014-11-28,310.0,315.0,308.0,310.2025146484375,270.09326171875,391760
2014-12-01,309.552490234375,314.6000061035156,303.3974914550781,307.81500244140625,268.014404296875,929560
2014-12-02,306.0,310.75,305.54998779296875,310.00750732421875,269.9235534667969,257760
2014-12-03,310.95001220703125,317.0,310.95001220703125,316.2550048828125,275.3631286621094,687020
2014-12-04,316.25750732421875,318.75,314.5,317.1449890136719,276.1380615234375,493680
2014-12-05,316.75,318.99749755859375,313.0,315.1549987792969,274.4054870605469,187860
2014-12-08,313.0,317.5,313.0,316.7875061035156,276.1773986816406,191860
2014-12-09,315.0,318.75,311.05499267578125,315.2724914550781,274.8565673828125,190020
2014-12-10,313.25,317.5,313.0050048828125,315.6700134277344,275.2030944824219,280420
2014-12-11,315.6700134277344,317.9949951171875,311.2774963378906,313.2875061035156,273.1261901855469,315140
2014-12-12,315.0,316.4599914550781,311.5,314.11749267578125,273.849609375,240980
2014-12-15,314.5,314.5,304.11248779296875,305.9224853515625,266.7051696777344,197180
2014-12-16,305.0,309.99749755859375,299.2724914550781,301.8275146484375,263.1351318359375,332140
2014-12-17,301.79998779296875,306.9949951171875,299.5,302.6050109863281,263.81298828125,164860
2014-12-18,306.8949890136719,309.45001220703125,302.75,307.57501220703125,268.1459045410156,185660
2014-12-19,310.75,313.75,306.0,308.8900146484375,269.292236328125,547640
2014-12-22,312.5,314.38751220703125,309.0,312.5899963378906,272.5179748535156,259740
2014-12-23,310.3500061035156,314.0,308.5,310.0775146484375,270.32757568359375,152540
2014-12-24,307.614990234375,311.5,304.0,307.1824951171875,267.8036193847656,321680
2014-12-26,305.29998779296875,309.5,305.29998779296875,307.7724914550781,268.3180236816406,184680
2014-12-29,306.1000061035156,310.3924865722656,306.1000061035156,307.4024963378906,267.99554443359375,136120
2014-12-30,307.0299987792969,313.7275085449219,307.0299987792969,312.3800048828125,272.3349304199219,210480
2014-12-31,310.125,321.25250244140625,309.5,319.24249267578125,278.3177490234375,388500
2015-01-01,319.25,320.0,315.0,315.8974914550781,275.40142822265625,60500
2015-01-02,312.802490234375,318.32501220703125,312.802490234375,316.57501220703125,275.9920959472656,136860
2015-01-05,318.5,318.5,314.5,316.7449951171875,276.1402893066406,213800
2015-01-06,314.79998779296875,315.6524963378906,311.0,312.3399963378906,272.29998779296875,263180
2015-01-07,313.25,315.447509765625,312.37750244140625,313.6474914550781,273.4399108886719,713460
2015-01-08,313.75,317.25,313.75,315.0224914550781,274.6386413574219,150480
2015-01-09,318.5,323.99749755859375,313.67498779296875,319.3175048828125,278.3830871582031,409840
2015-01-12,321.0,326.0,319.2749938964844,323.13751220703125,281.71331787109375,951140
2015-01-13,323.5,337.04998779296875,323.5,335.7325134277344,292.69378662109375,1102160
2015-01-14,336.75,346.5,334.24749755859375,339.0924987792969,295.6230163574219,748060
2015-01-15,343.4599914550781,347.0,338.052490234375,340.4549865722656,296.8108825683594,1195060
2015-01-16,338.1000061035156,350.25,337.00250244140625,349.260009765625,304.48712158203125,997040
2015-01-19,350.25,355.0,349.2275085449219,353.697509765625,308.355712890625,708280
2015-01-20,353.6499938964844,355.5,350.0,353.7250061035156,308.37969970703125,568620
2015-01-21,354.38751220703125,356.0,351.9049987792969,354.0,308.6195373535156,622080
2015-01-22,353.75,358.5,352.6000061035156,354.8525085449219,309.3627014160156,1082980
2015-01-23,357.3999938964844,364.5,357.3999938964844,362.9175109863281,316.39373779296875,917320
2015-01-27,362.9150085449219,371.5,362.7974853515625,367.50250244140625,320.3910217285156,907000
2015-01-28,367.25,371.04998779296875,360.75250244140625,365.2025146484375,318.3858642578125,475240
2015-01-29,365.0,368.2449951171875,357.3999938964844,360.7225036621094,314.4801940917969,440800
2015-01-30,361.0,361.0,355.0,355.6524963378906,310.0600891113281,607740
2015-02-02,355.69000244140625,358.0775146484375,348.8175048828125,352.9825134277344,307.73248291015625,494320
2015-02-03,355.54998779296875,359.5,347.5,353.92498779296875,308.5540771484375,378180
2015-02-04,353.8999938964844,356.9574890136719,347.79998779296875,348.88751220703125,304.1623229980469,131760
2015-02-05,352.5,352.5,340.5,344.9574890136719,300.7361145019531,340860
2015-02-06,345.0,348.5,342.5,344.2275085449219,300.0997619628906,177620
2015-02-09,344.5,346.5,338.00250244140625,341.7699890136719,297.957275390625,311020
2015-02-10,345.0,350.8999938964844,338.3500061035156,339.7074890136719,296.1591491699219,318040
2015-02-11,344.95001220703125,350.0,340.25,344.052490234375,299.9471435546875,274160
2015-02-12,344.25,348.5,339.0150146484375,341.2300109863281,297.4864807128906,257740
2015-02-13,341.9949951171875,354.8900146484375,341.5,351.6824951171875,306.5990295410156,573700
2015-02-16,361.29998779296875,363.6000061035156,355.114990234375,357.36749267578125,311.5552978515625,477900
2015-02-18,357.5,361.25,353.00250244140625,358.4649963378906,312.5120849609375,643780
2015-02-19,358.75,358.75,350.68499755859375,352.0849914550781,306.95001220703125,230180
2015-02-20,352.54998779296875,361.885009765625,351.25,358.8349914550781,312.8347473144531,2695220
2015-02-23,360.260009765625,360.260009765625,348.125,349.9725036621094,305.1083068847656,584180
2015-02-24,350.0950012207031,353.99249267578125,346.5,350.48748779296875,305.5572204589844,1165940
2015-02-25,351.2099914550781,353.75,350.5,352.625,307.4208068847656,858920
2015-02-26,354.9849853515625,354.9849853515625,347.5,350.9700012207031,305.9778137207031,514040
2015-02-27,352.2325134277344,352.94500732421875,349.9750061035156,351.0450134277344,306.0431823730469,1312840
2015-03-02,352.4949951171875,352.4949951171875,347.49749755859375,349.50250244140625,304.6985168457031,521600
2015-03-03,352.0,358.0249938964844,346.614990234375,354.8125,309.3277893066406,524860
2015-03-04,358.20001220703125,365.95001220703125,355.6474914550781,364.98748779296875,318.1985168457031,905620
2015-03-05,365.0,368.322509765625,362.31500244140625,364.7974853515625,318.0328369140625,607680
2015-03-09,364.8500061035156,371.25,361.75,369.2149963378906,321.8839416503906,431520
2015-03-10,369.3450012207031,375.25,367.4725036621094,369.8575134277344,322.4441223144531,365160
2015-03-11,369.4800109863281,372.2875061035156,362.6499938964844,364.0350036621094,317.3680419921875,386900
2015-03-12,365.0050048828125,368.9949951171875,365.0050048828125,366.44500732421875,319.4690246582031,274020
2015-03-13,367.7674865722656,367.885009765625,362.7025146484375,364.95001220703125,318.16583251953125,430300
2015-03-16,367.3949890136719,367.3949890136719,362.75,363.8399963378906,317.197998046875,254460
2015-03-17,365.0,370.0,365.0,369.4624938964844,322.0998229980469,541880
2015-03-18,370.5,371.0,368.29998779296875,370.4200134277344,322.9345703125,992220
2015-03-19,371.0,371.0,366.04998779296875,368.36749267578125,321.1451721191406,540260
2015-03-20,370.0,370.0,361.25,363.2049865722656,316.64434814453125,548920
2015-03-23,364.20001220703125,364.2200012207031,354.5,356.69500732421875,310.96893310546875,472500
2015-03-24,359.25,359.5,349.5,351.0824890136719,306.0758972167969,535500
2015-03-25,348.6000061035156,354.74749755859375,348.6000061035156,352.0899963378906,306.954345703125,542640
2015-03-26,351.0,351.5450134277344,338.25,342.260009765625,298.38446044921875,847220
2015-03-27,344.8999938964844,345.8475036621094,338.54998779296875,340.75250244140625,297.0701599121094,524860
2015-03-30,342.0,349.95001220703125,342.0,347.20001220703125,302.6911926269531,903860
2015-03-31,347.5,356.6000061035156,341.3800048828125,347.36749267578125,302.837158203125,1284000
2015-04-01,352.54998779296875,352.99749755859375,343.5,346.1575012207031,301.7823791503906,274980
2015-04-06,349.44500732421875,357.5,346.32000732421875,356.0675048828125,310.4219055175781,498260
2015-04-07,356.07000732421875,358.74749755859375,353.2074890136719,357.87249755859375,311.9955749511719,354360
2015-04-08,357.29998779296875,358.4075012207031,350.5,352.30999755859375,307.1461181640625,253900
2015-04-09,353.0,355.6000061035156,353.0,355.04998779296875,309.53485107421875,609340
2015-04-10,356.1000061035156,356.9849853515625,353.25,354.92498779296875,309.4259338378906,899140
2015-04-13,355.99749755859375,355.99749755859375,353.30999755859375,354.927490234375,309.42803955078125,590040
2015-04-15,355.04998779296875,355.4674987792969,351.25,353.4200134277344,308.1138610839844,468540
2015-04-16,353.4200134277344,354.75,349.5,351.3399963378906,306.3003845214844,528120
2015-04-17,351.2124938964844,352.6499938964844,349.5,350.0425109863281,305.1692810058594,286920
2015-04-20,350.04998779296875,350.5,345.0,347.6600036621094,303.0923156738281,305160
2015-04-21,349.989990234375,349.989990234375,343.25,344.3924865722656,300.24359130859375,222660
2015-04-22,344.3500061035156,347.0,341.2650146484375,343.6025085449219,299.55487060546875,347480
2015-04-23,346.70001220703125,346.70001220703125,343.29998779296875,345.43499755859375,301.1524658203125,716540
2015-04-24,347.5,347.5,339.0050048828125,342.48748779296875,298.58270263671875,212780
2015-04-27,342.45001220703125,343.3999938964844,338.0450134277344,342.4049987792969,298.5108947753906,684780
2015-04-28,342.0,342.4949951171875,339.7724914550781,341.8424987792969,298.02044677734375,506520
2015-04-29,343.99749755859375,343.99749755859375,326.25,328.2724914550781,286.1900329589844,833100
2015-04-30,328.260009765625,335.49749755859375,326.2950134277344,328.6300048828125,286.501708984375,858380
2015-05-04,333.0,340.5,331.1700134277344,340.072509765625,296.4774169921875,338820
2015-05-05,340.45001220703125,341.75,338.6000061035156,340.3699951171875,296.7367248535156,291640
2015-05-06,340.4700012207031,341.0,337.8125,340.13751220703125,296.53411865234375,348660
2015-05-07,342.5,342.5,336.25,338.37750244140625,294.99969482421875,570180
2015-05-08,338.04998779296875,343.49749755859375,338.04998779296875,339.81500244140625,296.2528991699219,449040
2015-05-11,342.8450012207031,343.5,338.1600036621094,340.31500244140625,296.688720703125,787160
2015-05-12,340.6099853515625,342.25,334.0,335.2225036621094,292.24908447265625,761380
2015-05-13,335.2650146484375,340.5325012207031,332.5,335.07501220703125,292.12060546875,690220
2015-05-14,335.25,345.9849853515625,335.25,342.7250061035156,298.78985595703125,404840
2015-05-15,343.75,352.5,343.00750732421875,351.56500244140625,306.4966125488281,462760
2015-05-18,355.0050048828125,367.45001220703125,347.04998779296875,353.86749267578125,308.50390625,753320
2015-05-19,355.0,357.8974914550781,345.125,351.43499755859375,307.5348205566406,522280
2015-05-20,353.43499755859375,355.81500244140625,342.75,348.0799865722656,304.5989074707031,605100
2015-05-21,343.7449951171875,349.95001220703125,341.5,347.44500732421875,304.0431823730469,618140
2015-05-22,347.5,355.9750061035156,346.4024963378906,349.7950134277344,306.0997009277344,847920
2015-05-25,346.29998779296875,350.69500732421875,345.25,346.8299865722656,303.50494384765625,258300
2015-05-26,348.0,349.6499938964844,326.7550048828125,340.2674865722656,297.7623596191406,1256800
2015-05-27,340.2674865722656,356.75,338.79998779296875,353.125,309.0137023925781,1234000
2015-05-28,354.5,360.5,347.7749938964844,352.88250732421875,308.8014831542969,684300
2015-05-29,349.6000061035156,352.88250732421875,328.239990234375,337.5775146484375,295.40838623046875,2166760
2015-06-01,335.0,336.6499938964844,326.5474853515625,333.510009765625,291.848876953125,1366460
2015-06-02,338.6000061035156,349.9949951171875,337.75750732421875,340.1625061035156,297.6705017089844,1503080
2015-06-03,325.0,326.6499938964844,299.0,309.3475036621094,270.70477294921875,7808880
2015-06-04,294.0,302.5,290.0274963378906,300.2225036621094,262.7196044921875,8609540
2015-06-05,291.5,306.25,285.54998779296875,300.5799865722656,263.032470703125,15123780
2015-06-08,292.5,292.5,275.04998779296875,278.45001220703125,243.6668701171875,6897380
2015-06-09,279.5174865722656,306.0,276.25,298.2174987792969,260.965087890625,11377620
2015-06-10,302.4949951171875,312.0,301.0625,303.0174865722656,265.1654052734375,4943000
2015-06-11,307.94500732421875,315.29998779296875,298.7875061035156,308.2349853515625,269.7313232421875,6056040
2015-06-12,309.2250061035156,309.2250061035156,296.2674865722656,304.3599853515625,266.3402404785156,2093980
2015-06-15,302.3999938964844,302.5,294.6199951171875,297.75250244140625,260.55816650390625,1461340
2015-06-16,294.95001220703125,294.95001220703125,287.75,289.2325134277344,253.10243225097656,1749640
2015-06-17,287.25,295.0,282.54998779296875,291.94500732421875,255.4761199951172,2810340
2015-06-18,293.20001220703125,306.3999938964844,292.5,304.0824890136719,266.0973815917969,2379380
2015-06-19,300.5,316.25,300.5,314.04998779296875,274.8198547363281,2916820
2015-06-22,313.79998779296875,320.5574951171875,310.75,314.8299865722656,275.50238037109375,1578880
2015-06-23,314.5,314.5,305.0050048828125,306.3924865722656,268.1188659667969,1087660
2015-06-24,307.5,308.1575012207031,299.05499267578125,300.2049865722656,262.7043151855469,1100560
2015-06-25,300.25,302.45001220703125,290.51251220703125,291.822509765625,255.36895751953125,2730260
2015-06-26,296.1000061035156,298.5,293.5,297.9075012207031,260.6938171386719,1517260
2015-06-29,291.2749938964844,304.375,291.2749938964844,303.552490234375,265.6336669921875,1641920
2015-06-30,301.1000061035156,319.6000061035156,301.1000061035156,317.6099853515625,277.93511962890625,5053860
2015-07-01,320.0,324.70001220703125,305.79998779296875,307.2225036621094,268.8451843261719,3379980
2015-07-02,312.99749755859375,318.75,310.75,312.0799865722656,273.0959167480469,2226580
2015-07-03,315.74749755859375,317.24749755859375,307.54998779296875,308.260009765625,269.7530212402344,1795300
2015-07-06,309.99749755859375,309.99749755859375,303.75,306.0150146484375,267.7885437011719,772420
2015-07-07,309.5,309.5,303.0,304.24249267578125,266.2374267578125,1270540
2015-07-08,303.0,303.010009765625,298.0050048828125,299.7950134277344,262.3455505371094,2180020
2015-07-09,303.75,304.95001220703125,300.04998779296875,301.49749755859375,263.8353576660156,1416380
2015-07-10,303.0,303.5,296.302490234375,298.1700134277344,260.92352294921875,1841440
2015-07-13,301.0,301.0,294.75,297.7749938964844,260.577880859375,1314900
2015-07-14,299.4949951171875,299.70001220703125,296.76251220703125,297.6549987792969,260.4728698730469,814760
2015-07-15,296.0,299.7799987792969,296.0,298.3949890136719,261.120361328125,2028020
2015-07-16,299.49749755859375,302.2749938964844,298.75250244140625,301.2749938964844,263.6405944824219,710740
2015-07-17,301.0,306.25,300.99749755859375,303.92999267578125,265.96405029296875,1057040
2015-07-20,305.24749755859375,306.5899963378906,302.885009765625,303.552490234375,265.6336669921875,399060
2015-07-21,304.99749755859375,305.3924865722656,302.5,303.42498779296875,265.5220947265625,452920
2015-07-22,302.3999938964844,302.3999938964844,298.70001220703125,299.5299987792969,262.11358642578125,524660
2015-07-23,300.0,303.4949951171875,299.9700012207031,303.0199890136719,265.1676330566406,626740
2015-07-24,302.6000061035156,306.2225036621094,300.0,301.69500732421875,264.00823974609375,610640
2015-07-27,305.0,315.3424987792969,301.6499938964844,313.07000732421875,273.9621887207031,2264780
2015-07-28,313.25,315.0,308.45001220703125,309.62249755859375,270.9454040527344,1077740
2015-07-29,310.0,312.7300109863281,304.1199951171875,307.63250732421875,269.20391845703125,1462520
2015-07-30,301.6025085449219,319.5,299.0224914550781,316.55999755859375,277.0163269042969,3539580
2015-07-31,310.5,319.5,310.5,317.8699951171875,278.1626281738281,2239100
2015-08-03,319.25,325.0,311.00250244140625,316.3125,276.79974365234375,2175840
2015-08-04,317.4949951171875,319.17999267578125,316.010009765625,317.5325012207031,277.8673400878906,2115420
2015-08-05,340.0,349.8999938964844,329.510009765625,341.9175109863281,299.2061767578125,7291100
2015-08-06,326.68499755859375,329.79998779296875,322.5,324.30499267578125,283.79376220703125,3465900
2015-08-07,327.3999938964844,328.0,326.2774963378906,327.42999267578125,286.5284423828125,1386780
2015-08-10,327.5,328.364990234375,317.3525085449219,319.4200134277344,279.51904296875,1240620
2015-08-11,323.0174865722656,323.197509765625,315.0,315.86749267578125,276.4102783203125,1024740
2015-08-12,311.25,317.5,300.3525085449219,311.7149963378906,272.7764587402344,2288740
2015-08-13,315.0,326.6499938964844,311.70001220703125,315.86248779296875,276.4059143066406,10121700
2015-08-14,319.8999938964844,319.8999938964844,312.55499267578125,313.44000244140625,274.28607177734375,1277080
2015-08-17,313.44000244140625,313.99749755859375,306.5,306.7699890136719,268.44915771484375,908340
2015-08-18,310.04998779296875,310.3500061035156,307.0,308.2349853515625,269.7313232421875,1267800
2015-08-19,310.0,310.0,304.0625,304.93499755859375,266.8434143066406,1183320
2015-08-20,306.24749755859375,309.0,304.2875061035156,307.5450134277344,269.1274719238281,1310820
2015-08-21,303.75,309.75,303.0,304.5375061035156,266.49566650390625,738980
2015-08-24,303.8999938964844,310.4375,299.75,301.79998779296875,264.1000061035156,1571680
2015-08-25,304.74749755859375,311.0400085449219,301.45001220703125,308.1700134277344,269.6744079589844,1011360
2015-08-26,308.49749755859375,309.99249267578125,302.5,303.2099914550781,265.3339538574219,1139660
2015-08-27,308.25,308.75,301.5,302.8500061035156,265.0188903808594,719600
2015-08-28,305.0,307.0,302.0,305.2325134277344,267.1037902832031,863400
2015-08-31,304.99749755859375,305.24749755859375,297.5,298.2699890136719,261.0110168457031,1388160
2015-09-01,296.75,301.4224853515625,295.5,300.17999267578125,262.68243408203125,697040
2015-09-02,302.04998779296875,303.3599853515625,295.177490234375,296.5,259.462158203125,811500
2015-09-03,301.4750061035156,303.7349853515625,292.5,301.7724914550781,264.07598876953125,1035980
2015-09-04,302.5,303.24749755859375,298.0199890136719,299.7799987792969,262.33233642578125,390760
2015-09-07,300.1499938964844,301.5,298.0,300.0675048828125,262.583984375,620080
2015-09-08,299.04998779296875,300.2049865722656,294.0,295.1099853515625,258.2457580566406,745780
2015-09-09,296.99749755859375,299.75,296.552490234375,299.3299865722656,261.93853759765625,524680
2015-09-10,300.0,300.74749755859375,298.49749755859375,300.2550048828125,262.748046875,458920
2015-09-11,300.04998779296875,303.0,298.05999755859375,300.0625,262.57952880859375,283840
2015-09-14,301.0,303.45001220703125,300.0,302.82501220703125,264.9970397949219,369140
2015-09-15,301.99749755859375,304.5,300.0,301.1000061035156,263.4874267578125,427300
2015-09-16,304.3500061035156,306.8999938964844,300.1925048828125,304.8175048828125,266.7406921386719,1040500
2015-09-18,304.8175048828125,313.0,304.8175048828125,311.8349914550781,272.8815002441406,1297880
2015-09-21,312.75,312.75,308.5,308.8399963378906,270.2606506347656,198280
2015-09-22,311.0,315.0,306.25,307.4224853515625,269.020263671875,506640
2015-09-23,308.94500732421875,317.5174865722656,303.0,310.989990234375,272.14208984375,628980
2015-09-24,314.3999938964844,314.3999938964844,307.61749267578125,310.6025085449219,271.8030090332031,536920
2015-09-28,312.25,313.8999938964844,307.6499938964844,310.9649963378906,272.1202087402344,556260
2015-09-29,309.3999938964844,312.5,305.54998779296875,308.9800109863281,270.3830871582031,483740
2015-09-30,312.5,319.8999938964844,310.6700134277344,318.38250732421875,278.61114501953125,1097420
2015-10-01,318.20001220703125,321.70001220703125,316.1575012207031,321.125,281.01104736328125,606180
2015-10-05,322.5,324.1000061035156,321.29998779296875,323.92999267578125,283.4656982421875,588660
2015-10-06,324.0,325.95001220703125,321.25,324.76251220703125,284.19415283203125,464720
2015-10-07,324.5,324.5,315.7349853515625,316.87750244140625,277.2940673828125,738680
2015-10-08,319.6000061035156,320.95001220703125,317.0174865722656,318.37249755859375,278.60235595703125,179440
2015-10-09,318.3500061035156,322.45001220703125,317.62750244140625,320.8275146484375,280.750732421875,297500
2015-10-12,320.8500061035156,321.50250244140625,311.5,312.80499267578125,273.7303771972656,481200
2015-10-13,313.3500061035156,315.8800048828125,305.25750732421875,307.5975036621094,269.1733703613281,925300
2015-10-14,309.95001220703125,312.3999938964844,305.54998779296875,310.5325012207031,271.74176025390625,312380
2015-10-15,309.75,312.947509765625,307.5249938964844,310.32501220703125,271.56011962890625,482180
2015-10-16,312.5,333.49749755859375,308.5,327.75,286.8084716796875,6347460
2015-10-19,329.8999938964844,330.7200012207031,322.61248779296875,324.6499938964844,284.095703125,1438240
2015-10-20,329.9200134277344,332.42498779296875,325.5249938964844,326.82501220703125,285.9991149902344,1463060
2015-10-21,327.25,331.45001220703125,322.0050048828125,323.1650085449219,282.79620361328125,1199100
2015-10-23,327.5,327.5,315.55999755859375,316.4324951171875,276.90472412109375,781340
2015-10-26,317.8999938964844,321.0,314.0,315.81500244140625,276.3643798828125,668320
2015-10-27,319.95001220703125,320.5,317.25,317.7250061035156,278.0357666015625,666520
2015-10-28,318.5,319.00250244140625,315.0,316.8699951171875,277.2875061035156,596880
2015-10-29,316.875,318.5,312.5975036621094,314.5249938964844,275.2354431152344,955500
2015-10-30,311.5,313.1000061035156,307.5,308.69500732421875,270.13372802734375,1020400
2015-11-02,308.0,315.95001220703125,307.5,313.802490234375,274.60321044921875,593800
2015-11-03,314.95001220703125,316.0,310.25750732421875,310.88751220703125,272.0523986816406,570000
2015-11-04,312.5,323.70001220703125,310.98748779296875,312.5574951171875,273.5137634277344,3147420
2015-11-05,313.0,314.95001220703125,307.5,308.2825012207031,269.7728576660156,766180
2015-11-06,309.95001220703125,311.74749755859375,307.54998779296875,308.447509765625,269.9171142578125,321000
2015-11-09,306.25,309.99749755859375,304.95001220703125,305.57000732421875,267.3991394042969,1033660
2015-11-10,309.5,309.5,302.5,303.614990234375,265.6883850097656,656560
2015-11-13,307.739990234375,309.29998779296875,300.70001220703125,301.7099914550781,264.02130126953125,2315820
2015-11-16,302.5,303.5,298.125,299.322509765625,261.9320373535156,2203940
2015-11-17,300.25,306.8924865722656,297.54998779296875,304.2300109863281,266.2265625,1351420
2015-11-18,305.25,306.7449951171875,303.3999938964844,304.114990234375,266.1258239746094,556000
2015-11-19,305.45001220703125,316.1499938964844,304.25250244140625,314.00750732421875,274.7826843261719,1222960
2015-11-20,313.3999938964844,313.95001220703125,309.0,309.8125,271.11163330078125,398680
2015-11-23,309.95001220703125,311.29998779296875,305.5,307.0799865722656,268.720458984375,564060
2015-11-24,308.125,308.125,302.5,302.8175048828125,264.9904479980469,660460
2015-11-26,303.69500732421875,307.0,300.29998779296875,301.177490234375,263.5553283691406,1443780
2015-11-27,301.04998779296875,302.1625061035156,295.2774963378906,297.45001220703125,260.29345703125,2274160
2015-11-30,295.0,298.2074890136719,292.5,293.00250244140625,256.4014892578125,2847620
2015-12-01,292.94500732421875,297.5,292.94500732421875,293.9574890136719,257.23724365234375,1000000
2015-12-02,294.260009765625,296.0,291.7449951171875,293.4049987792969,256.7536926269531,1196540
2015-12-03,293.0,293.0,291.0,291.7950134277344,255.3448028564453,1324400
2015-12-04,291.79998779296875,295.3500061035156,290.25750732421875,292.8525085449219,256.2702941894531,824360
2015-12-07,294.8999938964844,295.5,290.989990234375,294.67999267578125,257.869384765625,351900
2015-12-08,294.6499938964844,294.9849853515625,291.0,291.2674865722656,254.88331604003906,1008160
2015-12-09,291.3550109863281,292.45001220703125,287.62750244140625,287.9849853515625,252.0107421875,2401160
2015-12-10,288.0,291.0,287.5,288.5325012207031,252.48992919921875,571580
2015-12-11,288.5325012207031,296.5,288.25,295.4125061035156,259.22918701171875,1069040
2015-12-14,295.4949951171875,295.4949951171875,289.12249755859375,293.98748779296875,257.978759765625,554860
2015-12-15,295.3500061035156,295.5,290.6524963378906,291.92999267578125,256.1733093261719,690380
2015-12-16,294.45001220703125,295.75,291.04998779296875,291.4200134277344,255.72573852539062,628300
2015-12-17,291.6000061035156,295.99749755859375,291.0400085449219,294.1675109863281,258.1366882324219,558220
2015-12-18,294.8500061035156,294.8500061035156,281.5,283.6499938964844,248.9075164794922,1229140
2015-12-21,285.75,286.6000061035156,283.260009765625,283.7174987792969,248.96658325195312,560320
2015-12-22,285.2449951171875,287.45001220703125,284.0,286.5,251.40830993652344,382600
2015-12-23,288.25,289.70001220703125,286.5,288.8999938964844,253.5143585205078,245060
2015-12-24,288.75,289.8999938964844,286.25,288.7950134277344,253.4222869873047,280860
2015-12-28,288.79998779296875,292.5325012207031,287.5,290.2325134277344,254.68370056152344,445720
2015-12-29,291.45001220703125,292.75,289.75250244140625,291.9599914550781,256.1995544433594,283200
2015-12-30,292.5,293.0,289.5050048828125,291.99249267578125,256.2281188964844,385100
2015-12-31,293.13250732421875,293.50250244140625,290.17498779296875,291.3999938964844,255.7081756591797,384200
2016-01-01,291.00250244140625,292.5,288.75,289.25750732421875,253.82810974121094,241700
2016-01-04,290.70001220703125,291.3500061035156,282.6000061035156,283.489990234375,248.76690673828125,708520
2016-01-05,286.95001220703125,286.95001220703125,282.5,283.1199951171875,248.44236755371094,542240
2016-01-06,283.30499267578125,286.4775085449219,282.75,285.9750061035156,250.94766235351562,1107440
2016-01-07,286.49749755859375,286.49749755859375,281.07000732421875,281.947509765625,247.4134521484375,444400
2016-01-08,284.5,284.54998779296875,280.75,281.62750244140625,247.13259887695312,889300
2016-01-11,281.25,281.25,271.7774963378906,273.4624938964844,239.96775817871094,1001200
2016-01-12,275.75,275.75,270.4075012207031,271.99249267578125,238.67774963378906,1129300
2016-01-13,273.25,276.5,270.0199890136719,275.0574951171875,241.3673858642578,1237480
2016-01-14,273.0,281.510009765625,271.6000061035156,280.8074951171875,246.41310119628906,696600
2016-01-15,280.0,281.5,278.6025085449219,279.885009765625,245.60360717773438,540340
2016-01-18,279.885009765625,280.0,270.0,271.79998779296875,238.50885009765625,428280
2016-01-19,272.24749755859375,274.70001220703125,269.5,271.44000244140625,238.1929473876953,426940
2016-01-20,270.8900146484375,276.25,268.75,274.2799987792969,240.6851348876953,293700
2016-01-21,273.0,274.6000061035156,270.2300109863281,271.49249267578125,238.23902893066406,1582880
2016-01-22,274.5,275.6199951171875,271.5824890136719,272.3800048828125,239.01783752441406,497680
2016-01-25,273.0,275.6000061035156,272.3999938964844,273.0675048828125,239.62110900878906,528340
2016-01-27,274.7275085449219,274.7275085449219,272.55499267578125,274.385009765625,240.77719116210938,1190880
2016-01-28,274.0,274.5,272.5,273.447509765625,239.95460510253906,805740
2016-01-29,274.447509765625,275.0,273.45001220703125,274.3999938964844,240.79039001464844,1002360
2016-02-01,278.75,278.75,271.0425109863281,272.447509765625,239.07708740234375,386360
2016-02-02,274.0,275.19500732421875,271.0,272.86749267578125,239.4456024169922,833640
2016-02-03,272.86749267578125,272.86749267578125,270.0,270.4175109863281,237.29574584960938,638780
2016-02-04,271.25,274.6474914550781,271.25,274.2650146484375,240.67198181152344,388780
2016-02-05,273.5,277.5,269.25,271.07501220703125,237.8726348876953,617660
2016-02-08,273.49749755859375,274.5,270.0975036621094,270.6499938964844,237.49972534179688,429480
2016-02-09,272.20001220703125,272.99249267578125,269.5625,270.9624938964844,237.77392578125,499880
2016-02-10,271.95001220703125,272.45001220703125,263.9700012207031,264.8800048828125,232.43649291992188,936840
2016-02-11,266.197509765625,266.197509765625,259.5,260.8525085449219,228.90223693847656,1166260
2016-02-12,261.5,263.4324951171875,250.05250549316406,252.80250549316406,221.8382568359375,748780
2016-02-15,252.89999389648438,257.45001220703125,250.99749755859375,252.8874969482422,221.91282653808594,1325440
2016-02-16,255.75,255.75,251.5,252.49000549316406,221.56402587890625,996220
2016-02-17,254.5,255.0,251.6999969482422,253.63499450683594,222.56881713867188,1445600
2016-02-18,254.75,260.25,253.0,259.1424865722656,227.40170288085938,532660
2016-02-19,260.3475036621094,262.0,258.7550048828125,260.4849853515625,228.57974243164062,258780
2016-02-22,260.3999938964844,264.8999938964844,258.1075134277344,263.9674987792969,231.63571166992188,1705860
2016-02-23,265.49749755859375,265.49749755859375,259.0,259.61248779296875,227.81419372558594,427740
2016-02-24,259.25,260.2449951171875,256.75,259.9700012207031,228.12782287597656,236860
2016-02-25,259.9700012207031,260.0,254.54750061035156,257.1449890136719,225.64881896972656,627760
2016-02-26,259.5,259.5,255.0500030517578,255.55999755859375,224.25799560546875,720220
2016-02-29,257.2449951171875,257.2449951171875,249.0500030517578,250.39999389648438,219.72999572753906,1058840
2016-03-01,252.5,255.8625030517578,250.02749633789062,252.6125030517578,221.67152404785156,830600
2016-03-02,254.0,255.25,252.25,253.91000366210938,222.8101043701172,582760
2016-03-03,255.5,262.1499938964844,254.0,260.88751220703125,228.93301391601562,662200
2016-03-04,260.8999938964844,266.25250244140625,258.29998779296875,264.26251220703125,231.8946075439453,525820
2016-03-08,265.0,271.45001220703125,263.80499267578125,266.0400085449219,233.4543914794922,1070940
2016-03-09,263.7650146484375,265.37249755859375,259.1000061035156,260.489990234375,228.58409118652344,942460
2016-03-10,261.1499938964844,262.0824890136719,255.3175048828125,258.8900146484375,227.18016052246094,1274220
2016-03-11,259.49749755859375,262.4949951171875,255.0,258.1575012207031,226.53736877441406,706240
2016-03-14,258.6499938964844,258.6499938964844,254.5,255.15499877929688,223.90261840820312,1224260
2016-03-15,255.8699951171875,255.8699951171875,252.0399932861328,252.6875,221.73733520507812,1988260
2016-03-16,252.7449951171875,252.99749755859375,250.25,250.58749389648438,219.89459228515625,1837000
2016-03-17,252.0,255.73500061035156,251.50250244140625,254.84249877929688,223.62841796875,699580
2016-03-18,254.86500549316406,263.0,252.14999389648438,259.3125,227.5509033203125,1033920
2016-03-21,260.0,262.5,260.0,261.5775146484375,229.53846740722656,1056680
2016-03-22,262.5,267.45001220703125,257.75,263.0174865722656,230.80209350585938,923840
2016-03-23,265.55499267578125,267.0,260.5,262.6575012207031,230.48619079589844,2155840
2016-03-28,264.95001220703125,268.75,264.12750244140625,267.67498779296875,234.8890838623047,1393220
2016-03-29,267.0,269.5,265.5,266.7950134277344,234.116943359375,312800
2016-03-30,267.739990234375,275.0824890136719,267.739990234375,273.989990234375,240.43057250976562,956320
2016-03-31,272.25250244140625,292.45001220703125,270.0,287.86749267578125,252.6083526611328,1443420
2016-04-01,284.5,287.45001220703125,277.9024963378906,281.9100036621094,247.38067626953125,747860
2016-04-04,281.5,286.24749755859375,280.3500061035156,284.177490234375,249.37037658691406,433880
2016-04-05,281.6000061035156,288.8500061035156,281.6000061035156,286.947509765625,251.80099487304688,624620
2016-04-06,286.8999938964844,287.4525146484375,285.20001220703125,286.2074890136719,251.15170288085938,613920
2016-04-07,289.9725036621094,297.50250244140625,287.3999938964844,294.427490234375,258.3648376464844,789320
2016-04-08,296.24749755859375,300.29998779296875,292.54998779296875,298.7825012207031,262.1864013671875,442660
2016-04-11,299.0,300.447509765625,292.7699890136719,293.5375061035156,257.5838623046875,503600
2016-04-12,304.95001220703125,309.25250244140625,302.5274963378906,307.3900146484375,269.7396545410156,1256020
2016-04-13,307.8500061035156,308.75,301.05499267578125,305.82501220703125,268.3663635253906,657960
2016-04-18,306.0,312.3374938964844,302.8500061035156,306.7300109863281,269.1605224609375,948980
2016-04-20,309.0,309.79998779296875,300.1000061035156,301.79998779296875,264.8343505859375,873300
2016-04-21,301.79998779296875,302.5,297.3500061035156,298.3424987792969,261.80035400390625,1516880
2016-04-22,298.0,301.9800109863281,298.0,298.48748779296875,261.92755126953125,311320
2016-04-25,298.5,301.25750732421875,292.5,294.0824890136719,258.06207275390625,1201780
2016-04-26,294.7300109863281,294.9949951171875,290.25,291.5325012207031,255.8245086669922,1414640
2016-04-27,291.5325012207031,298.25250244140625,290.1300048828125,294.2925109863281,258.2463684082031,366180
2016-04-28,293.8999938964844,297.7449951171875,287.75,295.4024963378906,259.220458984375,797020
2016-04-29,296.5,296.5,285.1524963378906,286.2724914550781,251.2086639404297,689380
2016-05-02,286.99749755859375,290.0,285.61749267578125,287.7124938964844,252.4723358154297,406100
2016-05-03,288.49749755859375,289.70001220703125,278.75,279.5799865722656,245.33592224121094,685260
2016-05-04,279.6050109863281,282.4700012207031,275.614990234375,277.11248779296875,243.170654296875,476940
2016-05-05,277.54998779296875,278.49749755859375,275.0050048828125,277.0425109863281,243.10931396484375,496380
2016-05-06,277.25,282.0,276.55999755859375,280.5450134277344,246.18272399902344,1037020
2016-05-09,280.5450134277344,284.20001220703125,274.1025085449219,275.4775085449219,241.73594665527344,713080
2016-05-10,276.0675048828125,278.0299987792969,275.2925109863281,276.0199890136719,242.21197509765625,1198900
2016-05-11,276.0,280.802490234375,274.80999755859375,280.0824890136719,245.77685546875,356060
2016-05-12,281.20001220703125,286.54998779296875,280.6524963378906,285.5150146484375,250.5440673828125,517820
2016-05-13,284.75250244140625,308.0,284.54998779296875,306.0824890136719,268.5922546386719,3927540
2016-05-16,305.0,317.3999938964844,300.20001220703125,314.2225036621094,275.7353210449219,1592200
2016-05-17,314.0,314.25,307.6000061035156,310.9800109863281,272.889892578125,1489960
2016-05-18,308.0199890136719,311.7449951171875,306.13250732421875,310.00750732421875,273.37713623046875,396760
2016-05-19,309.5050048828125,310.0,303.0,304.6000061035156,268.6086730957031,341020
2016-05-20,304.95001220703125,308.50250244140625,294.2974853515625,300.2850036621094,264.8034362792969,810560
2016-05-23,300.1499938964844,302.44000244140625,296.6499938964844,298.3275146484375,263.0772399902344,351080
2016-05-24,299.8924865722656,304.24249267578125,297.7049865722656,300.19500732421875,264.7242126464844,1181020
2016-05-25,300.49749755859375,308.4549865722656,300.302490234375,307.2925109863281,270.98291015625,579180
2016-05-26,290.0,309.8500061035156,290.0,307.1000061035156,270.81317138671875,665060
2016-05-27,306.75,312.0,306.00250244140625,308.697509765625,272.2219543457031,644220
2016-05-30,309.0,317.95001220703125,308.70001220703125,315.3974914550781,278.1302795410156,685160
2016-05-31,314.0,317.74249267578125,300.1000061035156,304.86749267578125,268.844482421875,1517200
2016-06-01,305.79998779296875,322.45001220703125,305.4525146484375,319.5400085449219,281.7833557128906,1275820
2016-06-02,317.44500732421875,319.5050048828125,312.79998779296875,315.1025085449219,277.87005615234375,1455480
2016-06-03,318.75,318.75,313.25,315.260009765625,278.0090026855469,706740
2016-06-06,313.7650146484375,335.25,307.8074951171875,323.9700012207031,285.6898193359375,1519780
2016-06-07,326.0,334.95001220703125,318.7049865722656,322.51251220703125,284.40460205078125,1283140
2016-06-08,323.69500732421875,327.0824890136719,319.05499267578125,324.0450134277344,285.7560119628906,528240
2016-06-09,323.79998779296875,327.25,320.0,321.552490234375,283.5579833984375,324480
2016-06-10,322.6650085449219,330.0,321.6499938964844,327.2074890136719,288.5448303222656,548620
2016-06-13,323.75,329.45001220703125,322.7174987792969,326.8999938964844,288.27362060546875,570600
2016-06-14,326.25,329.95001220703125,326.25,329.4525146484375,290.5245666503906,356920
2016-06-15,328.5,329.5950012207031,322.8074951171875,324.6050109863281,286.2499084472656,626900
2016-06-16,324.6000061035156,327.75,323.5,324.5375061035156,286.19024658203125,661660
2016-06-17,325.0,327.5,321.9024963378906,323.2099914550781,285.0196838378906,443940
2016-06-20,322.20001220703125,329.95001220703125,322.1549987792969,327.4075012207031,288.72119140625,588400
2016-06-21,328.1000061035156,329.9725036621094,324.114990234375,326.8699951171875,288.24725341796875,364320
2016-06-22,327.0,327.75,322.5,324.4775085449219,286.137451171875,400040
2016-06-23,325.6499938964844,326.6499938964844,320.04998779296875,321.5874938964844,283.5888671875,523420
2016-06-24,315.3125,326.3299865722656,310.0,324.82501220703125,286.4438781738281,422180
2016-06-27,320.0,326.7250061035156,320.0,322.3900146484375,284.2966003417969,342340
2016-06-28,322.45001220703125,325.2974853515625,322.45001220703125,324.69000244140625,286.3248291015625,836400
2016-06-29,324.20001220703125,325.0,321.11749267578125,322.2275085449219,284.1532287597656,248480
2016-06-30,322.2200012207031,327.25,322.2200012207031,324.61749267578125,286.26080322265625,2508280
2016-07-01,325.7449951171875,327.0,322.8074951171875,325.4849853515625,287.0258483886719,442380
2016-07-04,324.95001220703125,328.0,324.82501220703125,326.3999938964844,287.83270263671875,300540
2016-07-05,325.1000061035156,327.4849853515625,325.1000061035156,326.6449890136719,288.0487365722656,407180
2016-07-07,325.5,327.5,324.0,325.56500244140625,287.0964660644531,239980
2016-07-08,325.5,326.98748779296875,319.5,320.6075134277344,282.7247314453125,757500
2016-07-11,322.4750061035156,325.302490234375,320.8399963378906,324.3599853515625,286.0338134765625,876800
2016-07-12,324.3500061035156,324.8999938964844,321.04998779296875,321.36248779296875,283.39044189453125,657280
2016-07-13,322.74749755859375,329.6400146484375,322.70001220703125,329.05999755859375,290.17840576171875,1661720
2016-07-14,328.75250244140625,329.5,326.5,328.3500061035156,289.5522766113281,475280
2016-07-15,328.75,333.3299865722656,328.0474853515625,331.6474914550781,292.46014404296875,897500
2016-07-18,331.6499938964844,333.2449951171875,328.0,330.9324951171875,291.8296813964844,788340
2016-07-19,330.5574951171875,334.50250244140625,328.54998779296875,332.135009765625,292.89007568359375,912220
2016-07-20,331.25,334.75,331.25,333.7149963378906,294.2833557128906,742300
2016-07-21,333.70001220703125,344.9849853515625,333.70001220703125,343.385009765625,302.810791015625,675900
2016-07-22,343.8525085449219,356.70001220703125,343.8525085449219,353.9175109863281,312.098876953125,1426900
2016-07-25,353.5,358.49749755859375,349.54998779296875,356.32501220703125,314.2217712402344,619000
2016-07-26,355.9949951171875,360.4949951171875,353.25,358.2074890136719,315.8818359375,493980
2016-07-27,357.04998779296875,358.010009765625,352.2025146484375,353.8175048828125,312.0106506347656,542400
2016-07-28,354.99749755859375,365.0,354.11248779296875,361.864990234375,319.107177734375,1175420
2016-07-29,363.20001220703125,368.45001220703125,350.5574951171875,359.4175109863281,316.948974609375,1161800
2016-08-01,358.6000061035156,360.75750732421875,343.7925109863281,347.5975036621094,306.5255432128906,1521700
2016-08-02,347.75,352.9949951171875,340.5,341.67498779296875,301.3028564453125,671880
2016-08-03,341.3999938964844,348.95001220703125,337.1000061035156,338.8324890136719,298.79620361328125,412200
2016-08-04,339.5,344.5150146484375,337.5,340.260009765625,300.0550231933594,330980
2016-08-05,342.0,344.6000061035156,341.0,341.9024963378906,302.0360107421875,433780
2016-08-08,344.54998779296875,345.25,339.0,342.7449951171875,302.78033447265625,544220
2016-08-09,343.29998779296875,345.75,340.0,344.614990234375,304.43231201171875,357120
2016-08-10,344.70001220703125,347.54998779296875,340.5,342.2349853515625,302.3297424316406,375040
2016-08-11,342.5,343.75,339.5,342.4525146484375,302.52197265625,338520
2016-08-12,344.1000061035156,348.75,341.5,344.739990234375,304.542724609375,517600
2016-08-16,344.5,344.5,335.6099853515625,337.4624938964844,298.11376953125,544800
2016-08-17,339.44500732421875,340.5,333.5,334.7225036621094,295.6932678222656,573340
2016-08-18,337.25,338.4800109863281,333.0,334.8500061035156,295.8059387207031,276060
2016-08-19,335.0,337.989990234375,335.0,336.36749267578125,297.1464538574219,142900
2016-08-22,336.25,340.3999938964844,335.57000732421875,339.2674865722656,299.70831298828125,629140
2016-08-23,341.5,342.42999267578125,339.5,340.5450134277344,300.8369445800781,575460
2016-08-24,340.75,343.1499938964844,337.25250244140625,340.9100036621094,301.1593017578125,645800
2016-08-25,340.95001220703125,342.5,340.44500732421875,341.49249267578125,301.673828125,528900
2016-08-26,342.3999938964844,343.01251220703125,340.4849853515625,341.5625,301.73565673828125,399400
2016-08-29,342.45001220703125,342.45001220703125,336.072509765625,337.57000732421875,298.208740234375,842140
2016-08-30,337.5,338.8125,332.75,334.37750244140625,295.3885192871094,408820
2016-08-31,334.3999938964844,336.25,323.5,326.2774963378906,288.2330322265625,1245320
2016-09-01,326.25,331.25,323.0150146484375,324.4324951171875,286.60308837890625,521160
2016-09-02,326.3999938964844,326.3999938964844,321.25,321.9825134277344,284.4387512207031,287580
2016-09-06,323.8999938964844,329.5,322.3475036621094,328.25750732421875,289.98211669921875,615900
2016-09-07,329.04998779296875,330.0,321.8500061035156,323.0899963378906,285.4171142578125,1067060
2016-09-08,322.5,324.8999938964844,320.6499938964844,321.5899963378906,284.0920104980469,314400
2016-09-09,321.75,326.95001220703125,320.0,325.3949890136719,287.45343017578125,516400
2016-09-12,324.75,324.75,320.0,321.55999755859375,284.0654296875,342700
2016-09-14,322.3900146484375,325.04998779296875,310.0,317.2225036621094,280.2337646484375,1052840
2016-09-15,314.5,317.9375,312.2950134277344,315.07000732421875,278.3322448730469,1672020
2016-09-16,316.5,323.3974914550781,315.3999938964844,320.3500061035156,282.99664306640625,877440
2016-09-19,320.3500061035156,322.5,315.04998779296875,316.87249755859375,279.9245910644531,1058260
2016-09-20,317.45001220703125,318.80499267578125,316.17498779296875,316.99749755859375,280.0351257324219,430520
2016-09-21,318.5,318.5,313.5,315.6524963378906,278.84686279296875,628940
2016-09-22,317.6650085449219,325.8999938964844,315.6499938964844,322.5150146484375,284.9092102050781,684260
2016-09-23,325.25,326.8500061035156,320.125,324.7300109863281,286.86590576171875,1068960
2016-09-26,325.45001220703125,326.25,320.04998779296875,325.2124938964844,287.2921447753906,491040
2016-09-27,324.95001220703125,325.5,320.6050109863281,324.4125061035156,286.5854187011719,472420
2016-09-28,324.54998779296875,325.3125,321.2275085449219,322.62750244140625,285.00860595703125,380440
2016-09-29,323.5,326.25,311.2699890136719,317.6600036621094,280.6202392578125,691660
2016-09-30,317.6600036621094,325.0,315.7950134277344,321.6424865722656,284.13836669921875,1297960
2016-10-03,321.6449890136719,332.5,321.6449890136719,331.0950012207031,292.48876953125,615360
2016-10-04,332.5,335.0,329.7049865722656,334.0474853515625,295.09686279296875,484380
2016-10-05,334.25,340.0,330.7049865722656,338.7774963378906,299.2755126953125,342160
2016-10-06,338.75,340.7449951171875,333.4024963378906,336.177490234375,296.97857666015625,263820
2016-10-07,337.29998779296875,337.29998779296875,332.7699890136719,336.3924865722656,297.16851806640625,128280
2016-10-10,335.1000061035156,339.25,330.1499938964844,331.6300048828125,292.9613342285156,153640
2016-10-13,331.5,332.45001220703125,326.25,327.1449890136719,288.99932861328125,481120
2016-10-14,327.1449890136719,346.25,326.6025085449219,343.86248779296875,303.76751708984375,815860
2016-10-17,341.57000732421875,342.25,334.9825134277344,337.9049987792969,298.504638671875,263280
2016-10-18,339.9375,345.0,332.54998779296875,343.69500732421875,303.61956787109375,504360
2016-10-19,340.0299987792969,342.95001220703125,338.0,339.62750244140625,300.02630615234375,480260
2016-10-20,340.2250061035156,346.0,336.94500732421875,342.1400146484375,302.245849609375,956020
2016-10-21,341.5,344.75,339.0450134277344,343.4549865722656,303.4075622558594,234060
2016-10-24,342.3999938964844,345.0,340.6075134277344,342.6675109863281,302.71185302734375,184700
2016-10-25,341.25,343.2900085449219,338.8500061035156,339.697509765625,300.08819580078125,1555040
2016-10-26,337.95001220703125,341.99749755859375,337.0,341.2699890136719,301.4772644042969,833560
2016-10-27,341.9949951171875,349.8599853515625,338.0,346.8475036621094,306.40447998046875,338800
2016-10-28,346.8500061035156,350.0,342.5425109863281,349.2875061035156,308.5599365234375,491900
2016-11-01,346.25,348.0375061035156,335.31500244140625,339.7174987792969,300.1058349609375,664260
2016-11-02,339.5,339.5,333.50250244140625,337.9574890136719,298.5510559082031,361340
2016-11-03,337.00250244140625,339.75,333.29998779296875,335.88751220703125,296.722412109375,337320
2016-11-04,335.8900146484375,338.79998779296875,330.8999938964844,332.7025146484375,293.9087829589844,354340
2016-11-07,333.0050048828125,337.5,317.75,322.9024963378906,285.2514953613281,471160
2016-11-08,323.1000061035156,325.447509765625,320.5,322.5849914550781,284.9709777832031,257060
2016-11-09,306.95001220703125,322.9949951171875,282.802490234375,319.3949890136719,282.1529541015625,807420
2016-11-10,322.5,327.1650085449219,320.04998779296875,321.0050048828125,283.5751647949219,393880
2016-11-11,324.3999938964844,324.3999938964844,308.1499938964844,312.76251220703125,276.2938232421875,885140
2016-11-15,313.0,314.7449951171875,295.5775146484375,297.88250732421875,263.14892578125,2123260
2016-11-16,299.95001220703125,304.00250244140625,297.5,298.2799987792969,263.5000305175781,3487720
2016-11-17,301.45001220703125,301.45001220703125,296.6499938964844,297.8999938964844,263.16424560546875,1224200
2016-11-18,298.0,299.0,292.54998779296875,294.0849914550781,259.7941589355469,1223680
2016-11-21,294.75,297.3500061035156,291.5,293.4024963378906,259.1912536621094,577560
2016-11-22,294.9800109863281,297.0249938964844,292.5,294.697509765625,260.3352966308594,1229640
2016-11-23,294.70001220703125,300.0,293.5,295.7925109863281,261.3026123046875,2687520
2016-11-24,293.375,312.6025085449219,293.375,306.1724853515625,270.4721984863281,541740
2016-11-25,306.1724853515625,310.0,305.6099853515625,307.9624938964844,272.05352783203125,1269500
2016-11-28,307.9125061035156,315.5,306.20001220703125,314.44500732421875,277.7801818847656,290800
2016-11-29,315.0,325.989990234375,311.3125,314.45001220703125,277.7845458984375,1588580
2016-11-30,314.5,320.0,312.6000061035156,314.4849853515625,277.8153991699219,877460
2016-12-01,312.1499938964844,316.2974853515625,310.6300048828125,314.2025146484375,277.56585693359375,786900
2016-12-02,313.6000061035156,313.6000061035156,310.5675048828125,311.5474853515625,275.2204895019531,1260320
2016-12-05,313.75,318.2699890136719,306.25,311.45001220703125,275.1343994140625,422960
2016-12-06,312.2250061035156,314.989990234375,309.5375061035156,313.2950134277344,276.7642822265625,472500
2016-12-07,313.94000244140625,316.79998779296875,312.25,314.0975036621094,277.4731750488281,321820
2016-12-08,314.25,318.75,314.05499267578125,316.5350036621094,279.6264343261719,385040
2016-12-09,316.5,319.635009765625,313.25,317.61749267578125,281.2936096191406,312380
2016-12-12,315.31500244140625,316.6424865722656,313.20001220703125,315.68499755859375,279.5821838378906,162240
2016-12-13,316.54998779296875,316.9949951171875,315.0,316.4775085449219,280.28411865234375,583800
2016-12-14,316.6700134277344,317.79998779296875,309.5,311.75750732421875,276.103759765625,401840
2016-12-15,310.0,313.5474853515625,306.7025146484375,308.8374938964844,273.5177001953125,473060
2016-12-16,311.1650085449219,311.3475036621094,295.6025085449219,305.760009765625,270.79229736328125,995180
2016-12-19,306.95001220703125,306.95001220703125,298.75,301.5375061035156,267.05267333984375,564960
2016-12-20,302.5,303.70001220703125,295.0,295.8974914550781,262.0576171875,394320
2016-12-21,295.79998779296875,297.4775085449219,291.0,292.322509765625,258.8914489746094,1062800
2016-12-22,292.45001220703125,292.45001220703125,287.5,288.3924865722656,255.410888671875,937820
2016-12-23,288.0,296.75250244140625,287.29998779296875,290.17999267578125,256.9939880371094,1066260
2016-12-26,290.5,292.79998779296875,287.5,291.8999938964844,258.51727294921875,164060
2016-12-27,291.75,295.697509765625,289.95001220703125,293.87750244140625,260.2686767578125,503100
2016-12-28,293.49749755859375,296.55499267578125,292.0150146484375,294.88250732421875,261.15869140625,730220
2016-12-29,293.25,301.49749755859375,293.25,298.7149963378906,264.552978515625,726740
2016-12-30,297.99749755859375,302.4200134277344,295.1025085449219,301.4175109863281,266.9464111328125,333160
2017-01-02,301.5,304.052490234375,296.99749755859375,298.7200012207031,264.5573425292969,327520
2017-01-03,298.7550048828125,303.49749755859375,298.7550048828125,301.3699951171875,266.9042053222656,279920
2017-01-04,302.0,302.49249267578125,292.54998779296875,294.50750732421875,260.8266906738281,883680
2017-01-05,296.9949951171875,298.25,291.50250244140625,296.0899963378906,262.2280578613281,999660
2017-01-06,295.8074951171875,297.95001220703125,294.5,296.49249267578125,262.58453369140625,218580
2017-01-09,298.0,299.0,294.54998779296875,295.5425109863281,261.7431945800781,104620
2017-01-10,297.0,297.25,292.8074951171875,295.2875061035156,261.51739501953125,268440
2017-01-11,295.6050109863281,297.0,293.8500061035156,295.739990234375,261.9180603027344,522720
2017-01-12,295.0,296.75,291.6499938964844,292.75,259.27008056640625,1000620
2017-01-13,293.8500061035156,295.75,292.95001220703125,294.9649963378906,261.2317810058594,412580
2017-01-16,295.50250244140625,295.75,293.5450134277344,294.1724853515625,260.52984619140625,100180
2017-01-17,294.1474914550781,295.7250061035156,292.552490234375,294.7900085449219,261.07672119140625,206080
2017-01-18,294.25750732421875,297.5,293.6000061035156,295.9125061035156,262.07098388671875,883100
2017-01-19,295.9125061035156,296.95001220703125,294.29998779296875,295.572509765625,261.76983642578125,630120
2017-01-20,295.25,295.5050048828125,293.54998779296875,294.989990234375,261.25396728515625,4585220
2017-01-23,292.7025146484375,297.00250244140625,292.7025146484375,296.2025146484375,262.3277282714844,397240
2017-01-24,295.760009765625,299.95001220703125,294.0824890136719,297.88751220703125,263.8200988769531,370280
2017-01-25,298.99749755859375,299.6499938964844,296.0,298.2974853515625,264.18316650390625,1521500
2017-01-27,298.75,300.25,292.54998779296875,295.7099914550781,261.8916320800781,718140
2017-01-30,298.30999755859375,298.75,294.0,294.9750061035156,261.2406005859375,839700
2017-01-31,294.1000061035156,296.0,291.3999938964844,292.5924987792969,259.1305847167969,4553860
2017-02-01,294.8999938964844,296.75,291.73748779296875,295.62249755859375,261.8141174316406,370180
2017-02-02,296.70001220703125,301.5,294.25,299.7149963378906,265.43853759765625,572820
2017-02-03,299.989990234375,307.25,298.54998779296875,304.42498779296875,269.60992431640625,513780
2017-02-06,304.25,317.29998779296875,304.25,315.2749938964844,279.2191162109375,602260
2017-02-07,315.0,317.5,303.75,306.4125061035156,271.37017822265625,705680
2017-02-08,309.74749755859375,310.5,307.0,309.6549987792969,274.2418518066406,687160
2017-02-09,306.8999938964844,311.0,306.8999938964844,309.8349914550781,274.4012145996094,1090260
2017-02-10,309.75,310.0,304.5299987792969,308.9100036621094,273.5819396972656,713560
2017-02-13,308.00250244140625,310.5,308.00250244140625,310.00750732421875,274.553955078125,1312000
2017-02-14,310.00250244140625,310.25,305.75250244140625,309.6549987792969,274.2418518066406,327860
2017-02-15,309.6549987792969,313.7674865722656,307.05499267578125,308.4674987792969,273.19012451171875,404360
2017-02-16,304.8999938964844,312.5,298.11749267578125,310.3900146484375,274.89276123046875,1329920
2017-02-17,310.04998779296875,313.3500061035156,306.25,312.0249938964844,276.34075927734375,629700
2017-02-20,307.75,314.5,307.75,314.2049865722656,278.2714538574219,778240
2017-02-21,313.95001220703125,322.5,311.05999755859375,318.82501220703125,282.3631591796875,918260
2017-02-22,320.0,321.5,316.67498779296875,319.8900146484375,283.3063659667969,307640
2017-02-23,318.75250244140625,320.75,315.3299865722656,319.0924987792969,282.5999450683594,300680
2017-02-27,319.94500732421875,321.0,315.5,316.9849853515625,280.7335205078125,285640
2017-02-28,317.1700134277344,319.73748779296875,311.5,312.7124938964844,276.9496154785156,651900
2017-03-01,311.75750732421875,316.20001220703125,311.6499938964844,312.5199890136719,276.7791442871094,190440
2017-03-02,313.0,315.0,307.3999938964844,309.8800048828125,274.44110107421875,510000
2017-03-03,309.50750732421875,311.75,308.2149963378906,309.4775085449219,274.08453369140625,631160
2017-03-06,308.2550048828125,315.0,308.2550048828125,313.635009765625,277.7666015625,199600
2017-03-07,313.7550048828125,319.2074890136719,309.5,315.9525146484375,279.819091796875,1713360
2017-03-08,315.3074951171875,318.6050109863281,313.1424865722656,317.32000732421875,281.0301818847656,251720
2017-03-09,318.25,318.25,309.0,310.5400085449219,275.02557373046875,494640
2017-03-10,313.4949951171875,313.4949951171875,305.5,306.5874938964844,271.5250549316406,399760
2017-03-14,312.3999938964844,312.3999938964844,304.55999755859375,305.9700012207031,270.9781799316406,570700
2017-03-15,307.5,308.0474853515625,304.45001220703125,305.24749755859375,270.33831787109375,933540
2017-03-16,307.25,308.0,305.0,307.5199890136719,272.3509216308594,886500
2017-03-17,307.75250244140625,312.45001220703125,307.25,311.1050109863281,275.5259094238281,1026000
2017-03-20,312.45001220703125,315.0,310.5,314.8399963378906,278.8338317871094,652220
2017-03-21,315.0,317.2974853515625,312.75,316.760009765625,280.5341796875,671260
2017-03-22,315.04998779296875,317.8299865722656,312.7449951171875,317.0799865722656,280.817626953125,615420
2017-03-23,315.79998779296875,317.625,314.05999755859375,316.9100036621094,280.6670837402344,1014060
2017-03-24,316.3450012207031,319.0,313.9725036621094,317.62750244140625,281.3024597167969,455440
2017-03-27,319.1499938964844,324.95001220703125,315.54998779296875,323.1675109863281,286.2089538574219,379140
2017-03-28,323.1675109863281,327.0,320.1199951171875,325.07501220703125,287.8983154296875,396420
2017-03-29,325.5,326.25,321.0,324.6600036621094,287.53082275390625,1284320
2017-03-30,324.6600036621094,331.9674987792969,323.24749755859375,330.260009765625,292.4902648925781,1274600
2017-03-31,330.0,336.0,327.875,334.0325012207031,295.83135986328125,836860
2017-04-03,330.6025085449219,333.29998779296875,328.0174865722656,328.927490234375,291.3102111816406,230200
2017-04-05,327.54998779296875,332.5,327.54998779296875,331.4024963378906,293.5022277832031,456900
2017-04-06,330.0,332.5,329.79998779296875,330.8399963378906,293.00396728515625,497420
2017-04-07,330.29998779296875,332.20001220703125,329.70001220703125,330.9849853515625,293.1324157714844,489800
2017-04-10,331.20001220703125,332.70001220703125,326.8599853515625,331.42498779296875,293.5220642089844,485360
2017-04-11,331.42498779296875,331.427490234375,326.88250732421875,327.9624938964844,290.4555358886719,319300
2017-04-12,328.697509765625,330.0,320.75,325.93499755859375,288.65985107421875,543320
2017-04-13,328.0,328.0,320.1549987792969,321.9125061035156,285.09747314453125,458460
2017-04-17,324.45001220703125,324.45001220703125,315.0,315.6025085449219,279.5091247558594,368420
2017-04-18,316.29998779296875,318.54998779296875,315.61248779296875,316.8900146484375,280.6493835449219,734660
2017-04-19,315.75,317.20001220703125,314.0,314.927490234375,278.9112854003906,285160
2017-04-20,318.5050048828125,319.447509765625,315.0,316.98748779296875,280.7357482910156,294180
2017-04-21,317.5,318.54998779296875,315.1499938964844,317.68499755859375,281.35345458984375,239840
2017-04-24,317.68499755859375,317.7875061035156,313.38751220703125,314.3900146484375,278.43536376953125,455840
2017-04-25,315.0,318.20001220703125,314.5,316.1549987792969,279.9983825683594,877520
2017-04-26,315.5,322.20001220703125,315.5,321.2149963378906,284.4797058105469,390920
2017-04-27,322.45001220703125,336.5,321.38751220703125,335.1075134277344,296.7834777832031,1318120
2017-04-28,335.0,339.2950134277344,333.510009765625,334.88751220703125,296.5886535644531,1058700
2017-05-02,336.19500732421875,337.3424987792969,334.1524963378906,335.75250244140625,297.3547058105469,756060
2017-05-03,336.25,336.75,334.5,335.7774963378906,297.3768310546875,478000
2017-05-04,334.5,337.75,334.5,336.7749938964844,298.26025390625,360580
2017-05-05,336.75,337.4949951171875,333.4024963378906,336.322509765625,297.8594970703125,468520
2017-05-08,335.1000061035156,337.3999938964844,331.6050109863281,335.4574890136719,297.09344482421875,346440
2017-05-09,335.4574890136719,336.2449951171875,333.9200134277344,335.239990234375,296.90087890625,215020
2017-05-10,335.5824890136719,350.0,335.00250244140625,346.0174865722656,306.4456787109375,2007800
2017-05-11,348.8999938964844,349.2250061035156,341.55999755859375,342.8275146484375,303.6205749511719,470660
2017-05-12,342.8525085449219,344.947509765625,339.0299987792969,341.07000732421875,302.0640869140625,1739640
2017-05-15,336.04998779296875,337.5474853515625,329.1000061035156,330.489990234375,292.6939697265625,1518800
2017-05-16,330.79998779296875,331.5975036621094,322.5,323.9599914550781,286.9107971191406,980300
2017-05-17,325.0,328.75,324.947509765625,327.8800048828125,290.38250732421875,525160
2017-05-18,325.50250244140625,329.20001220703125,325.20001220703125,326.4725036621094,289.135986328125,1166020
2017-05-19,327.95001220703125,330.42999267578125,323.1474914550781,326.7025146484375,291.0334777832031,580900
2017-05-22,325.54998779296875,332.2449951171875,325.54998779296875,329.7925109863281,293.7861022949219,468120
2017-05-23,329.7925109863281,334.3699951171875,325.3324890136719,329.2250061035156,293.280517578125,969800
2017-05-24,329.55999755859375,329.55999755859375,324.5,326.3525085449219,290.7216491699219,1119340
2017-05-25,327.75,329.0,323.5,324.9224853515625,289.44769287109375,999600
2017-05-26,327.45001220703125,336.9599914550781,326.31500244140625,332.427490234375,296.13336181640625,1824800
2017-05-29,330.54998779296875,333.552490234375,329.1025085449219,330.86749267578125,294.7436828613281,1155900
2017-05-30,330.0849914550781,332.7225036621094,328.5050048828125,330.0400085449219,294.0065612792969,211280
2017-05-31,330.37750244140625,334.5150146484375,330.37750244140625,332.2550048828125,295.979736328125,1622280
2017-06-01,332.1000061035156,332.3074951171875,327.29998779296875,330.2925109863281,294.2314758300781,406300
2017-06-02,330.79998779296875,334.552490234375,330.49749755859375,332.42999267578125,296.1356201171875,599820
2017-06-05,333.95001220703125,339.8999938964844,331.760009765625,335.7099914550781,299.0574951171875,694820
2017-06-06,336.0,337.5,330.4849853515625,333.8599853515625,297.4095153808594,369200
2017-06-07,333.5,336.0,331.7774963378906,333.489990234375,297.0799560546875,653820
2017-06-08,333.45001220703125,335.2449951171875,330.54998779296875,332.5924987792969,296.2803955078125,647580
2017-06-09,332.6000061035156,335.5,331.4849853515625,333.375,296.9774475097656,491160
2017-06-12,333.9949951171875,335.4125061035156,331.4700012207031,333.00750732421875,296.6500549316406,622420
2017-06-13,333.25,335.45001220703125,332.0,334.5050048828125,297.9841003417969,296360
2017-06-14,334.5,335.4599914550781,332.5174865722656,334.2174987792969,297.7279357910156,827260
2017-06-15,334.8949890136719,335.24749755859375,333.3125,334.36749267578125,297.8616027832031,807420
2017-06-16,334.69500732421875,341.0,333.8125,337.98748779296875,301.0863037109375,714600
2017-06-19,339.04998779296875,342.5,334.24749755859375,336.9175109863281,300.1332092285156,617280
2017-06-20,335.5,337.25,334.0299987792969,334.947509765625,298.37823486328125,401620
2017-06-21,333.5,339.01251220703125,331.0299987792969,337.9725036621094,301.0729064941406,691980
2017-06-22,337.95001220703125,341.8500061035156,336.26251220703125,338.9775085449219,301.96832275390625,605760
2017-06-23,337.6000061035156,339.0,330.552490234375,331.9825134277344,295.7369384765625,613400
2017-06-27,332.54998779296875,333.1499938964844,326.5,329.99749755859375,293.96875,656440
2017-06-28,331.5050048828125,333.0,330.3575134277344,332.42999267578125,296.1356201171875,336620
2017-06-29,332.75,339.0,332.552490234375,337.43499755859375,300.5940856933594,657380
2017-06-30,335.25250244140625,338.95001220703125,333.302490234375,336.8399963378906,300.06402587890625,1169680
2017-07-03,337.32501220703125,341.5,333.74749755859375,336.9200134277344,300.13543701171875,1480960
2017-07-04,339.75,343.25,337.2925109863281,342.3349914550781,304.9591369628906,1031500
2017-07-05,341.54998779296875,349.45001220703125,341.54998779296875,345.4175109863281,307.70513916015625,953220
2017-07-06,345.6000061035156,349.0,344.9200134277344,345.8999938964844,308.1349792480469,496240
2017-07-07,345.8999938964844,347.8999938964844,342.8999938964844,343.50250244140625,305.99920654296875,449400
2017-07-10,340.6025085449219,344.95001220703125,338.8999938964844,340.2749938964844,303.1241149902344,174660
2017-07-11,343.5,343.5,335.79998779296875,338.9224853515625,301.91925048828125,694300
2017-07-12,342.20001220703125,342.20001220703125,338.00250244140625,341.1050109863281,303.8634338378906,588240
2017-07-13,343.8999938964844,344.5,338.3525085449219,339.2900085449219,302.24664306640625,1203740
2017-07-14,341.25,341.9849853515625,339.5249938964844,340.5474853515625,303.3668518066406,1007600
2017-07-17,342.2349853515625,344.95001220703125,339.0924987792969,343.9100036621094,306.3621826171875,351040
2017-07-18,342.75,347.45001220703125,341.04998779296875,342.625,305.217529296875,823980
2017-07-19,344.8999938964844,347.2449951171875,343.1099853515625,346.9049987792969,309.03021240234375,594860
2017-07-20,347.9800109863281,347.9800109863281,343.0,343.4700012207031,305.9703674316406,148760
2017-07-21,344.8999938964844,346.25,339.75,340.3525085449219,303.1931457519531,714960
2017-07-24,342.45001220703125,343.0,340.5,341.7925109863281,304.475830078125,598420
2017-07-25,343.0,343.0,339.7650146484375,340.9775085449219,303.7498779296875,710200
2017-07-26,341.25,344.99749755859375,337.5,339.2825012207031,302.239990234375,726480
2017-07-27,339.9750061035156,343.3500061035156,336.62249755859375,339.9825134277344,302.863525390625,1306980
2017-07-28,340.1050109863281,340.25,336.7650146484375,339.0350036621094,302.01953125,532940
2017-07-31,339.25,339.94500732421875,336.50250244140625,338.3575134277344,301.4159240722656,822740
2017-08-01,336.6000061035156,339.5,333.7925109863281,335.1499938964844,298.5585632324219,1226240
2017-08-02,337.0,337.2699890136719,334.75,335.5799865722656,299.6120910644531,549260
2017-08-03,334.80499267578125,337.4425048828125,334.00250244140625,336.56500244140625,300.49163818359375,1417180
2017-08-04,334.1700134277344,337.3974914550781,330.36749267578125,335.11248779296875,299.1947937011719,361360
2017-08-07,335.00250244140625,337.70001220703125,334.25,337.0050048828125,300.8843994140625,443080
2017-08-08,336.5,337.5050048828125,332.3599853515625,334.0775146484375,298.2707214355469,551000
2017-08-09,333.0050048828125,337.2200012207031,333.0,336.49749755859375,300.43133544921875,740460
2017-08-10,335.0,337.5,327.75,332.1300048828125,296.53192138671875,1809520
2017-08-11,328.1000061035156,329.25,326.6000061035156,327.2149963378906,292.14361572265625,558640
2017-08-14,327.6000061035156,337.6000061035156,327.6000061035156,332.62249755859375,296.97161865234375,450460
2017-08-16,330.1000061035156,336.99249267578125,330.1000061035156,334.0150146484375,298.2148742675781,372720
2017-08-17,334.5,336.37249755859375,332.0,332.6400146484375,296.98724365234375,376060
2017-08-18,331.0,336.7225036621094,331.0,332.6700134277344,297.01409912109375,1237680
2017-08-21,332.0,333.5249938964844,328.9024963378906,330.9624938964844,295.48956298828125,736100
2017-08-22,331.30499267578125,336.75,329.29998779296875,330.2174987792969,294.824462890625,929440
2017-08-23,335.20001220703125,335.20001220703125,329.79998779296875,330.302490234375,294.9002685546875,400640
2017-08-24,331.4324951171875,332.5,330.052490234375,330.1300048828125,294.746337890625,565000
2017-08-28,333.6000061035156,353.70001220703125,332.5,352.42999267578125,314.6561584472656,4220020
2017-08-29,351.6000061035156,353.25,344.38751220703125,347.80999755859375,310.53131103515625,1576560
2017-08-30,351.5,352.95001220703125,343.50750732421875,351.6724853515625,313.97979736328125,1705480
2017-08-31,352.5,357.0,347.5474853515625,356.0625,317.8993225097656,1868940
2017-09-01,355.0,355.74749755859375,350.1499938964844,350.7650146484375,313.1695861816406,641800
2017-09-04,353.70001220703125,353.70001220703125,342.55499267578125,343.239990234375,306.45111083984375,1040700
2017-09-05,344.0,352.25,344.0,351.38751220703125,313.72540283203125,1907140
2017-09-06,348.45001220703125,349.822509765625,345.7250061035156,348.677490234375,311.3058166503906,1046380
2017-09-07,349.99749755859375,358.45001220703125,346.6025085449219,356.62750244140625,318.40374755859375,1639880
2017-09-08,359.38250732421875,361.25,356.54998779296875,360.07000732421875,321.4773254394531,1313060
2017-09-11,359.3999938964844,365.95001220703125,359.3999938964844,364.760009765625,325.66455078125,1021840
2017-09-12,366.5,370.45001220703125,361.5299987792969,369.4375,329.8408203125,1271300
2017-09-13,369.010009765625,370.5,360.5,361.9649963378906,323.1691589355469,1057140
2017-09-14,367.3500061035156,367.3500061035156,360.3599853515625,361.7049865722656,322.93701171875,1102820
2017-09-15,361.00250244140625,368.45001220703125,360.80499267578125,367.4525146484375,328.0685119628906,1083900
2017-09-18,365.5,367.3450012207031,364.072509765625,364.42498779296875,325.36553955078125,282640
2017-09-19,365.0,366.25,362.0,362.739990234375,323.86114501953125,334240
2017-09-20,362.5,362.5,358.1600036621094,360.1675109863281,321.56439208984375,647580
2017-09-21,360.1000061035156,360.5899963378906,355.2200012207031,357.30999755859375,319.01312255859375,2272880
2017-09-22,357.5,360.19500732421875,355.3525085449219,358.4775085449219,320.05548095703125,341320
2017-09-25,356.5,360.0,352.5474853515625,357.32000732421875,319.02203369140625,629600
2017-09-26,355.6499938964844,358.635009765625,351.54998779296875,352.7349853515625,314.9284973144531,449400
2017-09-27,353.9375,356.74749755859375,350.4100036621094,355.1025085449219,317.0422668457031,982240
2017-09-28,355.50250244140625,362.1099853515625,353.57000732421875,356.8800048828125,318.6291809082031,1105860
2017-09-29,356.00250244140625,362.7650146484375,356.0,360.82501220703125,322.1513671875,977220
2017-10-03,365.0,369.74749755859375,362.99749755859375,365.4775085449219,326.3052062988281,997120
2017-10-04,362.1000061035156,367.74249267578125,361.2025146484375,366.5299987792969,327.244873046875,478140
2017-10-05,365.5,367.24749755859375,362.5,363.0425109863281,324.1312255859375,168800
2017-10-06,365.04998779296875,369.0,362.552490234375,367.6400146484375,328.2358703613281,632400
2017-10-09,367.7449951171875,368.95001220703125,364.1499938964844,364.75750732421875,325.66241455078125,248000
2017-10-10,367.3500061035156,367.3500061035156,363.57501220703125,364.4125061035156,325.35430908203125,337580
2017-10-11,364.75,365.947509765625,362.7225036621094,364.44000244140625,325.3789367675781,691400
2017-10-12,365.0,374.1499938964844,364.45001220703125,369.0450134277344,329.4903564453125,1478900
2017-10-13,369.0,370.0,365.9674987792969,367.2699890136719,327.90557861328125,3612660
2017-10-16,365.25,369.95001220703125,363.25250244140625,364.1424865722656,325.11328125,406180
2017-10-17,364.9949951171875,369.3999938964844,361.802490234375,368.697509765625,329.1800537109375,356180
2017-10-18,368.6499938964844,368.6499938964844,361.0675048828125,362.2875061035156,323.4571228027344,313560
2017-10-19,364.25,364.99749755859375,359.1400146484375,360.80999755859375,322.1380310058594,76200
2017-10-23,362.5,366.24749755859375,360.1000061035156,360.80999755859375,322.1380310058594,1214120
2017-10-24,363.8500061035156,363.8500061035156,360.00250244140625,361.927490234375,323.1357421875,152320
2017-10-25,363.0,363.0,355.86248779296875,357.6700134277344,319.3345947265625,518680
2017-10-26,358.95001220703125,359.9324951171875,355.50250244140625,357.2449951171875,318.955078125,3204520
2017-10-27,358.67498779296875,360.5,356.4024963378906,358.5325012207031,320.1045227050781,351720
2017-10-30,359.0,361.947509765625,359.0,360.9825134277344,322.2919616699219,404080
2017-10-31,361.95001220703125,365.0,359.55499267578125,361.95001220703125,323.1558837890625,579700
2017-11-01,363.20001220703125,369.1449890136719,360.1650085449219,365.885009765625,326.6689758300781,977780
2017-11-02,366.49749755859375,367.5,363.0425109863281,364.3924865722656,325.3365173339844,396220
2017-11-03,365.0,371.79998779296875,358.0,370.6724853515625,330.9433898925781,1903060
2017-11-06,370.6724853515625,387.0,364.3949890136719,379.7225036621094,339.0234680175781,2166040
2017-11-07,380.0,388.697509765625,380.0,384.7749938964844,343.5343933105469,1666780
2017-11-08,381.04998779296875,394.8500061035156,381.04998779296875,391.4375,349.4827880859375,1794720
2017-11-09,391.447509765625,394.92999267578125,388.6499938964844,389.9649963378906,348.16815185546875,2728840
2017-11-10,391.0,393.1449890136719,382.00750732421875,389.26251220703125,347.5409240722656,1277720
2017-11-13,397.2974853515625,398.7074890136719,382.4024963378906,385.99249267578125,344.621337890625,1114240
2017-11-14,386.0050048828125,389.19500732421875,380.50250244140625,382.0325012207031,341.0858154296875,494060
2017-11-15,383.0,388.75,377.1524963378906,386.05499267578125,344.6772155761719,2060140
2017-11-16,386.82501220703125,391.19000244140625,381.2724914550781,382.1575012207031,341.1974182128906,605560
2017-11-17,383.5299987792969,389.49749755859375,383.0,384.5174865722656,343.30450439453125,303580
2017-11-20,384.5174865722656,391.3500061035156,383.79998779296875,386.23748779296875,344.8400573730469,751640
2017-11-21,385.50250244140625,388.6499938964844,385.50250244140625,387.2174987792969,345.715087890625,408460
2017-11-22,387.3500061035156,387.3500061035156,379.25750732421875,380.32000732421875,339.556884765625,1112200
2017-11-23,382.6499938964844,382.6499938964844,379.5,380.23748779296875,339.4831237792969,562600
2017-11-24,381.5474853515625,381.61248779296875,373.75,375.11248779296875,334.907470703125,1101900
2017-11-27,375.05999755859375,377.19000244140625,371.75,374.7124938964844,334.5503845214844,508360
2017-11-28,376.49749755859375,377.5,373.135009765625,374.8900146484375,334.70892333984375,939980
2017-11-29,371.04998779296875,378.45001220703125,371.0,375.5224914550781,335.2736511230469,1378440
2017-11-30,374.0,385.0,373.5824890136719,383.17498779296875,342.1058654785156,1947080
2017-12-01,382.99749755859375,387.6499938964844,381.50250244140625,384.822509765625,343.5767517089844,820120
2017-12-04,386.4949951171875,386.95001220703125,381.6724853515625,385.2674865722656,343.97412109375,674760
2017-12-05,385.2449951171875,387.2300109863281,382.1875,384.55499267578125,343.3379821777344,699400
2017-12-06,384.5,387.5,383.9549865722656,385.4324951171875,344.1213684082031,1534960
2017-12-07,386.25,393.5050048828125,385.072509765625,390.8500061035156,348.958251953125,1396860
2017-12-08,390.0,399.447509765625,389.75250244140625,396.052490234375,353.6031799316406,1628380
2017-12-11,394.99749755859375,397.0,392.1000061035156,393.63250732421875,352.9128112792969,812720
2017-12-12,394.20001220703125,397.5,392.4024963378906,396.63751220703125,355.6070251464844,806720
2017-12-13,396.00250244140625,398.1424865722656,392.54998779296875,396.7900085449219,355.74365234375,511740
2017-12-14,401.75,401.9525146484375,390.7749938964844,393.8424987792969,353.1010437011719,608260
2017-12-15,395.0,395.0,391.70001220703125,392.43499755859375,351.83917236328125,1238320
2017-12-18,392.5,397.45001220703125,384.74749755859375,396.45001220703125,355.4388427734375,398020
2017-12-19,397.45001220703125,397.45001220703125,393.75,394.86248779296875,354.0155944824219,557980
2017-12-20,395.75,399.95001220703125,394.9549865722656,397.26251220703125,356.16729736328125,818160
2017-12-21,397.5350036621094,398.55499267578125,394.5,394.9725036621094,354.11419677734375,401980
2017-12-22,394.9725036621094,396.4375,392.0,394.1650085449219,353.3902587890625,448740
2017-12-26,394.2225036621094,395.3999938964844,390.4425048828125,391.42498779296875,350.9336242675781,319280
2017-12-27,393.20001220703125,393.20001220703125,385.6099853515625,387.0274963378906,346.99102783203125,283800
2017-12-28,390.0,391.25,383.75,386.6499938964844,346.6526794433594,366340
2017-12-29,385.7825012207031,395.45001220703125,385.7825012207031,393.5450134277344,352.8343505859375,610540
2018-01-01,395.0,395.0799865722656,391.42999267578125,393.1600036621094,352.48919677734375,132120
2018-01-02,392.75,396.1524963378906,392.1499938964844,393.177490234375,352.5048522949219,1312260
2018-01-03,395.0,396.75,392.50750732421875,393.0050048828125,352.3501892089844,558960
2018-01-04,393.25,395.1099853515625,391.95001220703125,393.4624938964844,352.7602844238281,558040
2018-01-05,392.31500244140625,394.20001220703125,392.04998779296875,392.8374938964844,352.20001220703125,199400
2018-01-08,391.5,398.427490234375,391.5,397.0574951171875,355.9834899902344,718380
2018-01-09,397.0574951171875,398.4425048828125,384.3999938964844,388.9624938964844,348.7258605957031,1168880
2018-01-10,392.5,393.3299865722656,388.9649963378906,392.3324890136719,351.747314453125,440920
2018-01-11,392.739990234375,395.5,390.4175109863281,393.7149963378906,352.9867248535156,941200
2018-01-12,393.8999938964844,395.00250244140625,387.25250244140625,389.4624938964844,349.1741943359375,646820
2018-01-15,390.75,393.0,387.25,387.8974914550781,347.77099609375,528080
2018-01-16,388.0,391.24749755859375,386.1000061035156,388.7300109863281,348.5174560546875,559140
2018-01-17,389.9849853515625,390.75,383.8299865722656,388.0950012207031,347.9481201171875,1404800
2018-01-18,391.5,391.5,384.3299865722656,386.80999755859375,346.7960205078125,600020
2018-01-19,390.0,390.0,383.3500061035156,384.0325012207031,344.3058776855469,380740
2018-01-22,383.37750244140625,385.75,382.00750732421875,383.3500061035156,343.6939697265625,621240
2018-01-23,384.95001220703125,384.95001220703125,379.25,379.9849853515625,340.6770935058594,734760
2018-01-24,381.5,381.697509765625,377.42498779296875,379.6449890136719,340.3722839355469,317260
2018-01-25,377.6499938964844,381.2799987792969,371.6499938964844,374.5375061035156,335.79315185546875,748760
2018-01-29,376.5,379.3475036621094,373.0,376.5425109863281,337.5906982421875,931460
2018-01-30,376.0,376.0625,370.25250244140625,372.7950134277344,334.2308044433594,577440
2018-01-31,374.197509765625,375.70001220703125,370.80999755859375,373.4574890136719,334.8248596191406,496780
2018-02-01,374.95001220703125,376.8475036621094,364.0,365.5425109863281,327.72857666015625,2127900
2018-02-02,365.0,370.75,356.25,356.7724914550781,319.86572265625,1288260
2018-02-05,356.5,359.95001220703125,349.88250732421875,356.7349853515625,319.832275390625,1111500
2018-02-06,350.0,351.7550048828125,349.25,350.81500244140625,314.52459716796875,1364380
2018-02-07,354.8974914550781,355.79998779296875,348.7900085449219,350.3500061035156,314.1076965332031,801720
2018-02-08,350.70001220703125,354.70001220703125,344.36248779296875,349.29998779296875,313.16632080078125,1365780
2018-02-09,348.6499938964844,351.6600036621094,346.1099853515625,348.4825134277344,312.43341064453125,1490640
2018-02-12,349.8999938964844,359.95001220703125,349.7025146484375,357.0950012207031,320.15496826171875,2097700
2018-02-14,360.0,369.2099914550781,358.1000061035156,363.24749755859375,325.6709899902344,2348980
2018-02-15,375.0,382.25,371.3525085449219,379.1600036621094,339.9374084472656,7088720
2018-02-16,382.5,386.0,378.75,379.6424865722656,340.3699035644531,1539820
2018-02-19,381.5,381.5,374.50250244140625,375.3349914550781,336.50811767578125,1014920
2018-02-20,376.0,380.2974853515625,376.0,378.63250732421875,339.4644775390625,997300
2018-02-21,378.95001220703125,380.92999267578125,378.5249938964844,379.87750244140625,340.5807189941406,1467340
2018-02-22,379.95001220703125,382.94500732421875,373.9624938964844,377.1650085449219,338.14886474609375,1888420
2018-02-23,378.6499938964844,380.947509765625,376.30499267578125,379.1400146484375,339.9195251464844,1329280
2018-02-26,380.75,382.5,378.1075134277344,381.26251220703125,341.8224792480469,1317880
2018-02-27,382.20001220703125,389.70001220703125,381.0,387.99749755859375,347.8607482910156,1397660
2018-02-28,387.95001220703125,393.70001220703125,385.947509765625,388.0824890136719,347.9368896484375,1511520
2018-03-01,388.8500061035156,393.79998779296875,388.8500061035156,392.4700012207031,351.87054443359375,1221720
2018-03-05,394.0,394.0,384.760009765625,385.70001220703125,345.8009338378906,1272860
2018-03-06,388.1700134277344,389.0,382.5,384.4425048828125,344.67340087890625,1246120
2018-03-07,385.4949951171875,389.8999938964844,382.5174865722656,385.2225036621094,345.3728332519531,1227760
2018-03-08,389.3999938964844,389.3999938964844,385.0,385.50250244140625,345.6238708496094,999880
2018-03-09,388.375,388.375,382.1000061035156,382.86749267578125,343.26141357421875,2086200
2018-03-12,384.739990234375,385.45001220703125,378.29998779296875,380.95001220703125,341.5422668457031,578860
2018-03-13,380.95001220703125,389.20001220703125,380.7850036621094,385.01251220703125,345.1846008300781,1317180
2018-03-14,385.04998779296875,385.7974853515625,380.8374938964844,382.38751220703125,342.8310852050781,1292400
2018-03-15,386.45001220703125,386.95001220703125,380.260009765625,385.99249267578125,346.0631103515625,1309780
2018-03-16,387.5,387.8974914550781,383.5050048828125,384.7674865722656,344.96484375,3532020
2018-03-19,386.12750244140625,386.24749755859375,381.375,383.1650085449219,343.52813720703125,1338360
2018-03-20,384.9949951171875,393.75,383.18499755859375,392.072509765625,351.51416015625,2709740
2018-03-21,394.45001220703125,398.25,389.75250244140625,392.6625061035156,352.043212890625,1518520
2018-03-22,392.3999938964844,395.79998779296875,390.86749267578125,392.0375061035156,351.4828186035156,1202000
2018-03-23,390.0,391.8324890136719,387.9800109863281,389.69000244140625,349.378173828125,1945480
2018-03-26,391.3500061035156,395.947509765625,388.0,391.4525146484375,350.9582824707031,1249220
2018-03-27,394.99749755859375,407.70001220703125,393.04998779296875,405.635009765625,363.6737365722656,2500000
2018-03-28,407.75,412.5,406.04998779296875,410.177490234375,367.74627685546875,2481520
2018-04-02,409.99249267578125,417.0,408.49749755859375,415.447509765625,372.4711608886719,1220480
2018-04-03,414.9949951171875,418.9949951171875,413.99749755859375,417.197509765625,374.0402526855469,1212240
2018-04-04,416.1000061035156,419.95001220703125,415.6000061035156,417.552490234375,374.3583679199219,1338300
2018-04-05,419.4324951171875,420.3999938964844,418.052490234375,419.2124938964844,375.8467102050781,732960
2018-04-06,419.2124938964844,420.0274963378906,415.75,417.3475036621094,374.174560546875,770880
2018-04-09,417.5,419.8999938964844,416.5050048828125,419.11248779296875,375.7570495605469,1080820
2018-04-10,419.98748779296875,427.8399963378906,419.0,424.9549865722656,380.9951477050781,1194120
2018-04-11,424.9800109863281,425.3349914550781,418.9100036621094,423.8175048828125,379.975341796875,734220
2018-04-12,422.29998779296875,434.25,419.1499938964844,431.8475036621094,387.17462158203125,1676300
2018-04-13,432.50250244140625,437.0,430.3525085449219,434.375,389.4407043457031,1013600
2018-04-16,435.2250061035156,439.0,432.5,437.4700012207031,392.21551513671875,1753140
2018-04-17,439.2250061035156,452.45001220703125,438.79998779296875,450.67999267578125,404.05889892578125,2355160
2018-04-18,449.05499267578125,455.947509765625,447.510009765625,448.76251220703125,402.33984375,949880
2018-04-19,448.7925109863281,459.8999938964844,448.20001220703125,457.2774963378906,409.97393798828125,1345360
2018-04-20,458.75,462.5,456.25,458.1000061035156,410.7113952636719,863900
2018-04-23,458.05499267578125,459.1075134277344,444.00250244140625,445.2674865722656,399.206298828125,1351560
2018-04-24,445.9949951171875,451.0425109863281,440.4075012207031,441.1025085449219,395.47216796875,1020440
2018-04-25,441.0,445.4150085449219,433.00250244140625,436.7275085449219,391.5498352050781,1685200
2018-04-26,439.99249267578125,459.5,438.5050048828125,452.1474914550781,405.3746643066406,2649960
2018-04-27,450.760009765625,456.489990234375,450.29998779296875,453.0849914550781,406.2151794433594,778620
2018-04-30,455.0,472.3999938964844,453.197509765625,469.8275146484375,421.22576904296875,1337520
2018-05-02,470.25,474.8500061035156,459.2349853515625,460.0625,412.470947265625,1258620
2018-05-03,463.6000061035156,464.4949951171875,452.7550048828125,454.9324951171875,407.8714904785156,924020
2018-05-04,457.010009765625,457.8974914550781,454.2349853515625,455.57000732421875,408.4431457519531,675900
2018-05-07,455.7025146484375,458.70001220703125,450.7550048828125,454.635009765625,407.6048889160156,1141000
2018-05-08,458.75,458.75,454.1050109863281,455.885009765625,408.7255554199219,1834060
2018-05-09,453.510009765625,458.45001220703125,453.510009765625,456.0375061035156,408.86224365234375,491980
2018-05-10,456.95001220703125,460.75250244140625,446.7325134277344,449.0775146484375,402.62225341796875,885480
2018-05-11,462.0,480.9849853515625,457.5,476.1499938964844,426.8941650390625,4173860
2018-05-14,476.1499938964844,481.12249755859375,475.1000061035156,478.57000732421875,429.0638732910156,991520
2018-05-15,480.0,482.0,473.75,478.260009765625,428.7859191894531,1762740
2018-05-16,477.24749755859375,482.4949951171875,473.0224914550781,481.3999938964844,433.5501403808594,1014180
2018-05-17,482.25,494.49749755859375,477.3999938964844,485.2925109863281,437.0557861328125,1659140
2018-05-18,484.5,490.45001220703125,481.75750732421875,484.17498779296875,436.0491943359375,1713180
2018-05-21,484.5,487.5,473.302490234375,474.3175048828125,427.171630859375,829940
2018-05-22,475.25,482.5,471.8800048828125,481.7124938964844,433.83148193359375,1078220
2018-05-23,482.1824951171875,485.9849853515625,480.510009765625,482.06500244140625,434.1490783691406,739240
2018-05-24,482.4949951171875,485.5975036621094,481.45001220703125,483.2674865722656,435.2319641113281,588020
2018-05-25,482.8949890136719,489.95001220703125,481.7025146484375,486.739990234375,438.3592529296875,614460
2018-05-28,485.75,488.75,481.802490234375,482.9525146484375,434.94830322265625,737420
2018-05-29,480.1000061035156,482.45001220703125,474.0,475.614990234375,428.3400573730469,878280
2018-05-30,478.8999938964844,480.25,475.0,476.50250244140625,429.1393737792969,1181980
2018-05-31,477.9949951171875,489.95001220703125,477.5,482.70001220703125,434.7209167480469,2992480
2018-06-01,483.45001220703125,499.95001220703125,482.18499755859375,494.927490234375,445.73297119140625,2973480
2018-06-04,500.0,500.0,488.6650085449219,490.8500061035156,442.0608215332031,740920
2018-06-05,490.9624938964844,492.0,474.5,476.7825012207031,429.3915710449219,1241480
2018-06-06,479.95001220703125,489.8500061035156,478.0174865722656,488.0174865722656,439.50982666015625,770440
2018-06-07,490.99749755859375,491.9949951171875,486.510009765625,489.37249755859375,440.7301025390625,904960
2018-06-08,489.99749755859375,498.24749755859375,488.00250244140625,494.4425048828125,445.2962341308594,1164220
2018-06-11,494.3974914550781,503.0224914550781,494.0,495.8374938964844,446.5526123046875,868620
2018-06-12,496.95001220703125,497.32501220703125,491.0,491.7124938964844,442.8376159667969,542380
2018-06-13,494.5,494.5,489.5,491.8525085449219,442.9636535644531,590620
2018-06-14,491.802490234375,492.99749755859375,487.0,487.8374938964844,439.34771728515625,585080
2018-06-15,488.0,488.7449951171875,483.75,487.125,438.7061462402344,1533620
2018-06-18,485.0,489.5299987792969,478.6400146484375,480.927490234375,433.12457275390625,935440
2018-06-19,499.94000244140625,499.94000244140625,475.00750732421875,480.9175109863281,433.11553955078125,1347840
2018-06-20,483.25,487.4949951171875,482.0050048828125,486.25250244140625,437.9202880859375,1185720
2018-06-21,487.50250244140625,495.697509765625,485.62750244140625,492.5199890136719,443.5648498535156,875440
2018-06-22,492.0,495.6474914550781,488.0,493.552490234375,444.49462890625,720080
2018-06-25,492.5050048828125,499.8999938964844,492.07000732421875,494.7449951171875,445.5686340332031,1040160
2018-06-26,496.489990234375,509.0,493.12750244140625,504.2250061035156,454.1063537597656,2726400
2018-06-27,505.45001220703125,509.8999938964844,497.6400146484375,499.9674987792969,450.2721252441406,1648480
2018-06-28,501.3999938964844,504.75,486.2275085449219,488.625,440.0569152832031,1458600
2018-06-29,494.8999938964844,494.8999938964844,488.8500061035156,490.5050048828125,441.75018310546875,1267380
2018-07-02,494.5,494.5,486.5150146484375,488.25750732421875,439.7259521484375,718100
2018-07-03,491.197509765625,491.94500732421875,486.38250732421875,489.2325134277344,440.6041259765625,1114720
2018-07-04,490.29998779296875,494.5,488.6000061035156,493.135009765625,444.1186218261719,507700
2018-07-05,496.2325134277344,499.49749755859375,494.50250244140625,497.8525085449219,448.36724853515625,338200
2018-07-06,497.48748779296875,502.98748779296875,496.2225036621094,497.1524963378906,447.73687744140625,730860
2018-07-09,499.95001220703125,499.95001220703125,494.4024963378906,494.9725036621094,445.77349853515625,293960
2018-07-10,495.25,502.99749755859375,495.25,500.26251220703125,450.5376892089844,786280
2018-07-11,501.04998779296875,514.3375244140625,497.70001220703125,509.5325012207031,458.88629150390625,1107740
2018-07-12,512.4000244140625,512.5250244140625,500.06500244140625,501.4525146484375,451.6094665527344,711380
2018-07-13,505.0,511.0050048828125,503.74749755859375,507.1000061035156,456.69561767578125,741820
2018-07-16,509.9949951171875,511.8575134277344,507.5,510.0350036621094,459.3388671875,538660
2018-07-17,510.1000061035156,527.4500122070312,509.5,525.5875244140625,473.3455810546875,1718380
2018-07-18,526.5,527.5050048828125,514.1074829101562,519.677490234375,468.02294921875,1480640
2018-07-19,520.7525024414062,522.4749755859375,511.1050109863281,514.4650268554688,463.3285827636719,844520
2018-07-20,514.7575073242188,520.9974975585938,510.0,517.4099731445312,465.98077392578125,865560
2018-07-23,520.1500244140625,522.3499755859375,516.2525024414062,519.6699829101562,468.0161437988281,394420
2018-07-24,520.0999755859375,523.10498046875,512.6099853515625,514.5275268554688,463.3847961425781,641580
2018-07-25,515.4874877929688,517.5700073242188,510.0,511.67999267578125,460.8203125,460200
2018-07-26,510.1524963378906,518.0,510.1524963378906,516.1950073242188,464.886474609375,576680
2018-07-27,519.0,520.6199951171875,508.42498779296875,514.20751953125,463.09661865234375,666400
2018-07-30,514.9974975585938,515.0,504.2349853515625,506.1199951171875,455.8130187988281,702300
2018-07-31,508.9949951171875,529.0,505.5625,526.52001953125,474.1853942871094,1402280
2018-08-01,530.0,547.5399780273438,527.552490234375,541.842529296875,487.9848327636719,1396120
2018-08-02,542.5,543.0,530.1699829101562,537.9749755859375,484.5017395019531,690300
2018-08-03,540.5,541.5999755859375,510.5,516.22998046875,464.91802978515625,3313400
2018-08-06,525.0,532.9650268554688,520.0050048828125,526.7324829101562,474.376708984375,1176040
2018-08-07,530.2000122070312,532.5,525.0,526.8900146484375,474.5185241699219,745720
2018-08-08,529.030029296875,541.5499877929688,528.8574829101562,538.3175048828125,484.8102111816406,1392760
2018-08-09,538.3499755859375,548.5,538.3499755859375,544.1224975585938,490.03814697265625,1632920
2018-08-10,545.0,547.8499755859375,532.5,534.302490234375,482.0802307128906,1147660
2018-08-13,533.0,546.75,530.7575073242188,542.5625,489.53289794921875,1059980
2018-08-14,542.5999755859375,547.5499877929688,539.0050048828125,542.8474731445312,489.7900390625,747120
2018-08-16,542.5,547.75,540.1500244140625,542.8624877929688,489.8034973144531,983420
2018-08-17,544.3499755859375,546.0,539.25,543.6500244140625,490.51416015625,1178060
2018-08-20,546.0,547.4000244140625,540.5650024414062,542.052490234375,489.07275390625,826420
2018-08-21,542.9500122070312,549.5,541.5,544.3200073242188,491.11871337890625,1249700
2018-08-23,547.4000244140625,579.25,547.3699951171875,577.2025146484375,520.787109375,3880800
2018-08-24,574.2999877929688,577.0875244140625,565.1649780273438,568.135009765625,512.6060791015625,989180
2018-08-27,570.5,576.6400146484375,563.6500244140625,566.66748046875,511.2819519042969,959940
2018-08-28,569.9924926757812,571.4450073242188,565.4224853515625,566.3049926757812,510.9548645019531,561940
2018-08-29,567.9000244140625,576.0999755859375,563.45751953125,564.9650268554688,509.7459411621094,1247000
2018-08-30,565.0999755859375,570.0875244140625,562.885009765625,564.3200073242188,509.163818359375,1664260
2018-08-31,564.3499755859375,585.25,564.3499755859375,579.1124877929688,522.5104370117188,3719360
2018-09-03,583.9974975585938,583.9974975585938,562.5599975585938,563.89501953125,508.7803955078125,1189240
2018-09-04,566.5,567.2750244140625,538.9724731445312,542.0599975585938,489.0794982910156,1631380
2018-09-05,541.947509765625,541.947509765625,508.75,519.302490234375,468.54632568359375,2596040
2018-09-06,522.9000244140625,528.0,512.3499755859375,516.7775268554688,466.2681884765625,1810980
2018-09-07,518.5,532.5,515.2775268554688,522.3275146484375,471.275634765625,2253780
2018-09-10,522.5,525.75,513.7575073242188,516.5150146484375,466.0312805175781,745480
2018-09-11,515.0,519.25,500.04998779296875,502.385009765625,453.2823486328125,1205240
2018-09-12,504.0,522.6900024414062,501.1499938964844,517.7000122070312,467.1004333496094,2019240
2018-09-14,522.875,528.5999755859375,515.1400146484375,516.7725219726562,466.26361083984375,1868000
2018-09-17,517.4000244140625,536.135009765625,505.75,508.75250244140625,459.0274658203125,611640
2018-09-18,512.3499755859375,521.5,509.5775146484375,512.177490234375,462.11767578125,753980
2018-09-19,518.2000122070312,525.0499877929688,505.20001220703125,507.25,457.671875,760120
2018-09-21,510.45001220703125,512.9450073242188,459.99749755859375,487.4800109863281,439.8341064453125,3053400
2018-09-24,493.8999938964844,494.92999267578125,480.75,483.125,435.90472412109375,637900
2018-09-25,481.25250244140625,492.2049865722656,469.5,484.86749267578125,437.47698974609375,1759900
2018-09-26,489.9949951171875,491.6499938964844,477.4750061035156,486.4674987792969,438.9205627441406,1157740
2018-09-27,489.79998779296875,491.75,474.42498779296875,478.9324951171875,432.1219787597656,1671200
2018-09-28,486.0,490.6499938964844,477.9674987792969,484.9825134277344,437.58074951171875,2319080
2018-10-01,486.197509765625,487.5224914550781,473.32501220703125,480.4825134277344,433.5204772949219,1066560
2018-10-03,480.0,480.0,466.0050048828125,467.19000244140625,421.52728271484375,1730680
2018-10-04,459.0,472.4800109863281,455.69000244140625,467.3974914550781,421.7144470214844,1656020
2018-10-05,467.0,475.0,457.2650146484375,470.94500732421875,424.9151916503906,2064640
2018-10-08,470.947509765625,473.9574890136719,460.822509765625,469.0375061035156,423.1942138671875,1513740
2018-10-09,469.0375061035156,480.51251220703125,462.8525085449219,474.5975036621094,428.21075439453125,1623460
2018-10-10,474.00250244140625,482.5,470.38751220703125,475.51251220703125,429.0363464355469,1083420
2018-10-11,465.0,472.49749755859375,452.3525085449219,469.2200012207031,423.35888671875,1827420
2018-10-12,473.0,488.9700012207031,471.5450134277344,484.99249267578125,437.5897216796875,2136900
2018-10-15,486.5,486.5,477.95001220703125,482.7950134277344,435.6070251464844,700740
2018-10-16,482.99749755859375,488.1824951171875,481.80999755859375,486.875,439.28826904296875,987500
2018-10-17,490.0,493.0,484.2200012207031,486.2674865722656,438.7400817871094,911620
2018-10-19,483.80999755859375,484.75750732421875,474.0,480.4525146484375,433.49359130859375,1381800
2018-10-22,485.5,487.88751220703125,481.0,482.04998779296875,434.9348449707031,2291160
2018-10-23,465.07501220703125,477.5,465.0,467.62249755859375,421.9174499511719,1848380
2018-10-24,472.00250244140625,481.17498779296875,471.79998779296875,476.7099914550781,430.1167907714844,1985760
2018-10-25,475.0,488.49749755859375,471.2250061035156,476.9125061035156,430.2994384765625,2476440
2018-10-26,479.42498779296875,485.5,473.37750244140625,478.4725036621094,431.70703125,1433260
2018-10-29,487.95001220703125,493.0400085449219,480.0,484.1575012207031,436.83642578125,4789260
2018-10-30,484.3999938964844,488.24749755859375,480.625,485.9224853515625,438.4288024902344,1254120
2018-10-31,490.0,509.9150085449219,486.25,507.3924865722656,457.80035400390625,3249680
2018-11-01,511.95001220703125,515.780029296875,495.17498779296875,498.4750061035156,449.7544860839844,1548260
2018-11-02,503.4949951171875,517.4500122070312,499.50250244140625,511.4825134277344,461.49066162109375,1830920
2018-11-05,511.7250061035156,520.0,508.1524963378906,516.6325073242188,466.13726806640625,1203260
2018-11-06,516.7525024414062,521.10498046875,504.06500244140625,508.01251220703125,458.3598327636719,796580
2018-11-07,512.5,512.5025024414062,507.51251220703125,511.0199890136719,461.0733337402344,69300
2018-11-09,514.2000122070312,518.75,507.6650085449219,511.29998779296875,461.325927734375,1112000
2018-11-12,512.4924926757812,517.5,504.3924865722656,506.2275085449219,456.7491760253906,729500
2018-11-13,506.75,511.9049987792969,503.9825134277344,507.2049865722656,457.6311950683594,415960
2018-11-14,507.79998779296875,522.0025024414062,507.79998779296875,519.717529296875,468.9207458496094,1789840
2018-11-15,519.719970703125,525.85498046875,515.7550048828125,523.1900024414062,472.0539245605469,1868080
2018-11-16,525.0,536.75,523.782470703125,534.3624877929688,482.1344299316406,2289800
2018-11-19,539.2999877929688,539.9450073242188,506.927490234375,517.1325073242188,466.5884094238281,2867820
2018-11-20,519.2000122070312,525.4400024414062,508.6000061035156,512.7324829101562,462.6184387207031,1043460
2018-11-21,515.0,517.4500122070312,509.0574951171875,511.9150085449219,461.880859375,831240
2018-11-22,515.344970703125,522.4349975585938,511.0050048828125,515.1624755859375,464.8109130859375,1019280
2018-11-26,516.25,524.5,516.25,522.6624755859375,471.5779113769531,920280
2018-11-27,522.5,528.155029296875,518.5,525.9199829101562,474.51702880859375,764320
2018-11-28,529.0,536.9500122070312,527.1724853515625,534.9349975585938,482.65093994140625,1779360
2018-11-29,538.8499755859375,538.8499755859375,519.3499755859375,530.322509765625,478.4892883300781,3562520
2018-11-30,535.0,544.52001953125,529.7324829101562,538.2424926757812,485.6351013183594,1423500
2018-12-03,540.9600219726562,543.447509765625,532.25,537.282470703125,484.7688903808594,1311220
2018-12-04,536.260009765625,539.155029296875,527.7999877929688,529.4500122070312,477.70196533203125,1032640
2018-12-05,527.5,529.4500122070312,522.0,524.4224853515625,473.16583251953125,1715960
2018-12-06,522.4099731445312,522.4099731445312,511.6000061035156,515.467529296875,465.08612060546875,871240
2018-12-07,516.5,526.9974975585938,516.5,520.22998046875,469.3831481933594,1156040
2018-12-10,515.0,521.9450073242188,513.7525024414062,519.9450073242188,469.1260681152344,1895560
2018-12-11,517.8499755859375,539.9500122070312,516.114990234375,531.7274780273438,479.7569580078125,1095320
2018-12-12,531.760009765625,544.75,529.197509765625,542.2374877929688,491.55078125,1813140
2018-12-13,547.5,559.91748046875,544.5,549.8275146484375,498.4312438964844,1522740
2018-12-14,551.7000122070312,558.7424926757812,545.9199829101562,549.2949829101562,497.948486328125,1254560
2018-12-17,550.25,565.6475219726562,550.2474975585938,558.530029296875,506.32037353515625,1971000
2018-12-18,558.6500244140625,565.0,551.1799926757812,554.7000122070312,502.8483581542969,1340380
2018-12-19,559.9949951171875,561.5,555.6024780273438,558.7150268554688,506.4879150390625,2726120
2018-12-20,557.5025024414062,571.25,557.5025024414062,561.6275024414062,509.1282653808594,1158500
2018-12-21,563.2349853515625,566.1875,547.9249877929688,550.52001953125,499.0590515136719,1325820
2018-12-24,552.7999877929688,561.0999755859375,541.7775268554688,546.16748046875,495.1134338378906,683820
2018-12-26,548.25,549.3499755859375,537.25,538.5025024414062,488.1649475097656,743440
2018-12-27,542.4500122070312,548.4500122070312,540.0050048828125,547.1425170898438,495.9973449707031,1046220
2018-12-28,549.7000122070312,569.83251953125,546.5549926757812,562.9299926757812,510.30902099609375,1132720
2018-12-31,565.0,567.9000244140625,551.25,554.2424926757812,502.4335632324219,928600
2019-01-01,557.5,558.52001953125,549.4974975585938,550.7525024414062,499.2698974609375,634180
2019-01-02,549.0250244140625,558.0,545.3524780273438,551.77001953125,500.1922302246094,563340
2019-01-03,555.5499877929688,574.9500122070312,549.9949951171875,560.3574829101562,507.97705078125,3385820
2019-01-04,556.9500122070312,559.9450073242188,532.7775268554688,542.5599975585938,491.8432312011719,4123260
2019-01-07,543.75,546.9824829101562,535.0,539.3049926757812,488.8923645019531,1719180
2019-01-08,540.0,562.0,534.5,550.27001953125,498.8323974609375,2686820
2019-01-09,554.9924926757812,564.9199829101562,552.9199829101562,562.6124877929688,510.0211486816406,1969660
2019-01-10,566.0,572.3900146484375,556.97998046875,570.8300170898438,517.4703979492188,1538300
2019-01-11,570.0075073242188,572.9000244140625,557.5499877929688,563.6500244140625,510.96173095703125,1145060
2019-01-14,565.0,569.2849731445312,559.4974975585938,561.4324951171875,508.9515075683594,1036220
2019-01-15,564.7999877929688,567.0,560.0,564.1325073242188,511.3990478515625,989400
2019-01-16,563.052490234375,564.5875244140625,549.0,552.7949829101562,501.1214599609375,2733580
2019-01-17,560.0,561.6475219726562,556.0999755859375,558.2849731445312,506.09814453125,1454740
2019-01-18,560.0,566.322509765625,559.0499877929688,562.4199829101562,509.8466796875,1535240
2019-01-21,564.7999877929688,565.447509765625,557.5050048828125,562.7625122070312,510.1571960449219,382160
2019-01-22,564.5,567.5,560.0,561.8275146484375,509.30963134765625,799160
2019-01-23,562.75,567.4000244140625,562.0,565.7949829101562,512.9061889648438,1024200
2019-01-24,565.7949829101562,573.0,565.302490234375,571.6699829101562,518.232177734375,2092360
2019-01-25,573.0,575.8499755859375,565.0,568.280029296875,515.1590576171875,1198560
2019-01-28,568.280029296875,571.0,557.75,568.030029296875,514.93212890625,2079260
2019-01-29,569.0,572.0,564.6950073242188,569.9550170898438,516.6774291992188,1412640
2019-01-30,571.0,571.9874877929688,564.0,569.83251953125,516.5662231445312,785800
2019-01-31,571.0,576.947509765625,568.6525268554688,574.8925170898438,521.1533203125,1907460
2019-02-01,574.9025268554688,581.0999755859375,571.5075073242188,577.8275146484375,523.81396484375,1238120
2019-02-04,575.75,582.1074829101562,575.0,576.6875,522.7802734375,688680
2019-02-05,576.7474975585938,582.7000122070312,575.5050048828125,580.3724975585938,526.1210327148438,734540
2019-02-06,582.7000122070312,582.7000122070312,573.4849853515625,580.8699951171875,526.572021484375,557700
2019-02-07,580.75,587.4500122070312,577.0,585.7849731445312,531.0276489257812,723360
2019-02-08,585.3975219726562,587.5499877929688,555.5499877929688,562.135009765625,509.5883483886719,2293940
2019-02-11,565.0,565.0,538.2725219726562,542.1749877929688,491.49395751953125,2456820
2019-02-12,541.75,542.5,530.7849731445312,539.1900024414062,488.7880554199219,1951520
2019-02-14,527.0499877929688,538.947509765625,515.5,531.4400024414062,481.7625427246094,2491260
2019-02-15,522.5,537.0075073242188,512.5499877929688,526.7725219726562,477.53143310546875,8296260
2019-02-18,527.4500122070312,528.9974975585938,508.8125,517.4724731445312,469.1007080078125,1744700
2019-02-19,517.5025024414062,536.4525146484375,517.5025024414062,525.77001953125,476.6226501464844,1772020
2019-02-20,526.5750122070312,531.9425048828125,519.9625244140625,526.0900268554688,476.9127197265625,1247580
2019-02-21,525.0,533.572509765625,522.5,531.0974731445312,481.4521179199219,1405600
2019-02-22,531.9949951171875,535.4500122070312,528.08251953125,534.2725219726562,484.3304138183594,1105660
2019-02-25,536.9500122070312,543.5,534.0,541.58251953125,490.9569091796875,841720
2019-02-26,539.9500122070312,542.75,533.3250122070312,540.219970703125,489.7219543457031,1449340
2019-02-27,540.219970703125,541.032470703125,532.5900268554688,535.6849975585938,485.61077880859375,1714260
2019-02-28,537.5,538.1724853515625,527.7550048828125,531.9874877929688,482.2589416503906,2237500
2019-03-01,532.0,533.75,520.302490234375,522.5900268554688,473.7397766113281,2195640
2019-03-05,514.072509765625,528.33251953125,514.072509765625,525.2974853515625,476.19427490234375,1633160
2019-03-06,529.6500244140625,529.6500244140625,509.75,516.0374755859375,467.7997741699219,2908680
2019-03-07,517.0,517.6300048828125,508.2550048828125,510.1675109863281,462.4786071777344,1561040
2019-03-08,510.99749755859375,511.0,501.75,504.75750732421875,457.5743103027344,1969960
2019-03-11,504.9674987792969,516.4500122070312,501.5824890136719,514.6400146484375,466.5330810546875,2282720
2019-03-12,514.9450073242188,525.5974731445312,513.0025024414062,521.4450073242188,472.7018737792969,1660860
2019-03-13,526.4000244140625,537.7474975585938,525.02001953125,536.1649780273438,486.0458984375,2675200
2019-03-14,537.9000244140625,538.5,527.0,536.9650268554688,486.7710876464844,1116080
2019-03-15,535.0650024414062,538.1024780273438,511.50250244140625,514.4949951171875,466.4015808105469,3669040
2019-03-18,518.75,524.77001953125,513.5599975585938,522.8300170898438,473.9573974609375,1225240
2019-03-19,522.8300170898438,537.75,520.4924926757812,535.3499755859375,485.3070373535156,1656420
2019-03-20,536.4949951171875,537.4974975585938,523.1749877929688,526.5075073242188,477.2911071777344,1192600
2019-03-22,529.6500244140625,532.4500122070312,526.3624877929688,530.032470703125,480.486572265625,1713120
2019-03-25,525.7525024414062,527.4949951171875,515.1500244140625,526.4149780273438,477.207275390625,2195700
2019-03-26,528.260009765625,539.5125122070312,525.7974853515625,534.594970703125,484.6225891113281,3013700
2019-03-27,534.5474853515625,552.4500122070312,528.8375244140625,544.5999755859375,493.6924133300781,2792100
2019-03-28,546.9450073242188,556.5,540.0499877929688,553.655029296875,501.90106201171875,1836560
2019-04-01,549.0,556.0499877929688,543.0549926757812,545.7575073242188,494.7417907714844,1628620
2019-04-02,548.9849853515625,548.9849853515625,535.0,539.3400268554688,488.92413330078125,1192180
2019-04-03,547.3499755859375,553.3499755859375,539.0,550.1875,498.75762939453125,1493840
2019-04-04,552.9500122070312,552.9500122070312,542.5,548.092529296875,496.8584289550781,803540
2019-04-05,546.7525024414062,554.5499877929688,545.0,549.0374755859375,497.7151184082031,520260
2019-04-08,549.9500122070312,552.5,540.2249755859375,542.530029296875,491.81591796875,740980
2019-04-09,544.4500122070312,544.4500122070312,537.0,539.5025024414062,489.07147216796875,1514600
2019-04-10,539.625,542.5,536.5,540.5974731445312,490.0640869140625,961780
2019-04-11,539.75,544.9500122070312,534.5,538.2050170898438,487.89532470703125,1878040
2019-04-12,538.39501953125,550.0,538.2150268554688,548.6900024414062,497.40020751953125,994740
2019-04-15,550.0,554.4500122070312,544.552490234375,548.5050048828125,497.2323303222656,1694700
2019-04-16,550.0,560.947509765625,549.75,557.7899780273438,505.6495361328125,1787100
2019-04-18,559.3200073242188,561.9974975585938,546.25,547.7224731445312,496.5230407714844,1127980
2019-04-22,548.25,556.25,542.5775146484375,543.9949951171875,493.14404296875,637660
2019-04-23,547.0,548.9500122070312,543.5999755859375,545.510009765625,494.5173645019531,502380
2019-04-24,545.375,551.4774780273438,535.25,541.6699829101562,491.03619384765625,1527160
2019-04-25,544.5,549.5,539.0,542.322509765625,491.6277770996094,1804980
2019-04-26,542.5499877929688,552.4600219726562,541.1024780273438,548.5625,497.2844543457031,1028240
2019-04-30,545.0,548.7474975585938,542.7349853515625,545.2650146484375,495.4242858886719,1484760
2019-05-02,545.25,545.25,520.1525268554688,529.4849853515625,481.0865783691406,884980
2019-05-03,532.5,532.5,519.0,524.2849731445312,476.36181640625,2308960
2019-05-06,520.0,524.85498046875,515.2525024414062,518.2000122070312,471.86810302734375,1802720
2019-05-07,520.0750122070312,529.4974975585938,520.0499877929688,523.85498046875,477.0174865722656,1452620
2019-05-08,524.3875122070312,526.7999877929688,513.7849731445312,514.91748046875,468.8791198730469,927820
2019-05-09,514.75,520.4500122070312,510.0,518.1099853515625,471.78619384765625,931040
2019-05-10,518.594970703125,521.782470703125,508.552490234375,511.5574951171875,465.8194885253906,1225460
2019-05-13,513.0999755859375,521.6624755859375,511.61248779296875,515.0025024414062,468.95654296875,960840
2019-05-14,515.5,518.219970703125,506.00250244140625,509.9324951171875,464.3398742675781,1085500
2019-05-15,520.0499877929688,525.4500122070312,510.54998779296875,513.427490234375,467.5223083496094,2543800
2019-05-16,516.635009765625,520.0499877929688,512.7525024414062,514.0275268554688,468.0687255859375,786440
2019-05-17,514.9974975585938,527.3099975585938,512.842529296875,523.282470703125,476.4962463378906,1314080
2019-05-20,534.0,541.5999755859375,528.0175170898438,538.407470703125,490.268798828125,991100
2019-05-21,542.4974975585938,544.2349853515625,524.697509765625,530.4600219726562,483.0319519042969,943640
2019-05-22,532.5025024414062,539.2100219726562,530.0,535.0275268554688,487.1910705566406,629940
2019-05-23,542.4000244140625,549.4500122070312,534.0,539.8524780273438,491.584716796875,1125140
2019-05-24,540.6500244140625,542.4949951171875,529.614990234375,533.0025024414062,485.3471374511719,989300
2019-05-27,537.5,554.1500244140625,535.0,551.8125,502.47528076171875,1688000
2019-05-28,552.0,558.25,547.5,555.260009765625,505.6146240234375,2668900
2019-05-29,556.25,564.7974853515625,549.3724975585938,560.2999877929688,510.20404052734375,2573080
2019-05-30,558.7625122070312,567.25,558.5,566.0250244140625,515.4171142578125,1868420
2019-05-31,567.5,577.0,565.1724853515625,574.905029296875,523.503173828125,1403440
2019-06-03,574.9299926757812,585.0,574.9299926757812,584.322509765625,532.07861328125,1286040
2019-06-04,580.0,584.9000244140625,571.4000244140625,577.6174926757812,525.9730224609375,1922880
2019-06-06,577.6174926757812,584.2000122070312,576.5,580.1649780273438,528.2928466796875,1653160
2019-06-07,580.5,581.4000244140625,572.5499877929688,575.1925048828125,523.7650146484375,874520
2019-06-10,580.35498046875,586.4500122070312,568.7999877929688,584.9199829101562,532.6228637695312,966820
2019-06-11,587.75,590.885009765625,574.905029296875,581.1475219726562,529.1875,1445720
2019-06-12,583.7000122070312,585.75,575.25,584.7750244140625,532.4907836914062,867480
2019-06-13,581.0,583.0775146484375,578.5025024414062,580.6875,528.7687377929688,1383120
2019-06-14,580.7750244140625,586.1824951171875,572.5499877929688,574.4500122070312,523.0888061523438,811280
2019-06-17,577.9500122070312,581.4824829101562,571.282470703125,574.04248046875,522.7177734375,915720
2019-06-18,575.2525024414062,577.5974731445312,565.0,572.8800048828125,521.6592407226562,1110580
2019-06-19,573.9450073242188,582.5250244140625,572.5,580.5850219726562,528.6753540039062,1390200
2019-06-20,580.6525268554688,587.9500122070312,573.7100219726562,585.9025268554688,533.5173950195312,1307920
2019-06-21,585.5,589.5,576.95751953125,580.0449829101562,528.1836547851562,2239600
2019-06-24,580.0,588.0,577.5075073242188,585.5999755859375,533.241943359375,484440
2019-06-25,584.0025024414062,586.8624877929688,580.6724853515625,585.29248046875,532.9619140625,754960
2019-06-26,585.2999877929688,597.5,584.0399780273438,590.125,537.3623657226562,2864260
2019-06-27,590.5150146484375,593.344970703125,584.2224731445312,590.1425170898438,537.3782958984375,1878540
2019-06-28,588.0999755859375,597.0,587.75,595.6300048828125,542.3751220703125,1141380
2019-07-01,599.2000122070312,601.1624755859375,591.1824951171875,593.4375,540.3785400390625,818020
2019-07-02,593.0,600.2474975585938,590.0499877929688,598.2424926757812,544.7542114257812,1332940
2019-07-03,598.2000122070312,599.927490234375,588.9974975585938,590.95751953125,538.1204223632812,1263040
2019-07-04,590.5,598.5,589.9974975585938,594.2224731445312,541.093505859375,474280
2019-07-05,596.4974975585938,600.0,592.0,597.844970703125,544.39208984375,707520
2019-07-08,596.4500122070312,596.4500122070312,587.5999755859375,590.072509765625,537.3145751953125,910140
2019-07-09,590.989990234375,591.2000122070312,581.5,584.3524780273438,532.1058959960938,1236860
2019-07-10,585.75,589.75,576.5,577.5225219726562,525.8865356445312,884740
2019-07-11,581.2025146484375,581.2025146484375,573.5750122070312,575.3400268554688,523.8992919921875,929840
2019-07-12,575.3499755859375,585.9000244140625,575.3499755859375,583.6074829101562,531.4276123046875,552100
2019-07-15,584.4500122070312,584.4500122070312,573.280029296875,574.2224731445312,522.8817749023438,388640
2019-07-16,581.5999755859375,587.0974731445312,574.35498046875,585.4324951171875,533.08935546875,848980
2019-07-17,585.2999877929688,587.489990234375,580.125,584.77001953125,532.4862060546875,498440
2019-07-18,586.3400268554688,587.1799926757812,577.125,579.8375244140625,527.9946899414062,947880
2019-07-19,582.4949951171875,586.25,575.614990234375,577.3524780273438,525.7318115234375,1733540
2019-07-22,575.4025268554688,578.1275024414062,563.25,565.2349853515625,514.6976318359375,949280
2019-07-23,565.25,584.6500244140625,565.25,573.5374755859375,522.2579345703125,1231260
2019-07-24,575.0,580.9874877929688,564.9375,573.9949951171875,522.674560546875,994800
2019-07-25,575.4500122070312,583.342529296875,572.0,574.75,523.3619384765625,1077700
2019-07-26,576.25,583.572509765625,573.5,581.1624755859375,529.2012329101562,610880
2019-07-29,580.0,584.5,573.9625244140625,581.0125122070312,529.0646362304688,921040
2019-07-30,583.6925048828125,584.5275268554688,575.0,576.8275146484375,525.253662109375,689180
2019-07-31,575.0025024414062,587.0,570.0499877929688,583.7949829101562,531.5983276367188,939420
2019-08-01,583.2000122070312,583.2000122070312,572.25,577.3499755859375,525.7296752929688,692460
2019-08-02,571.25,576.8074951171875,566.1224975585938,570.5750122070312,519.560302734375,1130960
2019-08-05,576.4000244140625,597.5,574.5,585.6400146484375,533.2783813476562,2459600
2019-08-06,585.5,599.9000244140625,585.052490234375,591.8775024414062,538.9581909179688,1719840
2019-08-07,589.5,595.4824829101562,586.6074829101562,588.8724975585938,536.2218627929688,939920
2019-08-08,590.0,596.5,588.75,592.0125122070312,539.0811157226562,732280
2019-08-09,589.0,613.4249877929688,585.0,599.6649780273438,555.57470703125,2330960
2019-08-13,598.1099853515625,609.6475219726562,591.0025024414062,594.6724853515625,550.9492797851562,1548260
2019-08-14,594.6724853515625,607.9500122070312,592.5050048828125,601.8275146484375,557.5783081054688,1167520
2019-08-16,604.9949951171875,605.39501953125,595.344970703125,600.219970703125,556.0888061523438,1137700
2019-08-19,604.5,612.9949951171875,602.0025024414062,603.3300170898438,558.9701538085938,897660
2019-08-20,605.7000122070312,607.79248046875,595.8350219726562,598.489990234375,554.4859619140625,1359040
2019-08-21,598.5,632.3250122070312,598.5,629.7050170898438,583.406005859375,5460120
2019-08-22,632.0,639.9500122070312,620.2625122070312,623.5,577.6573486328125,2017160
2019-08-23,624.9749755859375,627.3800048828125,612.5,621.9324951171875,576.2050170898438,1171420
2019-08-26,631.0875244140625,631.0875244140625,611.5,619.5675048828125,574.0138549804688,1558120
2019-08-27,617.7050170898438,627.5,617.7050170898438,623.6174926757812,577.7660522460938,1853980
2019-08-28,627.25,642.5,620.4974975585938,625.8699951171875,579.8529663085938,2072940
2019-08-29,632.1500244140625,644.5,630.5,635.842529296875,589.09228515625,4878540
2019-08-30,636.25,647.4400024414062,628.3499755859375,643.760009765625,596.4275512695312,2480100
2019-09-03,641.5,644.9500122070312,629.8800048828125,634.5474853515625,587.8923950195312,1585360
2019-09-04,634.9874877929688,637.530029296875,619.3825073242188,624.0374755859375,578.1552124023438,1828700
2019-09-05,624.0025024414062,633.75,624.0025024414062,630.6074829101562,584.2421875,1058820
2019-09-06,632.5,635.6099853515625,625.25,630.697509765625,584.3256225585938,1156360
2019-09-09,631.4650268554688,645.0,628.2349853515625,641.8175048828125,594.6279907226562,1366820
2019-09-11,641.947509765625,642.0974731445312,633.16748046875,637.947509765625,591.0424194335938,2113300
2019-09-12,638.822509765625,641.8099975585938,626.0150146484375,627.844970703125,581.6826782226562,1470060
2019-09-13,628.5,635.9500122070312,625.4749755859375,634.4650268554688,587.8160400390625,1130140
2019-09-16,625.594970703125,643.4974975585938,625.594970703125,642.0474853515625,594.841064453125,970100
2019-09-17,638.0025024414062,639.5,635.302490234375,638.2125244140625,591.2879638671875,1409440
2019-09-18,642.2000122070312,644.4974975585938,632.5,643.4500122070312,596.1403198242188,890360
2019-09-19,637.0025024414062,644.4000244140625,631.75,634.7449951171875,588.0753784179688,1554380
2019-09-20,637.25,681.4724731445312,626.5499877929688,674.969970703125,625.3428955078125,5681400
2019-09-23,685.0,705.8599853515625,680.092529296875,685.6599731445312,635.2468872070312,2772100
2019-09-24,686.0,690.0,665.5075073242188,671.5349731445312,622.160400390625,2326640
2019-09-25,671.2000122070312,678.6500244140625,665.2550048828125,672.9249877929688,623.4483032226562,1664920
2019-09-26,677.25,707.2000122070312,676.2525024414062,696.72998046875,645.5029907226562,17945060
2019-09-27,692.0,694.907470703125,680.0,687.0449829101562,636.5300903320312,2202380
2019-09-30,687.0050048828125,699.5999755859375,684.0,694.4824829101562,643.4207763671875,1929980
2019-10-01,694.4500122070312,697.3474731445312,682.4949951171875,684.0775146484375,633.7807006835938,1670900
2019-10-03,684.0,687.47998046875,678.302490234375,685.4924926757812,635.0916748046875,817880
2019-10-04,689.5999755859375,689.5999755859375,666.7949829101562,672.0499877929688,622.6375732421875,1838180
2019-10-07,675.4099731445312,684.9000244140625,673.0,680.16748046875,630.1583251953125,855260
2019-10-09,682.25,695.5,675.5025024414062,692.9149780273438,641.968505859375,1871540
2019-10-10,692.8499755859375,692.8499755859375,684.0,690.9924926757812,640.1873168945312,558100
2019-10-11,690.9924926757812,703.75,690.9924926757812,701.6199951171875,650.033447265625,1221500
2019-10-14,706.75,710.75,697.5,708.4500122070312,656.361328125,1413440
2019-10-15,707.60498046875,710.25,701.7974853515625,704.3400268554688,652.5535278320312,1956160
2019-10-16,704.9949951171875,720.177490234375,704.0,717.5750122070312,664.8153076171875,1345580
2019-10-17,719.1500244140625,731.5175170898438,708.0,725.842529296875,672.4749145507812,2289860
2019-10-18,725.9550170898438,747.16748046875,720.1649780273438,741.7725219726562,687.2337036132812,2431300
2019-10-22,744.4000244140625,755.5474853515625,741.7999877929688,751.0,695.7828369140625,2760220
2019-10-23,754.5499877929688,756.29248046875,745.8125,749.1500244140625,694.0689086914062,1179720
2019-10-24,750.9500122070312,752.4000244140625,731.29248046875,733.2999877929688,679.3840942382812,2296260
2019-10-25,738.9500122070312,745.0,723.0675048828125,740.16748046875,685.7467651367188,2629580
2019-10-27,746.75,747.4749755859375,738.9149780273438,740.6699829101562,686.21240234375,225560
2019-10-29,743.4000244140625,743.4000244140625,725.5,734.9874877929688,680.9476318359375,1980760
2019-10-30,744.3499755859375,749.9450073242188,737.5150146484375,748.3900146484375,693.36474609375,1161220
2019-10-31,748.5025024414062,757.344970703125,739.1925048828125,747.3499755859375,692.4012451171875,1605220
2019-11-01,747.3499755859375,753.47998046875,742.5150146484375,747.989990234375,692.9940185546875,987840
2019-11-04,749.4199829101562,754.5850219726562,740.0549926757812,740.66748046875,686.2100219726562,791620
2019-11-05,742.0,744.25,730.27001953125,732.510009765625,678.6522216796875,1665300
2019-11-06,733.75,741.0499877929688,729.4324951171875,732.4824829101562,678.626708984375,1573180
2019-11-07,735.5,739.5025024414062,727.5499877929688,735.5625,681.4803466796875,948760
2019-11-08,737.5,742.5,718.7000122070312,723.5650024414062,670.3649291992188,1640580
2019-11-11,724.5,729.9949951171875,702.5549926757812,705.4224853515625,653.556396484375,2906820
2019-11-13,705.4224853515625,716.47998046875,703.5125122070312,711.6624755859375,659.3375854492188,1333020
2019-11-14,712.5,715.0474853515625,705.0,711.5675048828125,659.24951171875,1209520
2019-11-15,713.092529296875,721.8499755859375,707.6525268554688,714.7775268554688,662.2236328125,1516740
2019-11-18,717.4949951171875,717.4949951171875,702.9525146484375,704.2775268554688,652.4954833984375,1299560
2019-11-19,705.5,710.594970703125,700.47998046875,705.85498046875,653.9570922851562,895740
2019-11-20,705.8499755859375,714.4500122070312,699.125,711.4324951171875,659.12451171875,1588360
2019-11-21,712.0,714.0075073242188,706.0549926757812,708.9724731445312,656.845458984375,809680
2019-11-22,709.5,715.0474853515625,705.0999755859375,708.5750122070312,656.4771728515625,862640
2019-11-25,712.407470703125,729.0,707.75,724.3400268554688,671.0830688476562,1491540
2019-11-26,719.9425048828125,730.0,711.2725219726562,726.219970703125,672.8247680664062,3984960
2019-11-27,728.0,735.0,711.342529296875,728.135009765625,674.5989379882812,1438380
2019-11-28,731.7750244140625,735.0,728.7000122070312,732.9774780273438,679.0853881835938,913560
2019-11-29,734.9500122070312,734.9500122070312,720.5499877929688,722.697509765625,669.5612182617188,937460
2019-12-02,722.697509765625,731.5650024414062,714.2949829101562,727.8825073242188,674.3650512695312,1499080
2019-12-03,727.6649780273438,727.6649780273438,715.2899780273438,717.6749877929688,664.9078979492188,1097440
2019-12-04,716.5,718.75,710.0499877929688,715.3125,662.7191162109375,1117760
2019-12-05,719.782470703125,719.782470703125,711.0,714.4824829101562,661.9502563476562,1586700
2019-12-06,715.0499877929688,716.217529296875,707.4500122070312,708.3150024414062,656.2361450195312,1169740
2019-12-09,711.5,713.4500122070312,700.25,711.625,659.3027954101562,1954240
2019-12-10,711.2000122070312,712.1475219726562,701.5850219726562,704.5850219726562,655.3129272460938,1236000
2019-12-11,705.4500122070312,707.7999877929688,700.5,703.2999877929688,654.1177368164062,966120
2019-12-12,703.85498046875,711.635009765625,703.85498046875,707.7474975585938,658.2542114257812,1336820
2019-12-13,709.5,719.4749755859375,700.5499877929688,715.0800170898438,665.0739135742188,3121000
2019-12-16,713.0,721.530029296875,706.8499755859375,707.58251953125,658.1007080078125,1341440
2019-12-17,710.7449951171875,712.35498046875,704.0499877929688,707.45751953125,657.9844970703125,1628500
2019-12-18,710.0,714.0,702.77001953125,709.5549926757812,659.9352416992188,1874320
2019-12-19,709.5999755859375,714.9500122070312,705.0,714.27001953125,664.320556640625,1373840
2019-12-20,713.0,748.9000244140625,711.1024780273438,742.9124755859375,690.9600830078125,8460660
2019-12-23,739.2999877929688,749.66748046875,724.5,726.625,675.8115234375,2500620
2019-12-24,729.0,731.1624755859375,723.092529296875,729.2999877929688,678.299560546875,793720
2019-12-26,730.0,735.75,728.0,729.9625244140625,678.9157104492188,918480
2019-12-27,732.4400024414062,734.4824829101562,728.7249755859375,733.20751953125,681.9337768554688,587700
2019-12-30,733.9949951171875,745.0,730.0050048828125,742.594970703125,690.664794921875,1754400
2019-12-31,743.2000122070312,746.2150268554688,735.5,739.2675170898438,687.5699462890625,1255300
2020-01-01,740.9500122070312,742.467529296875,735.6124877929688,738.9525146484375,687.2770385742188,477180
2020-01-02,742.4450073242188,742.6475219726562,734.3574829101562,736.467529296875,684.9658203125,922320
2020-01-03,737.5,739.75,727.8049926757812,729.6799926757812,678.6528930664062,800000
2020-01-06,727.0999755859375,727.0999755859375,713.75,720.83251953125,670.4241943359375,1302720
2020-01-07,721.177490234375,727.3375244140625,713.04248046875,714.5374755859375,664.5693969726562,1444740
2020-01-08,709.5800170898438,722.5,706.0175170898438,719.5625,669.2430419921875,789760
2020-01-09,724.75,733.75,722.5,732.1724853515625,680.9711303710938,1114160
2020-01-10,732.1724853515625,735.9450073242188,728.5125122070312,734.29248046875,682.9429321289062,785480
2020-01-13,737.39501953125,737.39501953125,730.0499877929688,732.9124755859375,681.6594848632812,539800
2020-01-14,732.89501953125,744.75,730.3499755859375,743.4299926757812,691.4415283203125,1007560
2020-01-15,741.4000244140625,747.5,735.9425048828125,743.010009765625,691.0507202148438,829360
2020-01-16,742.5499877929688,769.9000244140625,742.405029296875,767.7449951171875,714.0559692382812,4064160
2020-01-17,769.9500122070312,780.0,767.9324951171875,771.9724731445312,717.9878540039062,1927980
2020-01-20,761.5075073242188,773.969970703125,761.5075073242188,770.8624877929688,716.9553833007812,1375400
2020-01-21,768.052490234375,775.0800170898438,760.0,764.0374755859375,710.6078491210938,1265160
2020-01-22,768.4500122070312,779.25,765.0499877929688,777.4349975585938,723.068359375,1112540
2020-01-23,775.0,781.25,772.75,777.4425048828125,723.0753173828125,857220
2020-01-24,780.0,792.5,775.0075073242188,787.7750244140625,732.6852416992188,1012640
2020-01-27,785.0,792.25,777.9974975585938,783.302490234375,728.5254516601562,627240
2020-01-28,783.2000122070312,785.5,768.3400268554688,770.83251953125,716.927734375,1062140
2020-01-29,779.25,794.9974975585938,772.0,793.3375244140625,737.8588256835938,1285020
2020-01-30,790.0999755859375,790.54248046875,773.5625,776.0399780273438,721.7709350585938,945040
2020-01-31,778.0,781.8624877929688,765.5150146484375,767.9724731445312,714.2676391601562,1192980
2020-02-03,779.4500122070312,825.0,776.5,815.0499877929688,758.052978515625,4075040
2020-02-04,820.0,825.39501953125,806.3524780273438,822.780029296875,765.2423706054688,2328320
2020-02-05,823.7999877929688,824.094970703125,812.802490234375,819.2424926757812,761.9522705078125,1150220
2020-02-06,819.9500122070312,827.4724731445312,807.8900146484375,814.2474975585938,757.3065185546875,1481680
2020-02-07,817.0,819.25,809.72998046875,816.3900146484375,759.29931640625,828140
2020-02-10,815.0,818.655029296875,805.5999755859375,808.6099853515625,752.0632934570312,1225400
2020-02-11,812.0,815.0025024414062,797.5,799.8574829101562,743.9227905273438,1467000
2020-02-12,801.2999877929688,823.6300048828125,798.4224853515625,814.885009765625,757.8995361328125,2580220
2020-02-13,816.4000244140625,823.0750122070312,813.8674926757812,820.6099853515625,763.22412109375,3024560
2020-02-14,825.0,839.1199951171875,812.5,817.822509765625,760.6316528320312,3314160
2020-02-17,820.6500244140625,830.75,818.6500244140625,829.4224853515625,771.4203491210938,2795760
2020-02-18,828.4949951171875,828.4949951171875,819.2525024414062,820.1925048828125,762.8359375,1800260
2020-02-19,826.9299926757812,841.5750122070312,823.7899780273438,839.2525024414062,780.56298828125,1900000
2020-02-20,837.0,837.0,826.27001953125,826.9749755859375,769.14404296875,1314640
2020-02-24,824.9500122070312,828.8375244140625,815.8499755859375,816.8624877929688,759.73876953125,1330320
2020-02-25,818.6500244140625,827.04248046875,815.467529296875,819.0250244140625,761.7499389648438,1818320
2020-02-26,827.25,827.25,807.5025024414062,812.0075073242188,755.2232055664062,2336780
2020-02-27,815.0,817.04248046875,802.875,813.1875,756.3206787109375,1803980
2020-02-28,802.0999755859375,806.4525146484375,784.0,788.9425048828125,733.7711181640625,2813460
2020-03-02,797.5,815.75,795.0499877929688,805.4974975585938,749.16845703125,2344640
2020-03-03,806.5125122070312,824.9500122070312,806.5125122070312,817.969970703125,760.7687377929688,1867440
2020-03-04,819.8499755859375,831.625,801.0,827.0750122070312,769.2371215820312,2234220
2020-03-05,827.5,841.7575073242188,824.125,828.8150024414062,770.8554077148438,1701800
2020-03-06,817.905029296875,828.2775268554688,810.0050048828125,821.4650268554688,764.0193481445312,1724240
2020-03-09,812.4650268554688,817.5,785.0549926757812,801.5675048828125,745.5133056640625,2473680
2020-03-11,800.2575073242188,810.0,788.6400146484375,802.427490234375,746.313232421875,2474640
2020-03-12,793.4724731445312,794.1375122070312,752.25,778.2775268554688,723.8521118164062,4457320
2020-03-13,767.0499877929688,792.75,702.5,749.5900268554688,697.1707763671875,5232400
2020-03-16,740.0,746.552490234375,674.6325073242188,719.8599853515625,669.5195922851562,4424560
2020-03-17,725.0,738.8499755859375,712.5,727.0499877929688,676.20703125,3539600
2020-03-18,727.5,736.9000244140625,670.0,676.8400268554688,629.508056640625,4258440
2020-03-19,650.0250244140625,672.4199829101562,628.8524780273438,656.0150146484375,610.139404296875,4294200
2020-03-20,659.9000244140625,721.655029296875,657.5,707.2750244140625,657.8148193359375,4098500
2020-03-23,637.52001953125,699.989990234375,637.5025024414062,647.2324829101562,601.9711303710938,3918540
2020-03-24,694.4500122070312,694.4500122070312,610.0,673.91748046875,626.7898559570312,5173340
2020-03-25,640.0,726.0,640.0,722.2050170898438,671.7007446289062,3974440
2020-03-26,734.9849853515625,755.0,702.5775146484375,745.9824829101562,693.8154907226562,4106880
2020-03-27,770.0,776.7000122070312,740.0,755.4299926757812,702.6022338867188,3504880
2020-03-30,749.5,794.5,734.385009765625,782.9324951171875,728.1815185546875,4029400
2020-03-31,792.4500122070312,821.2474975585938,785.0625,815.030029296875,758.034423828125,3678380
2020-04-01,815.0125122070312,822.7999877929688,775.0,782.7274780273438,727.9907836914062,2550240
2020-04-03,796.9849853515625,796.9849853515625,750.25,755.2324829101562,702.4185791015625,3815520
2020-04-07,778.75,860.0,771.302490234375,851.9324951171875,792.3563842773438,4938020
2020-04-08,832.5,877.2025146484375,827.7725219726562,843.5625,784.571533203125,4968900
2020-04-09,871.8474731445312,877.2000122070312,828.75,841.9849853515625,783.1044311523438,4150160
2020-04-13,842.25,848.7000122070312,816.5075073242188,829.9974975585938,771.9552612304688,1658140
2020-04-15,832.85498046875,869.5499877929688,832.85498046875,866.2949829101562,805.7144165039062,3111580
2020-04-16,866.0,900.08251953125,852.6074829101562,894.7625122070312,832.1911010742188,4514800
2020-04-17,918.4974975585938,918.4974975585938,861.1699829101562,866.2150268554688,805.6399536132812,3745420
2020-04-20,874.489990234375,874.489990234375,846.5,848.8200073242188,789.4613647460938,2703940
2020-04-21,840.0,862.0,835.0,850.7675170898438,791.2727661132812,2675080
2020-04-22,850.41748046875,885.0,840.8599853515625,882.1024780273438,820.4163818359375,4044820
2020-04-23,879.9974975585938,890.0,865.2999877929688,871.802490234375,810.8366088867188,3742000
2020-04-24,865.0,890.0,865.0,870.302490234375,809.4417724609375,2902320
2020-04-27,879.25,900.75,871.25,897.5399780273438,834.7743530273438,2439720
2020-04-28,898.8250122070312,901.1475219726562,875.0499877929688,878.4824829101562,817.049560546875,2150860
2020-04-29,887.4000244140625,887.4000244140625,870.0,874.4849853515625,813.3317260742188,2104840
2020-04-30,885.0,900.0,875.5999755859375,896.2324829101562,833.5582885742188,3167400
2020-05-04,871.0250244140625,886.407470703125,868.0025024414062,872.822509765625,811.785400390625,2379480
2020-05-05,878.5499877929688,881.8474731445312,855.0,871.0750122070312,810.1600952148438,2613580
2020-05-06,871.0750122070312,880.85498046875,863.5,865.4650268554688,804.9425048828125,2710180
2020-05-07,860.0,864.0,841.2625122070312,857.1224975585938,797.183349609375,4181520
2020-05-08,867.5,891.0,860.0750122070312,890.1475219726562,827.89892578125,3584000
2020-05-11,888.5,896.0,874.5,878.10498046875,816.6984252929688,3680620
2020-05-12,880.4500122070312,888.8499755859375,869.25,873.0974731445312,812.0411987304688,4778500
2020-05-13,887.5,887.5,820.0,825.6174926757812,767.8815307617188,11240660
2020-05-14,830.0,842.5,810.0499877929688,812.125,755.3323974609375,8204760
2020-05-15,825.0,827.5,810.0974731445312,822.1900024414062,764.6936645507812,5431840
2020-05-18,822.0499877929688,828.75,808.1099853515625,812.0175170898438,755.2324829101562,3359200
2020-05-19,814.010009765625,820.7899780273438,805.4324951171875,807.5150146484375,751.0447998046875,2362880
2020-05-20,812.0499877929688,829.7474975585938,807.5499877929688,815.1699829101562,758.16455078125,3590780
2020-05-21,816.5,825.25,813.25,814.7725219726562,757.7949829101562,2421600
2020-05-22,814.7999877929688,819.8400268554688,807.5,810.7575073242188,754.0606689453125,2366000
2020-05-26,819.0,837.5,816.219970703125,832.7575073242188,774.5221557617188,3973840
2020-05-27,835.0,841.0,824.35498046875,835.8250122070312,777.375244140625,3350660
2020-05-28,835.8250122070312,851.5,834.0,849.45751953125,790.0542602539062,3525760
2020-05-29,847.5,880.0,839.2274780273438,877.0399780273438,815.7078857421875,4889320
2020-06-01,877.0399780273438,887.4500122070312,855.5499877929688,859.1724853515625,799.0899047851562,3503720
2020-06-02,873.8499755859375,873.8499755859375,848.5999755859375,850.7224731445312,791.23095703125,2644020
2020-06-03,858.75,876.0974731445312,857.5999755859375,870.3775024414062,809.5113525390625,2922020
2020-06-04,870.344970703125,877.3275146484375,857.4025268554688,859.8300170898438,799.7014770507812,1952620
2020-06-05,865.8499755859375,873.0,847.8275146484375,854.842529296875,795.0628051757812,3241920
2020-06-08,862.5,862.5,839.5,841.8099975585938,782.9415893554688,2941400
2020-06-09,832.5999755859375,849.25,826.0499877929688,827.6275024414062,769.7508544921875,3493700
2020-06-10,832.5,841.5999755859375,820.5,826.7349853515625,768.920654296875,2468800
2020-06-11,827.5,842.5,826.7874755859375,830.4124755859375,775.2009887695312,3302620
2020-06-12,815.0,835.85498046875,815.0,824.8150024414062,769.9757690429688,2813560
2020-06-15,825.0,832.5,818.5,820.0150146484375,765.4948120117188,2793080
2020-06-16,829.9000244140625,829.9000244140625,813.5,817.10498046875,762.7782592773438,3864740
2020-06-17,817.25,822.0,805.7575073242188,809.907470703125,756.0593872070312,2539180
2020-06-18,810.9249877929688,815.0,802.72998046875,808.947509765625,755.1632080078125,3168900
2020-06-19,814.5,815.282470703125,802.6099853515625,804.7424926757812,751.23779296875,3377860
2020-06-22,814.5,814.5,803.25,807.0399780273438,753.382568359375,2718300
2020-06-23,814.489990234375,836.0,810.5025024414062,827.4224853515625,772.4097900390625,4894700
2020-06-24,833.0,843.0,825.95751953125,835.3975219726562,779.854736328125,4021380
2020-06-25,829.5150146484375,842.5,828.25,839.3499755859375,783.5443725585938,3393300
2020-06-26,842.5,846.5,831.5,833.875,778.433349609375,2206820
2020-06-29,837.0,849.030029296875,827.0,836.2424926757812,780.6433715820312,3392920
2020-06-30,839.9500122070312,864.9000244140625,837.6950073242188,858.7224731445312,801.6288452148438,4020660
2020-07-01,860.25,860.25,836.0,839.9425048828125,784.097412109375,4338000
2020-07-02,849.25,849.25,833.0549926757812,839.467529296875,783.654052734375,2939400
2020-07-03,840.6900024414062,849.5,832.5,834.780029296875,779.2782592773438,3633160
2020-07-06,837.75,842.0999755859375,834.3474731445312,840.0999755859375,784.2444458007812,1966740
2020-07-07,842.75,847.5,836.5025024414062,845.6199951171875,789.3973999023438,2827120
2020-07-08,846.7999877929688,857.5,836.8499755859375,840.1024780273438,784.2467041015625,4374420
2020-07-09,842.0,848.2974853515625,834.0499877929688,837.9550170898438,782.2421264648438,1837880
2020-07-10,837.9550170898438,843.7474975585938,831.4000244140625,841.655029296875,785.6961059570312,2672220
2020-07-13,844.25,854.9000244140625,843.7525024414062,847.842529296875,791.4722290039062,2280580
2020-07-14,847.4500122070312,855.7575073242188,842.5999755859375,844.7899780273438,788.62255859375,1517060
2020-07-15,847.0,857.1500244140625,837.0,845.4375,789.2271728515625,2530380
2020-07-16,846.2999877929688,888.22998046875,838.0,874.782470703125,816.62109375,5930740
2020-07-17,874.7000122070312,881.0,858.25,861.4974975585938,804.2191772460938,2502760
2020-07-20,866.2000122070312,868.5,853.530029296875,862.3499755859375,805.0150756835938,3931480
2020-07-21,867.5,874.7474975585938,860.4025268554688,863.780029296875,806.3500366210938,4223720
2020-07-22,867.5,872.0,850.052490234375,857.592529296875,800.573974609375,3129560
2020-07-23,856.0,864.947509765625,852.5,862.8200073242188,805.453857421875,2138820
2020-07-24,856.2550048828125,870.5,848.0,862.592529296875,805.2415771484375,4145600
2020-07-27,865.0,870.7474975585938,860.594970703125,867.5125122070312,809.8344116210938,2076560
2020-07-28,870.3499755859375,873.7324829101562,850.385009765625,854.77001953125,797.9390869140625,3179340
2020-07-29,849.9974975585938,859.9500122070312,825.530029296875,829.8925170898438,774.7156372070312,9010100
2020-07-30,837.0,838.5974731445312,822.5549926757812,826.2000122070312,771.2686767578125,2569680
2020-07-31,826.2999877929688,833.7125244140625,821.6099853515625,826.1099853515625,771.1845703125,2958800
2020-08-03,826.4000244140625,830.0,817.5,826.239990234375,771.3059692382812,2316860
2020-08-04,831.7650146484375,832.427490234375,820.6925048828125,829.0,773.8823852539062,2200960
2020-08-05,831.5,832.197509765625,823.0,825.16748046875,770.3048095703125,1955300
2020-08-06,830.0,835.0,822.5,833.8574829101562,778.4170532226562,2117760
2020-08-07,833.4450073242188,844.9500122070312,827.7949829101562,839.4299926757812,783.6190795898438,1769000
2020-08-10,839.4974975585938,842.9974975585938,832.0,833.2874755859375,777.8848876953125,1282880
2020-08-11,836.25,839.282470703125,829.0499877929688,831.1400146484375,775.8802490234375,757460
2020-08-12,829.1024780273438,831.1024780273438,822.5,827.04248046875,772.0550537109375,1643260
2020-08-13,823.0999755859375,833.0974731445312,822.9199829101562,823.7100219726562,768.9442138671875,1326060
2020-08-14,824.3499755859375,827.4500122070312,815.2525024414062,817.7349853515625,763.366455078125,1188680
2020-08-17,822.5,826.2249755859375,815.6875,821.14501953125,766.5498046875,1251680
2020-08-18,820.0,831.22998046875,815.5499877929688,827.72998046875,772.6969604492188,2088000
2020-08-19,825.0,827.6624755859375,815.7750244140625,817.2874755859375,762.94873046875,2500100
2020-08-20,815.0,817.0,809.2625122070312,810.5974731445312,756.7034912109375,1961700
2020-08-21,816.125,834.5,812.5,828.0974731445312,773.0399780273438,2882860
2020-08-24,829.0,835.39501953125,820.0499877929688,823.9400024414062,769.158935546875,1481440
2020-08-25,822.7999877929688,823.8975219726562,813.25,814.4099731445312,760.2625732421875,2177340
2020-08-26,814.5250244140625,817.41748046875,808.5,809.5025024414062,755.6812744140625,2330160
2020-08-27,811.75,812.0150146484375,804.25,805.6849975585938,752.1175537109375,2552900
2020-08-28,807.7999877929688,818.4000244140625,804.5,805.0625,751.5365600585938,2969780
2020-08-31,810.75,814.3499755859375,793.75,797.4774780273438,744.4558715820312,4425860
2020-09-01,799.75,812.7474975585938,786.9949951171875,809.844970703125,756.0009155273438,3538940
2020-09-02,809.5499877929688,813.0,798.5,799.6275024414062,746.462890625,2123840
2020-09-03,802.5,821.97998046875,796.0625,819.6875,765.1890869140625,2677740
2020-09-04,807.75,821.1950073242188,807.5,811.6300048828125,757.6674194335938,1978640
2020-09-07,812.0499877929688,825.75,798.60498046875,820.1749877929688,765.644287109375,2096160
2020-09-08,818.47998046875,818.47998046875,805.0,806.3250122070312,752.715087890625,2108280
2020-09-09,800.0,817.5,800.0,815.625,761.3966674804688,2716000
2020-09-10,813.0625,822.5,810.0625,821.0349731445312,766.447021484375,1544160
2020-09-11,820.0,820.0,810.2000122070312,816.2675170898438,761.9965209960938,1624560
2020-09-14,820.0,820.0,802.0025024414062,804.1649780273438,750.6986694335938,2058520
2020-09-15,804.5,808.2949829101562,800.5999755859375,802.0474853515625,748.721923828125,1899680
2020-09-16,803.3250122070312,811.25,802.5,809.8900146484375,756.0430297851562,2485240
2020-09-17,812.0,814.9400024414062,804.5,806.0675048828125,752.4746704101562,2013620
2020-09-18,812.5,812.5,796.25,804.3524780273438,750.8736572265625,3947020
2020-09-21,801.25,802.4749755859375,757.7249755859375,771.5374755859375,720.240478515625,5543300
2020-09-22,771.5,771.5,755.0,759.9625244140625,709.4351196289062,2142400
2020-09-23,760.0025024414062,769.947509765625,756.5,768.302490234375,717.2203979492188,2628600
2020-09-24,767.4000244140625,771.9149780273438,758.75,762.9425048828125,712.2169799804688,2225500
2020-09-25,774.75,791.5,765.0499877929688,786.8400268554688,734.5255737304688,3565380
2020-09-28,791.0,793.5275268554688,781.0075073242188,785.989990234375,733.7321166992188,1088220
2020-09-29,790.0,792.552490234375,778.75,781.04248046875,729.1134033203125,963580
2020-09-30,781.4974975585938,801.4375,780.2525024414062,795.9324951171875,743.0134887695312,2070000
2020-10-01,795.9500122070312,802.5,789.8800048828125,800.0250244140625,746.8338623046875,1252760
2020-10-05,799.9000244140625,807.0,786.6174926757812,801.657470703125,748.3578491210938,1421620
2020-10-06,801.6500244140625,806.4000244140625,791.7025146484375,793.842529296875,741.0625,1505560
2020-10-07,797.8099975585938,806.2474975585938,792.7324829101562,805.719970703125,752.1502075195312,1992940
2020-10-08,805.0,816.5,802.6024780273438,815.22998046875,761.0279541015625,1571520
2020-10-09,812.5,817.5,799.25,801.7050170898438,748.4022827148438,1484920
2020-10-12,805.0,807.47998046875,793.0,795.1099853515625,742.2456665039062,1163320
2020-10-13,794.0,798.9625244140625,782.5999755859375,783.6500244140625,731.5477294921875,1524700
2020-10-14,783.7000122070312,791.0,777.5,783.6525268554688,731.5498657226562,1331900
2020-10-15,785.0,789.4000244140625,778.0900268554688,780.1375122070312,728.268798828125,1004880
2020-10-16,782.5,791.02001953125,768.75,771.5125122070312,720.2172241210938,2647220
2020-10-19,777.5,808.9000244140625,771.2525024414062,804.657470703125,751.158447265625,3655880
2020-10-20,795.0,820.5,792.5,812.6275024414062,758.598388671875,4066880
2020-10-21,812.0,815.7224731445312,797.1024780273438,801.54248046875,748.25048828125,3001820
2020-10-22,799.5025024414062,804.0549926757812,788.4025268554688,795.4724731445312,742.5840454101562,2271600
2020-10-23,796.5,803.2999877929688,790.3624877929688,793.2725219726562,740.5303955078125,1471900
2020-10-26,810.0,818.75,802.6074829101562,812.967529296875,758.916015625,6920120
2020-10-27,824.0,865.0,819.7775268554688,861.4924926757812,804.2146606445312,9871340
2020-10-28,857.5,864.75,846.7150268554688,855.95751953125,799.0477905273438,3265240
2020-10-29,839.0025024414062,860.7974853515625,835.592529296875,843.530029296875,793.70556640625,2731220
2020-10-30,844.5499877929688,868.0,844.5,858.0800170898438,807.3961181640625,4786320
2020-11-02,860.0499877929688,868.0,847.0,855.7474975585938,805.2013549804688,1695280
2020-11-03,861.9500122070312,863.4974975585938,838.0,844.625,794.7359008789062,2094860
2020-11-04,850.0,860.0,841.25,849.85498046875,799.6568603515625,1958180
2020-11-05,855.0,869.9500122070312,851.0399780273438,861.0650024414062,810.2048950195312,2034940
2020-11-06,862.0,863.9924926757812,845.155029296875,850.33251953125,800.1062622070312,2380060
2020-11-09,857.4000244140625,868.5,850.0999755859375,866.5999755859375,815.412841796875,2228640
2020-11-10,866.5999755859375,866.5999755859375,829.1425170898438,830.2374877929688,781.1981811523438,5793320
2020-11-11,833.5,841.4025268554688,823.75,834.8800048828125,785.5664672851562,4966220
2020-11-12,839.9500122070312,845.0,826.6799926757812,835.9299926757812,786.554443359375,2956620
2020-11-13,836.25,844.5,832.5,841.282470703125,791.5906982421875,1485460
2020-11-14,844.9500122070312,844.9500122070312,837.5499877929688,841.907470703125,792.178955078125,208940
2020-11-17,847.5,853.29248046875,842.6525268554688,849.1425170898438,798.9865112304688,2390080
2020-11-18,847.5,848.469970703125,833.592529296875,843.6300048828125,793.7996826171875,2892660
2020-11-19,842.0,860.0,839.302490234375,846.70751953125,796.6953735351562,3604440
2020-11-20,852.5,875.0,845.7575073242188,873.02001953125,821.4537353515625,5080200
2020-11-23,873.0499877929688,892.4450073242188,873.02001953125,889.3200073242188,836.7908935546875,4052900
2020-11-24,887.5,898.5599975585938,880.0,883.8800048828125,831.6722412109375,4289940
2020-11-25,889.4500122070312,889.4500122070312,867.0,876.010009765625,824.26708984375,2130160
2020-11-26,879.9500122070312,891.9500122070312,864.0,887.0974731445312,834.6995849609375,2907520
2020-11-27,892.5,903.4450073242188,847.4874877929688,894.447509765625,841.6154174804688,22134920
2020-12-01,903.3900146484375,903.39501953125,866.5775146484375,870.907470703125,819.4658203125,4701720
2020-12-02,870.907470703125,872.489990234375,857.5,863.322509765625,812.3289184570312,3239040
2020-12-03,872.5,877.0025024414062,865.7999877929688,874.6074829101562,822.9473266601562,2545500
2020-12-04,877.5,893.875,876.0,891.4349975585938,838.7809448242188,2494000
2020-12-07,882.5499877929688,895.0,872.4924926757812,878.1275024414062,826.2593383789062,2520600
2020-12-08,883.7000122070312,886.469970703125,869.3125,875.9724731445312,824.231689453125,2373980
2020-12-09,877.1799926757812,882.0850219726562,874.0574951171875,878.45751953125,826.5700073242188,1790060
2020-12-10,880.3499755859375,920.2000122070312,878.1099853515625,917.635009765625,863.4332275390625,6089220
2020-12-11,915.0,923.0,910.0,920.0549926757812,865.7105102539062,3258820
2020-12-14,917.7349853515625,933.9500122070312,915.0,929.5900268554688,874.6823120117188,2614260
2020-12-15,923.0150146484375,927.5,906.54248046875,909.4949951171875,855.774169921875,2715100
2020-12-16,919.9000244140625,936.7474975585938,912.5075073242188,916.1724853515625,862.0572509765625,4432140
2020-12-17,916.9000244140625,919.7575073242188,906.8400268554688,915.2675170898438,861.2056274414062,1962080
2020-12-18,919.75,929.9500122070312,907.9000244140625,918.1375122070312,863.9061889648438,4995800
2020-12-21,913.1375122070312,926.25,905.0499877929688,909.6300048828125,855.9012451171875,2844440
2020-12-22,910.0,933.25,900.0,927.677490234375,872.8826904296875,2655480
2020-12-23,927.7525024414062,940.5999755859375,925.7474975585938,936.635009765625,881.3111572265625,2056900
2020-12-24,930.6099853515625,941.5,918.6300048828125,928.3175048828125,873.4849853515625,2508740
2020-12-28,942.2000122070312,942.2000122070312,926.0,929.8674926757812,874.943359375,1307140
2020-12-29,931.0,935.0,908.77001953125,913.1325073242188,859.1968383789062,3974280
2020-12-30,919.9749755859375,923.4000244140625,911.5,918.9625244140625,864.6824340820312,1873080
2020-12-31,913.9025268554688,922.5,912.875,919.5125122070312,865.199951171875,1708840
2021-01-01,919.4849853515625,926.0,915.302490234375,922.5349731445312,868.0438842773438,1005720
2021-01-04,924.75,931.5,916.4874877929688,918.8975219726562,864.621337890625,1240700
2021-01-05,917.1749877929688,931.0,913.9025268554688,927.9124755859375,873.1038208007812,1673460
2021-01-06,925.5025024414062,930.0,921.5,925.7625122070312,871.0808715820312,1154120
2021-01-07,929.9500122070312,930.75,902.5050048828125,906.364990234375,852.8289794921875,2412100
2021-01-08,911.364990234375,917.5,900.0,915.3125,861.2481079101562,3032700
2021-01-11,917.5,927.29248046875,909.405029296875,919.572509765625,865.2564086914062,2291100
2021-01-12,920.5,921.9974975585938,897.5,899.9550170898438,846.7977294921875,2831320
2021-01-13,901.9974975585938,913.75,898.25,900.9650268554688,847.748046875,2187740
2021-01-14,902.4500122070312,911.469970703125,902.4500122070312,906.6300048828125,853.0784301757812,1169760
2021-01-15,905.5025024414062,912.4500122070312,890.0,891.7000122070312,839.0303955078125,1928020
2021-01-18,892.4974975585938,903.7000122070312,877.8375244140625,881.5349731445312,829.4655151367188,2413480
2021-01-19,886.5,891.0250244140625,883.5,887.7349853515625,835.2994995117188,1256980
2021-01-20,888.3499755859375,897.0,881.1525268554688,884.0650024414062,831.84619140625,1476620
2021-01-21,888.5,895.0,882.7675170898438,885.8150024414062,833.492919921875,1419540
2021-01-22,889.2000122070312,894.114990234375,877.5,879.47998046875,827.5320434570312,1965000
2021-01-25,882.5999755859375,885.0,861.4924926757812,870.7625122070312,819.32958984375,2328720
2021-01-27,873.6475219726562,879.885009765625,867.0125122070312,876.905029296875,825.109130859375,1328040
2021-01-28,873.5,876.0,860.1500244140625,869.3825073242188,818.0310668945312,1781100
2021-01-29,869.2525024414062,873.3925170898438,848.0650024414062,853.0,802.6162109375,2257760
2021-02-01,860.0,863.7849731445312,850.0,854.385009765625,803.9193725585938,1688120
2021-02-02,857.5025024414062,867.5,852.7249755859375,859.5150146484375,808.746337890625,2605960
2021-02-03,860.0025024414062,864.4500122070312,852.5499877929688,858.3200073242188,807.6218872070312,2246500
2021-02-04,859.9949951171875,861.3474731445312,852.6224975585938,853.7000122070312,803.2747802734375,1842000
2021-02-05,856.552490234375,858.3599853515625,850.1500244140625,855.7874755859375,805.2389526367188,1961940
2021-02-08,859.0,864.2449951171875,855.0574951171875,860.9099731445312,810.0588989257812,2432140
2021-02-09,860.5499877929688,875.5,857.5,865.947509765625,814.798828125,2420240
2021-02-10,867.010009765625,871.8400268554688,854.3250122070312,858.8674926757812,808.136962890625,2331520
2021-02-11,859.4949951171875,872.3724975585938,857.5,870.6124877929688,819.1882934570312,1307320
2021-02-12,870.5050048828125,875.9500122070312,862.0,864.7150268554688,813.63916015625,1090560
2021-02-15,867.4500122070312,875.3375244140625,862.9025268554688,873.9924926757812,822.3687133789062,2202380
2021-02-16,877.75,882.2999877929688,856.9550170898438,860.8624877929688,810.0142822265625,4595480
2021-02-17,845.0,845.0,817.5,837.0599975585938,787.6177368164062,11986860
2021-02-18,837.7999877929688,845.0,815.0,818.2349853515625,769.9046020507812,5021320
2021-02-19,821.5,823.2349853515625,810.6475219726562,818.8200073242188,770.455078125,2605500
2021-02-22,820.552490234375,826.5,801.22998046875,804.8150024414062,757.2772216796875,4298300
2021-02-23,806.5499877929688,812.75,800.10498046875,808.4974975585938,760.7422485351562,2859960
2021-02-24,814.1500244140625,818.9000244140625,805.0,817.3074951171875,769.0318603515625,1686840
2021-02-25,815.2999877929688,818.6649780273438,805.0,805.6950073242188,758.1053466796875,3714260
2021-02-26,802.5250244140625,814.219970703125,800.1950073242188,805.0800170898438,757.5266723632812,4537460
2021-03-01,811.7999877929688,818.3800048828125,805.0,814.6224975585938,766.5054931640625,1814360
2021-03-02,815.0999755859375,831.0,814.4874877929688,828.8074951171875,779.8526611328125,2461940
2021-03-03,835.25,836.0,827.33251953125,834.9625244140625,785.64404296875,1857460
2021-03-04,832.8275146484375,835.3975219726562,822.25,833.0900268554688,783.8821411132812,2599620
2021-03-05,825.7999877929688,842.0,822.7999877929688,839.14501953125,789.5794067382812,2054820
2021-03-08,836.2525024414062,845.0,830.3499755859375,842.6224975585938,792.8515625,1836840
2021-03-09,845.510009765625,847.4974975585938,833.0,845.5399780273438,795.5968017578125,1854340
2021-03-10,847.4849853515625,850.0,839.25,846.572509765625,796.5682373046875,1275760
2021-03-12,848.8499755859375,850.4924926757812,832.5,836.1224975585938,786.7355346679688,1698280
2021-03-15,843.9924926757812,843.9924926757812,831.5,841.6525268554688,791.9389038085938,1379660
2021-03-16,841.75,851.0,834.75,837.0974731445312,787.6530151367188,1689400
2021-03-17,839.5,839.5,817.0025024414062,822.7874755859375,774.188232421875,3143460
2021-03-18,823.39501953125,831.2474975585938,809.0,810.0625,762.2146606445312,1927300
2021-03-19,810.0,829.75,803.5,822.54248046875,773.9576416015625,3988320
2021-03-22,822.5499877929688,833.75,817.5499877929688,829.4025268554688,780.4124755859375,2175720
2021-03-23,828.75,837.5,825.3200073242188,834.0675048828125,784.8018798828125,2007160
2021-03-24,830.0,838.489990234375,820.9625244140625,822.405029296875,773.8283081054688,1511100
2021-03-25,821.25,829.2249755859375,805.7999877929688,808.5050048828125,760.7493286132812,2174080
2021-03-26,814.9500122070312,830.9224853515625,812.7000122070312,828.5875244140625,779.6456298828125,2531560
2021-03-30,830.5,862.677490234375,830.5,858.25,807.5560913085938,2978040
2021-03-31,864.9500122070312,864.9500122070312,847.5775146484375,858.260009765625,807.5654907226562,2206620
2021-04-01,858.260009765625,859.427490234375,848.3800048828125,854.157470703125,803.7052001953125,1663520
2021-04-05,857.5,857.5,836.1950073242188,844.0275268554688,794.1737060546875,1631140
2021-04-06,845.5,856.0,840.0,854.0850219726562,803.6371459960938,1283860
2021-04-07,855.0,893.2974853515625,851.25,870.4924926757812,819.0753784179688,3569300
2021-04-08,871.2525024414062,887.9500122070312,866.342529296875,884.4949951171875,832.2508544921875,2360120
2021-04-09,880.5549926757812,892.4500122070312,875.0,879.6199951171875,827.6638793945312,1478880
2021-04-12,868.7575073242188,881.0,867.0549926757812,875.0850219726562,823.396728515625,1150640
2021-04-13,879.3499755859375,879.9974975585938,852.0050048828125,858.4425048828125,807.7373046875,2210540
2021-04-15,866.25,870.0,838.75,843.782470703125,793.9430541992188,2366280
2021-04-16,848.4500122070312,866.75,843.1400146484375,862.60498046875,811.6538696289062,1883800
2021-04-19,860.052490234375,862.0,847.5,854.4974975585938,804.025146484375,1018760
2021-04-20,871.0,871.0,844.5025024414062,854.782470703125,804.2931518554688,2073740
2021-04-22,859.5,859.5,827.5625,839.5225219726562,789.934814453125,4088620
2021-04-23,839.25,839.9650268554688,830.25,831.2849731445312,782.1837158203125,1372000
2021-04-26,839.9525146484375,844.75,833.1824951171875,843.530029296875,793.70556640625,3047240
2021-04-27,844.9500122070312,846.5,837.5,838.9500122070312,789.39599609375,893020
2021-04-28,838.75,841.5549926757812,830.5499877929688,831.6900024414062,782.5648803710938,1737520
2021-04-29,833.9500122070312,835.72998046875,824.0,825.1275024414062,780.6135864257812,1604140
2021-04-30,825.0,828.4600219726562,812.75,815.4625244140625,771.4700927734375,1955660
2021-05-03,818.0,828.7474975585938,813.6325073242188,825.3375244140625,780.8123779296875,1280960
2021-05-04,825.5125122070312,831.0,819.0,827.3300170898438,782.6973266601562,2115920
2021-05-05,828.052490234375,830.5,822.8724975585938,827.4625244140625,782.8226318359375,706440
2021-05-06,826.2525024414062,838.489990234375,826.2525024414062,835.8800048828125,790.7860717773438,1406380
2021-05-07,839.427490234375,839.905029296875,833.25,838.0675048828125,792.8555297851562,753320
2021-05-10,841.5,842.5,833.5,839.364990234375,794.0830078125,953160
2021-05-11,837.4500122070312,847.4500122070312,835.5175170898438,843.5050048828125,797.999755859375,1201260
2021-05-12,838.5125122070312,842.8699951171875,831.0,835.89501953125,790.8002319335938,1211520
2021-05-14,835.8499755859375,863.0,830.25,861.20751953125,814.7471923828125,1931640
2021-05-17,861.0,865.0,850.030029296875,851.8975219726562,805.9395751953125,1214060
2021-05-18,856.010009765625,862.447509765625,852.0999755859375,859.030029296875,812.6871948242188,1108780
2021-05-19,859.3499755859375,873.25,859.3499755859375,872.467529296875,825.3995971679688,1768740
2021-05-20,873.0,874.9824829101562,861.0999755859375,864.2675170898438,817.6421508789062,985060
2021-05-21,869.2675170898438,877.5,864.0125122070312,874.85498046875,827.658447265625,1345200
2021-05-24,870.0025024414062,879.4025268554688,865.0374755859375,868.0150146484375,821.1874389648438,1144120
2021-05-25,874.8499755859375,887.9400024414062,871.1024780273438,875.8049926757812,828.55712890625,1439040
2021-05-26,875.8049926757812,880.8674926757812,868.4000244140625,877.0650024414062,829.7491455078125,916060
2021-05-27,877.5,895.0,871.7650146484375,887.3350219726562,839.4652099609375,2393260
2021-05-28,888.5,890.717529296875,875.0,875.469970703125,828.2402954101562,1063240
2021-05-31,875.4500122070312,887.2625122070312,870.7625122070312,884.7775268554688,837.045654296875,1140460
2021-06-01,879.9500122070312,890.5,873.95751953125,887.9249877929688,840.0232543945312,1155020
2021-06-02,875.8099975585938,890.6599731445312,875.5050048828125,882.6749877929688,835.0565795898438,1485240
2021-06-03,882.5,892.7474975585938,878.0,889.969970703125,841.9580078125,1007980
2021-06-04,884.552490234375,885.3200073242188,869.0,871.3400268554688,824.3331909179688,4036440
2021-06-07,873.7274780273438,879.5,867.6749877929688,876.6275024414062,829.3352661132812,988720
2021-06-08,876.5025024414062,880.6475219726562,870.1699829101562,874.1300048828125,826.9725952148438,948940
2021-06-09,873.0,881.280029296875,872.0,877.8574829101562,830.4989624023438,837560
2021-06-10,876.25,883.75,874.5,877.8049926757812,830.4492797851562,841060
2021-06-11,880.4500122070312,880.4500122070312,868.25,876.8200073242188,829.5174560546875,979940
2021-06-14,873.0700073242188,881.5,870.8800048828125,878.875,831.4614868164062,730460
2021-06-15,882.2999877929688,885.5,875.5499877929688,884.239990234375,836.537109375,943920
2021-06-16,882.510009765625,903.4249877929688,880.6525268554688,898.260009765625,849.80078125,2339240
2021-06-17,895.75,909.4650268554688,895.0,902.9525146484375,854.2401733398438,1515740
2021-06-18,902.9500122070312,904.947509765625,880.0,883.532470703125,835.86767578125,2953400
2021-06-21,881.5700073242188,885.5025024414062,875.6500244140625,882.45751953125,834.850830078125,803600
2021-06-22,883.5,887.3975219726562,870.5,871.8275146484375,824.7943115234375,1410640
2021-06-23,874.9974975585938,878.0,868.5,870.739990234375,823.7654418945312,741680
2021-06-24,870.7525024414062,883.5,866.1199951171875,880.9874877929688,833.4600830078125,1300900
2021-06-25,878.5125122070312,882.5,871.75,875.3350219726562,828.1126098632812,780000
2021-06-28,875.3524780273438,881.0,872.6749877929688,875.3074951171875,828.08642578125,809000
2021-06-29,879.5,887.5,874.4824829101562,879.9625244140625,832.490478515625,1421920
2021-06-30,882.0,887.25,878.75,881.6500244140625,834.0867919921875,1031340
2021-07-01,881.5,886.25,878.4749755859375,882.3099975585938,834.7113037109375,534000
2021-07-02,883.9500122070312,884.0,874.2999877929688,880.0999755859375,832.6204223632812,614460
2021-07-05,880.2550048828125,885.5999755859375,876.1649780273438,882.0675048828125,834.4818115234375,686440
2021-07-06,881.7775268554688,881.8925170898438,870.8499755859375,873.5050048828125,826.38134765625,1251020
2021-07-07,870.0,890.0,868.0125122070312,885.8474731445312,838.057861328125,1090380
2021-07-08,880.7999877929688,884.9924926757812,876.905029296875,880.9450073242188,833.419921875,597360
2021-07-09,877.7525024414062,884.0,877.5,881.7999877929688,834.228759765625,538820
2021-07-12,887.7650146484375,887.7675170898438,878.5800170898438,882.0700073242188,834.4841918945312,666020
2021-07-13,886.5,886.6500244140625,880.0549926757812,884.594970703125,836.8729858398438,500080
2021-07-14,884.594970703125,884.594970703125,876.0,876.9849853515625,829.6735229492188,1017220
2021-07-15,876.25,882.8900146484375,872.5,881.092529296875,833.5594482421875,556780
2021-07-16,882.75,885.75,876.8975219726562,882.7100219726562,835.0897827148438,733700
2021-07-19,877.5,892.25,877.5,887.6224975585938,839.7371215820312,1028040
2021-07-20,887.4974975585938,895.3499755859375,885.0499877929688,892.8049926757812,844.6400756835938,891880
2021-07-22,892.8049926757812,902.322509765625,885.0,899.739990234375,851.200927734375,2266340
2021-07-23,896.5175170898438,911.2000122070312,894.1124877929688,907.197509765625,858.2562255859375,1504620
2021-07-26,903.592529296875,909.3875122070312,900.5399780273438,905.0675048828125,856.2410888671875,1069900
2021-07-27,900.5999755859375,922.4500122070312,898.625,911.3049926757812,862.1419677734375,2783140
2021-07-28,916.7000122070312,916.7000122070312,895.0499877929688,901.1275024414062,852.5136108398438,1752740
2021-07-29,897.5,910.0,889.0,895.7374877929688,847.4143676757812,2710720
2021-07-30,895.7374877929688,897.7974853515625,882.7525024414062,885.1325073242188,837.3814697265625,1667400
2021-08-02,889.7899780273438,895.0399780273438,883.75,885.7324829101562,837.9491577148438,639480
2021-08-03,883.510009765625,919.0,882.7000122070312,914.2050170898438,864.8856811523438,1262560
2021-08-04,914.7050170898438,917.4974975585938,900.85498046875,902.8674926757812,854.1597900390625,816440
2021-08-05,907.5,914.2050170898438,900.0999755859375,910.4375,861.3212890625,759280
2021-08-06,910.0,910.4000244140625,899.0,901.032470703125,852.4236450195312,767480
2021-08-09,903.5,911.75,901.032470703125,910.114990234375,861.0162353515625,612720
2021-08-10,910.5,918.5349731445312,904.2550048828125,913.6649780273438,864.3746948242188,1229340
2021-08-11,915.75,915.75,901.2675170898438,908.3900146484375,859.38427734375,699700
2021-08-12,909.0399780273438,912.3975219726562,904.0,906.6925048828125,857.7783813476562,489880
2021-08-13,909.9849853515625,914.5025024414062,906.5850219726562,913.4774780273438,864.1973266601562,822460
2021-08-16,913.4774780273438,924.9500122070312,908.8574829101562,914.7625122070312,865.4130249023438,899420
2021-08-17,917.5,939.8724975585938,915.0700073242188,936.6275024414062,886.0984497070312,1504020
2021-08-18,937.5499877929688,948.4500122070312,937.5025024414062,945.5499877929688,894.5396118164062,799760
2021-08-20,927.7625122070312,982.0549926757812,927.7625122070312,978.5625,925.7711791992188,2862140
2021-08-23,985.0,1004.75,977.8825073242188,1001.052490234375,947.0477905273438,2974840
2021-08-24,1005.0,1009.9500122070312,983.25,988.9924926757812,935.6385498046875,1661680
2021-08-25,989.2999877929688,1016.25,989.2999877929688,995.4924926757812,941.7877197265625,2003180
2021-08-26,998.7474975585938,1005.9849853515625,990.2775268554688,1002.635009765625,948.5449829101562,1264080
2021-08-27,1005.0,1005.0,994.7999877929688,997.8674926757812,944.03466796875,702080
2021-08-30,1002.5,1006.125,984.2125244140625,987.1124877929688,933.85986328125,2679160
2021-08-31,987.25,991.9974975585938,967.5,973.3875122070312,920.8753051757812,4547400
2021-09-01,987.3400268554688,994.5,977.60498046875,991.342529296875,937.86181640625,2096860
2021-09-02,993.7000122070312,1014.5,988.0499877929688,1012.030029296875,957.4331665039062,1571540
2021-09-03,1012.5,1017.1500244140625,1005.052490234375,1013.33251953125,958.6654663085938,939560
2021-09-06,1013.0075073242188,1017.4000244140625,1008.0,1011.1599731445312,956.6100463867188,681380
2021-09-07,1008.3074951171875,1019.635009765625,1008.3074951171875,1018.4224853515625,963.4807739257812,683060
2021-09-08,1015.0,1026.5,989.25,991.97998046875,938.4649047851562,3447460
2021-09-09,995.5,1026.25,992.02001953125,1022.8599853515625,967.6788940429688,2207220
2021-09-13,1015.0,1025.0,1011.5,1022.6124877929688,967.4447631835938,750060
2021-09-14,1022.5,1030.45751953125,1009.0,1011.5225219726562,956.9530639648438,1183700
2021-09-15,1018.4924926757812,1018.5,1004.39501953125,1005.9600219726562,951.690673828125,752120
2021-09-16,1005.302490234375,1012.0850219726562,998.5,1001.3925170898438,947.3695678710938,1025300
2021-09-17,1007.75,1014.9500122070312,1005.0025024414062,1008.7849731445312,954.3630981445312,1902580
2021-09-20,1006.25,1019.2999877929688,1005.0499877929688,1016.1300048828125,961.3119506835938,1830260
2021-09-21,1010.0,1016.5,1000.1074829101562,1009.4774780273438,955.018310546875,2168220
2021-09-22,1008.6925048828125,1008.6925048828125,990.5050048828125,996.260009765625,942.513916015625,2150460
2021-09-23,1000.0,1006.0499877929688,991.0,991.9500122070312,938.4364624023438,1074480
2021-09-24,996.3499755859375,999.0,990.0,993.2125244140625,939.6309204101562,837880
2021-09-27,995.0,995.0,980.0549926757812,982.1099853515625,929.1272583007812,919480
2021-09-28,984.5,985.9324951171875,972.9525146484375,977.2374877929688,924.517578125,1153720
2021-09-29,977.2374877929688,985.0,971.08251953125,975.3375244140625,922.7201538085938,925900
2021-09-30,973.9149780273438,979.4974975585938,965.8074951171875,972.2775268554688,919.8252563476562,887460
2021-10-01,972.25,982.2474975585938,962.6024780273438,977.4974975585938,924.7636108398438,797380
2021-10-04,977.4974975585938,982.5,968.1024780273438,974.6475219726562,922.0674438476562,655920
2021-10-05,975.0,979.3524780273438,967.2424926757812,969.7775268554688,917.4600219726562,546560
2021-10-06,972.2449951171875,981.2125244140625,953.9000244140625,957.8574829101562,906.1831665039062,1452160
2021-10-07,960.0399780273438,965.2100219726562,947.7675170898438,952.282470703125,900.9088134765625,953900
2021-10-08,952.75,958.9974975585938,946.8775024414062,949.322509765625,898.1085815429688,1744920
2021-10-11,951.0499877929688,959.7750244140625,950.1325073242188,954.2324829101562,902.7536010742188,776040
2021-10-12,953.4450073242188,972.5,948.5025024414062,970.7849731445312,918.4132080078125,1444980
2021-10-13,975.0,980.2525024414062,961.302490234375,966.032470703125,913.9169921875,1078500
2021-10-14,969.7000122070312,971.4375,961.25,966.27001953125,914.141845703125,843800
2021-10-18,980.0,980.0,961.0,971.9224853515625,919.4893798828125,1126060
2021-10-19,973.75,986.6024780273438,964.2025146484375,968.4224853515625,916.1781616210938,1186040
2021-10-20,965.0,1010.0,952.5225219726562,963.8825073242188,911.8831176757812,4355380
2021-10-21,973.0,984.0,952.8350219726562,961.657470703125,909.778076171875,1519240
2021-10-22,971.9000244140625,971.9000244140625,942.5,950.3350219726562,899.0664672851562,910300
2021-10-25,950.0,950.0474853515625,930.217529296875,934.8125,884.3812866210938,1082920
2021-10-26,933.9949951171875,964.0,931.947509765625,960.8800048828125,914.4225463867188,2133160
2021-10-27,959.864990234375,971.0,945.5775146484375,950.22998046875,904.2875366210938,1057640
2021-10-28,950.5,955.9249877929688,942.6749877929688,949.5700073242188,903.659423828125,629000
2021-10-29,950.0,960.0,937.907470703125,950.0075073242188,904.0757446289062,985500
2021-11-01,954.9450073242188,954.9450073242188,936.7974853515625,946.97998046875,901.1946411132812,851420
2021-11-02,945.0499877929688,951.7025146484375,931.9774780273438,938.697509765625,893.3125610351562,698980
2021-11-03,943.0,944.3975219726562,928.0499877929688,936.8574829101562,891.5615234375,889580
2021-11-04,945.0,947.4500122070312,940.594970703125,944.4625244140625,898.7988891601562,138100
2021-11-08,947.4500122070312,954.7974853515625,934.0,952.4625244140625,906.4120483398438,866240
2021-11-09,950.8474731445312,952.25,940.052490234375,947.0374755859375,901.2493286132812,872960
2021-11-10,947.39501953125,952.1300048828125,940.0,947.64501953125,901.827392578125,761180
2021-11-11,947.5,947.5,933.5025024414062,942.7000122070312,897.1214599609375,839120
2021-11-12,947.5,962.9600219726562,943.04248046875,957.1224975585938,910.8468017578125,1330240
2021-11-15,960.0,974.9500122070312,953.4924926757812,973.8300170898438,926.7464599609375,1016660
2021-11-16,972.5075073242188,979.9500122070312,966.0499877929688,973.10498046875,926.0565185546875,922400
2021-11-17,970.2000122070312,978.25,968.1500244140625,973.8524780273438,926.767822265625,1085520
2021-11-18,970.0,974.4400024414062,964.0025024414062,970.2750244140625,923.36328125,832140
2021-11-22,970.6749877929688,978.29248046875,941.625,949.7675170898438,903.8473510742188,882760
2021-11-23,949.7999877929688,962.3200073242188,945.2349853515625,959.0775146484375,912.7072143554688,739200
2021-11-24,960.0,964.5,947.5,954.344970703125,908.20361328125,687100
2021-11-25,954.25,960.5,945.2849731445312,958.9025268554688,912.540771484375,594900
2021-11-26,957.4425048828125,971.7050170898438,949.125,961.1124877929688,914.643798828125,1128820
2021-11-29,952.5,958.114990234375,940.0,950.02001953125,904.087646484375,962140
2021-11-30,950.02001953125,971.2449951171875,946.7725219726562,957.6275024414062,911.3273315429688,3395600
2021-12-01,960.5,972.4949951171875,958.094970703125,969.8900146484375,922.9970092773438,1096240
2021-12-02,969.8900146484375,982.5,961.3375244140625,975.1599731445312,928.0121459960938,972000
2021-12-03,970.1099853515625,974.9400024414062,956.8499755859375,966.0675048828125,919.3593139648438,1508960
2021-12-06,970.0,970.780029296875,946.45751953125,950.8250122070312,904.8538208007812,698540
2021-12-07,961.2999877929688,972.1824951171875,948.7999877929688,967.2125244140625,920.448974609375,1408580
2021-12-08,961.2525024414062,976.2474975585938,961.2525024414062,973.9550170898438,926.865478515625,671560
2021-12-09,975.0,977.4500122070312,958.1224975585938,964.2374877929688,917.6177368164062,810440
2021-12-10,961.0499877929688,965.5,951.5225219726562,963.5125122070312,916.9278564453125,788980
2021-12-13,961.010009765625,967.4749755859375,946.2000122070312,949.0999755859375,903.212158203125,1089800
2021-12-14,947.655029296875,966.1475219726562,945.6699829101562,961.9400024414062,915.4313354492188,1381340
2021-12-15,957.552490234375,965.155029296875,952.5,960.155029296875,913.7327270507812,1298180
2021-12-16,960.25,965.7675170898438,956.27001953125,962.8574829101562,916.3045043945312,808340
2021-12-17,955.7525024414062,961.6525268554688,950.0,953.9824829101562,907.8585205078125,1085560
2021-12-20,950.0,953.4099731445312,930.0,944.0625,898.4181518554688,1426200
2021-12-21,949.3499755859375,964.2974853515625,945.0025024414062,961.0250244140625,914.5606689453125,693560
2021-12-22,961.5,966.9974975585938,950.614990234375,959.530029296875,913.137939453125,732240
2021-12-23,964.75,964.9974975585938,957.75,960.427490234375,913.9918212890625,951380
2021-12-24,960.427490234375,971.7025146484375,958.5549926757812,961.2100219726562,914.736572265625,684400
2021-12-27,959.2999877929688,970.0,954.9724731445312,965.1174926757812,918.4552001953125,531760
2021-12-28,967.5,973.427490234375,961.75,967.75,920.96044921875,420980
2021-12-29,967.75,972.5499877929688,962.5775146484375,969.9824829101562,923.0849609375,585380
2021-12-30,969.5,979.25,966.1599731445312,970.3275146484375,923.4132690429688,797360
2021-12-31,968.75,990.7474975585938,967.510009765625,985.2849731445312,937.6475830078125,797740
2022-01-03,984.75,990.7000122070312,981.9025268554688,983.8975219726562,936.3272094726562,517380
2022-01-04,983.9000244140625,997.3900146484375,981.4025268554688,994.4525146484375,946.3718872070312,700680
2022-01-05,993.7000122070312,1001.25,991.4550170898438,996.7874755859375,948.593994140625,648640
2022-01-06,987.5050048828125,996.7874755859375,976.75,982.3775024414062,934.8807983398438,614180
2022-01-07,982.5250244140625,998.0,979.3524780273438,995.1425170898438,947.028564453125,979660
2022-01-10,995.1500244140625,998.4450073242188,983.9525146484375,985.4000244140625,937.757080078125,412340
2022-01-11,977.5,991.25,977.5,988.0974731445312,940.32421875,635760
2022-01-12,992.5,992.5,983.0,985.35498046875,937.7142333984375,474220
2022-01-13,987.5,987.5,980.0,985.719970703125,938.0615844726562,707660
2022-01-14,985.719970703125,985.967529296875,963.5,970.0075073242188,923.1087646484375,743800
2022-01-17,970.0,975.75,955.5549926757812,966.6599731445312,919.9232177734375,728060
2022-01-18,964.0999755859375,972.5,959.4000244140625,968.97998046875,922.1309814453125,724160
2022-01-19,968.5,972.2474975585938,928.60498046875,946.8499755859375,901.0709228515625,1647660
2022-01-20,940.0,954.0,930.2525024414062,936.7050170898438,891.4164428710938,1581120
2022-01-21,933.0,953.1124877929688,930.5025024414062,948.7125244140625,902.843505859375,1104820
2022-01-24,948.7125244140625,952.0,930.0,935.8875122070312,890.6384887695312,1068740
2022-01-25,928.657470703125,944.2025146484375,915.6475219726562,939.5374755859375,894.1118774414062,1157600
2022-01-27,927.5,939.5,910.8875122070312,919.2725219726562,874.8267822265625,1085180
2022-01-28,920.0,932.4500122070312,916.4124755859375,919.219970703125,874.77685546875,748460
2022-01-31,921.4000244140625,931.9949951171875,921.4000244140625,926.0775146484375,881.3027954101562,595220
2022-02-01,930.0,938.9099731445312,921.0499877929688,933.5850219726562,888.447265625,535820
2022-02-02,941.0,942.5,922.032470703125,925.032470703125,880.3082885742188,1208320
2022-02-03,921.0,928.9824829101562,913.0549926757812,915.3300170898438,871.0748901367188,687080
2022-02-04,920.0,920.0,910.1400146484375,916.58251953125,872.2667846679688,898480
2022-02-07,916.58251953125,921.0,895.5499877929688,903.6375122070312,859.9476318359375,969380
2022-02-08,910.25,910.7125244140625,899.5,904.3574829101562,860.6328735351562,787700
2022-02-09,904.5,911.8574829101562,901.072509765625,906.7525024414062,862.9120483398438,964860
2022-02-10,905.0499877929688,910.64501953125,900.5,906.9924926757812,863.1404418945312,1008440
2022-02-11,906.75,906.75,881.0,890.760009765625,847.69287109375,1919600
2022-02-14,885.7999877929688,890.0125122070312,871.489990234375,883.5125122070312,840.7957153320312,858340
2022-02-15,883.5125122070312,916.1624755859375,878.572509765625,909.35498046875,865.3887939453125,1003400
2022-02-16,908.3499755859375,919.8699951171875,901.6749877929688,911.1900024414062,867.135009765625,808200
2022-02-17,920.0,920.0,898.0075073242188,906.2999877929688,862.4815063476562,2276800
2022-02-18,899.4000244140625,911.6199951171875,890.5549926757812,900.4650268554688,856.9285888671875,1926560
2022-02-21,898.8499755859375,908.0,891.25,905.3049926757812,861.5345458984375,740720
2022-02-22,899.25,909.66748046875,886.9824829101562,905.5499877929688,861.7677001953125,1261740
2022-02-23,905.5499877929688,910.4774780273438,891.75,896.33251953125,852.9959716796875,1184960
2022-02-24,886.5,898.4349975585938,878.0,887.2374877929688,844.3406982421875,2242100
2022-02-25,890.0,894.7474975585938,880.0,885.7550048828125,842.9297485351562,1619780
2022-02-28,885.0,888.4650268554688,866.5,881.95751953125,839.31591796875,3157460
2022-03-02,880.0,894.469970703125,872.8524780273438,892.22998046875,849.0917358398438,1732620
2022-03-03,894.0,894.0,869.4774780273438,871.8250122070312,829.6732788085938,1339280
2022-03-04,865.0,877.2025146484375,851.0499877929688,869.592529296875,827.548828125,1034100
2022-03-07,855.0,870.3875122070312,852.0,867.1024780273438,825.1791381835938,1330840
2022-03-08,865.0,876.5,848.25,863.1649780273438,821.4320068359375,1954480
2022-03-09,869.0,869.0,853.282470703125,857.280029296875,815.8316040039062,1422440
2022-03-10,865.0,884.2625122070312,861.0499877929688,882.4550170898438,839.7893676757812,1329780
2022-03-11,880.0,880.9025268554688,861.5,866.3724975585938,824.4844360351562,1465580
2022-03-14,873.8724975585938,873.8724975585938,857.9000244140625,868.3599853515625,826.3758544921875,773300
2022-03-15,871.0,878.0,862.2525024414062,873.0800170898438,830.8675537109375,1244220
2022-03-16,880.5,894.2750244140625,873.5499877929688,891.1699829101562,848.0830078125,967800
2022-03-17,889.2974853515625,918.7424926757812,889.2974853515625,914.2100219726562,870.009033203125,2017800
2022-03-21,917.5,918.5,890.6749877929688,893.822509765625,850.6072387695312,806700
2022-03-22,886.3499755859375,893.4974975585938,862.6824951171875,871.4625244140625,829.3283081054688,2804480
2022-03-23,876.75,877.5,863.0499877929688,867.2100219726562,825.2813720703125,1185580
2022-03-24,866.4000244140625,875.0,863.0,870.405029296875,828.322021484375,863620
2022-03-25,873.9000244140625,873.9000244140625,853.75,858.0599975585938,816.5737915039062,1064340
2022-03-28,862.5,867.447509765625,839.5,843.0025024414062,802.2442626953125,1602220
2022-03-29,845.0,849.9974975585938,841.0,846.094970703125,805.1873168945312,1675180
2022-03-30,855.4000244140625,867.3775024414062,851.1300048828125,864.9000244140625,823.0831909179688,1499400
2022-03-31,862.5,871.6900024414062,860.14501953125,869.0275268554688,827.0110473632812,1245620
2022-04-01,869.0275268554688,880.385009765625,862.5,877.8599853515625,835.41650390625,623180
2022-04-04,880.5,893.3250122070312,873.1024780273438,891.0075073242188,847.9282836914062,795680
2022-04-05,891.2999877929688,903.0,885.9199829101562,901.1599731445312,857.5899658203125,795640
2022-04-06,898.75,913.0,893.1500244140625,910.8375244140625,866.7996215820312,941160
2022-04-07,907.5,912.5,899.25,909.4199829101562,865.4505615234375,749740
2022-04-08,907.5999755859375,924.7999877929688,903.4824829101562,922.6400146484375,878.0315551757812,685620
2022-04-11,920.9000244140625,926.0125122070312,910.6500244140625,921.3175048828125,876.7728881835938,753380
2022-04-12,913.7650146484375,924.9500122070312,911.125,920.8900146484375,876.3661499023438,1098000
2022-04-13,923.75,927.4500122070312,912.5,919.1199951171875,874.681640625,546600
2022-04-18,915.0,934.2999877929688,915.0,928.0750122070312,883.2036743164062,1075460
2022-04-19,927.0250244140625,936.25,891.6124877929688,897.4299926757812,854.0404663085938,1318840
2022-04-20,909.9450073242188,920.947509765625,899.4974975585938,915.260009765625,871.0082397460938,1763540
2022-04-21,902.5499877929688,928.39501953125,887.5499877929688,910.1475219726562,870.4224853515625,3706820
2022-04-22,902.0050048828125,912.4724731445312,891.60498046875,909.3875122070312,869.6956787109375,2174140
2022-04-25,895.0,917.5,892.5050048828125,908.7349853515625,869.0715942382812,1690140
2022-04-26,915.0,927.2100219726562,910.0,920.7874755859375,880.5980834960938,1411860
2022-04-27,907.5999755859375,923.2849731445312,907.5,911.1500244140625,871.3812255859375,1348600
2022-04-28,911.9249877929688,926.739990234375,908.7525024414062,921.385009765625,881.1695556640625,1579160
2022-04-29,920.5,933.280029296875,913.2899780273438,916.5150146484375,876.5121459960938,1267960
2022-05-02,913.4500122070312,924.0,910.5,922.0275268554688,881.7839965820312,831940
2022-05-04,914.0549926757812,923.60498046875,898.532470703125,904.3875122070312,864.913818359375,1217140
2022-05-05,915.5075073242188,918.9199829101562,875.2999877929688,880.1875,841.7701416015625,1266260
2022-05-06,874.989990234375,879.9849853515625,848.75,849.7725219726562,812.6827392578125,1799940
2022-05-09,849.6724853515625,852.7650146484375,822.5,825.217529296875,789.1994018554688,2302940
2022-05-10,832.0,834.0,820.0499877929688,826.030029296875,789.9765014648438,1343540
2022-05-11,826.030029296875,831.9550170898438,811.7449951171875,825.6199951171875,789.5842895507812,1235740
2022-05-12,824.2249755859375,824.2249755859375,806.3375244140625,811.0,775.6024780273438,1435520
2022-05-13,824.5,828.114990234375,815.2449951171875,820.1475219726562,784.3507690429688,1108780
2022-05-16,825.0999755859375,826.0,806.7224731445312,810.9425048828125,775.5474243164062,1049660
2022-05-17,819.5,819.5,808.2324829101562,816.1699829101562,780.5468139648438,1726100
2022-05-18,816.1699829101562,820.91748046875,810.5999755859375,817.1799926757812,781.5126953125,1920180
2022-05-19,808.5,812.2474975585938,800.0,804.7125244140625,769.5894165039062,1410040
2022-05-20,816.0499877929688,848.0,812.5025024414062,843.0999755859375,806.3013305664062,3049540
2022-05-23,852.9974975585938,868.5,845.5650024414062,849.7150268554688,812.627685546875,2063460
2022-05-24,857.4500122070312,863.9149780273438,842.655029296875,859.35498046875,821.8469848632812,1848200
2022-05-25,864.0,879.2999877929688,860.1724853515625,864.1875,826.468505859375,1630020
2022-05-26,871.75,886.5,866.072509765625,882.625,844.1012573242188,2111620
2022-05-27,887.5,891.3474731445312,874.3599853515625,882.052490234375,843.5537109375,850540
2022-05-30,885.0,899.344970703125,881.7424926757812,885.344970703125,846.7025146484375,1041160
2022-05-31,885.2525024414062,907.8800048828125,872.8499755859375,884.5750122070312,845.9661865234375,7190740
2022-06-01,879.0,892.4224853515625,859.0050048828125,862.0775146484375,824.4505004882812,1164940
2022-06-02,862.0,873.8175048828125,851.0025024414062,869.6900024414062,831.7307739257812,1377980
2022-06-03,878.1500244140625,878.3674926757812,856.280029296875,858.5499877929688,821.0769653320312,1053720
2022-06-06,858.5499877929688,861.8400268554688,847.655029296875,849.844970703125,812.7520141601562,720020
2022-06-07,842.5025024414062,849.9774780273438,830.5,837.344970703125,800.7975463867188,1015240
2022-06-08,831.5250244140625,838.0,822.3275146484375,836.1875,799.6906127929688,1632720
2022-06-09,834.010009765625,841.2474975585938,824.2525024414062,838.407470703125,801.8136596679688,574960
2022-06-10,833.0499877929688,843.625,826.8400268554688,838.7449951171875,802.1364135742188,896200
2022-06-13,834.5,848.489990234375,827.0,842.7224731445312,805.9403076171875,2369280
2022-06-14,842.8250122070312,855.0,838.0,843.572509765625,806.7532958984375,1321620
2022-06-15,853.25,853.25,833.0,840.114990234375,803.4466552734375,1295060
2022-06-16,847.4500122070312,847.4500122070312,830.7474975585938,843.7000122070312,806.875244140625,1615080
2022-06-17,842.4000244140625,842.7474975585938,821.75,832.1199951171875,795.8005981445312,2912380
2022-06-20,835.0,851.1475219726562,826.8775024414062,848.35498046875,811.3270263671875,978040
2022-06-21,849.0,860.0,843.0,848.5900268554688,811.5516967773438,1112620
2022-06-22,847.5,847.5,829.2775268554688,838.7575073242188,802.1483764648438,1047280
2022-06-23,841.0,852.2474975585938,835.0,848.8150024414062,811.7669677734375,633500
2022-06-24,847.5025024414062,862.5,846.1024780273438,861.58251953125,823.977294921875,607600
2022-06-27,867.5,870.3599853515625,859.135009765625,867.9124755859375,830.0308837890625,1276840
2022-06-28,865.0,874.9924926757812,852.5499877929688,870.1950073242188,832.2136840820312,1044480
2022-06-29,867.5,876.25,862.614990234375,874.9525146484375,836.7636108398438,1939440
2022-06-30,874.9525146484375,878.4400024414062,861.7100219726562,873.5,835.3745727539062,2056840
2022-07-01,870.0,891.469970703125,866.552490234375,889.7525024414062,850.917724609375,770940
2022-07-04,890.0,901.1724853515625,885.2249755859375,899.7274780273438,860.457275390625,974580
2022-07-05,899.7274780273438,907.157470703125,895.0,899.25,860.0006103515625,828760
2022-07-06,899.25,921.4199829101562,890.0625,919.4324951171875,879.30224609375,1567820
2022-07-07,919.5,927.5,908.6799926757812,910.2474975585938,870.5181274414062,1037580
2022-07-08,915.0,922.5,911.0999755859375,920.95751953125,880.7606811523438,1176500
2022-07-11,920.0,926.25,917.0999755859375,924.469970703125,884.1198120117188,787640
2022-07-12,920.8375244140625,923.5,905.052490234375,906.2575073242188,866.7022705078125,523780
2022-07-13,906.5,916.2449951171875,906.5,912.4824829101562,872.6554565429688,455020
2022-07-14,912.47998046875,922.0474853515625,906.635009765625,918.1649780273438,878.0899658203125,1045880
2022-07-15,920.0,941.8175048828125,918.8150024414062,938.5750122070312,897.6092529296875,990020
2022-07-18,941.9349975585938,948.5999755859375,927.6275024414062,931.27001953125,890.6229858398438,879540
2022-07-19,929.9949951171875,932.4249877929688,911.322509765625,918.885009765625,878.7786865234375,874560
2022-07-20,927.5,933.0,912.5,930.85498046875,890.2261352539062,1093260
2022-07-21,930.0,944.4974975585938,929.6875,941.9974975585938,900.8822631835938,1013120
2022-07-22,945.3875122070312,954.2000122070312,941.7775268554688,949.447509765625,908.0072021484375,1264000
2022-07-25,949.447509765625,950.5,935.6024780273438,937.8775024414062,896.9421997070312,719180
2022-07-26,939.0,939.0,912.5125122070312,925.4749755859375,885.0809326171875,2789420
2022-07-27,927.2000122070312,933.4500122070312,917.5,927.094970703125,886.6301879882812,899460
2022-07-28,928.75,967.25,923.0,955.6199951171875,913.91015625,2609140
2022-07-29,955.6199951171875,971.1525268554688,950.052490234375,967.9550170898438,925.7069091796875,2276500
2022-08-01,972.0999755859375,975.0,955.25,962.760009765625,920.7385864257812,1171340
2022-08-02,968.8499755859375,975.0499877929688,965.010009765625,972.9400024414062,930.4743041992188,1124380
2022-08-03,967.0025024414062,977.3125,952.5,968.2949829101562,926.0320434570312,1026500
2022-08-04,969.9500122070312,996.1900024414062,969.8049926757812,992.5,949.1806030273438,1765600
2022-08-05,992.0,1001.0,986.4525146484375,996.0750122070312,952.599609375,1251200
2022-08-08,995.25,999.364990234375,977.5,982.6475219726562,939.7581176757812,1149180
2022-08-10,992.530029296875,1007.5,975.25,988.4749755859375,945.331298828125,1444140
2022-08-11,990.0,999.1199951171875,979.3800048828125,983.97998046875,941.0323486328125,1009220
2022-08-12,985.0,987.822509765625,970.6849975585938,977.1624755859375,934.512451171875,978060
2022-08-16,977.5,992.72998046875,974.1400146484375,984.1475219726562,941.1926879882812,1321660
2022-08-17,984.0999755859375,992.197509765625,983.4600219726562,986.7650146484375,943.6959228515625,792000
2022-08-18,986.0,986.6375122070312,974.0,977.8825073242188,935.2009887695312,978420
2022-08-19,980.0,983.4949951171875,967.5,972.0449829101562,929.6183471679688,733960
2022-08-22,970.0499877929688,981.5,967.5,972.6099853515625,930.15869140625,795880
2022-08-23,965.0,984.447509765625,962.5574951171875,981.282470703125,938.4526977539062,857620
2022-08-24,980.9425048828125,985.8474731445312,968.4025268554688,983.552490234375,940.6235961914062,675360
2022-08-25,983.5499877929688,989.2999877929688,973.2025146484375,976.33251953125,933.71875,518180
2022-08-26,977.0,983.302490234375,971.4000244140625,976.405029296875,933.7882080078125,559780
2022-08-29,970.0,987.9500122070312,964.2550048828125,982.3175048828125,939.4425659179688,969240
2022-08-30,983.0,999.75,983.0,996.29248046875,952.8074951171875,2195020
2022-09-01,985.0,1002.5,978.72998046875,986.6475219726562,943.5835571289062,1581240
2022-09-02,987.614990234375,992.4000244140625,976.5,978.0900268554688,935.3995361328125,624820
2022-09-05,975.0,979.1325073242188,961.3499755859375,962.9849853515625,920.9537963867188,994480
2022-09-06,963.0349731445312,965.4000244140625,947.2525024414062,952.094970703125,910.5390625,1187400
2022-09-07,952.094970703125,965.3524780273438,950.75,958.9650268554688,917.1092529296875,1114720
2022-09-08,960.0499877929688,963.8499755859375,950.25,956.1875,914.4529418945312,1092940
2022-09-09,968.5,968.5,949.5399780273438,952.5625,910.986083984375,968680
2022-09-12,952.5775146484375,957.9974975585938,944.5050048828125,948.4099731445312,907.014892578125,871200
2022-09-13,948.5250244140625,963.3250122070312,948.5,953.1824951171875,911.5792236328125,1022920
2022-09-14,943.5499877929688,961.717529296875,943.5474853515625,955.4375,913.7357177734375,1232020
2022-09-15,959.7000122070312,962.8524780273438,948.8875122070312,950.4500122070312,908.9659423828125,669100
2022-09-16,950.4450073242188,950.4500122070312,917.0275268554688,920.2100219726562,880.0457763671875,2323260
2022-09-19,924.8125,942.0,913.364990234375,938.2625122070312,897.310302734375,1072620
2022-09-20,940.5,946.0,928.7550048828125,930.83251953125,890.2046508789062,1676000
2022-09-21,930.7999877929688,944.469970703125,929.552490234375,932.4949951171875,891.7945556640625,925980
2022-09-22,932.4949951171875,941.75,929.0275268554688,931.9149780273438,891.2398681640625,1558620
2022-09-23,929.5499877929688,932.8099975585938,922.5025024414062,924.7949829101562,884.4306640625,716840
2022-09-26,924.7899780273438,944.4949951171875,919.8775024414062,922.6649780273438,882.3935546875,2261700
2022-09-27,927.4025268554688,939.75,927.2849731445312,933.6325073242188,892.8825073242188,1386280
2022-09-28,932.75,948.9500122070312,926.2849731445312,942.0474853515625,900.9302368164062,2110340
2022-09-29,946.760009765625,956.5,939.5625,948.95751953125,907.5386962890625,1743900
2022-09-30,947.5,959.75,944.7000122070312,957.239990234375,915.4594116210938,1619460
2022-10-03,955.875,957.197509765625,938.5,949.6300048828125,908.1817626953125,1040920
2022-10-04,962.5,967.5,952.5599975585938,962.592529296875,920.5784912109375,745780
2022-10-06,967.10498046875,976.2575073242188,961.8624877929688,965.0075073242188,922.887939453125,1340720
2022-10-07,963.760009765625,969.0,958.3800048828125,966.0499877929688,923.885009765625,792260
2022-10-10,955.0,960.25,950.2474975585938,955.9525146484375,914.228271484375,692380
2022-10-11,960.25,960.7324829101562,920.5125122070312,922.4974975585938,882.2335205078125,1098520
2022-10-12,927.0,938.342529296875,922.4974975585938,936.27001953125,895.4048461914062,774960
2022-10-13,939.5,946.08251953125,930.25,938.1824951171875,897.2338256835938,605540
2022-10-14,947.9425048828125,950.6875,942.5,946.4000244140625,905.0926513671875,441300
2022-10-17,942.5,953.0,939.6099853515625,946.0075073242188,904.71728515625,348500
2022-10-18,951.0,971.4525146484375,949.5,969.3925170898438,927.0816650390625,1070220
2022-10-19,969.3925170898438,992.4000244140625,962.7249755859375,986.9550170898438,943.8775634765625,2609600
2022-10-20,985.9500122070312,1007.1849975585938,985.0,1003.0549926757812,959.2749633789062,2257080
2022-10-21,1003.0549926757812,1017.5,999.125,1014.7474975585938,970.45703125,1143860
2022-10-24,1017.75,1052.5,1017.5025024414062,1043.75244140625,998.1958618164062,903960
2022-10-25,1040.0,1052.43994140625,1010.8499755859375,1014.1199951171875,969.8568725585938,1427060
2022-10-27,1023.4249877929688,1023.75,995.5,1006.6624755859375,962.724853515625,2029480
2022-10-28,1006.6624755859375,1018.5974731445312,1002.5075073242188,1014.1224975585938,969.8593139648438,1298600
2022-10-31,1014.1224975585938,1023.5,1007.5,1018.1699829101562,979.525390625,1591100
2022-11-01,1019.9774780273438,1036.7425537109375,1018.5,1029.49755859375,990.4230346679688,794120
2022-11-02,1029.5,1035.0,1011.1300048828125,1019.3674926757812,980.6774291992188,866340
2022-11-03,1011.14501953125,1023.75,1007.5025024414062,1021.1724853515625,982.4139404296875,706560
2022-11-04,1021.1724853515625,1026.75,1015.2349853515625,1021.2650146484375,982.5029296875,377460
2022-11-07,1022.5750122070312,1036.0,1018.510009765625,1024.012451171875,985.1461791992188,1354440
2022-11-09,1030.7724609375,1042.1175537109375,1010.25,1015.9949951171875,977.4329833984375,1044900
2022-11-10,1014.97998046875,1020.0,1002.2474975585938,1008.7650146484375,970.4774169921875,779820
2022-11-11,1013.8099975585938,1025.0,1010.0050048828125,1016.125,977.5580444335938,716740
2022-11-14,1016.1500244140625,1019.6224975585938,994.635009765625,1003.260009765625,965.1812744140625,969520
2022-11-15,1008.2000122070312,1009.2974853515625,992.5,1002.7775268554688,964.7171630859375,786820
2022-11-16,999.6074829101562,1007.2125244140625,991.25,1004.89501953125,966.7542724609375,895520
2022-11-17,1006.5,1006.9849853515625,994.1325073242188,999.5499877929688,961.612060546875,555640
2022-11-18,999.75,1002.2874755859375,989.0,996.2550048828125,958.4423217773438,733720
2022-11-21,992.5999755859375,992.97998046875,983.280029296875,988.0850219726562,950.5823974609375,996880
2022-11-22,988.0850219726562,992.4650268554688,977.5025024414062,980.6749877929688,943.4535522460938,948440
2022-11-23,985.0,990.6500244140625,975.5,978.2550048828125,941.1253662109375,1034440
2022-11-24,981.25,993.719970703125,975.04248046875,986.7725219726562,949.3196411132812,1193920
2022-11-25,990.0,991.2000122070312,972.0,976.467529296875,939.4057006835938,1157160
2022-11-28,976.25,992.2625122070312,973.0,990.7725219726562,953.1677856445312,1060000
2022-11-29,987.5,1018.75,986.5,1006.0599975585938,967.8749389648438,1474460
2022-11-30,1006.0599975585938,1016.9500122070312,992.02001953125,1009.1925048828125,970.888671875,6267780
2022-12-01,1009.5,1017.4949951171875,996.75,1002.4749755859375,964.4260864257812,1058520
2022-12-02,1002.4749755859375,1006.885009765625,983.9625244140625,987.5599975585938,950.0772094726562,1392340
2022-12-05,987.989990234375,992.5,977.635009765625,987.6099853515625,950.1253051757812,1699980
2022-12-06,987.0499877929688,999.5,978.75,995.5549926757812,957.7687377929688,1362180
2022-12-07,996.0,1003.95751953125,991.4124755859375,995.54248046875,957.7567138671875,1139120
2022-12-08,995.0,1004.9500122070312,986.5499877929688,990.2675170898438,952.6820068359375,812480
2022-12-09,998.4000244140625,1014.7474975585938,992.2100219726562,1012.0875244140625,973.6737670898438,1535100
2022-12-12,1012.5,1026.0,1007.25,1024.3675537109375,985.4876708984375,1621200
2022-12-13,1028.050048828125,1031.7974853515625,1016.5,1019.4149780273438,980.7232055664062,982680
2022-12-14,1019.2575073242188,1022.532470703125,1000.33251953125,1003.1749877929688,965.0994873046875,1633600
2022-12-15,1003.1749877929688,1007.4974975585938,981.7224731445312,986.8925170898438,949.43505859375,791080
2022-12-16,986.25,993.0,978.5050048828125,986.9349975585938,949.4760131835938,1386420
2022-12-19,990.0,1006.0,989.9974975585938,1004.08251953125,965.97265625,1308960
2022-12-20,1007.5,1008.3925170898438,992.552490234375,1006.7775268554688,968.5653686523438,933520
2022-12-21,1008.25,1017.4000244140625,1003.1074829101562,1015.7100219726562,977.1588134765625,1407560
2022-12-22,1019.75,1022.0,1007.875,1015.3300170898438,976.793212890625,753760
2022-12-23,1010.0,1022.75,1002.7525024414062,1006.6375122070312,968.4306640625,1488080
2022-12-26,1008.7474975585938,1012.282470703125,993.0,994.875,957.1146240234375,667640
2022-12-27,995.0,1000.885009765625,987.25,988.7999877929688,951.2702026367188,805820
2022-12-28,989.5,994.7949829101562,985.5,992.1799926757812,954.5217895507812,706920
2022-12-29,992.0,995.8775024414062,981.5275268554688,990.4000244140625,952.8094482421875,797020
2022-12-30,991.9774780273438,994.5,978.092529296875,980.2999877929688,943.0927734375,852880
2023-01-02,980.83251953125,985.75,975.0625,978.0775146484375,940.9547119140625,503280
2023-01-03,979.9500122070312,988.0474853515625,973.7974853515625,986.364990234375,948.9276123046875,628300
2023-01-04,989.0,989.9000244140625,975.0,975.9949951171875,938.9512939453125,639680
2023-01-05,977.0,994.70751953125,975.9749755859375,988.7999877929688,951.2702026367188,1027860
2023-01-06,990.0,996.322509765625,988.8275146484375,994.2625122070312,956.5252685546875,787720
2023-01-09,996.7474975585938,1008.2150268554688,994.8250122070312,1004.2849731445312,966.16748046875,722880
2023-01-10,1003.1525268554688,1009.4500122070312,997.7525024414062,1001.197509765625,963.1970825195312,633360
2023-01-11,1003.5,1004.2449951171875,985.8699951171875,987.9149780273438,950.4187622070312,650200
2023-01-12,987.9149780273438,997.5,987.0,993.6624755859375,955.9480590820312,661240
2023-01-13,997.5,997.5,986.2525024414062,989.217529296875,951.6718139648438,695420
2023-01-16,992.0,992.0,985.0499877929688,986.780029296875,949.3268432617188,485300
2023-01-17,986.7949829101562,998.3099975585938,985.635009765625,997.2874755859375,959.4354858398438,803740
2023-01-18,997.4974975585938,1002.094970703125,988.66748046875,991.16748046875,953.5478515625,727980
2023-01-19,991.16748046875,994.75,980.58251953125,984.0549926757812,946.7052612304688,619980
2023-01-20,983.0050048828125,983.3925170898438,957.4924926757812,960.0025024414062,923.565673828125,1440440
2023-01-23,962.5,972.0,957.552490234375,968.35498046875,931.6011352539062,758000
2023-01-24,970.0,971.7000122070312,957.4400024414062,964.5349731445312,927.9261474609375,754240
2023-01-25,967.4500122070312,967.5250244140625,957.5,961.7750244140625,925.2709350585938,823200
2023-01-27,963.0025024414062,969.7000122070312,951.302490234375,960.8175048828125,924.3497314453125,895540
2023-01-30,960.2999877929688,960.6824951171875,948.9000244140625,958.2949829101562,921.9229736328125,996600
2023-01-31,960.0,960.0,946.4500122070312,950.8875122070312,914.7966918945312,2350000
2023-02-01,955.0,958.8524780273438,945.7625122070312,954.4924926757812,918.2647705078125,1376100
2023-02-02,956.4500122070312,956.4500122070312,942.5250244140625,947.72998046875,911.7589721679688,1418440
2023-02-03,950.27001953125,952.7324829101562,938.5050048828125,950.2150268554688,914.149658203125,1111560
2023-02-06,950.0,953.0,937.7150268554688,951.0750122070312,914.9771118164062,1382680
2023-02-07,951.2000122070312,954.9949951171875,944.0,948.9000244140625,912.8845825195312,797460
2023-02-08,947.5,953.2424926757812,944.5075073242188,949.7449951171875,913.697509765625,465340
2023-02-09,949.9500122070312,954.217529296875,947.54248046875,950.0150146484375,913.957275390625,694680
2023-02-10,950.5,953.5075073242188,943.7525024414062,951.1925048828125,915.0900268554688,527660
2023-02-13,954.75,959.9500122070312,947.4974975585938,951.3400268554688,915.2319946289062,649780
2023-02-14,955.739990234375,963.0,951.375,954.14501953125,917.9304809570312,771780
2023-02-15,953.75,964.9400024414062,946.5025024414062,963.0474853515625,926.4950561523438,639960
2023-02-16,971.5,989.9924926757812,957.0,981.4425048828125,944.1919555664062,3480140
2023-02-17,978.7525024414062,978.7525024414062,941.1024780273438,951.0650024414062,914.9673461914062,3768700
2023-02-20,951.5,957.25,939.0,941.1525268554688,905.43115234375,1306220
2023-02-21,944.0549926757812,946.6900024414062,938.0,942.4349975585938,906.6649780273438,899080
2023-02-22,944.1400146484375,944.1400146484375,931.5574951171875,933.70751953125,898.2687377929688,841600
2023-02-23,932.9974975585938,941.20751953125,927.5499877929688,932.4000244140625,897.0108032226562,985360
2023-02-24,937.0625,942.4500122070312,930.75,934.0449829101562,898.5933837890625,777500
2023-02-27,935.0,942.25,924.5999755859375,931.1375122070312,895.7962646484375,1032500
2023-02-28,931.510009765625,936.25,923.0075073242188,933.5,898.069091796875,2183640
2023-03-01,935.0,941.02001953125,928.7575073242188,938.9425048828125,903.3049926757812,1278520
2023-03-02,939.9974975585938,940.0,922.8400268554688,924.0875244140625,889.0138549804688,781400
2023-03-03,927.4500122070312,930.7324829101562,920.2750244140625,922.4949951171875,887.4818115234375,920360
2023-03-06,926.0999755859375,927.7025146484375,921.25,925.7424926757812,890.6060180664062,1058980
2023-03-08,920.25,928.6900024414062,919.8775024414062,925.9124755859375,890.7695922851562,914920
2023-03-09,925.0,928.9500122070312,921.5,926.7849731445312,891.6088256835938,1132300
2023-03-10,926.5,926.5,917.7525024414062,924.2874755859375,889.2061157226562,472680
2023-03-13,921.4974975585938,924.9949951171875,913.0025024414062,915.8724975585938,881.1106567382812,729520
2023-03-14,917.5,921.75,910.6500244140625,913.2324829101562,878.5707397460938,877580
2023-03-15,915.0,918.5549926757812,894.0,899.66748046875,865.5206909179688,1559160
2023-03-16,899.5,925.0,898.3875122070312,922.532470703125,887.5178833007812,1660860
2023-03-17,924.9450073242188,943.75,923.7474975585938,942.907470703125,907.1194458007812,2668600
2023-03-20,945.0,949.5,932.60498046875,946.8925170898438,910.9531860351562,1512900
2023-03-21,949.5,962.9500122070312,941.0025024414062,946.3699951171875,910.4505615234375,1955240
2023-03-22,950.4500122070312,950.4500122070312,934.9349975585938,940.9849853515625,905.2699584960938,564960
2023-03-23,940.9849853515625,958.4949951171875,935.5075073242188,952.2224731445312,916.0808715820312,1133700
2023-03-24,950.2525024414062,955.0,944.4000244140625,947.655029296875,911.6868286132812,525980
2023-03-27,950.0,956.3900146484375,940.7525024414062,944.5499877929688,908.6995849609375,717080
2023-03-28,945.0,950.9974975585938,942.5,947.2999877929688,911.3453369140625,709620
2023-03-29,946.5,956.25,943.8099975585938,952.6475219726562,916.4898681640625,972120
2023-03-31,957.75,987.594970703125,957.75,985.2249755859375,947.830810546875,2968880
2023-04-03,989.2000122070312,989.5,969.302490234375,985.2725219726562,947.8765258789062,1274800
2023-04-05,982.9500122070312,993.6500244140625,980.0499877929688,991.1024780273438,953.4852294921875,943020
2023-04-06,989.75,992.0,980.25,985.4124755859375,948.0111694335938,819560
2023-04-10,985.0,985.822509765625,975.0499877929688,976.510009765625,939.4466552734375,448280
2023-04-11,982.4000244140625,984.75,973.75,983.72998046875,946.3925170898438,882520
2023-04-12,984.75,984.75,968.2474975585938,972.0150146484375,935.1222534179688,1137640
2023-04-13,975.0,984.0,970.8125,973.2675170898438,936.3272094726562,923020
2023-04-17,979.5,1020.5,975.1074829101562,1012.219970703125,973.80126953125,3887020
2023-04-18,1010.0,1035.0,1010.0,1033.0625,993.8527221679688,2797200
2023-04-19,1032.9925537109375,1033.1824951171875,1019.4000244140625,1030.93505859375,991.805908203125,1797480
2023-04-20,1029.75,1036.0350341796875,1019.0,1023.655029296875,984.8021850585938,1044260
2023-04-21,1023.655029296875,1029.3499755859375,1019.3699951171875,1024.842529296875,990.8814697265625,886100
2023-04-24,1025.0474853515625,1035.449951171875,1020.052490234375,1034.4649658203125,1000.1849365234375,1157360
2023-04-25,1035.449951171875,1046.4300537109375,1015.4000244140625,1033.260009765625,999.0199584960938,3369280
2023-04-26,1029.949951171875,1054.449951171875,1023.625,1051.3125,1016.47412109375,2497880
2023-04-27,1053.3125,1059.99755859375,1050.00244140625,1057.364990234375,1022.3262329101562,2044640
2023-04-28,1059.0975341796875,1092.47998046875,1056.5,1088.0699462890625,1052.013671875,3330320
2023-05-02,1090.0,1104.949951171875,1083.625,1087.29248046875,1051.261962890625,1783400
2023-05-03,1087.25,1097.29248046875,1078.9200439453125,1093.7850341796875,1057.5394287109375,1140260
2023-05-04,1093.9425048828125,1099.74755859375,1081.8924560546875,1084.6875,1048.7431640625,1270680
2023-05-05,1089.99755859375,1103.93505859375,1087.4949951171875,1100.9925537109375,1064.5079345703125,1101520
2023-05-08,1102.5,1115.0,1088.02001953125,1099.1624755859375,1062.738525390625,1513120
2023-05-09,1100.0,1107.24755859375,1092.3349609375,1098.5675048828125,1062.163330078125,865740
2023-05-10,1098.5675048828125,1106.4949951171875,1098.4749755859375,1102.5,1065.965576171875,1208820
2023-05-11,1104.949951171875,1111.75,1097.5150146484375,1100.989990234375,1064.5054931640625,1378740
2023-05-12,1100.949951171875,1103.469970703125,1087.0,1089.70751953125,1053.5968017578125,1339220
2023-05-15,1091.0,1100.9949951171875,1087.5625,1089.3299560546875,1053.23193359375,1451400
2023-05-16,1093.75,1099.449951171875,1086.0,1089.02001953125,1052.932373046875,1545140
2023-05-17,1089.02001953125,1094.56494140625,1080.0,1086.625,1050.6165771484375,1335760
2023-05-18,1092.5,1097.5,1082.510009765625,1083.97998046875,1048.05908203125,1023500
2023-05-19,1090.0,1090.0,1075.3050537109375,1084.5074462890625,1048.5689697265625,1464400
2023-05-22,1084.949951171875,1084.949951171875,1071.10498046875,1074.739990234375,1039.1253662109375,1021900
2023-05-23,1072.5,1080.5,1068.10498046875,1070.18505859375,1034.7213134765625,1109180
2023-05-24,1070.18505859375,1074.9000244140625,1063.75,1069.030029296875,1033.6046142578125,887280
2023-05-25,1075.0,1081.5999755859375,1065.54248046875,1073.7449951171875,1038.1634521484375,1630040
2023-05-26,1074.24755859375,1081.449951171875,1068.5,1079.0875244140625,1043.328857421875,1263180
2023-05-29,1086.24755859375,1092.5,1077.60498046875,1086.4725341796875,1050.4691162109375,1068740
2023-05-30,1084.0,1086.4300537109375,1075.552490234375,1078.7225341796875,1042.9759521484375,939620
2023-05-31,1079.0,1092.91748046875,1075.75,1083.655029296875,1047.7451171875,8495880
2023-06-01,1089.300048828125,1096.24755859375,1078.6400146484375,1093.7149658203125,1057.4715576171875,1197320
2023-06-02,1100.0,1104.75,1091.0,1102.322509765625,1065.7940673828125,1164960
2023-06-05,1099.9525146484375,1106.4849853515625,1089.5,1091.70751953125,1055.530517578125,1630180
2023-06-06,1093.70751953125,1096.5775146484375,1080.87744140625,1085.27001953125,1049.3065185546875,1570460
2023-06-07,1087.4949951171875,1121.237548828125,1087.4949951171875,1118.387451171875,1081.3265380859375,3136240
2023-06-08,1123.0,1128.87744140625,1104.37255859375,1107.4449462890625,1070.7467041015625,1458580
2023-06-09,1105.0450439453125,1114.0,1102.0450439453125,1103.6724853515625,1067.0989990234375,1418300
2023-06-12,1102.5,1117.449951171875,1101.45751953125,1114.467529296875,1077.5364990234375,1247040
2023-06-13,1117.449951171875,1133.9000244140625,1114.6175537109375,1124.6300048828125,1087.3621826171875,1666940
2023-06-14,1126.25,1137.550048828125,1125.0,1136.4375,1098.7784423828125,1447540
2023-06-15,1136.4375,1150.0,1131.625,1148.31005859375,1110.2574462890625,1475140
2023-06-16,1148.31005859375,1158.762451171875,1143.864990234375,1148.427490234375,1110.3709716796875,1470820
2023-06-19,1151.25,1157.5,1138.0625,1139.7425537109375,1101.9737548828125,866620
2023-06-20,1139.7425537109375,1149.99755859375,1136.0,1147.7774658203125,1109.74267578125,1377540
2023-06-21,1147.8050537109375,1153.4849853515625,1138.25,1144.5799560546875,1106.6510009765625,1292840
2023-06-22,1140.0,1144.5374755859375,1124.635009765625,1126.64501953125,1089.3104248046875,998060
2023-06-23,1126.64501953125,1130.99755859375,1122.6824951171875,1126.842529296875,1089.5013427734375,870300
2023-06-26,1126.00244140625,1135.0,1125.25,1131.5400390625,1094.0433349609375,700300
2023-06-27,1131.5675048828125,1143.5,1125.2550048828125,1131.862548828125,1094.3551025390625,882660
2023-06-28,1133.5,1140.0,1129.0,1137.2049560546875,1099.5203857421875,1112480
2023-06-30,1137.5,1147.3125,1131.25,1144.7149658203125,1106.7816162109375,737240
2023-07-03,1147.5,1147.5,1129.1500244140625,1131.62744140625,1094.1275634765625,1105380
2023-07-04,1137.4000244140625,1142.25,1126.2750244140625,1131.2025146484375,1093.716796875,602980
2023-07-05,1129.300048828125,1147.199951171875,1129.0,1144.9949951171875,1107.05224609375,777760
2023-07-06,1146.75,1169.62255859375,1145.25,1154.9725341796875,1116.69921875,1807340
2023-07-07,1157.75244140625,1162.342529296875,1142.5,1145.31005859375,1107.3568115234375,1129280
2023-07-10,1143.449951171875,1152.1199951171875,1127.5,1129.012451171875,1091.599365234375,727760
2023-07-11,1130.5,1147.9925537109375,1127.5150146484375,1142.614990234375,1104.751220703125,1370520
2023-07-12,1146.949951171875,1155.0,1140.8499755859375,1153.00244140625,1114.7943115234375,961800
2023-07-13,1153.00244140625,1156.0775146484375,1138.842529296875,1141.0374755859375,1103.225830078125,864320
2023-07-14,1141.0374755859375,1160.0,1140.0,1156.9024658203125,1118.5650634765625,909140
2023-07-17,1160.0,1169.7674560546875,1147.75,1153.5374755859375,1115.311767578125,835900
2023-07-18,1159.5,1159.5,1141.0250244140625,1148.8575439453125,1110.7867431640625,651680
2023-07-19,1147.5,1151.25,1140.074951171875,1147.0474853515625,1109.0367431640625,557620
2023-07-20,1147.050048828125,1154.2249755859375,1137.550048828125,1150.3974609375,1112.2757568359375,755840
2023-07-21,1150.74755859375,1161.5975341796875,1145.6400146484375,1149.12744140625,1111.0478515625,736860
2023-07-24,1149.0074462890625,1152.4300537109375,1135.387451171875,1141.0050048828125,1103.1944580078125,841620
2023-07-25,1157.0,1157.0,1133.762451171875,1138.64501953125,1100.9129638671875,1251520
2023-07-26,1139.5450439453125,1145.0,1135.0999755859375,1139.9949951171875,1102.2178955078125,689240
2023-07-27,1142.9599609375,1145.0,1103.802490234375,1116.2650146484375,1079.2742919921875,3587480
2023-07-28,1116.2650146484375,1131.592529296875,1109.364990234375,1124.0450439453125,1086.7965087890625,1344220
2023-07-31,1132.5,1132.699951171875,1121.4849853515625,1127.6650390625,1090.2967529296875,972180
2023-08-01,1130.4150390625,1134.5,1121.25,1129.68505859375,1092.249755859375,1300380
2023-08-02,1134.5,1146.907470703125,1125.530029296875,1144.114990234375,1106.201416015625,2093220
2023-08-03,1144.3974609375,1144.3974609375,1120.0975341796875,1123.7900390625,1086.550048828125,899420
2023-08-04,1124.7974853515625,1134.9425048828125,1120.5999755859375,1122.7249755859375,1085.5203857421875,820200
2023-08-07,1122.7249755859375,1127.5799560546875,1107.5,1122.9649658203125,1085.752197265625,824920
2023-08-08,1123.5,1124.947509765625,1105.0,1111.4625244140625,1074.6309814453125,1160640
2023-08-09,1114.0,1117.8125,1108.1300048828125,1110.9200439453125,1074.1064453125,745700
2023-08-10,1108.1500244140625,1112.2275390625,1094.75,1099.487548828125,1063.052978515625,1411580
2023-08-11,1099.487548828125,1100.5,1087.5,1092.1199951171875,1055.929443359375,767260
2023-08-14,1092.2125244140625,1102.0,1085.4625244140625,1094.9749755859375,1058.68994140625,815760
2023-08-16,1106.5,1106.5,1089.2674560546875,1097.39501953125,1061.0296630859375,578600
2023-08-17,1095.0,1101.4150390625,1080.1199951171875,1083.37255859375,1047.4718017578125,1399840
2023-08-18,1083.37255859375,1094.0,1072.5,1091.5,1055.330078125,1313340
2023-08-21,1091.5,1108.8050537109375,1086.7674560546875,1101.717529296875,1065.2088623046875,741920
2023-08-22,1101.717529296875,1104.62255859375,1095.302490234375,1101.2974853515625,1064.802978515625,810440
2023-08-23,1105.0,1113.489990234375,1097.5,1109.157470703125,1072.40234375,1227560
2023-08-24,1114.1500244140625,1114.5,1107.1650390625,1112.2449951171875,1075.387451171875,920400
2023-08-25,1109.5,1114.0224609375,1105.5625,1109.425048828125,1072.6611328125,839280
2023-08-28,1109.574951171875,1110.7275390625,1100.0,1101.7225341796875,1065.2138671875,830140
2023-08-29,1103.5224609375,1108.989990234375,1097.5,1103.1500244140625,1066.5938720703125,1048560
2023-08-30,1103.1500244140625,1114.0,1100.5074462890625,1109.925048828125,1073.1444091796875,1296640
2023-08-31,1112.5,1114.449951171875,1083.50244140625,1099.3199462890625,1062.890869140625,4661300
2023-09-01,1102.5,1105.4849853515625,1093.0,1095.7774658203125,1059.4658203125,716980
2023-09-04,1098.760009765625,1098.99755859375,1081.625,1086.9100341796875,1050.89208984375,1481820
2023-09-05,1087.7275390625,1099.9300537109375,1087.7275390625,1097.7225341796875,1061.34619140625,1246260
2023-09-06,1097.7225341796875,1105.0,1088.72998046875,1100.2049560546875,1063.74658203125,1125840
2023-09-07,1098.9150390625,1104.2550048828125,1091.1175537109375,1094.81494140625,1058.5352783203125,823180
2023-09-08,1097.300048828125,1098.967529296875,1091.5,1094.1624755859375,1057.9041748046875,609540
2023-09-11,1095.5,1109.99755859375,1093.6700439453125,1106.3525390625,1069.6903076171875,939540
2023-09-12,1106.7149658203125,1119.75,1100.85498046875,1115.887451171875,1078.9093017578125,987580
2023-09-13,1113.7774658203125,1128.45751953125,1107.50244140625,1108.989990234375,1072.240478515625,1016500
2023-09-14,1111.5,1125.5,1107.8499755859375,1123.885009765625,1086.641845703125,1621120
2023-09-15,1125.0,1135.050048828125,1115.947509765625,1131.114990234375,1093.63232421875,2322820
2023-09-18,1131.0,1142.0,1122.6324462890625,1140.969970703125,1103.1607666015625,1150640
2023-09-20,1127.802490234375,1141.3275146484375,1127.802490234375,1134.012451171875,1096.4337158203125,1149000
2023-09-21,1132.99755859375,1133.49755859375,1117.5,1126.675048828125,1089.3394775390625,923660
2023-09-22,1126.0,1131.99755859375,1119.0,1126.625,1089.290771484375,766020
2023-09-25,1128.5,1135.43505859375,1122.550048828125,1131.9375,1094.4276123046875,688540
2023-09-26,1135.0,1153.14501953125,1129.802490234375,1150.2774658203125,1112.15966796875,1320020
2023-09-27,1150.25,1150.2774658203125,1137.072509765625,1143.6500244140625,1105.751953125,833060
2023-09-28,1145.0,1145.3974609375,1122.3900146484375,1126.9224853515625,1089.57861328125,1039620
2023-09-29,1127.5474853515625,1135.25,1121.5,1125.344970703125,1088.053466796875,904580
2023-10-03,1125.344970703125,1129.7349853515625,1112.7574462890625,1115.762451171875,1078.7884521484375,1000260
2023-10-04,1140.25244140625,1167.93994140625,1127.550048828125,1149.31005859375,1111.2242431640625,4269760
2023-10-05,1150.25,1155.3599853515625,1138.75,1145.93505859375,1107.961181640625,1360000
2023-10-06,1149.49755859375,1153.3800048828125,1140.7449951171875,1145.612548828125,1107.6492919921875,776240
2023-10-09,1140.6025390625,1149.0400390625,1140.0,1144.092529296875,1106.1798095703125,475100
2023-10-10,1148.0,1150.8499755859375,1141.2674560546875,1148.4024658203125,1110.3468017578125,793260
2023-10-11,1148.4024658203125,1163.6949462890625,1146.5,1160.1025390625,1121.6593017578125,1346760
2023-10-12,1161.1500244140625,1165.0,1148.1025390625,1153.7574462890625,1115.5242919921875,1084440
2023-10-13,1153.75244140625,1179.9925537109375,1147.77001953125,1177.717529296875,1138.6904296875,1815820
2023-10-16,1177.5,1177.5,1148.75244140625,1155.427490234375,1117.13916015625,1732160
2023-10-17,1156.5,1168.1099853515625,1156.5,1166.2650146484375,1127.6175537109375,763320
2023-10-18,1166.2650146484375,1172.3575439453125,1160.0,1163.1474609375,1124.603271484375,713420
2023-10-19,1162.844970703125,1211.3499755859375,1155.0250244140625,1206.6175537109375,1166.6329345703125,5848240
2023-10-20,1204.99755859375,1237.25,1200.0899658203125,1213.9849853515625,1173.7562255859375,4158680
2023-10-23,1215.0,1233.74755859375,1206.41748046875,1209.887451171875,1169.79443359375,1584600
2023-10-25,1214.0,1226.4849853515625,1207.655029296875,1213.135009765625,1172.9344482421875,2227000
2023-10-26,1213.0,1213.030029296875,1171.050048828125,1177.280029296875,1138.2674560546875,2538800
2023-10-27,1177.5250244140625,1211.4000244140625,1172.0174560546875,1202.8475341796875,1162.987548828125,2608740
2023-10-30,1205.0,1212.5,1193.25244140625,1208.5849609375,1168.5350341796875,1452280
2023-10-31,1215.0,1216.5,1206.1025390625,1211.739990234375,1171.58544921875,1032780
2023-11-01,1210.0,1210.00244140625,1189.0,1193.635009765625,1160.7861328125,1273800
2023-11-02,1199.510009765625,1207.489990234375,1188.655029296875,1205.5899658203125,1172.4119873046875,2141360
2023-11-03,1207.14501953125,1210.0,1198.842529296875,1199.9525146484375,1166.9295654296875,954280
2023-11-06,1207.50244140625,1219.5250244140625,1202.93505859375,1214.4775390625,1181.0550537109375,1485520
2023-11-07,1214.3499755859375,1224.0,1206.00244140625,1218.4749755859375,1184.9425048828125,1059300
2023-11-08,1218.4525146484375,1220.635009765625,1211.00244140625,1214.0775146484375,1180.666015625,726100
2023-11-09,1217.5,1220.75,1209.6175537109375,1211.3375244140625,1178.00146484375,844460
2023-11-10,1211.3375244140625,1212.4749755859375,1202.782470703125,1206.8599853515625,1173.6470947265625,566340
2023-11-13,1214.9000244140625,1214.9000244140625,1201.5999755859375,1204.29248046875,1171.1505126953125,570560
2023-11-15,1212.25,1212.449951171875,1200.4000244140625,1208.7025146484375,1175.4390869140625,1533940
2023-11-16,1209.75244140625,1213.625,1202.300048828125,1204.14501953125,1171.007080078125,1388360
2023-11-17,1205.0,1224.2449951171875,1203.22998046875,1218.6524658203125,1185.1151123046875,1401020
2023-11-20,1218.75244140625,1220.18994140625,1208.300048828125,1215.12744140625,1181.68701171875,1082300
2023-11-21,1215.25,1220.9925537109375,1209.012451171875,1218.6724853515625,1185.1346435546875,906580
2023-11-22,1218.50244140625,1226.0,1213.0,1217.54248046875,1184.0357666015625,736420
2023-11-23,1220.7025146484375,1229.4949951171875,1217.5574951171875,1219.6650390625,1186.0997314453125,736280
2023-11-24,1222.5,1223.6424560546875,1205.4024658203125,1206.947509765625,1173.7322998046875,808240
2023-11-28,1206.9000244140625,1213.0,1194.157470703125,1210.9300537109375,1177.6053466796875,1753940
2023-11-29,1211.050048828125,1216.75,1200.552490234375,1203.375,1170.2579345703125,1254300
2023-11-30,1204.0,1217.010009765625,1198.2674560546875,1211.8074951171875,1178.45849609375,2944060
2023-12-01,1216.99755859375,1218.25,1207.8199462890625,1216.9300537109375,1183.440185546875,1273000
2023-12-04,1219.449951171875,1226.75,1206.9324951171875,1220.1400146484375,1186.5616455078125,1987840
2023-12-05,1222.550048828125,1233.6925048828125,1220.1400146484375,1230.4449462890625,1196.5830078125,1343740
2023-12-06,1236.43994140625,1254.844970703125,1235.0999755859375,1248.425048828125,1214.068359375,1592160
2023-12-07,1248.425048828125,1258.50244140625,1240.6650390625,1248.762451171875,1214.396484375,1201700
2023-12-08,1249.75,1258.7850341796875,1237.8175048828125,1239.47998046875,1205.3695068359375,1401520
2023-12-11,1244.0,1256.0,1231.949951171875,1252.1724853515625,1217.712646484375,1078740
2023-12-12,1252.1724853515625,1262.0374755859375,1240.112548828125,1247.3575439453125,1213.0301513671875,1282460
2023-12-13,1247.9200439453125,1254.0,1241.25,1252.219970703125,1217.7589111328125,891440
2023-12-14,1257.199951171875,1257.199951171875,1237.5050048828125,1239.6650390625,1205.54931640625,2094520
2023-12-15,1242.50244140625,1247.6075439453125,1211.0,1218.3199462890625,1184.79150390625,3190820
2023-12-18,1222.5,1229.030029296875,1214.949951171875,1217.7125244140625,1184.2010498046875,1326480
2023-12-19,1228.489990234375,1285.25,1225.5450439453125,1274.4849853515625,1239.4112548828125,7057320
2023-12-20,1284.699951171875,1288.9224853515625,1252.760009765625,1254.887451171875,1220.3529052734375,2889760
2023-12-21,1254.887451171875,1262.4000244140625,1245.385009765625,1255.79248046875,1221.2330322265625,2212760
2023-12-22,1262.0,1270.49755859375,1255.0,1268.4224853515625,1233.515380859375,1776560
2023-12-26,1274.300048828125,1280.0,1268.25,1278.1025390625,1242.928955078125,1235700
2023-12-27,1280.0,1288.3974609375,1279.0250244140625,1286.0224609375,1250.631103515625,1428320
2023-12-28,1293.4925537109375,1318.699951171875,1288.760009765625,1312.4949951171875,1276.375,3155440
2023-12-29,1312.5,1332.5,1307.282470703125,1329.0150146484375,1292.4404296875,2068160
2024-01-01,1332.5,1372.262451171875,1332.0,1368.6199951171875,1330.95556640625,2632200
2024-01-02,1375.0,1384.6500244140625,1351.2025146484375,1361.157470703125,1323.698486328125,2831540
2024-01-03,1367.25,1370.864990234375,1328.6500244140625,1331.760009765625,1295.1099853515625,2026920
2024-01-04,1342.552490234375,1357.50244140625,1332.6025390625,1355.8199462890625,1318.5079345703125,2647800
2024-01-05,1377.0,1377.0,1321.2249755859375,1333.199951171875,1296.5103759765625,5154128
2024-01-08,1341.5,1344.5,1305.5,1309.6500244140625,1273.6085205078125,2064756
2024-01-09,1320.0,1320.1500244140625,1293.4749755859375,1296.300048828125,1260.6258544921875,1626054
2024-01-10,1295.0,1311.199951171875,1285.2249755859375,1289.050048828125,1253.575439453125,2052936
2024-01-11,1290.0,1294.9749755859375,1275.050048828125,1278.5999755859375,1243.4129638671875,1551334
2024-01-12,1278.5999755859375,1279.9749755859375,1265.0,1274.800048828125,1239.717529296875,2214110
2024-01-15,1282.0,1288.074951171875,1265.324951171875,1273.7750244140625,1238.720703125,1787668
2024-01-16,1278.449951171875,1278.449951171875,1265.675048828125,1271.0250244140625,1236.04638671875,1386740
2024-01-17,1271.0250244140625,1278.574951171875,1262.699951171875,1271.550048828125,1236.556884765625,1603238
2024-01-18,1267.5,1275.0,1248.074951171875,1251.0,1216.572509765625,1269820
2024-01-19,1255.0,1260.949951171875,1249.8499755859375,1257.074951171875,1222.480224609375,1882782
2024-01-23,1240.0,1249.0999755859375,1223.0,1231.449951171875,1197.5604248046875,1381076
2024-01-24,1238.949951171875,1259.699951171875,1227.5,1256.9749755859375,1222.3829345703125,1318076
2024-01-25,1262.5250244140625,1264.0,1233.8499755859375,1241.074951171875,1206.92041015625,1571546
2024-01-29,1241.074951171875,1252.5,1238.300048828125,1249.2750244140625,1214.89501953125,1265438
2024-01-30,1256.0,1265.574951171875,1244.0,1246.0250244140625,1211.734375,1336068
2024-01-31,1254.5,1255.875,1240.8499755859375,1253.0,1218.5174560546875,1432188
2024-02-01,1255.0,1255.449951171875,1231.3499755859375,1233.9000244140625,1199.943115234375,1641132
2024-02-02,1234.0,1248.0,1231.5250244140625,1240.699951171875,1206.5560302734375,1508122
2024-02-05,1252.5,1252.5,1228.3499755859375,1231.3499755859375,1197.4632568359375,1065954
2024-02-06,1231.175048828125,1238.9749755859375,1222.875,1228.324951171875,1194.521240234375,1540366
2024-02-07,1235.0,1255.7750244140625,1223.3499755859375,1249.800048828125,1215.4056396484375,3094808
2024-02-08,1251.9749755859375,1256.925048828125,1204.550048828125,1211.5250244140625,1178.183837890625,3308894
2024-02-09,1221.425048828125,1232.949951171875,1210.0250244140625,1225.050048828125,1191.3365478515625,1677638
2024-02-12,1229.875,1233.9749755859375,1219.6500244140625,1229.5250244140625,1195.6885986328125,890538
2024-02-13,1237.0,1238.300048828125,1222.4749755859375,1228.675048828125,1194.862060546875,621970
2024-02-14,1225.0,1248.675048828125,1217.5250244140625,1243.5,1209.2789306640625,1018616
2024-02-15,1247.5,1247.5,1219.0,1226.7750244140625,1196.3814697265625,1680952
2024-02-16,1228.5250244140625,1245.25,1224.300048828125,1243.824951171875,1213.0091552734375,1493232
2024-02-19,1247.5,1262.75,1240.699951171875,1256.625,1225.491943359375,955040
2024-02-20,1259.5,1270.9000244140625,1248.550048828125,1269.699951171875,1238.2430419921875,1262888
2024-02-21,1269.699951171875,1275.5,1259.074951171875,1271.800048828125,1240.2911376953125,1786364
2024-02-22,1280.0,1282.9749755859375,1262.5,1281.574951171875,1249.8238525390625,1504742
2024-02-23,1282.5,1291.5,1275.9749755859375,1289.5,1257.5523681640625,1211238
2024-02-26,1294.0,1294.0,1283.375,1291.949951171875,1259.9417724609375,1323894
2024-02-27,1292.5,1300.7249755859375,1283.375,1299.3499755859375,1267.158447265625,1261744
2024-02-28,1300.5,1302.5,1280.125,1285.449951171875,1253.602783203125,985574
2024-02-29,1285.7249755859375,1303.0999755859375,1273.5250244140625,1298.0999755859375,1265.9395751953125,2774576
2024-03-01,1298.0999755859375,1308.2750244140625,1291.25,1300.7249755859375,1268.499267578125,1511456
2024-03-04,1297.449951171875,1300.550048828125,1288.699951171875,1294.550048828125,1262.4775390625,1268620
2024-03-05,1295.0,1297.5999755859375,1266.0,1269.324951171875,1237.8773193359375,678604
2024-03-06,1270.0,1283.375,1254.125,1266.5250244140625,1235.146728515625,1983280
2024-03-07,1265.0,1283.0,1259.5,1280.4749755859375,1248.7510986328125,1297304
2024-03-11,1280.4749755859375,1315.5,1274.2750244140625,1305.75,1273.4000244140625,2990598
2024-03-12,1303.0250244140625,1307.5250244140625,1283.1500244140625,1295.074951171875,1262.9892578125,1726470
2024-03-13,1297.4749755859375,1326.824951171875,1276.425048828125,1291.4749755859375,1259.478515625,3627604
2024-03-14,1295.0,1309.9749755859375,1286.949951171875,1306.375,1274.009521484375,2245994
2024-03-15,1308.4749755859375,1314.949951171875,1292.5999755859375,1301.824951171875,1269.572021484375,2533984
2024-03-18,1301.824951171875,1305.4000244140625,1279.375,1290.175048828125,1258.2109375,1285192
2024-03-19,1290.0,1292.375,1234.074951171875,1248.0250244140625,1217.1051025390625,3497728
2024-03-20,1257.0,1277.5,1249.0250244140625,1275.125,1243.5335693359375,1399290
2024-03-21,1275.5,1281.0250244140625,1262.574951171875,1276.824951171875,1245.1915283203125,1807754
2024-03-22,1270.0999755859375,1296.0,1268.5,1286.699951171875,1254.82177734375,2027126
2024-03-26,1284.0,1298.25,1266.074951171875,1293.050048828125,1261.0145263671875,1941704
2024-03-27,1293.050048828125,1295.2750244140625,1275.875,1283.2249755859375,1251.432861328125,1801192
2024-03-28,1283.5250244140625,1319.3499755859375,1283.5250244140625,1311.175048828125,1278.690673828125,4365832
2024-04-01,1311.175048828125,1321.300048828125,1291.25,1292.800048828125,1260.7708740234375,1486064
2024-04-02,1298.5,1315.0,1291.5,1311.6500244140625,1279.1536865234375,1445766
2024-04-03,1311.6500244140625,1311.9749755859375,1272.5,1276.9749755859375,1245.3377685546875,3850278
2024-04-04,1284.9000244140625,1285.0,1257.050048828125,1274.800048828125,1243.216796875,2782752
2024-04-05,1287.5,1288.0,1267.0,1268.824951171875,1237.3897705078125,1532454
2024-04-08,1265.5,1273.625,1246.425048828125,1249.0250244140625,1218.0804443359375,2436980
2024-04-09,1253.0,1261.0999755859375,1248.5,1251.4000244140625,1220.396484375,867882
2024-04-10,1257.0,1266.5,1247.0250244140625,1263.800048828125,1232.4893798828125,989760
2024-04-12,1267.3499755859375,1279.5,1258.0999755859375,1268.0999755859375,1236.6826171875,2479930
2024-04-15,1255.0,1288.5,1255.0,1276.824951171875,1245.1915283203125,2293646
2024-04-16,1275.074951171875,1291.824951171875,1271.1500244140625,1273.050048828125,1241.5101318359375,1537722
2024-04-18,1270.050048828125,1271.324951171875,1205.300048828125,1231.2750244140625,1200.7701416015625,6077666
2024-04-19,1215.0,1235.675048828125,1205.0,1218.8499755859375,1188.65283203125,3702024
2024-04-22,1218.25,1241.0,1213.925048828125,1229.3499755859375,1198.8927001953125,2504706
2024-04-23,1224.5,1255.0,1212.9749755859375,1250.625,1219.640625,2248818
2024-04-24,1257.5250244140625,1267.9000244140625,1244.125,1250.074951171875,1219.104248046875,1447036
2024-04-25,1259.9749755859375,1288.949951171875,1235.625,1281.324951171875,1249.5799560546875,6481728
2024-04-26,1287.4749755859375,1291.4000244140625,1235.5250244140625,1241.375,1210.619873046875,2643128
2024-04-29,1251.0,1262.199951171875,1245.0,1254.9000244140625,1223.809814453125,1243124
2024-04-30,1258.8499755859375,1268.800048828125,1250.2750244140625,1253.699951171875,1222.639404296875,1625278
2024-05-02,1253.699951171875,1270.5,1252.5,1256.1500244140625,1225.02880859375,2223826
2024-05-03,1257.550048828125,1261.5250244140625,1218.125,1228.050048828125,1197.6251220703125,2257460
2024-05-06,1237.199951171875,1239.9749755859375,1223.4749755859375,1228.699951171875,1198.2589111328125,1431992
2024-05-07,1234.5,1264.175048828125,1229.7750244140625,1254.324951171875,1223.2490234375,2146918
2024-05-08,1251.2249755859375,1274.0,1242.824951171875,1269.5,1238.0479736328125,1398140
2024-05-09,1269.5,1274.949951171875,1251.0,1256.7249755859375,1225.5894775390625,1404310
2024-05-10,1256.7249755859375,1274.5,1251.7249755859375,1266.5999755859375,1235.2198486328125,1394832
2024-05-13,1266.375,1270.949951171875,1253.0250244140625,1258.125,1226.9547119140625,680762
2024-05-14,1253.050048828125,1259.4749755859375,1241.0,1243.675048828125,1212.8629150390625,1113494
2024-05-15,1244.0,1249.5,1230.0,1232.5,1201.9647216796875,868812
2024-05-16,1235.0,1239.9749755859375,1210.1500244140625,1234.175048828125,1203.5982666015625,1944988
2024-05-17,1234.175048828125,1234.175048828125,1216.9000244140625,1222.75,1192.456298828125,1442356
2024-05-21,1233.0,1244.800048828125,1216.0,1230.4000244140625,1199.9168701171875,2574902
2024-05-22,1236.0,1243.75,1230.949951171875,1234.574951171875,1203.9881591796875,1574654
2024-05-23,1240.5,1243.75,1227.7750244140625,1237.074951171875,1206.4261474609375,1563326
2024-05-24,1238.4749755859375,1242.5,1229.0250244140625,1233.875,1203.3056640625,907544
2024-05-27,1238.5,1239.5,1227.5,1229.949951171875,1199.4779052734375,1071662
2024-05-28,1230.574951171875,1233.824951171875,1223.0,1225.8499755859375,1195.4793701171875,1043344
2024-05-29,1223.8499755859375,1248.5,1222.5,1238.0999755859375,1207.4259033203125,1739200
2024-05-30,1232.5250244140625,1236.550048828125,1200.2750244140625,1202.4000244140625,1172.6103515625,2548428
2024-05-31,1212.800048828125,1212.800048828125,1172.5,1177.449951171875,1148.2784423828125,5065946
2024-06-03,1187.4000244140625,1194.4749755859375,1175.0,1177.5250244140625,1148.3516845703125,2145030
2024-06-04,1181.9749755859375,1219.0,1163.7249755859375,1213.875,1183.8011474609375,3117062
2024-06-05,1215.0,1287.0250244140625,1215.0,1254.925048828125,1223.834228515625,4057558
2024-06-06,1259.0,1259.0,1226.324951171875,1235.699951171875,1205.0853271484375,1944280
2024-06-07,1238.2249755859375,1258.125,1233.5,1251.2249755859375,1220.2257080078125,2022404
2024-06-10,1255.0,1282.5,1253.5250244140625,1274.0999755859375,1242.5340576171875,1590348
2024-06-11,1280.0,1287.5,1267.0,1270.9749755859375,1239.4864501953125,1138822
2024-06-12,1272.0,1277.375,1260.5,1268.6500244140625,1237.2191162109375,960816
2024-06-13,1297.074951171875,1307.2249755859375,1272.574951171875,1275.875,1244.2650146484375,2162544
2024-06-14,1282.300048828125,1282.300048828125,1267.050048828125,1271.25,1239.754638671875,858944
2024-06-18,1274.5,1277.5,1267.0,1275.175048828125,1243.5823974609375,519108
2024-06-19,1275.0,1279.800048828125,1258.925048828125,1263.0250244140625,1231.7335205078125,1568614
2024-06-20,1262.5,1275.574951171875,1250.0,1269.875,1238.4136962890625,1314826
2024-06-21,1266.300048828125,1274.0,1244.25,1249.199951171875,1218.2508544921875,2543088
2024-06-24,1249.199951171875,1266.0,1242.25,1265.0250244140625,1233.68408203125,1448402
2024-06-25,1267.5,1269.1500244140625,1252.5,1257.7249755859375,1226.564697265625,625460
2024-06-26,1261.300048828125,1273.5,1253.7249755859375,1267.125,1235.7318115234375,958712
2024-06-27,1265.5999755859375,1277.0,1254.0250244140625,1266.875,1235.488037109375,1732622
2024-06-28,1266.875,1286.8499755859375,1264.1500244140625,1275.824951171875,1244.2164306640625,2364066
2024-07-01,1279.9000244140625,1295.550048828125,1278.5,1284.050048828125,1252.237548828125,1849028
2024-07-02,1292.699951171875,1294.0,1266.574951171875,1272.2249755859375,1240.7054443359375,1162200
2024-07-03,1275.050048828125,1284.7750244140625,1270.3499755859375,1275.75,1244.14306640625,631912
2024-07-04,1280.0,1282.5,1271.0250244140625,1272.574951171875,1241.046875,627352
2024-07-05,1275.300048828125,1289.800048828125,1266.25,1287.074951171875,1255.1876220703125,1583026
2024-07-08,1287.074951171875,1310.0,1280.7249755859375,1301.699951171875,1269.4501953125,1448552
2024-07-09,1313.6500244140625,1320.050048828125,1296.800048828125,1316.550048828125,1283.9324951171875,1665146
2024-07-10,1318.949951171875,1324.9749755859375,1299.0250244140625,1308.2249755859375,1275.8134765625,1069980
2024-07-11,1310.0,1315.800048828125,1281.8499755859375,1296.5999755859375,1264.4766845703125,2107598
2024-07-12,1302.5,1309.925048828125,1292.925048828125,1304.5,1272.1810302734375,1451786
2024-07-15,1304.5250244140625,1309.75,1298.5,1302.550048828125,1270.2791748046875,695922
2024-07-16,1302.300048828125,1309.425048828125,1284.5250244140625,1303.6500244140625,1276.8660888671875,1514138
2024-07-18,1287.5,1317.449951171875,1287.5,1313.5250244140625,1286.5380859375,1733594
2024-07-19,1317.425048828125,1322.75,1293.2249755859375,1298.925048828125,1272.2381591796875,1077872
2024-07-22,1298.925048828125,1315.0,1282.6500244140625,1293.6500244140625,1267.0716552734375,1490342
2024-07-23,1298.300048828125,1303.25,1275.0,1290.7750244140625,1264.255615234375,1936998
2024-07-24,1290.5,1290.5,1259.3499755859375,1270.699951171875,1244.593017578125,2622088
2024-07-25,1272.4000244140625,1278.324951171875,1229.7249755859375,1240.324951171875,1214.842041015625,6938362
2024-07-26,1246.300048828125,1246.300048828125,1225.75,1238.449951171875,1213.005615234375,3239386
2024-07-29,1241.800048828125,1243.4749755859375,1229.5,1235.1500244140625,1209.7734375,1605802
2024-07-30,1235.175048828125,1240.199951171875,1225.5,1228.824951171875,1203.578369140625,3429516
2024-07-31,1235.0,1238.5,1226.0,1228.175048828125,1202.941650390625,1644722
2024-08-01,1232.5,1246.1500244140625,1228.175048828125,1242.0,1216.482666015625,2653524
2024-08-02,1240.0,1257.0,1232.5,1247.550048828125,1221.9188232421875,2310948
2024-08-05,1244.0,1264.449951171875,1237.5250244140625,1255.449951171875,1229.65625,2651820
2024-08-06,1256.949951171875,1264.0,1250.5,1254.25,1228.4810791015625,1898862
2024-08-07,1259.2750244140625,1264.4749755859375,1255.125,1261.4000244140625,1235.484130859375,1299940
2024-08-08,1259.2750244140625,1262.5,1239.0,1244.550048828125,1218.9803466796875,2850012
2024-08-09,1253.300048828125,1255.949951171875,1245.0999755859375,1252.3499755859375,1226.6199951171875,540012
2024-08-12,1250.9000244140625,1254.9749755859375,1234.175048828125,1236.550048828125,1211.1446533203125,950040
2024-08-13,1237.0,1246.0,1236.75,1242.3499755859375,1216.825439453125,623692
2024-08-14,1243.449951171875,1245.9749755859375,1230.300048828125,1237.300048828125,1211.8792724609375,1123752
2024-08-16,1245.0,1266.7249755859375,1235.675048828125,1262.7249755859375,1236.7818603515625,1719668
2024-08-19,1265.0,1273.0,1250.2750244140625,1251.574951171875,1225.86083984375,955402
2024-08-20,1255.300048828125,1263.0,1249.5250244140625,1259.25,1233.3782958984375,969464
2024-08-21,1264.949951171875,1277.5,1260.824951171875,1275.875,1249.66162109375,1249546
2024-08-22,1282.5,1282.5250244140625,1272.5,1275.5,1249.2943115234375,1269810
2024-08-23,1275.4749755859375,1275.675048828125,1260.0,1264.5999755859375,1238.6182861328125,1023074
2024-08-26,1264.5999755859375,1272.5,1253.9749755859375,1259.7750244140625,1233.8924560546875,1266798
2024-08-27,1264.324951171875,1266.4000244140625,1255.75,1260.7249755859375,1234.8228759765625,782130
2024-08-28,1259.5,1259.5,1245.0,1246.25,1220.6455078125,1130322
2024-08-29,1249.449951171875,1259.7249755859375,1245.324951171875,1252.2750244140625,1226.546630859375,1799588
2024-08-30,1252.2750244140625,1258.6500244140625,1245.9000244140625,1250.375,1224.6856689453125,3808974
2024-09-02,1250.0,1258.0,1248.5250244140625,1254.949951171875,1229.16650390625,1751182
2024-09-03,1251.0,1279.5,1251.0,1265.375,1239.3773193359375,1975054
2024-09-04,1262.5250244140625,1270.7249755859375,1256.8499755859375,1267.375,1241.3363037109375,1005886
2024-09-05,1267.375,1267.5,1246.074951171875,1252.449951171875,1226.718017578125,2238592
2024-09-06,1254.300048828125,1259.625,1244.0250244140625,1251.5999755859375,1225.8853759765625,1673400
2024-09-09,1247.574951171875,1260.0,1244.375,1258.375,1232.521240234375,1167196
2024-09-10,1264.5,1273.949951171875,1257.0,1267.75,1241.70361328125,3044078
2024-09-11,1273.5,1280.800048828125,1259.7249755859375,1263.425048828125,1237.467529296875,1959876
2024-09-12,1264.949951171875,1270.0,1244.0,1263.925048828125,1237.957275390625,3109758
2024-09-13,1265.0,1280.5,1264.125,1265.699951171875,1239.6956787109375,1465434
2024-09-16,1265.0,1277.800048828125,1250.0,1274.800048828125,1248.6090087890625,788794
2024-09-17,1275.574951171875,1292.6500244140625,1269.3499755859375,1273.425048828125,1247.2620849609375,1390374
2024-09-18,1274.9749755859375,1300.550048828125,1273.0,1298.574951171875,1271.895263671875,2354058
2024-09-19,1301.5,1338.5,1298.574951171875,1317.0999755859375,1290.0396728515625,5068578
2024-09-20,1322.0,1352.125,1315.574951171875,1349.7750244140625,1322.0433349609375,4645516
2024-09-23,1352.574951171875,1364.925048828125,1345.0,1362.574951171875,1334.580322265625,2144494
2024-09-24,1362.5,1383.4000244140625,1337.0,1348.199951171875,1320.500732421875,3080066
2024-09-25,1342.625,1352.300048828125,1329.5250244140625,1348.675048828125,1320.966064453125,1437914
2024-09-26,1353.9749755859375,1381.2249755859375,1353.9749755859375,1377.75,1349.443603515625,2317212
2024-09-27,1375.0,1389.0,1365.5,1372.8499755859375,1344.644287109375,2194334
2024-09-30,1360.0,1370.0,1342.4000244140625,1344.9749755859375,1317.342041015625,1766384
2024-10-01,1345.0,1355.0,1336.449951171875,1353.5250244140625,1325.71630859375,1105518
2024-10-03,1342.5,1347.5,1325.175048828125,1337.425048828125,1309.947265625,1624730
2024-10-04,1331.5,1339.175048828125,1295.1500244140625,1299.074951171875,1272.385009765625,2066068
2024-10-07,1302.4749755859375,1310.0,1283.449951171875,1286.925048828125,1260.484619140625,2205716
2024-10-08,1285.300048828125,1297.0,1275.800048828125,1290.875,1264.353515625,2404340
2024-10-09,1289.5,1290.0,1234.4749755859375,1258.0,1232.1539306640625,4733190
2024-10-10,1264.5,1265.8499755859375,1253.0,1256.2249755859375,1230.4154052734375,2060004
2024-10-11,1260.0,1261.0,1248.050048828125,1255.9000244140625,1230.0970458984375,1256928
2024-10-14,1259.8499755859375,1259.8499755859375,1246.574951171875,1251.0250244140625,1225.322265625,1340768
2024-10-15,1251.0250244140625,1251.0250244140625,1236.0,1242.125,1216.6051025390625,1590308
2024-10-16,1245.0,1246.5250244140625,1215.7249755859375,1231.125,1205.8310546875,2473286
2024-10-17,1237.4749755859375,1237.4749755859375,1182.5,1189.3499755859375,1164.9144287109375,5255508
2024-10-18,1190.0,1191.824951171875,1163.050048828125,1175.125,1150.981689453125,3278370
2024-10-21,1180.0,1187.0,1166.5,1177.324951171875,1153.1363525390625,1497408
2024-10-22,1177.25,1192.5,1170.0250244140625,1175.125,1150.981689453125,1934262
2024-10-23,1175.0250244140625,1187.449951171875,1160.050048828125,1163.574951171875,1139.6689453125,1414522
2024-10-24,1169.5,1170.0,1108.0,1129.324951171875,1106.12255859375,5910994
2024-10-25,1134.5,1143.25,1128.5,1130.3499755859375,1107.12646484375,2683018
2024-10-28,1135.4749755859375,1159.5,1128.0250244140625,1136.0250244140625,1112.6849365234375,1751130
2024-10-29,1140.0,1142.9000244140625,1130.375,1133.699951171875,1110.40771484375,1859662
2024-10-30,1139.375,1148.625,1130.0999755859375,1138.1500244140625,1114.766357421875,1787546
2024-10-31,1143.5,1143.5,1130.0,1131.4749755859375,1108.228515625,1319530
2024-11-01,1146.449951171875,1146.4749755859375,1134.175048828125,1141.1500244140625,1117.70458984375,243228
2024-11-04,1141.5,1143.5,1115.449951171875,1123.0999755859375,1100.025390625,1926320
2024-11-05,1128.0,1133.949951171875,1118.1500244140625,1131.2249755859375,1107.9835205078125,1451860
2024-11-06,1134.0,1139.8499755859375,1129.0250244140625,1137.800048828125,1114.423583984375,1613946
2024-11-07,1136.5,1142.425048828125,1120.8499755859375,1131.425048828125,1108.1795654296875,1783914
2024-11-08,1135.0,1149.0,1129.4000244140625,1147.824951171875,1124.242431640625,1669990
2024-11-11,1140.0,1147.425048828125,1127.0999755859375,1139.5250244140625,1116.1131591796875,1547190
2024-11-12,1145.2249755859375,1145.2249755859375,1120.5,1128.0999755859375,1104.9227294921875,2210678
2024-11-13,1120.625,1125.9749755859375,1111.0,1117.625,1094.6629638671875,1526776
2024-11-14,1119.5250244140625,1122.4749755859375,1089.199951171875,1091.4000244140625,1068.9769287109375,2318476
2024-11-18,1095.3499755859375,1109.4749755859375,1084.3499755859375,1106.5999755859375,1083.864501953125,1383330
2024-11-19,1112.5,1121.824951171875,1101.949951171875,1107.074951171875,1084.3297119140625,1612040
2024-11-21,1102.7750244140625,1125.0,1093.5,1105.5999755859375,1082.885009765625,1655768
2024-11-22,1107.0999755859375,1126.425048828125,1102.0999755859375,1123.6500244140625,1100.5643310546875,1543916
2024-11-25,1129.2750244140625,1141.824951171875,1123.125,1128.4749755859375,1105.2901611328125,4059604
2024-11-26,1135.0,1143.9749755859375,1125.25,1132.625,1109.3548583984375,634244
2024-11-27,1138.300048828125,1138.4000244140625,1125.2249755859375,1136.9749755859375,1113.6153564453125,874722
2024-11-28,1137.0250244140625,1144.75,1114.0,1118.125,1095.1527099609375,2492756
2024-11-29,1113.5,1131.5,1113.5,1117.324951171875,1094.3690185546875,2698320
2024-12-02,1121.4000244140625,1128.5,1111.550048828125,1125.925048828125,1102.79248046875,936544
2024-12-03,1131.0,1133.425048828125,1125.0,1130.8499755859375,1107.6162109375,1532464
2024-12-04,1130.5,1137.5,1120.7249755859375,1128.9000244140625,1105.7064208984375,1937738
2024-12-05,1128.9000244140625,1138.5,1110.5,1132.75,1109.477294921875,2375568
2024-12-06,1133.2249755859375,1145.9749755859375,1127.550048828125,1133.9000244140625,1110.6036376953125,1291202
2024-12-09,1135.0,1138.300048828125,1106.824951171875,1114.425048828125,1091.52880859375,1939702
2024-12-10,1114.5,1120.0,1105.0,1107.2249755859375,1084.4766845703125,1830596
2024-12-11,1112.5,1127.0,1111.5,1120.5250244140625,1097.50341796875,1469722
2024-12-12,1124.9749755859375,1127.0,1107.550048828125,1112.0250244140625,1089.17822265625,1931220
2024-12-13,1112.5,1128.925048828125,1104.125,1126.75,1103.6005859375,1109322
2024-12-16,1126.75,1128.75,1114.2750244140625,1119.375,1096.376953125,1331372
2024-12-17,1113.0,1116.9749755859375,1100.0,1101.4749755859375,1078.8448486328125,2997812
2024-12-18,1101.4749755859375,1106.9749755859375,1090.25,1094.0250244140625,1071.5477294921875,1932332
2024-12-19,1092.5,1097.125,1073.699951171875,1080.199951171875,1058.0069580078125,3107980
2024-12-20,1080.0,1087.5,1072.699951171875,1081.75,1059.5250244140625,3303524
2024-12-23,1085.0,1090.0,1073.8499755859375,1075.800048828125,1053.6973876953125,877434
2024-12-24,1075.8499755859375,1087.5,1075.8499755859375,1083.3499755859375,1061.0921630859375,645132
2024-12-26,1079.0999755859375,1088.0,1073.199951171875,1074.949951171875,1052.8648681640625,1047852
2024-12-27,1079.5,1084.5250244140625,1075.5,1082.800048828125,1060.5535888671875,925334
2024-12-30,1087.0,1088.5,1074.5,1079.949951171875,1057.7620849609375,2470980
2024-12-31,1077.5,1087.2750244140625,1073.875,1085.0250244140625,1062.7327880859375,1271114
2025-01-01,1085.0,1089.625,1078.6500244140625,1084.625,1062.3409423828125,908580
2025-01-02,1084.5,1103.875,1081.574951171875,1100.0999755859375,1077.498046875,1258328
2025-01-03,1100.0999755859375,1118.9749755859375,1099.0250244140625,1116.3499755859375,1093.4140625,2022900
2025-01-06,1121.75,1122.449951171875,1085.0,1092.5,1070.0543212890625,2276932
2025-01-07,1095.0999755859375,1108.1500244140625,1089.949951171875,1106.324951171875,1083.5950927734375,1191638
2025-01-08,1111.5,1112.4749755859375,1097.2750244140625,1109.949951171875,1087.145751953125,899000
2025-01-09,1107.7249755859375,1135.9000244140625,1102.0250244140625,1128.0250244140625,1104.849365234375,2294636
2025-01-10,1136.0250244140625,1139.0,1120.625,1123.949951171875,1100.8580322265625,1619708
2025-01-13,1122.5,1130.574951171875,1110.7750244140625,1118.675048828125,1095.6915283203125,1609062
2025-01-14,1125.5999755859375,1128.300048828125,1099.625,1109.5250244140625,1086.7294921875,1405098
2025-01-15,1109.5250244140625,1110.050048828125,1086.0999755859375,1099.824951171875,1077.228515625,1447250
2025-01-16,1102.550048828125,1109.125,1078.25,1084.6500244140625,1062.365478515625,2651618
2025-01-17,1090.324951171875,1113.175048828125,1086.2750244140625,1108.5999755859375,1085.8232421875,911802
2025-01-20,1109.5999755859375,1112.5,1101.175048828125,1107.0,1084.25634765625,802216
2025-01-21,1112.5,1120.0,1095.7750244140625,1098.2249755859375,1075.66162109375,1528828
2025-01-22,1098.2249755859375,1106.4749755859375,1097.074951171875,1103.9000244140625,1081.219970703125,896072
2025-01-23,1097.074951171875,1104.800048828125,1082.5,1099.4749755859375,1076.8858642578125,992014
2025-01-24,1101.0,1111.375,1095.050048828125,1103.949951171875,1081.2689208984375,1327200
2025-01-27,1091.0250244140625,1115.949951171875,1084.300048828125,1087.375,1065.0345458984375,1099972
2025-01-28,1087.375,1090.925048828125,1071.300048828125,1078.1500244140625,1055.9991455078125,1442066
2025-01-29,1078.1500244140625,1092.449951171875,1065.625,1090.3499755859375,1067.9483642578125,794290
2025-01-30,1094.5,1116.3499755859375,1090.3499755859375,1108.675048828125,1085.8968505859375,1149120
2025-01-31,1108.675048828125,1193.5,1104.75,1156.5999755859375,1132.8372802734375,6279774
2025-02-01,1156.5,1187.0,1128.625,1163.5999755859375,1139.693359375,2493130
2025-02-03,1163.5999755859375,1187.0,1155.8499755859375,1158.550048828125,1134.7471923828125,2281742
2025-02-04,1161.199951171875,1161.4000244140625,1141.8499755859375,1149.7249755859375,1126.1033935546875,2487034
2025-02-05,1141.9000244140625,1148.949951171875,1112.625,1124.4749755859375,1101.3721923828125,2950590
2025-02-06,1134.5,1134.5,1113.5,1119.7249755859375,1096.7198486328125,1973914
2025-02-07,1117.0,1119.0,1103.7750244140625,1112.550048828125,1096.6705322265625,1585116
2025-02-10,1117.5,1126.25,1103.0999755859375,1110.5250244140625,1094.674560546875,1520362
2025-02-11,1110.5250244140625,1116.050048828125,1088.9749755859375,1097.75,1082.081787109375,953674
2025-02-12,1107.0,1107.0,1085.8499755859375,1096.875,1081.21923828125,1006516
2025-02-13,1096.875,1105.0999755859375,1086.324951171875,1088.7750244140625,1073.23486328125,1022294
2025-02-14,1088.7750244140625,1112.5,1085.0250244140625,1097.925048828125,1082.2542724609375,1921722
2025-02-17,1097.925048828125,1110.0,1085.0,1108.25,1092.4320068359375,1603030
2025-02-18,1108.25,1114.75,1099.9749755859375,1111.199951171875,1095.33984375,906118
2025-02-19,1103.0,1112.0,1098.7750244140625,1102.4749755859375,1086.7393798828125,852958
2025-02-20,1102.4749755859375,1107.4749755859375,1093.4000244140625,1103.375,1087.62646484375,1316934
2025-02-21,1108.4749755859375,1109.050048828125,1094.6500244140625,1107.4749755859375,1091.66796875,1188490
2025-02-24,1099.5,1118.925048828125,1098.0250244140625,1110.199951171875,1094.3541259765625,968084
2025-02-25,1111.2249755859375,1128.199951171875,1106.925048828125,1125.199951171875,1109.139892578125,1285668
2025-02-27,1130.0999755859375,1140.9000244140625,1125.0,1139.0999755859375,1122.841552734375,1502006
2025-02-28,1130.5,1135.0,1092.5,1094.824951171875,1079.198486328125,3687132
2025-03-03,1094.125,1100.0,1075.4000244140625,1092.7750244140625,1077.177734375,1043550
2025-03-04,1080.0,1082.050048828125,1059.0,1073.25,1057.931396484375,2085044
2025-03-05,1055.0,1104.675048828125,1055.0,1098.5,1082.8211669921875,1693328
2025-03-06,1093.5,1108.199951171875,1085.1500244140625,1100.5999755859375,1084.89111328125,2514922
2025-03-07,1100.5,1123.0,1095.625,1119.2249755859375,1103.250244140625,1051212
2025-03-10,1119.5999755859375,1137.0,1077.550048828125,1124.199951171875,1108.1541748046875,1013160
2025-03-11,1120.4000244140625,1136.2249755859375,1116.875,1125.699951171875,1109.6328125,957110
2025-03-12,1124.5,1127.050048828125,1095.824951171875,1097.75,1082.081787109375,717178
2025-03-13,1101.050048828125,1105.875,1092.050048828125,1095.9749755859375,1080.3321533203125,584340
2025-03-17,1087.7750244140625,1101.675048828125,1078.0,1087.175048828125,1071.65771484375,820010
2025-03-18,1087.175048828125,1087.175048828125,1087.175048828125,1087.175048828125,1071.65771484375,0
2025-03-19,1103.25,1106.699951171875,1090.074951171875,1092.0,1076.4139404296875,845086
2025-03-20,1102.0,1114.375,1090.574951171875,1110.7750244140625,1094.9208984375,953748
2025-03-21,1120.449951171875,1137.5,1115.9749755859375,1134.425048828125,1118.2333984375,1585274
2025-03-24,1136.550048828125,1144.300048828125,1130.0250244140625,1131.7750244140625,1115.6212158203125,861902
2025-03-25,1130.0,1140.0,1115.0999755859375,1127.425048828125,1111.333251953125,1484284
2025-03-26,1127.449951171875,1134.925048828125,1120.050048828125,1121.7249755859375,1105.714599609375,1066938
2025-03-27,1120.0999755859375,1134.0,1112.625,1121.0250244140625,1105.024658203125,1731172
2025-03-28,1121.5250244140625,1143.9749755859375,1121.5250244140625,1125.375,1109.3123779296875,1432302
2025-04-01,1130.949951171875,1143.925048828125,1109.050048828125,1117.0,1101.05712890625,2040110
2025-04-02,1115.0,1115.0,1074.0,1105.3499755859375,1089.5732421875,2601704
2025-04-03,1099.0250244140625,1124.5250244140625,1097.5,1122.824951171875,1106.798828125,635716
2025-04-04,1117.0,1141.4000244140625,1108.625,1131.074951171875,1114.93115234375,1183470
2025-04-07,1080.0,1128.675048828125,1080.0,1124.5,1108.449951171875,1474570
2025-04-08,1127.5,1141.4749755859375,1115.625,1137.699951171875,1121.4615478515625,1747016
2025-04-09,1141.5999755859375,1181.300048828125,1136.0999755859375,1172.425048828125,1155.69091796875,3706748
2025-04-11,1172.8499755859375,1186.0,1161.0250244140625,1180.699951171875,1163.8477783203125,2236634
2025-04-15,1190.699951171875,1190.699951171875,1172.800048828125,1183.949951171875,1167.0513916015625,1561748
2025-04-16,1173.5,1195.050048828125,1173.5,1191.6500244140625,1174.6416015625,1354424
2025-04-17,1186.0,1211.5999755859375,1179.300048828125,1208.300048828125,1191.053955078125,1815842
2025-04-21,1200.5,1210.5,1195.25,1199.699951171875,1182.57666015625,953130
2025-04-22,1202.5,1210.0,1195.0,1203.6500244140625,1186.4703369140625,975908
2025-04-23,1209.6500244140625,1220.949951171875,1200.0,1216.699951171875,1199.333984375,1165112
2025-04-24,1217.5,1257.5,1189.5,1216.5999755859375,1199.2353515625,4674476
2025-04-25,1213.449951171875,1217.5999755859375,1193.6500244140625,1206.75,1189.5260009765625,2256568
2025-04-28,1200.0,1209.199951171875,1193.0,1203.0,1185.82958984375,1961052
2025-04-29,1203.0,1203.0,1179.5999755859375,1193.75,1176.7115478515625,1952120
2025-04-30,1187.5,1203.199951171875,1182.1500244140625,1194.0999755859375,1177.0565185546875,2040862
2025-05-02,1187.5,1192.4000244140625,1163.5,1165.9000244140625,1149.2591552734375,1265148
2025-05-05,1174.449951171875,1176.0,1161.8499755859375,1164.0999755859375,1147.48486328125,1827594
2025-05-06,1168.5,1187.0999755859375,1165.0,1178.25,1161.4327392578125,1742026
2025-05-07,1165.5,1178.0,1163.6500244140625,1169.199951171875,1152.5118408203125,1353304
2025-05-08,1164.0,1175.050048828125,1157.550048828125,1170.3499755859375,1153.6455078125,2693092
2025-05-09,1151.0,1174.5,1145.8499755859375,1162.699951171875,1146.1046142578125,1816458
2025-05-12,1179.9000244140625,1194.5,1173.0,1191.9000244140625,1174.8880615234375,801500
2025-05-13,1190.0,1194.9000244140625,1171.0,1185.0999755859375,1168.18505859375,2333552
2025-05-14,1182.5,1189.5999755859375,1176.6500244140625,1185.199951171875,1168.283447265625,1203066
2025-05-15,1185.0,1207.449951171875,1170.75,1199.050048828125,1181.9359130859375,1928224
2025-05-16,1207.300048828125,1207.300048828125,1188.3499755859375,1204.4000244140625,1187.2095947265625,1369102
2025-05-19,1202.0,1211.050048828125,1198.0999755859375,1203.9000244140625,1186.7166748046875,845862
2025-05-20,1209.9000244140625,1209.9000244140625,1177.1500244140625,1179.25,1162.41845703125,1555350
2025-05-21,1179.25,1199.0,1179.25,1196.300048828125,1179.2252197265625,1350296
2025-05-22,1192.5,1192.5,1170.0,1180.8499755859375,1163.9957275390625,2161612
2025-05-23,1178.0,1212.0,1176.050048828125,1207.199951171875,1189.9696044921875,1154460
2025-05-26,1207.199951171875,1232.449951171875,1202.699951171875,1227.0,1209.487060546875,1248708
2025-05-27,1225.050048828125,1241.0,1216.0999755859375,1230.449951171875,1212.8876953125,1584098
2025-05-28,1226.050048828125,1228.3499755859375,1208.0,1209.5,1192.2366943359375,1447242
2025-05-29,1210.699951171875,1219.9000244140625,1203.25,1217.5,1200.1226806640625,1862596
2025-05-30,1217.5,1228.5,1195.25,1198.0999755859375,1180.99951171875,2134920
2025-06-02,1200.0,1207.9000244140625,1195.5,1203.1500244140625,1185.9775390625,2052718
2025-06-03,1207.8499755859375,1213.199951171875,1191.0,1195.699951171875,1178.6337890625,1468888
2025-06-04,1194.199951171875,1201.9000244140625,1192.449951171875,1198.75,1181.64013671875,1174082
2025-06-05,1202.5,1204.5,1190.25,1200.6500244140625,1183.51318359375,1467916
2025-06-06,1201.949951171875,1211.449951171875,1195.0,1208.5999755859375,1191.349609375,1004606
2025-06-09,1212.5,1213.6500244140625,1200.5,1207.6500244140625,1190.4132080078125,678874
2025-06-10,1207.6500244140625,1219.449951171875,1204.449951171875,1215.699951171875,1198.3482666015625,1351562
2025-06-11,1221.25,1225.0,1204.0,1209.5999755859375,1192.3353271484375,1751374
2025-06-12,1213.5,1214.050048828125,1183.1500244140625,1192.800048828125,1175.775146484375,2717158
2025-06-13,1181.0,1190.0,1173.4000244140625,1188.4000244140625,1171.4381103515625,829756
2025-06-16,1185.050048828125,1197.5,1182.550048828125,1194.9000244140625,1177.84521484375,532308
2025-06-17,1190.050048828125,1193.449951171875,1176.5,1181.0,1164.1435546875,1531068
2025-06-18,1181.949951171875,1182.050048828125,1162.699951171875,1170.4000244140625,1153.6949462890625,1308554
2025-06-19,1170.4000244140625,1170.4000244140625,1155.0,1159.449951171875,1142.9010009765625,1474774
2025-06-20,1169.050048828125,1199.0,1159.449951171875,1180.199951171875,1163.3548583984375,22941194
2025-06-23,1186.5,1199.449951171875,1175.449951171875,1179.550048828125,1162.71435546875,1297744
2025-06-24,1187.5,1191.800048828125,1178.8499755859375,1182.9000244140625,1166.0164794921875,1100860
2025-06-25,1186.0,1214.449951171875,1186.0,1202.199951171875,1185.041015625,2300288
2025-06-26,1210.0,1221.800048828125,1201.5999755859375,1215.699951171875,1198.3482666015625,3115098
2025-06-27,1224.5,1231.8499755859375,1213.050048828125,1229.3499755859375,1211.8033447265625,2375672
2025-06-30,1234.0,1237.800048828125,1221.5,1232.6500244140625,1215.056396484375,1658010
2025-07-01,1235.0,1235.699951171875,1202.5999755859375,1205.050048828125,1187.850341796875,1077220
2025-07-02,1205.25,1206.949951171875,1190.0,1194.0,1176.9578857421875,1475052
2025-07-03,1199.949951171875,1204.550048828125,1192.5,1194.199951171875,1177.1552734375,1263638
2025-07-04,1192.449951171875,1198.5,1183.550048828125,1196.4000244140625,1184.2823486328125,790114
2025-07-07,1199.699951171875,1213.0,1194.0,1211.050048828125,1198.783935546875,868414
2025-07-08,1211.050048828125,1217.8499755859375,1203.5,1208.949951171875,1196.7052001953125,711576
2025-07-09,1210.0,1218.25,1207.25,1213.9000244140625,1201.6051025390625,790360
2025-07-10,1212.5,1218.449951171875,1198.800048828125,1200.699951171875,1188.5386962890625,569850
2025-07-11,1202.0,1214.3499755859375,1198.550048828125,1201.75,1189.5780029296875,741064
2025-07-14,1202.6500244140625,1207.3499755859375,1188.5,1196.449951171875,1184.331787109375,942914
2025-07-15,1196.449951171875,1210.0,1190.050048828125,1208.1500244140625,1195.913330078125,1064608
2025-07-16,1208.0,1245.0,1203.699951171875,1230.0,1217.5419921875,2810630
2025-07-17,1229.0,1235.0,1223.050048828125,1224.550048828125,1212.1470947265625,546708
2025-07-18,1229.5,1238.449951171875,1215.5,1236.0999755859375,1223.580078125,899652
2025-07-21,1236.449951171875,1239.199951171875,1222.5,1236.300048828125,1223.778076171875,957974
2025-07-22,1236.4000244140625,1238.75,1219.0,1221.75,1209.3756103515625,774548
2025-07-23,1230.0,1234.5,1216.800048828125,1226.25,1213.8299560546875,720228
2025-07-24,1226.4000244140625,1237.5,1155.0,1161.050048828125,1149.2904052734375,5372012
2025-07-25,1157.449951171875,1157.449951171875,1133.0,1137.300048828125,1125.781005859375,3178714
2025-07-28,1137.3499755859375,1149.949951171875,1111.050048828125,1114.6500244140625,1103.3602294921875,1879938
2025-07-29,1115.0,1129.050048828125,1109.949951171875,1111.8499755859375,1100.588623046875,1801922
2025-07-30,1115.0,1119.75,1110.8499755859375,1115.75,1104.44921875,929698
2025-07-31,1112.5,1132.949951171875,1110.5,1123.8499755859375,1112.467041015625,1346218
2025-08-01,1123.8499755859375,1143.8499755859375,1121.550048828125,1138.25,1126.72119140625,1410024
2025-08-04,1143.0,1143.300048828125,1129.0,1138.699951171875,1127.1666259765625,812794
2025-08-05,1139.8499755859375,1141.199951171875,1125.050048828125,1133.6500244140625,1122.1678466796875,1135934
2025-08-06,1135.0,1136.199951171875,1113.050048828125,1116.6500244140625,1105.3399658203125,1127544
2025-08-07,1118.0,1123.199951171875,1107.5,1117.300048828125,1105.9835205078125,1014230
2025-08-08,1122.0,1126.4000244140625,1093.4000244140625,1096.5,1085.3941650390625,1242852
2025-08-11,1097.0,1108.9000244140625,1087.0,1105.0,1093.80810546875,1038967
2025-08-12,1108.0,1109.5999755859375,1089.0,1091.0999755859375,1080.0487060546875,758197
2025-08-13,1091.0999755859375,1100.800048828125,1086.5999755859375,1096.9000244140625,1085.7900390625,813725
2025-08-14,1099.9000244140625,1103.0,1084.699951171875,1089.4000244140625,1078.3660888671875,941698
2025-08-18,1120.5,1169.9000244140625,1120.5,1144.0999755859375,1132.511962890625,3478231
2025-08-19,1149.5999755859375,1168.0,1130.199951171875,1161.4000244140625,1149.63671875,1851158
2025-08-20,1165.0,1192.800048828125,1156.699951171875,1190.300048828125,1178.244140625,1652532
2025-08-21,1190.0,1190.300048828125,1168.800048828125,1179.4000244140625,1167.4544677734375,991563
2025-08-22,1175.0,1191.0,1158.0,1162.9000244140625,1151.12158203125,921658
2025-08-25,1162.9000244140625,1166.800048828125,1148.800048828125,1153.0,1141.3218994140625,931358
2025-08-26,1149.0,1179.0,1149.0,1162.199951171875,1150.4285888671875,3619892
2025-08-28,1165.5999755859375,1168.199951171875,1155.0,1162.4000244140625,1150.6265869140625,1065888
2025-08-29,1160.300048828125,1184.4000244140625,1150.0,1156.199951171875,1144.4893798828125,1593255
2025-09-01,1157.9000244140625,1176.0,1156.199951171875,1174.4000244140625,1162.505126953125,643866
2025-09-02,1174.4000244140625,1202.5,1172.4000244140625,1200.9000244140625,1188.7366943359375,1773623
2025-09-03,1206.5,1206.5,1191.300048828125,1194.800048828125,1182.698486328125,827824
2025-09-04,1230.0,1238.199951171875,1208.0,1212.5999755859375,1200.318115234375,3346196
2025-09-05,1212.0,1216.4000244140625,1191.0,1208.5,1196.2596435546875,1434458
2025-09-08,1208.5,1211.0,1185.199951171875,1187.699951171875,1175.6702880859375,1112974
2025-09-09,1195.199951171875,1204.0,1187.9000244140625,1202.199951171875,1190.0235595703125,1295618
2025-09-10,1208.199951171875,1219.199951171875,1201.699951171875,1217.5,1205.1685791015625,1015673
2025-09-11,1212.0999755859375,1224.9000244140625,1212.0999755859375,1220.800048828125,1208.4351806640625,783400
2025-09-12,1220.199951171875,1223.0,1209.5,1217.5999755859375,1205.2674560546875,632659
2025-09-15,1212.199951171875,1220.0,1209.5999755859375,1212.5,1200.2191162109375,523120
2025-09-16,1212.0,1215.0,1201.199951171875,1204.199951171875,1192.0032958984375,1137133
2025-09-17,1207.0,1212.5999755859375,1195.5999755859375,1204.300048828125,1192.102294921875,1005661
2025-09-18,1205.0999755859375,1213.300048828125,1200.0,1209.0999755859375,1196.8536376953125,1345158
2025-09-19,1212.0,1212.0,1191.0,1194.5,1182.4014892578125,2395784
2025-09-22,1198.9000244140625,1201.199951171875,1184.0,1188.300048828125,1176.264404296875,1107323
2025-09-23,1189.800048828125,1194.5,1165.0,1168.4000244140625,1156.56591796875,2114020
2025-09-24,1167.9000244140625,1185.199951171875,1161.4000244140625,1178.5999755859375,1166.66259765625,1395188
2025-09-25,1184.5,1192.4000244140625,1171.5999755859375,1173.5,1161.6141357421875,1273981
2025-09-26,1170.0,1179.0,1160.199951171875,1162.5999755859375,1150.8245849609375,1011036
2025-09-29,1160.0,1162.0999755859375,1149.199951171875,1152.5,1140.826904296875,2130382
2025-09-30,1155.5999755859375,1159.5999755859375,1146.4000244140625,1152.9000244140625,1141.2227783203125,1409305
2025-10-01,1157.9000244140625,1169.199951171875,1145.0,1166.4000244140625,1154.586181640625,727804
2025-10-03,1160.0,1171.300048828125,1154.4000244140625,1169.9000244140625,1158.05078125,1159975
2025-10-06,1163.5,1183.699951171875,1163.5,1181.699951171875,1169.7310791015625,639965
2025-10-07,1181.699951171875,1192.199951171875,1175.0,1176.800048828125,1164.880859375,922441
2025-10-08,1170.0,1182.5,1158.5999755859375,1180.5,1168.5433349609375,893579
2025-10-09,1175.0999755859375,1189.0999755859375,1172.9000244140625,1187.800048828125,1175.7694091796875,922191
2025-10-10,1186.4000244140625,1202.0,1184.4000244140625,1199.5,1187.350830078125,1110822
2025-10-13,1199.0,1200.800048828125,1181.9000244140625,1188.0999755859375,1176.0662841796875,1062394
2025-10-14,1190.0999755859375,1194.300048828125,1171.0,1175.5,1163.5938720703125,1293553
2025-10-15,1175.5,1225.0,1175.5,1221.4000244140625,1209.029052734375,2283392
2025-10-16,1221.4000244140625,1286.5,1216.5,1276.5999755859375,1263.6700439453125,6927367
2025-10-17,1263.9000244140625,1311.5999755859375,1261.300048828125,1289.5,1276.4393310546875,3171952
2025-10-20,1289.5,1305.5999755859375,1280.800048828125,1285.4000244140625,1272.380859375,1246633
2025-10-21,1280.0,1292.0,1277.300048828125,1287.300048828125,1274.2615966796875,245138
2025-10-23,1287.0,1303.800048828125,1270.800048828125,1272.800048828125,1259.9085693359375,1751448
2025-10-24,1274.4000244140625,1284.5,1259.4000244140625,1282.0,1269.0152587890625,1433533
2025-10-27,1282.0,1292.199951171875,1275.800048828125,1283.0,1270.005126953125,1107997
2025-10-28,1283.800048828125,1288.9000244140625,1263.699951171875,1271.0,1258.126708984375,1343829
2025-10-29,1275.0,1281.0,1266.5,1273.0,1260.1064453125,836932
2025-10-30,1278.0,1281.4000244140625,1267.699951171875,1279.9000244140625,1266.9365234375,728703
2025-10-31,1279.9000244140625,1284.0,1269.5999755859375,1271.5999755859375,1258.7205810546875,943037
2025-11-03,1269.5999755859375,1269.9000244140625,1255.5,1266.699951171875,1253.8701171875,847050
2025-11-04,1266.0,1269.0,1250.699951171875,1265.0,1252.1875,770668
2025-11-06,1265.0,1278.9000244140625,1260.0999755859375,1266.0999755859375,1253.2762451171875,1171263
2025-11-07,1264.0,1270.9000244140625,1256.4000244140625,1262.699951171875,1249.91064453125,596683
2025-11-10,1263.0999755859375,1273.199951171875,1260.199951171875,1262.9000244140625,1250.1087646484375,737986
2025-11-11,1268.0,1270.199951171875,1255.0,1268.0999755859375,1255.256103515625,729912
2025-11-12,1270.0,1286.9000244140625,1261.5999755859375,1278.199951171875,1265.253662109375,824792
2025-11-13,1280.0,1289.300048828125,1270.300048828125,1275.199951171875,1262.2840576171875,691337
2025-11-14,1275.199951171875,1279.0,1262.4000244140625,1271.5999755859375,1258.7205810546875,675047
2025-11-17,1272.0,1278.0,1264.0999755859375,1270.300048828125,1257.433837890625,774802
2025-11-18,1262.0999755859375,1269.9000244140625,1252.5999755859375,1265.0999755859375,1252.286376953125,810387
2025-11-19,1267.9000244140625,1280.0,1263.0,1279.0,1266.045654296875,726287
2025-11-20,1288.0,1288.5999755859375,1275.199951171875,1279.199951171875,1266.2435302734375,796864
2025-11-21,1275.0,1288.9000244140625,1273.0,1280.699951171875,1267.7283935546875,673231
2025-11-24,1285.0,1285.800048828125,1259.5,1269.199951171875,1256.3448486328125,2636542
2025-11-25,1267.4000244140625,1270.9000244140625,1250.800048828125,1263.199951171875,1250.4056396484375,1065974
2025-11-26,1257.0999755859375,1282.699951171875,1257.0999755859375,1276.800048828125,1263.8680419921875,810809
2025-11-27,1276.0,1279.5,1260.5,1266.4000244140625,1253.5732421875,708607
2025-11-28,1266.300048828125,1269.699951171875,1258.199951171875,1261.0999755859375,1248.326904296875,626947
2025-12-01,1260.5999755859375,1264.0,1251.5999755859375,1260.5999755859375,1247.8319091796875,644563
2025-12-02,1251.0,1261.800048828125,1251.0,1258.9000244140625,1246.1492919921875,911551
2025-12-03,1257.0,1258.0,1236.0999755859375,1241.9000244140625,1229.3214111328125,642993
2025-12-04,1241.9000244140625,1245.0,1233.199951171875,1242.4000244140625,1229.81640625,664641
2025-12-05,1237.5,1249.0,1234.199951171875,1246.9000244140625,1234.270751953125,911699
2025-12-08,1246.9000244140625,1248.0,1212.800048828125,1214.800048828125,1202.4959716796875,1534927
2025-12-09,1214.9000244140625,1221.5,1207.300048828125,1215.800048828125,1203.48583984375,810028
2025-12-10,1215.800048828125,1221.800048828125,1205.0,1209.300048828125,1197.0516357421875,514862
2025-12-11,1209.4000244140625,1220.4000244140625,1205.800048828125,1215.0,1202.69384765625,339626
2025-12-12,1219.0,1240.0,1215.4000244140625,1238.300048828125,1225.7579345703125,841766
2025-12-15,1238.0,1248.0,1225.5,1243.5,1230.9052734375,857798
2025-12-16,1236.5,1264.0,1234.4000244140625,1240.5999755859375,1228.0345458984375,1086329
2025-12-17,1237.0,1241.4000244140625,1224.300048828125,1234.5999755859375,1222.0953369140625,526222
2025-12-18,1234.699951171875,1243.9000244140625,1227.5,1233.5,1221.006591796875,707432
2025-12-19,1230.800048828125,1246.199951171875,1229.699951171875,1244.4000244140625,1231.796142578125,754446
2025-12-22,1246.0,1259.9000244140625,1240.0,1257.199951171875,1244.4664306640625,880387
2025-12-23,1260.0,1261.5,1251.0999755859375,1256.5,1243.7735595703125,663261
2025-12-24,1251.0999755859375,1264.0999755859375,1247.9000244140625,1259.699951171875,1246.9410400390625,598956
2025-12-26,1264.0,1277.0,1251.4000244140625,1272.5999755859375,1259.71044921875,1433973
2025-12-29,1275.0,1286.5,1270.800048828125,1280.0,1267.0355224609375,888206
2025-12-30,1284.0,1289.0,1267.699951171875,1274.0999755859375,1261.1953125,2043408
2025-12-31,1274.199951171875,1294.300048828125,1270.4000244140625,1288.0,1274.9544677734375,738631
2026-01-01,1293.0,1299.0,1284.0,1295.0,1281.883544921875,932297
2026-01-02,1292.0,1299.0,1277.5999755859375,1279.699951171875,1266.738525390625,736473
2026-01-05,1279.0,1320.0,1278.5,1314.5999755859375,1301.2850341796875,2397082
2026-01-06,1319.0,1323.5,1298.4000244140625,1319.9000244140625,1306.531494140625,866154
2026-01-07,1312.5,1332.699951171875,1304.199951171875,1314.800048828125,1301.4830322265625,676669
2026-01-08,1309.0999755859375,1315.0999755859375,1299.0,1306.9000244140625,1293.6630859375,555817
2026-01-09,1306.9000244140625,1310.800048828125,1290.0999755859375,1299.0999755859375,1285.9420166015625,1194489
2026-01-12,1293.0,1318.0,1291.5999755859375,1312.4000244140625,1299.107421875,1032516
2026-01-13,1312.4000244140625,1321.9000244140625,1309.0,1318.699951171875,1305.343505859375,1316337
2026-01-14,1321.0,1328.199951171875,1302.199951171875,1307.0999755859375,1293.861083984375,904110
2026-01-15,1307.0999755859375,1307.0999755859375,1307.0999755859375,1307.0999755859375,1293.861083984375,0
2026-01-16,1318.199951171875,1320.9000244140625,1305.300048828125,1315.9000244140625,1302.572021484375,1491989
2026-01-19,1306.0,1320.300048828125,1305.5,1315.5999755859375,1302.27490234375,867546
2026-01-20,1315.0,1317.0999755859375,1291.5999755859375,1295.699951171875,1282.576416015625,1173676
2026-01-21,1298.9000244140625,1311.699951171875,1271.300048828125,1283.199951171875,1270.2030029296875,1046054
2026-01-22,1285.9000244140625,1312.0,1272.300048828125,1306.0,1292.772216796875,994359
2026-01-23,1310.0,1311.9000244140625,1290.300048828125,1293.800048828125,1280.69580078125,744221
2026-01-27,1300.0,1314.0,1290.300048828125,1303.300048828125,1290.099609375,1159495
2026-01-28,1297.199951171875,1306.0,1273.0,1292.4000244140625,1279.3099365234375,940426
2026-01-29,1286.5,1294.4000244140625,1262.300048828125,1287.9000244140625,1274.85546875,1151521
2026-01-30,1286.0,1339.5999755859375,1283.0,1332.4000244140625,1318.90478515625,5292100
2026-02-02,1297.5,1311.0,1273.9000244140625,1308.300048828125,1295.0489501953125,1254558
2026-02-03,1330.0,1340.4000244140625,1291.0999755859375,1308.0,1294.751953125,1232271
2026-02-04,1313.5999755859375,1328.0,1295.0999755859375,1303.199951171875,1290.00048828125,875783
2026-02-05,1304.800048828125,1310.5999755859375,1287.0,1303.5,1290.2974853515625,854891
2026-02-06,1291.0999755859375,1305.199951171875,1278.699951171875,1303.300048828125,1297.06494140625,835646
2026-02-09,1301.0,1307.0,1290.300048828125,1295.5999755859375,1289.4017333984375,746303
2026-02-10,1296.9000244140625,1310.300048828125,1296.5,1308.5999755859375,1302.339599609375,936331
2026-02-11,1315.0,1324.9000244140625,1296.699951171875,1305.300048828125,1299.055419921875,911500
2026-02-12,1312.0999755859375,1312.0999755859375,1295.0999755859375,1305.5,1299.25439453125,534672
2026-02-13,1305.0,1310.4000244140625,1278.0,1282.5999755859375,1276.4639892578125,522586
2026-02-16,1276.699951171875,1295.5,1274.199951171875,1289.800048828125,1283.629638671875,456222
2026-02-17,1281.0,1289.5999755859375,1278.0,1285.300048828125,1279.151123046875,396198
2026-02-18,1286.5999755859375,1303.4000244140625,1278.0,1300.9000244140625,1294.676513671875,446022
2026-02-19,1299.800048828125,1300.0,1271.9000244140625,1278.5,1272.383544921875,659360
2026-02-20,1278.5,1301.0,1276.4000244140625,1293.800048828125,1287.6104736328125,754146
2026-02-23,1299.0,1318.5,1295.5,1315.0999755859375,1308.8084716796875,933582
2026-02-24,1305.5999755859375,1323.9000244140625,1305.5999755859375,1320.0,1313.68505859375,1120203
2026-02-25,1328.0,1334.800048828125,1315.0,1323.4000244140625,1317.06884765625,991399
2026-02-26,1329.199951171875,1329.199951171875,1310.5999755859375,1318.0,1311.694580078125,438946
2026-02-27,1311.0999755859375,1322.9000244140625,1286.0,1291.699951171875,1285.5203857421875,1640870
2026-03-02,1261.9000244140625,1288.0,1261.300048828125,1279.699951171875,1273.5777587890625,1161869
2026-03-04,1259.699951171875,1270.0,1240.0,1245.300048828125,1239.342529296875,1112032
2026-03-05,1249.5,1254.4000244140625,1222.699951171875,1250.9000244140625,1244.9156494140625,935711
2026-03-06,1250.0,1264.0999755859375,1234.199951171875,1252.4000244140625,1246.408447265625,830769
2026-03-09,1227.0,1242.5999755859375,1217.4000244140625,1235.800048828125,1229.887939453125,1467475
2026-03-10,1236.9000244140625,1249.5,1233.5,1241.199951171875,1235.261962890625,1301806
2026-03-11,1237.0999755859375,1245.9000244140625,1226.0999755859375,1233.699951171875,1227.7978515625,1472136
2026-03-12,1225.0,1229.9000244140625,1209.300048828125,1220.800048828125,1214.959716796875,1358564
2026-03-13,1219.0,1238.5999755859375,1200.5999755859375,1202.199951171875,1196.4486083984375,1681371
2026-03-16,1200.0,1219.300048828125,1196.5,1213.4000244140625,1207.5950927734375,1100151
2026-03-17,1213.4000244140625,1225.0,1199.0999755859375,1206.9000244140625,1201.1260986328125,1673011
2026-03-18,1206.0,1213.300048828125,1199.9000244140625,1204.800048828125,1199.0362548828125,1144239
2026-03-19,1193.0,1203.0,1177.699951171875,1186.300048828125,1180.624755859375,826831
2026-03-20,1204.0,1204.0,1177.5999755859375,1193.5999755859375,1187.8897705078125,1395157
2026-03-23,1189.0,1189.0,1164.800048828125,1166.800048828125,1161.218017578125,944890
2026-03-24,1180.0,1195.0999755859375,1163.199951171875,1183.199951171875,1177.5394287109375,1001494
2026-03-25,1183.199951171875,1217.800048828125,1180.0,1204.0999755859375,1198.3394775390625,1003662
2026-03-27,1204.0999755859375,1215.699951171875,1188.300048828125,1193.199951171875,1187.4915771484375,2005121
2026-03-30,1185.0,1194.4000244140625,1169.5999755859375,1174.800048828125,1169.1798095703125,1814954
2026-04-01,1174.800048828125,1191.5999755859375,1167.0999755859375,1180.800048828125,1175.1510009765625,1836376
2026-04-02,1173.300048828125,1200.0,1159.4000244140625,1191.300048828125,1185.600830078125,1357820
2026-04-06,1190.0,1218.800048828125,1179.0,1216.0,1210.1826171875,1460974
2026-04-07,1204.4000244140625,1225.4000244140625,1194.199951171875,1222.800048828125,1216.9500732421875,1434686
2026-04-08,1238.0,1250.5999755859375,1209.300048828125,1213.699951171875,1207.8935546875,1638620
2026-04-09,1209.5,1230.0999755859375,1206.4000244140625,1228.699951171875,1222.82177734375,1258634
2026-04-10,1230.800048828125,1252.300048828125,1229.0999755859375,1249.300048828125,1243.3233642578125,1358310
2026-04-13,1239.300048828125,1246.800048828125,1222.0999755859375,1226.0999755859375,1220.2342529296875,1346881
2026-04-15,1235.0,1259.9000244140625,1232.300048828125,1256.5999755859375,1250.58837890625,1236533
2026-04-16,1255.0999755859375,1261.9000244140625,1246.5,1257.4000244140625,1251.384521484375,1126023
2026-04-17,1258.0999755859375,1292.0,1252.800048828125,1285.5999755859375,1279.4495849609375,1994195
2026-04-20,1294.0,1294.300048828125,1274.5999755859375,1286.4000244140625,1280.245849609375,1156327
2026-04-21,1298.0999755859375,1396.0,1286.800048828125,1379.9000244140625,1373.2984619140625,9586515
2026-04-22,1391.0,1425.199951171875,1386.0,1395.800048828125,1389.1224365234375,7723484
2026-04-23,1388.9000244140625,1415.0,1382.0999755859375,1410.5,1403.7520751953125,2963135
2026-04-24,1420.0,1430.9000244140625,1409.0999755859375,1421.300048828125,1414.50048828125,3419416
2026-04-27,1429.0,1437.9000244140625,1410.0,1417.300048828125,1410.5196533203125,1719329
2026-04-28,1417.9000244140625,1445.0999755859375,1401.0,1440.0,1433.1109619140625,4008095
2026-04-29,1445.0,1470.0,1436.0999755859375,1465.5999755859375,1458.5885009765625,2753356
2026-04-30,1466.0,1466.0,1436.0999755859375,1458.5999755859375,1451.6219482421875,2305703
2026-05-01,1458.5999755859375,1458.5999755859375,1458.5999755859375,1458.5999755859375,1451.6219482421875,0
2026-05-04,1460.0,1472.9000244140625,1446.300048828125,1457.0999755859375,1450.129150390625,1744112
2026-05-05,1456.0,1480.4000244140625,1447.5999755859375,1477.800048828125,1470.730224609375,2490700
2026-05-06,1485.0,1490.0,1468.199951171875,1486.0999755859375,1478.9903564453125,2133310
2026-05-07,1488.0,1493.0,1468.300048828125,1476.0,1468.938720703125,2247161
2026-05-08,1476.5999755859375,1496.300048828125,1470.0,1482.4000244140625,1475.30810546875,1471411
2026-05-11,1475.300048828125,1498.0999755859375,1470.5,1481.9000244140625,1474.810546875,1358397
2026-05-12,1470.0,1491.0,1466.0999755859375,1468.5999755859375,1461.5740966796875,1017058
2026-05-13,1468.5999755859375,1486.0,1463.5,1468.9000244140625,1461.8726806640625,2205792
2026-05-14,1468.9000244140625,1479.4000244140625,1453.0,1459.5999755859375,1452.6171875,1251986
2026-05-15,1459.5999755859375,1467.5,1427.5,1430.5,1423.6563720703125,3292954
2026-05-18,1430.5,1444.699951171875,1418.0999755859375,1431.699951171875,1424.8505859375,2030857
2026-05-19,1428.0,1454.5,1422.0,1431.4000244140625,1424.5521240234375,1803745
2026-05-20,1400.0,1426.9000244140625,1398.5,1420.0999755859375,1413.30615234375,1425216
2026-05-21,1425.0,1430.9000244140625,1403.5,1406.5,1399.771240234375,2049251
2026-05-22,1410.5,1434.5999755859375,1401.199951171875,1423.0999755859375,1416.291748046875,1306017
2026-05-25,1430.0,1438.9000244140625,1410.0,1413.5999755859375,1406.8372802734375,812160
2026-05-26,1417.5999755859375,1431.699951171875,1413.199951171875,1428.5999755859375,1421.7655029296875,1472818
2026-05-27,1432.0,1443.699951171875,1423.0999755859375,1427.5,1420.6707763671875,1114165
2026-05-28,1427.5,1427.5,1427.5,1427.5,1420.6707763671875,0
2026-05-29,1431.4000244140625,1444.0999755859375,1408.5,1421.5,1414.699462890625,13063475
2026-06-01,1424.5,1434.9000244140625,1388.5,1391.800048828125,1385.1416015625,843583
2026-06-02,1385.0,1403.5,1368.0999755859375,1398.699951171875,1392.008544921875,1860526
2026-06-03,1405.0,1417.199951171875,1385.300048828125,1391.5,1384.843017578125,1725869
2026-06-04,1395.0,1399.9000244140625,1378.5,1382.9000244140625,1376.2841796875,1793823
2026-06-05,1383.0,1393.199951171875,1372.300048828125,1386.199951171875,1379.568359375,1342143
2026-06-08,1375.0,1412.5,1373.0,1398.9000244140625,1392.2076416015625,1107621
2026-06-09,1399.9000244140625,1414.5999755859375,1399.4000244140625,1410.4000244140625,1403.652587890625,1298664
2026-06-10,1414.800048828125,1454.9000244140625,1409.300048828125,1438.300048828125,1431.419189453125,2288648
2026-06-11,1437.800048828125,1445.0,1419.9000244140625,1422.5,1415.6947021484375,1538190
2026-06-12,1431.0999755859375,1434.9000244140625,1370.5999755859375,1375.699951171875,1369.1185302734375,2380729
2026-06-15,1410.0,1411.9000244140625,1371.5,1374.699951171875,1368.123291015625,1885900
2026-06-16,1375.4000244140625,1409.800048828125,1375.4000244140625,1391.699951171875,1385.0419921875,1899090
2026-06-17,1392.0,1415.5,1387.0999755859375,1407.300048828125,1400.5675048828125,1876655
2026-06-18,1407.300048828125,1413.9000244140625,1394.199951171875,1400.4000244140625,1393.700439453125,1065482
2026-06-19,1394.0,1420.0,1394.0,1414.800048828125,1408.0316162109375,1832928
2026-06-22,1422.800048828125,1430.699951171875,1398.199951171875,1401.9000244140625,1395.1932373046875,1481212
2026-06-23,1401.9000244140625,1411.9000244140625,1390.300048828125,1392.199951171875,1385.53955078125,1646370
2026-06-24,1394.0,1398.800048828125,1380.5999755859375,1382.5999755859375,1375.985595703125,1469059
2026-06-25,1392.0,1410.0,1383.4000244140625,1402.5999755859375,1395.889892578125,1968226
2026-06-26,1402.5999755859375,1402.5999755859375,1402.5999755859375,1402.5999755859375,1395.889892578125,0
2026-06-29,1424.0,1428.5,1381.5,1387.300048828125,1380.6630859375,3412530
2026-06-30,1387.300048828125,1421.699951171875,1387.300048828125,1405.199951171875,1398.4774169921875,3178483
2026-07-01,1414.800048828125,1459.9000244140625,1407.9000244140625,1453.800048828125,1446.844970703125,2672318
2026-07-02,1459.0,1462.300048828125,1444.5,1446.199951171875,1439.28125,1434136
2026-07-03,1448.0,1463.699951171875,1442.800048828125,1459.800048828125,1452.8162841796875,1863379
2026-07-06,1457.0999755859375,1479.9000244140625,1450.0999755859375,1473.699951171875,1466.649658203125,1178983
2026-07-07,1465.199951171875,1482.9000244140625,1462.699951171875,1471.800048828125,1464.7589111328125,1811724
2026-07-08,1460.0,1479.9000244140625,1441.699951171875,1450.5,1443.560791015625,1855873
2026-07-09,1452.0,1481.0,1452.0,1463.199951171875,1456.199951171875,1346613
2026-07-10,1467.0,1471.300048828125,1448.300048828125,1455.199951171875,1455.199951171875,1563905
2026-07-13,1452.300048828125,1452.300048828125,1420.0999755859375,1427.0,1427.0,2167829
2026-07-14,1418.5,1448.699951171875,1418.5,1427.0999755859375,1427.0999755859375,1841895
2026-07-15,1431.800048828125,1442.0,1419.5999755859375,1424.4000244140625,1424.4000244140625,1328750
2026-07-16,1427.9000244140625,1436.300048828125,1417.800048828125,1423.5,1423.5,1179052
2026-07-17,1416.0,1429.199951171875,1405.0999755859375,1427.199951171875,1427.199951171875,1433884
2026-07-20,1436.0,1456.0,1420.5999755859375,1446.300048828125,1446.300048828125,1689777
2026-07-21,1451.5,1464.4000244140625,1447.0,1451.9000244140625,1451.9000244140625,1657756
2026-07-22,1460.300048828125,1510.0,1454.0,1493.5999755859375,1493.5999755859375,6542494
2026-07-23,1500.0999755859375,1503.5,1441.300048828125,1447.9000244140625,1447.9000244140625,2496998
2026-07-24,1439.800048828125,1467.800048828125,1431.0,1443.5,1443.5,3041475
2026-07-27,1451.0,1461.5,1435.300048828125,1446.0999755859375,1446.0999755859375,2030304
2026-07-28,1454.5999755859375,1507.199951171875,1448.5,1491.800048828125,1491.800048828125,5464860
2026-07-29,1499.0,1515.800048828125,1487.5999755859375,1503.300048828125,1503.300048828125,3055336
2026-07-30,1503.300048828125,1532.5999755859375,1497.0,1520.699951171875,1520.699951171875,3698063
2026-07-31,1529.0,1529.0,1497.5,1509.5999755859375,1509.5999755859375,2501825
2026-08-03,1509.5,1530.0,1505.4000244140625,1530.0,1530.0,1232625
2026-08-04,1523.0,1535.9000244140625,1448.300048828125,1520.0,1520.0,4023569
2026-08-05,1510.0,1524.5999755859375,1488.0999755859375,1520.0,1520.0,2747079
2026-08-06,1531.9000244140625,1535.0,1518.199951171875,1535.0,1535.0,1666312
2026-08-07,1523.0,1553.0,1520.0,1540.0,1540.0,1520661
2026-08-10,1534.0999755859375,1547.5,1527.5,1531.5,1531.5,355572
