Date,Open,High,Low,Close,Adjusted Close,Volume
2010-07-19,450.0,453.75,448.79998779296875,450.5,450.5,0
2010-07-20,452.8500061035156,460.95001220703125,452.8500061035156,457.3500061035156,457.3500061035156,0
2010-07-21,459.1499938964844,463.3500061035156,456.1000061035156,462.5,462.5,0
2010-07-22,460.54998779296875,466.8500061035156,455.70001220703125,465.70001220703125,465.70001220703125,0
2010-07-23,469.3500061035156,469.3999938964844,457.20001220703125,458.3999938964844,458.3999938964844,0
2010-07-26,459.8500061035156,460.79998779296875,447.8500061035156,448.6499938964844,448.6499938964844,0
2010-07-27,448.5,457.25,443.20001220703125,453.6499938964844,453.6499938964844,0
2010-07-28,454.54998779296875,455.8999938964844,445.1000061035156,446.75,446.75,0
2010-07-29,445.04998779296875,451.6000061035156,443.6499938964844,447.6499938964844,447.6499938964844,0
2010-07-30,446.5,448.20001220703125,440.6499938964844,441.6000061035156,441.6000061035156,0
2010-08-02,446.6000061035156,449.20001220703125,445.45001220703125,446.70001220703125,446.70001220703125,0
2010-08-03,449.1000061035156,452.54998779296875,445.6000061035156,447.29998779296875,447.29998779296875,0
2010-08-04,447.6499938964844,452.3500061035156,446.25,449.6000061035156,449.6000061035156,0
2010-08-05,450.3999938964844,460.8999938964844,450.3999938964844,455.0,455.0,0
2010-08-06,458.70001220703125,461.5,452.0,453.3500061035156,453.3500061035156,0
2010-08-09,454.20001220703125,477.0,454.20001220703125,475.95001220703125,475.95001220703125,645600
2010-08-10,476.3999938964844,481.5,471.5,477.5,477.5,632200
2010-08-11,476.6499938964844,481.6000061035156,467.45001220703125,468.70001220703125,468.70001220703125,546200
2010-08-12,463.45001220703125,475.5,462.75,473.1000061035156,473.1000061035156,673000
2010-08-13,473.79998779296875,487.29998779296875,473.79998779296875,483.25,483.25,509700
2010-08-16,484.95001220703125,488.8999938964844,472.5,478.3999938964844,478.3999938964844,472100
2010-08-17,480.04998779296875,482.75,474.70001220703125,478.75,478.75,334200
2010-08-18,481.5,483.5,473.95001220703125,479.95001220703125,479.95001220703125,305800
2010-08-19,480.45001220703125,480.45001220703125,473.3500061035156,476.5,476.5,345300
2010-08-20,474.8999938964844,486.79998779296875,472.6000061035156,485.45001220703125,485.45001220703125,482400
2010-08-23,487.79998779296875,489.3500061035156,483.6499938964844,485.54998779296875,485.54998779296875,287600
2010-08-24,486.8999938964844,486.8999938964844,470.75,472.79998779296875,472.79998779296875,289000
2010-08-25,469.0,470.04998779296875,455.0,456.75,456.75,371600
2010-08-26,457.79998779296875,460.3999938964844,452.54998779296875,454.25,454.25,372500
2010-08-27,453.1000061035156,458.45001220703125,439.95001220703125,441.29998779296875,441.29998779296875,429900
2010-08-30,446.79998779296875,450.29998779296875,436.75,442.1000061035156,442.1000061035156,291000
2010-08-31,438.79998779296875,440.54998779296875,429.1499938964844,435.1499938964844,435.1499938964844,403700
2010-09-01,435.8999938964844,451.1499938964844,435.8999938964844,448.8500061035156,448.8500061035156,318700
2010-09-02,451.8500061035156,454.75,447.20001220703125,449.6499938964844,449.6499938964844,362400
2010-09-03,451.1000061035156,457.70001220703125,450.29998779296875,455.70001220703125,455.70001220703125,376500
2010-09-06,459.75,466.95001220703125,459.75,465.79998779296875,465.79998779296875,279500
2010-09-07,467.20001220703125,468.20001220703125,458.8999938964844,460.5,460.5,224300
2010-09-08,457.8999938964844,465.29998779296875,456.29998779296875,463.70001220703125,463.70001220703125,216200
2010-09-09,466.45001220703125,469.70001220703125,463.45001220703125,466.5,466.5,214400
2010-09-13,472.0,479.54998779296875,469.3999938964844,478.0,478.0,327700
2010-09-14,477.54998779296875,482.3999938964844,471.95001220703125,475.95001220703125,475.95001220703125,401700
2010-09-15,475.25,483.1499938964844,474.6499938964844,478.3999938964844,478.3999938964844,375800
2010-09-16,476.6499938964844,492.04998779296875,471.5,484.0,484.0,584900
2010-09-17,487.1000061035156,493.25,486.1499938964844,487.70001220703125,487.70001220703125,399900
2010-09-20,488.8500061035156,497.79998779296875,486.5,496.75,496.75,419100
2010-09-21,498.8999938964844,500.1000061035156,487.54998779296875,489.6000061035156,489.6000061035156,358100
2010-09-22,491.0,491.95001220703125,476.70001220703125,481.6000061035156,481.6000061035156,365000
2010-09-23,482.8500061035156,483.54998779296875,469.20001220703125,470.70001220703125,470.70001220703125,361500
2010-09-24,473.5,485.8999938964844,470.29998779296875,485.1499938964844,485.1499938964844,539400
2010-09-27,489.95001220703125,497.6499938964844,487.95001220703125,491.6499938964844,491.6499938964844,479100
2010-09-28,491.75,495.04998779296875,487.1000061035156,493.6499938964844,493.6499938964844,527300
2010-09-29,496.20001220703125,499.5,489.5,490.79998779296875,490.79998779296875,501600
2010-09-30,491.8999938964844,493.0,486.04998779296875,491.75,491.75,463500
2010-10-01,493.6000061035156,514.5999755859375,493.6000061035156,511.8999938964844,511.8999938964844,752200
2010-10-04,516.1500244140625,522.6500244140625,512.8499755859375,514.75,514.75,459400
2010-10-05,515.2999877929688,519.7999877929688,511.79998779296875,516.7000122070312,516.7000122070312,407500
2010-10-06,520.6500244140625,532.7000122070312,520.6500244140625,531.5499877929688,531.5499877929688,644300
2010-10-07,533.7999877929688,534.2000122070312,511.6499938964844,516.9000244140625,516.9000244140625,521900
2010-10-08,519.1500244140625,520.2000122070312,507.3500061035156,515.0999755859375,515.0999755859375,371800
2010-10-11,521.9000244140625,525.4500122070312,514.1500244140625,517.25,517.25,298200
2010-10-12,515.25,517.75,503.3999938964844,507.75,507.75,281700
2010-10-13,509.8500061035156,522.0999755859375,509.75,521.1500244140625,521.1500244140625,350900
2010-10-14,523.6500244140625,532.0,516.7999877929688,519.0999755859375,519.0999755859375,534100
2010-10-15,520.4000244140625,526.5999755859375,510.25,513.4500122070312,513.4500122070312,431300
2010-10-18,514.2999877929688,519.4000244140625,504.0,518.0499877929688,518.0499877929688,478900
2010-10-19,519.0,522.6500244140625,505.6499938964844,508.54998779296875,508.54998779296875,374700
2010-10-20,508.25,509.1499938964844,496.95001220703125,500.95001220703125,500.95001220703125,437400
2010-10-21,502.3999938964844,512.2999877929688,502.3999938964844,511.29998779296875,511.29998779296875,366700
2010-10-22,512.0499877929688,512.8499755859375,501.6499938964844,503.5,503.5,358200
2010-10-25,504.1499938964844,510.8999938964844,504.1499938964844,507.95001220703125,507.95001220703125,348800
2010-10-26,508.20001220703125,510.45001220703125,505.29998779296875,506.1499938964844,506.1499938964844,280200
2010-10-27,506.25,506.5,493.75,495.5,495.5,216000
2010-10-28,496.45001220703125,497.95001220703125,483.8500061035156,485.6499938964844,485.6499938964844,370500
2010-10-29,485.75,489.3999938964844,471.5,481.54998779296875,481.54998779296875,292000
2010-11-01,484.8500061035156,496.29998779296875,484.8500061035156,494.95001220703125,494.95001220703125,226500
2010-11-02,496.1000061035156,496.29998779296875,475.04998779296875,481.04998779296875,481.04998779296875,426700
2010-11-03,482.3999938964844,489.25,481.8500061035156,484.25,484.25,270300
2010-11-04,485.6499938964844,495.04998779296875,485.6499938964844,492.75,492.75,219500
2010-11-08,495.3999938964844,498.6000061035156,489.04998779296875,497.04998779296875,497.04998779296875,233800
2010-11-09,496.3500061035156,506.45001220703125,496.3500061035156,505.0,505.0,342900
2010-11-10,504.8999938964844,508.6000061035156,501.1000061035156,502.54998779296875,502.54998779296875,235300
2010-11-11,501.45001220703125,503.0,484.1499938964844,485.70001220703125,485.70001220703125,287800
2010-11-12,483.1499938964844,483.1499938964844,459.8500061035156,461.6499938964844,461.6499938964844,425700
2010-11-15,462.79998779296875,463.45001220703125,447.5,455.25,455.25,414600
2010-11-16,456.3500061035156,458.3999938964844,436.54998779296875,438.04998779296875,438.04998779296875,449200
2010-11-18,440.3500061035156,441.95001220703125,415.04998779296875,434.25,434.25,775800
2010-11-19,434.70001220703125,434.70001220703125,415.1000061035156,417.04998779296875,417.04998779296875,446100
2010-11-22,418.29998779296875,427.3999938964844,414.70001220703125,426.0,426.0,380000
2010-11-23,423.79998779296875,423.79998779296875,401.0,411.6000061035156,411.6000061035156,472600
2010-11-24,411.3500061035156,418.45001220703125,393.8500061035156,399.3500061035156,399.3500061035156,462800
2010-11-25,400.95001220703125,400.95001220703125,374.95001220703125,377.6499938964844,377.6499938964844,680900
2010-11-26,378.25,378.3999938964844,320.6000061035156,360.20001220703125,360.20001220703125,1315900
2010-11-29,360.45001220703125,368.20001220703125,344.70001220703125,364.3500061035156,364.3500061035156,747200
2010-11-30,363.3500061035156,386.54998779296875,354.3500061035156,384.95001220703125,384.95001220703125,883400
2010-12-01,383.8500061035156,398.3999938964844,382.6000061035156,397.1499938964844,397.1499938964844,570500
2010-12-02,398.54998779296875,408.5,398.54998779296875,407.29998779296875,407.29998779296875,495800
2010-12-03,405.8999938964844,405.8999938964844,388.75,390.5,390.5,430500
2010-12-06,390.29998779296875,399.8500061035156,388.3500061035156,389.3500061035156,389.3500061035156,288800
2010-12-07,388.79998779296875,389.3500061035156,378.45001220703125,385.1499938964844,385.1499938964844,553400
2010-12-08,385.20001220703125,385.95001220703125,374.6000061035156,376.29998779296875,376.29998779296875,565900
2010-12-09,377.04998779296875,378.20001220703125,358.0,360.29998779296875,360.29998779296875,525200
2010-12-10,360.79998779296875,370.6499938964844,353.95001220703125,365.1499938964844,365.1499938964844,520200
2010-12-13,366.3500061035156,375.20001220703125,362.3500061035156,374.04998779296875,374.04998779296875,380400
2010-12-14,374.95001220703125,380.6499938964844,369.95001220703125,378.04998779296875,378.04998779296875,366400
2010-12-15,377.95001220703125,377.95001220703125,361.8999938964844,364.20001220703125,364.20001220703125,379200
2010-12-16,364.1000061035156,369.45001220703125,361.1000061035156,367.6000061035156,367.6000061035156,317700
2010-12-20,366.45001220703125,369.1000061035156,361.04998779296875,362.1499938964844,362.1499938964844,221000
2010-12-21,362.8500061035156,369.6499938964844,362.8500061035156,367.95001220703125,367.95001220703125,253500
2010-12-22,368.5,375.1499938964844,366.04998779296875,367.70001220703125,367.70001220703125,270400
2010-12-23,367.79998779296875,371.70001220703125,363.70001220703125,364.3999938964844,364.3999938964844,208700
2010-12-24,363.75,368.0,362.3500061035156,367.1000061035156,367.1000061035156,264000
2010-12-27,367.75,371.45001220703125,363.04998779296875,363.6499938964844,363.6499938964844,235200
2010-12-28,363.3999938964844,367.29998779296875,363.3999938964844,365.25,365.25,198400
2010-12-29,365.6499938964844,368.0,365.54998779296875,366.04998779296875,366.04998779296875,158900
2010-12-30,366.04998779296875,372.3999938964844,365.6000061035156,371.45001220703125,371.45001220703125,338200
2010-12-31,371.8999938964844,381.0,371.8999938964844,379.95001220703125,379.95001220703125,298400
2011-01-03,381.20001220703125,385.0,380.54998779296875,381.3500061035156,381.3500061035156,212000
2011-01-04,381.8999938964844,384.5,375.5,376.3500061035156,376.3500061035156,283400
2011-01-05,375.70001220703125,376.95001220703125,367.20001220703125,368.5,368.5,223400
2011-01-06,369.3500061035156,372.54998779296875,358.54998779296875,359.3999938964844,359.3999938964844,352900
2011-01-07,359.3500061035156,362.3500061035156,352.5,353.5,353.5,356400
2011-01-10,353.54998779296875,356.45001220703125,338.95001220703125,340.25,340.25,307700
2011-01-11,341.20001220703125,343.6499938964844,324.29998779296875,329.6499938964844,329.6499938964844,542900
2011-01-12,331.5,342.75,325.3999938964844,341.8500061035156,341.8500061035156,566000
2011-01-13,342.54998779296875,348.75,339.29998779296875,344.1000061035156,344.1000061035156,504400
2011-01-14,344.0,347.0,331.20001220703125,333.70001220703125,333.70001220703125,381700
2011-01-17,333.95001220703125,333.95001220703125,323.54998779296875,325.54998779296875,325.54998779296875,315800
2011-01-18,326.25,331.6499938964844,320.5,326.5,326.5,359200
2011-01-19,326.8999938964844,334.1000061035156,324.1000061035156,332.75,332.75,397700
2011-01-20,331.45001220703125,334.0,327.3500061035156,331.6499938964844,331.6499938964844,324800
2011-01-21,331.04998779296875,334.8500061035156,328.5,329.70001220703125,329.70001220703125,270800
2011-01-24,329.8999938964844,334.70001220703125,329.8999938964844,334.0,334.0,186100
2011-01-25,334.5,338.6000061035156,328.8500061035156,329.3500061035156,329.3500061035156,319700
2011-01-27,330.1499938964844,331.79998779296875,314.70001220703125,316.6000061035156,316.6000061035156,374700
2011-01-28,316.75,316.95001220703125,292.8999938964844,300.6499938964844,300.6499938964844,643500
2011-01-31,299.29998779296875,299.29998779296875,287.6000061035156,293.75,293.75,648000
2011-02-01,294.6499938964844,296.29998779296875,280.6499938964844,281.75,281.75,1188200
2011-02-02,282.75,295.70001220703125,282.75,288.54998779296875,288.54998779296875,999800
2011-02-03,288.45001220703125,302.20001220703125,286.6000061035156,300.8500061035156,300.8500061035156,751300
2011-02-04,297.70001220703125,300.75,287.95001220703125,289.54998779296875,289.54998779296875,786600
2011-02-07,289.95001220703125,296.6000061035156,289.95001220703125,295.1499938964844,295.1499938964844,443500
2011-02-08,295.95001220703125,297.6000061035156,284.79998779296875,285.6499938964844,285.6499938964844,637300
2011-02-09,284.1000061035156,284.1000061035156,269.6499938964844,274.95001220703125,274.95001220703125,884100
2011-02-10,274.1000061035156,277.8999938964844,261.45001220703125,274.0,274.0,1076200
2011-02-11,273.25,280.1000061035156,267.6499938964844,278.54998779296875,278.54998779296875,878200
2011-02-14,279.3500061035156,287.75,279.3500061035156,285.29998779296875,285.29998779296875,688200
2011-02-15,285.79998779296875,286.04998779296875,277.8500061035156,281.1499938964844,281.1499938964844,1081100
2011-02-16,280.45001220703125,289.3500061035156,276.3500061035156,287.25,287.25,1245700
2011-02-17,287.5,288.79998779296875,282.95001220703125,284.04998779296875,284.04998779296875,823600
2011-02-18,284.1000061035156,286.45001220703125,270.3999938964844,271.95001220703125,271.95001220703125,875700
2011-02-21,271.20001220703125,274.95001220703125,266.04998779296875,274.0,274.0,628500
2011-02-22,272.8500061035156,276.1000061035156,268.79998779296875,272.45001220703125,272.45001220703125,517600
2011-02-23,272.25,277.0,267.95001220703125,268.79998779296875,268.79998779296875,554700
2011-02-24,269.04998779296875,270.1000061035156,257.8500061035156,258.79998779296875,258.79998779296875,568000
2011-02-25,260.1000061035156,263.04998779296875,250.4499969482422,259.6000061035156,259.6000061035156,704800
2011-02-28,260.54998779296875,270.3500061035156,260.54998779296875,262.8999938964844,262.8999938964844,668200
2011-03-01,263.75,275.70001220703125,263.75,274.70001220703125,274.70001220703125,525300
2011-03-03,274.25,280.8999938964844,271.8999938964844,275.45001220703125,275.45001220703125,558400
2011-03-04,276.75,279.70001220703125,274.6000061035156,276.3999938964844,276.3999938964844,593700
2011-03-07,275.54998779296875,275.54998779296875,267.25,271.5,271.5,422400
2011-03-08,272.1499938964844,275.95001220703125,271.75,275.45001220703125,275.45001220703125,288700
2011-03-09,276.0,281.20001220703125,276.0,280.6000061035156,280.6000061035156,421900
2011-03-10,280.3999938964844,283.79998779296875,277.3500061035156,282.8999938964844,282.8999938964844,366400
2011-03-11,281.6499938964844,287.70001220703125,278.3999938964844,280.6499938964844,280.6499938964844,620800
2011-03-14,280.95001220703125,283.54998779296875,278.3999938964844,282.75,282.75,304400
2011-03-15,281.04998779296875,281.04998779296875,271.70001220703125,273.1000061035156,273.1000061035156,374200
2011-03-16,274.25,281.3500061035156,274.25,279.54998779296875,279.54998779296875,412400
2011-03-17,278.45001220703125,279.70001220703125,275.79998779296875,277.3500061035156,277.3500061035156,325200
2011-03-18,278.5,280.1499938964844,271.8500061035156,272.75,272.75,269900
2011-03-21,273.6000061035156,274.79998779296875,268.29998779296875,270.1000061035156,270.1000061035156,275300
2011-03-22,270.54998779296875,276.79998779296875,270.54998779296875,276.25,276.25,248400
2011-03-23,275.8999938964844,283.04998779296875,275.0,282.45001220703125,282.45001220703125,314200
2011-03-24,283.25,291.25,283.25,290.79998779296875,290.79998779296875,940900
2011-03-25,292.3500061035156,300.25,291.04998779296875,298.95001220703125,298.95001220703125,644300
2011-03-28,298.8999938964844,301.8999938964844,296.29998779296875,296.95001220703125,296.95001220703125,532000
2011-03-29,296.79998779296875,303.54998779296875,293.6000061035156,299.1499938964844,299.1499938964844,846700
2011-03-30,299.8999938964844,311.20001220703125,299.8999938964844,309.75,309.75,692600
2011-03-31,310.1499938964844,316.29998779296875,305.5,313.29998779296875,313.29998779296875,711100
2011-04-01,312.8500061035156,322.3500061035156,312.8500061035156,321.79998779296875,321.79998779296875,503400
2011-04-04,322.25,323.3999938964844,319.25,322.20001220703125,322.20001220703125,531400
2011-04-05,322.3999938964844,325.8999938964844,318.8999938964844,324.79998779296875,324.79998779296875,524300
2011-04-06,324.1499938964844,337.3999938964844,324.1499938964844,335.6499938964844,335.6499938964844,871700
2011-04-07,336.1000061035156,344.04998779296875,335.3999938964844,340.54998779296875,340.54998779296875,935700
2011-04-08,340.70001220703125,341.6499938964844,326.8999938964844,329.29998779296875,329.29998779296875,501500
2011-04-11,328.79998779296875,328.79998779296875,319.75,321.0,321.0,494400
2011-04-13,319.6000061035156,327.3999938964844,317.29998779296875,326.5,326.5,571400
2011-04-15,326.75,328.20001220703125,319.29998779296875,322.6000061035156,322.6000061035156,469600
2011-04-18,323.1000061035156,326.29998779296875,310.6000061035156,311.54998779296875,311.54998779296875,427500
2011-04-19,311.54998779296875,313.20001220703125,305.6000061035156,312.6499938964844,312.6499938964844,466500
2011-04-20,313.29998779296875,321.04998779296875,309.3999938964844,315.04998779296875,315.04998779296875,917600
2011-04-21,316.0,321.5,315.1499938964844,318.6000061035156,318.6000061035156,412900
2011-04-25,318.5,318.95001220703125,313.45001220703125,314.0,314.0,248500
2011-04-26,314.25,315.6000061035156,311.75,313.1499938964844,313.1499938964844,413300
2011-04-27,314.20001220703125,315.75,307.8999938964844,308.79998779296875,308.79998779296875,279000
2011-04-28,309.54998779296875,309.54998779296875,297.04998779296875,297.79998779296875,297.79998779296875,818800
2011-04-29,298.1499938964844,300.75,286.6000061035156,289.29998779296875,289.29998779296875,476100
2011-05-02,290.3999938964844,294.79998779296875,286.3999938964844,292.20001220703125,292.20001220703125,462000
2011-05-03,291.6499938964844,293.0,282.1499938964844,282.8999938964844,282.8999938964844,450900
2011-05-04,282.6000061035156,285.29998779296875,278.1000061035156,281.1000061035156,281.1000061035156,399000
2011-05-05,281.8500061035156,283.3500061035156,271.5,272.25,272.25,409900
2011-05-06,273.54998779296875,277.3500061035156,271.70001220703125,276.29998779296875,276.29998779296875,349200
2011-05-09,277.5,279.95001220703125,274.0,275.6499938964844,275.6499938964844,282400
2011-05-10,275.75,281.1000061035156,274.45001220703125,279.54998779296875,279.54998779296875,308200
2011-05-11,280.1499938964844,284.75,279.6000061035156,283.5,283.5,271300
2011-05-12,282.70001220703125,286.45001220703125,281.04998779296875,282.8500061035156,282.8500061035156,261300
2011-05-13,282.5,291.70001220703125,282.45001220703125,289.20001220703125,289.20001220703125,260900
2011-05-16,288.3999938964844,288.3999938964844,283.5,284.25,284.25,198900
2011-05-17,284.3500061035156,285.3500061035156,280.0,283.75,283.75,192800
2011-05-18,283.8999938964844,284.1499938964844,278.29998779296875,280.6000061035156,280.6000061035156,189900
2011-05-19,280.04998779296875,281.3500061035156,270.54998779296875,271.95001220703125,271.95001220703125,235400
2011-05-20,272.29998779296875,277.1499938964844,270.3999938964844,275.6499938964844,275.6499938964844,354500
2011-05-23,274.1000061035156,274.8500061035156,266.20001220703125,267.8500061035156,267.8500061035156,319700
2011-05-24,268.25,270.0,261.6499938964844,266.54998779296875,266.54998779296875,558600
2011-05-25,262.45001220703125,265.25,259.20001220703125,263.70001220703125,263.70001220703125,390100
2011-05-26,264.20001220703125,267.29998779296875,260.6000061035156,265.75,265.75,346400
2011-05-27,265.6499938964844,276.20001220703125,265.6499938964844,274.95001220703125,274.95001220703125,345500
2011-05-30,275.3500061035156,282.8999938964844,275.3500061035156,281.5,281.5,354000
2011-05-31,280.8999938964844,289.6499938964844,280.8999938964844,289.25,289.25,309800
2011-06-01,289.75,290.3500061035156,284.6499938964844,288.75,288.75,273300
2011-06-02,286.79998779296875,286.79998779296875,281.70001220703125,284.29998779296875,284.29998779296875,329100
2011-06-03,283.95001220703125,289.75,281.25,282.29998779296875,282.29998779296875,283300
2011-06-06,281.1000061035156,284.0,279.0,283.1499938964844,283.1499938964844,291000
2011-06-07,282.95001220703125,289.70001220703125,281.6000061035156,288.6000061035156,288.6000061035156,339800
2011-06-08,288.1499938964844,290.25,284.70001220703125,287.1000061035156,287.1000061035156,307600
2011-06-09,287.1499938964844,289.29998779296875,285.0,287.45001220703125,287.45001220703125,248200
2011-06-10,287.70001220703125,289.45001220703125,283.75,284.70001220703125,284.70001220703125,217400
2011-06-13,284.5,285.5,280.6000061035156,283.70001220703125,283.70001220703125,164900
2011-06-14,284.54998779296875,288.25,284.1499938964844,285.75,285.75,213600
2011-06-15,286.0,286.0,281.1499938964844,282.54998779296875,282.54998779296875,328300
2011-06-16,281.1000061035156,284.79998779296875,277.5,281.6000061035156,281.6000061035156,276900
2011-06-17,282.0,283.70001220703125,279.29998779296875,281.04998779296875,281.04998779296875,166000
2011-06-20,281.70001220703125,282.45001220703125,269.29998779296875,270.04998779296875,270.04998779296875,266300
2011-06-21,270.95001220703125,272.6000061035156,261.79998779296875,262.45001220703125,262.45001220703125,293900
2011-06-22,263.3500061035156,265.6499938964844,256.8500061035156,257.3500061035156,257.3500061035156,376200
2011-06-23,256.6499938964844,258.25,251.85000610351562,256.04998779296875,256.04998779296875,521100
2011-06-24,256.95001220703125,266.3999938964844,256.1000061035156,265.79998779296875,265.79998779296875,479800
2011-06-27,265.1499938964844,269.1000061035156,261.95001220703125,263.1499938964844,263.1499938964844,302700
2011-06-28,263.95001220703125,264.79998779296875,260.25,263.3999938964844,263.3999938964844,324600
2011-06-29,264.0,266.5,262.1499938964844,264.6000061035156,264.6000061035156,341100
2011-06-30,265.75,268.1499938964844,265.0,267.6499938964844,267.6499938964844,388000
2011-07-01,268.70001220703125,275.6499938964844,268.70001220703125,275.20001220703125,275.20001220703125,433500
2011-07-04,277.0,287.3500061035156,277.0,286.3500061035156,286.3500061035156,401400
2011-07-05,285.75,285.75,281.1000061035156,283.1499938964844,283.1499938964844,199900
2011-07-06,282.70001220703125,287.0,282.1499938964844,284.79998779296875,284.79998779296875,368600
2011-07-07,285.29998779296875,291.3999938964844,284.5,290.79998779296875,290.79998779296875,280500
2011-07-08,291.75,302.20001220703125,290.45001220703125,297.75,297.75,746000
2011-07-11,297.20001220703125,297.3999938964844,287.8999938964844,288.75,288.75,385900
2011-07-12,287.54998779296875,287.54998779296875,277.8999938964844,280.25,280.25,386700
2011-07-13,280.79998779296875,285.54998779296875,280.79998779296875,283.3999938964844,283.3999938964844,465500
2011-07-14,282.70001220703125,293.54998779296875,281.6499938964844,290.25,290.25,537100
2011-07-15,291.20001220703125,295.95001220703125,285.95001220703125,288.29998779296875,288.29998779296875,394300
2011-07-18,288.29998779296875,293.1000061035156,288.1000061035156,291.1499938964844,291.1499938964844,276200
2011-07-19,291.1000061035156,295.6000061035156,287.0,294.79998779296875,294.79998779296875,460100
2011-07-20,295.3500061035156,299.0,294.6499938964844,296.0,296.0,495600
2011-07-21,296.1000061035156,296.79998779296875,290.6499938964844,291.8999938964844,291.8999938964844,233700
2011-07-22,292.6499938964844,295.79998779296875,291.3999938964844,294.3500061035156,294.3500061035156,198100
2011-07-25,293.70001220703125,298.20001220703125,291.6000061035156,296.54998779296875,296.54998779296875,282500
2011-07-26,297.0,299.04998779296875,285.0,285.8500061035156,285.8500061035156,376500
2011-07-27,285.5,286.75,281.3500061035156,284.3999938964844,284.3999938964844,300800
2011-07-28,283.25,283.70001220703125,277.20001220703125,279.6000061035156,279.6000061035156,264900
2011-07-29,278.70001220703125,280.8500061035156,271.25,273.04998779296875,273.04998779296875,487900
2011-08-01,274.1000061035156,279.54998779296875,272.79998779296875,274.25,274.25,299600
2011-08-02,273.45001220703125,273.45001220703125,267.3999938964844,269.5,269.5,315800
2011-08-03,265.6000061035156,267.1499938964844,259.5,266.04998779296875,266.04998779296875,314100
2011-08-04,266.95001220703125,269.8999938964844,259.6499938964844,260.25,260.25,382500
2011-08-05,256.95001220703125,256.95001220703125,243.14999389648438,251.1999969482422,251.1999969482422,451200
2011-08-08,248.5,248.5,237.5,239.1999969482422,239.1999969482422,489600
2011-08-09,235.10000610351562,244.5500030517578,229.0500030517578,238.35000610351562,238.35000610351562,620700
2011-08-10,240.60000610351562,248.4499969482422,240.60000610351562,247.1999969482422,247.1999969482422,434300
2011-08-11,246.0500030517578,246.64999389648438,242.10000610351562,244.39999389648438,244.39999389648438,307900
2011-08-12,245.6999969482422,247.89999389648438,240.3000030517578,241.25,241.25,306100
2011-08-16,242.8000030517578,244.6999969482422,227.10000610351562,228.64999389648438,228.64999389648438,492300
2011-08-17,226.85000610351562,226.85000610351562,216.89999389648438,221.25,221.25,504500
2011-08-18,221.25,225.9499969482422,219.9499969482422,221.0,221.0,441200
2011-08-19,219.60000610351562,223.0500030517578,215.5500030517578,222.39999389648438,222.39999389648438,425600
2011-08-22,223.14999389648438,225.1999969482422,219.14999389648438,223.39999389648438,223.39999389648438,424700
2011-08-23,224.3000030517578,227.0,222.5,224.25,224.25,348500
2011-08-24,224.60000610351562,226.8000030517578,220.35000610351562,221.4499969482422,221.4499969482422,287800
2011-08-25,222.0,224.89999389648438,219.75,223.35000610351562,223.35000610351562,362400
2011-08-26,222.85000610351562,223.9499969482422,212.0500030517578,213.0500030517578,213.0500030517578,307000
2011-08-29,214.64999389648438,225.25,214.64999389648438,222.4499969482422,222.4499969482422,595700
2011-08-30,224.3000030517578,232.5500030517578,224.3000030517578,231.39999389648438,231.39999389648438,486600
2011-09-02,230.25,237.9499969482422,228.0500030517578,236.9499969482422,236.9499969482422,650600
2011-09-05,234.35000610351562,239.10000610351562,231.5,238.25,238.25,575700
2011-09-06,237.35000610351562,237.60000610351562,228.0500030517578,232.64999389648438,232.64999389648438,657900
2011-09-07,233.4499969482422,242.14999389648438,233.4499969482422,241.25,241.25,661400
2011-09-08,241.89999389648438,244.1999969482422,240.39999389648438,242.5,242.5,499200
2011-09-09,242.60000610351562,243.10000610351562,236.25,236.8000030517578,236.8000030517578,347300
2011-09-12,235.14999389648438,235.14999389648438,229.0500030517578,229.39999389648438,229.39999389648438,297400
2011-09-13,230.25,235.9499969482422,228.8000030517578,230.60000610351562,230.60000610351562,355800
2011-09-14,231.1999969482422,232.5,227.60000610351562,231.3000030517578,231.3000030517578,316200
2011-09-15,231.35000610351562,240.6999969482422,231.35000610351562,239.6999969482422,239.6999969482422,462900
2011-09-16,241.0500030517578,243.8000030517578,238.25,242.35000610351562,242.35000610351562,575300
2011-09-19,241.35000610351562,243.64999389648438,237.1999969482422,241.5,241.5,422300
2011-09-20,241.4499969482422,246.25,240.60000610351562,245.39999389648438,245.39999389648438,353400
2011-09-21,245.35000610351562,248.9499969482422,244.75,248.14999389648438,248.14999389648438,441900
2011-09-22,245.39999389648438,245.39999389648438,232.14999389648438,233.14999389648438,233.14999389648438,427100
2011-09-23,231.25,234.1999969482422,225.9499969482422,231.1999969482422,231.1999969482422,372400
2011-09-26,231.1999969482422,231.9499969482422,224.10000610351562,229.8000030517578,229.8000030517578,345100
2011-09-27,231.89999389648438,242.25,231.89999389648438,241.64999389648438,241.64999389648438,317500
2011-09-28,241.5500030517578,245.14999389648438,237.75,242.85000610351562,242.85000610351562,427200
2011-09-29,240.8000030517578,243.89999389648438,238.39999389648438,242.85000610351562,242.85000610351562,372900
2011-09-30,241.25,243.8000030517578,236.85000610351562,237.60000610351562,237.60000610351562,356200
2011-10-03,235.35000610351562,235.35000610351562,223.75,224.8000030517578,224.8000030517578,327300
2011-10-04,223.10000610351562,228.0500030517578,220.35000610351562,222.85000610351562,222.85000610351562,385700
2011-10-05,223.9499969482422,229.85000610351562,223.9499969482422,225.64999389648438,225.64999389648438,290300
2011-10-07,229.60000610351562,236.0500030517578,229.60000610351562,234.60000610351562,234.60000610351562,255900
2011-10-10,233.14999389648438,243.3000030517578,232.5500030517578,242.89999389648438,242.89999389648438,297100
2011-10-11,243.4499969482422,248.5500030517578,240.8000030517578,242.5500030517578,242.5500030517578,333000
2011-10-12,242.4499969482422,250.35000610351562,241.64999389648438,249.64999389648438,249.64999389648438,408000
2011-10-13,250.0,254.0500030517578,248.8000030517578,250.39999389648438,250.39999389648438,435500
2011-10-14,249.0,249.0,244.6999969482422,247.10000610351562,247.10000610351562,300600
2011-10-17,247.25,251.9499969482422,247.14999389648438,248.60000610351562,248.60000610351562,231000
2011-10-18,246.1999969482422,246.1999969482422,240.60000610351562,242.5500030517578,242.5500030517578,212100
2011-10-19,244.10000610351562,251.5500030517578,244.10000610351562,250.89999389648438,250.89999389648438,232000
2011-10-20,249.10000610351562,249.10000610351562,243.10000610351562,244.75,244.75,270400
2011-10-21,242.25,245.0500030517578,239.25,240.14999389648438,240.14999389648438,253200
2011-10-24,241.85000610351562,246.4499969482422,241.4499969482422,242.89999389648438,242.89999389648438,261800
2011-10-25,243.5,247.35000610351562,240.14999389648438,246.3000030517578,246.3000030517578,374300
2011-10-28,250.1999969482422,263.1000061035156,250.1999969482422,262.20001220703125,262.20001220703125,359700
2011-10-31,261.3999938964844,263.8500061035156,258.95001220703125,261.45001220703125,261.45001220703125,394800
2011-11-01,260.0,263.54998779296875,254.1999969482422,256.04998779296875,256.04998779296875,474500
2011-11-02,254.0500030517578,257.8500061035156,252.5500030517578,255.1999969482422,255.1999969482422,334600
2011-11-03,254.5500030517578,261.6499938964844,253.14999389648438,260.1000061035156,260.1000061035156,499300
2011-11-04,261.29998779296875,266.5,261.29998779296875,262.5,262.5,435700
2011-11-08,262.25,263.95001220703125,255.89999389648438,258.70001220703125,258.70001220703125,318600
2011-11-09,258.79998779296875,260.5,249.14999389648438,250.75,250.75,365900
2011-11-11,248.9499969482422,248.9499969482422,242.35000610351562,244.3000030517578,244.3000030517578,360700
2011-11-14,246.5,249.3000030517578,236.5,237.35000610351562,237.35000610351562,344300
2011-11-15,237.35000610351562,237.35000610351562,222.8000030517578,223.5,223.5,440200
2011-11-16,223.35000610351562,227.0500030517578,219.64999389648438,224.35000610351562,224.35000610351562,535800
2011-11-17,225.3000030517578,227.64999389648438,217.9499969482422,218.5500030517578,218.5500030517578,419800
2011-11-18,218.35000610351562,218.35000610351562,210.35000610351562,214.75,214.75,461300
2011-11-21,214.0,215.10000610351562,206.1999969482422,207.39999389648438,207.39999389648438,304800
2011-11-22,208.10000610351562,210.5,206.10000610351562,208.0,208.0,379200
2011-11-23,206.89999389648438,209.1999969482422,203.8000030517578,204.35000610351562,204.35000610351562,681400
2011-11-24,205.14999389648438,208.64999389648438,199.64999389648438,207.85000610351562,207.85000610351562,587600
2011-11-25,207.10000610351562,215.60000610351562,204.6999969482422,209.64999389648438,209.64999389648438,452300
2011-11-28,211.4499969482422,217.6999969482422,211.4499969482422,216.64999389648438,216.64999389648438,377700
2011-11-29,216.8000030517578,218.3000030517578,210.4499969482422,211.5,211.5,516200
2011-11-30,210.8000030517578,212.0,206.4499969482422,210.10000610351562,210.10000610351562,783000
2011-12-01,213.0500030517578,219.35000610351562,213.0500030517578,218.0500030517578,218.0500030517578,430000
2011-12-02,216.6999969482422,223.1999969482422,215.89999389648438,222.5,222.5,505700
2011-12-05,222.75,224.89999389648438,219.85000610351562,221.6999969482422,221.6999969482422,532600
2011-12-07,222.39999389648438,224.64999389648438,221.4499969482422,223.10000610351562,223.10000610351562,286000
2011-12-08,222.5500030517578,222.85000610351562,213.5500030517578,214.14999389648438,214.14999389648438,394800
2011-12-09,211.85000610351562,213.0,208.14999389648438,211.0500030517578,211.0500030517578,430800
2011-12-12,212.4499969482422,213.8000030517578,204.25,205.0500030517578,205.0500030517578,300200
2011-12-13,203.75,208.25,202.6999969482422,206.39999389648438,206.39999389648438,289000
2011-12-14,206.75,208.1999969482422,201.0,201.6999969482422,201.6999969482422,278000
2011-12-15,200.9499969482422,201.89999389648438,196.89999389648438,201.1999969482422,201.1999969482422,285000
2011-12-16,201.8000030517578,204.75,192.8000030517578,194.25,194.25,356200
2011-12-19,193.6999969482422,193.6999969482422,185.6999969482422,188.75,188.75,307700
2011-12-20,189.14999389648438,190.1999969482422,182.0500030517578,183.0,183.0,367400
2011-12-21,185.89999389648438,187.75,181.75,185.3000030517578,185.3000030517578,310700
2011-12-22,184.85000610351562,192.25,182.6999969482422,191.4499969482422,191.4499969482422,339800
2011-12-23,192.0500030517578,195.5,189.6999969482422,191.6999969482422,191.6999969482422,321000
2011-12-26,191.75,195.35000610351562,191.75,194.75,194.75,178800
2011-12-27,194.25,196.0,190.35000610351562,191.1999969482422,191.1999969482422,268600
2011-12-28,190.89999389648438,190.9499969482422,186.75,189.60000610351562,189.60000610351562,269700
2011-12-29,189.8000030517578,190.0,185.35000610351562,185.9499969482422,185.9499969482422,290400
2011-12-30,186.3000030517578,188.5,183.0,184.1999969482422,184.1999969482422,271200
2012-01-02,184.89999389648438,184.9499969482422,179.85000610351562,183.10000610351562,183.10000610351562,244500
2012-01-03,184.5500030517578,191.85000610351562,184.5500030517578,191.4499969482422,191.4499969482422,327100
2012-01-04,191.4499969482422,192.4499969482422,188.89999389648438,190.8000030517578,190.8000030517578,314900
2012-01-05,190.3000030517578,191.4499969482422,186.14999389648438,187.25,187.25,306100
2012-01-06,186.39999389648438,187.89999389648438,184.3000030517578,185.85000610351562,185.85000610351562,319400
2012-01-09,187.0500030517578,190.9499969482422,184.64999389648438,190.25,190.25,349900
2012-01-10,190.6999969482422,200.5,190.6999969482422,199.75,199.75,694900
2012-01-11,200.35000610351562,210.60000610351562,199.60000610351562,208.9499969482422,208.9499969482422,856900
2012-01-12,208.75,213.60000610351562,207.4499969482422,209.35000610351562,209.35000610351562,507900
2012-01-13,210.10000610351562,217.1999969482422,210.10000610351562,213.75,213.75,518000
2012-01-16,212.60000610351562,213.5500030517578,209.35000610351562,212.60000610351562,212.60000610351562,289000
2012-01-17,213.0500030517578,222.8000030517578,213.0500030517578,220.35000610351562,220.35000610351562,482000
2012-01-18,220.64999389648438,223.60000610351562,219.0500030517578,222.0500030517578,222.0500030517578,540200
2012-01-19,223.14999389648438,230.9499969482422,223.14999389648438,229.89999389648438,229.89999389648438,531900
2012-01-20,231.3000030517578,234.39999389648438,229.5500030517578,231.6999969482422,231.6999969482422,500900
2012-01-23,231.75,234.64999389648438,229.9499969482422,233.64999389648438,233.64999389648438,322400
2012-01-24,234.14999389648438,240.6999969482422,230.14999389648438,236.5,236.5,552900
2012-01-25,236.64999389648438,238.89999389648438,235.60000610351562,236.0,236.0,542000
2012-01-27,236.64999389648438,239.9499969482422,229.89999389648438,230.25,230.25,449200
2012-01-30,229.8000030517578,230.89999389648438,221.85000610351562,223.0500030517578,223.0500030517578,339400
2012-01-31,223.9499969482422,232.1999969482422,223.9499969482422,231.4499969482422,231.4499969482422,516800
2012-02-01,231.5,235.14999389648438,227.10000610351562,233.64999389648438,233.64999389648438,454400
2012-02-02,234.9499969482422,238.35000610351562,227.4499969482422,235.85000610351562,235.85000610351562,1137500
2012-02-03,236.14999389648438,241.4499969482422,233.85000610351562,240.4499969482422,240.4499969482422,609600
2012-02-06,241.64999389648438,252.35000610351562,241.64999389648438,250.4499969482422,250.4499969482422,1070300
2012-02-07,251.5500030517578,252.14999389648438,243.75,244.5,244.5,637600
2012-02-08,244.89999389648438,254.0,244.89999389648438,251.75,251.75,600900
2012-02-09,250.4499969482422,258.6000061035156,250.3000030517578,256.6499938964844,256.6499938964844,828500
2012-02-10,257.3500061035156,257.3999938964844,250.35000610351562,254.35000610351562,254.35000610351562,494900
2012-02-13,252.39999389648438,255.64999389648438,248.1999969482422,254.5,254.5,422600
2012-02-14,254.35000610351562,260.8999938964844,253.64999389648438,260.3999938964844,260.3999938964844,580000
2012-02-15,261.8500061035156,273.54998779296875,261.8500061035156,272.70001220703125,272.70001220703125,726400
2012-02-16,271.75,279.3500061035156,269.04998779296875,277.75,277.75,715900
2012-02-17,279.79998779296875,286.0,278.75,280.75,280.75,583300
2012-02-21,280.29998779296875,294.79998779296875,279.95001220703125,293.8500061035156,293.8500061035156,722100
2012-02-22,294.3500061035156,299.6499938964844,270.70001220703125,273.29998779296875,273.29998779296875,1047200
2012-02-23,273.8500061035156,275.3500061035156,261.1000061035156,266.6499938964844,266.6499938964844,914500
2012-02-24,267.45001220703125,271.79998779296875,257.54998779296875,259.75,259.75,635400
2012-02-27,259.8999938964844,259.8999938964844,244.35000610351562,245.5,245.5,549900
2012-02-28,246.39999389648438,261.5,246.39999389648438,260.70001220703125,260.70001220703125,646800
2012-02-29,262.3500061035156,269.79998779296875,259.75,263.79998779296875,263.79998779296875,630600
2012-03-01,262.54998779296875,262.54998779296875,245.4499969482422,254.35000610351562,254.35000610351562,734700
2012-03-02,252.60000610351562,253.5,246.60000610351562,248.5500030517578,248.5500030517578,705500
2012-03-05,247.5500030517578,247.5500030517578,238.35000610351562,239.0500030517578,239.0500030517578,478200
2012-03-06,238.39999389648438,249.5500030517578,234.0,236.60000610351562,236.60000610351562,796400
2012-03-07,236.3000030517578,240.75,232.89999389648438,239.25,239.25,710500
2012-03-09,241.5500030517578,247.39999389648438,241.5500030517578,246.4499969482422,246.4499969482422,430100
2012-03-12,247.75,253.14999389648438,245.75,249.1999969482422,249.1999969482422,510300
2012-03-13,250.35000610351562,255.85000610351562,250.35000610351562,254.89999389648438,254.89999389648438,423900
2012-03-14,256.70001220703125,258.95001220703125,251.1999969482422,252.5500030517578,252.5500030517578,485200
2012-03-15,252.0500030517578,252.0500030517578,243.89999389648438,245.25,245.25,501000
2012-03-16,246.25,250.75,240.9499969482422,242.0,242.0,555900
2012-03-19,241.89999389648438,244.0,233.85000610351562,235.64999389648438,235.64999389648438,562800
2012-03-20,235.75,240.35000610351562,235.14999389648438,239.10000610351562,239.10000610351562,503600
2012-03-21,238.85000610351562,249.0,237.10000610351562,247.8000030517578,247.8000030517578,530800
2012-03-22,247.10000610351562,250.4499969482422,236.14999389648438,237.0500030517578,237.0500030517578,581300
2012-03-23,238.0,242.6999969482422,236.60000610351562,240.75,240.75,473500
2012-03-26,240.60000610351562,240.60000610351562,231.5,232.10000610351562,232.10000610351562,507200
2012-03-27,234.10000610351562,237.9499969482422,233.1999969482422,235.75,235.75,610500
2012-03-28,234.75,234.75,230.4499969482422,231.64999389648438,231.64999389648438,442600
2012-03-29,229.75,233.10000610351562,227.1999969482422,232.10000610351562,232.10000610351562,511200
2012-03-30,232.85000610351562,239.5500030517578,232.85000610351562,239.0500030517578,239.0500030517578,374700
2012-04-02,238.9499969482422,244.64999389648438,238.9499969482422,243.10000610351562,243.10000610351562,360900
2012-04-03,243.5500030517578,247.25,243.5500030517578,245.1999969482422,245.1999969482422,310200
2012-04-04,244.8000030517578,244.8000030517578,238.4499969482422,241.5500030517578,241.5500030517578,329400
2012-04-09,240.4499969482422,242.1999969482422,237.64999389648438,239.8000030517578,239.8000030517578,295700
2012-04-10,240.25,242.35000610351562,238.3000030517578,240.10000610351562,240.10000610351562,311800
2012-04-11,238.89999389648438,242.0,236.9499969482422,238.0500030517578,238.0500030517578,329400
2012-04-12,238.3000030517578,241.85000610351562,236.3000030517578,238.64999389648438,238.64999389648438,579400
2012-04-13,239.1999969482422,242.75,234.85000610351562,235.8000030517578,235.8000030517578,413600
2012-04-16,235.0500030517578,239.64999389648438,235.0500030517578,238.4499969482422,238.4499969482422,335600
2012-04-17,238.64999389648438,244.8000030517578,237.9499969482422,244.3000030517578,244.3000030517578,650400
2012-04-18,244.89999389648438,248.89999389648438,240.5500030517578,241.6999969482422,241.6999969482422,424600
2012-04-19,241.4499969482422,242.4499969482422,238.8000030517578,240.35000610351562,240.35000610351562,306500
2012-04-20,239.64999389648438,242.0,234.85000610351562,236.5,236.5,360500
2012-04-23,235.60000610351562,236.8000030517578,228.35000610351562,228.85000610351562,228.85000610351562,344800
2012-04-24,228.5,230.64999389648438,226.9499969482422,229.35000610351562,229.35000610351562,285800
2012-04-25,228.5,229.8000030517578,224.1999969482422,226.39999389648438,226.39999389648438,297200
2012-04-26,227.1999969482422,227.3000030517578,223.75,224.39999389648438,224.39999389648438,346000
2012-04-27,224.4499969482422,226.4499969482422,217.3000030517578,221.8000030517578,221.8000030517578,442900
2012-04-30,223.8000030517578,229.39999389648438,223.8000030517578,226.6999969482422,226.6999969482422,384200
2012-05-02,226.85000610351562,229.25,224.8000030517578,226.1999969482422,226.1999969482422,418100
2012-05-03,225.39999389648438,225.39999389648438,221.0500030517578,222.4499969482422,222.4499969482422,280000
2012-05-04,221.60000610351562,221.60000610351562,214.5500030517578,216.8000030517578,216.8000030517578,374800
2012-05-07,215.39999389648438,218.89999389648438,208.10000610351562,217.5500030517578,217.5500030517578,792100
2012-05-08,218.0500030517578,221.85000610351562,212.1999969482422,213.9499969482422,213.9499969482422,500600
2012-05-09,213.1999969482422,213.1999969482422,206.9499969482422,207.8000030517578,207.8000030517578,442500
2012-05-10,208.60000610351562,211.0,205.8000030517578,207.10000610351562,207.10000610351562,529100
2012-05-11,206.85000610351562,208.9499969482422,202.85000610351562,206.5500030517578,206.5500030517578,536400
2012-05-14,207.14999389648438,208.3000030517578,201.0,202.89999389648438,202.89999389648438,371500
2012-05-15,202.25,206.4499969482422,200.1999969482422,204.85000610351562,204.85000610351562,523900
2012-05-16,203.60000610351562,206.10000610351562,199.3000030517578,203.5500030517578,203.5500030517578,651800
2012-05-17,203.85000610351562,208.0,203.5,205.3000030517578,205.3000030517578,539800
2012-05-18,204.1999969482422,206.35000610351562,201.35000610351562,205.39999389648438,205.39999389648438,395100
2012-05-21,206.3000030517578,210.8000030517578,206.3000030517578,209.75,209.75,316300
2012-05-22,210.85000610351562,213.9499969482422,206.10000610351562,207.0500030517578,207.0500030517578,289000
2012-05-23,206.60000610351562,207.4499969482422,203.89999389648438,204.85000610351562,204.85000610351562,298900
2012-05-24,205.3000030517578,207.0,201.64999389648438,206.4499969482422,206.4499969482422,348500
2012-05-25,206.1999969482422,209.3000030517578,204.89999389648438,208.14999389648438,208.14999389648438,259800
2012-05-28,208.39999389648438,211.3000030517578,207.25,210.60000610351562,210.60000610351562,262800
2012-05-29,210.8000030517578,213.9499969482422,210.0,212.10000610351562,212.10000610351562,391900
2012-05-30,211.60000610351562,211.60000610351562,205.3000030517578,206.3000030517578,206.3000030517578,366200
2012-05-31,204.4499969482422,209.5500030517578,202.9499969482422,208.0,208.0,553900
2012-06-01,207.75,209.5,204.0,204.64999389648438,204.64999389648438,375300
2012-06-04,203.75,209.1999969482422,196.64999389648438,208.3000030517578,208.3000030517578,400400
2012-06-05,208.6999969482422,209.64999389648438,205.25,205.89999389648438,205.89999389648438,337400
2012-06-06,206.60000610351562,212.0,206.60000610351562,211.35000610351562,211.35000610351562,316100
2012-06-07,212.0500030517578,216.64999389648438,211.85000610351562,215.85000610351562,215.85000610351562,374200
2012-06-08,215.60000610351562,219.9499969482422,213.4499969482422,219.5,219.5,628700
2012-06-11,219.89999389648438,225.0,216.3000030517578,217.39999389648438,217.39999389648438,467000
2012-06-12,216.6999969482422,222.14999389648438,215.10000610351562,221.8000030517578,221.8000030517578,451000
2012-06-13,222.1999969482422,223.25,217.8000030517578,218.4499969482422,218.4499969482422,407400
2012-06-14,219.0,219.35000610351562,211.39999389648438,212.10000610351562,212.10000610351562,412100
2012-06-15,212.85000610351562,216.5,212.85000610351562,216.14999389648438,216.14999389648438,377300
2012-06-18,216.64999389648438,220.3000030517578,208.75,210.0,210.0,551000
2012-06-19,209.8000030517578,210.8000030517578,206.39999389648438,210.35000610351562,210.35000610351562,436300
2012-06-20,210.0,211.35000610351562,208.8000030517578,210.10000610351562,210.10000610351562,282900
2012-06-21,209.64999389648438,217.3000030517578,208.8000030517578,216.8000030517578,216.8000030517578,548100
2012-06-22,215.39999389648438,218.39999389648438,213.4499969482422,217.5500030517578,217.5500030517578,680200
2012-06-25,218.4499969482422,221.8000030517578,215.5500030517578,216.10000610351562,216.10000610351562,609700
2012-06-26,216.5500030517578,217.9499969482422,215.35000610351562,217.0,217.0,333000
2012-06-27,217.4499969482422,219.5,217.0,217.6999969482422,217.6999969482422,297400
2012-06-28,218.35000610351562,219.64999389648438,216.35000610351562,217.75,217.75,313500
2012-06-29,218.64999389648438,223.85000610351562,218.64999389648438,222.9499969482422,222.9499969482422,373000
2012-07-02,223.5,229.8000030517578,222.75,228.0,228.0,513200
2012-07-03,228.75,233.0,228.75,232.5500030517578,232.5500030517578,553700
2012-07-04,232.85000610351562,237.6999969482422,232.85000610351562,236.89999389648438,236.89999389648438,572200
2012-07-05,236.8000030517578,237.85000610351562,235.25,236.14999389648438,236.14999389648438,401400
2012-07-06,235.5,235.8000030517578,231.5,233.0500030517578,233.0500030517578,360200
2012-07-09,232.8000030517578,232.8000030517578,227.6999969482422,230.39999389648438,230.39999389648438,374000
2012-07-10,230.9499969482422,234.8000030517578,230.9499969482422,234.14999389648438,234.14999389648438,362500
2012-07-11,233.6999969482422,233.75,230.9499969482422,231.8000030517578,231.8000030517578,378300
2012-07-12,231.25,235.10000610351562,226.9499969482422,234.0500030517578,234.0500030517578,582300
2012-07-13,234.4499969482422,235.8000030517578,229.89999389648438,230.89999389648438,230.89999389648438,456900
2012-07-16,231.5,232.39999389648438,226.1999969482422,227.10000610351562,227.10000610351562,374100
2012-07-17,227.4499969482422,230.0,223.25,223.9499969482422,223.9499969482422,329000
2012-07-18,223.85000610351562,226.8000030517578,221.10000610351562,225.8000030517578,225.8000030517578,329500
2012-07-19,226.64999389648438,229.60000610351562,226.64999389648438,227.14999389648438,227.14999389648438,304600
2012-07-20,226.89999389648438,226.89999389648438,223.8000030517578,224.85000610351562,224.85000610351562,281300
2012-07-23,223.8000030517578,223.8000030517578,217.6999969482422,218.4499969482422,218.4499969482422,304400
2012-07-24,218.5,219.39999389648438,216.0500030517578,217.89999389648438,217.89999389648438,436400
2012-07-25,217.60000610351562,218.89999389648438,214.39999389648438,217.8000030517578,217.8000030517578,381700
2012-07-26,218.0500030517578,218.1999969482422,208.8000030517578,210.10000610351562,210.10000610351562,487900
2012-07-27,210.9499969482422,214.89999389648438,206.89999389648438,208.25,208.25,406000
2012-07-30,208.85000610351562,216.5500030517578,208.85000610351562,215.85000610351562,215.85000610351562,341600
2012-07-31,216.0500030517578,218.85000610351562,212.1999969482422,218.3000030517578,218.3000030517578,451600
2012-08-01,218.3000030517578,221.3000030517578,217.14999389648438,220.14999389648438,220.14999389648438,343500
2012-08-02,219.64999389648438,221.35000610351562,218.75,219.39999389648438,219.39999389648438,291400
2012-08-03,218.85000610351562,218.85000610351562,214.5,217.9499969482422,217.9499969482422,312600
2012-08-06,218.60000610351562,222.75,218.60000610351562,220.8000030517578,220.8000030517578,311800
2012-08-07,221.10000610351562,225.25,220.9499969482422,224.10000610351562,224.10000610351562,331400
2012-08-08,225.0,225.10000610351562,218.3000030517578,219.10000610351562,219.10000610351562,374600
2012-08-09,219.75,221.5,217.0,218.39999389648438,218.39999389648438,254200
2012-08-10,218.10000610351562,218.8000030517578,215.8000030517578,217.14999389648438,217.14999389648438,210700
2012-08-13,217.35000610351562,223.4499969482422,217.0,223.10000610351562,223.10000610351562,276000
2012-08-14,223.1999969482422,223.35000610351562,219.25,221.3000030517578,221.3000030517578,327800
2012-08-16,221.60000610351562,222.8000030517578,220.3000030517578,220.8000030517578,220.8000030517578,250200
2012-08-17,220.4499969482422,221.5500030517578,215.35000610351562,216.35000610351562,216.35000610351562,309300
2012-08-21,216.75,220.0500030517578,216.75,219.75,219.75,251900
2012-08-22,219.10000610351562,219.64999389648438,216.60000610351562,217.35000610351562,217.35000610351562,250800
2012-08-23,217.64999389648438,218.5,215.3000030517578,216.85000610351562,216.85000610351562,239900
2012-08-24,216.3000030517578,216.3000030517578,211.10000610351562,211.60000610351562,211.60000610351562,200800
2012-08-27,211.35000610351562,212.25,205.6999969482422,206.3000030517578,206.3000030517578,232500
2012-08-28,206.35000610351562,207.10000610351562,203.1999969482422,205.60000610351562,205.60000610351562,335900
2012-08-29,206.35000610351562,206.75,197.89999389648438,198.60000610351562,198.60000610351562,287100
2012-08-30,198.25,202.14999389648438,196.64999389648438,201.75,201.75,353900
2012-08-31,200.5500030517578,202.9499969482422,197.75,199.0,199.0,331600
2012-09-03,199.35000610351562,202.10000610351562,197.5500030517578,198.1999969482422,198.1999969482422,246800
2012-09-04,197.85000610351562,202.0,197.85000610351562,201.5500030517578,201.5500030517578,302900
2012-09-05,200.64999389648438,201.89999389648438,198.1999969482422,199.14999389648438,199.14999389648438,312300
2012-09-06,198.6999969482422,200.89999389648438,197.75,198.3000030517578,198.3000030517578,255600
2012-09-07,200.25,204.8000030517578,200.25,204.3000030517578,204.3000030517578,313100
2012-09-10,205.0500030517578,205.6999969482422,202.35000610351562,203.39999389648438,203.39999389648438,205800
2012-09-11,202.8000030517578,205.5500030517578,201.6999969482422,205.3000030517578,205.3000030517578,368100
2012-09-12,206.0500030517578,208.1999969482422,204.89999389648438,207.6999969482422,207.6999969482422,286200
2012-09-13,207.85000610351562,211.0500030517578,205.8000030517578,206.60000610351562,206.60000610351562,256400
2012-09-14,207.89999389648438,216.9499969482422,207.89999389648438,216.5,216.5,434400
2012-09-17,217.89999389648438,231.5,217.89999389648438,230.6999969482422,230.6999969482422,839700
2012-09-18,230.0,232.0,229.0500030517578,231.10000610351562,231.10000610351562,574600
2012-09-20,230.3000030517578,233.35000610351562,225.25,230.9499969482422,230.9499969482422,537300
2012-09-21,231.25,239.1999969482422,231.25,236.10000610351562,236.10000610351562,573000
2012-09-24,235.5500030517578,244.25,235.5500030517578,239.5,239.5,503700
2012-09-25,239.9499969482422,247.35000610351562,236.14999389648438,244.60000610351562,244.60000610351562,693300
2012-09-26,244.10000610351562,249.5500030517578,241.39999389648438,244.89999389648438,244.89999389648438,672800
2012-09-27,245.3000030517578,248.0,244.89999389648438,247.10000610351562,247.10000610351562,619800
2012-09-28,247.85000610351562,253.0500030517578,244.6999969482422,245.39999389648438,245.39999389648438,617400
2012-10-01,246.10000610351562,247.1999969482422,242.75,246.0500030517578,246.0500030517578,440700
2012-10-03,246.5,248.14999389648438,244.60000610351562,246.89999389648438,246.89999389648438,453700
2012-10-04,247.5500030517578,260.25,247.5500030517578,259.29998779296875,259.29998779296875,845900
2012-10-05,260.6499938964844,263.5,251.4499969482422,260.6499938964844,260.6499938964844,833300
2012-10-08,258.70001220703125,259.5,249.6999969482422,250.8000030517578,250.8000030517578,610900
2012-10-09,249.6999969482422,253.4499969482422,248.5,252.25,252.25,568900
2012-10-10,250.39999389648438,250.39999389648438,239.35000610351562,240.0500030517578,240.0500030517578,575200
2012-10-11,239.6999969482422,252.39999389648438,239.6999969482422,251.6999969482422,251.6999969482422,1206600
2012-10-12,251.35000610351562,255.1999969482422,248.3000030517578,249.0,249.0,977000
2012-10-15,248.6999969482422,252.14999389648438,247.85000610351562,250.35000610351562,250.35000610351562,705400
2012-10-16,251.0,253.0500030517578,241.4499969482422,242.25,242.25,687000
2012-10-17,241.64999389648438,246.5500030517578,239.25,240.89999389648438,240.89999389648438,792300
2012-10-18,242.0500030517578,248.60000610351562,241.1999969482422,248.10000610351562,248.10000610351562,662200
2012-10-19,247.1999969482422,248.8000030517578,243.5,245.64999389648438,245.64999389648438,504900
2012-10-22,244.8000030517578,247.39999389648438,242.64999389648438,246.64999389648438,246.64999389648438,394400
2012-10-23,246.8000030517578,248.5500030517578,244.60000610351562,245.0500030517578,245.0500030517578,394800
2012-10-25,245.25,246.14999389648438,237.85000610351562,241.10000610351562,241.10000610351562,613300
2012-10-29,237.6999969482422,240.39999389648438,234.9499969482422,236.35000610351562,236.35000610351562,339700
2012-10-30,236.1999969482422,238.75,229.1999969482422,230.9499969482422,230.9499969482422,531300
2012-10-31,230.89999389648438,234.6999969482422,228.3000030517578,234.14999389648438,234.14999389648438,552800
2012-11-01,233.85000610351562,238.5500030517578,232.9499969482422,238.0,238.0,409000
2012-11-02,239.0500030517578,241.9499969482422,238.60000610351562,239.5,239.5,386700
2012-11-05,239.35000610351562,240.1999969482422,237.1999969482422,238.89999389648438,238.89999389648438,247600
2012-11-06,238.60000610351562,244.1999969482422,238.0,243.9499969482422,243.9499969482422,581800
2012-11-07,243.5,252.0500030517578,243.5,251.1999969482422,251.1999969482422,787300
2012-11-08,250.10000610351562,256.6000061035156,246.14999389648438,256.0,256.0,833200
2012-11-09,256.29998779296875,259.25,251.10000610351562,252.14999389648438,252.14999389648438,844100
2012-11-12,252.0500030517578,255.5500030517578,250.3000030517578,254.60000610351562,254.60000610351562,659300
2012-11-15,253.10000610351562,261.0,250.4499969482422,260.0,260.0,822700
2012-11-16,259.54998779296875,262.70001220703125,248.39999389648438,250.4499969482422,250.4499969482422,616000
2012-11-19,250.5,253.5,248.4499969482422,250.39999389648438,250.39999389648438,551600
2012-11-20,250.6999969482422,254.0500030517578,241.64999389648438,242.39999389648438,242.39999389648438,804100
2012-11-21,242.4499969482422,249.64999389648438,241.0,248.64999389648438,248.64999389648438,587700
2012-11-22,249.0,252.4499969482422,246.5,249.3000030517578,249.3000030517578,614000
2012-11-23,249.35000610351562,250.10000610351562,246.0500030517578,247.89999389648438,247.89999389648438,455600
2012-11-26,248.14999389648438,251.0500030517578,246.25,248.75,248.75,498600
2012-11-27,249.3000030517578,259.75,249.3000030517578,257.6000061035156,257.6000061035156,988100
2012-11-29,257.8999938964844,267.75,257.8999938964844,266.8999938964844,266.8999938964844,1230100
2012-11-30,267.5,270.1000061035156,264.95001220703125,266.54998779296875,266.54998779296875,977200
2012-12-03,267.5,271.79998779296875,266.04998779296875,270.3999938964844,270.3999938964844,737400
2012-12-04,270.1000061035156,274.70001220703125,268.8999938964844,272.70001220703125,272.70001220703125,761800
2012-12-05,273.5,282.1000061035156,273.5,279.95001220703125,279.95001220703125,833000
2012-12-06,281.0,285.75,277.1000061035156,285.5,285.5,1008500
2012-12-07,285.8500061035156,287.25,278.75,280.6499938964844,280.6499938964844,759600
2012-12-10,281.3500061035156,285.75,280.29998779296875,283.8500061035156,283.8500061035156,661300
2012-12-11,284.25,286.95001220703125,274.3999938964844,277.8500061035156,277.8500061035156,757800
2012-12-12,278.6000061035156,281.29998779296875,276.0,278.1499938964844,278.1499938964844,749700
2012-12-13,278.5,281.3500061035156,271.6499938964844,272.25,272.25,561100
2012-12-14,272.70001220703125,277.1000061035156,272.54998779296875,274.75,274.75,729300
2012-12-17,275.0,278.5,274.8999938964844,276.3500061035156,276.3500061035156,512200
2012-12-18,276.25,283.5,272.3500061035156,282.95001220703125,282.95001220703125,992300
2012-12-19,283.70001220703125,288.29998779296875,282.8500061035156,284.5,284.5,699300
2012-12-20,284.04998779296875,285.3999938964844,278.8999938964844,283.70001220703125,283.70001220703125,722200
2012-12-21,282.8500061035156,282.8500061035156,272.54998779296875,273.54998779296875,273.54998779296875,631800
2012-12-24,274.1499938964844,276.6499938964844,273.8999938964844,275.45001220703125,275.45001220703125,389900
2012-12-26,275.8500061035156,281.29998779296875,275.8500061035156,279.70001220703125,279.70001220703125,469500
2012-12-27,280.0,282.04998779296875,278.1499938964844,278.6000061035156,278.6000061035156,519000
2012-12-28,279.3500061035156,281.3999938964844,276.95001220703125,278.3500061035156,278.3500061035156,385300
2012-12-31,278.45001220703125,283.04998779296875,278.04998779296875,281.29998779296875,281.29998779296875,421600
2013-01-01,282.54998779296875,289.8999938964844,282.54998779296875,289.45001220703125,289.45001220703125,497300
2013-01-02,290.20001220703125,293.75,288.3999938964844,288.8999938964844,288.8999938964844,579700
2013-01-03,289.54998779296875,293.45001220703125,287.6499938964844,292.70001220703125,292.70001220703125,479000
2013-01-04,291.0,293.95001220703125,288.79998779296875,293.3999938964844,293.3999938964844,572800
2013-01-07,292.8999938964844,295.20001220703125,289.8999938964844,291.5,291.5,522700
2013-01-08,291.20001220703125,296.0,287.6000061035156,295.54998779296875,295.54998779296875,815100
2013-01-09,295.5,300.04998779296875,291.54998779296875,292.6000061035156,292.6000061035156,862000
2013-01-10,293.29998779296875,295.45001220703125,289.3500061035156,293.25,293.25,778600
2013-01-11,293.3999938964844,294.54998779296875,285.8500061035156,287.1000061035156,287.1000061035156,732800
2013-01-14,287.54998779296875,302.70001220703125,285.3500061035156,301.6000061035156,301.6000061035156,845300
2013-01-15,302.45001220703125,307.6000061035156,301.79998779296875,305.1499938964844,305.1499938964844,787700
2013-01-16,304.8999938964844,306.6499938964844,299.45001220703125,300.29998779296875,300.29998779296875,967900
2013-01-17,300.75,308.8500061035156,299.8999938964844,306.45001220703125,306.45001220703125,667800
2013-01-18,306.95001220703125,312.29998779296875,305.75,310.1499938964844,310.1499938964844,625100
2013-01-21,309.1000061035156,311.79998779296875,304.79998779296875,305.3500061035156,305.3500061035156,491500
2013-01-22,305.54998779296875,307.8999938964844,298.0,299.0,299.0,623000
2013-01-23,299.70001220703125,303.04998779296875,285.20001220703125,290.8500061035156,290.8500061035156,1522200
2013-01-24,291.20001220703125,292.04998779296875,274.54998779296875,276.1000061035156,276.1000061035156,2557500
2013-01-25,274.6000061035156,290.20001220703125,271.8500061035156,289.54998779296875,289.54998779296875,1671300
2013-01-28,290.45001220703125,295.79998779296875,290.0,294.20001220703125,294.20001220703125,915700
2013-01-29,294.29998779296875,299.8500061035156,286.1499938964844,287.0,287.0,1413500
2013-01-30,287.6499938964844,293.29998779296875,287.6499938964844,290.70001220703125,290.70001220703125,826300
2013-01-31,290.8500061035156,296.0,290.20001220703125,294.79998779296875,294.79998779296875,831100
2013-02-01,294.6000061035156,295.79998779296875,288.5,291.3500061035156,291.3500061035156,681300
2013-02-04,291.79998779296875,297.70001220703125,288.8500061035156,289.79998779296875,289.79998779296875,559700
2013-02-05,288.8999938964844,290.70001220703125,283.79998779296875,288.6499938964844,288.6499938964844,573100
2013-02-06,289.5,293.8500061035156,287.8500061035156,291.04998779296875,291.04998779296875,543300
2013-02-07,290.29998779296875,292.3999938964844,284.25,286.3999938964844,286.3999938964844,581300
2013-02-08,286.70001220703125,288.75,281.79998779296875,282.95001220703125,282.95001220703125,427700
2013-02-11,283.1000061035156,286.8500061035156,282.3999938964844,284.6499938964844,284.6499938964844,414900
2013-02-12,284.04998779296875,284.04998779296875,263.8500061035156,270.0,270.0,2150300
2013-02-13,270.20001220703125,275.6499938964844,263.1000061035156,264.6000061035156,264.6000061035156,1361200
2013-02-14,265.1000061035156,266.6499938964844,259.70001220703125,262.1499938964844,262.1499938964844,1024900
2013-02-15,258.54998779296875,263.6499938964844,256.04998779296875,262.3999938964844,262.3999938964844,609700
2013-02-18,263.3500061035156,269.5,263.3500061035156,267.70001220703125,267.70001220703125,501300
2013-02-19,268.5,274.04998779296875,267.54998779296875,273.3500061035156,273.3500061035156,556300
2013-02-20,274.1499938964844,279.5,274.1499938964844,275.20001220703125,275.20001220703125,1210600
2013-02-21,273.54998779296875,274.04998779296875,267.0,268.1499938964844,268.1499938964844,731300
2013-02-22,268.1000061035156,274.6000061035156,268.1000061035156,272.20001220703125,272.20001220703125,534800
2013-02-25,272.79998779296875,274.20001220703125,262.8500061035156,264.04998779296875,264.04998779296875,581800
2013-02-26,263.95001220703125,264.29998779296875,257.1000061035156,258.5,258.5,605500
2013-02-27,260.1000061035156,265.8999938964844,256.8999938964844,264.75,264.75,663300
2013-02-28,265.79998779296875,272.29998779296875,255.64999389648438,257.1499938964844,257.1499938964844,885900
2013-03-01,255.8000030517578,258.8500061035156,245.75,246.8000030517578,246.8000030517578,715900
2013-03-04,246.6999969482422,246.8000030517578,239.35000610351562,240.6999969482422,240.6999969482422,568600
2013-03-05,241.64999389648438,248.8000030517578,241.64999389648438,248.39999389648438,248.39999389648438,600100
2013-03-06,249.14999389648438,262.5,249.14999389648438,260.20001220703125,260.20001220703125,1070800
2013-03-07,260.1499938964844,265.79998779296875,258.1000061035156,265.04998779296875,265.04998779296875,643600
2013-03-08,265.6000061035156,270.54998779296875,264.5,266.54998779296875,266.54998779296875,830100
2013-03-11,266.8999938964844,271.6499938964844,266.45001220703125,270.3500061035156,270.3500061035156,544700
2013-03-12,270.79998779296875,274.45001220703125,264.20001220703125,266.20001220703125,266.20001220703125,634400
2013-03-13,265.1499938964844,267.79998779296875,262.79998779296875,264.6499938964844,264.6499938964844,644800
2013-03-14,264.3999938964844,270.75,261.6000061035156,270.04998779296875,270.04998779296875,716500
2013-03-15,270.25,272.0,261.45001220703125,261.79998779296875,261.79998779296875,720500
2013-03-18,260.79998779296875,260.79998779296875,256.5,257.3500061035156,257.3500061035156,492000
2013-03-19,258.20001220703125,260.6499938964844,247.0,247.9499969482422,247.9499969482422,721500
2013-03-20,247.89999389648438,251.5500030517578,234.14999389648438,235.25,235.25,1695500
2013-03-21,235.64999389648438,237.85000610351562,226.75,227.5500030517578,227.5500030517578,1005100
2013-03-22,226.8000030517578,227.60000610351562,221.64999389648438,224.0500030517578,224.0500030517578,740100
2013-03-25,226.25,233.1999969482422,224.85000610351562,226.14999389648438,226.14999389648438,693100
2013-03-26,225.6999969482422,225.6999969482422,219.0,221.0500030517578,221.0500030517578,593000
2013-03-28,220.5,225.75,216.85000610351562,223.9499969482422,223.9499969482422,718200
2013-04-01,224.4499969482422,236.89999389648438,224.0500030517578,236.0500030517578,236.0500030517578,785700
2013-04-02,236.0500030517578,239.64999389648438,232.8000030517578,237.9499969482422,237.9499969482422,697900
2013-04-03,236.75,241.0500030517578,230.0500030517578,231.14999389648438,231.14999389648438,772400
2013-04-04,230.35000610351562,230.35000610351562,222.1999969482422,223.14999389648438,223.14999389648438,665400
2013-04-05,223.9499969482422,227.8000030517578,220.9499969482422,222.3000030517578,222.3000030517578,504700
2013-04-08,223.14999389648438,224.89999389648438,221.25,222.14999389648438,222.14999389648438,410100
2013-04-09,223.4499969482422,225.6999969482422,218.5,219.35000610351562,219.35000610351562,540500
2013-04-10,220.6999969482422,222.35000610351562,216.5500030517578,222.10000610351562,222.10000610351562,675100
2013-04-11,224.14999389648438,228.0500030517578,222.5,227.60000610351562,227.60000610351562,610200
2013-04-12,225.39999389648438,229.10000610351562,224.25,227.39999389648438,227.39999389648438,443700
2013-04-15,225.14999389648438,231.14999389648438,225.14999389648438,227.5500030517578,227.5500030517578,520000
2013-04-16,227.39999389648438,233.9499969482422,226.89999389648438,233.3000030517578,233.3000030517578,707600
2013-04-17,234.64999389648438,240.9499969482422,234.10000610351562,234.75,234.75,1084000
2013-04-18,235.0,240.0500030517578,234.89999389648438,239.4499969482422,239.4499969482422,647500
2013-04-22,240.14999389648438,250.0,238.14999389648438,248.1999969482422,248.1999969482422,1138200
2013-04-23,247.4499969482422,249.1999969482422,243.1999969482422,246.89999389648438,246.89999389648438,884600
2013-04-25,249.0,249.1999969482422,244.35000610351562,245.8000030517578,245.8000030517578,765200
2013-04-26,245.9499969482422,248.5,239.5,240.1999969482422,240.1999969482422,750800
2013-04-29,240.85000610351562,245.9499969482422,239.6999969482422,244.4499969482422,244.4499969482422,469400
2013-04-30,245.9499969482422,247.1999969482422,238.0,241.25,241.25,676700
2013-05-02,240.39999389648438,246.4499969482422,240.35000610351562,244.4499969482422,244.4499969482422,671700
2013-05-03,244.25,245.60000610351562,238.1999969482422,241.39999389648438,241.39999389648438,955900
2013-05-06,241.3000030517578,243.0,239.35000610351562,241.6999969482422,241.6999969482422,524200
2013-05-07,241.64999389648438,246.1999969482422,241.64999389648438,245.64999389648438,245.64999389648438,568700
2013-05-08,247.3000030517578,248.64999389648438,243.64999389648438,246.14999389648438,246.14999389648438,645600
2013-05-09,246.6999969482422,248.89999389648438,242.8000030517578,243.5,243.5,686900
2013-05-10,243.5,245.14999389648438,241.85000610351562,244.25,244.25,482800
2013-05-13,243.60000610351562,245.89999389648438,239.1999969482422,240.0500030517578,240.0500030517578,529400
2013-05-14,240.4499969482422,243.39999389648438,238.14999389648438,238.89999389648438,238.89999389648438,483800
2013-05-15,240.8000030517578,250.10000610351562,240.8000030517578,249.3000030517578,249.3000030517578,770400
2013-05-16,250.64999389648438,257.25,249.75,253.89999389648438,253.89999389648438,978500
2013-05-17,255.14999389648438,259.79998779296875,254.10000610351562,259.04998779296875,259.04998779296875,945800
2013-05-20,260.5,263.5,256.1499938964844,257.3500061035156,257.3500061035156,687400
2013-05-21,258.29998779296875,259.5,250.0500030517578,251.3000030517578,251.3000030517578,667900
2013-05-22,252.64999389648438,253.0500030517578,240.9499969482422,242.1999969482422,242.1999969482422,632100
2013-05-23,240.64999389648438,240.64999389648438,225.10000610351562,227.39999389648438,227.39999389648438,1056000
2013-05-24,229.4499969482422,231.85000610351562,223.85000610351562,228.85000610351562,228.85000610351562,866000
2013-05-27,230.3000030517578,233.64999389648438,228.89999389648438,233.10000610351562,233.10000610351562,555100
2013-05-28,233.75,236.3000030517578,232.6999969482422,233.85000610351562,233.85000610351562,643300
2013-05-29,233.89999389648438,234.3000030517578,225.85000610351562,227.6999969482422,227.6999969482422,921000
2013-05-30,226.6999969482422,226.6999969482422,219.25,221.75,221.75,1130800
2013-05-31,221.85000610351562,222.0500030517578,212.85000610351562,213.75,213.75,1057400
2013-06-03,212.6999969482422,216.0,211.4499969482422,214.60000610351562,214.60000610351562,719500
2013-06-04,214.4499969482422,218.25,211.89999389648438,212.5500030517578,212.5500030517578,601900
2013-06-05,211.0,216.39999389648438,209.89999389648438,215.89999389648438,215.89999389648438,703600
2013-06-06,213.35000610351562,218.85000610351562,213.1999969482422,216.89999389648438,216.89999389648438,689300
2013-06-07,215.75,219.8000030517578,213.64999389648438,213.89999389648438,213.89999389648438,569900
2013-06-10,216.60000610351562,217.64999389648438,209.1999969482422,210.64999389648438,210.64999389648438,550900
2013-06-11,209.14999389648438,209.5,201.4499969482422,202.64999389648438,202.64999389648438,572500
2013-06-12,203.85000610351562,205.3000030517578,201.25,202.8000030517578,202.8000030517578,534100
2013-06-13,200.8000030517578,202.5,197.60000610351562,198.14999389648438,198.14999389648438,507000
2013-06-14,200.89999389648438,203.75,200.89999389648438,202.85000610351562,202.85000610351562,411500
2013-06-17,204.5500030517578,204.5500030517578,198.0,202.85000610351562,202.85000610351562,548000
2013-06-18,203.10000610351562,205.9499969482422,201.4499969482422,202.39999389648438,202.39999389648438,531600
2013-06-19,201.64999389648438,204.9499969482422,200.9499969482422,204.60000610351562,204.60000610351562,374400
2013-06-20,200.5500030517578,200.8000030517578,193.10000610351562,193.64999389648438,193.64999389648438,608600
2013-06-21,192.3000030517578,195.75,187.5,191.1999969482422,191.1999969482422,618100
2013-06-24,190.1999969482422,190.1999969482422,181.10000610351562,182.25,182.25,510200
2013-06-25,183.8000030517578,185.9499969482422,181.4499969482422,183.0500030517578,183.0500030517578,632700
2013-06-26,184.75,185.64999389648438,181.8000030517578,182.1999969482422,182.1999969482422,509900
2013-06-27,185.4499969482422,186.6999969482422,183.10000610351562,185.60000610351562,185.60000610351562,570300
2013-06-28,188.5500030517578,193.5500030517578,188.5500030517578,192.25,192.25,415400
2013-07-01,191.25,203.3000030517578,191.25,202.85000610351562,202.85000610351562,798900
2013-07-02,202.5500030517578,204.10000610351562,197.8000030517578,198.60000610351562,198.60000610351562,554100
2013-07-03,195.64999389648438,195.64999389648438,188.0500030517578,188.8000030517578,188.8000030517578,762300
2013-07-04,190.60000610351562,195.10000610351562,185.9499969482422,191.14999389648438,191.14999389648438,889200
2013-07-05,193.89999389648438,195.85000610351562,189.9499969482422,191.8000030517578,191.8000030517578,484000
2013-07-08,188.4499969482422,189.9499969482422,185.64999389648438,187.9499969482422,187.9499969482422,566400
2013-07-09,189.89999389648438,192.0,187.75,191.5500030517578,191.5500030517578,761600
2013-07-10,193.14999389648438,193.39999389648438,188.6999969482422,189.0500030517578,189.0500030517578,529100
2013-07-11,191.8000030517578,195.10000610351562,191.8000030517578,194.3000030517578,194.3000030517578,524800
2013-07-12,195.10000610351562,196.0500030517578,191.1999969482422,193.25,193.25,439900
2013-07-15,192.6999969482422,198.3000030517578,191.89999389648438,197.5,197.5,789000
2013-07-16,192.1999969482422,192.1999969482422,184.8000030517578,185.1999969482422,185.1999969482422,716300
2013-07-17,185.10000610351562,187.8000030517578,182.5500030517578,184.64999389648438,184.64999389648438,786300
2013-07-18,186.3000030517578,190.64999389648438,185.5,190.14999389648438,190.14999389648438,513600
2013-07-19,190.75,190.85000610351562,185.8000030517578,186.5,186.5,478300
2013-07-22,186.14999389648438,188.39999389648438,184.85000610351562,185.35000610351562,185.35000610351562,465200
2013-07-23,187.35000610351562,190.14999389648438,186.75,187.9499969482422,187.9499969482422,612100
2013-07-24,185.5500030517578,186.0,180.6999969482422,185.5,185.5,629000
2013-07-25,184.10000610351562,186.3000030517578,183.35000610351562,184.60000610351562,184.60000610351562,736900
2013-07-26,185.9499969482422,187.64999389648438,179.89999389648438,182.10000610351562,182.10000610351562,494700
2013-07-29,180.0,181.3000030517578,177.4499969482422,178.0,178.0,332500
2013-07-30,177.39999389648438,178.25,170.8000030517578,171.85000610351562,171.85000610351562,556600
2013-07-31,169.35000610351562,169.85000610351562,163.1999969482422,167.5500030517578,167.5500030517578,476000
2013-08-01,168.75,170.9499969482422,158.75,160.25,160.25,710000
2013-08-02,160.1999969482422,162.64999389648438,152.6999969482422,153.75,153.75,659800
2013-08-05,153.8000030517578,154.9499969482422,149.60000610351562,154.0,154.0,493000
2013-08-06,152.0500030517578,152.75,145.9499969482422,146.89999389648438,146.89999389648438,675100
2013-08-07,146.14999389648438,156.4499969482422,146.14999389648438,155.10000610351562,155.10000610351562,919200
2013-08-08,155.35000610351562,159.85000610351562,155.35000610351562,158.60000610351562,158.60000610351562,550900
2013-08-12,158.75,161.75,157.64999389648438,159.8000030517578,159.8000030517578,400500
2013-08-13,162.4499969482422,169.10000610351562,160.89999389648438,167.85000610351562,167.85000610351562,466000
2013-08-14,168.75,173.39999389648438,168.4499969482422,172.6999969482422,172.6999969482422,518100
2013-08-16,170.6999969482422,170.6999969482422,160.10000610351562,161.1999969482422,161.1999969482422,486700
2013-08-19,160.4499969482422,162.60000610351562,157.10000610351562,161.5500030517578,161.5500030517578,412300
2013-08-20,157.4499969482422,167.75,156.64999389648438,165.9499969482422,165.9499969482422,493600
2013-08-21,168.1999969482422,171.3000030517578,156.89999389648438,159.5,159.5,525300
2013-08-22,157.4499969482422,159.4499969482422,153.10000610351562,158.64999389648438,158.64999389648438,547100
2013-08-23,158.8000030517578,161.5,154.0500030517578,155.4499969482422,155.4499969482422,464100
2013-08-26,156.6999969482422,159.64999389648438,155.3000030517578,157.75,157.75,414500
2013-08-27,155.89999389648438,155.89999389648438,150.64999389648438,151.0,151.0,387000
2013-08-28,147.9499969482422,150.25,142.85000610351562,149.14999389648438,149.14999389648438,470200
2013-08-29,150.1999969482422,151.3000030517578,146.4499969482422,149.75,149.75,657100
2013-08-30,150.35000610351562,153.39999389648438,146.8000030517578,149.5500030517578,149.5500030517578,504500
2013-09-02,149.6999969482422,155.89999389648438,149.6999969482422,154.75,154.75,432400
2013-09-03,155.39999389648438,156.5,146.5,147.1999969482422,147.1999969482422,518200
2013-09-04,144.64999389648438,148.35000610351562,142.9499969482422,146.6999969482422,146.6999969482422,495100
2013-09-05,149.8000030517578,156.0,149.8000030517578,155.35000610351562,155.35000610351562,556600
2013-09-06,156.25,157.75,152.64999389648438,155.1999969482422,155.1999969482422,464800
2013-09-10,158.89999389648438,160.6999969482422,157.39999389648438,159.4499969482422,159.4499969482422,382500
2013-09-11,158.89999389648438,164.8000030517578,157.9499969482422,164.3000030517578,164.3000030517578,609900
2013-09-12,165.14999389648438,170.60000610351562,163.75,165.14999389648438,165.14999389648438,636800
2013-09-13,164.25,170.35000610351562,163.39999389648438,169.8000030517578,169.8000030517578,459900
2013-09-16,172.4499969482422,174.0,162.10000610351562,165.85000610351562,165.85000610351562,568600
2013-09-17,165.4499969482422,166.10000610351562,163.35000610351562,164.75,164.75,246500
2013-09-18,165.75,169.10000610351562,165.4499969482422,168.1999969482422,168.1999969482422,303400
2013-09-19,174.14999389648438,178.75,174.14999389648438,178.0500030517578,178.0500030517578,625100
2013-09-20,177.85000610351562,177.9499969482422,164.1999969482422,164.75,164.75,604900
2013-09-23,162.14999389648438,163.14999389648438,156.64999389648438,157.35000610351562,157.35000610351562,426900
2013-09-24,157.0,160.64999389648438,155.9499969482422,157.0,157.0,386800
2013-09-25,158.0500030517578,159.1999969482422,154.25,156.60000610351562,156.60000610351562,455100
2013-09-26,156.3000030517578,156.3000030517578,154.14999389648438,155.5,155.5,405500
2013-09-27,156.35000610351562,156.85000610351562,153.0,153.4499969482422,153.4499969482422,388400
2013-09-30,152.1999969482422,152.4499969482422,148.5,149.64999389648438,149.64999389648438,314900
2013-10-01,149.64999389648438,154.25,148.75,154.0,154.0,443200
2013-10-03,154.85000610351562,157.89999389648438,153.6999969482422,157.1999969482422,157.1999969482422,460600
2013-10-04,156.10000610351562,162.3000030517578,155.9499969482422,159.75,159.75,542700
2013-10-07,159.35000610351562,159.5,157.60000610351562,159.14999389648438,159.14999389648438,249800
2013-10-08,161.4499969482422,163.4499969482422,160.14999389648438,161.10000610351562,161.10000610351562,388400
2013-10-09,160.64999389648438,169.4499969482422,160.10000610351562,168.5500030517578,168.5500030517578,654800
2013-10-10,168.85000610351562,171.4499969482422,168.60000610351562,169.4499969482422,169.4499969482422,434400
2013-10-11,172.10000610351562,176.0500030517578,171.0500030517578,174.25,174.25,815900
2013-10-14,174.60000610351562,176.25,172.85000610351562,173.85000610351562,173.85000610351562,416200
2013-10-15,175.64999389648438,178.0500030517578,170.5500030517578,171.10000610351562,171.10000610351562,552800
2013-10-17,171.9499969482422,173.4499969482422,168.64999389648438,169.14999389648438,169.14999389648438,407600
2013-10-18,170.5,175.0,170.5,174.3000030517578,174.3000030517578,442000
2013-10-21,176.8000030517578,180.5500030517578,176.75,179.6999969482422,179.6999969482422,659900
2013-10-22,179.0,180.5500030517578,178.10000610351562,178.5,178.5,420200
2013-10-23,179.35000610351562,180.5,173.1999969482422,176.14999389648438,176.14999389648438,421500
2013-10-24,176.14999389648438,180.10000610351562,173.39999389648438,174.0500030517578,174.0500030517578,552600
2013-10-25,174.1999969482422,174.3000030517578,169.1999969482422,170.0,170.0,347400
2013-10-28,171.0500030517578,171.8000030517578,165.39999389648438,165.9499969482422,165.9499969482422,453500
2013-10-29,166.10000610351562,171.3000030517578,163.5,170.4499969482422,170.4499969482422,483800
2013-10-30,171.89999389648438,173.9499969482422,170.35000610351562,171.0,171.0,318000
2013-10-31,169.3000030517578,172.64999389648438,168.3000030517578,172.10000610351562,172.10000610351562,515200
2013-11-01,172.25,178.5,172.25,176.89999389648438,176.89999389648438,831600
2013-11-05,176.1999969482422,180.9499969482422,175.9499969482422,178.25,178.25,576400
2013-11-06,178.9499969482422,181.10000610351562,174.35000610351562,174.85000610351562,174.85000610351562,514800
2013-11-07,175.39999389648438,177.6999969482422,169.4499969482422,170.10000610351562,170.10000610351562,591600
2013-11-08,170.25,173.9499969482422,168.60000610351562,172.64999389648438,172.64999389648438,473600
2013-11-11,172.10000610351562,172.10000610351562,166.75,167.35000610351562,167.35000610351562,437500
2013-11-12,167.64999389648438,171.25,164.64999389648438,165.25,165.25,504900
2013-11-13,164.0500030517578,166.35000610351562,162.14999389648438,163.10000610351562,163.10000610351562,396700
2013-11-14,164.89999389648438,167.8000030517578,164.89999389648438,167.14999389648438,167.14999389648438,371100
2013-11-18,169.64999389648438,172.0500030517578,168.89999389648438,171.6999969482422,171.6999969482422,398800
2013-11-19,171.5500030517578,175.35000610351562,171.5500030517578,174.25,174.25,619800
2013-11-20,173.85000610351562,178.25,172.39999389648438,173.64999389648438,173.64999389648438,688000
2013-11-21,172.9499969482422,172.9499969482422,168.89999389648438,169.5,169.5,545500
2013-11-22,170.4499969482422,171.75,167.60000610351562,168.14999389648438,168.14999389648438,599700
2013-11-25,170.6999969482422,172.8000030517578,170.1999969482422,172.39999389648438,172.39999389648438,451500
2013-11-26,172.0500030517578,174.0,169.85000610351562,170.64999389648438,170.64999389648438,1682700
2013-11-27,171.0500030517578,172.25,168.35000610351562,169.6999969482422,169.6999969482422,705300
2013-11-28,172.10000610351562,173.64999389648438,170.85000610351562,171.6999969482422,171.6999969482422,870100
2013-11-29,172.10000610351562,175.1999969482422,171.60000610351562,174.25,174.25,664600
2013-12-02,174.89999389648438,176.9499969482422,174.14999389648438,175.25,175.25,543500
2013-12-03,175.14999389648438,178.3000030517578,174.0,177.3000030517578,177.3000030517578,772500
2013-12-04,177.75,178.60000610351562,171.85000610351562,172.39999389648438,172.39999389648438,1462900
2013-12-05,176.3000030517578,176.89999389648438,173.9499969482422,174.89999389648438,174.89999389648438,772900
2013-12-06,175.64999389648438,176.0500030517578,174.25,175.35000610351562,175.35000610351562,436400
2013-12-09,179.4499969482422,180.85000610351562,176.5,180.25,180.25,639900
2013-12-10,180.64999389648438,181.1999969482422,176.64999389648438,178.0,178.0,597300
2013-12-11,177.39999389648438,177.39999389648438,175.39999389648438,176.85000610351562,176.85000610351562,438600
2013-12-12,176.1999969482422,178.0,175.3000030517578,176.0,176.0,464700
2013-12-13,174.8000030517578,175.3000030517578,172.1999969482422,172.5,172.5,409000
2013-12-16,172.1999969482422,173.5,171.39999389648438,172.25,172.25,408500
2013-12-17,173.39999389648438,174.4499969482422,170.8000030517578,171.25,171.25,395700
2013-12-18,171.10000610351562,177.64999389648438,171.10000610351562,177.0500030517578,177.0500030517578,651300
2013-12-19,178.75,179.3000030517578,173.9499969482422,175.85000610351562,175.85000610351562,559500
2013-12-20,175.14999389648438,181.25,175.14999389648438,180.85000610351562,180.85000610351562,857200
2013-12-23,181.8000030517578,188.4499969482422,181.8000030517578,186.89999389648438,186.89999389648438,916600
2013-12-24,187.9499969482422,188.35000610351562,185.6999969482422,186.9499969482422,186.9499969482422,526300
2013-12-26,186.6999969482422,188.14999389648438,185.75,186.39999389648438,186.39999389648438,772500
2013-12-27,187.5,189.85000610351562,186.64999389648438,187.25,187.25,458300
2013-12-30,188.4499969482422,188.75,183.85000610351562,184.14999389648438,184.14999389648438,379400
2013-12-31,185.4499969482422,185.5,183.25,184.60000610351562,184.60000610351562,484700
2014-01-01,185.25,189.4499969482422,184.6999969482422,189.14999389648438,189.14999389648438,675700
2014-01-02,189.64999389648438,191.5500030517578,183.39999389648438,183.75,183.75,818100
2014-01-03,183.0500030517578,185.9499969482422,182.25,185.5500030517578,185.5500030517578,465300
2014-01-06,185.39999389648438,185.5,183.25,184.14999389648438,184.14999389648438,340900
2014-01-07,184.3000030517578,185.9499969482422,180.3000030517578,180.9499969482422,180.9499969482422,548200
2014-01-08,181.35000610351562,182.8000030517578,179.39999389648438,179.85000610351562,179.85000610351562,432400
2014-01-09,179.89999389648438,180.9499969482422,174.60000610351562,175.25,175.25,409300
2014-01-10,175.85000610351562,177.0500030517578,171.85000610351562,172.39999389648438,172.39999389648438,487100
2014-01-13,173.1999969482422,174.89999389648438,171.39999389648438,173.75,173.75,528800
2014-01-14,173.35000610351562,173.89999389648438,170.5,171.10000610351562,171.10000610351562,507500
2014-01-15,171.60000610351562,173.5500030517578,171.0500030517578,173.3000030517578,173.3000030517578,746700
2014-01-16,174.0,175.0,172.14999389648438,174.1999969482422,174.1999969482422,491900
2014-01-17,174.35000610351562,175.5,169.3000030517578,169.6999969482422,169.6999969482422,481400
2014-01-20,169.25,171.25,168.39999389648438,170.9499969482422,170.9499969482422,433600
2014-01-21,171.64999389648438,172.6999969482422,170.64999389648438,171.9499969482422,171.9499969482422,393100
2014-01-22,172.25,173.75,171.25,173.1999969482422,173.1999969482422,306900
2014-01-23,172.89999389648438,173.3000030517578,171.89999389648438,172.8000030517578,172.8000030517578,296400
2014-01-24,171.9499969482422,171.9499969482422,166.9499969482422,167.35000610351562,167.35000610351562,310200
2014-01-27,164.75,164.75,154.3000030517578,154.89999389648438,154.89999389648438,684600
2014-01-28,154.89999389648438,159.3000030517578,154.1999969482422,156.9499969482422,156.9499969482422,732400
2014-01-29,158.5500030517578,159.8000030517578,155.14999389648438,155.89999389648438,155.89999389648438,591100
2014-01-30,153.0500030517578,153.5,149.85000610351562,151.5,151.5,866000
2014-01-31,154.39999389648438,155.8000030517578,153.35000610351562,154.5500030517578,154.5500030517578,620100
2014-02-03,154.35000610351562,154.35000610351562,150.89999389648438,151.3000030517578,151.3000030517578,433100
2014-02-04,149.0500030517578,153.14999389648438,147.8000030517578,152.35000610351562,152.35000610351562,587800
2014-02-05,151.89999389648438,155.6999969482422,151.89999389648438,155.0,155.0,505000
2014-02-06,155.1999969482422,155.8000030517578,151.39999389648438,152.25,152.25,468100
2014-02-07,153.9499969482422,155.10000610351562,153.0,153.6999969482422,153.6999969482422,402300
2014-02-10,156.1999969482422,157.85000610351562,155.3000030517578,155.6999969482422,155.6999969482422,394800
2014-02-11,154.9499969482422,155.8000030517578,154.0,154.4499969482422,154.4499969482422,241000
2014-02-12,155.10000610351562,156.1999969482422,152.5500030517578,153.64999389648438,153.64999389648438,419000
2014-02-13,153.35000610351562,155.64999389648438,153.14999389648438,154.5500030517578,154.5500030517578,545500
2014-02-14,154.1999969482422,155.1999969482422,152.64999389648438,154.64999389648438,154.64999389648438,498400
2014-02-17,154.5500030517578,157.75,152.39999389648438,152.85000610351562,152.85000610351562,353100
2014-02-18,152.60000610351562,155.0,151.8000030517578,154.1999969482422,154.1999969482422,365000
2014-02-19,153.6999969482422,155.4499969482422,153.4499969482422,154.9499969482422,154.9499969482422,265900
2014-02-20,154.0500030517578,157.25,153.75,154.64999389648438,154.64999389648438,486300
2014-02-21,154.85000610351562,155.60000610351562,153.4499969482422,154.39999389648438,154.39999389648438,280500
2014-02-24,154.39999389648438,155.4499969482422,153.89999389648438,154.35000610351562,154.35000610351562,276300
2014-02-25,154.64999389648438,155.64999389648438,154.10000610351562,154.60000610351562,154.60000610351562,349000
2014-02-26,154.4499969482422,155.10000610351562,152.89999389648438,154.0,154.0,530400
2014-02-28,154.89999389648438,155.14999389648438,152.89999389648438,154.0500030517578,154.0500030517578,462600
2014-03-03,153.89999389648438,156.0,152.85000610351562,153.6999969482422,153.6999969482422,428600
2014-03-04,152.75,155.75,152.3000030517578,155.39999389648438,155.39999389648438,443500
2014-03-05,157.1999969482422,159.25,155.25,158.75,158.75,490400
2014-03-06,159.35000610351562,165.6999969482422,159.35000610351562,165.5,165.5,715900
2014-03-07,166.64999389648438,175.8000030517578,166.0500030517578,174.8000030517578,174.8000030517578,1192800
2014-03-10,173.75,180.89999389648438,173.14999389648438,179.39999389648438,179.39999389648438,603300
2014-03-11,179.75,188.5,178.14999389648438,183.5500030517578,183.5500030517578,948800
2014-03-12,183.9499969482422,185.6999969482422,182.0,183.60000610351562,183.60000610351562,778200
2014-03-13,184.0500030517578,185.6999969482422,175.8000030517578,176.8000030517578,176.8000030517578,536500
2014-03-14,174.9499969482422,179.10000610351562,171.8000030517578,178.5500030517578,178.5500030517578,656300
2014-03-18,179.9499969482422,181.8000030517578,176.0,177.4499969482422,177.4499969482422,587300
2014-03-19,178.0500030517578,179.8000030517578,176.0500030517578,176.8000030517578,176.8000030517578,494000
2014-03-20,176.25,176.64999389648438,171.85000610351562,172.14999389648438,172.14999389648438,576800
2014-03-21,173.0,176.64999389648438,173.0,175.9499969482422,175.9499969482422,697400
2014-03-24,175.8000030517578,178.39999389648438,175.8000030517578,176.9499969482422,176.9499969482422,556300
2014-03-25,176.9499969482422,179.8000030517578,176.39999389648438,179.35000610351562,179.35000610351562,447300
2014-03-26,180.5,183.85000610351562,178.39999389648438,179.1999969482422,179.1999969482422,610700
2014-03-27,179.8000030517578,182.5,179.14999389648438,181.3000030517578,181.3000030517578,734200
2014-03-28,183.10000610351562,184.5,182.35000610351562,183.8000030517578,183.8000030517578,698200
2014-03-31,185.0500030517578,189.89999389648438,184.5500030517578,189.0500030517578,189.0500030517578,1285000
2014-04-01,189.5500030517578,190.0,185.35000610351562,187.35000610351562,187.35000610351562,1060100
2014-04-02,188.4499969482422,192.0,187.85000610351562,191.60000610351562,191.60000610351562,858100
2014-04-03,192.5500030517578,194.4499969482422,189.35000610351562,191.10000610351562,191.10000610351562,1317400
2014-04-04,190.60000610351562,197.64999389648438,190.1999969482422,196.89999389648438,196.89999389648438,1625100
2014-04-07,196.9499969482422,199.39999389648438,191.1999969482422,193.5,193.5,1839700
2014-04-09,194.64999389648438,198.1999969482422,194.5500030517578,197.85000610351562,197.85000610351562,897000
2014-04-10,198.8000030517578,204.8000030517578,198.25,200.85000610351562,200.85000610351562,1509100
2014-04-11,199.39999389648438,203.4499969482422,197.75,201.10000610351562,201.10000610351562,1318100
2014-04-15,201.75,202.64999389648438,194.10000610351562,195.0500030517578,195.0500030517578,994200
2014-04-16,194.8000030517578,196.10000610351562,186.35000610351562,187.25,187.25,1028400
2014-04-17,188.3000030517578,192.64999389648438,188.0500030517578,192.1999969482422,192.1999969482422,980800
2014-04-21,193.25,193.39999389648438,190.6999969482422,191.60000610351562,191.60000610351562,602100
2014-04-22,192.4499969482422,194.25,191.1999969482422,191.5,191.5,1109900
2014-04-23,190.1999969482422,191.89999389648438,188.14999389648438,188.75,188.75,1218500
2014-04-25,189.4499969482422,193.35000610351562,189.14999389648438,189.75,189.75,1156100
2014-04-28,189.39999389648438,191.6999969482422,187.60000610351562,191.0,191.0,1036200
2014-04-29,191.14999389648438,194.0500030517578,188.9499969482422,189.5500030517578,189.5500030517578,1379600
2014-04-30,189.85000610351562,191.0,177.25,179.1999969482422,179.1999969482422,1445200
2014-05-02,180.89999389648438,181.89999389648438,178.39999389648438,179.60000610351562,179.60000610351562,1047700
2014-05-05,179.5,180.85000610351562,177.1999969482422,178.25,178.25,914700
2014-05-06,178.35000610351562,180.39999389648438,177.14999389648438,178.0,178.0,557000
2014-05-07,177.60000610351562,178.6999969482422,175.25,175.60000610351562,175.60000610351562,632100
2014-05-08,176.0500030517578,176.85000610351562,173.60000610351562,174.10000610351562,174.10000610351562,611100
2014-05-09,174.0500030517578,182.6999969482422,174.0500030517578,182.5,182.5,1407700
2014-05-12,182.35000610351562,187.8000030517578,182.10000610351562,184.1999969482422,184.1999969482422,1549700
2014-05-13,186.39999389648438,191.64999389648438,186.39999389648438,189.39999389648438,189.39999389648438,1317900
2014-05-14,190.4499969482422,198.5500030517578,188.64999389648438,197.39999389648438,197.39999389648438,1911100
2014-05-15,198.60000610351562,202.5,194.10000610351562,195.1999969482422,195.1999969482422,1148900
2014-05-16,201.25,212.0500030517578,199.5,207.35000610351562,207.35000610351562,2491300
2014-05-19,210.5500030517578,222.3000030517578,210.5500030517578,221.35000610351562,221.35000610351562,2031800
2014-05-20,223.89999389648438,236.60000610351562,222.1999969482422,231.8000030517578,231.8000030517578,2672000
2014-05-21,234.3000030517578,238.0500030517578,228.89999389648438,236.75,236.75,1644200
2014-05-22,239.60000610351562,253.39999389648438,238.3000030517578,249.1999969482422,249.1999969482422,2335800
2014-05-23,251.8000030517578,257.3999938964844,251.3000030517578,254.9499969482422,254.9499969482422,2094600
2014-05-26,259.1499938964844,260.8500061035156,233.14999389648438,241.0500030517578,241.0500030517578,2109200
2014-05-27,243.10000610351562,243.10000610351562,229.85000610351562,238.14999389648438,238.14999389648438,1606400
2014-05-28,239.64999389648438,242.0,235.3000030517578,241.25,241.25,1332800
2014-05-29,240.14999389648438,242.4499969482422,237.6999969482422,238.35000610351562,238.35000610351562,1319500
2014-05-30,238.14999389648438,247.75,236.25,242.9499969482422,242.9499969482422,1874900
2014-06-02,244.1999969482422,247.9499969482422,244.0,246.9499969482422,246.9499969482422,1000300
2014-06-03,247.75,255.64999389648438,246.64999389648438,254.4499969482422,254.4499969482422,1503500
2014-06-04,256.3999938964844,259.3500061035156,253.75,257.6499938964844,257.6499938964844,1612300
2014-06-05,259.0,260.79998779296875,255.60000610351562,259.6499938964844,259.6499938964844,1077700
2014-06-06,262.45001220703125,273.6000061035156,262.20001220703125,272.70001220703125,272.70001220703125,1608600
2014-06-09,276.3500061035156,290.8500061035156,276.3500061035156,288.95001220703125,288.95001220703125,3176900
2014-06-10,288.3999938964844,289.29998779296875,276.45001220703125,280.3500061035156,280.3500061035156,1869200
2014-06-11,280.8500061035156,284.29998779296875,266.5,268.29998779296875,268.29998779296875,1807700
2014-06-12,269.1499938964844,272.8500061035156,264.8500061035156,268.8500061035156,268.8500061035156,1492900
2014-06-13,271.8500061035156,274.79998779296875,253.60000610351562,254.64999389648438,254.64999389648438,1812000
2014-06-16,254.4499969482422,258.8500061035156,246.3000030517578,257.8500061035156,257.8500061035156,1859200
2014-06-17,258.54998779296875,261.25,253.0500030517578,260.20001220703125,260.20001220703125,1389200
2014-06-18,261.5,263.6000061035156,252.0500030517578,254.5,254.5,1600200
2014-06-19,254.9499969482422,257.6499938964844,251.6999969482422,252.8000030517578,252.8000030517578,1069500
2014-06-20,251.8000030517578,256.5,251.64999389648438,255.4499969482422,255.4499969482422,1377000
2014-06-23,256.1000061035156,258.0,253.14999389648438,256.04998779296875,256.04998779296875,1284100
2014-06-24,255.8000030517578,265.70001220703125,255.8000030517578,263.8500061035156,263.8500061035156,1209200
2014-06-25,263.70001220703125,267.75,263.3500061035156,266.45001220703125,266.45001220703125,955800
2014-06-26,266.70001220703125,266.95001220703125,258.95001220703125,259.79998779296875,259.79998779296875,1246500
2014-06-27,261.54998779296875,262.5,255.0,261.8500061035156,261.8500061035156,1352600
2014-06-30,263.3999938964844,267.0,263.29998779296875,264.1499938964844,264.1499938964844,1092700
2014-07-01,265.45001220703125,268.20001220703125,265.1000061035156,267.70001220703125,267.70001220703125,1125000
2014-07-02,270.3999938964844,272.54998779296875,267.70001220703125,268.29998779296875,268.29998779296875,1148600
2014-07-03,269.6000061035156,269.6000061035156,263.95001220703125,264.3999938964844,264.3999938964844,745600
2014-07-04,265.04998779296875,268.20001220703125,264.29998779296875,267.70001220703125,267.70001220703125,739100
2014-07-07,267.70001220703125,270.6000061035156,266.6000061035156,267.3500061035156,267.3500061035156,613400
2014-07-08,268.04998779296875,268.3500061035156,245.64999389648438,247.6999969482422,247.6999969482422,1422600
2014-07-09,248.0500030517578,250.1999969482422,240.4499969482422,243.89999389648438,243.89999389648438,1430300
2014-07-10,244.0,268.3999938964844,238.8000030517578,255.4499969482422,255.4499969482422,2614800
2014-07-11,257.54998779296875,263.75,239.9499969482422,241.64999389648438,241.64999389648438,1930600
2014-07-14,242.1999969482422,247.39999389648438,240.0,240.9499969482422,240.9499969482422,1088100
2014-07-15,243.75,246.64999389648438,240.9499969482422,245.6999969482422,245.6999969482422,1103700
2014-07-16,249.25,257.29998779296875,249.25,256.3500061035156,256.3500061035156,1265400
2014-07-17,257.1000061035156,259.5,253.8000030517578,254.85000610351562,254.85000610351562,934500
2014-07-18,252.64999389648438,254.10000610351562,249.0,252.4499969482422,252.4499969482422,863100
2014-07-21,252.8000030517578,256.1499938964844,250.0,250.89999389648438,250.89999389648438,822600
2014-07-22,252.1999969482422,254.35000610351562,249.4499969482422,251.85000610351562,251.85000610351562,800400
2014-07-23,253.0,254.14999389648438,248.0500030517578,252.10000610351562,252.10000610351562,987500
2014-07-24,252.9499969482422,255.9499969482422,250.9499969482422,253.64999389648438,253.64999389648438,830300
2014-07-25,253.60000610351562,255.14999389648438,243.35000610351562,246.5500030517578,246.5500030517578,1050200
2014-07-28,245.4499969482422,245.85000610351562,238.60000610351562,239.64999389648438,239.64999389648438,784700
2014-07-30,237.75,241.64999389648438,236.6999969482422,241.0500030517578,241.0500030517578,1246700
2014-07-31,239.9499969482422,243.8000030517578,239.9499969482422,242.0500030517578,242.0500030517578,1283800
2014-08-01,237.1999969482422,245.4499969482422,236.85000610351562,239.6999969482422,239.6999969482422,1336600
2014-08-04,241.5500030517578,244.0,239.5500030517578,242.10000610351562,242.10000610351562,793400
2014-08-05,241.89999389648438,249.35000610351562,240.0,248.8000030517578,248.8000030517578,1738400
2014-08-06,248.4499969482422,250.35000610351562,245.0500030517578,246.0,246.0,1276300
2014-08-07,244.9499969482422,248.35000610351562,242.85000610351562,245.10000610351562,245.10000610351562,1096200
2014-08-08,241.64999389648438,241.64999389648438,234.5,234.9499969482422,234.9499969482422,960400
2014-08-11,242.0,243.1999969482422,235.89999389648438,237.1999969482422,237.1999969482422,648200
2014-08-12,238.5,241.14999389648438,237.6999969482422,240.6999969482422,240.6999969482422,716100
2014-08-13,239.14999389648438,239.6999969482422,226.0,227.64999389648438,227.64999389648438,1761800
2014-08-14,226.4499969482422,232.5,225.89999389648438,231.85000610351562,231.85000610351562,1832900
2014-08-18,230.25,235.75,229.60000610351562,234.9499969482422,234.9499969482422,966600
2014-08-19,235.8000030517578,239.39999389648438,235.39999389648438,238.64999389648438,238.64999389648438,927600
2014-08-20,239.10000610351562,241.35000610351562,236.10000610351562,239.85000610351562,239.85000610351562,837900
2014-08-21,239.39999389648438,241.85000610351562,234.8000030517578,235.3000030517578,235.3000030517578,830900
2014-08-22,235.6999969482422,236.5,232.60000610351562,233.5500030517578,233.5500030517578,700600
2014-08-25,233.75,234.6999969482422,227.9499969482422,228.75,228.75,665000
2014-08-26,227.3000030517578,230.0500030517578,224.35000610351562,228.4499969482422,228.4499969482422,819000
2014-08-27,229.39999389648438,232.0,224.0,225.25,225.25,812000
2014-08-28,224.25,225.64999389648438,219.85000610351562,220.3000030517578,220.3000030517578,857300
2014-09-01,221.60000610351562,226.6999969482422,220.64999389648438,226.25,226.25,1144800
2014-09-02,226.35000610351562,230.5,225.6999969482422,228.8000030517578,228.8000030517578,951700
2014-09-03,230.60000610351562,234.6999969482422,227.5500030517578,233.75,233.75,1090600
2014-09-04,230.75,230.8000030517578,221.14999389648438,224.39999389648438,224.39999389648438,1205100
2014-09-05,223.8000030517578,227.64999389648438,222.8000030517578,226.89999389648438,226.89999389648438,992600
2014-09-08,228.5500030517578,229.3000030517578,224.89999389648438,228.35000610351562,228.35000610351562,586300
2014-09-09,228.0500030517578,228.39999389648438,225.4499969482422,226.5500030517578,226.5500030517578,632300
2014-09-10,225.89999389648438,229.3000030517578,224.85000610351562,228.14999389648438,228.14999389648438,815700
2014-09-11,229.14999389648438,231.10000610351562,226.5500030517578,227.0,227.0,693100
2014-09-12,226.6999969482422,228.5,226.3000030517578,226.8000030517578,226.8000030517578,635500
2014-09-15,225.64999389648438,227.6999969482422,223.9499969482422,227.14999389648438,227.14999389648438,946500
2014-09-16,227.64999389648438,231.3000030517578,217.60000610351562,218.3000030517578,218.3000030517578,1432100
2014-09-17,220.0500030517578,221.3000030517578,217.10000610351562,219.5,219.5,745300
2014-09-18,218.85000610351562,231.0,218.64999389648438,230.25,230.25,1706200
2014-09-19,231.39999389648438,232.75,227.39999389648438,228.5,228.5,1223200
2014-09-22,226.39999389648438,229.6999969482422,225.5,227.0500030517578,227.0500030517578,968500
2014-09-23,226.4499969482422,227.3000030517578,214.25,215.0,215.0,1299200
2014-09-24,214.75,216.5500030517578,207.60000610351562,211.39999389648438,211.39999389648438,1283900
2014-09-25,212.75,213.8000030517578,202.3000030517578,203.8000030517578,203.8000030517578,1558200
2014-09-26,203.1999969482422,209.60000610351562,200.60000610351562,208.6999969482422,208.6999969482422,1433800
2014-09-29,209.85000610351562,211.1999969482422,207.5,208.0500030517578,208.0500030517578,718800
2014-09-30,207.89999389648438,209.60000610351562,201.75,202.8000030517578,202.8000030517578,1199900
2014-10-01,202.1999969482422,203.64999389648438,200.0500030517578,201.5500030517578,201.5500030517578,784900
2014-10-07,200.35000610351562,204.1999969482422,198.64999389648438,199.5500030517578,199.5500030517578,845000
2014-10-08,198.9499969482422,203.25,198.89999389648438,202.5500030517578,202.5500030517578,823700
2014-10-09,203.64999389648438,208.8000030517578,203.64999389648438,207.85000610351562,207.85000610351562,852700
2014-10-10,204.89999389648438,208.8000030517578,203.4499969482422,205.25,205.25,866800
2014-10-13,204.4499969482422,204.4499969482422,200.10000610351562,201.8000030517578,201.8000030517578,909200
2014-10-14,196.14999389648438,196.14999389648438,182.0,183.60000610351562,183.60000610351562,1819400
2014-10-16,181.39999389648438,189.0500030517578,181.39999389648438,182.64999389648438,182.64999389648438,1413300
2014-10-17,184.1999969482422,185.75,179.8000030517578,184.1999969482422,184.1999969482422,1064800
2014-10-20,187.6999969482422,188.6999969482422,185.14999389648438,186.1999969482422,186.1999969482422,970400
2014-10-21,186.85000610351562,191.75,186.6999969482422,191.14999389648438,191.14999389648438,835800
2014-10-22,193.1999969482422,193.75,190.14999389648438,192.5,192.5,709600
2014-10-27,191.75,191.75,184.89999389648438,185.3000030517578,185.3000030517578,716900
2014-10-28,184.5500030517578,187.3000030517578,184.5500030517578,185.85000610351562,185.85000610351562,577700
2014-10-29,187.0500030517578,192.0,186.85000610351562,191.64999389648438,191.64999389648438,873800
2014-10-30,193.6999969482422,198.64999389648438,193.6999969482422,197.85000610351562,197.85000610351562,1582600
2014-10-31,199.14999389648438,202.25,198.35000610351562,200.6999969482422,200.6999969482422,1315200
2014-11-03,201.25,208.6999969482422,200.14999389648438,208.0,208.0,1603000
2014-11-05,209.0500030517578,212.25,206.9499969482422,207.60000610351562,207.60000610351562,1750000
2014-11-07,209.85000610351562,213.5,207.4499969482422,213.10000610351562,213.10000610351562,1321000
2014-11-10,213.14999389648438,214.10000610351562,211.85000610351562,212.6999969482422,212.6999969482422,981000
2014-11-11,213.75,215.89999389648438,210.75,215.0500030517578,215.0500030517578,1157800
2014-11-12,216.1999969482422,216.8000030517578,214.0500030517578,214.89999389648438,214.89999389648438,909700
2014-11-13,215.3000030517578,215.3000030517578,211.3000030517578,212.85000610351562,212.85000610351562,1152900
2014-11-14,213.9499969482422,217.75,213.8000030517578,217.10000610351562,217.10000610351562,966500
2014-11-17,216.64999389648438,217.4499969482422,215.0,216.89999389648438,216.89999389648438,762700
2014-11-18,217.6999969482422,218.35000610351562,214.64999389648438,216.25,216.25,716100
2014-11-19,216.0,220.0500030517578,212.85000610351562,214.0,214.0,818000
2014-11-20,213.4499969482422,214.35000610351562,208.60000610351562,210.5500030517578,210.5500030517578,854000
2014-11-21,210.10000610351562,214.3000030517578,210.0,210.64999389648438,210.64999389648438,665300
2014-11-24,211.5,215.4499969482422,211.5,214.89999389648438,214.89999389648438,678400
2014-11-25,215.0500030517578,215.0500030517578,205.6999969482422,207.35000610351562,207.35000610351562,1085800
2014-11-26,206.1999969482422,217.5500030517578,204.60000610351562,215.64999389648438,215.64999389648438,1167000
2014-11-27,215.4499969482422,217.8000030517578,214.1999969482422,215.25,215.25,1111000
2014-11-28,214.5500030517578,221.35000610351562,214.5500030517578,218.8000030517578,218.8000030517578,943300
2014-12-01,218.85000610351562,218.85000610351562,214.5,217.39999389648438,217.39999389648438,923000
2014-12-02,215.64999389648438,218.8000030517578,215.1999969482422,217.5500030517578,217.5500030517578,677000
2014-12-03,217.4499969482422,221.0500030517578,217.0500030517578,220.14999389648438,220.14999389648438,657500
2014-12-04,221.5,223.3000030517578,219.5,220.5,220.5,657300
2014-12-05,221.0500030517578,226.25,220.10000610351562,223.3000030517578,223.3000030517578,863200
2014-12-08,222.89999389648438,225.64999389648438,218.1999969482422,218.60000610351562,218.60000610351562,677400
2014-12-09,218.1999969482422,220.89999389648438,214.89999389648438,215.60000610351562,215.60000610351562,765200
2014-12-10,214.89999389648438,218.0,214.6999969482422,216.25,216.25,629900
2014-12-11,215.9499969482422,216.89999389648438,210.9499969482422,211.75,211.75,698500
2014-12-12,212.8000030517578,213.75,205.0,206.14999389648438,206.14999389648438,823700
2014-12-15,204.9499969482422,207.25,201.60000610351562,202.25,202.25,874400
2014-12-16,201.10000610351562,201.39999389648438,193.25,194.0500030517578,194.0500030517578,1210400
2014-12-17,193.35000610351562,195.5500030517578,187.10000610351562,191.35000610351562,191.35000610351562,1265500
2014-12-18,194.4499969482422,196.5500030517578,193.39999389648438,196.0,196.0,721600
2014-12-19,197.60000610351562,199.3000030517578,194.3000030517578,195.0,195.0,818000
2014-12-22,196.6999969482422,198.14999389648438,195.14999389648438,197.4499969482422,197.4499969482422,584000
2014-12-23,197.3000030517578,198.25,194.4499969482422,195.9499969482422,195.9499969482422,637400
2014-12-24,195.85000610351562,200.0500030517578,195.8000030517578,197.85000610351562,197.85000610351562,1046600
2014-12-26,198.14999389648438,200.64999389648438,196.39999389648438,200.0500030517578,200.0500030517578,617700
2014-12-29,201.35000610351562,204.75,200.64999389648438,200.6999969482422,200.6999969482422,761100
2014-12-30,202.5500030517578,203.75,200.60000610351562,201.4499969482422,201.4499969482422,754100
2014-12-31,201.5500030517578,204.10000610351562,200.35000610351562,203.10000610351562,203.10000610351562,665800
2015-01-01,202.60000610351562,203.89999389648438,202.4499969482422,203.0500030517578,203.0500030517578,487700
2015-01-02,203.5500030517578,206.5,203.39999389648438,205.10000610351562,205.10000610351562,734800
2015-01-05,204.3000030517578,206.39999389648438,204.0500030517578,205.25,205.25,878900
2015-01-06,203.39999389648438,203.39999389648438,197.25,198.0500030517578,198.0500030517578,787000
2015-01-07,198.14999389648438,199.4499969482422,194.75,197.39999389648438,197.39999389648438,897400
2015-01-08,200.1999969482422,203.85000610351562,198.75,203.5,203.5,750600
2015-01-09,204.6999969482422,205.6999969482422,198.1999969482422,199.9499969482422,199.9499969482422,670400
2015-01-12,200.0500030517578,201.14999389648438,198.75,200.1999969482422,200.1999969482422,619900
2015-01-13,200.5500030517578,201.25,196.10000610351562,196.75,196.75,798200
2015-01-14,196.39999389648438,197.8000030517578,194.75,195.1999969482422,195.1999969482422,621500
2015-01-15,200.39999389648438,212.6999969482422,200.35000610351562,211.4499969482422,211.4499969482422,1713800
2015-01-16,210.89999389648438,217.14999389648438,208.25,212.35000610351562,212.35000610351562,1370800
2015-01-19,214.10000610351562,215.5,211.6999969482422,212.75,212.75,956300
2015-01-20,214.35000610351562,216.3000030517578,212.1999969482422,215.6999969482422,215.6999969482422,693800
2015-01-21,216.1999969482422,216.85000610351562,213.10000610351562,215.0500030517578,215.0500030517578,593900
2015-01-22,215.60000610351562,217.60000610351562,213.5500030517578,216.35000610351562,216.35000610351562,756200
2015-01-23,219.8000030517578,221.14999389648438,215.25,219.60000610351562,219.60000610351562,1028400
2015-01-27,220.0,223.1999969482422,218.35000610351562,222.25,222.25,788700
2015-01-28,220.5500030517578,226.6999969482422,219.9499969482422,225.1999969482422,225.1999969482422,913900
2015-01-29,223.89999389648438,233.5,223.89999389648438,231.4499969482422,231.4499969482422,1556500
2015-01-30,233.75,240.8000030517578,232.60000610351562,236.8000030517578,236.8000030517578,2122900
2015-02-02,237.6999969482422,239.4499969482422,235.60000610351562,238.10000610351562,238.10000610351562,1360500
2015-02-03,239.4499969482422,240.14999389648438,233.75,234.85000610351562,234.85000610351562,1210600
2015-02-04,235.89999389648438,242.60000610351562,232.35000610351562,237.5500030517578,237.5500030517578,1700000
2015-02-05,236.9499969482422,238.89999389648438,229.75,231.1999969482422,231.1999969482422,1108000
2015-02-06,230.60000610351562,234.0,227.39999389648438,229.8000030517578,229.8000030517578,1478300
2015-02-09,226.25,228.25,223.3000030517578,223.9499969482422,223.9499969482422,1088800
2015-02-10,220.60000610351562,225.75,218.85000610351562,223.8000030517578,223.8000030517578,1338500
2015-02-11,223.89999389648438,226.4499969482422,223.10000610351562,225.25,225.25,843600
2015-02-12,226.39999389648438,230.25,226.35000610351562,228.64999389648438,228.64999389648438,851400
2015-02-13,229.89999389648438,233.39999389648438,225.6999969482422,226.4499969482422,226.4499969482422,845900
2015-02-16,229.5500030517578,232.3000030517578,228.5500030517578,229.1999969482422,229.1999969482422,1639200
2015-02-18,231.5,232.60000610351562,227.4499969482422,228.10000610351562,228.10000610351562,854600
2015-02-19,230.0,231.0,225.4499969482422,229.64999389648438,229.64999389648438,1010800
2015-02-20,231.0500030517578,234.4499969482422,230.39999389648438,231.9499969482422,231.9499969482422,921100
2015-02-23,232.60000610351562,232.75,226.9499969482422,228.10000610351562,228.10000610351562,810300
2015-02-24,229.6999969482422,232.5,228.0500030517578,229.10000610351562,229.10000610351562,959700
2015-02-25,230.5,232.10000610351562,229.0500030517578,229.89999389648438,229.89999389648438,697500
2015-02-26,230.14999389648438,232.3000030517578,227.9499969482422,230.8000030517578,230.8000030517578,1075100
2015-02-27,230.9499969482422,241.85000610351562,230.0500030517578,241.10000610351562,241.10000610351562,2482000
2015-03-02,241.3000030517578,241.85000610351562,234.89999389648438,238.60000610351562,238.60000610351562,1378300
2015-03-03,238.9499969482422,239.89999389648438,234.64999389648438,234.89999389648438,234.89999389648438,855900
2015-03-04,240.64999389648438,242.25,232.4499969482422,234.25,234.25,1245700
2015-03-05,234.4499969482422,235.3000030517578,231.0500030517578,234.14999389648438,234.14999389648438,738000
2015-03-09,233.3000030517578,233.3000030517578,226.25,227.60000610351562,227.60000610351562,912500
2015-03-10,228.0,229.10000610351562,221.8000030517578,223.0,223.0,715600
2015-03-11,223.89999389648438,225.0,219.8000030517578,224.3000030517578,224.3000030517578,1174800
2015-03-12,226.0500030517578,228.25,224.75,227.75,227.75,1148000
2015-03-13,229.9499969482422,231.4499969482422,223.75,225.9499969482422,225.9499969482422,1133700
2015-03-16,227.9499969482422,229.60000610351562,225.10000610351562,228.85000610351562,228.85000610351562,613500
2015-03-17,230.3000030517578,231.39999389648438,228.64999389648438,230.25,230.25,515000
2015-03-18,230.60000610351562,231.3000030517578,228.35000610351562,230.5,230.5,615100
2015-03-19,232.3000030517578,233.5,226.3000030517578,226.85000610351562,226.85000610351562,641200
2015-03-20,226.4499969482422,227.25,217.0500030517578,218.0500030517578,218.0500030517578,1163700
2015-03-23,219.10000610351562,219.5,214.14999389648438,217.5500030517578,217.5500030517578,816200
2015-03-24,217.8000030517578,219.75,216.0,216.89999389648438,216.89999389648438,952900
2015-03-25,217.5500030517578,218.3000030517578,216.35000610351562,217.0,217.0,1076300
2015-03-26,215.14999389648438,217.25,212.75,213.1999969482422,213.1999969482422,927200
2015-03-27,213.5500030517578,214.5500030517578,206.60000610351562,211.64999389648438,211.64999389648438,1067300
2015-03-30,213.3000030517578,216.4499969482422,212.0,216.0500030517578,216.0500030517578,767300
2015-03-31,217.0,217.5,214.60000610351562,216.14999389648438,216.14999389648438,752900
2015-04-01,215.5,220.3000030517578,214.8000030517578,219.39999389648438,219.39999389648438,550100
2015-04-06,220.85000610351562,234.85000610351562,219.10000610351562,234.14999389648438,234.14999389648438,1413900
2015-04-07,235.4499969482422,235.60000610351562,227.75,230.25,230.25,1287600
2015-04-08,231.1999969482422,237.3000030517578,229.85000610351562,232.85000610351562,232.85000610351562,1609700
2015-04-09,234.14999389648438,234.89999389648438,228.75,230.9499969482422,230.9499969482422,763300
2015-04-10,231.14999389648438,234.64999389648438,231.0,232.39999389648438,232.39999389648438,633800
2015-04-13,233.5,236.0,232.10000610351562,232.6999969482422,232.6999969482422,660900
2015-04-15,233.35000610351562,233.8000030517578,228.8000030517578,229.9499969482422,229.9499969482422,543900
2015-04-16,230.6999969482422,230.89999389648438,223.4499969482422,224.3000030517578,224.3000030517578,609200
2015-04-17,224.64999389648438,225.5500030517578,221.4499969482422,222.14999389648438,222.14999389648438,499100
2015-04-20,222.85000610351562,223.25,213.75,216.0500030517578,216.0500030517578,822200
2015-04-21,216.89999389648438,218.9499969482422,214.5500030517578,215.3000030517578,215.3000030517578,597000
2015-04-22,216.10000610351562,218.25,211.85000610351562,215.35000610351562,215.35000610351562,693100
2015-04-23,217.0500030517578,218.1999969482422,212.60000610351562,213.5500030517578,213.5500030517578,503900
2015-04-24,213.85000610351562,214.10000610351562,204.25,205.0,205.0,727700
2015-04-27,205.8000030517578,206.3000030517578,196.0,196.5500030517578,196.5500030517578,716900
2015-04-28,195.39999389648438,200.39999389648438,194.89999389648438,200.0,200.0,649600
2015-04-29,200.1999969482422,202.64999389648438,200.10000610351562,201.60000610351562,201.60000610351562,565400
2015-04-30,202.10000610351562,206.5,199.35000610351562,204.8000030517578,204.8000030517578,806500
2015-05-04,207.6999969482422,210.9499969482422,207.6999969482422,210.1999969482422,210.1999969482422,675800
2015-05-05,211.35000610351562,213.8000030517578,210.25,212.85000610351562,212.85000610351562,549800
2015-05-06,212.3000030517578,212.3000030517578,203.39999389648438,203.9499969482422,203.9499969482422,1093200
2015-05-07,204.0,204.3000030517578,197.35000610351562,199.10000610351562,199.10000610351562,923000
2015-05-08,201.6999969482422,209.5,201.6999969482422,207.35000610351562,207.35000610351562,820400
2015-05-11,208.35000610351562,212.60000610351562,208.35000610351562,209.25,209.25,501200
2015-05-12,209.4499969482422,209.5,201.5,201.89999389648438,201.89999389648438,631700
2015-05-13,203.3000030517578,204.3000030517578,198.5,200.35000610351562,200.35000610351562,837800
2015-05-14,199.89999389648438,203.4499969482422,197.89999389648438,202.5500030517578,202.5500030517578,709400
2015-05-15,203.1999969482422,204.3000030517578,198.14999389648438,200.14999389648438,200.14999389648438,902600
2015-05-18,200.75,201.39999389648438,198.6999969482422,200.25,200.25,562800
2015-05-19,200.0,202.35000610351562,199.8000030517578,200.9499969482422,200.9499969482422,547100
2015-05-20,202.0,202.6999969482422,200.0500030517578,200.5500030517578,200.5500030517578,443900
2015-05-21,201.35000610351562,203.1999969482422,200.25,202.6999969482422,202.6999969482422,541200
2015-05-22,204.35000610351562,204.60000610351562,201.8000030517578,202.25,202.25,510000
2015-05-25,202.75,203.1999969482422,200.6999969482422,201.0500030517578,201.0500030517578,332800
2015-05-26,201.3000030517578,201.4499969482422,199.14999389648438,199.75,199.75,393000
2015-05-27,198.35000610351562,201.89999389648438,197.60000610351562,200.8000030517578,200.8000030517578,489700
2015-05-28,201.1999969482422,201.8000030517578,198.25,200.5500030517578,200.5500030517578,489200
2015-05-29,201.1999969482422,203.9499969482422,198.5,199.5,199.5,920400
2015-06-01,201.39999389648438,204.8000030517578,201.10000610351562,203.5500030517578,203.5500030517578,508100
2015-06-02,204.0500030517578,204.35000610351562,194.5500030517578,195.4499969482422,195.4499969482422,673800
2015-06-03,196.5,196.5,173.10000610351562,183.75,183.75,6241300
2015-06-04,184.89999389648438,186.4499969482422,179.6999969482422,185.39999389648438,185.39999389648438,3149600
2015-06-05,183.5,185.39999389648438,181.75,182.25,182.25,1559000
2015-06-08,182.85000610351562,183.1999969482422,179.25,180.8000030517578,180.8000030517578,974800
2015-06-09,180.25,180.6999969482422,177.1999969482422,177.8000030517578,177.8000030517578,1254100
2015-06-10,178.85000610351562,182.1999969482422,177.8000030517578,179.25,179.25,1169500
2015-06-11,181.0500030517578,182.60000610351562,174.25,174.85000610351562,174.85000610351562,1330000
2015-06-12,174.5,175.4499969482422,171.0,174.5500030517578,174.5500030517578,979500
2015-06-15,175.4499969482422,176.39999389648438,173.64999389648438,174.6999969482422,174.6999969482422,900500
2015-06-16,174.5500030517578,175.64999389648438,172.3000030517578,174.89999389648438,174.89999389648438,707400
2015-06-17,175.9499969482422,177.35000610351562,175.14999389648438,175.75,175.75,997700
2015-06-18,176.14999389648438,177.4499969482422,174.89999389648438,175.35000610351562,175.35000610351562,805800
2015-06-19,176.0,177.25,173.1999969482422,173.8000030517578,173.8000030517578,669600
2015-06-22,175.89999389648438,184.25,175.89999389648438,183.25,183.25,1881700
2015-06-23,184.60000610351562,185.35000610351562,182.5,183.64999389648438,183.64999389648438,1193300
2015-06-24,183.89999389648438,184.60000610351562,180.5500030517578,181.25,181.25,961000
2015-06-25,179.9499969482422,183.5,179.10000610351562,182.39999389648438,182.39999389648438,1403900
2015-06-26,181.9499969482422,186.8000030517578,178.89999389648438,183.85000610351562,183.85000610351562,1525200
2015-06-29,178.1999969482422,181.25,176.64999389648438,180.14999389648438,180.14999389648438,1108800
2015-06-30,179.14999389648438,181.60000610351562,179.14999389648438,180.9499969482422,180.9499969482422,750600
2015-07-01,182.14999389648438,184.39999389648438,182.0,182.60000610351562,182.60000610351562,718000
2015-07-02,182.5500030517578,184.9499969482422,182.0500030517578,182.39999389648438,182.39999389648438,847700
2015-07-03,182.3000030517578,184.0,180.85000610351562,181.3000030517578,181.3000030517578,666900
2015-07-06,178.10000610351562,183.35000610351562,178.10000610351562,182.9499969482422,182.9499969482422,831600
2015-07-07,183.10000610351562,186.35000610351562,183.10000610351562,185.35000610351562,185.35000610351562,804700
2015-07-08,183.4499969482422,184.5500030517578,180.85000610351562,181.64999389648438,181.64999389648438,1018700
2015-07-09,182.6999969482422,183.39999389648438,180.85000610351562,181.25,181.25,553500
2015-07-10,182.5500030517578,183.14999389648438,179.0,179.60000610351562,179.60000610351562,444600
2015-07-13,181.3000030517578,181.35000610351562,179.0,181.14999389648438,181.14999389648438,531600
2015-07-14,181.75,182.1999969482422,179.35000610351562,180.0500030517578,180.0500030517578,482800
2015-07-15,181.14999389648438,182.64999389648438,180.4499969482422,181.0,181.0,533500
2015-07-16,181.39999389648438,182.3000030517578,180.64999389648438,180.9499969482422,180.9499969482422,352400
2015-07-17,182.39999389648438,182.5,179.6999969482422,180.10000610351562,180.10000610351562,475000
2015-07-20,181.5,181.5500030517578,175.85000610351562,176.4499969482422,176.4499969482422,487600
2015-07-21,176.9499969482422,177.1999969482422,172.0,172.35000610351562,172.35000610351562,1013700
2015-07-22,172.3000030517578,174.6999969482422,171.64999389648438,174.0500030517578,174.0500030517578,585700
2015-07-23,174.9499969482422,175.9499969482422,173.5500030517578,174.1999969482422,174.1999969482422,468400
2015-07-24,174.5500030517578,174.5500030517578,171.0500030517578,171.5500030517578,171.5500030517578,491500
2015-07-27,171.1999969482422,171.5,166.5500030517578,167.0500030517578,167.0500030517578,571400
2015-07-28,168.60000610351562,168.60000610351562,162.14999389648438,162.4499969482422,162.4499969482422,659400
2015-07-29,163.39999389648438,165.8000030517578,160.85000610351562,164.5500030517578,164.5500030517578,735100
2015-07-30,165.9499969482422,171.89999389648438,165.0500030517578,171.3000030517578,171.3000030517578,1590300
2015-07-31,171.64999389648438,178.1999969482422,171.4499969482422,176.5500030517578,176.5500030517578,857000
2015-08-03,176.3000030517578,179.3000030517578,175.89999389648438,176.8000030517578,176.8000030517578,1043100
2015-08-04,177.75,178.4499969482422,174.39999389648438,176.1999969482422,176.1999969482422,856600
2015-08-05,177.14999389648438,184.3000030517578,177.14999389648438,181.60000610351562,181.60000610351562,1374100
2015-08-06,181.64999389648438,184.5,180.6999969482422,182.9499969482422,182.9499969482422,1031300
2015-08-07,182.5500030517578,183.85000610351562,180.8000030517578,182.75,182.75,815800
2015-08-10,183.1999969482422,186.3000030517578,182.8000030517578,183.64999389648438,183.64999389648438,925400
2015-08-11,184.1999969482422,185.35000610351562,180.35000610351562,181.5500030517578,181.5500030517578,592800
2015-08-12,180.14999389648438,180.14999389648438,170.89999389648438,171.39999389648438,171.39999389648438,767800
2015-08-13,172.10000610351562,175.3000030517578,167.39999389648438,169.0500030517578,169.0500030517578,914200
2015-08-14,170.5500030517578,184.1999969482422,168.39999389648438,183.3000030517578,183.3000030517578,1588800
2015-08-17,182.0,182.14999389648438,177.89999389648438,180.39999389648438,180.39999389648438,912700
2015-08-18,181.10000610351562,181.89999389648438,177.10000610351562,179.6999969482422,179.6999969482422,725600
2015-08-19,180.14999389648438,181.8000030517578,177.6999969482422,178.14999389648438,178.14999389648438,1014700
2015-08-20,177.39999389648438,178.75,169.8000030517578,170.9499969482422,170.9499969482422,1294700
2015-08-21,168.0,170.14999389648438,164.8000030517578,166.5,166.5,906400
2015-08-24,157.9499969482422,158.64999389648438,146.6999969482422,148.0500030517578,148.0500030517578,1285000
2015-08-25,150.9499969482422,159.75,146.4499969482422,158.1999969482422,158.1999969482422,2195300
2015-08-26,157.64999389648438,160.9499969482422,155.25,157.89999389648438,157.89999389648438,1234800
2015-08-27,161.60000610351562,164.85000610351562,159.35000610351562,164.4499969482422,164.4499969482422,1330800
2015-08-28,166.85000610351562,168.8000030517578,161.8000030517578,163.64999389648438,163.64999389648438,1068700
2015-08-31,162.8000030517578,165.35000610351562,160.60000610351562,161.35000610351562,161.35000610351562,734300
2015-09-01,159.3000030517578,161.14999389648438,154.60000610351562,156.0,156.0,705300
2015-09-02,158.25,161.10000610351562,156.14999389648438,157.10000610351562,157.10000610351562,712100
2015-09-03,159.0,166.0500030517578,159.0,164.5,164.5,1052000
2015-09-04,163.60000610351562,163.60000610351562,154.60000610351562,158.5500030517578,158.5500030517578,1033300
2015-09-07,158.85000610351562,161.0,154.89999389648438,155.35000610351562,155.35000610351562,547200
2015-09-08,156.75,162.0500030517578,154.10000610351562,160.10000610351562,160.10000610351562,750000
2015-09-09,163.8000030517578,166.39999389648438,162.85000610351562,164.4499969482422,164.4499969482422,606700
2015-09-10,160.8000030517578,164.39999389648438,158.9499969482422,163.4499969482422,163.4499969482422,569700
2015-09-11,165.10000610351562,167.0500030517578,164.25,165.10000610351562,165.10000610351562,590600
2015-09-14,165.75,168.75,165.1999969482422,168.39999389648438,168.39999389648438,481700
2015-09-15,168.4499969482422,170.5500030517578,166.85000610351562,167.60000610351562,167.60000610351562,482100
2015-09-16,169.0,170.3000030517578,166.35000610351562,167.14999389648438,167.14999389648438,477100
2015-09-18,169.6999969482422,174.14999389648438,169.10000610351562,171.10000610351562,171.10000610351562,917000
2015-09-21,168.6999969482422,172.64999389648438,168.14999389648438,171.85000610351562,171.85000610351562,669500
2015-09-22,173.64999389648438,173.8000030517578,166.85000610351562,167.64999389648438,167.64999389648438,709300
2015-09-23,165.5,169.64999389648438,165.25,169.0500030517578,169.0500030517578,658700
2015-09-24,169.4499969482422,171.5,168.8000030517578,169.8000030517578,169.8000030517578,446400
2015-09-28,170.1999969482422,174.9499969482422,168.9499969482422,171.85000610351562,171.85000610351562,772100
2015-09-29,169.0500030517578,177.10000610351562,167.10000610351562,175.25,175.25,1261500
2015-09-30,177.5,179.89999389648438,177.25,179.14999389648438,179.14999389648438,673100
2015-10-01,180.75,180.75,175.14999389648438,176.14999389648438,176.14999389648438,526900
2015-10-05,177.25,179.35000610351562,177.0500030517578,177.89999389648438,177.89999389648438,604100
2015-10-06,178.6999969482422,181.0,178.39999389648438,179.39999389648438,179.39999389648438,622700
2015-10-07,179.8000030517578,185.25,179.0500030517578,183.75,183.75,1851200
2015-10-08,184.60000610351562,184.89999389648438,180.9499969482422,182.10000610351562,182.10000610351562,837900
2015-10-09,184.3000030517578,185.35000610351562,181.5,182.1999969482422,182.1999969482422,728500
2015-10-12,182.14999389648438,183.75,179.9499969482422,181.3000030517578,181.3000030517578,1009100
2015-10-13,181.4499969482422,183.9499969482422,181.25,183.25,183.25,685300
2015-10-14,183.39999389648438,186.1999969482422,183.0,183.39999389648438,183.39999389648438,878500
2015-10-15,184.8000030517578,186.60000610351562,184.5500030517578,185.25,185.25,633500
2015-10-16,183.64999389648438,184.5500030517578,181.14999389648438,182.64999389648438,182.64999389648438,588600
2015-10-19,183.39999389648438,188.14999389648438,182.5,187.60000610351562,187.60000610351562,860500
2015-10-20,188.8000030517578,188.85000610351562,185.35000610351562,186.5500030517578,186.5500030517578,829600
2015-10-21,186.89999389648438,187.5500030517578,182.5,183.5500030517578,183.5500030517578,1015000
2015-10-23,186.4499969482422,186.5500030517578,182.8000030517578,183.0,183.0,687400
2015-10-26,184.25,184.5,181.10000610351562,181.64999389648438,181.64999389648438,586800
2015-10-27,181.4499969482422,182.89999389648438,180.64999389648438,181.85000610351562,181.85000610351562,666100
2015-10-28,181.89999389648438,181.9499969482422,178.6999969482422,179.25,179.25,602200
2015-10-29,179.64999389648438,181.10000610351562,178.0,178.5,178.5,938200
2015-10-30,179.14999389648438,181.14999389648438,175.1999969482422,176.0500030517578,176.0500030517578,653800
2015-11-02,176.25,177.9499969482422,174.60000610351562,177.5500030517578,177.5500030517578,614300
2015-11-03,178.35000610351562,179.5,176.89999389648438,177.39999389648438,177.39999389648438,494700
2015-11-04,179.5,180.8000030517578,176.8000030517578,177.10000610351562,177.10000610351562,588500
2015-11-05,176.9499969482422,177.39999389648438,171.85000610351562,172.25,172.25,759400
2015-11-06,172.85000610351562,174.0500030517578,171.85000610351562,172.5,172.5,620800
2015-11-09,166.75,169.5500030517578,166.14999389648438,168.8000030517578,168.8000030517578,709200
2015-11-10,169.1999969482422,169.60000610351562,163.8000030517578,164.35000610351562,164.35000610351562,714700
2015-11-13,167.5500030517578,168.25,165.4499969482422,166.5500030517578,166.5500030517578,464500
2015-11-16,165.25,167.60000610351562,164.8000030517578,166.5500030517578,166.5500030517578,491400
2015-11-17,167.5500030517578,168.6999969482422,166.1999969482422,166.60000610351562,166.60000610351562,467600
2015-11-18,166.5500030517578,167.89999389648438,163.64999389648438,164.0500030517578,164.0500030517578,779500
2015-11-19,164.75,166.10000610351562,163.9499969482422,164.1999969482422,164.1999969482422,420000
2015-11-20,164.4499969482422,166.0,163.4499969482422,163.85000610351562,163.85000610351562,559300
2015-11-23,164.3000030517578,166.39999389648438,164.3000030517578,165.3000030517578,165.3000030517578,380000
2015-11-24,165.64999389648438,168.64999389648438,165.64999389648438,167.0500030517578,167.0500030517578,537700
2015-11-26,168.25,172.64999389648438,167.75,170.5500030517578,170.5500030517578,1526000
2015-11-27,171.85000610351562,172.89999389648438,169.6999969482422,171.1999969482422,171.1999969482422,854400
2015-11-30,171.75,174.14999389648438,171.64999389648438,173.3000030517578,173.3000030517578,1242800
2015-12-01,174.3000030517578,175.25,173.0,173.89999389648438,173.89999389648438,799800
2015-12-02,175.0,175.14999389648438,173.35000610351562,174.14999389648438,174.14999389648438,502100
2015-12-03,173.85000610351562,176.5,172.9499969482422,174.6999969482422,174.6999969482422,476200
2015-12-04,173.14999389648438,173.9499969482422,171.85000610351562,172.14999389648438,172.14999389648438,377100
2015-12-07,172.85000610351562,174.0500030517578,172.3000030517578,173.1999969482422,173.1999969482422,379400
2015-12-08,172.60000610351562,173.1999969482422,165.5,166.10000610351562,166.10000610351562,582300
2015-12-09,166.35000610351562,166.35000610351562,161.8000030517578,164.0500030517578,164.0500030517578,758300
2015-12-10,166.39999389648438,167.3000030517578,164.8000030517578,166.85000610351562,166.85000610351562,518700
2015-12-11,167.3000030517578,167.3000030517578,161.60000610351562,162.10000610351562,162.10000610351562,697000
2015-12-14,161.1999969482422,163.6999969482422,160.39999389648438,161.8000030517578,161.8000030517578,454800
2015-12-15,162.35000610351562,163.5,162.10000610351562,163.1999969482422,163.1999969482422,356900
2015-12-16,164.0500030517578,167.39999389648438,164.0500030517578,165.0500030517578,165.0500030517578,547800
2015-12-17,166.3000030517578,167.8000030517578,165.60000610351562,167.3000030517578,167.3000030517578,460600
2015-12-18,167.10000610351562,169.14999389648438,167.0500030517578,167.75,167.75,437400
2015-12-21,168.10000610351562,170.64999389648438,167.85000610351562,169.75,169.75,505300
2015-12-22,171.4499969482422,172.75,169.0,169.5,169.5,580500
2015-12-23,170.85000610351562,171.9499969482422,170.39999389648438,171.5500030517578,171.5500030517578,429200
2015-12-24,172.0500030517578,172.25,170.5,170.89999389648438,170.89999389648438,339500
2015-12-28,171.14999389648438,172.25,170.6999969482422,171.8000030517578,171.8000030517578,278500
2015-12-29,171.9499969482422,173.0,169.39999389648438,169.60000610351562,169.60000610351562,335800
2015-12-30,169.9499969482422,170.60000610351562,169.3000030517578,169.5500030517578,169.5500030517578,334600
2015-12-31,169.89999389648438,173.25,169.5,172.60000610351562,172.60000610351562,763800
2016-01-01,172.8000030517578,176.14999389648438,172.14999389648438,175.85000610351562,175.85000610351562,504000
2016-01-04,175.6999969482422,178.0500030517578,171.89999389648438,172.39999389648438,172.39999389648438,715800
2016-01-05,173.39999389648438,176.1999969482422,172.35000610351562,175.5500030517578,175.5500030517578,903500
2016-01-06,175.85000610351562,176.85000610351562,172.64999389648438,173.5500030517578,173.5500030517578,898300
2016-01-07,171.0500030517578,171.0500030517578,164.1999969482422,164.9499969482422,164.9499969482422,927000
2016-01-08,166.0,170.85000610351562,165.9499969482422,169.35000610351562,169.35000610351562,850600
2016-01-11,166.85000610351562,171.10000610351562,165.0500030517578,169.75,169.75,672200
2016-01-12,170.3000030517578,170.6999969482422,165.75,166.75,166.75,829300
2016-01-13,168.5,170.0500030517578,160.9499969482422,165.10000610351562,165.10000610351562,1030900
2016-01-14,162.0,164.35000610351562,160.0500030517578,162.4499969482422,162.4499969482422,911500
2016-01-15,163.35000610351562,164.0500030517578,154.3000030517578,155.10000610351562,155.10000610351562,653800
2016-01-18,155.35000610351562,156.10000610351562,149.0500030517578,149.39999389648438,149.39999389648438,814900
2016-01-19,150.89999389648438,153.39999389648438,148.85000610351562,152.25,152.25,648500
2016-01-20,149.8000030517578,149.8000030517578,144.64999389648438,147.0500030517578,147.0500030517578,584900
2016-01-21,149.10000610351562,149.89999389648438,145.4499969482422,147.64999389648438,147.64999389648438,654600
2016-01-22,149.60000610351562,151.85000610351562,148.8000030517578,150.3000030517578,150.3000030517578,614200
2016-01-25,152.0,152.75,150.14999389648438,151.14999389648438,151.14999389648438,408900
2016-01-27,152.3000030517578,153.35000610351562,150.8000030517578,152.39999389648438,152.39999389648438,462800
2016-01-28,152.1999969482422,152.6999969482422,150.14999389648438,151.1999969482422,151.1999969482422,990800
2016-01-29,151.5500030517578,154.5,150.14999389648438,153.5500030517578,153.5500030517578,618800
2016-02-01,154.14999389648438,154.89999389648438,152.85000610351562,153.85000610351562,153.85000610351562,394100
2016-02-02,153.89999389648438,154.5500030517578,150.10000610351562,150.64999389648438,150.64999389648438,590000
2016-02-03,149.75,150.0,145.85000610351562,146.14999389648438,146.14999389648438,768000
2016-02-04,147.8000030517578,148.60000610351562,144.8000030517578,145.60000610351562,145.60000610351562,576600
2016-02-05,145.89999389648438,147.9499969482422,145.0,147.35000610351562,147.35000610351562,384000
2016-02-08,147.75,151.75,146.85000610351562,147.64999389648438,147.64999389648438,787700
2016-02-09,146.35000610351562,147.39999389648438,144.85000610351562,145.1999969482422,145.1999969482422,431200
2016-02-10,144.14999389648438,144.35000610351562,139.0,139.9499969482422,139.9499969482422,728700
2016-02-11,139.10000610351562,139.89999389648438,130.14999389648438,131.5,131.5,1675600
2016-02-12,132.6999969482422,132.6999969482422,124.75,129.1999969482422,129.1999969482422,2031300
2016-02-15,131.5,138.64999389648438,131.5,137.85000610351562,137.85000610351562,743700
2016-02-16,139.14999389648438,139.6999969482422,132.64999389648438,133.25,133.25,731700
2016-02-17,133.64999389648438,134.89999389648438,130.1999969482422,134.3000030517578,134.3000030517578,706500
2016-02-18,135.8000030517578,137.3000030517578,132.60000610351562,134.75,134.75,494300
2016-02-19,134.5,137.0,133.8000030517578,134.85000610351562,134.85000610351562,640500
2016-02-22,135.5,136.0,134.8000030517578,135.14999389648438,135.14999389648438,507300
2016-02-23,135.25,135.3000030517578,131.14999389648438,131.4499969482422,131.4499969482422,497200
2016-02-24,131.14999389648438,132.0500030517578,130.0500030517578,131.0500030517578,131.0500030517578,511700
2016-02-25,131.6999969482422,131.75,127.55000305175781,128.25,128.25,1481900
2016-02-26,129.35000610351562,130.64999389648438,127.6500015258789,130.10000610351562,130.10000610351562,526600
2016-02-29,130.8000030517578,132.9499969482422,127.9000015258789,130.3000030517578,130.3000030517578,747500
2016-03-01,131.39999389648438,136.9499969482422,130.5,136.64999389648438,136.64999389648438,800800
2016-03-02,139.0,146.1999969482422,138.89999389648438,144.39999389648438,144.39999389648438,1234500
2016-03-03,145.25,146.4499969482422,144.39999389648438,146.14999389648438,146.14999389648438,583500
2016-03-04,146.64999389648438,148.85000610351562,144.8000030517578,147.64999389648438,147.64999389648438,745500
2016-03-08,147.64999389648438,150.75,147.35000610351562,149.0500030517578,149.0500030517578,1618400
2016-03-09,148.8000030517578,152.5,148.5,151.39999389648438,151.39999389648438,1279500
2016-03-10,152.35000610351562,153.1999969482422,149.4499969482422,150.0,150.0,796700
2016-03-11,149.0500030517578,155.0500030517578,148.64999389648438,149.25,149.25,1277000
2016-03-14,151.35000610351562,152.10000610351562,148.0,148.89999389648438,148.89999389648438,859300
2016-03-15,149.5,150.39999389648438,148.3000030517578,148.89999389648438,148.89999389648438,579800
2016-03-16,149.6999969482422,150.8000030517578,146.5,148.0,148.0,700300
2016-03-17,150.0,150.35000610351562,146.1999969482422,146.60000610351562,146.60000610351562,643200
2016-03-18,147.9499969482422,149.6999969482422,146.64999389648438,149.35000610351562,149.35000610351562,633400
2016-03-21,150.14999389648438,153.14999389648438,149.75,152.3000030517578,152.3000030517578,523300
2016-03-22,153.39999389648438,157.14999389648438,152.0500030517578,156.64999389648438,156.64999389648438,771600
2016-03-23,156.60000610351562,158.10000610351562,156.0,156.4499969482422,156.4499969482422,515900
2016-03-28,155.9499969482422,156.6999969482422,148.6999969482422,149.25,149.25,792900
2016-03-29,149.64999389648438,151.0,148.89999389648438,149.85000610351562,149.85000610351562,672600
2016-03-30,151.39999389648438,156.35000610351562,151.3000030517578,155.6999969482422,155.6999969482422,799200
2016-03-31,155.1999969482422,157.39999389648438,154.5500030517578,156.5500030517578,156.5500030517578,972300
2016-04-01,157.0,161.6999969482422,155.8000030517578,161.35000610351562,161.35000610351562,1166800
2016-04-04,163.25,164.1999969482422,159.39999389648438,160.1999969482422,160.1999969482422,672800
2016-04-05,158.64999389648438,160.89999389648438,155.10000610351562,155.5,155.5,769600
2016-04-06,155.9499969482422,158.10000610351562,155.75,157.5500030517578,157.5500030517578,559600
2016-04-07,158.0,159.6999969482422,156.75,157.0500030517578,157.0500030517578,588500
2016-04-08,156.6999969482422,159.89999389648438,156.25,159.10000610351562,159.10000610351562,527000
2016-04-11,159.9499969482422,162.64999389648438,159.9499969482422,161.64999389648438,161.64999389648438,531900
2016-04-12,162.60000610351562,162.9499969482422,161.0500030517578,161.89999389648438,161.89999389648438,356700
2016-04-13,163.39999389648438,166.35000610351562,163.39999389648438,164.5500030517578,164.5500030517578,856000
2016-04-18,164.60000610351562,173.35000610351562,163.8000030517578,172.39999389648438,172.39999389648438,670000
2016-04-20,172.1999969482422,172.8000030517578,170.64999389648438,171.8000030517578,171.8000030517578,579600
2016-04-21,172.6999969482422,173.6999969482422,168.25,168.8000030517578,168.8000030517578,527800
2016-04-22,168.10000610351562,169.89999389648438,167.64999389648438,168.39999389648438,168.39999389648438,367100
2016-04-25,168.60000610351562,170.0500030517578,166.89999389648438,167.4499969482422,167.4499969482422,528300
2016-04-26,167.64999389648438,170.75,166.9499969482422,170.3000030517578,170.3000030517578,623400
2016-04-27,170.85000610351562,171.75,169.75,169.9499969482422,169.9499969482422,402800
2016-04-28,171.1999969482422,175.6999969482422,171.1999969482422,172.8000030517578,172.8000030517578,1613000
2016-04-29,173.0,175.5,170.60000610351562,174.8000030517578,174.8000030517578,904400
2016-05-02,173.85000610351562,175.8000030517578,172.3000030517578,173.8000030517578,173.8000030517578,575000
2016-05-03,174.5,176.9499969482422,173.5,173.85000610351562,173.85000610351562,708700
2016-05-04,173.85000610351562,174.35000610351562,168.9499969482422,169.60000610351562,169.60000610351562,767500
2016-05-05,169.64999389648438,174.1999969482422,168.8000030517578,171.0,171.0,788500
2016-05-06,170.5,172.6999969482422,168.60000610351562,171.5500030517578,171.5500030517578,630800
2016-05-09,173.10000610351562,175.3000030517578,173.0,174.85000610351562,174.85000610351562,496200
2016-05-10,175.0,176.8000030517578,174.64999389648438,175.64999389648438,175.64999389648438,455700
2016-05-11,173.0,174.8000030517578,172.25,173.75,173.75,1213300
2016-05-12,174.0,177.60000610351562,174.0,176.3000030517578,176.3000030517578,593300
2016-05-13,176.10000610351562,176.75,170.75,171.9499969482422,171.9499969482422,574900
2016-05-16,172.5500030517578,174.75,170.25,174.4499969482422,174.4499969482422,570700
2016-05-17,175.8000030517578,178.0,175.1999969482422,175.75,175.75,970900
2016-05-18,175.3000030517578,180.0500030517578,174.14999389648438,179.8000030517578,179.8000030517578,821200
2016-05-19,179.89999389648438,183.9499969482422,177.89999389648438,178.25,178.25,1430300
2016-05-20,178.5,179.39999389648438,175.35000610351562,175.85000610351562,175.85000610351562,672400
2016-05-23,176.75,177.75,173.35000610351562,174.14999389648438,174.14999389648438,558200
2016-05-24,174.10000610351562,174.89999389648438,170.9499969482422,173.8000030517578,173.8000030517578,728400
2016-05-25,176.1999969482422,177.60000610351562,176.0,176.75,176.75,594200
2016-05-26,177.6999969482422,181.39999389648438,176.10000610351562,180.60000610351562,180.60000610351562,1062200
2016-05-27,181.89999389648438,185.1999969482422,181.60000610351562,183.35000610351562,183.35000610351562,724800
2016-05-30,184.39999389648438,186.4499969482422,181.35000610351562,181.64999389648438,181.64999389648438,498700
2016-05-31,182.1999969482422,184.64999389648438,179.6999969482422,183.14999389648438,183.14999389648438,721500
2016-06-01,183.10000610351562,184.64999389648438,181.75,184.10000610351562,184.10000610351562,697000
2016-06-02,183.6999969482422,184.8000030517578,182.3000030517578,184.35000610351562,184.35000610351562,428500
2016-06-03,185.0,186.25,181.0,182.0500030517578,182.0500030517578,483100
2016-06-06,182.8000030517578,184.60000610351562,182.64999389648438,183.8000030517578,183.8000030517578,423900
2016-06-07,185.3000030517578,187.75,184.0500030517578,187.25,187.25,465900
2016-06-08,187.1999969482422,188.3000030517578,186.3000030517578,187.60000610351562,187.60000610351562,352500
2016-06-09,188.39999389648438,189.0500030517578,186.89999389648438,187.89999389648438,187.89999389648438,319800
2016-06-10,187.35000610351562,189.5,185.6999969482422,186.25,186.25,619700
2016-06-13,184.3000030517578,184.85000610351562,181.75,183.1999969482422,183.1999969482422,1154400
2016-06-14,184.64999389648438,186.85000610351562,184.64999389648438,185.5500030517578,185.5500030517578,1515900
2016-06-15,186.8000030517578,187.5500030517578,185.39999389648438,186.35000610351562,186.35000610351562,707700
2016-06-16,186.10000610351562,186.60000610351562,182.64999389648438,185.0,185.0,913200
2016-06-17,187.39999389648438,192.5,186.85000610351562,191.9499969482422,191.9499969482422,1897600
2016-06-20,191.5,195.5,191.0,194.0,194.0,1533100
2016-06-21,194.35000610351562,195.35000610351562,193.14999389648438,194.8000030517578,194.8000030517578,1038300
2016-06-22,195.35000610351562,197.1999969482422,193.64999389648438,195.0500030517578,195.0500030517578,949200
2016-06-23,194.39999389648438,195.10000610351562,190.89999389648438,192.8000030517578,192.8000030517578,785500
2016-06-24,185.60000610351562,185.9499969482422,178.39999389648438,184.9499969482422,184.9499969482422,1621300
2016-06-27,184.5,188.85000610351562,184.39999389648438,187.8000030517578,187.8000030517578,969800
2016-06-28,188.0,190.35000610351562,187.39999389648438,189.75,189.75,743700
2016-06-29,193.39999389648438,198.3000030517578,193.39999389648438,195.4499969482422,195.4499969482422,1769000
2016-06-30,197.8000030517578,200.85000610351562,197.35000610351562,200.25,200.25,1561200
2016-07-01,201.5,202.5,200.39999389648438,201.39999389648438,201.39999389648438,1038200
2016-07-04,201.85000610351562,208.25,201.85000610351562,206.0500030517578,206.0500030517578,895400
2016-07-05,206.0,208.8000030517578,203.75,205.10000610351562,205.10000610351562,1459100
2016-07-07,206.10000610351562,208.1999969482422,203.39999389648438,204.0500030517578,204.0500030517578,961800
2016-07-08,205.75,206.3000030517578,201.6999969482422,203.14999389648438,203.14999389648438,966200
2016-07-11,206.14999389648438,207.9499969482422,205.9499969482422,207.10000610351562,207.10000610351562,561100
2016-07-12,207.89999389648438,210.89999389648438,205.75,209.89999389648438,209.89999389648438,1737000
2016-07-13,210.89999389648438,211.14999389648438,201.89999389648438,206.4499969482422,206.4499969482422,2039200
2016-07-14,206.0500030517578,207.25,204.9499969482422,205.8000030517578,205.8000030517578,1414200
2016-07-15,206.6999969482422,206.8000030517578,203.8000030517578,204.6999969482422,204.6999969482422,1199000
2016-07-18,205.10000610351562,207.9499969482422,201.4499969482422,202.1999969482422,202.1999969482422,2278300
2016-07-19,202.5500030517578,203.14999389648438,198.89999389648438,201.1999969482422,201.1999969482422,1326300
2016-07-20,201.64999389648438,207.3000030517578,201.5,206.60000610351562,206.60000610351562,769800
2016-07-21,207.4499969482422,208.3000030517578,203.85000610351562,204.35000610351562,204.35000610351562,1173600
2016-07-22,203.89999389648438,206.60000610351562,203.89999389648438,205.89999389648438,205.89999389648438,903300
2016-07-25,206.75,209.85000610351562,206.1999969482422,208.9499969482422,208.9499969482422,1018800
2016-07-26,209.1999969482422,209.75,205.89999389648438,206.25,206.25,1730200
2016-07-27,207.0,208.4499969482422,204.25,205.6999969482422,205.6999969482422,1120100
2016-07-28,206.25,208.89999389648438,206.25,207.6999969482422,207.6999969482422,1540700
2016-07-29,208.39999389648438,209.9499969482422,207.0,207.39999389648438,207.39999389648438,604700
2016-08-01,208.9499969482422,210.14999389648438,204.0,207.5,207.5,637100
2016-08-02,208.64999389648438,209.14999389648438,204.10000610351562,205.0,205.0,687300
2016-08-03,204.8000030517578,205.60000610351562,201.0,202.0500030517578,202.0500030517578,731600
2016-08-04,203.4499969482422,208.25,200.8000030517578,206.85000610351562,206.85000610351562,557400
2016-08-05,208.64999389648438,212.3000030517578,207.5500030517578,211.8000030517578,211.8000030517578,687000
2016-08-08,212.8000030517578,214.5500030517578,211.8000030517578,213.60000610351562,213.60000610351562,468300
2016-08-09,214.35000610351562,215.0500030517578,211.85000610351562,214.39999389648438,214.39999389648438,560500
2016-08-10,214.6999969482422,216.0500030517578,208.8000030517578,211.25,211.25,630500
2016-08-11,211.5,212.1999969482422,207.0,210.10000610351562,210.10000610351562,648000
2016-08-12,211.0,212.3000030517578,208.4499969482422,209.0500030517578,209.0500030517578,362700
2016-08-16,208.9499969482422,209.1999969482422,205.14999389648438,207.64999389648438,207.64999389648438,1043200
2016-08-17,207.85000610351562,210.8000030517578,206.89999389648438,208.6999969482422,208.6999969482422,1001000
2016-08-18,209.5,212.60000610351562,209.25,211.35000610351562,211.35000610351562,546600
2016-08-19,211.60000610351562,213.0500030517578,209.8000030517578,210.14999389648438,210.14999389648438,470300
2016-08-22,211.85000610351562,212.64999389648438,209.64999389648438,210.25,210.25,365200
2016-08-23,210.10000610351562,210.1999969482422,207.89999389648438,209.5500030517578,209.5500030517578,403700
2016-08-24,209.5,210.85000610351562,209.35000610351562,210.10000610351562,210.10000610351562,338900
2016-08-25,210.6999969482422,212.14999389648438,208.0500030517578,208.60000610351562,208.60000610351562,553000
2016-08-26,209.8000030517578,210.4499969482422,205.8000030517578,206.14999389648438,206.14999389648438,449500
2016-08-29,206.10000610351562,206.64999389648438,204.89999389648438,206.25,206.25,553400
2016-08-30,206.60000610351562,209.4499969482422,206.10000610351562,208.0,208.0,531800
2016-08-31,209.4499969482422,210.60000610351562,204.85000610351562,205.5500030517578,205.5500030517578,665300
2016-09-01,205.4499969482422,205.5,200.25,201.25,201.25,464400
2016-09-02,202.39999389648438,204.3000030517578,201.8000030517578,202.8000030517578,202.8000030517578,383300
2016-09-06,205.8000030517578,206.35000610351562,204.60000610351562,206.0500030517578,206.0500030517578,323000
2016-09-07,207.10000610351562,209.25,204.89999389648438,207.39999389648438,207.39999389648438,1608700
2016-09-08,208.35000610351562,214.0,208.35000610351562,213.35000610351562,213.35000610351562,1080000
2016-09-09,212.9499969482422,216.0,210.5,214.64999389648438,214.64999389648438,756900
2016-09-12,208.75,210.3000030517578,203.14999389648438,204.0,204.0,788900
2016-09-14,204.35000610351562,207.10000610351562,203.35000610351562,204.0500030517578,204.0500030517578,574100
2016-09-15,204.60000610351562,206.5,202.64999389648438,203.60000610351562,203.60000610351562,904800
2016-09-16,205.75,207.60000610351562,203.10000610351562,205.5500030517578,205.5500030517578,787600
2016-09-19,206.64999389648438,209.14999389648438,204.14999389648438,208.60000610351562,208.60000610351562,914900
2016-09-20,209.10000610351562,209.14999389648438,203.0500030517578,205.5,205.5,661600
2016-09-21,206.60000610351562,208.60000610351562,205.35000610351562,206.10000610351562,206.10000610351562,465300
2016-09-22,208.35000610351562,209.5,207.1999969482422,208.89999389648438,208.89999389648438,420500
2016-09-23,210.0500030517578,213.5,209.25,210.5500030517578,210.5500030517578,645000
2016-09-26,209.60000610351562,210.5,205.0,205.5500030517578,205.5500030517578,501900
2016-09-27,206.64999389648438,207.6999969482422,204.8000030517578,206.10000610351562,206.10000610351562,413400
2016-09-28,206.60000610351562,210.8000030517578,206.14999389648438,209.8000030517578,209.8000030517578,624600
2016-09-29,211.5500030517578,212.4499969482422,194.39999389648438,195.14999389648438,195.14999389648438,1239800
2016-09-30,194.8000030517578,203.5500030517578,194.6999969482422,202.6999969482422,202.6999969482422,730700
2016-10-03,204.89999389648438,209.4499969482422,204.4499969482422,209.0,209.0,603100
2016-10-04,209.85000610351562,210.39999389648438,207.64999389648438,209.8000030517578,209.8000030517578,512600
2016-10-05,210.6999969482422,214.60000610351562,208.89999389648438,213.64999389648438,213.64999389648438,618200
2016-10-06,214.0500030517578,215.75,209.0,210.4499969482422,210.4499969482422,487400
2016-10-07,211.25,212.25,209.6999969482422,211.25,211.25,381900
2016-10-10,212.10000610351562,212.39999389648438,208.0,208.5,208.5,312300
2016-10-13,207.4499969482422,207.5,200.3000030517578,203.6999969482422,203.6999969482422,485600
2016-10-14,204.75,206.14999389648438,202.64999389648438,205.39999389648438,205.39999389648438,350200
2016-10-17,206.0,206.6999969482422,201.8000030517578,203.3000030517578,203.3000030517578,478100
2016-10-18,204.5,207.0,204.39999389648438,205.75,205.75,415100
2016-10-19,207.1999969482422,207.1999969482422,203.75,204.60000610351562,204.60000610351562,290000
2016-10-20,206.25,208.3000030517578,205.9499969482422,207.9499969482422,207.9499969482422,592800
2016-10-21,209.10000610351562,210.75,208.3000030517578,209.64999389648438,209.64999389648438,721500
2016-10-24,210.25,212.0500030517578,208.9499969482422,210.8000030517578,210.8000030517578,523400
2016-10-25,211.10000610351562,211.10000610351562,208.14999389648438,209.5,209.5,266700
2016-10-26,209.60000610351562,212.75,207.89999389648438,208.9499969482422,208.9499969482422,457900
2016-10-27,208.5500030517578,209.6999969482422,205.60000610351562,207.60000610351562,207.60000610351562,429600
2016-10-28,208.0500030517578,210.89999389648438,207.1999969482422,210.4499969482422,210.4499969482422,419100
2016-11-01,211.25,211.85000610351562,208.5,209.0500030517578,209.0500030517578,293900
2016-11-02,207.39999389648438,207.4499969482422,202.9499969482422,203.39999389648438,203.39999389648438,452600
2016-11-03,203.5,205.4499969482422,200.6999969482422,201.0500030517578,201.0500030517578,457900
2016-11-04,201.89999389648438,202.10000610351562,194.5,195.39999389648438,195.39999389648438,457200
2016-11-07,198.25,199.9499969482422,197.89999389648438,198.60000610351562,198.60000610351562,319100
2016-11-08,199.25,200.4499969482422,196.39999389648438,198.1999969482422,198.1999969482422,239100
2016-11-09,175.4499969482422,177.5500030517578,164.5,175.1999969482422,175.1999969482422,1459800
2016-11-10,176.5500030517578,185.10000610351562,176.3000030517578,177.35000610351562,177.35000610351562,987400
2016-11-11,172.8000030517578,172.9499969482422,166.1999969482422,168.35000610351562,168.35000610351562,954000
2016-11-15,167.1999969482422,168.0,158.6999969482422,159.6999969482422,159.6999969482422,715800
2016-11-16,162.10000610351562,163.75,157.60000610351562,158.10000610351562,158.10000610351562,586000
2016-11-17,157.25,161.5500030517578,156.39999389648438,160.10000610351562,160.10000610351562,588800
2016-11-18,161.35000610351562,163.14999389648438,158.8000030517578,162.3000030517578,162.3000030517578,475800
2016-11-21,162.85000610351562,163.3000030517578,153.1999969482422,153.85000610351562,153.85000610351562,580400
2016-11-22,154.60000610351562,159.75,151.5,158.4499969482422,158.4499969482422,608500
2016-11-23,159.85000610351562,163.6999969482422,158.14999389648438,163.10000610351562,163.10000610351562,629900
2016-11-24,161.64999389648438,163.35000610351562,160.1999969482422,160.9499969482422,160.9499969482422,681700
2016-11-25,163.3000030517578,164.0,160.75,163.4499969482422,163.4499969482422,580900
2016-11-28,163.10000610351562,167.64999389648438,162.5500030517578,166.39999389648438,166.39999389648438,376700
2016-11-29,167.14999389648438,170.14999389648438,166.60000610351562,167.1999969482422,167.1999969482422,462900
2016-11-30,168.0,168.85000610351562,166.1999969482422,167.85000610351562,167.85000610351562,381300
2016-12-01,168.1999969482422,169.0,165.1999969482422,165.75,165.75,350000
2016-12-02,164.14999389648438,164.75,162.0500030517578,162.6999969482422,162.6999969482422,413800
2016-12-05,162.5,164.6999969482422,161.3000030517578,163.85000610351562,163.85000610351562,449200
2016-12-06,164.8000030517578,167.39999389648438,164.8000030517578,166.1999969482422,166.1999969482422,340800
2016-12-07,166.4499969482422,168.39999389648438,163.4499969482422,164.1999969482422,164.1999969482422,525200
2016-12-08,165.0500030517578,167.0500030517578,164.8000030517578,166.64999389648438,166.64999389648438,385400
2016-12-09,167.35000610351562,170.0500030517578,166.8000030517578,169.64999389648438,169.64999389648438,250400
2016-12-12,169.64999389648438,170.4499969482422,168.10000610351562,168.75,168.75,336900
2016-12-13,169.5,169.6999969482422,166.35000610351562,166.75,166.75,303900
2016-12-14,166.75,169.85000610351562,166.6999969482422,167.4499969482422,167.4499969482422,252800
2016-12-15,165.89999389648438,170.0500030517578,165.35000610351562,167.85000610351562,167.85000610351562,461000
2016-12-16,168.35000610351562,168.9499969482422,166.60000610351562,167.6999969482422,167.6999969482422,380500
2016-12-19,167.60000610351562,167.85000610351562,165.5,165.9499969482422,165.9499969482422,271200
2016-12-20,167.5,168.0500030517578,165.25,165.89999389648438,165.89999389648438,445100
2016-12-21,166.39999389648438,168.64999389648438,165.5500030517578,167.64999389648438,167.64999389648438,367100
2016-12-22,167.3000030517578,168.14999389648438,165.75,166.8000030517578,166.8000030517578,440500
2016-12-23,165.85000610351562,167.0,164.1999969482422,164.64999389648438,164.64999389648438,387900
2016-12-26,164.0,164.3000030517578,158.0,158.64999389648438,158.64999389648438,403500
2016-12-27,157.8000030517578,160.1999969482422,154.9499969482422,159.6999969482422,159.6999969482422,623000
2016-12-28,160.35000610351562,162.10000610351562,159.14999389648438,161.4499969482422,161.4499969482422,435200
2016-12-29,161.39999389648438,163.9499969482422,160.85000610351562,163.14999389648438,163.14999389648438,515500
2016-12-30,163.5500030517578,166.4499969482422,163.5500030517578,165.35000610351562,165.35000610351562,581700
2017-01-02,168.89999389648438,173.10000610351562,168.10000610351562,172.60000610351562,172.60000610351562,799400
2017-01-03,173.0500030517578,174.4499969482422,171.9499969482422,173.39999389648438,173.39999389648438,432800
2017-01-04,173.85000610351562,177.64999389648438,173.5500030517578,177.25,177.25,735700
2017-01-05,178.4499969482422,179.60000610351562,177.5,179.25,179.25,675800
2017-01-06,179.14999389648438,180.8000030517578,177.35000610351562,177.75,177.75,467800
2017-01-09,177.8000030517578,180.35000610351562,177.75,179.25,179.25,355700
2017-01-10,179.6999969482422,180.6999969482422,178.3000030517578,178.75,178.75,352200
2017-01-11,179.60000610351562,179.85000610351562,178.64999389648438,179.5,179.5,367200
2017-01-12,180.0500030517578,180.1999969482422,178.10000610351562,179.0,179.0,263300
2017-01-13,179.39999389648438,179.60000610351562,177.64999389648438,178.8000030517578,178.8000030517578,278300
2017-01-16,179.60000610351562,182.9499969482422,179.39999389648438,181.1999969482422,181.1999969482422,557000
2017-01-17,181.8000030517578,183.1999969482422,181.35000610351562,181.89999389648438,181.89999389648438,400500
2017-01-18,181.5500030517578,182.64999389648438,181.14999389648438,182.0,182.0,357600
2017-01-19,182.10000610351562,182.3000030517578,180.85000610351562,181.39999389648438,181.39999389648438,268900
2017-01-20,180.75,182.5500030517578,176.89999389648438,177.35000610351562,177.35000610351562,353400
2017-01-23,176.60000610351562,180.10000610351562,176.4499969482422,178.60000610351562,178.60000610351562,347700
2017-01-24,178.9499969482422,179.8000030517578,178.1999969482422,179.1999969482422,179.1999969482422,212400
2017-01-25,179.89999389648438,183.25,179.75,182.5,182.5,560800
2017-01-27,182.6999969482422,183.5,180.3000030517578,181.39999389648438,181.39999389648438,728200
2017-01-30,181.39999389648438,183.3000030517578,180.39999389648438,180.6999969482422,180.6999969482422,460000
2017-01-31,181.10000610351562,181.1999969482422,178.75,179.5500030517578,179.5500030517578,470300
2017-02-01,180.85000610351562,189.25,180.25,188.4499969482422,188.4499969482422,1413300
2017-02-02,188.6999969482422,190.60000610351562,186.75,188.75,188.75,786200
2017-02-03,189.35000610351562,191.39999389648438,188.0,190.39999389648438,190.39999389648438,1493600
2017-02-06,192.39999389648438,196.8000030517578,191.5,194.10000610351562,194.10000610351562,1591100
2017-02-07,194.6999969482422,195.0500030517578,191.89999389648438,193.0500030517578,193.0500030517578,1954900
2017-02-08,193.6999969482422,195.0500030517578,191.0500030517578,194.5,194.5,1418700
2017-02-09,194.9499969482422,197.85000610351562,193.5,196.35000610351562,196.35000610351562,874900
2017-02-10,197.35000610351562,197.5500030517578,195.1999969482422,196.0500030517578,196.0500030517578,492400
2017-02-13,196.8000030517578,197.5,192.0,194.0,194.0,657700
2017-02-14,194.1999969482422,194.6999969482422,191.60000610351562,192.60000610351562,192.60000610351562,828900
2017-02-15,190.3000030517578,191.10000610351562,184.35000610351562,185.0500030517578,185.0500030517578,872800
2017-02-16,184.89999389648438,189.5,184.5500030517578,188.5,188.5,567400
2017-02-17,189.5,190.14999389648438,187.6999969482422,189.25,189.25,447600
2017-02-20,190.10000610351562,193.0,189.5,191.9499969482422,191.9499969482422,512500
2017-02-21,192.89999389648438,193.1999969482422,191.5500030517578,192.8000030517578,192.8000030517578,368400
2017-02-22,192.8000030517578,196.3000030517578,192.39999389648438,193.0,193.0,541200
2017-02-23,193.75,194.85000610351562,193.1999969482422,194.5,194.5,448500
2017-02-27,194.75,195.75,193.5500030517578,194.85000610351562,194.85000610351562,408200
2017-02-28,195.35000610351562,198.14999389648438,194.6999969482422,197.1999969482422,197.1999969482422,735800
2017-03-01,199.5,205.35000610351562,198.64999389648438,204.85000610351562,204.85000610351562,1374200
2017-03-02,206.4499969482422,206.64999389648438,195.35000610351562,196.1999969482422,196.1999969482422,1011400
2017-03-03,195.14999389648438,198.64999389648438,194.9499969482422,198.1999969482422,198.1999969482422,500200
2017-03-06,198.25,200.25,197.60000610351562,199.9499969482422,199.9499969482422,501100
2017-03-07,200.1999969482422,201.9499969482422,198.6999969482422,201.60000610351562,201.60000610351562,510600
2017-03-08,201.35000610351562,202.5,197.5,198.8000030517578,198.8000030517578,446700
2017-03-09,198.4499969482422,200.14999389648438,197.75,198.39999389648438,198.39999389648438,436100
2017-03-10,199.89999389648438,200.60000610351562,197.5,198.25,198.25,395300
2017-03-14,203.14999389648438,204.14999389648438,201.1999969482422,203.39999389648438,203.39999389648438,619500
2017-03-15,203.75,206.0500030517578,202.5,203.89999389648438,203.89999389648438,466900
2017-03-16,205.6999969482422,206.75,205.0,206.4499969482422,206.4499969482422,358600
2017-03-17,206.85000610351562,208.85000610351562,206.1999969482422,208.0,208.0,343400
2017-03-20,208.5,209.14999389648438,206.89999389648438,207.1999969482422,207.1999969482422,274900
2017-03-21,206.9499969482422,211.1999969482422,206.5,210.5,210.5,421900
2017-03-22,209.5500030517578,214.5500030517578,207.5500030517578,211.8000030517578,211.8000030517578,532100
2017-03-23,212.3000030517578,215.25,211.64999389648438,212.25,212.25,272100
2017-03-24,212.8000030517578,214.25,212.4499969482422,213.1999969482422,213.1999969482422,386200
2017-03-27,213.35000610351562,213.85000610351562,211.4499969482422,213.0500030517578,213.0500030517578,321800
2017-03-28,213.89999389648438,214.8000030517578,211.9499969482422,212.14999389648438,212.14999389648438,333000
2017-03-29,213.0,213.39999389648438,210.89999389648438,211.39999389648438,211.39999389648438,423400
2017-03-30,211.5500030517578,217.5,211.5500030517578,215.3000030517578,215.3000030517578,849400
2017-03-31,215.6999969482422,216.4499969482422,214.5500030517578,214.9499969482422,214.9499969482422,328600
2017-04-03,214.9499969482422,219.4499969482422,213.8000030517578,219.10000610351562,219.10000610351562,953500
2017-04-05,219.89999389648438,227.85000610351562,219.85000610351562,225.89999389648438,225.89999389648438,1177900
2017-04-06,226.14999389648438,230.1999969482422,224.6999969482422,227.9499969482422,227.9499969482422,1073000
2017-04-07,227.5,230.60000610351562,223.60000610351562,224.60000610351562,224.60000610351562,694100
2017-04-10,225.5,226.3000030517578,222.14999389648438,223.35000610351562,223.35000610351562,456600
2017-04-11,223.8000030517578,226.89999389648438,223.60000610351562,226.10000610351562,226.10000610351562,636700
2017-04-12,226.85000610351562,227.25,221.39999389648438,226.39999389648438,226.39999389648438,967500
2017-04-13,226.9499969482422,229.6999969482422,226.5500030517578,228.0,228.0,902600
2017-04-17,228.35000610351562,247.14999389648438,227.9499969482422,246.3000030517578,246.3000030517578,3559000
2017-04-18,247.6999969482422,250.6999969482422,236.89999389648438,237.9499969482422,237.9499969482422,1884100
2017-04-19,235.0500030517578,242.6999969482422,234.6999969482422,241.4499969482422,241.4499969482422,1203200
2017-04-20,242.64999389648438,247.39999389648438,242.14999389648438,246.5500030517578,246.5500030517578,635900
2017-04-21,248.14999389648438,257.04998779296875,246.89999389648438,252.5,252.5,1382900
2017-04-24,253.39999389648438,262.45001220703125,253.35000610351562,258.54998779296875,258.54998779296875,1462700
2017-04-25,261.45001220703125,264.04998779296875,259.79998779296875,262.45001220703125,262.45001220703125,881600
2017-04-26,263.6499938964844,264.04998779296875,249.39999389648438,254.64999389648438,254.64999389648438,1114200
2017-04-27,255.5500030517578,256.8999938964844,252.5,255.64999389648438,255.64999389648438,715200
2017-04-28,255.75,256.04998779296875,249.75,251.0500030517578,251.0500030517578,776200
2017-05-02,252.39999389648438,258.54998779296875,251.85000610351562,255.64999389648438,255.64999389648438,710100
2017-05-03,256.95001220703125,262.45001220703125,256.95001220703125,259.6000061035156,259.6000061035156,748900
2017-05-04,260.29998779296875,260.95001220703125,255.75,257.3500061035156,257.3500061035156,445600
2017-05-05,258.75,259.70001220703125,252.6999969482422,254.9499969482422,254.9499969482422,496500
2017-05-08,256.04998779296875,266.6000061035156,252.5,265.6499938964844,265.6499938964844,1074900
2017-05-09,267.6499938964844,270.75,266.45001220703125,266.8500061035156,266.8500061035156,1177900
2017-05-10,268.25,268.6499938964844,264.8999938964844,267.1499938964844,267.1499938964844,552700
2017-05-11,268.0,271.8999938964844,267.04998779296875,267.8500061035156,267.8500061035156,636900
2017-05-12,268.29998779296875,270.3999938964844,262.75,269.5,269.5,892500
2017-05-15,271.29998779296875,273.04998779296875,269.6499938964844,271.54998779296875,271.54998779296875,651200
2017-05-16,272.6499938964844,274.6499938964844,270.1000061035156,274.1000061035156,274.1000061035156,1637000
2017-05-17,274.25,276.3999938964844,272.70001220703125,273.6499938964844,273.6499938964844,748300
2017-05-18,270.3500061035156,271.20001220703125,263.5,264.70001220703125,264.70001220703125,619500
2017-05-19,266.29998779296875,270.25,259.45001220703125,264.5,264.5,653000
2017-05-22,266.3999938964844,268.75,259.8999938964844,260.6000061035156,260.6000061035156,472000
2017-05-23,261.8999938964844,262.04998779296875,250.4499969482422,253.4499969482422,253.4499969482422,789300
2017-05-24,253.8000030517578,256.0,246.3000030517578,249.4499969482422,249.4499969482422,842500
2017-05-25,251.4499969482422,255.25,249.89999389648438,254.6999969482422,254.6999969482422,615100
2017-05-26,255.35000610351562,257.54998779296875,253.4499969482422,256.1499938964844,256.1499938964844,506200
2017-05-29,253.6999969482422,256.3999938964844,244.5,245.10000610351562,245.10000610351562,637900
2017-05-30,244.39999389648438,248.35000610351562,240.6999969482422,247.60000610351562,247.60000610351562,674700
2017-05-31,248.8000030517578,253.5500030517578,248.25,250.39999389648438,250.39999389648438,954500
2017-06-01,250.8000030517578,252.9499969482422,249.60000610351562,250.6999969482422,250.6999969482422,561000
2017-06-02,251.6999969482422,255.10000610351562,249.6999969482422,254.0,254.0,502500
2017-06-05,254.3000030517578,257.8500061035156,253.89999389648438,255.9499969482422,255.9499969482422,449500
2017-06-06,257.1000061035156,257.25,250.10000610351562,252.4499969482422,252.4499969482422,484500
2017-06-07,253.14999389648438,255.3000030517578,251.75,252.75,252.75,492500
2017-06-08,253.6999969482422,254.75,250.0,252.25,252.25,587100
2017-06-09,252.0500030517578,260.5,251.35000610351562,259.6499938964844,259.6499938964844,869900
2017-06-12,258.5,263.20001220703125,257.8999938964844,259.04998779296875,259.04998779296875,781700
2017-06-13,260.0,262.29998779296875,259.45001220703125,260.95001220703125,260.95001220703125,448200
2017-06-14,262.3500061035156,265.79998779296875,260.1499938964844,264.5,264.5,452900
2017-06-15,265.25,271.1000061035156,265.0,270.20001220703125,270.20001220703125,760900
2017-06-16,272.1000061035156,275.6499938964844,269.54998779296875,270.95001220703125,270.95001220703125,935600
2017-06-19,271.5,272.79998779296875,267.8999938964844,270.1000061035156,270.1000061035156,711000
2017-06-20,270.45001220703125,272.25,267.1499938964844,270.6000061035156,270.6000061035156,482700
2017-06-21,271.54998779296875,274.1000061035156,271.04998779296875,272.1000061035156,272.1000061035156,654700
2017-06-22,273.20001220703125,275.25,262.45001220703125,267.79998779296875,267.79998779296875,1520200
2017-06-23,268.1000061035156,270.0,258.75,263.45001220703125,263.45001220703125,998900
2017-06-27,263.79998779296875,265.6499938964844,257.6000061035156,260.04998779296875,260.04998779296875,782000
2017-06-28,259.8999938964844,263.29998779296875,257.3999938964844,262.1000061035156,262.1000061035156,1094700
2017-06-29,263.8500061035156,265.3500061035156,263.1000061035156,264.54998779296875,264.54998779296875,845400
2017-06-30,261.8500061035156,264.70001220703125,259.5,263.45001220703125,263.45001220703125,663500
2017-07-03,264.6000061035156,268.25,263.8500061035156,267.1000061035156,267.1000061035156,428700
2017-07-04,268.20001220703125,269.6499938964844,264.6000061035156,265.75,265.75,856900
2017-07-05,266.0,270.45001220703125,265.20001220703125,269.8500061035156,269.8500061035156,744100
2017-07-06,272.1000061035156,276.75,271.75,274.6000061035156,274.6000061035156,1149100
2017-07-07,274.04998779296875,280.20001220703125,273.45001220703125,279.45001220703125,279.45001220703125,2225400
2017-07-10,282.0,285.54998779296875,278.6499938964844,281.5,281.5,490400
2017-07-11,281.6499938964844,283.25,276.45001220703125,277.20001220703125,277.20001220703125,1236500
2017-07-12,278.54998779296875,279.79998779296875,276.70001220703125,277.6499938964844,277.6499938964844,852300
2017-07-13,278.95001220703125,282.70001220703125,277.75,278.29998779296875,278.29998779296875,574800
2017-07-14,278.45001220703125,279.04998779296875,274.1499938964844,276.29998779296875,276.29998779296875,818200
2017-07-17,276.70001220703125,281.8500061035156,274.54998779296875,280.3999938964844,280.3999938964844,2953700
2017-07-18,279.20001220703125,282.1499938964844,276.54998779296875,277.54998779296875,277.54998779296875,1352800
2017-07-19,278.6000061035156,283.5,278.20001220703125,281.29998779296875,281.29998779296875,1038400
2017-07-20,281.95001220703125,283.54998779296875,281.20001220703125,282.04998779296875,282.04998779296875,894000
2017-07-21,283.3999938964844,283.6000061035156,276.45001220703125,279.8999938964844,279.8999938964844,1107700
2017-07-24,280.54998779296875,283.45001220703125,279.20001220703125,280.0,280.0,1498900
2017-07-25,281.29998779296875,281.95001220703125,279.29998779296875,281.04998779296875,281.04998779296875,1584400
2017-07-26,282.70001220703125,285.8999938964844,281.70001220703125,282.54998779296875,282.54998779296875,1221100
2017-07-27,283.70001220703125,289.1499938964844,279.45001220703125,281.8999938964844,281.8999938964844,1485900
2017-07-28,281.1499938964844,283.20001220703125,278.45001220703125,281.20001220703125,281.20001220703125,744800
2017-07-31,280.95001220703125,283.54998779296875,279.29998779296875,282.95001220703125,282.95001220703125,554200
2017-08-01,284.1000061035156,284.8500061035156,281.6000061035156,282.95001220703125,282.95001220703125,607700
2017-08-02,284.8500061035156,285.45001220703125,280.79998779296875,282.3500061035156,282.3500061035156,686200
2017-08-03,281.45001220703125,283.45001220703125,278.45001220703125,279.95001220703125,279.95001220703125,1064000
2017-08-04,280.1000061035156,281.70001220703125,278.8999938964844,280.6000061035156,280.6000061035156,1284200
2017-08-07,280.95001220703125,286.79998779296875,280.8500061035156,284.95001220703125,284.95001220703125,1371800
2017-08-08,284.25,286.29998779296875,270.95001220703125,272.3999938964844,272.3999938964844,1663700
2017-08-09,270.75,276.04998779296875,265.29998779296875,271.04998779296875,271.04998779296875,2811500
2017-08-10,269.3500061035156,272.6499938964844,249.60000610351562,257.29998779296875,257.29998779296875,1539700
2017-08-11,253.64999389648438,260.75,250.89999389648438,254.89999389648438,254.89999389648438,1219000
2017-08-14,259.3999938964844,272.1499938964844,258.45001220703125,269.6499938964844,269.6499938964844,1283900
2017-08-16,271.45001220703125,273.0,268.6499938964844,271.95001220703125,271.95001220703125,776800
2017-08-17,272.95001220703125,276.8500061035156,271.70001220703125,273.5,273.5,692300
2017-08-18,271.25,273.54998779296875,268.25,271.29998779296875,271.29998779296875,708100
2017-08-21,272.3999938964844,273.79998779296875,267.54998779296875,268.54998779296875,268.54998779296875,620300
2017-08-22,270.79998779296875,271.8500061035156,263.95001220703125,266.1499938964844,266.1499938964844,735400
2017-08-23,270.29998779296875,276.29998779296875,269.25,275.29998779296875,275.29998779296875,937700
2017-08-24,275.1000061035156,276.79998779296875,273.0,273.6499938964844,273.6499938964844,745700
2017-08-28,276.45001220703125,277.75,273.6499938964844,274.5,274.5,780900
2017-08-29,272.6000061035156,275.3999938964844,270.95001220703125,272.04998779296875,272.04998779296875,723100
2017-08-30,274.5,277.95001220703125,274.29998779296875,276.6499938964844,276.6499938964844,459200
2017-08-31,277.29998779296875,281.70001220703125,275.45001220703125,280.3999938964844,280.3999938964844,486900
2017-09-01,281.04998779296875,289.45001220703125,281.0,287.6499938964844,287.6499938964844,976700
2017-09-04,286.79998779296875,288.3999938964844,277.6000061035156,282.8999938964844,282.8999938964844,869400
2017-09-05,283.8500061035156,287.3999938964844,283.29998779296875,286.8999938964844,286.8999938964844,487600
2017-09-06,284.1000061035156,288.75,283.04998779296875,287.1000061035156,287.1000061035156,970300
2017-09-07,288.75,292.25,288.6000061035156,289.3999938964844,289.3999938964844,755200
2017-09-08,290.45001220703125,291.20001220703125,283.5,285.1499938964844,285.1499938964844,564400
2017-09-11,287.95001220703125,288.79998779296875,286.45001220703125,287.04998779296875,287.04998779296875,446400
2017-09-12,289.1000061035156,293.75,289.0,292.8999938964844,292.8999938964844,677600
2017-09-13,294.1499938964844,294.8500061035156,288.3500061035156,289.20001220703125,289.20001220703125,460300
2017-09-14,291.20001220703125,292.70001220703125,287.20001220703125,287.70001220703125,287.70001220703125,387500
2017-09-15,285.8500061035156,288.1000061035156,283.5,286.75,286.75,507600
2017-09-18,289.20001220703125,289.79998779296875,285.3500061035156,288.75,288.75,846500
2017-09-19,289.0,293.1000061035156,287.70001220703125,291.29998779296875,291.29998779296875,955200
2017-09-20,292.1000061035156,293.8500061035156,288.79998779296875,289.75,289.75,708300
2017-09-21,290.3999938964844,292.29998779296875,284.25,285.3500061035156,285.3500061035156,672100
2017-09-22,282.8999938964844,283.95001220703125,271.25,272.95001220703125,272.95001220703125,680500
2017-09-25,274.45001220703125,275.6000061035156,261.25,264.3999938964844,264.3999938964844,925900
2017-09-26,265.6000061035156,274.6499938964844,265.20001220703125,271.5,271.5,600500
2017-09-27,273.0,275.79998779296875,262.04998779296875,263.54998779296875,263.54998779296875,620200
2017-09-28,264.8500061035156,267.8999938964844,263.1499938964844,266.45001220703125,266.45001220703125,505600
2017-09-29,268.8500061035156,275.6000061035156,268.1499938964844,273.5,273.5,631600
2017-10-03,276.6000061035156,277.95001220703125,273.3999938964844,274.25,274.25,424100
2017-10-04,275.45001220703125,276.95001220703125,273.29998779296875,275.54998779296875,275.54998779296875,299100
2017-10-05,276.29998779296875,280.20001220703125,276.29998779296875,278.04998779296875,278.04998779296875,404800
2017-10-06,278.0,280.6499938964844,277.45001220703125,278.45001220703125,278.45001220703125,345900
2017-10-09,279.04998779296875,286.6000061035156,276.1499938964844,284.95001220703125,284.95001220703125,559700
2017-10-10,285.8500061035156,286.54998779296875,281.8999938964844,282.5,282.5,417500
2017-10-11,284.04998779296875,285.5,275.45001220703125,277.04998779296875,277.04998779296875,530100
2017-10-12,278.29998779296875,282.3999938964844,278.20001220703125,281.70001220703125,281.70001220703125,461800
2017-10-13,282.45001220703125,286.25,279.70001220703125,282.54998779296875,282.54998779296875,331600
2017-10-16,283.95001220703125,287.6000061035156,282.54998779296875,285.70001220703125,285.70001220703125,335700
2017-10-17,285.25,289.3999938964844,283.8500061035156,288.25,288.25,435600
2017-10-18,288.79998779296875,289.8500061035156,286.75,287.95001220703125,287.95001220703125,390000
2017-10-19,289.1000061035156,290.1000061035156,285.3500061035156,287.25,287.25,86200
2017-10-23,289.1499938964844,292.54998779296875,286.20001220703125,289.95001220703125,289.95001220703125,588700
2017-10-24,290.95001220703125,295.6000061035156,290.79998779296875,291.6000061035156,291.6000061035156,401600
2017-10-25,296.0,296.75,287.25,290.3999938964844,290.3999938964844,368700
2017-10-26,290.95001220703125,293.6499938964844,287.04998779296875,291.6499938964844,291.6499938964844,466400
2017-10-27,293.95001220703125,294.20001220703125,289.1000061035156,290.1499938964844,290.1499938964844,440200
2017-10-30,291.79998779296875,296.79998779296875,290.54998779296875,295.95001220703125,295.95001220703125,804500
2017-10-31,296.1000061035156,305.25,294.8500061035156,304.5,304.5,826200
2017-11-01,307.75,316.8999938964844,305.75,312.3999938964844,312.3999938964844,1051600
2017-11-02,312.70001220703125,314.3500061035156,309.8500061035156,312.5,312.5,419600
2017-11-03,313.5,316.29998779296875,312.25,314.6499938964844,314.6499938964844,586700
2017-11-06,316.8500061035156,319.1499938964844,313.5,316.04998779296875,316.04998779296875,559800
2017-11-07,318.25,319.3500061035156,307.20001220703125,308.95001220703125,308.95001220703125,580900
2017-11-08,309.6499938964844,311.1499938964844,303.75,306.54998779296875,306.54998779296875,447300
2017-11-09,309.04998779296875,310.20001220703125,303.3999938964844,306.25,306.25,396000
2017-11-10,305.95001220703125,311.8999938964844,303.79998779296875,306.29998779296875,306.29998779296875,454600
2017-11-13,304.6000061035156,306.45001220703125,299.75,302.04998779296875,302.04998779296875,579800
2017-11-14,301.8500061035156,304.8500061035156,300.29998779296875,303.5,303.5,475200
2017-11-15,303.3999938964844,304.54998779296875,295.1499938964844,298.04998779296875,298.04998779296875,448100
2017-11-16,299.79998779296875,303.0,296.95001220703125,302.0,302.0,607700
2017-11-17,307.8500061035156,316.25,307.0,313.04998779296875,313.04998779296875,1117600
2017-11-20,313.3999938964844,321.3500061035156,312.3999938964844,319.70001220703125,319.70001220703125,740000
2017-11-21,321.25,323.04998779296875,314.70001220703125,316.04998779296875,316.04998779296875,444400
2017-11-22,318.45001220703125,320.79998779296875,315.8999938964844,316.8999938964844,316.8999938964844,633100
2017-11-23,318.04998779296875,320.0,313.5,317.1000061035156,317.1000061035156,609000
2017-11-24,318.1000061035156,318.6000061035156,316.20001220703125,317.79998779296875,317.79998779296875,543800
2017-11-27,318.45001220703125,321.75,316.6000061035156,320.54998779296875,320.54998779296875,587200
2017-11-28,320.75,323.1000061035156,317.5,319.1499938964844,319.1499938964844,513100
2017-11-29,319.1499938964844,326.29998779296875,318.8999938964844,322.0,322.0,655700
2017-11-30,319.8999938964844,327.25,318.8500061035156,325.6000061035156,325.6000061035156,1126700
2017-12-01,328.3500061035156,330.3999938964844,316.75,319.1499938964844,319.1499938964844,490600
2017-12-04,321.70001220703125,322.20001220703125,316.04998779296875,317.95001220703125,317.95001220703125,375300
2017-12-05,317.8999938964844,320.6000061035156,315.79998779296875,316.20001220703125,316.20001220703125,371400
2017-12-06,315.3500061035156,319.5,314.3500061035156,315.1499938964844,315.1499938964844,411500
2017-12-07,316.3500061035156,321.6000061035156,315.95001220703125,321.04998779296875,321.04998779296875,502600
2017-12-08,322.8500061035156,324.3999938964844,322.1499938964844,323.3999938964844,323.3999938964844,1582500
2017-12-11,326.29998779296875,327.1499938964844,322.3500061035156,322.8500061035156,322.8500061035156,2168000
2017-12-12,322.95001220703125,323.3999938964844,317.1499938964844,317.79998779296875,317.79998779296875,1043700
2017-12-13,318.1499938964844,318.95001220703125,309.5,311.0,311.0,2157300
2017-12-14,314.04998779296875,315.75,308.6000061035156,312.0,312.0,650900
2017-12-15,314.79998779296875,318.3999938964844,313.6499938964844,317.25,317.25,546600
2017-12-18,314.5,320.95001220703125,305.29998779296875,315.6499938964844,315.6499938964844,581300
2017-12-19,318.0,321.6499938964844,316.8500061035156,320.75,320.75,639900
2017-12-20,321.8999938964844,332.45001220703125,321.29998779296875,330.20001220703125,330.20001220703125,1213300
2017-12-21,331.54998779296875,333.95001220703125,328.3999938964844,332.70001220703125,332.70001220703125,2124400
2017-12-22,334.6499938964844,336.29998779296875,332.1499938964844,333.25,333.25,929400
2017-12-26,334.04998779296875,338.54998779296875,333.79998779296875,337.04998779296875,337.04998779296875,753200
2017-12-27,339.04998779296875,339.5,332.79998779296875,334.8999938964844,334.8999938964844,566200
2017-12-28,335.75,346.29998779296875,335.1000061035156,345.1000061035156,345.1000061035156,1534200
2017-12-29,346.5,348.6499938964844,344.20001220703125,346.8999938964844,346.8999938964844,2842300
2018-01-01,349.3500061035156,355.6000061035156,346.25,347.70001220703125,347.70001220703125,3037900
2018-01-02,350.29998779296875,352.70001220703125,341.79998779296875,343.8500061035156,343.8500061035156,2528500
2018-01-03,345.1499938964844,349.5,344.1000061035156,345.45001220703125,345.45001220703125,1198100
2018-01-04,346.6000061035156,347.70001220703125,342.5,344.79998779296875,344.79998779296875,1327700
2018-01-05,346.04998779296875,351.45001220703125,345.20001220703125,347.29998779296875,347.29998779296875,2275000
2018-01-08,351.95001220703125,354.29998779296875,349.29998779296875,350.54998779296875,350.54998779296875,1049900
2018-01-09,352.45001220703125,361.5,350.79998779296875,360.3999938964844,360.3999938964844,1150700
2018-01-10,362.29998779296875,365.8500061035156,360.8999938964844,364.95001220703125,364.95001220703125,1150200
2018-01-11,365.8500061035156,373.5,365.54998779296875,372.25,372.25,844500
2018-01-12,374.54998779296875,375.1499938964844,362.6499938964844,366.79998779296875,366.79998779296875,857300
2018-01-15,368.8999938964844,371.45001220703125,366.0,366.8999938964844,366.8999938964844,904000
2018-01-16,368.3500061035156,368.45001220703125,352.8999938964844,354.5,354.5,1033200
2018-01-17,355.54998779296875,358.45001220703125,344.25,357.54998779296875,357.54998779296875,1418600
2018-01-18,360.3999938964844,360.95001220703125,340.8500061035156,343.54998779296875,343.54998779296875,984900
2018-01-19,343.1000061035156,348.0,340.79998779296875,347.29998779296875,347.29998779296875,683000
2018-01-22,348.6499938964844,355.04998779296875,347.29998779296875,353.95001220703125,353.95001220703125,475300
2018-01-23,356.1499938964844,358.04998779296875,353.6000061035156,356.29998779296875,356.29998779296875,588800
2018-01-24,356.8999938964844,360.1499938964844,354.04998779296875,356.0,356.0,613000
2018-01-25,356.6000061035156,357.1000061035156,349.0,349.75,349.75,447000
2018-01-29,352.0,353.6000061035156,347.25,348.54998779296875,348.54998779296875,683100
2018-01-30,346.95001220703125,349.20001220703125,344.25,344.79998779296875,344.79998779296875,691100
2018-01-31,345.1000061035156,351.25,343.25,344.70001220703125,344.70001220703125,527000
2018-02-01,347.29998779296875,349.45001220703125,335.8500061035156,341.8999938964844,341.8999938964844,663800
2018-02-02,337.75,337.8999938964844,313.20001220703125,320.79998779296875,320.79998779296875,1028400
2018-02-05,311.79998779296875,320.70001220703125,307.20001220703125,319.3500061035156,319.3500061035156,730800
2018-02-06,303.25,315.95001220703125,299.75,313.3500061035156,313.3500061035156,766000
2018-02-07,319.0,322.1499938964844,317.20001220703125,318.6499938964844,318.6499938964844,504300
2018-02-08,321.3999938964844,329.79998779296875,320.3500061035156,326.8500061035156,326.8500061035156,596300
2018-02-09,318.0,331.95001220703125,317.79998779296875,328.0,328.0,664000
2018-02-12,331.8999938964844,336.6499938964844,331.3999938964844,333.54998779296875,333.54998779296875,571000
2018-02-14,336.95001220703125,339.6499938964844,333.6000061035156,334.70001220703125,334.70001220703125,836300
2018-02-15,336.25,337.70001220703125,329.45001220703125,331.29998779296875,331.29998779296875,488900
2018-02-16,334.3999938964844,336.6499938964844,324.8999938964844,327.20001220703125,327.20001220703125,516300
2018-02-19,328.6499938964844,328.8500061035156,320.5,322.54998779296875,322.54998779296875,455300
2018-02-20,323.8500061035156,324.25,318.04998779296875,320.8500061035156,320.8500061035156,398300
2018-02-21,323.45001220703125,324.1000061035156,317.29998779296875,318.6499938964844,318.6499938964844,451100
2018-02-22,316.45001220703125,321.6000061035156,315.6499938964844,319.6499938964844,319.6499938964844,630400
2018-02-23,320.6000061035156,323.25,320.6000061035156,322.54998779296875,322.54998779296875,400100
2018-02-26,324.6000061035156,334.70001220703125,324.1000061035156,332.6499938964844,332.6499938964844,396400
2018-02-27,333.1499938964844,333.20001220703125,326.29998779296875,327.1499938964844,327.1499938964844,324100
2018-02-28,325.0,329.25,322.54998779296875,326.8999938964844,326.8999938964844,372800
2018-03-01,326.6499938964844,329.0,323.8999938964844,324.75,324.75,295600
2018-03-05,322.79998779296875,324.45001220703125,319.75,321.54998779296875,321.54998779296875,329000
2018-03-06,324.0,327.70001220703125,311.70001220703125,314.25,314.25,365400
2018-03-07,312.04998779296875,314.0,307.3999938964844,311.3999938964844,311.3999938964844,707700
2018-03-08,313.75,317.95001220703125,307.3999938964844,315.8500061035156,315.8500061035156,487200
2018-03-09,317.5,318.3500061035156,313.45001220703125,315.70001220703125,315.70001220703125,424200
2018-03-12,319.3500061035156,320.1000061035156,313.6499938964844,317.3999938964844,317.3999938964844,612600
2018-03-13,317.75,324.79998779296875,316.5,321.95001220703125,321.95001220703125,612100
2018-03-14,320.70001220703125,321.45001220703125,318.29998779296875,320.29998779296875,320.29998779296875,387400
2018-03-15,320.5,323.5,318.6499938964844,319.95001220703125,319.95001220703125,544100
2018-03-16,320.6000061035156,323.3999938964844,313.6000061035156,314.79998779296875,314.79998779296875,553900
2018-03-19,315.20001220703125,316.8500061035156,304.29998779296875,305.54998779296875,305.54998779296875,372700
2018-03-20,303.0,305.6000061035156,301.3500061035156,304.29998779296875,304.29998779296875,289700
2018-03-21,307.1000061035156,312.79998779296875,305.20001220703125,306.70001220703125,306.70001220703125,304700
2018-03-22,306.29998779296875,308.1499938964844,301.8999938964844,303.0,303.0,320500
2018-03-23,295.45001220703125,297.5,290.8500061035156,292.95001220703125,292.95001220703125,410800
2018-03-26,294.79998779296875,297.8999938964844,292.20001220703125,296.3999938964844,296.3999938964844,520400
2018-03-27,298.5,300.3500061035156,296.25,297.25,297.25,378700
2018-03-28,296.04998779296875,297.3500061035156,291.54998779296875,294.04998779296875,294.04998779296875,552900
2018-04-02,296.45001220703125,297.79998779296875,293.20001220703125,296.3999938964844,296.3999938964844,325400
2018-04-03,295.8500061035156,298.6000061035156,295.0,297.8999938964844,297.8999938964844,516800
2018-04-04,300.0,305.45001220703125,293.04998779296875,294.0,294.0,1391700
2018-04-05,299.3500061035156,302.70001220703125,298.1499938964844,301.70001220703125,301.70001220703125,567300
2018-04-06,304.8500061035156,305.29998779296875,302.25,303.3999938964844,303.3999938964844,525500
2018-04-09,304.25,305.8999938964844,302.70001220703125,303.29998779296875,303.29998779296875,301900
2018-04-10,305.54998779296875,307.3500061035156,302.54998779296875,306.6000061035156,306.6000061035156,449800
2018-04-11,307.3999938964844,308.1499938964844,304.5,305.3999938964844,305.3999938964844,342100
2018-04-12,305.20001220703125,305.20001220703125,298.79998779296875,299.54998779296875,299.54998779296875,350700
2018-04-13,300.6000061035156,303.20001220703125,298.75,300.8999938964844,300.8999938964844,268200
2018-04-16,298.45001220703125,306.8999938964844,297.95001220703125,305.79998779296875,305.79998779296875,426200
2018-04-17,307.6499938964844,310.1499938964844,305.1000061035156,309.45001220703125,309.45001220703125,376700
2018-04-18,312.54998779296875,313.70001220703125,309.6499938964844,311.20001220703125,311.20001220703125,420700
2018-04-19,314.1000061035156,314.70001220703125,312.04998779296875,313.20001220703125,313.20001220703125,290600
2018-04-20,312.29998779296875,312.8500061035156,309.04998779296875,310.20001220703125,310.20001220703125,233200
2018-04-23,311.45001220703125,317.54998779296875,310.45001220703125,315.20001220703125,315.20001220703125,265300
2018-04-24,317.3500061035156,319.3500061035156,314.5,316.45001220703125,316.45001220703125,285300
2018-04-25,316.1499938964844,325.6499938964844,313.54998779296875,318.3500061035156,318.3500061035156,661500
2018-04-26,321.6499938964844,324.29998779296875,315.25,316.1499938964844,316.1499938964844,821900
2018-04-27,317.04998779296875,322.0,315.8500061035156,317.25,317.25,284400
2018-04-30,319.8999938964844,323.6000061035156,317.75,322.25,322.25,395300
2018-05-02,322.1000061035156,323.8500061035156,313.3999938964844,315.79998779296875,315.79998779296875,403800
2018-05-03,314.8999938964844,315.20001220703125,308.04998779296875,310.54998779296875,310.54998779296875,328200
2018-05-04,311.0,313.6499938964844,308.95001220703125,310.1000061035156,310.1000061035156,261700
2018-05-07,311.25,315.3500061035156,311.20001220703125,313.54998779296875,313.54998779296875,213800
2018-05-08,314.6499938964844,317.95001220703125,313.45001220703125,317.25,317.25,343000
2018-05-09,317.04998779296875,318.75,315.20001220703125,316.95001220703125,316.95001220703125,196600
2018-05-10,317.70001220703125,318.25,309.8500061035156,310.70001220703125,310.70001220703125,300400
2018-05-11,312.45001220703125,312.70001220703125,307.6000061035156,309.1499938964844,309.1499938964844,228900
2018-05-14,310.1000061035156,312.6499938964844,305.5,307.0,307.0,352900
2018-05-15,305.1000061035156,312.45001220703125,299.6000061035156,300.8500061035156,300.8500061035156,438700
2018-05-16,300.8500061035156,308.1499938964844,300.79998779296875,307.04998779296875,307.04998779296875,529800
2018-05-17,308.5,308.95001220703125,305.20001220703125,307.3500061035156,307.3500061035156,649300
2018-05-18,307.54998779296875,308.1000061035156,300.3500061035156,302.75,302.75,444300
2018-05-21,302.45001220703125,302.79998779296875,291.25,292.79998779296875,292.79998779296875,331600
2018-05-22,293.20001220703125,297.70001220703125,289.1000061035156,296.3999938964844,296.3999938964844,429000
2018-05-23,295.54998779296875,298.04998779296875,292.3999938964844,293.8500061035156,293.8500061035156,278300
2018-05-24,294.70001220703125,294.95001220703125,290.1000061035156,291.79998779296875,291.79998779296875,228200
2018-05-25,292.0,297.45001220703125,291.6499938964844,295.5,295.5,226800
2018-05-28,296.8999938964844,301.25,296.8999938964844,300.04998779296875,300.04998779296875,197100
2018-05-29,300.29998779296875,301.1000061035156,296.25,297.1000061035156,297.1000061035156,243100
2018-05-30,294.8999938964844,297.79998779296875,293.6000061035156,297.04998779296875,297.04998779296875,162800
2018-05-31,297.79998779296875,298.6499938964844,293.95001220703125,294.95001220703125,294.95001220703125,354600
2018-06-01,294.54998779296875,295.8999938964844,290.29998779296875,291.25,291.25,198000
2018-06-04,292.20001220703125,292.6499938964844,281.1000061035156,281.54998779296875,281.54998779296875,302300
2018-06-05,281.6000061035156,281.6000061035156,274.75,278.6000061035156,278.6000061035156,515500
2018-06-06,276.75,283.45001220703125,276.6499938964844,282.79998779296875,282.79998779296875,391100
2018-06-07,283.6000061035156,291.75,283.45001220703125,291.20001220703125,291.20001220703125,581700
2018-06-08,289.29998779296875,293.0,287.6000061035156,292.25,292.25,704900
2018-06-11,293.8999938964844,294.8500061035156,289.54998779296875,290.45001220703125,290.45001220703125,372800
2018-06-12,290.79998779296875,292.1499938964844,288.95001220703125,291.6499938964844,291.6499938964844,324100
2018-06-13,291.70001220703125,293.20001220703125,290.20001220703125,291.5,291.5,340700
2018-06-14,290.8500061035156,291.6499938964844,289.54998779296875,291.5,291.5,299900
2018-06-15,292.1499938964844,293.45001220703125,286.8500061035156,287.79998779296875,287.79998779296875,401100
2018-06-18,288.04998779296875,288.25,284.79998779296875,286.70001220703125,286.70001220703125,215500
2018-06-19,286.20001220703125,286.20001220703125,280.3999938964844,280.95001220703125,280.95001220703125,223100
2018-06-20,283.04998779296875,285.0,282.45001220703125,284.04998779296875,284.04998779296875,166500
2018-06-21,284.75,285.3500061035156,280.45001220703125,281.79998779296875,281.79998779296875,182000
2018-06-22,281.8999938964844,282.75,279.0,282.25,282.25,163000
2018-06-25,282.20001220703125,284.45001220703125,276.8500061035156,278.04998779296875,278.04998779296875,163300
2018-06-26,277.54998779296875,279.5,274.8500061035156,276.04998779296875,276.04998779296875,206900
2018-06-27,276.20001220703125,277.5,269.25,271.1000061035156,271.1000061035156,277700
2018-06-28,269.79998779296875,269.79998779296875,263.1499938964844,265.1000061035156,265.1000061035156,282600
2018-06-29,267.6000061035156,272.70001220703125,267.5,271.54998779296875,271.54998779296875,231600
2018-07-02,272.04998779296875,272.6499938964844,265.6499938964844,267.8500061035156,267.8500061035156,200700
2018-07-03,266.95001220703125,270.0,265.3500061035156,268.25,268.25,175700
2018-07-04,267.95001220703125,270.20001220703125,266.20001220703125,269.5,269.5,152200
2018-07-05,268.6499938964844,269.45001220703125,263.5,264.6499938964844,264.6499938964844,160000
2018-07-06,265.45001220703125,270.25,265.0,267.29998779296875,267.29998779296875,190100
2018-07-09,268.5,270.8500061035156,267.8999938964844,269.3500061035156,269.3500061035156,152700
2018-07-10,270.8999938964844,275.3500061035156,270.70001220703125,274.20001220703125,274.20001220703125,247600
2018-07-11,273.6000061035156,276.79998779296875,273.04998779296875,274.45001220703125,274.45001220703125,220400
2018-07-12,275.6499938964844,276.5,270.70001220703125,271.45001220703125,271.45001220703125,150800
2018-07-13,271.8500061035156,272.3500061035156,266.1499938964844,266.8500061035156,266.8500061035156,146400
2018-07-16,267.70001220703125,268.25,257.1000061035156,258.0,258.0,196800
2018-07-17,257.04998779296875,261.3999938964844,255.89999389648438,260.6499938964844,260.6499938964844,240500
2018-07-18,262.3999938964844,262.79998779296875,253.4499969482422,254.39999389648438,254.39999389648438,213500
2018-07-19,255.5500030517578,256.6000061035156,251.35000610351562,253.89999389648438,253.89999389648438,198700
2018-07-20,254.8000030517578,257.70001220703125,252.6999969482422,257.1000061035156,257.1000061035156,160400
2018-07-23,257.0,262.1499938964844,256.8500061035156,261.5,261.5,192400
2018-07-24,262.45001220703125,268.8999938964844,261.8999938964844,268.04998779296875,268.04998779296875,330500
2018-07-25,268.75,268.95001220703125,263.70001220703125,264.29998779296875,264.29998779296875,214900
2018-07-26,265.0,267.3999938964844,264.04998779296875,266.3999938964844,266.3999938964844,163400
2018-07-27,267.29998779296875,269.6000061035156,266.45001220703125,267.8500061035156,267.8500061035156,184500
2018-07-30,267.8500061035156,269.54998779296875,266.8500061035156,268.3500061035156,268.3500061035156,158300
2018-07-31,269.8500061035156,275.0,269.5,272.8500061035156,272.8500061035156,925400
2018-08-01,273.29998779296875,274.29998779296875,270.45001220703125,273.3500061035156,273.3500061035156,317200
2018-08-02,272.8999938964844,272.8999938964844,268.45001220703125,268.79998779296875,268.79998779296875,281200
2018-08-03,269.54998779296875,272.1000061035156,269.45001220703125,270.3999938964844,270.3999938964844,284000
2018-08-06,271.6499938964844,272.0,268.3999938964844,268.79998779296875,268.79998779296875,142500
2018-08-07,270.20001220703125,270.6000061035156,266.0,267.1499938964844,267.1499938964844,176500
2018-08-08,266.1000061035156,268.8500061035156,265.70001220703125,267.0,267.0,193200
2018-08-09,267.79998779296875,274.29998779296875,266.8500061035156,272.54998779296875,272.54998779296875,463400
2018-08-10,273.8500061035156,275.0,271.3500061035156,272.29998779296875,272.29998779296875,351700
2018-08-13,269.8500061035156,271.75,268.1499938964844,269.70001220703125,269.70001220703125,179800
2018-08-14,269.6499938964844,275.70001220703125,269.54998779296875,275.04998779296875,275.04998779296875,509700
2018-08-16,272.45001220703125,275.3999938964844,270.3999938964844,273.6499938964844,273.6499938964844,885300
2018-08-17,275.0,277.0,274.79998779296875,276.04998779296875,276.04998779296875,884200
2018-08-20,277.6499938964844,279.3999938964844,276.8999938964844,277.8500061035156,277.8500061035156,561700
2018-08-21,278.0,278.6000061035156,272.3500061035156,272.8500061035156,272.8500061035156,423800
2018-08-23,273.75,275.45001220703125,271.6499938964844,273.95001220703125,273.95001220703125,333500
2018-08-24,273.1499938964844,276.04998779296875,272.45001220703125,273.45001220703125,273.45001220703125,306700
2018-08-27,274.70001220703125,276.5,272.79998779296875,273.6499938964844,273.6499938964844,285700
2018-08-28,274.45001220703125,274.8500061035156,270.5,271.20001220703125,271.20001220703125,327600
2018-08-29,271.20001220703125,277.54998779296875,270.1000061035156,274.3999938964844,274.3999938964844,663900
2018-08-30,275.1000061035156,276.95001220703125,273.25,276.04998779296875,276.04998779296875,418900
2018-08-31,275.95001220703125,278.6000061035156,273.75,275.8500061035156,275.8500061035156,432400
2018-09-03,272.5,276.8999938964844,270.75,273.1000061035156,273.1000061035156,498100
2018-09-04,272.6000061035156,273.95001220703125,266.54998779296875,268.04998779296875,268.04998779296875,419000
2018-09-05,267.20001220703125,267.54998779296875,261.1499938964844,265.04998779296875,265.04998779296875,470000
2018-09-06,267.3500061035156,269.70001220703125,263.79998779296875,266.45001220703125,266.45001220703125,305500
2018-09-07,267.1499938964844,269.20001220703125,265.6000061035156,268.1499938964844,268.1499938964844,209800
2018-09-10,267.75,268.1499938964844,263.25,264.1000061035156,264.1000061035156,185100
2018-09-11,264.3999938964844,265.3999938964844,258.3500061035156,258.8500061035156,258.8500061035156,309200
2018-09-12,258.29998779296875,259.25,252.60000610351562,257.25,257.25,564800
2018-09-14,259.54998779296875,267.5,259.04998779296875,266.1499938964844,266.1499938964844,285800
2018-09-17,266.20001220703125,270.04998779296875,264.1499938964844,269.1499938964844,269.1499938964844,259900
2018-09-18,269.25,271.29998779296875,259.8999938964844,260.95001220703125,260.95001220703125,183400
2018-09-19,261.79998779296875,262.3500061035156,256.29998779296875,257.75,257.75,164700
2018-09-21,259.8500061035156,260.54998779296875,238.75,248.6999969482422,248.6999969482422,590500
2018-09-24,248.89999389648438,249.0500030517578,234.25,235.5500030517578,235.5500030517578,410900
2018-09-25,234.9499969482422,235.3000030517578,221.35000610351562,231.5,231.5,591700
2018-09-26,233.9499969482422,238.64999389648438,230.75,237.10000610351562,237.10000610351562,632000
2018-09-27,236.6999969482422,237.64999389648438,229.4499969482422,230.5500030517578,230.5500030517578,359500
2018-09-28,231.3000030517578,231.5,218.0,219.60000610351562,219.60000610351562,444900
2018-10-01,217.5,219.0,211.35000610351562,216.3000030517578,216.3000030517578,518100
2018-10-03,215.1999969482422,218.60000610351562,214.0,216.1999969482422,216.1999969482422,416000
2018-10-04,211.89999389648438,215.5500030517578,209.5500030517578,214.64999389648438,214.64999389648438,316900
2018-10-05,212.3000030517578,216.0,206.5,208.8000030517578,208.8000030517578,280400
2018-10-08,209.14999389648438,210.64999389648438,198.6999969482422,202.10000610351562,202.10000610351562,390400
2018-10-09,202.5,203.5,198.4499969482422,200.10000610351562,200.10000610351562,238200
2018-10-10,201.0,209.64999389648438,200.85000610351562,208.5,208.5,278800
2018-10-11,200.39999389648438,205.25,198.25,202.64999389648438,202.64999389648438,280200
2018-10-12,204.60000610351562,210.1999969482422,204.1999969482422,209.5500030517578,209.5500030517578,197400
2018-10-15,211.10000610351562,211.3000030517578,207.64999389648438,209.85000610351562,209.85000610351562,157600
2018-10-16,210.3000030517578,212.9499969482422,209.5,212.0,212.0,361400
2018-10-17,214.4499969482422,215.60000610351562,204.9499969482422,205.85000610351562,205.85000610351562,331000
2018-10-19,203.4499969482422,205.75,201.5500030517578,204.3000030517578,204.3000030517578,376200
2018-10-22,204.5,206.14999389648438,201.75,203.64999389648438,203.64999389648438,233900
2018-10-23,201.0,205.9499969482422,200.6999969482422,204.0,204.0,205300
2018-10-24,205.4499969482422,211.39999389648438,205.0500030517578,210.25,210.25,316000
2018-10-25,206.9499969482422,208.0500030517578,204.5,206.0,206.0,311400
2018-10-26,206.39999389648438,207.75,202.9499969482422,205.39999389648438,205.39999389648438,278000
2018-10-29,206.0500030517578,213.0,204.5,212.1999969482422,212.1999969482422,257400
2018-10-30,211.89999389648438,215.3000030517578,211.5500030517578,213.5,213.5,212400
2018-10-31,214.35000610351562,215.85000610351562,210.8000030517578,214.89999389648438,214.89999389648438,179100
2018-11-01,215.60000610351562,221.6999969482422,215.0,220.85000610351562,220.85000610351562,239700
2018-11-02,224.9499969482422,225.3000030517578,220.64999389648438,221.3000030517578,221.3000030517578,434900
2018-11-05,222.64999389648438,225.5500030517578,220.3000030517578,224.64999389648438,224.64999389648438,174700
2018-11-06,227.0500030517578,227.75,224.1999969482422,225.5500030517578,225.5500030517578,97500
2018-11-07,227.0,227.39999389648438,226.35000610351562,227.14999389648438,227.14999389648438,2600
2018-11-09,227.6999969482422,228.6999969482422,224.0,226.0500030517578,226.0500030517578,117400
2018-11-12,226.5,227.8000030517578,222.25,222.75,222.75,112500
2018-11-13,222.3000030517578,223.1999969482422,219.75,221.39999389648438,221.39999389648438,138500
2018-11-14,222.8000030517578,223.60000610351562,217.3000030517578,218.10000610351562,218.10000610351562,155100
2018-11-15,218.85000610351562,222.4499969482422,216.75,221.8000030517578,221.8000030517578,132200
2018-11-16,222.0500030517578,222.89999389648438,219.9499969482422,222.35000610351562,222.35000610351562,93600
2018-11-19,223.5,227.60000610351562,222.39999389648438,226.14999389648438,226.14999389648438,113300
2018-11-20,224.89999389648438,227.35000610351562,223.6999969482422,226.25,226.25,164100
2018-11-21,226.1999969482422,230.25,225.8000030517578,229.64999389648438,229.64999389648438,147500
2018-11-22,229.9499969482422,230.14999389648438,226.0,226.5500030517578,226.5500030517578,88900
2018-11-26,228.10000610351562,228.35000610351562,224.25,227.35000610351562,227.35000610351562,78900
2018-11-27,227.5,231.0,226.4499969482422,227.5500030517578,227.5500030517578,113100
2018-11-28,227.64999389648438,228.14999389648438,223.1999969482422,224.3000030517578,224.3000030517578,111300
2018-11-29,225.25,227.60000610351562,224.25,227.0,227.0,117300
2018-11-30,227.25,233.1999969482422,226.75,232.0,232.0,119300
2018-12-03,234.0,239.0,233.60000610351562,237.60000610351562,237.60000610351562,106700
2018-12-04,236.5,237.64999389648438,234.8000030517578,236.75,236.75,103000
2018-12-05,236.14999389648438,236.85000610351562,233.35000610351562,234.9499969482422,234.9499969482422,146500
2018-12-06,233.64999389648438,233.64999389648438,226.39999389648438,229.3000030517578,229.3000030517578,167100
2018-12-07,230.4499969482422,231.4499969482422,228.1999969482422,230.4499969482422,230.4499969482422,115400
2018-12-10,226.9499969482422,226.9499969482422,223.0,223.4499969482422,223.4499969482422,106300
2018-12-11,220.6999969482422,224.5500030517578,220.0,223.5500030517578,223.5500030517578,98200
2018-12-12,224.8000030517578,234.14999389648438,224.64999389648438,233.3000030517578,233.3000030517578,146300
2018-12-13,233.5500030517578,237.64999389648438,232.75,236.5,236.5,144700
2018-12-14,236.75,238.85000610351562,235.0500030517578,237.1999969482422,237.1999969482422,100000
2018-12-17,238.60000610351562,238.9499969482422,235.0500030517578,236.64999389648438,236.64999389648438,77800
2018-12-18,236.10000610351562,237.89999389648438,235.3000030517578,237.14999389648438,237.14999389648438,87800
2018-12-19,238.14999389648438,244.9499969482422,237.8000030517578,244.14999389648438,244.14999389648438,287700
2018-12-20,244.8000030517578,245.3000030517578,242.3000030517578,243.35000610351562,243.35000610351562,173100
2018-12-21,243.6999969482422,244.25,238.10000610351562,238.5,238.5,216700
2018-12-24,237.8000030517578,237.9499969482422,232.64999389648438,233.39999389648438,233.39999389648438,135300
2018-12-26,233.0500030517578,235.0,228.9499969482422,233.9499969482422,233.9499969482422,148800
2018-12-27,235.9499969482422,236.35000610351562,231.64999389648438,232.60000610351562,232.60000610351562,119200
2018-12-28,234.64999389648438,235.8000030517578,232.5500030517578,233.1999969482422,233.1999969482422,105100
2018-12-31,234.4499969482422,236.0500030517578,231.9499969482422,232.35000610351562,232.35000610351562,80900
2019-01-01,232.75,238.35000610351562,232.60000610351562,237.5,237.5,115200
2019-01-02,237.3000030517578,238.4499969482422,233.5,234.10000610351562,234.10000610351562,132400
2019-01-03,234.85000610351562,235.8000030517578,233.3000030517578,233.9499969482422,233.9499969482422,106900
2019-01-04,234.39999389648438,236.75,233.25,235.89999389648438,235.89999389648438,111300
2019-01-07,237.75,242.10000610351562,237.60000610351562,239.0500030517578,239.0500030517578,190200
2019-01-08,239.75,241.39999389648438,238.1999969482422,239.0,239.0,106200
2019-01-09,240.0,241.25,236.6999969482422,240.5500030517578,240.5500030517578,105300
2019-01-10,242.0,242.9499969482422,238.10000610351562,239.89999389648438,239.89999389648438,171200
2019-01-11,239.85000610351562,240.0500030517578,236.10000610351562,236.64999389648438,236.64999389648438,100900
2019-01-14,236.6999969482422,236.6999969482422,232.9499969482422,234.35000610351562,234.35000610351562,83200
2019-01-15,235.14999389648438,239.60000610351562,235.0,238.5500030517578,238.5500030517578,127200
2019-01-16,238.5500030517578,240.1999969482422,237.5500030517578,238.5500030517578,238.5500030517578,76900
2019-01-17,238.6999969482422,242.4499969482422,238.5500030517578,241.39999389648438,241.39999389648438,121500
2019-01-18,242.6999969482422,242.89999389648438,237.14999389648438,238.3000030517578,238.3000030517578,87000
2019-01-21,238.14999389648438,238.4499969482422,233.9499969482422,234.89999389648438,234.89999389648438,89200
2019-01-22,233.6999969482422,236.9499969482422,233.39999389648438,236.64999389648438,236.64999389648438,115800
2019-01-23,237.3000030517578,237.4499969482422,234.8000030517578,235.5,235.5,127600
2019-01-24,236.64999389648438,242.14999389648438,236.35000610351562,240.60000610351562,240.60000610351562,169100
2019-01-25,240.89999389648438,241.89999389648438,225.39999389648438,230.0500030517578,230.0500030517578,261900
2019-01-28,231.39999389648438,232.0,227.5,229.3000030517578,229.3000030517578,158400
2019-01-29,228.89999389648438,231.0500030517578,226.64999389648438,228.1999969482422,228.1999969482422,101800
2019-01-30,229.25,229.3000030517578,224.64999389648438,226.5,226.5,94800
2019-01-31,227.60000610351562,230.60000610351562,226.1999969482422,228.5500030517578,228.5500030517578,169700
2019-02-01,229.0500030517578,241.39999389648438,228.39999389648438,231.39999389648438,231.39999389648438,276100
2019-02-04,231.75,231.75,227.35000610351562,229.10000610351562,229.10000610351562,95300
2019-02-05,228.6999969482422,230.14999389648438,223.25,223.9499969482422,223.9499969482422,122900
2019-02-06,224.0500030517578,226.1999969482422,220.64999389648438,225.10000610351562,225.10000610351562,169600
2019-02-07,225.25,227.4499969482422,224.4499969482422,224.9499969482422,224.9499969482422,109400
2019-02-08,225.4499969482422,230.0,223.89999389648438,226.64999389648438,226.64999389648438,164000
2019-02-11,226.64999389648438,226.9499969482422,222.64999389648438,224.35000610351562,224.35000610351562,124000
2019-02-12,223.4499969482422,225.25,220.75,221.1999969482422,221.1999969482422,105600
2019-02-14,221.8000030517578,223.8000030517578,220.85000610351562,223.10000610351562,223.10000610351562,344300
2019-02-15,223.4499969482422,224.1999969482422,220.60000610351562,222.5500030517578,222.5500030517578,180200
2019-02-18,223.35000610351562,226.5500030517578,223.3000030517578,224.25,224.25,194000
2019-02-19,227.0,230.60000610351562,226.64999389648438,228.10000610351562,228.10000610351562,246300
2019-02-20,229.5,231.10000610351562,226.14999389648438,228.6999969482422,228.6999969482422,216200
2019-02-21,228.64999389648438,230.6999969482422,227.64999389648438,229.60000610351562,229.60000610351562,267100
2019-02-22,230.35000610351562,233.6999969482422,230.14999389648438,233.14999389648438,233.14999389648438,213400
2019-02-25,238.8000030517578,239.64999389648438,230.60000610351562,231.4499969482422,231.4499969482422,198400
2019-02-26,226.85000610351562,228.75,223.14999389648438,227.64999389648438,227.64999389648438,97600
2019-02-27,228.3000030517578,231.4499969482422,226.0500030517578,228.0,228.0,85200
2019-02-28,227.75,231.35000610351562,226.85000610351562,230.25,230.25,82400
2019-03-01,232.0,232.8000030517578,229.5,230.35000610351562,230.35000610351562,65000
2019-03-05,230.6999969482422,235.64999389648438,230.5,234.9499969482422,234.9499969482422,130500
2019-03-06,235.0,239.3000030517578,235.0,236.85000610351562,236.85000610351562,202000
2019-03-07,237.14999389648438,238.60000610351562,235.4499969482422,236.0500030517578,236.0500030517578,90600
2019-03-08,235.0500030517578,237.5500030517578,234.75,236.5,236.5,74200
2019-03-11,237.35000610351562,239.39999389648438,237.3000030517578,238.64999389648438,238.64999389648438,79100
2019-03-12,240.89999389648438,247.75,240.35000610351562,244.89999389648438,244.89999389648438,296500
2019-03-13,246.89999389648438,249.5500030517578,245.8000030517578,246.35000610351562,246.35000610351562,245700
2019-03-14,247.5500030517578,252.35000610351562,245.64999389648438,251.8000030517578,251.8000030517578,343200
2019-03-15,253.3000030517578,254.0,250.75,251.60000610351562,251.60000610351562,157500
2019-03-18,252.1999969482422,259.29998779296875,252.14999389648438,258.70001220703125,258.70001220703125,230400
2019-03-19,259.95001220703125,261.25,258.1000061035156,259.0,259.0,205700
2019-03-20,261.1000061035156,266.29998779296875,260.8500061035156,265.29998779296875,265.29998779296875,224500
2019-03-22,266.0,271.6000061035156,265.29998779296875,266.95001220703125,266.95001220703125,219800
2019-03-25,264.3500061035156,264.8500061035156,260.45001220703125,261.79998779296875,261.79998779296875,130500
2019-03-26,263.5,269.1000061035156,262.79998779296875,264.04998779296875,264.04998779296875,363500
2019-03-27,265.95001220703125,266.3500061035156,260.79998779296875,262.8500061035156,262.8500061035156,178500
2019-03-28,263.95001220703125,268.8999938964844,263.8500061035156,266.6499938964844,266.6499938964844,148400
2019-04-01,269.6499938964844,271.1499938964844,266.5,267.20001220703125,267.20001220703125,223000
2019-04-02,270.04998779296875,274.95001220703125,268.8500061035156,273.3999938964844,273.3999938964844,277800
2019-04-03,273.8999938964844,279.54998779296875,271.5,272.6000061035156,272.6000061035156,411100
2019-04-04,273.8999938964844,275.1499938964844,269.54998779296875,272.3999938964844,272.3999938964844,196700
2019-04-05,273.6000061035156,278.3999938964844,273.25,276.0,276.0,236600
2019-04-08,277.5,278.1499938964844,268.95001220703125,269.95001220703125,269.95001220703125,1305500
2019-04-09,270.1499938964844,274.45001220703125,268.04998779296875,273.75,273.75,562300
2019-04-10,273.25,281.45001220703125,272.6000061035156,276.8500061035156,276.8500061035156,649300
2019-04-11,277.3999938964844,280.70001220703125,274.1000061035156,274.8500061035156,274.8500061035156,513700
2019-04-12,274.70001220703125,277.5,274.5,275.70001220703125,275.70001220703125,365600
2019-04-15,277.1499938964844,281.0,277.1499938964844,280.25,280.25,277600
2019-04-16,281.79998779296875,282.8999938964844,276.54998779296875,277.45001220703125,277.45001220703125,301500
2019-04-18,277.75,278.1000061035156,268.45001220703125,270.3999938964844,270.3999938964844,227800
2019-04-22,269.3999938964844,269.6499938964844,263.0,263.70001220703125,263.70001220703125,337000
2019-04-23,264.5,266.8999938964844,262.1499938964844,263.1499938964844,263.1499938964844,191800
2019-04-24,263.95001220703125,265.70001220703125,262.8999938964844,264.8500061035156,264.8500061035156,428000
2019-04-25,265.8999938964844,268.1000061035156,264.8999938964844,265.70001220703125,265.70001220703125,751700
2019-04-26,268.04998779296875,268.6499938964844,263.54998779296875,264.3999938964844,264.3999938964844,385200
2019-04-30,263.70001220703125,263.70001220703125,255.89999389648438,258.29998779296875,258.29998779296875,353700
2019-05-02,257.6000061035156,260.1499938964844,256.8999938964844,258.6000061035156,258.6000061035156,185900
2019-05-03,260.0,263.54998779296875,259.8500061035156,262.6499938964844,262.6499938964844,212400
2019-05-06,259.8500061035156,261.75,257.8999938964844,258.79998779296875,258.79998779296875,110800
2019-05-07,260.1499938964844,261.3500061035156,255.1999969482422,255.75,255.75,157100
2019-05-08,254.75,255.39999389648438,249.10000610351562,250.35000610351562,250.35000610351562,173100
2019-05-09,249.89999389648438,253.0500030517578,248.6999969482422,251.1999969482422,251.1999969482422,144400
2019-05-10,252.8000030517578,255.1999969482422,250.35000610351562,251.1999969482422,251.1999969482422,130000
2019-05-13,250.1999969482422,251.4499969482422,245.4499969482422,246.39999389648438,246.39999389648438,125400
2019-05-14,245.5,249.5500030517578,242.14999389648438,248.3000030517578,248.3000030517578,152200
2019-05-15,249.5,251.0500030517578,247.1999969482422,249.10000610351562,249.10000610351562,131100
2019-05-16,250.5500030517578,252.85000610351562,248.6999969482422,251.85000610351562,251.85000610351562,227900
2019-05-17,252.0500030517578,255.64999389648438,251.39999389648438,252.5500030517578,252.5500030517578,130900
2019-05-20,260.1499938964844,268.04998779296875,259.04998779296875,267.0,267.0,245800
2019-05-21,267.75,269.70001220703125,263.95001220703125,265.95001220703125,265.95001220703125,192100
2019-05-22,268.29998779296875,272.04998779296875,265.95001220703125,266.95001220703125,266.95001220703125,298300
2019-05-23,270.95001220703125,276.3999938964844,266.70001220703125,268.20001220703125,268.20001220703125,346400
2019-05-24,270.25,280.95001220703125,269.75,280.1000061035156,280.1000061035156,411400
2019-05-27,280.3500061035156,288.1000061035156,280.1000061035156,286.20001220703125,286.20001220703125,231200
2019-05-28,287.1499938964844,287.3999938964844,282.8999938964844,286.54998779296875,286.54998779296875,200900
2019-05-29,286.5,286.79998779296875,283.04998779296875,284.95001220703125,284.95001220703125,141800
2019-05-30,287.20001220703125,287.54998779296875,282.8500061035156,284.6000061035156,284.6000061035156,175500
2019-05-31,285.20001220703125,286.75,279.20001220703125,283.95001220703125,283.95001220703125,190700
2019-06-03,284.29998779296875,287.3999938964844,281.54998779296875,286.75,286.75,151700
2019-06-04,286.45001220703125,291.8999938964844,284.3999938964844,285.70001220703125,285.70001220703125,223400
2019-06-06,287.04998779296875,287.1000061035156,278.1499938964844,280.70001220703125,280.70001220703125,366300
2019-06-07,282.6499938964844,285.70001220703125,277.45001220703125,279.3500061035156,279.3500061035156,447100
2019-06-10,281.1499938964844,282.95001220703125,277.75,280.20001220703125,280.20001220703125,158000
2019-06-11,279.95001220703125,281.0,276.8500061035156,280.5,280.5,161400
2019-06-12,279.1000061035156,279.45001220703125,274.1000061035156,274.75,274.75,171900
2019-06-13,273.75,277.25,273.0,276.5,276.5,250500
2019-06-14,275.04998779296875,275.45001220703125,269.3500061035156,270.70001220703125,270.70001220703125,203000
2019-06-17,270.8999938964844,271.04998779296875,266.29998779296875,267.1000061035156,267.1000061035156,160000
2019-06-18,267.3500061035156,269.25,265.6499938964844,267.29998779296875,267.29998779296875,172600
2019-06-19,269.0,272.8500061035156,263.75,270.25,270.25,403300
2019-06-20,270.25,276.3500061035156,268.3999938964844,275.45001220703125,275.45001220703125,190800
2019-06-21,275.1000061035156,276.04998779296875,271.3500061035156,274.1499938964844,274.1499938964844,220000
2019-06-24,274.70001220703125,274.70001220703125,270.79998779296875,271.5,271.5,134100
2019-06-25,270.70001220703125,274.8500061035156,270.3500061035156,274.04998779296875,274.04998779296875,100600
2019-06-26,273.1499938964844,278.8500061035156,272.20001220703125,278.1499938964844,278.1499938964844,174800
2019-06-27,277.8999938964844,284.3500061035156,277.6499938964844,283.45001220703125,283.45001220703125,341900
2019-06-28,281.5,286.70001220703125,280.3999938964844,284.79998779296875,284.79998779296875,197300
2019-07-01,285.3500061035156,293.1000061035156,284.75,291.79998779296875,291.79998779296875,135100
2019-07-02,292.29998779296875,292.5,285.5,287.5,287.5,174100
2019-07-03,288.20001220703125,291.0,287.54998779296875,289.8999938964844,289.8999938964844,133100
2019-07-04,290.0,295.0,289.8999938964844,292.54998779296875,292.54998779296875,184100
2019-07-05,295.3500061035156,295.5,281.0,282.1000061035156,282.1000061035156,229000
2019-07-08,280.3999938964844,281.0,271.04998779296875,272.25,272.25,122200
2019-07-09,271.25,280.54998779296875,269.04998779296875,279.95001220703125,279.95001220703125,100000
2019-07-10,279.95001220703125,281.45001220703125,274.45001220703125,275.54998779296875,275.54998779296875,151600
2019-07-11,277.25,280.3500061035156,276.8500061035156,279.1000061035156,279.1000061035156,165300
2019-07-12,278.54998779296875,282.54998779296875,278.54998779296875,280.54998779296875,280.54998779296875,103600
2019-07-15,281.1499938964844,282.04998779296875,279.0,280.25,280.25,68700
2019-07-16,279.8999938964844,287.1499938964844,279.0,285.54998779296875,285.54998779296875,111200
2019-07-17,285.25,286.75,285.0,286.04998779296875,286.04998779296875,79600
2019-07-18,285.75,286.1499938964844,281.29998779296875,281.70001220703125,281.70001220703125,98800
2019-07-19,282.6000061035156,283.45001220703125,275.95001220703125,277.54998779296875,277.54998779296875,96400
2019-07-22,275.6000061035156,275.8500061035156,270.79998779296875,273.6499938964844,273.6499938964844,174600
2019-07-23,274.25,278.20001220703125,273.1499938964844,276.3500061035156,276.3500061035156,94300
2019-07-24,276.70001220703125,278.1499938964844,270.0,273.45001220703125,273.45001220703125,146900
2019-07-25,271.75,275.54998779296875,270.6000061035156,273.79998779296875,273.79998779296875,119200
2019-07-26,273.6000061035156,275.04998779296875,271.95001220703125,274.3999938964844,274.3999938964844,82900
2019-07-29,272.6000061035156,273.1499938964844,269.79998779296875,271.8500061035156,271.8500061035156,154500
2019-07-30,270.5,273.8999938964844,267.1499938964844,268.04998779296875,268.04998779296875,230600
2019-07-31,266.54998779296875,267.95001220703125,259.45001220703125,267.45001220703125,267.45001220703125,258500
2019-08-01,265.8999938964844,269.04998779296875,262.3999938964844,264.54998779296875,264.54998779296875,176100
2019-08-02,261.3500061035156,265.45001220703125,256.95001220703125,262.6000061035156,262.6000061035156,219600
2019-08-05,258.3500061035156,259.0,253.8000030517578,257.8999938964844,257.8999938964844,276700
2019-08-06,256.95001220703125,263.79998779296875,256.45001220703125,262.45001220703125,262.45001220703125,143900
2019-08-07,261.75,265.45001220703125,258.20001220703125,258.70001220703125,258.70001220703125,258400
2019-08-08,261.1499938964844,264.1499938964844,258.70001220703125,263.5,263.5,151500
2019-08-09,264.1499938964844,267.70001220703125,263.95001220703125,265.6499938964844,265.6499938964844,140900
2019-08-13,265.3999938964844,266.75,261.29998779296875,263.0,263.0,135100
2019-08-14,264.25,266.25,262.54998779296875,264.3500061035156,264.3500061035156,91600
2019-08-16,263.5,267.0,262.0,265.1000061035156,265.1000061035156,112200
2019-08-19,266.3999938964844,269.3500061035156,265.8500061035156,266.75,266.75,96800
2019-08-20,266.0,267.1499938964844,262.75,263.79998779296875,263.79998779296875,85300
2019-08-21,263.3999938964844,263.54998779296875,255.25,258.54998779296875,258.54998779296875,111600
2019-08-22,256.6000061035156,256.8999938964844,239.35000610351562,242.60000610351562,242.60000610351562,918600
2019-08-23,239.0,245.9499969482422,235.9499969482422,244.5500030517578,244.5500030517578,486000
2019-08-26,249.5500030517578,254.25,242.5500030517578,253.6999969482422,253.6999969482422,369500
2019-08-27,254.0,257.5,252.4499969482422,256.6000061035156,256.6000061035156,195300
2019-08-28,257.5,263.1000061035156,256.3500061035156,262.70001220703125,262.70001220703125,230800
2019-08-29,262.3999938964844,264.8999938964844,260.70001220703125,263.79998779296875,263.79998779296875,186100
2019-08-30,264.29998779296875,267.95001220703125,263.0,267.20001220703125,267.20001220703125,147400
2019-09-03,263.79998779296875,266.95001220703125,259.45001220703125,261.1499938964844,261.1499938964844,108800
2019-09-04,260.29998779296875,261.54998779296875,256.75,260.70001220703125,260.70001220703125,171600
2019-09-05,261.29998779296875,261.45001220703125,255.0,256.0,256.0,138500
2019-09-06,256.54998779296875,256.8500061035156,251.5500030517578,254.3000030517578,254.3000030517578,419000
2019-09-09,255.25,256.70001220703125,253.75,256.0,256.0,127000
2019-09-11,257.0,269.1499938964844,255.39999389648438,266.6000061035156,266.6000061035156,249500
2019-09-12,267.3999938964844,268.79998779296875,263.25,264.25,264.25,203500
2019-09-13,265.29998779296875,271.20001220703125,263.45001220703125,268.1000061035156,268.1000061035156,211000
2019-09-16,265.8500061035156,269.1000061035156,264.20001220703125,265.54998779296875,265.54998779296875,175200
2019-09-17,265.5,266.6499938964844,254.9499969482422,255.64999389648438,255.64999389648438,160400
2019-09-18,257.1000061035156,259.95001220703125,255.14999389648438,259.3999938964844,259.3999938964844,241600
2019-09-19,259.45001220703125,259.45001220703125,254.5,255.39999389648438,255.39999389648438,111800
2019-09-20,255.10000610351562,267.20001220703125,251.9499969482422,265.29998779296875,265.29998779296875,435300
2019-09-23,269.6499938964844,276.3500061035156,267.25,272.79998779296875,272.79998779296875,196500
2019-09-24,272.3500061035156,273.95001220703125,267.29998779296875,269.20001220703125,269.20001220703125,120800
2019-09-25,270.1499938964844,270.1499938964844,259.75,260.95001220703125,260.95001220703125,195900
2019-09-26,261.25,268.8500061035156,260.6499938964844,267.79998779296875,267.79998779296875,177700
2019-09-27,267.1499938964844,267.25,261.0,261.70001220703125,261.70001220703125,157000
2019-09-30,261.5,261.6499938964844,253.8000030517578,258.75,258.75,135000
2019-10-01,258.6499938964844,259.25,241.0,248.10000610351562,248.10000610351562,204100
2019-10-03,248.35000610351562,256.1000061035156,246.1999969482422,251.1999969482422,251.1999969482422,145200
2019-10-04,252.75,253.4499969482422,246.4499969482422,248.14999389648438,248.14999389648438,237000
2019-10-07,248.10000610351562,248.39999389648438,244.5500030517578,245.25,245.25,109600
2019-10-09,245.9499969482422,251.4499969482422,243.4499969482422,250.25,250.25,192800
2019-10-10,250.0,250.25,243.9499969482422,244.9499969482422,244.9499969482422,175000
2019-10-11,245.64999389648438,248.8000030517578,243.10000610351562,247.3000030517578,247.3000030517578,151800
2019-10-14,249.60000610351562,255.8000030517578,248.3000030517578,252.0500030517578,252.0500030517578,202500
2019-10-15,252.8000030517578,255.10000610351562,250.60000610351562,253.6999969482422,253.6999969482422,122000
2019-10-16,254.3000030517578,258.20001220703125,253.85000610351562,256.3500061035156,256.3500061035156,149600
2019-10-17,255.14999389648438,259.1499938964844,254.0,257.8500061035156,257.8500061035156,157800
2019-10-18,259.0,263.5,257.79998779296875,262.79998779296875,262.79998779296875,173700
2019-10-22,262.25,267.70001220703125,260.3500061035156,263.8500061035156,263.8500061035156,266500
2019-10-23,264.1000061035156,265.1000061035156,260.25,261.54998779296875,261.54998779296875,141600
2019-10-24,262.75,265.25,261.1000061035156,263.95001220703125,263.95001220703125,108200
2019-10-25,264.0,265.5,261.29998779296875,264.8999938964844,264.8999938964844,118400
2019-10-29,264.75,268.5,264.3500061035156,267.29998779296875,267.29998779296875,92400
2019-10-30,268.20001220703125,268.6499938964844,265.1499938964844,265.8500061035156,265.8500061035156,94700
2019-10-31,270.04998779296875,272.5,268.3999938964844,269.0,269.0,202400
2019-11-01,270.6000061035156,273.3500061035156,268.95001220703125,271.1499938964844,271.1499938964844,70600
2019-11-04,272.70001220703125,273.45001220703125,268.75,269.6000061035156,269.6000061035156,100100
2019-11-05,269.1499938964844,270.95001220703125,266.6000061035156,267.70001220703125,267.70001220703125,139600
2019-11-06,271.45001220703125,275.95001220703125,271.1000061035156,274.04998779296875,274.04998779296875,209400
2019-11-07,282.6000061035156,282.6000061035156,275.20001220703125,276.45001220703125,276.45001220703125,281100
2019-11-08,278.3500061035156,284.95001220703125,278.20001220703125,281.04998779296875,281.04998779296875,555000
2019-11-11,279.54998779296875,284.04998779296875,279.1499938964844,283.3999938964844,283.3999938964844,211900
2019-11-13,284.45001220703125,286.1499938964844,277.20001220703125,278.29998779296875,278.29998779296875,282100
2019-11-14,278.25,278.8500061035156,276.29998779296875,277.6499938964844,277.6499938964844,156700
2019-11-15,277.75,279.20001220703125,276.04998779296875,276.95001220703125,276.95001220703125,179100
2019-11-18,277.5,278.75,275.79998779296875,277.8999938964844,277.8999938964844,152500
2019-11-19,279.0,279.29998779296875,276.70001220703125,278.04998779296875,278.04998779296875,132000
2019-11-20,278.1499938964844,278.95001220703125,273.3500061035156,273.95001220703125,273.95001220703125,126500
2019-11-21,275.0,276.29998779296875,272.25,275.45001220703125,275.45001220703125,154000
2019-11-22,275.54998779296875,276.6000061035156,273.75,275.8500061035156,275.8500061035156,114400
2019-11-25,278.25,282.70001220703125,277.95001220703125,280.70001220703125,280.70001220703125,279700
2019-11-26,281.75,282.6499938964844,275.54998779296875,278.1000061035156,278.1000061035156,776100
2019-11-27,277.29998779296875,280.6000061035156,274.45001220703125,276.29998779296875,276.29998779296875,103900
2019-11-28,277.45001220703125,280.0,276.3500061035156,279.29998779296875,279.29998779296875,161100
2019-11-29,280.1000061035156,284.0,278.6000061035156,282.04998779296875,282.04998779296875,189700
2019-12-02,281.70001220703125,282.29998779296875,277.95001220703125,281.04998779296875,281.04998779296875,97700
2019-12-03,281.6000061035156,285.54998779296875,280.25,284.79998779296875,284.79998779296875,145800
2019-12-04,283.6499938964844,286.45001220703125,281.8999938964844,285.3500061035156,285.3500061035156,138200
2019-12-05,285.70001220703125,287.70001220703125,284.1499938964844,285.8500061035156,285.8500061035156,133500
2019-12-06,286.70001220703125,286.8999938964844,281.1000061035156,283.3999938964844,283.3999938964844,113300
2019-12-09,283.5,284.8500061035156,278.8999938964844,280.45001220703125,280.45001220703125,110300
2019-12-10,278.8500061035156,280.3999938964844,277.04998779296875,277.8999938964844,277.8999938964844,107200
2019-12-11,278.6499938964844,282.3999938964844,277.70001220703125,280.5,280.5,147700
2019-12-12,282.5,283.70001220703125,280.0,282.8999938964844,282.8999938964844,139100
2019-12-13,284.1499938964844,288.54998779296875,284.1499938964844,287.6499938964844,287.6499938964844,180900
2019-12-16,287.1499938964844,289.8500061035156,287.04998779296875,289.3500061035156,289.3500061035156,97000
2019-12-17,289.45001220703125,290.6499938964844,287.6499938964844,288.6000061035156,288.6000061035156,86600
2019-12-18,289.0,290.95001220703125,287.20001220703125,290.54998779296875,290.54998779296875,112900
2019-12-19,289.8500061035156,291.1499938964844,288.3999938964844,290.3999938964844,290.3999938964844,66200
2019-12-20,290.6499938964844,292.70001220703125,289.6000061035156,291.95001220703125,291.95001220703125,93500
2019-12-23,291.70001220703125,294.25,288.45001220703125,290.70001220703125,290.70001220703125,98200
2019-12-24,290.75,292.54998779296875,290.3500061035156,291.95001220703125,291.95001220703125,74700
2019-12-26,292.3999938964844,293.04998779296875,290.25,291.3999938964844,291.3999938964844,65300
2019-12-27,291.5,296.8999938964844,291.20001220703125,296.1000061035156,296.1000061035156,89000
2019-12-30,296.8999938964844,297.79998779296875,293.95001220703125,296.45001220703125,296.45001220703125,66600
2019-12-31,296.1499938964844,299.04998779296875,295.79998779296875,298.54998779296875,298.54998779296875,139500
2020-01-01,299.45001220703125,300.6499938964844,296.8999938964844,297.8500061035156,297.8500061035156,128800
2020-01-02,299.1499938964844,302.3999938964844,298.20001220703125,301.0,301.0,122400
2020-01-03,300.70001220703125,302.1499938964844,298.3500061035156,299.6499938964844,299.6499938964844,97100
2020-01-06,299.1000061035156,299.75,292.04998779296875,292.3999938964844,292.3999938964844,171600
2020-01-07,294.3999938964844,298.95001220703125,293.95001220703125,298.04998779296875,298.04998779296875,102900
2020-01-08,292.25,297.8999938964844,291.3500061035156,297.04998779296875,297.04998779296875,133800
2020-01-09,300.6499938964844,305.79998779296875,300.20001220703125,305.1499938964844,305.1499938964844,181000
2020-01-10,308.04998779296875,311.75,305.8999938964844,310.6499938964844,310.6499938964844,232400
2020-01-13,312.0,317.6499938964844,311.8500061035156,317.1499938964844,317.1499938964844,216000
2020-01-14,317.3500061035156,318.45001220703125,314.6499938964844,316.75,316.75,131200
2020-01-15,315.6000061035156,322.6499938964844,315.6000061035156,320.8999938964844,320.8999938964844,152900
2020-01-16,321.75,324.79998779296875,320.70001220703125,323.79998779296875,323.79998779296875,109300
2020-01-17,323.25,325.04998779296875,322.3500061035156,324.1499938964844,324.1499938964844,105600
2020-01-20,324.95001220703125,327.0,323.20001220703125,325.79998779296875,325.79998779296875,143700
2020-01-21,325.1499938964844,325.29998779296875,320.1000061035156,321.1499938964844,321.1499938964844,100
2020-01-22,322.6499938964844,323.04998779296875,318.8500061035156,320.8500061035156,320.8500061035156,100
2020-01-23,321.3500061035156,328.04998779296875,321.1499938964844,327.6499938964844,327.6499938964844,112400
2020-01-24,329.20001220703125,330.25,326.79998779296875,328.6499938964844,328.6499938964844,112500
2020-01-27,328.79998779296875,332.3999938964844,325.54998779296875,326.79998779296875,326.79998779296875,115500
2020-01-28,326.79998779296875,329.25,325.20001220703125,326.95001220703125,326.95001220703125,112500
2020-01-29,329.45001220703125,331.8500061035156,327.6000061035156,328.5,328.5,93900
2020-01-30,329.75,330.04998779296875,323.54998779296875,327.1499938964844,327.1499938964844,98000
2020-01-31,329.8500061035156,331.8999938964844,326.5,331.04998779296875,331.04998779296875,194700
2020-02-03,303.5,312.54998779296875,298.70001220703125,310.0,310.0,250600
2020-02-04,310.1000061035156,322.20001220703125,308.6000061035156,318.6000061035156,318.6000061035156,227700
2020-02-05,321.3500061035156,329.95001220703125,318.75,326.3999938964844,326.3999938964844,175300
2020-02-06,324.1000061035156,329.79998779296875,322.29998779296875,326.25,326.25,236800
2020-02-07,325.79998779296875,326.79998779296875,319.45001220703125,320.29998779296875,320.29998779296875,171200
2020-02-10,320.5,321.0,315.1000061035156,317.1000061035156,317.1000061035156,112300
2020-02-11,318.8999938964844,320.8999938964844,316.25,317.79998779296875,317.79998779296875,117000
2020-02-12,318.0,318.6499938964844,311.3999938964844,315.20001220703125,315.20001220703125,100900
2020-02-13,315.75,316.70001220703125,311.79998779296875,313.79998779296875,313.79998779296875,94200
2020-02-14,314.95001220703125,315.3999938964844,309.04998779296875,310.29998779296875,310.29998779296875,108300
2020-02-17,311.95001220703125,312.5,304.1499938964844,305.70001220703125,305.70001220703125,124000
2020-02-18,304.6000061035156,305.3500061035156,300.3500061035156,302.8500061035156,302.8500061035156,102100
2020-02-19,306.1000061035156,308.45001220703125,301.8999938964844,306.20001220703125,306.20001220703125,100100
2020-02-20,305.8999938964844,309.0,304.6499938964844,306.25,306.25,131200
2020-02-24,304.1499938964844,305.79998779296875,298.70001220703125,299.75,299.75,106200
2020-02-25,300.70001220703125,304.70001220703125,300.3999938964844,302.54998779296875,302.54998779296875,118900
2020-02-26,300.70001220703125,302.0,295.04998779296875,297.5,297.5,100300
2020-02-27,296.70001220703125,297.1000061035156,288.0,290.29998779296875,290.29998779296875,127400
2020-02-28,282.75,284.1000061035156,275.79998779296875,280.54998779296875,280.54998779296875,182700
2020-03-02,284.8999938964844,289.1000061035156,277.20001220703125,279.6499938964844,279.6499938964844,163900
2020-03-03,280.8500061035156,287.1000061035156,280.0,284.1499938964844,284.1499938964844,160800
2020-03-04,286.29998779296875,288.25,273.6000061035156,281.04998779296875,281.04998779296875,140000
2020-03-05,283.6000061035156,284.8500061035156,275.45001220703125,277.8500061035156,277.8500061035156,140400
2020-03-06,268.45001220703125,271.1499938964844,265.1000061035156,269.75,269.75,125200
2020-03-09,263.04998779296875,264.04998779296875,256.6499938964844,260.0,260.0,141000
2020-03-11,258.3500061035156,260.54998779296875,252.6999969482422,255.25,255.25,114300
2020-03-12,243.5,244.85000610351562,227.4499969482422,230.3000030517578,230.3000030517578,165200
2020-03-13,208.5500030517578,236.9499969482422,203.39999389648438,235.85000610351562,235.85000610351562,146200
2020-03-16,223.75,225.0,214.64999389648438,216.14999389648438,216.14999389648438,107200
2020-03-17,214.64999389648438,220.0,210.5,211.0,211.0,119200
2020-03-18,215.3000030517578,215.89999389648438,195.6999969482422,197.75,197.75,129500
2020-03-19,187.4499969482422,195.25,181.9499969482422,191.1999969482422,191.1999969482422,149300
2020-03-20,191.4499969482422,198.64999389648438,183.1999969482422,196.39999389648438,196.39999389648438,384400
2020-03-23,178.5500030517578,185.35000610351562,171.10000610351562,174.10000610351562,174.10000610351562,93500
2020-03-24,175.5500030517578,181.60000610351562,166.14999389648438,170.64999389648438,170.64999389648438,151900
2020-03-25,166.5,176.39999389648438,165.35000610351562,175.10000610351562,175.10000610351562,171100
2020-03-26,177.75,189.6999969482422,173.0,185.8000030517578,185.8000030517578,226300
2020-03-27,191.89999389648438,199.4499969482422,181.64999389648438,185.0500030517578,185.0500030517578,193000
2020-03-30,181.25,182.1999969482422,170.0500030517578,171.60000610351562,171.60000610351562,133700
2020-03-31,177.35000610351562,178.35000610351562,171.89999389648438,175.5,175.5,127400
2020-04-01,175.5500030517578,177.60000610351562,170.85000610351562,172.10000610351562,172.10000610351562,91600
2020-04-03,173.39999389648438,175.39999389648438,168.8000030517578,172.0500030517578,172.0500030517578,105300
2020-04-07,178.0500030517578,183.9499969482422,177.10000610351562,183.0,183.0,123400
2020-04-08,180.35000610351562,188.5500030517578,178.85000610351562,180.5,180.5,156000
2020-04-09,183.5500030517578,187.0500030517578,179.9499969482422,185.75,185.75,111800
2020-04-13,186.60000610351562,186.6999969482422,173.89999389648438,176.6999969482422,176.6999969482422,172000
2020-04-15,177.60000610351562,182.9499969482422,177.0,179.9499969482422,179.9499969482422,148000
2020-04-16,179.0500030517578,184.5500030517578,178.60000610351562,181.3000030517578,181.3000030517578,176700
2020-04-17,188.9499969482422,192.5,186.89999389648438,187.8000030517578,187.8000030517578,353600
2020-04-20,189.89999389648438,192.14999389648438,187.8000030517578,188.89999389648438,188.89999389648438,235900
2020-04-21,186.1999969482422,186.4499969482422,182.3000030517578,185.4499969482422,185.4499969482422,183900
2020-04-22,186.0500030517578,186.6999969482422,181.8000030517578,184.0500030517578,184.0500030517578,153700
2020-04-23,185.8000030517578,189.39999389648438,183.6999969482422,185.4499969482422,185.4499969482422,153300
2020-04-24,182.75,183.1999969482422,177.0,177.6999969482422,177.6999969482422,173500
2020-04-27,180.39999389648438,182.5,178.4499969482422,180.10000610351562,180.10000610351562,122300
2020-04-28,182.25,182.60000610351562,179.75,181.5,181.5,143000
2020-04-29,182.85000610351562,184.6999969482422,182.4499969482422,183.14999389648438,183.14999389648438,145100
2020-04-30,185.64999389648438,191.75,185.0500030517578,187.3000030517578,187.3000030517578,187300
2020-05-04,181.4499969482422,182.1999969482422,173.89999389648438,174.3000030517578,174.3000030517578,101700
2020-05-05,177.10000610351562,177.25,169.0,169.3000030517578,169.3000030517578,118500
2020-05-06,169.6999969482422,171.8000030517578,168.60000610351562,171.0,171.0,120900
2020-05-07,171.1999969482422,173.5500030517578,170.14999389648438,170.64999389648438,170.64999389648438,98400
2020-05-08,173.5500030517578,173.6999969482422,168.64999389648438,169.5500030517578,169.5500030517578,111100
2020-05-11,173.14999389648438,173.85000610351562,170.6999969482422,171.10000610351562,171.10000610351562,110200
2020-05-12,169.89999389648438,173.10000610351562,167.3000030517578,172.4499969482422,172.4499969482422,107100
2020-05-13,180.14999389648438,180.6999969482422,175.64999389648438,178.39999389648438,178.39999389648438,159600
2020-05-14,178.60000610351562,178.60000610351562,173.1999969482422,175.1999969482422,175.1999969482422,124100
2020-05-15,177.35000610351562,177.4499969482422,171.75,172.5,172.5,126100
2020-05-18,172.1999969482422,172.60000610351562,162.60000610351562,163.3000030517578,163.3000030517578,110900
2020-05-19,165.35000610351562,165.85000610351562,160.85000610351562,162.14999389648438,162.14999389648438,106900
2020-05-20,162.25,166.64999389648438,162.1999969482422,165.75,165.75,155000
2020-05-21,166.5,168.4499969482422,164.5500030517578,165.5,165.5,96400
2020-05-22,165.60000610351562,167.0,161.5500030517578,163.5500030517578,163.5500030517578,132600
2020-05-26,164.6999969482422,165.89999389648438,163.89999389648438,165.5,165.5,72400
2020-05-27,166.39999389648438,168.89999389648438,164.39999389648438,168.39999389648438,168.39999389648438,105700
2020-05-28,169.0500030517578,173.4499969482422,168.9499969482422,172.6999969482422,172.6999969482422,189500
2020-05-29,171.25,182.14999389648438,171.0500030517578,180.10000610351562,180.10000610351562,218700
2020-06-01,182.89999389648438,189.10000610351562,182.8000030517578,185.60000610351562,185.60000610351562,167900
2020-06-02,186.35000610351562,195.14999389648438,185.85000610351562,194.75,194.75,172300
2020-06-03,197.0500030517578,205.1999969482422,194.64999389648438,200.85000610351562,200.85000610351562,235600
2020-06-04,199.64999389648438,201.6999969482422,196.1999969482422,197.35000610351562,197.35000610351562,152200
2020-06-05,196.35000610351562,202.60000610351562,194.5,202.0,202.0,320300
2020-06-08,207.1999969482422,208.39999389648438,201.9499969482422,202.64999389648438,202.64999389648438,191800
2020-06-09,203.8000030517578,207.4499969482422,201.85000610351562,202.64999389648438,202.64999389648438,160500
2020-06-10,203.14999389648438,207.64999389648438,202.60000610351562,206.60000610351562,206.60000610351562,119800
2020-06-11,206.14999389648438,208.8000030517578,201.5,202.3000030517578,202.3000030517578,176800
2020-06-12,193.5,205.6999969482422,193.0500030517578,204.64999389648438,204.64999389648438,152500
2020-06-15,204.1999969482422,205.25,198.0500030517578,198.5,198.5,136100
2020-06-16,201.6999969482422,204.0,194.0,196.85000610351562,196.85000610351562,124000
2020-06-17,196.5,200.25,195.1999969482422,198.35000610351562,198.35000610351562,113800
2020-06-18,199.1999969482422,200.6999969482422,198.3000030517578,200.14999389648438,200.14999389648438,105500
2020-06-19,201.10000610351562,213.6999969482422,201.10000610351562,212.9499969482422,212.9499969482422,295200
2020-06-22,217.10000610351562,218.14999389648438,213.25,215.0500030517578,215.0500030517578,187200
2020-06-23,217.25,222.60000610351562,214.75,221.25,221.25,212000
2020-06-24,222.9499969482422,223.64999389648438,214.0500030517578,215.39999389648438,215.39999389648438,302100
2020-06-25,213.35000610351562,216.4499969482422,210.85000610351562,213.1999969482422,213.1999969482422,167200
2020-06-26,215.1999969482422,215.5500030517578,210.4499969482422,211.1999969482422,211.1999969482422,142000
2020-06-29,210.89999389648438,212.25,203.14999389648438,203.6999969482422,203.6999969482422,136500
2020-06-30,204.0,207.60000610351562,202.1999969482422,202.64999389648438,202.64999389648438,114600
2020-07-01,203.14999389648438,203.3000030517578,200.64999389648438,201.1999969482422,201.1999969482422,101000
2020-07-02,202.60000610351562,203.0500030517578,199.10000610351562,201.0500030517578,201.0500030517578,83200
2020-07-03,202.0,203.6999969482422,201.25,203.10000610351562,203.10000610351562,118000
2020-07-06,205.89999389648438,209.39999389648438,205.0500030517578,209.1999969482422,209.1999969482422,146600
2020-07-07,209.75,210.4499969482422,205.6999969482422,207.75,207.75,188800
2020-07-08,208.4499969482422,208.89999389648438,203.0500030517578,203.6999969482422,203.6999969482422,202100
2020-07-09,206.5,207.8000030517578,203.0500030517578,204.75,204.75,269500
2020-07-10,203.4499969482422,206.39999389648438,202.60000610351562,206.10000610351562,206.10000610351562,214900
2020-07-13,207.75,208.4499969482422,202.0500030517578,202.8000030517578,202.8000030517578,189400
2020-07-14,203.0,203.25,198.5,199.6999969482422,199.6999969482422,156400
2020-07-15,199.5500030517578,201.39999389648438,195.0500030517578,195.60000610351562,195.60000610351562,198600
2020-07-16,195.89999389648438,196.64999389648438,192.39999389648438,195.60000610351562,195.60000610351562,197200
2020-07-17,196.25,196.89999389648438,195.10000610351562,196.39999389648438,196.39999389648438,191000
2020-07-20,197.14999389648438,199.64999389648438,196.89999389648438,197.25,197.25,151200
2020-07-21,198.5,203.8000030517578,198.39999389648438,201.10000610351562,201.10000610351562,253900
2020-07-22,201.64999389648438,202.0500030517578,197.89999389648438,199.0500030517578,199.0500030517578,147100
2020-07-23,199.1999969482422,202.14999389648438,198.64999389648438,201.85000610351562,201.85000610351562,103500
2020-07-24,200.6999969482422,201.14999389648438,196.75,198.39999389648438,198.39999389648438,141200
2020-07-27,198.9499969482422,199.35000610351562,194.25,195.10000610351562,195.10000610351562,118100
2020-07-28,196.10000610351562,198.6999969482422,195.89999389648438,198.25,198.25,161600
2020-07-29,197.85000610351562,200.5500030517578,197.10000610351562,198.3000030517578,198.3000030517578,129000
2020-07-30,199.5500030517578,200.64999389648438,197.39999389648438,198.14999389648438,198.14999389648438,130800
2020-07-31,198.75,201.64999389648438,196.4499969482422,201.0,201.0,136400
2020-08-03,200.4499969482422,201.5500030517578,197.6999969482422,198.5500030517578,198.5500030517578,109600
2020-08-04,199.39999389648438,202.89999389648438,198.85000610351562,202.25,202.25,137200
2020-08-05,203.25,204.89999389648438,200.89999389648438,202.39999389648438,202.39999389648438,183700
2020-08-06,202.39999389648438,205.89999389648438,202.25,204.60000610351562,204.60000610351562,227100
2020-08-07,206.10000610351562,206.75,203.5,203.9499969482422,203.9499969482422,173200
2020-08-10,204.60000610351562,210.0,204.60000610351562,209.75,209.75,233600
2020-08-11,210.9499969482422,211.39999389648438,208.35000610351562,208.60000610351562,208.60000610351562,159500
2020-08-12,207.85000610351562,208.39999389648438,206.0,207.0500030517578,207.0500030517578,116600
2020-08-13,208.39999389648438,209.64999389648438,207.25,208.9499969482422,208.9499969482422,189100
2020-08-14,210.14999389648438,211.85000610351562,205.75,207.10000610351562,207.10000610351562,201700
2020-08-17,210.10000610351562,211.14999389648438,207.5500030517578,209.14999389648438,209.14999389648438,178300
2020-08-18,210.10000610351562,219.75,210.0,217.60000610351562,217.60000610351562,559600
2020-08-19,219.5,221.4499969482422,217.6999969482422,220.35000610351562,220.35000610351562,328200
2020-08-20,218.10000610351562,224.14999389648438,217.3000030517578,221.3000030517578,221.3000030517578,309300
2020-08-21,223.35000610351562,225.5,222.60000610351562,224.0500030517578,224.0500030517578,180000
2020-08-24,225.75,227.85000610351562,221.4499969482422,221.8000030517578,221.8000030517578,369700
2020-08-25,220.89999389648438,222.64999389648438,216.1999969482422,217.0500030517578,217.0500030517578,339100
2020-08-26,218.14999389648438,220.10000610351562,216.5,218.8000030517578,218.8000030517578,208900
2020-08-27,225.60000610351562,236.5,224.25,232.8000030517578,232.8000030517578,988300
2020-08-28,233.8000030517578,236.1999969482422,232.0,233.10000610351562,233.10000610351562,332500
2020-08-31,237.60000610351562,237.60000610351562,221.1999969482422,222.75,222.75,324500
2020-09-01,221.64999389648438,225.35000610351562,217.1999969482422,224.5,224.5,236800
2020-09-02,224.5,228.39999389648438,221.75,225.75,225.75,216800
2020-09-03,226.25,226.85000610351562,224.25,225.3000030517578,225.3000030517578,119400
2020-09-04,220.60000610351562,223.1999969482422,218.8000030517578,220.0500030517578,220.0500030517578,140200
2020-09-07,221.10000610351562,222.0,216.6999969482422,218.0,218.0,155400
2020-09-08,218.60000610351562,219.0,213.14999389648438,214.25,214.25,116000
2020-09-09,212.9499969482422,213.0,208.85000610351562,211.0500030517578,211.0500030517578,141000
2020-09-10,212.89999389648438,215.64999389648438,210.60000610351562,212.25,212.25,154300
2020-09-11,212.14999389648438,218.64999389648438,211.9499969482422,214.9499969482422,214.9499969482422,231000
2020-09-14,216.9499969482422,226.3000030517578,216.85000610351562,222.9499969482422,222.9499969482422,194900
2020-09-15,223.8000030517578,224.1999969482422,219.89999389648438,221.35000610351562,221.35000610351562,126500
2020-09-16,222.0500030517578,227.0500030517578,221.1999969482422,226.35000610351562,226.35000610351562,216500
2020-09-17,224.75,226.0,221.89999389648438,222.5,222.5,146600
2020-09-18,223.6999969482422,230.0500030517578,223.39999389648438,226.75,226.75,275600
2020-09-21,227.1999969482422,228.0,212.39999389648438,213.9499969482422,213.9499969482422,206200
2020-09-22,214.35000610351562,216.10000610351562,203.3000030517578,210.0,210.0,179400
2020-09-23,211.6999969482422,215.10000610351562,206.89999389648438,211.64999389648438,211.64999389648438,275400
2020-09-24,208.25,208.75,204.35000610351562,205.10000610351562,205.10000610351562,128000
2020-09-25,207.35000610351562,210.5500030517578,206.39999389648438,209.39999389648438,209.39999389648438,154800
2020-09-28,211.35000610351562,217.4499969482422,211.14999389648438,215.75,215.75,140600
2020-09-29,217.5,218.75,212.1999969482422,213.14999389648438,213.14999389648438,113400
2020-09-30,213.5,213.89999389648438,210.85000610351562,211.89999389648438,211.89999389648438,129500
2020-10-01,213.6999969482422,216.89999389648438,213.64999389648438,215.6999969482422,215.6999969482422,123900
2020-10-05,216.9499969482422,219.3000030517578,215.10000610351562,216.25,216.25,123900
2020-10-06,218.5500030517578,222.64999389648438,218.3000030517578,221.85000610351562,221.85000610351562,204100
2020-10-07,222.5500030517578,222.60000610351562,217.5500030517578,217.75,217.75,110700
2020-10-08,218.4499969482422,221.1999969482422,218.0500030517578,219.0,219.0,115300
2020-10-09,219.35000610351562,220.8000030517578,215.1999969482422,215.4499969482422,215.4499969482422,169400
2020-10-12,216.75,218.10000610351562,212.14999389648438,213.10000610351562,213.10000610351562,119900
2020-10-13,213.0500030517578,214.85000610351562,211.9499969482422,212.4499969482422,212.4499969482422,97200
2020-10-14,212.35000610351562,215.85000610351562,209.89999389648438,214.6999969482422,214.6999969482422,136900
2020-10-15,216.0500030517578,218.3000030517578,208.85000610351562,209.60000610351562,209.60000610351562,222900
2020-10-16,210.35000610351562,215.85000610351562,208.10000610351562,215.10000610351562,215.10000610351562,170500
2020-10-19,218.60000610351562,219.35000610351562,215.9499969482422,218.35000610351562,218.35000610351562,177500
2020-10-20,218.10000610351562,227.75,217.10000610351562,226.9499969482422,226.9499969482422,246300
2020-10-21,228.14999389648438,238.64999389648438,226.35000610351562,236.85000610351562,236.85000610351562,405000
2020-10-22,235.14999389648438,239.3000030517578,233.89999389648438,237.6999969482422,237.6999969482422,262400
2020-10-23,238.0500030517578,238.89999389648438,234.1999969482422,235.10000610351562,235.10000610351562,133900
2020-10-26,235.6999969482422,235.89999389648438,228.64999389648438,230.64999389648438,230.64999389648438,135500
2020-10-27,229.8000030517578,231.0500030517578,226.6999969482422,229.0,229.0,129600
2020-10-28,228.64999389648438,229.1999969482422,223.64999389648438,224.35000610351562,224.35000610351562,184500
2020-10-29,223.35000610351562,225.0500030517578,221.3000030517578,223.39999389648438,223.39999389648438,169400
2020-10-30,223.89999389648438,229.5,223.8000030517578,228.1999969482422,228.1999969482422,206400
2020-11-02,229.9499969482422,237.6999969482422,227.60000610351562,235.39999389648438,235.39999389648438,388000
2020-11-03,234.8000030517578,237.4499969482422,228.85000610351562,229.9499969482422,229.9499969482422,181800
2020-11-04,228.35000610351562,229.4499969482422,224.4499969482422,225.6999969482422,225.6999969482422,139500
2020-11-05,227.75,228.85000610351562,223.1999969482422,224.5500030517578,224.5500030517578,227400
2020-11-06,224.6999969482422,228.85000610351562,224.1999969482422,226.9499969482422,226.9499969482422,189400
2020-11-09,228.85000610351562,231.25,227.39999389648438,230.3000030517578,230.3000030517578,167400
2020-11-10,232.0500030517578,236.1999969482422,231.39999389648438,235.0500030517578,235.0500030517578,211300
2020-11-11,234.9499969482422,237.3000030517578,232.1999969482422,236.85000610351562,236.85000610351562,202400
2020-11-12,236.8000030517578,241.5,235.60000610351562,238.60000610351562,238.60000610351562,437000
2020-11-13,239.5500030517578,242.64999389648438,239.1999969482422,241.8000030517578,241.8000030517578,423500
2020-11-17,244.89999389648438,250.85000610351562,243.25,248.35000610351562,248.35000610351562,285400
2020-11-18,249.5500030517578,253.89999389648438,249.35000610351562,253.4499969482422,253.4499969482422,334400
2020-11-19,251.89999389648438,261.6499938964844,248.5,250.0,250.0,478500
2020-11-20,252.39999389648438,255.75,249.4499969482422,251.3000030517578,251.3000030517578,198000
2020-11-23,253.10000610351562,255.5500030517578,251.39999389648438,253.75,253.75,186800
2020-11-24,255.4499969482422,260.8999938964844,254.60000610351562,258.29998779296875,258.29998779296875,257700
2020-11-25,260.1000061035156,262.1499938964844,251.5500030517578,252.5,252.5,258900
2020-11-26,253.60000610351562,255.3000030517578,251.39999389648438,254.4499969482422,254.4499969482422,173400
2020-11-27,255.3000030517578,262.75,255.0500030517578,261.20001220703125,261.20001220703125,354800
2020-12-01,264.04998779296875,270.54998779296875,262.75,269.8999938964844,269.8999938964844,373000
2020-12-02,271.29998779296875,278.8999938964844,271.0,277.8999938964844,277.8999938964844,297300
2020-12-03,279.45001220703125,282.45001220703125,277.3500061035156,280.20001220703125,280.20001220703125,260600
2020-12-04,281.04998779296875,284.79998779296875,280.20001220703125,283.3999938964844,283.3999938964844,292900
2020-12-07,283.8500061035156,284.8999938964844,281.3999938964844,282.45001220703125,282.45001220703125,206900
2020-12-08,283.25,286.79998779296875,281.6000061035156,284.79998779296875,284.79998779296875,207100
2020-12-09,286.29998779296875,290.6000061035156,286.04998779296875,289.0,289.0,208300
2020-12-10,289.04998779296875,291.25,283.45001220703125,290.25,290.25,203200
2020-12-11,291.25,293.25,287.70001220703125,292.5,292.5,287500
2020-12-14,293.3500061035156,293.6499938964844,289.0,289.8999938964844,289.8999938964844,135200
2020-12-15,289.75,290.04998779296875,285.1499938964844,289.0,289.0,170800
2020-12-16,290.25,307.45001220703125,289.8500061035156,303.8500061035156,303.8500061035156,1070000
2020-12-17,304.54998779296875,308.25,301.25,305.6499938964844,305.6499938964844,367100
2020-12-18,305.70001220703125,305.95001220703125,300.20001220703125,303.79998779296875,303.79998779296875,188300
2020-12-21,301.8999938964844,306.25,281.75,287.8500061035156,287.8500061035156,310500
2020-12-22,287.25,293.3999938964844,281.0,289.1499938964844,289.1499938964844,282300
2020-12-23,290.6499938964844,301.6000061035156,290.20001220703125,300.54998779296875,300.54998779296875,294900
2020-12-24,301.8500061035156,304.54998779296875,297.5,299.25,299.25,249400
2020-12-28,302.79998779296875,310.5,302.45001220703125,307.0,307.0,512300
2020-12-29,309.04998779296875,310.29998779296875,302.0,306.1000061035156,306.1000061035156,209900
2020-12-30,306.70001220703125,310.70001220703125,302.79998779296875,310.04998779296875,310.04998779296875,213000
2020-12-31,312.1499938964844,315.95001220703125,311.04998779296875,313.8500061035156,313.8500061035156,317900
2021-01-04,317.70001220703125,318.6499938964844,311.3999938964844,317.45001220703125,317.45001220703125,258200
2021-01-05,315.5,319.25,313.95001220703125,316.3500061035156,316.3500061035156,262000
2021-01-06,317.1499938964844,321.6000061035156,312.6499938964844,318.6000061035156,318.6000061035156,233900
2021-01-07,327.8500061035156,329.95001220703125,320.3999938964844,322.8999938964844,322.8999938964844,755200
2021-01-08,325.54998779296875,332.70001220703125,324.25,327.5,327.5,425600
2021-01-11,329.8500061035156,331.6499938964844,325.75,329.54998779296875,329.54998779296875,252300
2021-01-12,328.95001220703125,344.1499938964844,327.75,338.6499938964844,338.6499938964844,712800
2021-01-13,341.29998779296875,346.5,333.75,337.6000061035156,337.6000061035156,662200
2021-01-14,338.29998779296875,341.6000061035156,334.75,337.3999938964844,337.3999938964844,258800
2021-01-15,338.0,340.20001220703125,329.5,331.25,331.25,277300
2021-01-18,330.20001220703125,331.29998779296875,316.8999938964844,324.54998779296875,324.54998779296875,228900
2021-01-19,327.3500061035156,341.8500061035156,327.04998779296875,338.1499938964844,338.1499938964844,732900
2021-01-20,339.3999938964844,340.5,336.8999938964844,338.3999938964844,338.3999938964844,265700
2021-01-21,340.8999938964844,341.79998779296875,328.45001220703125,329.75,329.75,240100
2021-01-25,326.70001220703125,329.20001220703125,313.95001220703125,317.8999938964844,317.8999938964844,264300
2021-01-27,318.95001220703125,318.95001220703125,309.54998779296875,311.0,311.0,259900
2021-01-28,305.6000061035156,311.5,301.04998779296875,304.1499938964844,304.1499938964844,251700
2021-01-29,308.6499938964844,311.70001220703125,304.3500061035156,305.6499938964844,305.6499938964844,218000
2021-02-01,308.1000061035156,328.5,304.70001220703125,324.95001220703125,324.95001220703125,464800
2021-02-02,328.5,339.25,325.20001220703125,337.25,337.25,374200
2021-02-03,340.45001220703125,341.3500061035156,334.29998779296875,335.79998779296875,335.79998779296875,329900
2021-02-04,334.70001220703125,346.8500061035156,333.5,339.0,339.0,556800
2021-02-05,340.95001220703125,346.1499938964844,338.70001220703125,341.29998779296875,341.29998779296875,379700
2021-02-08,346.95001220703125,349.8500061035156,344.25,348.1499938964844,348.1499938964844,373600
2021-02-09,349.75,353.25,344.1000061035156,345.79998779296875,345.79998779296875,342200
2021-02-10,347.79998779296875,352.0,346.0,351.45001220703125,351.45001220703125,283400
2021-02-11,351.54998779296875,354.5,349.8500061035156,350.54998779296875,350.54998779296875,195600
2021-02-12,351.3500061035156,354.25,349.5,350.6000061035156,350.6000061035156,217400
2021-02-16,357.8999938964844,362.70001220703125,354.29998779296875,356.79998779296875,356.79998779296875,270600
2021-02-18,356.3999938964844,356.95001220703125,350.04998779296875,352.6499938964844,352.6499938964844,211200
2021-02-19,353.45001220703125,354.3500061035156,343.20001220703125,348.04998779296875,348.04998779296875,293900
2021-02-22,347.95001220703125,350.45001220703125,335.45001220703125,338.29998779296875,338.29998779296875,175000
2021-02-23,341.6499938964844,351.8500061035156,341.5,347.45001220703125,347.45001220703125,298900
2021-02-24,349.5,352.1000061035156,346.79998779296875,350.45001220703125,350.45001220703125,170000
2021-02-25,353.79998779296875,357.1499938964844,353.3500061035156,356.3500061035156,356.3500061035156,450900
2021-02-26,350.6000061035156,354.0,345.6499938964844,349.79998779296875,349.79998779296875,322200
2021-03-01,353.29998779296875,356.5,351.04998779296875,354.45001220703125,354.45001220703125,269700
2021-03-02,357.1000061035156,359.29998779296875,353.8500061035156,357.1000061035156,357.1000061035156,270400
2021-03-03,360.75,364.04998779296875,358.75,362.45001220703125,362.45001220703125,421200
2021-03-04,358.8999938964844,365.6000061035156,357.8999938964844,362.8500061035156,362.8500061035156,548400
2021-03-05,361.8500061035156,363.79998779296875,354.6000061035156,357.70001220703125,357.70001220703125,367500
2021-03-08,360.1499938964844,362.1499938964844,353.0,353.95001220703125,353.95001220703125,217700
2021-03-09,356.79998779296875,358.1000061035156,347.45001220703125,350.1000061035156,350.1000061035156,263700
2021-03-10,353.8500061035156,356.6499938964844,350.8500061035156,352.25,352.25,208200
2021-03-12,356.25,357.70001220703125,348.0,349.3500061035156,349.3500061035156,278100
2021-03-15,351.6000061035156,351.6000061035156,342.70001220703125,347.95001220703125,347.95001220703125,314300
2021-03-16,346.8999938964844,350.79998779296875,344.6000061035156,346.0,346.0,100
2021-03-17,345.79998779296875,348.04998779296875,334.20001220703125,335.75,335.75,100
2021-03-18,339.29998779296875,341.3500061035156,327.3500061035156,330.79998779296875,330.79998779296875,246000
2021-03-19,328.8999938964844,330.20001220703125,317.0,329.04998779296875,329.04998779296875,267500
2021-03-22,328.8500061035156,339.6499938964844,327.54998779296875,337.95001220703125,337.95001220703125,248700
2021-03-23,339.1499938964844,342.79998779296875,337.8500061035156,341.5,341.5,289700
2021-03-24,339.0,340.6000061035156,329.8999938964844,331.45001220703125,331.45001220703125,240800
2021-03-25,332.0,332.79998779296875,319.79998779296875,323.1499938964844,323.1499938964844,257700
2021-03-26,327.5,329.54998779296875,326.1000061035156,328.6000061035156,328.6000061035156,244000
2021-03-30,331.95001220703125,332.29998779296875,323.1000061035156,328.5,328.5,193000
2021-03-31,327.70001220703125,334.8999938964844,324.3999938964844,334.1499938964844,334.1499938964844,274900
2021-04-01,333.3500061035156,336.5,331.3500061035156,335.79998779296875,335.79998779296875,343900
2021-04-05,334.1499938964844,334.1499938964844,319.6000061035156,324.45001220703125,324.45001220703125,212500
2021-04-06,327.45001220703125,329.6499938964844,322.1499938964844,328.25,328.25,256000
2021-04-07,328.6499938964844,333.6499938964844,327.8999938964844,331.3999938964844,331.3999938964844,240000
2021-04-08,333.20001220703125,336.3999938964844,332.8500061035156,334.1000061035156,334.1000061035156,153000
2021-04-09,333.3999938964844,336.95001220703125,329.6000061035156,332.04998779296875,332.04998779296875,161000
2021-04-12,322.75,324.25,305.70001220703125,307.1499938964844,307.1499938964844,339700
2021-04-13,308.04998779296875,316.3500061035156,307.29998779296875,315.6499938964844,315.6499938964844,264900
2021-04-15,313.04998779296875,315.70001220703125,309.3500061035156,314.45001220703125,314.45001220703125,181200
2021-04-16,315.1499938964844,317.20001220703125,311.75,313.04998779296875,313.04998779296875,186000
2021-04-19,304.25,305.8500061035156,298.54998779296875,300.29998779296875,300.29998779296875,210400
2021-04-20,303.75,305.04998779296875,299.25,301.25,301.25,197500
2021-04-22,298.79998779296875,306.04998779296875,298.3500061035156,305.1499938964844,305.1499938964844,270900
2021-04-23,304.25,306.75,299.5,301.79998779296875,301.79998779296875,144500
2021-04-26,304.20001220703125,314.3500061035156,304.20001220703125,312.04998779296875,312.04998779296875,212800
2021-04-27,314.1000061035156,316.3500061035156,313.20001220703125,314.29998779296875,314.29998779296875,170300
2021-04-28,315.95001220703125,316.3500061035156,311.70001220703125,312.45001220703125,312.45001220703125,158500
2021-04-29,314.6000061035156,316.04998779296875,311.20001220703125,312.20001220703125,312.20001220703125,142800
2021-04-30,308.5,313.3500061035156,307.70001220703125,309.6000061035156,309.6000061035156,135200
2021-05-03,305.8999938964844,309.75,305.04998779296875,307.6499938964844,307.6499938964844,149200
2021-05-04,309.45001220703125,312.3999938964844,305.5,306.25,306.25,141000
2021-05-06,304.6000061035156,305.79998779296875,302.54998779296875,305.3500061035156,305.3500061035156,103000
2021-05-07,307.1499938964844,312.0,306.25,307.6499938964844,307.6499938964844,267800
2021-05-10,310.20001220703125,312.29998779296875,307.75,310.04998779296875,310.04998779296875,306700
2021-05-12,312.45001220703125,315.79998779296875,309.6000061035156,310.3500061035156,310.3500061035156,180400
2021-05-14,313.75,314.04998779296875,299.8999938964844,300.45001220703125,300.45001220703125,189900
2021-05-17,303.6499938964844,305.95001220703125,300.95001220703125,304.6499938964844,304.6499938964844,147900
2021-05-18,308.20001220703125,309.1499938964844,306.20001220703125,307.20001220703125,307.20001220703125,161500
2021-05-19,308.25,314.6499938964844,308.25,313.79998779296875,313.79998779296875,190700
2021-05-21,320.29998779296875,326.1000061035156,318.29998779296875,320.6499938964844,320.6499938964844,329200
2021-05-24,323.8500061035156,327.29998779296875,321.54998779296875,325.0,325.0,236800
2021-05-26,328.25,336.29998779296875,327.8999938964844,335.45001220703125,335.45001220703125,587400
2021-05-27,336.75,336.79998779296875,330.3999938964844,331.45001220703125,331.45001220703125,300300
2021-05-28,333.79998779296875,334.3999938964844,330.75,331.6000061035156,331.6000061035156,209700
2021-06-01,338.5,338.6000061035156,330.75,334.3999938964844,334.3999938964844,157200
2021-06-02,334.1000061035156,340.0,334.1000061035156,339.25,339.25,214100
2021-06-03,342.8999938964844,354.04998779296875,341.70001220703125,352.1000061035156,352.1000061035156,581200
2021-06-04,355.29998779296875,356.79998779296875,351.3999938964844,353.79998779296875,353.79998779296875,430000
2021-06-07,356.95001220703125,358.1000061035156,351.8999938964844,352.79998779296875,352.79998779296875,341100
2021-06-08,353.95001220703125,356.5,349.0,355.79998779296875,355.79998779296875,304700
2021-06-09,359.1000061035156,361.54998779296875,348.20001220703125,349.8999938964844,349.8999938964844,411300
2021-06-10,351.70001220703125,363.25,351.6000061035156,361.6000061035156,361.6000061035156,435300
2021-06-11,364.45001220703125,364.79998779296875,357.0,357.8500061035156,357.8500061035156,292200
2021-06-14,359.95001220703125,360.0,344.25,352.3999938964844,352.3999938964844,376700
2021-06-15,355.0,358.6000061035156,354.04998779296875,357.04998779296875,357.04998779296875,214900
2021-06-16,357.20001220703125,359.0,350.95001220703125,352.54998779296875,352.54998779296875,223400
2021-06-17,349.6000061035156,354.75,345.25,346.75,346.75,280400
2021-06-18,349.1499938964844,349.45001220703125,331.6000061035156,343.8500061035156,343.8500061035156,313100
2021-06-21,339.45001220703125,352.6000061035156,337.1499938964844,351.8500061035156,351.8500061035156,241600
2021-06-22,354.04998779296875,357.3500061035156,347.75,349.45001220703125,349.45001220703125,261300
2021-06-23,351.3500061035156,352.3999938964844,347.3999938964844,348.20001220703125,348.20001220703125,333500
2021-06-24,350.45001220703125,350.95001220703125,344.8999938964844,345.54998779296875,345.54998779296875,406700
2021-06-25,346.70001220703125,349.6499938964844,345.45001220703125,346.54998779296875,346.54998779296875,229100
2021-06-28,346.5,348.8500061035156,345.75,346.70001220703125,346.70001220703125,186000
2021-06-29,347.3500061035156,348.6000061035156,343.75,345.45001220703125,345.45001220703125,246300
2021-06-30,346.8500061035156,347.3500061035156,343.1000061035156,343.95001220703125,343.95001220703125,284200
2021-07-01,345.3500061035156,347.5,342.29998779296875,342.79998779296875,342.79998779296875,171200
2021-07-02,344.70001220703125,346.79998779296875,343.8999938964844,344.6000061035156,344.6000061035156,163600
2021-07-06,355.5,357.8500061035156,351.29998779296875,352.79998779296875,352.79998779296875,367100
2021-07-07,353.54998779296875,362.1499938964844,352.3500061035156,359.70001220703125,359.70001220703125,332800
2021-07-08,362.0,363.3500061035156,355.70001220703125,357.6499938964844,357.6499938964844,294300
2021-07-09,358.79998779296875,367.45001220703125,356.8999938964844,366.1499938964844,366.1499938964844,402800
2021-07-12,369.20001220703125,382.25,367.8999938964844,379.3500061035156,379.3500061035156,1460500
2021-07-13,383.8500061035156,386.8500061035156,379.3999938964844,380.79998779296875,380.79998779296875,730100
2021-07-14,381.20001220703125,381.20001220703125,376.5,377.20001220703125,377.20001220703125,272141000
2021-07-15,378.70001220703125,394.29998779296875,376.29998779296875,393.04998779296875,393.04998779296875,620700
2021-07-16,395.45001220703125,402.1000061035156,390.04998779296875,397.54998779296875,397.54998779296875,803800
2021-07-19,393.45001220703125,404.70001220703125,391.6499938964844,399.25,399.25,1152200
2021-07-20,400.54998779296875,400.79998779296875,386.70001220703125,389.1499938964844,389.1499938964844,649500
2021-07-22,392.0,401.1000061035156,391.54998779296875,395.95001220703125,395.95001220703125,434100
2021-07-23,397.3500061035156,403.0,391.45001220703125,401.04998779296875,401.04998779296875,438500
2021-07-26,401.1499938964844,406.8999938964844,396.20001220703125,397.20001220703125,397.20001220703125,349000
2021-07-27,400.04998779296875,404.45001220703125,391.95001220703125,394.29998779296875,394.29998779296875,476200
2021-07-28,396.1499938964844,397.45001220703125,385.75,391.20001220703125,391.20001220703125,303500
2021-07-29,393.3999938964844,400.1499938964844,392.45001220703125,397.5,397.5,296000
2021-07-30,396.6000061035156,403.04998779296875,394.95001220703125,398.6499938964844,398.6499938964844,224500
2021-08-02,400.6499938964844,420.75,400.1000061035156,417.75,417.75,585700
2021-08-03,419.3500061035156,423.1499938964844,415.70001220703125,418.8500061035156,418.8500061035156,362300
2021-08-04,419.04998779296875,419.6000061035156,409.75,411.8500061035156,411.8500061035156,239600
2021-08-05,412.1000061035156,413.1000061035156,402.8999938964844,407.3500061035156,407.3500061035156,230000
2021-08-06,407.0,410.20001220703125,402.75,403.45001220703125,403.45001220703125,151000
2021-08-09,405.45001220703125,407.79998779296875,398.5,400.5,400.5,168915700
2021-08-10,400.8500061035156,402.04998779296875,386.3999938964844,392.3999938964844,392.3999938964844,207600
2021-08-11,392.3999938964844,394.1499938964844,376.45001220703125,393.45001220703125,393.45001220703125,399500
2021-08-12,393.8999938964844,399.1000061035156,393.04998779296875,398.20001220703125,398.20001220703125,226000
2021-08-13,398.3500061035156,400.1000061035156,392.75,394.54998779296875,394.54998779296875,157200
2021-08-16,394.54998779296875,396.8500061035156,391.79998779296875,393.0,393.0,227500
2021-08-17,393.0,394.95001220703125,385.8500061035156,390.25,390.25,263700
2021-08-18,390.79998779296875,392.25,386.1000061035156,387.25,387.25,163300
2021-08-20,382.70001220703125,385.70001220703125,371.6499938964844,373.3999938964844,373.3999938964844,196800
2021-08-23,375.70001220703125,379.1000061035156,365.54998779296875,369.70001220703125,369.70001220703125,177300
2021-08-24,371.70001220703125,377.3500061035156,369.8500061035156,376.45001220703125,376.45001220703125,180700
2021-08-25,377.8500061035156,379.75,370.70001220703125,373.5,373.5,186600
2021-08-26,374.70001220703125,375.8500061035156,371.79998779296875,374.5,374.5,149300
2021-08-27,374.1499938964844,379.54998779296875,373.95001220703125,377.25,377.25,175600
2021-08-30,377.3999938964844,385.8500061035156,377.3999938964844,384.54998779296875,384.54998779296875,170800
2021-08-31,384.8999938964844,388.25,382.8999938964844,386.79998779296875,386.79998779296875,207000
2021-09-01,389.3500061035156,411.3500061035156,388.25,408.3500061035156,408.3500061035156,560800
2021-09-02,409.45001220703125,414.3500061035156,405.20001220703125,413.45001220703125,413.45001220703125,334300
2021-09-03,415.6000061035156,423.3999938964844,413.8500061035156,417.8500061035156,417.8500061035156,373300
2021-09-06,420.25,432.8500061035156,419.1499938964844,431.04998779296875,431.04998779296875,394300
2021-09-07,433.3999938964844,433.6000061035156,417.70001220703125,421.0,421.0,243800
2021-09-08,421.70001220703125,424.25,416.95001220703125,420.70001220703125,420.70001220703125,253400
2021-09-09,417.75,419.8999938964844,415.8999938964844,417.6000061035156,417.6000061035156,164700
2021-09-13,417.1000061035156,420.95001220703125,415.04998779296875,420.29998779296875,420.29998779296875,209100
2021-09-14,421.8999938964844,425.6000061035156,419.8500061035156,422.04998779296875,422.04998779296875,285800
2021-09-15,423.1499938964844,425.79998779296875,421.54998779296875,422.70001220703125,422.70001220703125,179700
2021-09-16,424.54998779296875,425.54998779296875,421.54998779296875,423.5,423.5,195200
2021-09-17,425.04998779296875,429.3999938964844,411.75,413.54998779296875,413.54998779296875,271500
2021-09-20,408.3999938964844,416.79998779296875,403.3500061035156,404.70001220703125,404.70001220703125,217600
2021-09-21,406.0,421.6000061035156,405.04998779296875,419.1499938964844,419.1499938964844,383700
2021-09-22,423.45001220703125,456.1499938964844,421.95001220703125,454.54998779296875,454.54998779296875,905200
2021-09-23,458.1000061035156,507.6499938964844,457.5,493.8999938964844,493.8999938964844,1504900
2021-09-24,496.54998779296875,510.04998779296875,492.25,501.29998779296875,501.29998779296875,958300
2021-09-27,504.25,520.0499877929688,503.04998779296875,516.2999877929688,516.2999877929688,621800
2021-09-28,517.25,517.75,490.1000061035156,500.70001220703125,500.70001220703125,463300
2021-09-29,496.20001220703125,515.5,493.25,506.3500061035156,506.3500061035156,416500
2021-09-30,509.1499938964844,516.5499877929688,508.25,513.7999877929688,513.7999877929688,324200
2021-10-01,513.25,516.5,503.6499938964844,506.04998779296875,506.04998779296875,333600
2021-10-04,508.0,525.0499877929688,507.29998779296875,517.0499877929688,517.0499877929688,393400
2021-10-05,516.5,517.7999877929688,507.1499938964844,510.0,510.0,222400
2021-10-06,512.25,515.0,500.3500061035156,501.75,501.75,239300
2021-10-07,509.25,536.0499877929688,509.25,532.6500244140625,532.6500244140625,490100
2021-10-08,538.3499755859375,538.9000244140625,515.6500244140625,520.9000244140625,520.9000244140625,259900
2021-10-11,523.8499755859375,541.5499877929688,520.9000244140625,529.9000244140625,529.9000244140625,339200
2021-10-12,530.3499755859375,538.7000122070312,522.3499755859375,533.75,533.75,273700
2021-10-13,535.9000244140625,539.25,529.2999877929688,532.4500122070312,532.4500122070312,226800
2021-10-14,535.9500122070312,550.7000122070312,533.9500122070312,539.25,539.25,518100
2021-10-18,543.0999755859375,550.75,538.25,541.7999877929688,541.7999877929688,432700
2021-10-19,543.8499755859375,545.7999877929688,511.1000061035156,516.0999755859375,516.0999755859375,276400
2021-10-20,517.0499877929688,518.6500244140625,498.95001220703125,504.95001220703125,504.95001220703125,277400
2021-10-21,507.54998779296875,514.0999755859375,493.3999938964844,497.8500061035156,497.8500061035156,301600
2021-10-22,502.70001220703125,515.5999755859375,502.5,510.6000061035156,510.6000061035156,295100
2021-10-25,513.0999755859375,513.5499877929688,484.8999938964844,496.45001220703125,496.45001220703125,221300
2021-10-26,497.1499938964844,515.9500122070312,496.1499938964844,514.4000244140625,514.4000244140625,197000
2021-10-27,516.0999755859375,521.0499877929688,510.3500061035156,515.9500122070312,515.9500122070312,192400
2021-10-28,516.9500122070312,517.0999755859375,493.95001220703125,496.5,496.5,195000
2021-10-29,498.0,504.54998779296875,483.79998779296875,498.70001220703125,498.70001220703125,267700
2021-11-01,503.3500061035156,526.5999755859375,502.8500061035156,518.7999877929688,518.7999877929688,374400
2021-11-02,522.0,539.2000122070312,519.75,536.3499755859375,536.3499755859375,704500
2021-11-03,537.7000122070312,553.6500244140625,533.7999877929688,546.75,546.75,471500
2021-11-04,549.9000244140625,552.4000244140625,545.9500122070312,548.0499877929688,548.0499877929688,127900
2021-11-08,552.9500122070312,556.8499755859375,543.0,555.5999755859375,555.5999755859375,346400
2021-11-09,557.5499877929688,560.9000244140625,553.5999755859375,556.1500244140625,556.1500244140625,377300
2021-11-10,553.5999755859375,553.5999755859375,545.9500122070312,548.5999755859375,548.5999755859375,205900
2021-11-11,549.2999877929688,551.8499755859375,532.5999755859375,535.7999877929688,535.7999877929688,247500
2021-11-12,539.1500244140625,546.5499877929688,533.9000244140625,544.6500244140625,544.6500244140625,285700
2021-11-15,548.2000122070312,549.2999877929688,540.5,545.8499755859375,545.8499755859375,161700
2021-11-16,548.1500244140625,553.7999877929688,542.7999877929688,545.0999755859375,545.0999755859375,204000
2021-11-17,542.7999877929688,546.1500244140625,534.0999755859375,536.1500244140625,536.1500244140625,188100
2021-11-18,535.5999755859375,542.0,523.1500244140625,526.9000244140625,526.9000244140625,237100
2021-11-22,526.3499755859375,527.8499755859375,496.6499938964844,505.1000061035156,505.1000061035156,304500
2021-11-23,503.04998779296875,517.25,500.04998779296875,516.0,516.0,289500
2021-11-24,519.3499755859375,524.4000244140625,512.8499755859375,515.6500244140625,515.6500244140625,232900
2021-11-25,517.4500122070312,526.5499877929688,515.2000122070312,525.7000122070312,525.7000122070312,204700
2021-11-26,519.2000122070312,519.4500122070312,489.54998779296875,492.79998779296875,492.79998779296875,362500
2021-11-29,488.3500061035156,491.6499938964844,470.6499938964844,484.6000061035156,484.6000061035156,305900
2021-11-30,489.8999938964844,506.70001220703125,483.75,487.6000061035156,487.6000061035156,480100
2021-12-01,489.75,497.45001220703125,485.20001220703125,494.6499938964844,494.6499938964844,297600
2021-12-02,496.1000061035156,498.54998779296875,488.29998779296875,497.3500061035156,497.3500061035156,185700
2021-12-03,498.5,505.25,493.1499938964844,496.29998779296875,496.29998779296875,229200
2021-12-06,498.04998779296875,506.1499938964844,488.5,489.5,489.5,222600
2021-12-07,495.1000061035156,501.5,493.1000061035156,500.45001220703125,500.45001220703125,206400
2021-12-08,504.8999938964844,509.8500061035156,504.04998779296875,509.04998779296875,509.04998779296875,152100
2021-12-09,510.75,511.95001220703125,503.70001220703125,507.6499938964844,507.6499938964844,140100
2021-12-10,507.79998779296875,520.6500244140625,505.1000061035156,519.4000244140625,519.4000244140625,404600
2021-12-13,522.2999877929688,525.4000244140625,511.0,512.4000244140625,512.4000244140625,296100
2021-12-14,511.25,511.25,498.70001220703125,509.20001220703125,509.20001220703125,192500
2021-12-15,508.79998779296875,510.45001220703125,498.04998779296875,499.6000061035156,499.6000061035156,172000
2021-12-16,503.1499938964844,506.70001220703125,493.25,495.3999938964844,495.3999938964844,177800
2021-12-17,496.3500061035156,497.6499938964844,474.3500061035156,475.95001220703125,475.95001220703125,297200
2021-12-20,465.5,467.3999938964844,442.0,452.6499938964844,452.6499938964844,308500
2021-12-21,458.8500061035156,466.1000061035156,456.3500061035156,459.95001220703125,459.95001220703125,234700
2021-12-22,463.0,474.75,462.1000061035156,473.5,473.5,188600
2021-12-23,477.20001220703125,486.0,476.79998779296875,484.45001220703125,484.45001220703125,168500
2021-12-24,485.29998779296875,486.3999938964844,473.79998779296875,477.29998779296875,477.29998779296875,172500
2021-12-27,475.8500061035156,480.54998779296875,466.5,479.6000061035156,479.6000061035156,168600
2021-12-28,481.79998779296875,486.5,480.54998779296875,483.3999938964844,483.3999938964844,150600
2021-12-29,483.1499938964844,486.70001220703125,480.1000061035156,483.04998779296875,483.04998779296875,154000
2021-12-30,482.5,482.8999938964844,476.70001220703125,478.3500061035156,478.3500061035156,122200
2021-12-31,480.95001220703125,486.8999938964844,480.5,484.1499938964844,484.1499938964844,125600
2022-01-03,486.1000061035156,495.25,486.1000061035156,489.6499938964844,489.6499938964844,174400
2022-01-04,492.3500061035156,493.5,484.25,487.04998779296875,487.04998779296875,142300
2022-01-05,487.8500061035156,494.54998779296875,483.8500061035156,492.8999938964844,492.8999938964844,184300
2022-01-06,490.95001220703125,490.95001220703125,480.95001220703125,485.6499938964844,485.6499938964844,175500
2022-01-07,488.75,492.0,482.0,485.79998779296875,485.79998779296875,275900
2022-01-10,491.3999938964844,497.79998779296875,490.5,495.1499938964844,495.1499938964844,291300
2022-01-11,496.1000061035156,503.6499938964844,494.0,497.95001220703125,497.95001220703125,304100
2022-01-12,504.79998779296875,515.0,503.1499938964844,507.45001220703125,507.45001220703125,367100
2022-01-13,508.79998779296875,508.8500061035156,500.45001220703125,503.79998779296875,503.79998779296875,161800
2022-01-14,501.3500061035156,511.04998779296875,498.54998779296875,509.6000061035156,509.6000061035156,246400
2022-01-17,510.95001220703125,517.75,505.70001220703125,516.0999755859375,516.0999755859375,214700
2022-01-18,520.8499755859375,527.2000122070312,498.75,502.6499938964844,502.6499938964844,338300
2022-01-19,501.6000061035156,503.1499938964844,492.6499938964844,501.8999938964844,501.8999938964844,240500
2022-01-20,503.20001220703125,506.5,499.6499938964844,503.04998779296875,503.04998779296875,195900
2022-01-21,498.20001220703125,500.3500061035156,485.1499938964844,491.20001220703125,491.20001220703125,233100
2022-01-24,491.1000061035156,491.3999938964844,453.1499938964844,462.20001220703125,462.20001220703125,295100
2022-01-25,457.1000061035156,472.79998779296875,446.95001220703125,470.6000061035156,470.6000061035156,258900
2022-01-27,462.25,465.1499938964844,451.5,462.1000061035156,462.1000061035156,298800
2022-01-28,467.0,478.1000061035156,464.1499938964844,465.6499938964844,465.6499938964844,171100
2022-01-31,470.1499938964844,481.6499938964844,470.1000061035156,480.25,480.25,141700
2022-02-01,486.1499938964844,491.1499938964844,475.8500061035156,488.6499938964844,488.6499938964844,276300
2022-02-02,491.3999938964844,496.45001220703125,490.79998779296875,495.5,495.5,170600
2022-02-03,495.79998779296875,499.3999938964844,484.79998779296875,486.8999938964844,486.8999938964844,226500
2022-02-04,479.3999938964844,484.25,471.6499938964844,473.45001220703125,473.45001220703125,245400
2022-02-07,474.8500061035156,477.79998779296875,465.75,468.20001220703125,468.20001220703125,189600
2022-02-08,472.1000061035156,473.6499938964844,458.1000061035156,464.25,464.25,184800
2022-02-09,467.3500061035156,470.75,464.04998779296875,467.0,467.0,148600
2022-02-10,470.20001220703125,474.25,465.1499938964844,471.20001220703125,471.20001220703125,145900
2022-02-11,466.75,469.04998779296875,460.54998779296875,461.8500061035156,461.8500061035156,119900
2022-02-14,452.0,452.75,434.8500061035156,437.3999938964844,437.3999938964844,241100
2022-02-15,440.8999938964844,452.75,431.70001220703125,450.70001220703125,450.70001220703125,262400
2022-02-16,454.5,461.79998779296875,452.25,455.79998779296875,455.79998779296875,209200
2022-02-17,459.0,460.79998779296875,452.54998779296875,454.70001220703125,454.70001220703125,153100
2022-02-18,452.3500061035156,456.79998779296875,447.70001220703125,449.0,449.0,134100
2022-02-21,445.5,449.6499938964844,437.3999938964844,442.8999938964844,442.8999938964844,510100
2022-02-22,430.8999938964844,439.6499938964844,427.5,430.0,430.0,969700
2022-02-23,434.75,445.45001220703125,434.45001220703125,443.54998779296875,443.54998779296875,411500
2022-02-24,421.3500061035156,431.70001220703125,408.8500061035156,411.75,411.75,508900
2022-02-25,425.1000061035156,434.6499938964844,423.8500061035156,433.75,433.75,448300
2022-02-28,427.3500061035156,437.54998779296875,423.04998779296875,436.3999938964844,436.3999938964844,253000
2022-03-02,431.79998779296875,436.04998779296875,427.5,431.25,431.25,203400
2022-03-03,437.79998779296875,439.45001220703125,427.0,429.0,429.0,242900
2022-03-04,424.6000061035156,427.1499938964844,414.54998779296875,416.45001220703125,416.45001220703125,223300
2022-03-07,406.1499938964844,406.6000061035156,389.29998779296875,393.6499938964844,393.6499938964844,293100
2022-03-08,394.1000061035156,407.79998779296875,390.75,406.45001220703125,406.45001220703125,322500
2022-03-09,409.70001220703125,421.04998779296875,408.29998779296875,418.8500061035156,418.8500061035156,254100
2022-03-10,428.8500061035156,436.20001220703125,426.70001220703125,428.20001220703125,428.20001220703125,280800
2022-03-11,427.3999938964844,432.3999938964844,425.54998779296875,430.20001220703125,430.20001220703125,139600
2022-03-14,429.75,431.70001220703125,420.8500061035156,422.95001220703125,422.95001220703125,219500
2022-03-15,425.8999938964844,432.8500061035156,418.0,421.70001220703125,421.70001220703125,354900
2022-03-16,428.20001220703125,438.04998779296875,427.1000061035156,437.04998779296875,437.04998779296875,230300
2022-03-17,442.25,451.8500061035156,442.1000061035156,450.75,450.75,278500
2022-03-21,455.04998779296875,456.3999938964844,446.5,447.6000061035156,447.6000061035156,171300
2022-03-22,447.95001220703125,448.1000061035156,433.5,443.1000061035156,443.1000061035156,195700
2022-03-23,446.70001220703125,451.25,440.0,441.54998779296875,441.54998779296875,197100
2022-03-24,440.20001220703125,447.1499938964844,437.8500061035156,443.75,443.75,177400
2022-03-25,445.70001220703125,450.8999938964844,444.70001220703125,449.1499938964844,449.1499938964844,208200
2022-03-28,451.95001220703125,452.54998779296875,444.0,451.0,451.0,248000
2022-03-29,452.75,457.3500061035156,452.45001220703125,455.3999938964844,455.3999938964844,296700
2022-03-30,459.79998779296875,465.95001220703125,459.5,462.3500061035156,462.3500061035156,266400
2022-03-31,463.1499938964844,464.8500061035156,459.25,463.54998779296875,463.54998779296875,192600
2022-04-01,463.6499938964844,475.5,463.45001220703125,474.54998779296875,474.54998779296875,325500
2022-04-04,476.20001220703125,477.8500061035156,472.54998779296875,476.1499938964844,476.1499938964844,344200
2022-04-05,477.8999938964844,478.6000061035156,472.29998779296875,474.8999938964844,474.8999938964844,298800
2022-04-06,471.70001220703125,475.70001220703125,468.04998779296875,473.70001220703125,473.70001220703125,287700
2022-04-07,478.5,481.79998779296875,472.75,473.8500061035156,473.8500061035156,298500
2022-04-08,476.0,478.1499938964844,471.54998779296875,474.5,474.5,340800
2022-04-11,475.0,482.5,473.8999938964844,479.8500061035156,479.8500061035156,216800
2022-04-12,478.8999938964844,479.3999938964844,461.1000061035156,466.6000061035156,466.6000061035156,209500
2022-04-13,469.5,472.6000061035156,463.0,464.1000061035156,464.1000061035156,211500
2022-04-18,460.3999938964844,461.70001220703125,450.29998779296875,458.20001220703125,458.20001220703125,230300
2022-04-19,461.1499938964844,462.29998779296875,441.79998779296875,446.8999938964844,446.8999938964844,248500
2022-04-20,449.3500061035156,454.1000061035156,446.95001220703125,449.3500061035156,449.3500061035156,258400
2022-04-21,453.70001220703125,455.95001220703125,450.6499938964844,454.3999938964844,454.3999938964844,140500
2022-04-22,450.8999938964844,454.5,447.1499938964844,448.1000061035156,448.1000061035156,159400
2022-04-25,444.04998779296875,444.20001220703125,429.95001220703125,431.25,431.25,183100
2022-04-26,436.04998779296875,447.8999938964844,435.54998779296875,446.6499938964844,446.6499938964844,232500
2022-04-27,444.1499938964844,446.8500061035156,437.79998779296875,445.29998779296875,445.29998779296875,139500
2022-04-28,449.54998779296875,450.20001220703125,441.6000061035156,449.1000061035156,449.1000061035156,174400
2022-04-29,450.8500061035156,455.1499938964844,440.20001220703125,443.75,443.75,161400
2022-05-02,438.6000061035156,447.45001220703125,437.6499938964844,444.70001220703125,444.70001220703125,143500
2022-05-04,449.1499938964844,450.45001220703125,428.3500061035156,430.1499938964844,430.1499938964844,225700
2022-05-05,432.29998779296875,434.1000061035156,421.6499938964844,423.20001220703125,423.20001220703125,196200
2022-05-06,413.3999938964844,415.20001220703125,406.6000061035156,408.1499938964844,408.1499938964844,241500
2022-05-09,405.45001220703125,407.8999938964844,400.8999938964844,402.95001220703125,402.95001220703125,213100
2022-05-10,403.6000061035156,409.70001220703125,389.8500061035156,391.1000061035156,391.1000061035156,181600
2022-05-11,392.6000061035156,395.45001220703125,380.1000061035156,393.95001220703125,393.95001220703125,349200
2022-05-12,392.29998779296875,392.29998779296875,378.5,385.5,385.5,262700
2022-05-13,391.29998779296875,394.6499938964844,383.20001220703125,384.45001220703125,384.45001220703125,196500
2022-05-16,387.1499938964844,396.5,382.95001220703125,394.5,394.5,188900
2022-05-17,396.29998779296875,403.04998779296875,392.3500061035156,402.20001220703125,402.20001220703125,161800
2022-05-18,404.25,406.8500061035156,394.25,395.1499938964844,395.1499938964844,287900
2022-05-19,384.70001220703125,389.8500061035156,379.70001220703125,384.8500061035156,384.8500061035156,203000
2022-05-20,391.0,401.8500061035156,390.25,401.04998779296875,401.04998779296875,192600
2022-05-23,404.8500061035156,410.5,394.6000061035156,396.79998779296875,396.79998779296875,295500
2022-05-24,397.54998779296875,398.3999938964844,390.3500061035156,392.0,392.0,130000
2022-05-25,393.8500061035156,396.6499938964844,377.95001220703125,380.70001220703125,380.70001220703125,169800
2022-05-26,380.0,390.25,369.6499938964844,386.0,386.0,221200
2022-05-27,389.3500061035156,392.79998779296875,384.6000061035156,387.8500061035156,387.8500061035156,219800
2022-05-30,392.1499938964844,404.1499938964844,391.0,403.6000061035156,403.6000061035156,264900
2022-05-31,402.3500061035156,413.70001220703125,401.54998779296875,411.70001220703125,411.70001220703125,344900
2022-06-01,413.54998779296875,415.95001220703125,404.1499938964844,407.1000061035156,407.1000061035156,336600
2022-06-02,405.54998779296875,411.45001220703125,404.75,410.79998779296875,410.79998779296875,171000
2022-06-03,413.6499938964844,414.8999938964844,405.3999938964844,406.8500061035156,406.8500061035156,443900
2022-06-06,405.75,407.70001220703125,398.8500061035156,403.5,403.5,156500
2022-06-07,400.8999938964844,401.3999938964844,394.6000061035156,396.75,396.75,160000
2022-06-08,398.1000061035156,407.25,394.6000061035156,404.25,404.25,258600
2022-06-09,400.75,406.25,398.6000061035156,405.29998779296875,405.29998779296875,121100
2022-06-10,400.0,405.45001220703125,399.20001220703125,400.45001220703125,400.45001220703125,119100
2022-06-13,391.25,392.6499938964844,384.1000061035156,387.8500061035156,387.8500061035156,189600
2022-06-14,385.54998779296875,395.5,382.29998779296875,391.0,391.0,218700
2022-06-15,392.79998779296875,395.3999938964844,386.5,388.6000061035156,388.6000061035156,150800
2022-06-16,393.8500061035156,395.0,375.3999938964844,377.70001220703125,377.70001220703125,184700
2022-06-17,374.8999938964844,382.1499938964844,368.79998779296875,377.6499938964844,377.6499938964844,323100
2022-06-20,379.5,380.04998779296875,365.75,370.75,370.75,194200
2022-06-21,373.5,385.3999938964844,372.8999938964844,384.29998779296875,384.29998779296875,140400
2022-06-22,383.3999938964844,383.95001220703125,373.3999938964844,375.8999938964844,375.8999938964844,169400
2022-06-23,376.54998779296875,383.95001220703125,373.3999938964844,382.1499938964844,382.1499938964844,153700
2022-06-24,385.29998779296875,385.70001220703125,381.8500061035156,383.20001220703125,383.20001220703125,144000
2022-06-27,388.8500061035156,391.20001220703125,385.1499938964844,386.5,386.5,103400
2022-06-28,386.04998779296875,390.3500061035156,380.3500061035156,389.1000061035156,389.1000061035156,162600
2022-06-29,385.04998779296875,390.8999938964844,384.04998779296875,389.95001220703125,389.95001220703125,100700
2022-06-30,390.04998779296875,391.95001220703125,380.20001220703125,385.29998779296875,385.29998779296875,163200
2022-07-01,382.6499938964844,392.29998779296875,382.29998779296875,391.3999938964844,391.3999938964844,144800
2022-07-04,391.0,394.79998779296875,390.20001220703125,392.6000061035156,392.6000061035156,128200
2022-07-05,392.8500061035156,397.5,390.70001220703125,391.8500061035156,391.8500061035156,129700
2022-07-06,392.0,401.3999938964844,390.20001220703125,400.75,400.75,183600
2022-07-07,406.04998779296875,412.5,404.8999938964844,411.25,411.25,288500
2022-07-08,413.25,413.45001220703125,407.20001220703125,411.0,411.0,141600
2022-07-11,408.8999938964844,418.1499938964844,408.70001220703125,417.04998779296875,417.04998779296875,143700
2022-07-12,415.1000061035156,419.45001220703125,413.45001220703125,417.45001220703125,417.45001220703125,126000
2022-07-13,418.3999938964844,423.8500061035156,416.1499938964844,418.6000061035156,418.6000061035156,152500
2022-07-14,419.75,421.04998779296875,413.29998779296875,417.6499938964844,417.6499938964844,121400
2022-07-15,418.20001220703125,421.75,417.75,420.0,420.0,107700
2022-07-18,424.3999938964844,425.8999938964844,420.95001220703125,425.1000061035156,425.1000061035156,132600
2022-07-19,424.3500061035156,436.8500061035156,423.75,435.95001220703125,435.95001220703125,195900
2022-07-20,439.45001220703125,440.0,433.45001220703125,435.20001220703125,435.20001220703125,271800
2022-07-21,435.0,440.3500061035156,434.95001220703125,438.0,438.0,192800
2022-07-22,438.70001220703125,441.1000061035156,436.70001220703125,439.5,439.5,127100
2022-07-25,438.6499938964844,439.54998779296875,434.6499938964844,437.5,437.5,95600
2022-07-26,437.04998779296875,438.54998779296875,430.6499938964844,433.1000061035156,433.1000061035156,146000
2022-07-27,431.54998779296875,438.79998779296875,431.3999938964844,437.75,437.75,134700
2022-07-28,440.04998779296875,448.3999938964844,439.8999938964844,446.79998779296875,446.79998779296875,235300
2022-07-29,449.70001220703125,454.79998779296875,448.3999938964844,450.95001220703125,450.95001220703125,173000
2022-08-01,451.54998779296875,453.6000061035156,446.3500061035156,452.6499938964844,452.6499938964844,213900
2022-08-02,452.1000061035156,452.45001220703125,442.1499938964844,445.0,445.0,168200
2022-08-03,447.1499938964844,448.1499938964844,438.8500061035156,441.6000061035156,441.6000061035156,136700
2022-08-04,442.0,443.54998779296875,429.45001220703125,436.54998779296875,436.54998779296875,224000
2022-08-05,437.75,439.8500061035156,435.6499938964844,437.8999938964844,437.8999938964844,149800
2022-08-08,437.20001220703125,440.70001220703125,436.04998779296875,438.6000061035156,438.6000061035156,98200
2022-08-10,438.75,440.3999938964844,434.3500061035156,434.79998779296875,434.79998779296875,128300
2022-08-11,439.45001220703125,441.6000061035156,437.54998779296875,440.3999938964844,440.3999938964844,134600
2022-08-12,443.3999938964844,447.20001220703125,442.3999938964844,443.25,443.25,147100
2022-08-16,444.6499938964844,452.54998779296875,444.3500061035156,452.0,452.0,0
2022-08-17,454.29998779296875,455.6499938964844,451.25,452.3500061035156,452.3500061035156,256000
2022-08-18,452.6499938964844,460.25,452.20001220703125,459.3500061035156,459.3500061035156,472400
2022-08-19,461.04998779296875,461.45001220703125,447.3500061035156,450.3999938964844,450.3999938964844,230700
2022-08-22,447.6499938964844,447.8999938964844,437.79998779296875,439.1000061035156,439.1000061035156,166100
2022-08-23,435.1499938964844,441.8500061035156,434.29998779296875,440.8500061035156,440.8500061035156,136500
2022-08-24,441.8999938964844,450.04998779296875,441.75,448.8500061035156,448.8500061035156,302300
2022-08-25,451.3999938964844,460.29998779296875,451.0,455.45001220703125,455.45001220703125,286700
2022-08-26,456.6000061035156,459.6000061035156,452.8999938964844,453.75,453.75,124400
2022-08-29,438.79998779296875,448.3999938964844,438.25,447.6000061035156,447.6000061035156,124400
2022-08-30,451.04998779296875,464.54998779296875,450.54998779296875,463.20001220703125,463.20001220703125,278300
2022-09-01,459.95001220703125,471.5,458.54998779296875,468.20001220703125,468.20001220703125,265200
2022-09-02,470.3500061035156,473.75,466.6499938964844,467.3500061035156,467.3500061035156,181800
2022-09-05,468.79998779296875,472.8999938964844,467.6499938964844,471.5,471.5,192900
2022-09-06,473.8500061035156,475.75,468.70001220703125,473.20001220703125,473.20001220703125,229600
2022-09-07,469.95001220703125,474.54998779296875,468.6499938964844,473.6000061035156,473.6000061035156,175200
2022-09-08,476.1499938964844,477.25,471.3500061035156,472.25,472.25,153400
2022-09-09,474.29998779296875,477.20001220703125,468.6000061035156,470.04998779296875,470.04998779296875,249200
2022-09-12,473.70001220703125,481.75,470.79998779296875,480.3999938964844,480.3999938964844,226900
2022-09-13,483.1499938964844,483.54998779296875,478.3999938964844,479.54998779296875,479.54998779296875,164200
2022-09-14,471.8999938964844,477.45001220703125,470.8999938964844,476.25,476.25,178200
2022-09-15,477.3500061035156,478.79998779296875,467.70001220703125,471.8999938964844,471.8999938964844,155100
2022-09-16,469.3999938964844,475.3999938964844,452.0,454.3500061035156,454.3500061035156,260000
2022-09-19,455.25,456.70001220703125,447.95001220703125,450.04998779296875,450.04998779296875,194100
2022-09-20,453.8500061035156,461.6000061035156,453.79998779296875,457.20001220703125,457.20001220703125,146000
2022-09-21,456.79998779296875,458.75,449.1000061035156,451.29998779296875,451.29998779296875,157800
2022-09-22,449.29998779296875,453.95001220703125,445.25,450.04998779296875,450.04998779296875,157600
2022-09-23,450.3999938964844,450.8500061035156,434.95001220703125,436.75,436.75,118200
2022-09-26,430.95001220703125,431.70001220703125,415.45001220703125,418.20001220703125,418.20001220703125,188200
2022-09-27,419.54998779296875,422.1499938964844,412.0,417.04998779296875,417.04998779296875,139100
2022-09-28,415.6000061035156,420.3999938964844,411.8500061035156,414.25,414.25,122400
2022-09-29,418.25,421.6000061035156,412.04998779296875,415.79998779296875,415.79998779296875,146300
2022-09-30,412.0,428.1499938964844,410.95001220703125,424.0,424.0,266100
2022-10-03,425.8500061035156,426.6499938964844,415.95001220703125,418.75,418.75,183500
2022-10-04,424.8500061035156,428.95001220703125,423.1000061035156,428.25,428.25,176800
2022-10-06,433.29998779296875,439.54998779296875,432.45001220703125,437.1499938964844,437.1499938964844,238900
2022-10-07,437.95001220703125,439.70001220703125,432.6499938964844,438.54998779296875,438.54998779296875,156000
2022-10-10,433.6499938964844,437.1000061035156,431.6000061035156,434.25,434.25,112300
2022-10-11,434.70001220703125,434.8999938964844,419.6499938964844,420.8999938964844,420.8999938964844,129200
2022-10-12,422.6499938964844,428.6000061035156,418.8999938964844,427.70001220703125,427.70001220703125,162200
2022-10-13,426.8999938964844,428.3500061035156,421.6499938964844,423.45001220703125,423.45001220703125,120700
2022-10-14,429.5,430.70001220703125,419.1000061035156,420.04998779296875,420.04998779296875,109400
2022-10-17,417.95001220703125,421.1000061035156,412.0,418.25,418.25,140400
2022-10-18,420.8500061035156,426.3999938964844,419.8999938964844,425.45001220703125,425.45001220703125,114800
2022-10-19,426.79998779296875,430.6499938964844,423.8999938964844,427.1499938964844,427.1499938964844,186700
2022-10-20,424.29998779296875,427.3999938964844,420.8999938964844,426.6000061035156,426.6000061035156,108100
2022-10-21,426.79998779296875,429.5,421.3500061035156,426.79998779296875,426.79998779296875,103300
2022-10-24,430.45001220703125,430.79998779296875,426.8999938964844,428.0,428.0,22300
2022-10-25,429.20001220703125,429.3999938964844,424.25,425.3500061035156,425.3500061035156,120400
2022-10-27,428.1000061035156,439.04998779296875,427.20001220703125,437.95001220703125,437.95001220703125,152200
2022-10-28,438.95001220703125,439.29998779296875,433.20001220703125,436.1499938964844,436.1499938964844,147200
2022-10-31,437.75,440.1000061035156,435.70001220703125,438.6499938964844,438.6499938964844,106700
2022-11-01,440.29998779296875,443.79998779296875,438.5,442.70001220703125,442.70001220703125,118000
2022-11-02,442.1499938964844,446.5,437.95001220703125,439.1499938964844,439.1499938964844,279000
2022-11-03,437.3999938964844,443.29998779296875,435.04998779296875,441.70001220703125,441.70001220703125,119300
2022-11-04,442.20001220703125,444.20001220703125,440.54998779296875,443.04998779296875,443.04998779296875,126700
2022-11-07,444.20001220703125,448.8500061035156,442.75,447.70001220703125,447.70001220703125,133100
2022-11-09,453.0,454.70001220703125,440.3500061035156,441.54998779296875,441.54998779296875,167800
2022-11-10,439.45001220703125,442.79998779296875,437.45001220703125,440.8999938964844,440.8999938964844,158400
2022-11-11,445.0,451.79998779296875,444.6000061035156,448.25,448.25,154300
2022-11-14,450.3500061035156,454.54998779296875,447.29998779296875,453.29998779296875,453.29998779296875,228200
2022-11-15,454.1000061035156,454.1000061035156,447.95001220703125,452.79998779296875,452.79998779296875,162500
2022-11-16,452.45001220703125,453.20001220703125,445.6000061035156,448.1499938964844,448.1499938964844,118600
2022-11-17,447.75,449.8500061035156,444.70001220703125,448.3500061035156,448.3500061035156,96200
2022-11-18,449.0,449.8500061035156,443.0,448.79998779296875,448.79998779296875,250800
2022-11-21,448.54998779296875,448.6499938964844,440.5,443.1000061035156,443.1000061035156,237100
2022-11-22,441.95001220703125,443.04998779296875,436.0,437.70001220703125,437.70001220703125,162900
2022-11-23,438.95001220703125,439.79998779296875,437.0,438.79998779296875,438.79998779296875,96100
2022-11-24,440.04998779296875,440.45001220703125,436.45001220703125,439.75,439.75,99000
2022-11-25,440.25,445.54998779296875,439.3500061035156,444.8999938964844,444.8999938964844,199300
2022-11-28,445.1499938964844,447.8999938964844,443.04998779296875,445.20001220703125,445.20001220703125,151300
2022-11-29,445.20001220703125,447.70001220703125,442.04998779296875,443.70001220703125,443.70001220703125,134600
2022-11-30,443.79998779296875,451.6499938964844,442.6000061035156,450.1499938964844,450.1499938964844,191500
2022-12-01,452.75,460.79998779296875,450.79998779296875,459.04998779296875,459.04998779296875,178900
2022-12-02,460.95001220703125,464.0,458.6000061035156,463.3500061035156,463.3500061035156,229800
2022-12-05,465.25,467.45001220703125,462.54998779296875,466.54998779296875,466.54998779296875,239400
2022-12-06,465.79998779296875,467.54998779296875,462.1499938964844,463.3999938964844,463.3999938964844,177200
2022-12-07,463.75,465.3500061035156,456.04998779296875,457.8999938964844,457.8999938964844,243100
2022-12-08,458.79998779296875,460.54998779296875,452.6000061035156,454.3500061035156,454.3500061035156,207500
2022-12-09,455.3500061035156,455.8999938964844,442.3999938964844,447.54998779296875,447.54998779296875,265800
2022-12-12,445.70001220703125,450.75,442.29998779296875,449.6000061035156,449.6000061035156,118000
2022-12-13,450.3999938964844,451.5,445.0,446.0,446.0,94300
2022-12-14,447.70001220703125,454.25,447.25,452.45001220703125,452.45001220703125,166900
2022-12-15,452.75,454.8500061035156,445.1499938964844,446.54998779296875,446.54998779296875,117900
2022-12-16,444.70001220703125,448.1499938964844,438.5,439.79998779296875,439.79998779296875,132300
2022-12-19,441.20001220703125,443.6499938964844,438.6000061035156,443.04998779296875,443.04998779296875,127500
2022-12-20,442.0,442.45001220703125,433.5,437.70001220703125,437.70001220703125,123800
2022-12-21,440.0,444.25,428.95001220703125,430.6000061035156,430.6000061035156,149000
2022-12-22,432.20001220703125,434.29998779296875,422.70001220703125,424.5,424.5,118100
2022-12-23,421.8999938964844,422.29998779296875,406.8500061035156,409.8500061035156,409.8500061035156,162200
2022-12-27,421.3500061035156,426.0,420.75,425.04998779296875,425.04998779296875,117300
2022-12-28,423.8500061035156,429.54998779296875,422.1000061035156,427.1499938964844,427.1499938964844,106100
2022-12-29,425.8500061035156,428.8500061035156,421.1000061035156,427.75,427.75,113700
2022-12-30,430.6499938964844,434.8999938964844,429.8500061035156,431.79998779296875,431.79998779296875,122300
2023-01-02,431.8999938964844,436.8500061035156,430.70001220703125,436.1000061035156,436.1000061035156,101256900
2023-01-03,436.8999938964844,440.25,434.6499938964844,436.6499938964844,436.6499938964844,92600
2023-01-04,437.3999938964844,437.8500061035156,426.3999938964844,427.70001220703125,427.70001220703125,102100
2023-01-05,429.5,430.6000061035156,425.1000061035156,428.70001220703125,428.70001220703125,128900
2023-01-06,428.95001220703125,430.20001220703125,424.04998779296875,425.8500061035156,425.8500061035156,120100
2023-01-09,429.45001220703125,430.54998779296875,425.75,428.45001220703125,428.45001220703125,86400
2023-01-10,428.6000061035156,429.5,423.54998779296875,425.1499938964844,425.1499938964844,81400
2023-01-11,424.95001220703125,427.04998779296875,422.70001220703125,424.95001220703125,424.95001220703125,75900
2023-01-12,426.75,427.45001220703125,423.1499938964844,425.1499938964844,425.1499938964844,95100
2023-01-13,425.6499938964844,427.29998779296875,422.95001220703125,426.3999938964844,426.3999938964844,103500
2023-01-16,427.25,429.25,423.8999938964844,425.79998779296875,425.79998779296875,73800
2023-01-17,426.20001220703125,431.75,422.95001220703125,430.79998779296875,430.79998779296875,96900
2023-01-18,431.04998779296875,431.79998779296875,426.25,430.95001220703125,430.95001220703125,90300
2023-01-19,429.20001220703125,431.8500061035156,426.1000061035156,430.54998779296875,430.54998779296875,96200
2023-01-20,430.3500061035156,430.8999938964844,426.70001220703125,427.45001220703125,427.45001220703125,91200
2023-01-23,428.3999938964844,428.6499938964844,423.1000061035156,424.75,424.75,72600
2023-01-24,424.6000061035156,425.1000061035156,418.04998779296875,420.45001220703125,420.45001220703125,78000
2023-01-25,418.1499938964844,418.6499938964844,411.20001220703125,412.75,412.75,125000
2023-01-27,413.54998779296875,415.8500061035156,401.79998779296875,407.54998779296875,407.54998779296875,131900
2023-01-30,407.8500061035156,412.3999938964844,401.45001220703125,407.0,407.0,115900
2023-01-31,408.75,414.25,403.5,411.54998779296875,411.54998779296875,123100
2023-02-01,414.75,419.70001220703125,402.29998779296875,407.70001220703125,407.70001220703125,155300
2023-02-02,406.6499938964844,411.1000061035156,401.3500061035156,409.25,409.25,119100
2023-02-03,411.0,412.70001220703125,401.20001220703125,405.8999938964844,405.8999938964844,141400
2023-02-06,405.8500061035156,408.54998779296875,403.45001220703125,408.0,408.0,81600
2023-02-07,408.8500061035156,412.6000061035156,406.29998779296875,411.6000061035156,411.6000061035156,100400
2023-02-08,411.6000061035156,413.20001220703125,406.75,411.6499938964844,411.6499938964844,92200
2023-02-09,414.04998779296875,414.3500061035156,408.04998779296875,409.25,409.25,91700
2023-02-10,407.6000061035156,415.3500061035156,405.45001220703125,414.79998779296875,414.79998779296875,156600
2023-02-13,414.79998779296875,415.95001220703125,406.25,407.8500061035156,407.8500061035156,127300
2023-02-14,406.29998779296875,406.6499938964844,398.70001220703125,400.3500061035156,400.3500061035156,440500
2023-02-15,398.8999938964844,406.20001220703125,398.70001220703125,405.54998779296875,405.54998779296875,189900
2023-02-16,407.20001220703125,413.04998779296875,407.20001220703125,410.95001220703125,410.95001220703125,166400
2023-02-17,409.6499938964844,410.54998779296875,402.3999938964844,403.6499938964844,403.6499938964844,132200
2023-02-20,404.04998779296875,405.29998779296875,399.45001220703125,400.8500061035156,400.8500061035156,98100
2023-02-21,402.04998779296875,402.3500061035156,395.25,396.04998779296875,396.04998779296875,97600
2023-02-22,394.75,395.70001220703125,388.04998779296875,389.45001220703125,389.45001220703125,113500
2023-02-23,389.25,389.75,382.04998779296875,382.5,382.5,155200
2023-02-24,384.29998779296875,386.75,379.79998779296875,380.45001220703125,380.45001220703125,451900
2023-02-27,381.0,390.54998779296875,379.0,388.75,388.75,309700
2023-02-28,389.3500061035156,395.04998779296875,387.95001220703125,393.20001220703125,393.20001220703125,234000
2023-03-01,392.5,401.45001220703125,391.5,397.75,397.75,142100
2023-03-02,397.45001220703125,407.0,396.1000061035156,405.95001220703125,405.95001220703125,186000
2023-03-03,407.54998779296875,416.45001220703125,405.20001220703125,412.0,412.0,219700
2023-03-06,412.0,416.79998779296875,408.70001220703125,409.8500061035156,409.8500061035156,132900
2023-03-08,406.95001220703125,407.79998779296875,402.75,407.04998779296875,407.04998779296875,157500
2023-03-09,408.1499938964844,409.0,401.54998779296875,402.29998779296875,402.29998779296875,92100
2023-03-10,400.04998779296875,401.20001220703125,396.45001220703125,398.1499938964844,398.1499938964844,104500
2023-03-13,398.3999938964844,399.54998779296875,389.29998779296875,390.25,390.25,115500
2023-03-14,391.20001220703125,392.29998779296875,384.04998779296875,386.29998779296875,386.29998779296875,143500
2023-03-15,389.0,390.75,382.04998779296875,383.0,383.0,111800
2023-03-16,383.54998779296875,388.6000061035156,378.6000061035156,387.25,387.25,149700
2023-03-17,389.8999938964844,400.3999938964844,389.79998779296875,399.0,399.0,201600
2023-03-20,399.3999938964844,400.3999938964844,389.8999938964844,395.0,395.0,134200
2023-03-21,396.79998779296875,397.79998779296875,394.04998779296875,394.70001220703125,394.70001220703125,91000
2023-03-22,396.0,397.1499938964844,393.1499938964844,394.29998779296875,394.29998779296875,0
2023-03-23,393.79998779296875,395.1499938964844,387.95001220703125,390.04998779296875,390.04998779296875,145100
2023-03-24,388.6000061035156,389.75,379.6000061035156,380.95001220703125,380.95001220703125,139600
2023-03-27,382.1499938964844,383.54998779296875,375.25,376.54998779296875,376.54998779296875,173700
2023-03-28,377.5,379.1499938964844,371.25,372.0,372.0,157800
2023-03-29,371.70001220703125,381.75,370.6499938964844,381.1499938964844,381.1499938964844,216800
2023-03-31,383.3500061035156,389.3999938964844,382.8999938964844,387.3500061035156,387.3500061035156,306400
2023-04-03,389.0,391.5,387.3500061035156,390.8500061035156,390.8500061035156,138300
2023-04-05,390.79998779296875,396.25,389.75,392.8500061035156,392.8500061035156,231100
2023-04-06,392.6499938964844,405.45001220703125,391.20001220703125,404.0,404.0,246500
2023-04-10,407.70001220703125,421.95001220703125,407.25,421.3500061035156,421.3500061035156,387300
2023-04-11,423.79998779296875,427.3999938964844,419.45001220703125,420.1499938964844,420.1499938964844,265000
2023-04-12,421.25,425.1000061035156,418.95001220703125,420.45001220703125,420.45001220703125,194900
2023-04-13,421.1499938964844,426.20001220703125,419.6000061035156,425.20001220703125,425.20001220703125,187100
2023-04-17,426.3999938964844,429.79998779296875,425.1000061035156,429.3999938964844,429.3999938964844,168200
2023-04-18,429.3500061035156,437.8999938964844,429.29998779296875,433.8500061035156,433.8500061035156,257300
2023-04-19,435.3500061035156,436.79998779296875,432.95001220703125,434.54998779296875,434.54998779296875,130300
2023-04-20,434.45001220703125,435.6000061035156,430.3999938964844,432.70001220703125,432.70001220703125,193900
2023-04-21,433.70001220703125,434.0,421.95001220703125,423.5,423.5,162000
2023-04-24,425.04998779296875,429.3999938964844,423.20001220703125,428.0,428.0,603100
2023-04-25,429.6499938964844,431.3999938964844,428.1000061035156,430.1000061035156,430.1000061035156,438800
2023-04-26,429.5,436.79998779296875,429.25,435.95001220703125,435.95001220703125,315800
2023-04-27,436.6499938964844,445.0,436.0,442.6000061035156,442.6000061035156,251900
2023-04-28,444.8999938964844,445.79998779296875,441.8999938964844,445.1000061035156,445.1000061035156,175400
2023-05-02,446.1000061035156,447.3500061035156,443.79998779296875,444.95001220703125,444.95001220703125,143300
2023-05-03,444.5,450.20001220703125,443.20001220703125,446.20001220703125,446.20001220703125,157900
2023-05-04,446.54998779296875,446.8999938964844,442.20001220703125,446.3999938964844,446.3999938964844,92500
2023-05-05,446.8999938964844,449.6499938964844,443.75,445.04998779296875,445.04998779296875,121200
2023-05-08,446.04998779296875,458.6499938964844,445.75,452.3500061035156,452.3500061035156,166600
2023-05-09,453.54998779296875,456.1499938964844,447.6499938964844,448.5,448.5,485200
2023-05-10,448.8999938964844,452.8500061035156,446.8999938964844,452.3500061035156,452.3500061035156,358800
2023-05-11,453.1499938964844,456.29998779296875,451.25,454.5,454.5,184200
2023-05-12,453.6000061035156,456.70001220703125,451.6000061035156,452.8999938964844,452.8999938964844,94700
2023-05-15,455.1499938964844,477.3999938964844,454.75,472.45001220703125,472.45001220703125,488400
2023-05-16,475.75,479.54998779296875,471.0,472.1000061035156,472.1000061035156,233500
2023-05-17,471.70001220703125,471.95001220703125,462.0,465.79998779296875,465.79998779296875,154200
2023-05-18,467.75,468.79998779296875,452.95001220703125,454.75,454.75,142900
2023-05-19,455.6000061035156,459.3999938964844,449.25,458.70001220703125,458.70001220703125,152300
2023-05-22,458.79998779296875,463.3500061035156,457.79998779296875,461.95001220703125,461.95001220703125,154900
2023-05-23,463.29998779296875,464.45001220703125,459.1000061035156,461.6000061035156,461.6000061035156,139000
2023-05-24,461.45001220703125,464.20001220703125,458.0,461.54998779296875,461.54998779296875,319700
2023-05-25,463.04998779296875,467.95001220703125,462.1000061035156,466.70001220703125,466.70001220703125,263400
2023-05-26,467.70001220703125,473.8999938964844,464.79998779296875,472.54998779296875,472.54998779296875,266900
2023-05-29,474.8500061035156,479.20001220703125,471.0,476.20001220703125,476.20001220703125,193200
2023-05-30,476.6000061035156,477.45001220703125,474.20001220703125,475.20001220703125,475.20001220703125,205200
2023-05-31,475.75,480.04998779296875,473.5,478.79998779296875,478.79998779296875,316800
2023-06-01,479.79998779296875,487.1499938964844,479.5,484.0,484.0,214400
2023-06-02,485.20001220703125,492.5,484.6000061035156,490.8500061035156,490.8500061035156,310800
2023-06-05,492.8999938964844,494.0,488.5,492.54998779296875,492.54998779296875,173500
2023-06-06,493.75,499.5,492.8500061035156,498.3999938964844,498.3999938964844,186100
2023-06-07,500.1000061035156,507.25,496.95001220703125,506.29998779296875,506.29998779296875,168300
2023-06-08,506.70001220703125,507.3999938964844,497.04998779296875,498.25,498.25,159100
2023-06-09,499.04998779296875,504.3500061035156,496.45001220703125,498.45001220703125,498.45001220703125,105500
2023-06-12,500.70001220703125,506.04998779296875,500.54998779296875,505.5,505.5,101300
2023-06-13,507.29998779296875,522.4500122070312,505.6499938964844,520.7000122070312,520.7000122070312,282600
2023-06-14,522.4500122070312,525.7999877929688,517.6500244140625,522.1500244140625,522.1500244140625,262600
2023-06-15,522.75,527.1500244140625,516.7999877929688,518.2000122070312,518.2000122070312,219800
2023-06-16,520.0999755859375,524.0999755859375,516.0499877929688,517.0999755859375,517.0999755859375,180300
2023-06-19,518.2000122070312,520.75,511.1499938964844,513.3499755859375,513.3499755859375,111400
2023-06-20,513.25,518.25,510.04998779296875,515.8499755859375,515.8499755859375,141000
2023-06-21,517.0999755859375,522.0,511.0,514.1500244140625,514.1500244140625,182800
2023-06-22,515.0999755859375,515.9500122070312,508.75,510.04998779296875,510.04998779296875,115600
2023-06-23,510.5,510.8500061035156,504.5,506.8999938964844,506.8999938964844,103900
2023-06-26,507.25,509.3500061035156,502.95001220703125,508.54998779296875,508.54998779296875,110500
2023-06-27,511.1499938964844,516.0999755859375,510.75,514.8499755859375,514.8499755859375,138700
2023-06-28,517.0999755859375,518.2999877929688,514.25,517.25,517.25,144800
2023-06-30,519.4000244140625,522.5499877929688,518.1500244140625,520.0,520.0,197600
2023-07-03,519.6500244140625,525.5,518.5,523.9000244140625,523.9000244140625,107400
2023-07-04,525.6500244140625,528.5,521.5999755859375,522.9500122070312,522.9500122070312,132200
2023-07-05,524.0999755859375,527.7999877929688,518.4000244140625,525.9000244140625,525.9000244140625,118800
2023-07-06,529.2000122070312,541.5,528.7999877929688,537.75,537.75,305300
2023-07-07,538.9000244140625,542.3499755859375,529.9000244140625,531.4000244140625,531.4000244140625,209100
2023-07-10,532.8499755859375,533.0999755859375,525.0999755859375,526.9000244140625,526.9000244140625,114800
2023-07-11,527.5999755859375,529.7000122070312,525.9000244140625,526.8499755859375,526.8499755859375,150100
2023-07-12,528.4500122070312,529.7000122070312,522.0499877929688,528.2000122070312,528.2000122070312,130600
2023-07-13,530.3499755859375,541.0999755859375,528.9500122070312,533.5999755859375,533.5999755859375,300000
2023-07-14,536.1500244140625,541.4500122070312,535.75,539.7999877929688,539.7999877929688,128000
2023-07-17,540.9000244140625,541.7000122070312,537.25,539.6500244140625,539.6500244140625,404700
2023-07-18,541.2999877929688,542.9000244140625,533.5499877929688,535.0499877929688,535.0499877929688,197300
2023-07-19,536.2000122070312,539.5,535.4000244140625,536.1500244140625,536.1500244140625,120900
2023-07-20,537.4500122070312,539.4000244140625,534.2000122070312,536.2999877929688,536.2999877929688,192800
2023-07-21,533.9500122070312,538.9000244140625,531.2999877929688,536.0999755859375,536.0999755859375,150100
2023-07-24,537.1500244140625,542.7000122070312,534.0,537.1500244140625,537.1500244140625,177700
2023-07-25,539.25,542.6500244140625,533.5499877929688,535.0,535.0,153100
2023-07-26,536.7000122070312,542.2000122070312,536.0499877929688,541.3499755859375,541.3499755859375,199600
2023-07-27,543.3499755859375,554.0499877929688,542.7000122070312,552.8499755859375,552.8499755859375,194300
2023-07-28,549.7999877929688,564.25,548.8499755859375,562.9500122070312,562.9500122070312,413000
2023-07-31,563.9000244140625,568.7999877929688,563.0499877929688,566.75,566.75,187300
2023-08-01,565.0999755859375,565.0999755859375,555.0499877929688,556.7000122070312,556.7000122070312,275300
2023-08-02,553.5,561.6500244140625,541.6500244140625,548.4000244140625,548.4000244140625,382500
2023-08-03,548.3499755859375,548.5,535.0,538.6500244140625,538.6500244140625,250000
2023-08-04,540.75,542.5,536.9500122070312,539.1500244140625,539.1500244140625,204300
2023-08-07,539.4500122070312,543.4500122070312,538.7000122070312,542.2999877929688,542.2999877929688,151200
2023-08-08,543.5,546.2999877929688,538.0999755859375,541.3499755859375,541.3499755859375,122900
2023-08-09,542.5999755859375,544.0999755859375,533.1500244140625,534.6500244140625,534.6500244140625,154600
2023-08-10,537.4000244140625,537.9500122070312,530.4000244140625,533.25,533.25,152200
2023-08-11,535.4000244140625,536.5999755859375,529.5499877929688,531.1500244140625,531.1500244140625,131100
2023-08-14,530.5999755859375,530.6500244140625,520.7999877929688,527.6500244140625,527.6500244140625,160600
2023-08-16,527.5999755859375,534.75,525.0999755859375,533.4500122070312,533.4500122070312,0
2023-08-17,534.0,537.0,531.7999877929688,534.0999755859375,534.0999755859375,122600
2023-08-18,533.4000244140625,533.5,528.5499877929688,530.2000122070312,530.2000122070312,110600
2023-08-21,529.7999877929688,536.4000244140625,529.5,535.4500122070312,535.4500122070312,89700
2023-08-22,537.8499755859375,540.25,535.1500244140625,536.5999755859375,536.5999755859375,109200
2023-08-23,537.9000244140625,541.2000122070312,537.6500244140625,538.9000244140625,538.9000244140625,108100
2023-08-24,541.2999877929688,547.3499755859375,538.4000244140625,540.0,540.0,515200
2023-08-25,538.25,538.9500122070312,531.0499877929688,532.9500122070312,532.9500122070312,470800
2023-08-28,535.5499877929688,541.25,535.4000244140625,537.9500122070312,537.9500122070312,501400
2023-08-29,539.9000244140625,548.7000122070312,539.9000244140625,547.0499877929688,547.0499877929688,515300
2023-08-30,550.7999877929688,555.9500122070312,549.9000244140625,554.7999877929688,554.7999877929688,354500
2023-08-31,555.8499755859375,561.4000244140625,551.25,558.4000244140625,558.4000244140625,326900
2023-09-01,559.4000244140625,565.25,557.0,563.6500244140625,563.6500244140625,260600
2023-09-04,565.6500244140625,574.0,563.6500244140625,570.1500244140625,570.1500244140625,269161900
2023-09-05,572.2000122070312,580.0499877929688,570.1500244140625,576.2000122070312,576.2000122070312,223600
2023-09-06,577.0,577.4000244140625,569.9500122070312,570.6500244140625,570.6500244140625,475700
2023-09-07,570.9000244140625,579.9000244140625,570.1500244140625,579.0999755859375,579.0999755859375,260400
2023-09-08,580.9000244140625,593.0999755859375,579.0999755859375,591.4000244140625,591.4000244140625,315000
2023-09-11,595.0999755859375,599.0999755859375,591.9500122070312,596.5999755859375,596.5999755859375,188100
2023-09-12,599.75,599.9000244140625,575.0,577.25,577.25,364200
2023-09-13,577.1500244140625,582.5499877929688,565.2999877929688,581.1500244140625,581.1500244140625,325600
2023-09-14,585.3499755859375,594.4000244140625,585.3499755859375,589.25,589.25,248300
2023-09-15,592.0,593.0,583.0499877929688,586.9500122070312,586.9500122070312,163500
2023-09-18,587.5499877929688,587.7999877929688,578.25,578.9000244140625,578.9000244140625,114800
2023-09-20,576.75,578.7000122070312,570.25,572.1500244140625,572.1500244140625,217400
2023-09-21,570.8499755859375,579.0999755859375,563.1500244140625,565.25,565.25,154700
2023-09-22,566.5,570.75,559.9500122070312,561.5,561.5,152700
2023-09-25,562.4000244140625,572.0499877929688,557.4000244140625,570.0499877929688,570.0499877929688,729300
2023-09-26,571.7000122070312,573.9500122070312,569.4000244140625,571.7999877929688,571.7999877929688,197100
2023-09-27,570.7999877929688,577.4500122070312,569.7999877929688,576.0,576.0,311900
2023-09-28,578.9500122070312,579.4000244140625,568.5999755859375,570.4000244140625,570.4000244140625,292900
2023-09-29,571.9500122070312,578.4500122070312,571.9000244140625,575.6500244140625,575.6500244140625,194300
2023-10-03,576.0999755859375,579.25,571.7999877929688,578.2999877929688,578.2999877929688,59600
2023-10-04,576.7000122070312,578.25,561.4500122070312,568.2999877929688,568.2999877929688,113400
2023-10-05,571.5499877929688,577.7999877929688,566.5499877929688,569.9500122070312,569.9500122070312,131400
2023-10-06,571.9000244140625,588.7000122070312,571.9000244140625,587.5,587.5,167900
2023-10-09,586.5999755859375,588.6500244140625,580.9000244140625,582.8499755859375,582.8499755859375,104900
2023-10-10,587.5499877929688,612.25,585.4000244140625,606.2000122070312,606.2000122070312,334500
2023-10-11,609.75,617.4000244140625,608.5,611.2999877929688,611.2999877929688,150600
2023-10-12,612.7000122070312,614.7999877929688,606.25,610.2000122070312,610.2000122070312,106800
2023-10-13,606.5999755859375,619.9000244140625,602.4000244140625,612.7999877929688,612.7999877929688,125600
2023-10-16,613.5999755859375,615.7999877929688,608.6500244140625,610.7000122070312,610.7000122070312,98200
2023-10-17,612.8499755859375,614.0499877929688,607.5999755859375,610.9000244140625,610.9000244140625,76200
2023-10-18,610.6500244140625,611.5999755859375,602.9500122070312,608.0499877929688,608.0499877929688,86600
2023-10-19,606.2000122070312,607.9500122070312,598.9500122070312,605.9000244140625,605.9000244140625,75300
2023-10-20,603.6500244140625,608.4000244140625,593.5999755859375,599.3499755859375,599.3499755859375,101500
2023-10-23,598.75,600.4000244140625,579.75,584.4000244140625,584.4000244140625,83800
2023-10-25,583.25,587.75,572.0499877929688,578.7999877929688,578.7999877929688,241300
2023-10-26,575.75,575.75,559.2000122070312,571.8499755859375,571.8499755859375,157000
2023-10-27,575.4500122070312,586.25,575.3499755859375,583.0,583.0,348500
2023-10-30,584.4500122070312,597.5999755859375,582.3499755859375,595.4500122070312,595.4500122070312,253800
2023-10-31,598.25,607.2000122070312,597.9500122070312,603.0,603.0,207400
2023-11-01,603.8499755859375,616.4500122070312,603.8499755859375,612.3499755859375,612.3499755859375,201300
2023-11-02,614.0999755859375,630.75,614.0999755859375,627.7999877929688,627.7999877929688,134700
2023-11-03,629.3499755859375,644.4000244140625,628.2999877929688,643.75,643.75,181100
2023-11-06,651.0,656.6500244140625,647.0999755859375,651.5,651.5,139000
2023-11-07,652.1500244140625,653.2000122070312,640.5499877929688,642.7999877929688,642.7999877929688,102600
2023-11-08,646.5499877929688,654.6500244140625,641.7999877929688,652.5499877929688,652.5499877929688,142400
2023-11-09,655.6500244140625,666.1500244140625,655.1500244140625,660.5999755859375,660.5999755859375,212300
2023-11-10,659.5999755859375,666.7000122070312,656.1500244140625,662.0999755859375,662.0999755859375,209300
2023-11-13,665.9000244140625,666.5,660.25,663.4500122070312,663.4500122070312,291800
2023-11-15,671.0499877929688,684.2999877929688,670.7999877929688,683.0499877929688,683.0499877929688,166600
2023-11-16,684.6500244140625,690.6500244140625,682.4000244140625,689.3499755859375,689.3499755859375,119500
2023-11-17,689.7999877929688,694.0499877929688,687.8499755859375,692.7000122070312,692.7000122070312,115200
2023-11-20,695.5,700.75,689.7999877929688,691.0,691.0,125100
2023-11-21,694.2000122070312,703.4500122070312,694.0499877929688,698.7999877929688,698.7999877929688,149000
2023-11-22,699.0999755859375,699.5499877929688,684.5999755859375,693.9500122070312,693.9500122070312,93100
2023-11-23,696.2000122070312,705.1500244140625,695.6500244140625,701.0999755859375,701.0999755859375,108700
2023-11-24,703.5999755859375,706.6500244140625,700.5499877929688,702.9500122070312,702.9500122070312,94900
2023-11-28,703.6500244140625,708.0,700.3499755859375,706.9500122070312,706.9500122070312,124300
2023-11-29,712.0999755859375,712.9500122070312,701.6500244140625,703.4500122070312,703.4500122070312,112500
2023-11-30,705.0499877929688,717.0499877929688,698.4000244140625,713.5999755859375,713.5999755859375,609200
2023-12-01,717.8499755859375,732.0499877929688,717.2999877929688,723.0499877929688,723.0499877929688,134800
2023-12-04,734.75,743.0,727.2000122070312,737.75,737.75,215300
2023-12-05,742.1500244140625,742.4500122070312,727.7999877929688,734.3499755859375,734.3499755859375,264800
2023-12-06,735.75,737.9500122070312,726.9000244140625,732.2000122070312,732.2000122070312,203900
2023-12-07,735.2000122070312,737.3499755859375,730.3499755859375,734.7999877929688,734.7999877929688,90200
2023-12-08,736.5,747.4500122070312,730.3499755859375,738.7000122070312,738.7000122070312,343700
2023-12-11,739.9500122070312,747.9000244140625,739.75,744.9500122070312,744.9500122070312,196100
2023-12-12,747.9000244140625,749.2000122070312,729.7999877929688,731.9500122070312,731.9500122070312,148000
2023-12-13,736.0,748.5999755859375,727.9500122070312,743.7000122070312,743.7000122070312,128300
2023-12-14,752.0,773.7000122070312,751.1500244140625,772.5499877929688,772.5499877929688,307700
2023-12-15,775.0999755859375,777.4500122070312,765.0999755859375,767.0499877929688,767.0499877929688,246500
2023-12-18,769.25,769.25,757.75,759.7000122070312,759.7000122070312,99800
2023-12-19,760.25,764.5499877929688,753.7999877929688,755.6500244140625,755.6500244140625,131400
2023-12-20,759.75,760.8499755859375,734.5499877929688,737.2999877929688,737.2999877929688,174900
2023-12-21,731.0499877929688,745.9000244140625,722.4500122070312,744.0999755859375,744.0999755859375,179300
2023-12-22,748.0499877929688,765.0499877929688,746.7999877929688,763.0499877929688,763.0499877929688,168900
2023-12-26,766.5999755859375,767.1500244140625,760.4000244140625,764.9000244140625,764.9000244140625,110300
2023-12-27,767.5,772.5499877929688,766.0999755859375,770.0999755859375,770.0999755859375,255600
2023-12-28,772.25,779.0499877929688,766.4000244140625,777.4000244140625,777.4000244140625,155400
2023-12-29,778.2000122070312,784.5,772.5499877929688,783.0499877929688,783.0499877929688,137600
2024-01-02,788.4500122070312,790.75,774.2999877929688,778.4500122070312,778.4500122070312,81100
2024-01-03,778.4500122070312,790.5,773.75,788.0,788.0,102500
2024-01-04,791.4000244140625,844.4000244140625,789.9500122070312,841.2999877929688,841.2999877929688,531100
2024-01-05,842.75,863.0,839.8499755859375,844.3499755859375,844.3499755859375,346300
2024-01-08,846.3499755859375,855.75,841.2999877929688,845.4500122070312,845.4500122070312,281100
2024-01-09,852.6500244140625,869.25,850.5,866.75,866.75,284800
2024-01-10,868.6500244140625,868.6500244140625,853.1500244140625,865.7999877929688,865.7999877929688,136700
2024-01-11,867.7999877929688,870.9500122070312,862.0499877929688,865.4500122070312,865.4500122070312,149400
2024-01-12,871.4500122070312,885.25,868.2000122070312,881.0499877929688,881.0499877929688,198000
2024-01-15,886.5499877929688,894.4000244140625,880.0499877929688,883.2999877929688,883.2999877929688,136500
2024-01-16,885.0999755859375,885.0999755859375,860.5499877929688,868.5999755859375,868.5999755859375,115900
2024-01-17,855.4500122070312,861.9500122070312,848.0499877929688,856.2999877929688,856.2999877929688,129600
2024-01-18,852.0,863.4500122070312,830.0999755859375,862.5,862.5,203400
2024-01-19,869.75,871.7999877929688,862.8499755859375,868.5,868.5,179000
2024-01-23,867.3499755859375,867.5999755859375,811.5499877929688,816.1500244140625,816.1500244140625,350200
2024-01-24,815.9500122070312,822.2000122070312,794.5,818.0999755859375,818.0999755859375,223600
2024-01-25,827.0999755859375,831.0999755859375,810.8499755859375,823.5499877929688,823.5499877929688,209800
2024-01-29,825.0499877929688,837.2999877929688,819.4500122070312,833.9000244140625,833.9000244140625,194600
2024-01-30,840.0499877929688,847.5999755859375,831.5999755859375,837.0999755859375,837.0999755859375,237300
2024-01-31,838.5499877929688,858.5499877929688,835.25,856.2000122070312,856.2000122070312,205900
2024-02-01,856.3499755859375,857.3499755859375,841.7999877929688,848.1500244140625,848.1500244140625,150600
2024-02-02,853.0,868.3499755859375,849.3499755859375,856.2000122070312,856.2000122070312,241600
2024-02-05,854.2000122070312,871.7000122070312,853.9000244140625,862.75,862.75,141100
2024-02-06,867.5499877929688,868.9000244140625,855.2999877929688,866.25,866.25,114300
2024-02-07,876.8499755859375,892.7999877929688,874.9500122070312,882.1500244140625,882.1500244140625,166900
2024-02-08,882.0999755859375,883.4500122070312,873.3499755859375,876.0499877929688,876.0499877929688,113100
2024-02-09,877.7999877929688,878.75,855.6500244140625,875.9500122070312,875.9500122070312,201500
2024-02-12,876.4500122070312,878.5499877929688,847.0499877929688,849.9500122070312,849.9500122070312,128600
2024-02-13,850.25,852.8499755859375,833.8499755859375,850.4000244140625,850.4000244140625,115100
2024-02-14,838.2000122070312,865.9000244140625,836.2999877929688,861.0,861.0,105400
2024-02-15,866.75,877.75,863.4500122070312,869.4000244140625,869.4000244140625,132800
2024-02-16,875.6500244140625,885.3499755859375,867.0,882.7000122070312,882.7000122070312,127700
2024-02-20,879.9000244140625,894.4500122070312,879.9000244140625,887.0,887.0,112100
2024-02-21,889.6500244140625,913.4000244140625,888.75,904.75,904.75,228700
2024-02-22,910.0499877929688,911.5,898.5499877929688,909.6500244140625,909.6500244140625,122300
2024-02-23,916.5499877929688,925.25,912.8499755859375,918.75,918.75,119900
2024-02-26,919.7000122070312,925.1500244140625,907.25,919.3499755859375,919.3499755859375,107400
2024-02-27,920.1500244140625,931.5499877929688,917.9500122070312,929.1500244140625,929.1500244140625,187100
2024-02-28,929.4000244140625,932.0999755859375,899.5,909.5,909.5,105200
2024-02-29,909.2000122070312,915.4500122070312,894.4500122070312,910.5499877929688,910.5499877929688,420400
2024-03-01,913.2000122070312,919.6500244140625,907.25,917.0999755859375,917.0999755859375,124100
2024-03-04,929.8499755859375,936.0,923.75,927.4500122070312,927.4500122070312,177700
2024-03-05,927.8499755859375,936.2999877929688,925.2000122070312,930.3499755859375,930.3499755859375,95600
2024-03-06,929.7000122070312,930.2000122070312,901.75,917.8499755859375,917.8499755859375,129300
2024-03-07,920.5499877929688,925.25,912.5999755859375,916.5,916.5,75300
2024-03-11,921.9000244140625,935.1500244140625,903.5999755859375,906.5499877929688,906.5499877929688,126700
2024-03-12,911.9000244140625,913.3499755859375,870.2000122070312,872.9000244140625,872.9000244140625,345700
2024-03-13,871.0999755859375,882.7999877929688,814.7000122070312,826.5,826.5,446100
2024-03-14,815.8499755859375,836.5,808.4500122070312,831.5499877929688,831.5499877929688,192500
2024-03-15,833.4500122070312,846.6500244140625,818.6500244140625,830.1500244140625,830.1500244140625,284500
2024-03-18,829.7999877929688,842.4000244140625,821.0,834.0499877929688,834.0499877929688,135400
2024-03-19,838.75,839.7000122070312,821.1500244140625,829.2000122070312,829.2000122070312,136000
2024-03-20,833.0,840.6500244140625,819.75,834.3499755859375,834.3499755859375,103400
2024-03-21,845.3499755859375,861.0499877929688,840.3499755859375,859.4000244140625,859.4000244140625,123800
2024-03-22,863.5,876.7999877929688,860.4000244140625,874.5,874.5,125600
2024-03-26,871.9000244140625,890.7000122070312,868.6500244140625,888.2000122070312,888.2000122070312,107000
2024-03-27,893.9000244140625,900.5,892.4000244140625,895.75,895.75,102400
2024-03-28,900.5999755859375,905.4000244140625,889.1500244140625,900.6500244140625,900.6500244140625,124900
2024-04-01,904.4000244140625,943.2999877929688,903.1500244140625,939.9000244140625,939.9000244140625,148900
2024-04-02,942.75,959.0999755859375,940.0499877929688,949.3499755859375,949.3499755859375,94400
2024-04-03,946.2000122070312,946.25,923.0,924.8499755859375,924.8499755859375,126200
2024-04-04,930.5999755859375,931.4500122070312,919.0499877929688,924.5,924.5,96700
2024-04-05,928.0499877929688,941.2999877929688,926.2000122070312,937.75,937.75,133000
2024-04-08,948.2000122070312,963.7999877929688,947.0499877929688,950.25,950.25,142900
2024-04-09,959.2000122070312,970.2000122070312,951.3499755859375,955.2999877929688,955.2999877929688,120400
2024-04-10,959.7999877929688,968.9500122070312,958.8499755859375,960.9000244140625,960.9000244140625,62000
2024-04-12,962.5499877929688,970.8499755859375,950.8499755859375,952.4000244140625,952.4000244140625,85200
2024-04-15,930.0,950.9500122070312,925.0,942.0499877929688,942.0499877929688,75700
2024-04-16,935.2000122070312,942.0,930.1500244140625,937.75,937.75,72500
2024-04-18,942.5,952.0499877929688,928.9000244140625,932.75,932.75,104000
2024-04-19,920.2000122070312,928.6500244140625,909.7000122070312,926.25,926.25,86800
2024-04-22,935.7999877929688,941.3499755859375,931.1500244140625,933.0999755859375,933.0999755859375,95300
2024-04-23,941.4000244140625,962.25,939.4000244140625,957.2000122070312,957.2000122070312,124700
2024-04-24,963.8499755859375,970.4000244140625,961.5999755859375,965.75,965.75,71200
2024-04-25,970.7999877929688,972.2000122070312,950.7999877929688,963.3499755859375,963.3499755859375,61400
2024-04-26,966.5,971.5499877929688,956.9500122070312,969.0499877929688,969.0499877929688,78800
2024-04-29,969.5999755859375,973.4500122070312,952.0499877929688,959.3499755859375,959.3499755859375,66100
2024-04-30,962.6500244140625,983.0999755859375,962.3499755859375,973.25,973.25,83600
2024-05-02,972.5999755859375,973.9500122070312,956.9000244140625,972.6500244140625,972.6500244140625,85800
2024-05-03,979.9000244140625,980.6500244140625,957.0999755859375,962.6500244140625,962.6500244140625,132700
2024-05-06,973.4000244140625,990.75,961.6500244140625,989.2000122070312,989.2000122070312,181800
2024-05-07,989.9500122070312,994.3499755859375,946.0,954.7000122070312,954.7000122070312,143600
2024-05-08,955.2000122070312,964.7999877929688,939.5999755859375,960.8499755859375,960.8499755859375,110400
2024-05-09,965.1500244140625,967.5999755859375,936.25,939.4500122070312,939.4500122070312,80700
2024-05-10,943.5499877929688,949.1500244140625,922.0999755859375,935.3499755859375,935.3499755859375,101100
2024-05-13,934.7999877929688,949.0,914.3499755859375,946.9000244140625,946.9000244140625,86800
2024-05-14,949.7000122070312,962.7999877929688,946.7000122070312,955.25,955.25,106400
2024-05-15,957.1500244140625,978.75,948.7999877929688,965.0,965.0,154400
2024-05-16,972.4500122070312,984.3499755859375,968.9000244140625,980.75,980.75,171700
2024-05-17,986.4000244140625,999.0,980.0499877929688,997.0999755859375,997.0999755859375,118300
2024-05-21,1006.6500244140625,1007.4500122070312,992.5499877929688,1004.7000122070312,1004.7000122070312,108200
2024-05-22,1010.0499877929688,1023.25,1008.2999877929688,1018.9000244140625,1018.9000244140625,131200
2024-05-23,1028.0999755859375,1033.050048828125,1015.2999877929688,1030.4000244140625,1030.4000244140625,117500
2024-05-24,1028.699951171875,1032.0,1020.7000122070312,1023.6500244140625,1023.6500244140625,85600
2024-05-27,1029.0,1040.75,1026.949951171875,1032.3499755859375,1032.3499755859375,99000
2024-05-28,1034.3499755859375,1035.25,1005.6500244140625,1010.0,1010.0,86100
2024-05-29,1007.7999877929688,1012.9500122070312,998.6500244140625,1000.9500122070312,1000.9500122070312,147600
2024-05-30,998.9500122070312,1002.4000244140625,992.2999877929688,996.0499877929688,996.0499877929688,90400
2024-05-31,1011.75,1032.8499755859375,1005.25,1019.4000244140625,1019.4000244140625,447500
2024-06-03,1059.5999755859375,1082.449951171875,1049.800048828125,1080.050048828125,1080.050048828125,189700
2024-06-04,1085.5999755859375,1085.5999755859375,930.9000244140625,976.0999755859375,976.0999755859375,213200
2024-06-05,986.2999877929688,1008.2000122070312,936.9500122070312,1000.7999877929688,1000.7999877929688,150900
2024-06-06,1011.3499755859375,1053.800048828125,1011.3499755859375,1047.75,1047.75,123600
2024-06-07,1054.75,1072.449951171875,1050.5,1069.5,1069.5,128800
2024-06-10,1077.050048828125,1089.8499755859375,1075.6500244140625,1083.6500244140625,1083.6500244140625,120900
2024-06-11,1093.3499755859375,1104.199951171875,1090.800048828125,1095.8499755859375,1095.8499755859375,94100
2024-06-12,1095.0999755859375,1099.449951171875,1087.4000244140625,1095.4000244140625,1095.4000244140625,143700
2024-06-13,1107.050048828125,1122.1500244140625,1102.3499755859375,1119.9000244140625,1119.9000244140625,127600
2024-06-14,1126.75,1134.9000244140625,1121.550048828125,1129.0999755859375,1129.0999755859375,95600
2024-06-18,1130.3499755859375,1157.3499755859375,1128.1500244140625,1150.300048828125,1150.300048828125,103800
2024-06-19,1149.25,1149.9000244140625,1111.0,1117.699951171875,1117.699951171875,146200
2024-06-20,1124.6500244140625,1145.5999755859375,1119.449951171875,1140.300048828125,1140.300048828125,90300
2024-06-21,1140.5,1148.0999755859375,1126.800048828125,1131.9000244140625,1131.9000244140625,109700
2024-06-24,1129.0999755859375,1138.0,1115.699951171875,1135.3499755859375,1135.3499755859375,115900
2024-06-25,1140.1500244140625,1141.3499755859375,1105.5999755859375,1115.5,1115.5,122700
2024-06-26,1116.75,1118.8499755859375,1097.1500244140625,1099.5,1099.5,98600
2024-06-27,1097.4000244140625,1107.949951171875,1088.3499755859375,1098.949951171875,1098.949951171875,149500
2024-06-28,1099.25,1113.5999755859375,1090.6500244140625,1104.75,1104.75,96300
2024-07-01,1112.5,1113.6500244140625,1097.0999755859375,1101.050048828125,1101.050048828125,0
2024-07-02,1106.4000244140625,1121.699951171875,1101.449951171875,1110.1500244140625,1110.1500244140625,0
2024-07-03,1116.949951171875,1117.4000244140625,1105.9000244140625,1113.8499755859375,1113.8499755859375,0
2024-07-04,1120.199951171875,1123.550048828125,1112.050048828125,1119.5,1119.5,57900
2024-07-05,1122.199951171875,1123.5,1112.4000244140625,1119.1500244140625,1119.1500244140625,84600
2024-07-08,1122.4000244140625,1125.699951171875,1110.199951171875,1114.300048828125,1114.300048828125,63700
2024-07-09,1116.1500244140625,1129.949951171875,1112.550048828125,1127.050048828125,1127.050048828125,54400
2024-07-10,1134.300048828125,1140.5,1104.300048828125,1126.6500244140625,1126.6500244140625,103400
2024-07-11,1128.699951171875,1132.25,1105.5999755859375,1109.9000244140625,1109.9000244140625,56000
2024-07-12,1114.8499755859375,1115.449951171875,1090.25,1093.199951171875,1093.199951171875,90300
2024-07-15,1099.4000244140625,1118.4000244140625,1079.3499755859375,1107.9000244140625,1107.9000244140625,104000
2024-07-16,1112.25,1132.699951171875,1110.1500244140625,1126.25,1126.25,186700
2024-07-18,1125.5999755859375,1129.3499755859375,1105.1500244140625,1122.699951171875,1122.699951171875,97600
2024-07-19,1124.4000244140625,1125.0999755859375,1084.550048828125,1096.199951171875,1096.199951171875,93200
2024-07-22,1085.9000244140625,1097.3499755859375,1076.75,1090.9000244140625,1090.9000244140625,98500
2024-07-23,1096.550048828125,1105.699951171875,1043.8499755859375,1065.949951171875,1065.949951171875,224400
2024-07-24,1063.550048828125,1084.949951171875,1059.300048828125,1074.25,1074.25,147700
2024-07-25,1068.949951171875,1073.4000244140625,1059.0,1065.3499755859375,1065.3499755859375,96700
2024-07-26,1070.9000244140625,1090.9000244140625,1068.25,1077.6500244140625,1077.6500244140625,113500
2024-07-29,1088.25,1104.449951171875,1080.0,1093.050048828125,1093.050048828125,142900
2024-07-30,1096.8499755859375,1110.5,1093.5,1097.800048828125,1097.800048828125,101600
2024-07-31,1106.449951171875,1109.75,1086.050048828125,1093.75,1093.75,133100
2024-08-01,1097.5,1099.050048828125,1069.25,1075.1500244140625,1075.1500244140625,123900
2024-08-02,1063.550048828125,1067.300048828125,1034.449951171875,1037.1500244140625,1037.1500244140625,103100
2024-08-05,1010.7999877929688,1013.75,981.9500122070312,992.2999877929688,992.2999877929688,161800
2024-08-06,1010.1500244140625,1025.300048828125,997.5499877929688,1000.5999755859375,1000.5999755859375,153300
2024-08-07,1033.949951171875,1034.199951171875,1010.2999877929688,1018.9500122070312,1018.9500122070312,70400
2024-08-08,1018.7000122070312,1025.949951171875,1003.8499755859375,1006.6500244140625,1006.6500244140625,63900
2024-08-09,1020.5,1029.050048828125,1014.0,1022.25,1022.25,64600
2024-08-12,1019.25,1038.9000244140625,1015.8499755859375,1035.699951171875,1035.699951171875,92800
2024-08-13,1039.4000244140625,1043.75,1024.6500244140625,1028.0999755859375,1028.0999755859375,63700
2024-08-14,1033.300048828125,1033.3499755859375,1016.7000122070312,1023.1500244140625,1023.1500244140625,75700
2024-08-16,1033.550048828125,1051.949951171875,1031.0999755859375,1048.6500244140625,1048.6500244140625,139200
2024-08-19,1054.449951171875,1062.199951171875,1045.0,1050.199951171875,1050.199951171875,44000
2024-08-20,1052.6500244140625,1054.5,1045.050048828125,1052.3499755859375,1052.3499755859375,69100
2024-08-21,1050.449951171875,1051.9000244140625,1035.0,1038.550048828125,1038.550048828125,58700
2024-08-22,1042.6500244140625,1045.800048828125,1032.449951171875,1043.449951171875,1043.449951171875,48000
2024-08-23,1042.5999755859375,1046.050048828125,1016.7999877929688,1018.0999755859375,1018.0999755859375,80800
2024-08-26,1023.0999755859375,1038.050048828125,1011.75,1036.0,1036.0,86000
2024-08-27,1036.6500244140625,1049.0,1033.699951171875,1038.0999755859375,1038.0999755859375,94900
2024-08-28,1040.300048828125,1044.699951171875,1027.449951171875,1036.199951171875,1036.199951171875,57400
2024-08-29,1036.3499755859375,1039.25,1028.9000244140625,1034.5,1034.5,103500
2024-08-30,1039.0999755859375,1058.4000244140625,1039.0999755859375,1053.4000244140625,1053.4000244140625,341800
2024-09-02,1057.1500244140625,1059.199951171875,1046.9000244140625,1050.9000244140625,1050.9000244140625,64800
2024-09-03,1053.050048828125,1064.75,1043.5,1045.4000244140625,1045.4000244140625,74100
2024-09-04,1039.9000244140625,1054.5,1034.550048828125,1052.199951171875,1052.199951171875,64000
2024-09-05,1054.3499755859375,1055.550048828125,1039.6500244140625,1041.949951171875,1041.949951171875,83300
2024-09-06,1046.050048828125,1049.699951171875,1028.8499755859375,1032.0999755859375,1032.0999755859375,90500
2024-09-09,1030.949951171875,1038.0,1022.25,1029.6500244140625,1029.6500244140625,75200
2024-09-10,1034.4000244140625,1041.75,1030.5999755859375,1038.75,1038.75,60300
2024-09-11,1038.75,1039.949951171875,1024.300048828125,1026.6500244140625,1026.6500244140625,55200
2024-09-12,1032.050048828125,1038.050048828125,1024.6500244140625,1035.699951171875,1035.699951171875,53700
2024-09-13,1040.6500244140625,1056.300048828125,1039.0,1053.6500244140625,1053.6500244140625,108600
2024-09-16,1063.9000244140625,1070.3499755859375,1052.800048828125,1059.699951171875,1059.699951171875,89800
2024-09-17,1062.1500244140625,1070.1500244140625,1050.3499755859375,1066.199951171875,1066.199951171875,76200
2024-09-18,1069.0999755859375,1071.550048828125,1055.300048828125,1063.75,1063.75,54100
2024-09-19,1072.5999755859375,1081.3499755859375,1042.949951171875,1069.0,1069.0,167500
2024-09-20,1078.449951171875,1114.300048828125,1076.25,1101.5999755859375,1101.5999755859375,143100
2024-09-23,1112.449951171875,1130.4000244140625,1104.800048828125,1126.1500244140625,1126.1500244140625,144900
2024-09-24,1127.949951171875,1133.9000244140625,1116.6500244140625,1122.75,1122.75,114200
2024-09-25,1112.5999755859375,1132.4000244140625,1103.949951171875,1130.1500244140625,1130.1500244140625,109500
2024-09-26,1131.9000244140625,1140.4000244140625,1118.699951171875,1131.300048828125,1131.300048828125,118000
2024-09-27,1123.6500244140625,1128.5,1101.6500244140625,1117.800048828125,1117.800048828125,140100
2024-09-30,1105.9000244140625,1108.550048828125,1088.050048828125,1099.0,1099.0,116900
2024-10-01,1102.050048828125,1104.199951171875,1087.949951171875,1096.8499755859375,1096.8499755859375,70500
2024-10-03,1073.4000244140625,1083.8499755859375,1045.050048828125,1049.0,1049.0,119100
2024-10-04,1047.1500244140625,1048.3499755859375,1011.7999877929688,1031.800048828125,1031.800048828125,157900
2024-10-07,1038.0,1043.6500244140625,1014.3499755859375,1020.1500244140625,1020.1500244140625,151400
2024-10-08,1014.0,1032.300048828125,1012.75,1029.949951171875,1029.949951171875,88000
2024-10-09,1035.550048828125,1058.25,1028.4000244140625,1052.050048828125,1052.050048828125,89100
2024-10-10,1058.050048828125,1066.5999755859375,1046.199951171875,1047.8499755859375,1047.8499755859375,87000
2024-10-11,1050.0,1050.25,1036.0999755859375,1040.5999755859375,1040.5999755859375,52900
2024-10-14,1044.449951171875,1059.8499755859375,1040.1500244140625,1057.3499755859375,1057.3499755859375,96400
2024-10-15,1061.5999755859375,1082.0999755859375,1050.0,1079.050048828125,1079.050048828125,75700
2024-10-16,1081.1500244140625,1086.550048828125,1068.449951171875,1084.949951171875,1084.949951171875,87900
2024-10-17,1084.5999755859375,1086.300048828125,1042.4000244140625,1044.1500244140625,1044.1500244140625,99600
2024-10-18,1038.949951171875,1051.050048828125,1023.3499755859375,1047.300048828125,1047.300048828125,70700
2024-10-21,1051.5999755859375,1059.3499755859375,1029.0999755859375,1032.6500244140625,1032.6500244140625,71700
2024-10-22,1030.9000244140625,1031.449951171875,993.9000244140625,997.75,997.75,113200
2024-10-23,991.0499877929688,1003.5,973.6500244140625,997.1500244140625,997.1500244140625,117100
2024-10-24,1000.9000244140625,1011.0,984.4000244140625,985.8499755859375,985.8499755859375,82100
2024-10-25,989.0999755859375,993.0,957.0,974.3499755859375,974.3499755859375,76500
2024-10-28,975.9000244140625,996.0999755859375,961.2000122070312,987.75,987.75,198800
2024-10-29,990.2999877929688,1002.9500122070312,978.0499877929688,1001.8499755859375,1001.8499755859375,112200
2024-10-30,995.0999755859375,1013.9000244140625,992.25,1001.0499877929688,1001.0499877929688,74800
2024-10-31,1001.0,1007.2000122070312,990.9000244140625,999.5499877929688,999.5499877929688,81100
2024-11-01,1009.5999755859375,1014.7000122070312,1004.2000122070312,1009.0999755859375,1009.0999755859375,13100
2024-11-04,1003.9500122070312,1010.2999877929688,976.4000244140625,979.5,979.5,89700
2024-11-05,978.75,988.6500244140625,966.6500244140625,985.5999755859375,985.5999755859375,90800
2024-11-06,993.5,1018.5,992.4500122070312,1011.0499877929688,1011.0499877929688,87300
2024-11-07,1013.9000244140625,1025.5,994.9500122070312,996.5499877929688,996.5499877929688,86300
2024-11-08,1000.4500122070312,1001.6500244140625,965.7999877929688,967.6500244140625,967.6500244140625,65100
2024-11-11,965.7999877929688,979.1500244140625,952.6500244140625,966.2000122070312,966.2000122070312,64300
2024-11-12,968.7999877929688,987.7999877929688,961.6500244140625,967.9500122070312,967.9500122070312,103800
2024-11-13,962.3499755859375,965.8499755859375,929.75,937.25,937.25,94300
2024-11-14,938.7999877929688,954.25,937.5999755859375,946.9500122070312,946.9500122070312,69700
2024-11-18,961.0499877929688,962.7000122070312,946.5999755859375,952.25,952.25,94200
2024-11-19,954.7000122070312,977.4000244140625,953.4000244140625,966.2999877929688,966.2999877929688,73100
2024-11-21,968.5,982.5999755859375,953.9500122070312,975.2999877929688,975.2999877929688,109000
2024-11-22,972.0999755859375,1008.9500122070312,963.9500122070312,1006.25,1006.25,146700
2024-11-25,1034.4000244140625,1044.199951171875,1023.7999877929688,1028.5,1028.5,377500
2024-11-26,1034.6500244140625,1043.0,1027.699951171875,1029.1500244140625,1029.1500244140625,82300
2024-11-27,1028.8499755859375,1031.449951171875,1019.9000244140625,1024.9000244140625,1024.9000244140625,79300
2024-11-28,1028.4000244140625,1041.199951171875,1022.0999755859375,1025.3499755859375,1025.3499755859375,99800
2024-11-29,1027.699951171875,1028.5,1016.3499755859375,1020.1500244140625,1020.1500244140625,81200
2024-12-02,1022.3499755859375,1054.300048828125,1016.1500244140625,1051.199951171875,1051.199951171875,122500
2024-12-03,1060.949951171875,1062.25,1046.3499755859375,1054.5999755859375,1054.5999755859375,90400
2024-12-04,1058.4000244140625,1079.4000244140625,1055.199951171875,1077.1500244140625,1077.1500244140625,118100
2024-12-05,1083.4000244140625,1083.5,1067.0,1074.449951171875,1074.449951171875,66900
2024-12-06,1076.75,1077.25,1061.949951171875,1073.9000244140625,1073.9000244140625,68600
2024-12-09,1071.4000244140625,1084.4000244140625,1070.9000244140625,1076.9000244140625,1076.9000244140625,91700
2024-12-10,1080.550048828125,1093.6500244140625,1080.0999755859375,1092.3499755859375,1092.3499755859375,199900
2024-12-11,1090.300048828125,1098.5,1089.050048828125,1094.3499755859375,1094.3499755859375,144400
2024-12-12,1093.050048828125,1097.550048828125,1085.9000244140625,1089.8499755859375,1089.8499755859375,77400
2024-12-13,1085.199951171875,1092.449951171875,1061.050048828125,1085.050048828125,1085.050048828125,92300
2024-12-16,1088.699951171875,1123.199951171875,1088.1500244140625,1118.6500244140625,1118.6500244140625,179000
2024-12-17,1116.5,1137.5,1114.5999755859375,1117.5999755859375,1117.5999755859375,148700
2024-12-18,1122.9000244140625,1123.4000244140625,1105.699951171875,1112.4000244140625,1112.4000244140625,90400
2024-12-19,1090.1500244140625,1108.75,1088.0999755859375,1103.25,1103.25,81700
2024-12-20,1106.75,1109.949951171875,1056.25,1060.0999755859375,1060.0999755859375,107600
2024-12-23,1064.550048828125,1086.699951171875,1062.800048828125,1075.6500244140625,1075.6500244140625,98400
2024-12-24,1078.75,1086.9000244140625,1065.449951171875,1074.75,1074.75,77200
2024-12-26,1073.25,1080.0,1060.0,1077.25,1077.25,40700
2024-12-27,1076.949951171875,1081.949951171875,1069.550048828125,1071.3499755859375,1071.3499755859375,32700
2024-12-30,1068.6500244140625,1078.9000244140625,1046.25,1054.8499755859375,1054.8499755859375,135800
2024-12-31,1048.300048828125,1054.550048828125,1040.75,1052.3499755859375,1052.3499755859375,51800
2025-01-02,1044.8499755859375,1054.4000244140625,1032.1500244140625,1051.6500244140625,1051.6500244140625,73400
2025-01-03,1052.0999755859375,1057.6500244140625,1041.25,1045.0999755859375,1045.0999755859375,56400
2025-01-06,1051.4000244140625,1056.1500244140625,1008.0999755859375,1012.0499877929688,1012.0499877929688,74700
2025-01-07,1014.9500122070312,1024.0,1008.9500122070312,1020.0999755859375,1020.0999755859375,60300
2025-01-08,1025.699951171875,1028.4000244140625,998.9000244140625,1018.5,1018.5,107100
2025-01-09,1016.0999755859375,1016.8499755859375,987.7000122070312,990.7000122070312,990.7000122070312,73600
2025-01-10,993.4500122070312,997.0,961.4500122070312,963.2999877929688,963.2999877929688,99000
2025-01-13,949.25,952.0,897.5,901.0,901.0,147700
2025-01-14,904.0499877929688,917.2000122070312,899.4500122070312,908.2000122070312,908.2000122070312,114000
2025-01-15,914.9500122070312,930.25,903.0499877929688,920.8499755859375,920.8499755859375,160900
2025-01-16,932.25,952.6500244140625,925.7999877929688,927.0499877929688,927.0499877929688,65500
2025-01-17,924.9000244140625,943.8499755859375,921.5999755859375,939.25,939.25,95200
2025-01-20,943.75,950.0499877929688,934.5499877929688,945.3499755859375,945.3499755859375,54900
2025-01-21,946.2999877929688,948.4000244140625,904.5499877929688,906.4000244140625,906.4000244140625,105900
2025-01-22,908.5,909.0499877929688,854.5499877929688,865.0499877929688,865.0499877929688,176600
2025-01-23,862.5499877929688,882.9500122070312,858.0999755859375,873.7000122070312,873.7000122070312,107100
2025-01-24,875.9500122070312,880.8499755859375,851.0499877929688,853.5499877929688,853.5499877929688,144000
2025-01-27,849.0499877929688,865.5499877929688,839.75,844.5999755859375,844.5999755859375,338600
2025-01-28,855.0999755859375,874.3499755859375,842.5499877929688,862.9000244140625,862.9000244140625,193000
2025-01-29,861.6500244140625,889.4000244140625,860.9000244140625,888.0,888.0,105600
2025-01-30,894.5,914.8499755859375,893.25,903.7999877929688,903.7999877929688,125900
2025-01-31,899.9500122070312,927.2000122070312,894.3499755859375,921.3499755859375,921.3499755859375,123500
2025-02-03,943.4000244140625,954.7999877929688,929.5499877929688,949.7000122070312,949.7000122070312,103800
2025-02-04,952.5,962.5499877929688,947.5999755859375,954.9500122070312,954.9500122070312,84700
2025-02-05,960.1500244140625,968.25,934.5,937.2999877929688,937.2999877929688,83000
2025-02-06,942.3499755859375,945.8499755859375,914.4000244140625,916.7999877929688,916.7999877929688,108900
2025-02-07,918.2999877929688,933.0,909.4500122070312,917.7000122070312,917.7000122070312,105500
2025-02-10,915.9000244140625,918.4000244140625,883.9000244140625,890.2999877929688,890.2999877929688,66200
2025-02-11,890.0499877929688,890.9500122070312,853.5999755859375,863.0,863.0,85500
2025-02-12,862.4500122070312,862.6500244140625,835.3499755859375,839.3499755859375,839.3499755859375,182400
2025-02-13,839.4500122070312,855.7999877929688,831.25,846.1500244140625,846.1500244140625,140900
2025-02-14,847.7000122070312,850.9000244140625,818.75,831.4500122070312,831.4500122070312,99600
2025-02-17,823.6500244140625,838.0999755859375,806.0499877929688,831.5499877929688,831.5499877929688,82000
2025-02-18,832.5499877929688,835.4500122070312,820.2999877929688,832.0499877929688,832.0499877929688,79000
2025-02-19,827.4500122070312,857.5,821.9000244140625,845.9500122070312,845.9500122070312,86700
2025-02-20,843.3499755859375,859.0,836.7999877929688,855.4000244140625,855.4000244140625,60100
2025-02-21,853.5999755859375,866.4500122070312,839.6500244140625,844.5,844.5,87300
2025-02-24,837.5499877929688,844.2000122070312,824.2000122070312,837.6500244140625,837.6500244140625,83200
2025-02-25,836.25,839.0499877929688,823.0999755859375,826.6500244140625,826.6500244140625,92300
2025-02-27,825.3499755859375,829.5999755859375,804.9500122070312,809.3499755859375,809.3499755859375,111900
2025-02-28,800.7000122070312,808.0499877929688,787.2000122070312,797.9000244140625,797.9000244140625,192700
2025-03-03,798.25,810.75,783.0,807.9500122070312,807.9500122070312,93000
2025-03-04,798.0999755859375,815.4000244140625,785.9000244140625,808.75,808.75,72500
2025-03-05,806.2999877929688,830.0,806.2999877929688,827.5499877929688,827.5499877929688,67600
2025-03-06,835.6500244140625,840.25,824.2999877929688,826.1500244140625,826.1500244140625,62200
2025-03-07,828.8499755859375,835.5,813.75,816.3499755859375,816.3499755859375,111600
2025-03-10,816.6500244140625,823.9500122070312,795.8499755859375,799.7000122070312,799.7000122070312,71300
2025-03-11,794.0,832.25,790.5,828.7000122070312,828.7000122070312,111800
2025-03-12,829.2999877929688,834.7999877929688,808.4000244140625,815.0499877929688,815.0499877929688,86500
2025-03-13,817.4500122070312,818.5999755859375,798.0999755859375,800.1500244140625,800.1500244140625,74500
2025-03-17,801.8499755859375,806.25,792.0,797.0999755859375,797.0999755859375,63800
2025-03-18,801.5,824.4000244140625,801.3499755859375,822.2999877929688,822.2999877929688,140200
2025-03-19,825.2000122070312,847.4000244140625,824.3499755859375,845.3499755859375,845.3499755859375,211900
2025-03-20,850.7999877929688,860.4500122070312,844.0999755859375,854.4000244140625,854.4000244140625,125400
2025-03-21,854.0999755859375,882.1500244140625,853.2000122070312,862.75,862.75,228200
2025-03-24,873.8499755859375,882.9500122070312,867.0499877929688,875.9500122070312,875.9500122070312,136200
2025-03-25,882.9000244140625,888.2999877929688,859.5499877929688,863.2000122070312,863.2000122070312,88000
2025-03-26,863.4000244140625,879.0999755859375,848.9500122070312,852.0499877929688,852.0499877929688,110200
2025-03-27,848.25,868.3499755859375,845.2999877929688,863.5499877929688,863.5499877929688,92100
2025-03-28,866.2999877929688,868.75,848.5499877929688,851.2999877929688,851.2999877929688,77100
2025-04-01,852.2000122070312,853.25,819.9500122070312,824.8499755859375,824.8499755859375,82700
2025-04-02,825.8499755859375,855.7999877929688,825.75,854.6500244140625,854.6500244140625,119700
2025-04-03,842.0999755859375,858.5499877929688,840.5999755859375,853.7999877929688,853.7999877929688,80900
2025-04-04,851.2999877929688,853.25,814.5499877929688,823.0499877929688,823.0499877929688,84000
2025-04-07,771.7999877929688,790.5999755859375,765.7999877929688,776.2000122070312,776.2000122070312,135200
2025-04-08,795.0,804.4000244140625,783.0499877929688,795.4000244140625,795.4000244140625,119800
2025-04-09,797.0999755859375,797.2000122070312,772.7000122070312,780.2999877929688,780.2999877929688,93400
2025-04-11,792.7000122070312,800.4500122070312,785.7999877929688,790.1500244140625,790.1500244140625,115700
2025-04-15,808.0,836.3499755859375,803.5999755859375,834.75,834.75,206500
2025-04-16,839.2999877929688,843.4000244140625,833.1500244140625,840.7999877929688,840.7999877929688,94200
2025-04-17,841.1500244140625,848.2999877929688,837.0999755859375,845.0999755859375,845.0999755859375,91800
2025-04-21,852.75,867.25,839.6500244140625,864.0999755859375,864.0999755859375,152400
2025-04-22,868.8499755859375,890.75,859.6500244140625,885.0,885.0,221200
2025-04-23,892.2000122070312,904.6500244140625,885.5999755859375,896.75,896.75,136600
2025-04-24,898.5,900.75,880.2999877929688,884.1500244140625,884.1500244140625,98600
2025-04-25,890.0499877929688,895.7000122070312,853.7999877929688,859.3499755859375,859.3499755859375,167800
2025-04-28,860.25,872.6500244140625,857.7999877929688,871.5,871.5,86200
2025-04-29,871.2999877929688,880.3499755859375,865.9000244140625,869.25,869.25,113300
2025-04-30,874.1500244140625,901.0999755859375,870.7999877929688,885.8499755859375,885.8499755859375,232500
2025-05-02,879.25,895.0499877929688,873.3499755859375,881.5499877929688,881.5499877929688,148800
2025-05-05,887.25,890.9000244140625,873.6500244140625,887.3499755859375,887.3499755859375,79100
2025-05-06,886.4000244140625,890.0999755859375,852.9500122070312,855.5999755859375,855.5999755859375,84800
2025-05-07,846.5,866.8499755859375,842.0999755859375,865.1500244140625,865.1500244140625,88000
2025-05-08,866.0499877929688,871.7000122070312,834.9500122070312,843.7999877929688,843.7999877929688,91300
2025-05-09,824.5,835.25,808.4000244140625,823.75,823.75,176800
2025-05-12,857.5,874.3499755859375,852.7000122070312,872.5999755859375,872.5999755859375,129300
2025-05-13,872.5999755859375,877.4000244140625,860.6500244140625,866.2999877929688,866.2999877929688,104400
2025-05-14,866.0999755859375,885.3499755859375,865.6500244140625,881.0,881.0,104100
2025-05-15,883.25,901.2999877929688,873.5,897.9500122070312,897.9500122070312,118600
2025-05-16,901.5999755859375,917.2999877929688,892.1500244140625,912.5499877929688,912.5499877929688,174200
2025-05-19,914.8499755859375,935.2999877929688,908.5,933.2000122070312,933.2000122070312,140400
2025-05-20,946.5499877929688,947.2999877929688,920.1500244140625,922.7999877929688,922.7999877929688,311400
2025-05-21,927.7000122070312,945.0499877929688,926.5,938.7000122070312,938.7000122070312,146500
2025-05-22,937.2000122070312,943.0,927.0499877929688,934.4000244140625,934.4000244140625,87000
2025-05-23,934.6500244140625,943.9500122070312,932.0999755859375,936.8499755859375,936.8499755859375,60300
2025-05-26,939.5999755859375,953.7000122070312,935.5499877929688,944.0,944.0,102200
2025-05-27,944.7999877929688,950.2000122070312,937.8499755859375,946.2999877929688,946.2999877929688,103900
2025-05-28,948.25,955.0999755859375,942.5,944.9000244140625,944.9000244140625,86800
2025-05-29,950.2999877929688,957.7999877929688,938.75,955.7000122070312,955.7000122070312,192800
2025-05-30,958.5,962.0,942.8499755859375,949.3499755859375,949.3499755859375,245700
2025-06-02,951.5,972.7999877929688,943.0,971.25,971.25,183200
2025-06-03,978.5999755859375,991.3499755859375,971.5,982.9000244140625,982.9000244140625,178200
2025-06-04,988.0499877929688,988.5499877929688,969.6500244140625,976.0,976.0,102500
2025-06-05,980.7000122070312,1000.1500244140625,976.5999755859375,993.0999755859375,993.0999755859375,176200
2025-06-06,996.3499755859375,1042.5999755859375,994.5499877929688,1039.5999755859375,1039.5999755859375,316700
2025-06-09,1049.6500244140625,1049.699951171875,1034.050048828125,1038.1500244140625,1038.1500244140625,157700
2025-06-10,1041.75,1045.199951171875,1024.4000244140625,1026.300048828125,1026.300048828125,104500
2025-06-11,1027.8499755859375,1036.5999755859375,1019.3499755859375,1027.25,1027.25,96700
2025-06-12,1027.6500244140625,1028.300048828125,1004.0,1006.4500122070312,1006.4500122070312,82900
2025-06-13,982.3499755859375,1010.2000122070312,981.9000244140625,1007.0499877929688,1007.0499877929688,109200
2025-06-16,1007.0,1021.8499755859375,996.4500122070312,1020.2999877929688,1020.2999877929688,79900
2025-06-17,1023.9500122070312,1038.699951171875,1012.4500122070312,1013.7000122070312,1013.7000122070312,129700
2025-06-18,1016.5499877929688,1028.5999755859375,1004.7999877929688,1008.9000244140625,1008.9000244140625,96500
2025-06-19,1009.4500122070312,1015.5,989.5,992.75,992.75,104000
2025-06-20,994.25,1017.9500122070312,993.8499755859375,1013.6500244140625,1013.6500244140625,163600
2025-06-23,1006.8499755859375,1018.1500244140625,1003.6500244140625,1012.6500244140625,1012.6500244140625,93400
2025-06-24,1024.550048828125,1029.5999755859375,1012.7999877929688,1014.25,1014.25,120000
2025-06-25,1019.9000244140625,1021.25,1009.7000122070312,1019.7000122070312,1019.7000122070312,105200
2025-06-26,1021.25,1022.4500122070312,999.3499755859375,1009.5499877929688,1009.5499877929688,120600
2025-06-27,1013.0,1017.3499755859375,991.5,993.9500122070312,993.9500122070312,120400
2025-06-30,999.4500122070312,1001.25,985.25,986.5499877929688,986.5499877929688,272400
2025-07-01,992.9000244140625,994.8499755859375,977.3499755859375,984.2000122070312,984.2000122070312,344200
2025-07-02,985.5,988.2000122070312,964.0,970.0499877929688,970.0499877929688,220000
2025-07-03,971.1500244140625,974.1500244140625,962.25,963.1500244140625,963.1500244140625,103900
2025-07-04,965.1500244140625,973.75,960.2999877929688,971.9500122070312,971.9500122070312,64600
2025-07-07,972.1500244140625,976.7999877929688,965.8499755859375,972.75,972.75,44800
2025-07-08,974.9000244140625,983.0499877929688,964.7000122070312,982.3499755859375,982.3499755859375,97700
2025-07-09,979.7999877929688,979.9000244140625,964.4000244140625,967.75,967.75,89500
2025-07-10,969.8499755859375,977.8499755859375,966.5,974.7000122070312,974.7000122070312,96300
2025-07-11,974.25,975.6500244140625,961.5,962.9000244140625,962.9000244140625,98600
2025-07-14,964.9500122070312,977.6500244140625,961.6500244140625,976.25,976.25,111900
2025-07-15,979.7000122070312,990.75,975.5,983.9500122070312,983.9500122070312,238900
2025-07-16,986.0499877929688,992.9000244140625,982.9000244140625,988.8499755859375,988.8499755859375,138400
2025-07-17,994.1500244140625,1005.0,990.5999755859375,1001.0999755859375,1001.0999755859375,137500
2025-07-18,1005.4500122070312,1007.6500244140625,995.25,999.9000244140625,999.9000244140625,93100
2025-07-21,1000.9000244140625,1007.25,996.0499877929688,1006.25,1006.25,102600
2025-07-22,1007.9000244140625,1009.2999877929688,993.8499755859375,996.0499877929688,996.0499877929688,90500
2025-07-23,986.9000244140625,987.4000244140625,965.9000244140625,970.2000122070312,970.2000122070312,322700
2025-07-24,970.75,971.9500122070312,954.2999877929688,960.0999755859375,960.0999755859375,79900
2025-07-25,957.0,966.7000122070312,947.9000244140625,950.5999755859375,950.5999755859375,289900
2025-07-28,945.0999755859375,946.0499877929688,909.0,911.9000244140625,911.9000244140625,199000
2025-07-29,910.8499755859375,929.3499755859375,910.4000244140625,926.5,926.5,130200
2025-07-30,926.25,928.9000244140625,915.9000244140625,917.6500244140625,917.6500244140625,71200
2025-07-31,905.75,915.25,902.9500122070312,912.3499755859375,912.3499755859375,94600
2025-08-01,912.25,918.0,893.4500122070312,896.1500244140625,896.1500244140625,78100
2025-08-04,897.4000244140625,914.5,893.5999755859375,912.0499877929688,912.0499877929688,60600
2025-08-05,913.75,915.75,898.3499755859375,907.8499755859375,907.8499755859375,87500
2025-08-06,908.75,909.7999877929688,883.7999877929688,894.1500244140625,894.1500244140625,121700
2025-08-07,887.0,896.4500122070312,879.2000122070312,893.0,893.0,96700
2025-08-08,892.25,896.5999755859375,871.4000244140625,874.1500244140625,874.1500244140625,74400
2025-08-11,875.25,892.0,871.5,890.4000244140625,890.4000244140625,83900
2025-08-12,891.4000244140625,891.5,880.7999877929688,883.9000244140625,883.9000244140625,66200
2025-08-13,885.4000244140625,893.2000122070312,884.0499877929688,886.0499877929688,886.0499877929688,60500
2025-08-14,888.9000244140625,893.1500244140625,877.25,879.3499755859375,879.3499755859375,83600
2025-08-18,890.25,906.9500122070312,887.5999755859375,898.4500122070312,898.4500122070312,104700
2025-08-19,900.25,905.25,889.6500244140625,904.2999877929688,904.2999877929688,81300
2025-08-20,905.4500122070312,916.9000244140625,902.4000244140625,913.8499755859375,913.8499755859375,82900
2025-08-21,917.75,930.5,915.2999877929688,917.3499755859375,917.3499755859375,99100
2025-08-22,918.5,919.25,908.5,909.6500244140625,909.6500244140625,57300
2025-08-25,913.5499877929688,923.6500244140625,912.25,916.4500122070312,916.4500122070312,55400
2025-08-26,915.0,915.9000244140625,893.3499755859375,895.9500122070312,895.9500122070312,70500
2025-08-28,896.25,896.7999877929688,879.4500122070312,882.5,882.5,78500
2025-08-29,878.7999877929688,886.0999755859375,867.9500122070312,870.75,870.75,88800
2025-09-01,867.2000122070312,881.2999877929688,866.9500122070312,879.7999877929688,879.7999877929688,50500
2025-09-02,884.0999755859375,895.75,881.0499877929688,886.1500244140625,886.1500244140625,75500
2025-09-03,888.6500244140625,891.25,881.2000122070312,889.6500244140625,889.6500244140625,64800
2025-09-04,899.7999877929688,904.3499755859375,880.75,882.75,882.75,84200
2025-09-05,886.5499877929688,889.1500244140625,864.9500122070312,872.5,872.5,74200
2025-09-08,878.9000244140625,883.0,875.1500244140625,876.5499877929688,876.5499877929688,48800
2025-09-09,877.8499755859375,878.9500122070312,868.9000244140625,873.9500122070312,873.9500122070312,55400
2025-09-10,877.7000122070312,889.5,875.7000122070312,883.7999877929688,883.7999877929688,85300
2025-09-11,884.9000244140625,888.9000244140625,879.3499755859375,883.7999877929688,883.7999877929688,44300
2025-09-12,890.4000244140625,891.7000122070312,878.75,884.3499755859375,884.3499755859375,84400
2025-09-15,887.7999877929688,912.6500244140625,885.7999877929688,905.6500244140625,905.6500244140625,431300
2025-09-16,908.2999877929688,918.0499877929688,905.4000244140625,915.3499755859375,915.3499755859375,230700
2025-09-17,921.2000122070312,922.2999877929688,913.3499755859375,919.0999755859375,919.0999755859375,85300
2025-09-18,920.8499755859375,928.3499755859375,915.6500244140625,918.4500122070312,918.4500122070312,90300
2025-09-19,919.9500122070312,927.6500244140625,913.7999877929688,923.5,923.5,323400
2025-09-22,924.75,933.8499755859375,918.7000122070312,921.5499877929688,921.5499877929688,318300
2025-09-23,922.3499755859375,924.9000244140625,909.9500122070312,913.3499755859375,913.3499755859375,118900
2025-09-24,912.4500122070312,915.0999755859375,888.25,890.5999755859375,890.5999755859375,323200
2025-09-25,890.7999877929688,893.4500122070312,872.6500244140625,875.9000244140625,875.9000244140625,142400
2025-09-26,875.9500122070312,879.7000122070312,866.1500244140625,867.1500244140625,867.1500244140625,207000
2025-09-29,872.9000244140625,880.0999755859375,869.4500122070312,874.75,874.75,241500
2025-09-30,877.1500244140625,877.25,862.7000122070312,867.5999755859375,867.5999755859375,140900
2025-10-01,869.0,881.0999755859375,867.2999877929688,877.1500244140625,877.1500244140625,109000
2025-10-03,879.4500122070312,880.8499755859375,870.5999755859375,876.0999755859375,876.0999755859375,188000
2025-10-06,880.0,883.25,871.5999755859375,882.0999755859375,882.0999755859375,108600
2025-10-07,883.4000244140625,892.9000244140625,876.1500244140625,891.7000122070312,891.7000122070312,208500
2025-10-08,889.4500122070312,891.4000244140625,872.9500122070312,875.4000244140625,875.4000244140625,144800
2025-10-09,881.5499877929688,889.5999755859375,874.5499877929688,881.9000244140625,881.9000244140625,139700
2025-10-10,883.0499877929688,900.5,879.0499877929688,896.6500244140625,896.6500244140625,115600
2025-10-13,895.2999877929688,899.4000244140625,884.5499877929688,896.7999877929688,896.7999877929688,82700
2025-10-14,901.75,901.75,886.3499755859375,888.3499755859375,888.3499755859375,94000
2025-10-15,890.5499877929688,920.75,889.5999755859375,915.4000244140625,915.4000244140625,181000
2025-10-16,920.8499755859375,935.0,919.25,932.7999877929688,932.7999877929688,201000
2025-10-17,930.5999755859375,939.9000244140625,925.8499755859375,933.75,933.75,163400
2025-10-20,938.6500244140625,941.2999877929688,929.0999755859375,938.2000122070312,938.2000122070312,91900
2025-10-21,941.2999877929688,942.5999755859375,935.0,937.4000244140625,937.4000244140625,18200
2025-10-23,940.5999755859375,946.75,935.9000244140625,939.2000122070312,939.2000122070312,115400
2025-10-24,940.5499877929688,948.25,938.0499877929688,940.9000244140625,940.9000244140625,82600
2025-10-27,945.9500122070312,958.4000244140625,944.75,954.6500244140625,954.6500244140625,100500
2025-10-28,955.4500122070312,956.1500244140625,940.4000244140625,944.5999755859375,944.5999755859375,72300
2025-10-29,946.75,953.8499755859375,942.2000122070312,950.5,950.5,82700
2025-10-30,953.9000244140625,956.8499755859375,945.4000244140625,950.9000244140625,950.9000244140625,98300
2025-10-31,950.0,964.0,945.7000122070312,947.5499877929688,947.5499877929688,159700
2025-11-03,948.1500244140625,974.5,945.3499755859375,968.6500244140625,968.6500244140625,8400
2025-11-04,969.1500244140625,972.5999755859375,959.6500244140625,961.0999755859375,961.0999755859375,88800
2025-11-06,961.0999755859375,963.7999877929688,944.7000122070312,946.5999755859375,946.5999755859375,94800
2025-11-07,943.1500244140625,948.4000244140625,930.5999755859375,946.4000244140625,946.4000244140625,85300
2025-11-10,947.9500122070312,952.8499755859375,942.6500244140625,944.1500244140625,944.1500244140625,79500
2025-11-11,946.4500122070312,947.0999755859375,934.0499877929688,942.5999755859375,942.5999755859375,72700
2025-11-12,945.1500244140625,950.75,935.7000122070312,937.9500122070312,937.9500122070312,85700
2025-11-13,940.25,952.1500244140625,940.25,941.9000244140625,941.9000244140625,85600
2025-11-14,940.7999877929688,943.75,932.75,941.1500244140625,941.1500244140625,56000
2025-11-17,945.7999877929688,949.5,941.5999755859375,945.3499755859375,945.3499755859375,85200
2025-11-18,947.0999755859375,948.1500244140625,926.1500244140625,927.2999877929688,927.2999877929688,54700
2025-11-19,925.7999877929688,928.4000244140625,917.25,924.0499877929688,924.0499877929688,70600
2025-11-20,926.9000244140625,927.9500122070312,918.5999755859375,922.7999877929688,922.7999877929688,52000
2025-11-21,923.0999755859375,924.5999755859375,903.2999877929688,905.5999755859375,905.5999755859375,84500
2025-11-24,905.7999877929688,907.5999755859375,884.5999755859375,887.0,887.0,137500
2025-11-25,888.5,903.7999877929688,887.2000122070312,901.3499755859375,901.3499755859375,108700
2025-11-26,901.5,913.0,899.9500122070312,911.4500122070312,911.4500122070312,119600
2025-11-27,914.3499755859375,916.25,902.9000244140625,904.9000244140625,904.9000244140625,53400
2025-11-28,906.6500244140625,908.7999877929688,899.5,903.1500244140625,903.1500244140625,63600
2025-12-01,906.7999877929688,908.5999755859375,890.3499755859375,893.9000244140625,893.9000244140625,63000
2025-12-02,893.5999755859375,897.1500244140625,888.7999877929688,892.0499877929688,892.0499877929688,80900
2025-12-03,892.5999755859375,894.0999755859375,882.0499877929688,885.3499755859375,885.3499755859375,53900
2025-12-04,885.5499877929688,895.0999755859375,881.75,890.0999755859375,890.0999755859375,66100
2025-12-05,889.25,903.0499877929688,887.2999877929688,893.1500244140625,893.1500244140625,75200
2025-12-08,893.7000122070312,898.3499755859375,857.3499755859375,861.6500244140625,861.6500244140625,118600
2025-12-09,858.1500244140625,874.8499755859375,851.5999755859375,869.8499755859375,869.8499755859375,139600
2025-12-10,871.4500122070312,879.0499877929688,864.2000122070312,866.7000122070312,866.7000122070312,105700
2025-12-11,865.0999755859375,876.5499877929688,862.4500122070312,873.2000122070312,873.2000122070312,67900
2025-12-12,876.6500244140625,888.5,873.75,886.5499877929688,886.5499877929688,243400
2025-12-15,884.7000122070312,886.9500122070312,874.7999877929688,886.1500244140625,886.1500244140625,111400
2025-12-16,885.5,885.5,872.1500244140625,874.75,874.75,50100
2025-12-17,880.7000122070312,881.6500244140625,863.8499755859375,867.4000244140625,867.4000244140625,63900
2025-12-18,866.4500122070312,874.7999877929688,856.0499877929688,870.3499755859375,870.3499755859375,59100
2025-12-19,872.25,887.0,870.0,884.9000244140625,884.9000244140625,82000
2025-12-22,888.9500122070312,891.25,883.75,885.1500244140625,885.1500244140625,50500
2025-12-23,886.9000244140625,887.75,880.2000122070312,883.6500244140625,883.6500244140625,52500
2025-12-24,884.7000122070312,892.4500122070312,881.0,885.1500244140625,885.1500244140625,70400
2025-12-26,883.4500122070312,889.2999877929688,880.0499877929688,883.1500244140625,883.1500244140625,57700
2025-12-29,883.9000244140625,886.2000122070312,875.0,877.2000122070312,877.2000122070312,50100
2025-12-30,876.0499877929688,876.1500244140625,865.7000122070312,869.7999877929688,869.7999877929688,64300
2025-12-31,871.4000244140625,881.5,869.25,877.9500122070312,877.9500122070312,57300
2026-01-02,886.5499877929688,899.7999877929688,884.9000244140625,898.7999877929688,898.7999877929688,127400
2026-01-05,902.6500244140625,919.7000122070312,898.0,917.4000244140625,917.4000244140625,152500
2026-01-06,920.1500244140625,920.3499755859375,910.0499877929688,914.3499755859375,914.3499755859375,82900
2026-01-07,914.0499877929688,917.5499877929688,903.4500122070312,909.7999877929688,909.7999877929688,95500
2026-01-08,908.7999877929688,920.0,891.9000244140625,894.25,894.25,162000
2026-01-09,891.75,893.1500244140625,868.9500122070312,874.0,874.0,141300
2026-01-12,874.25,878.3499755859375,852.1500244140625,863.2999877929688,863.2999877929688,164000
2026-01-13,865.1500244140625,871.0999755859375,848.25,857.9500122070312,857.9500122070312,152100
2026-01-14,854.5999755859375,855.75,843.5999755859375,850.0499877929688,850.0499877929688,126700
2026-01-16,853.0,867.6500244140625,847.7000122070312,853.0,853.0,127400
2026-01-19,849.0999755859375,849.9500122070312,832.5999755859375,836.0,836.0,96900
2026-01-20,834.25,834.25,789.7000122070312,793.9000244140625,793.9000244140625,212100
2026-01-21,791.8499755859375,797.6500244140625,778.4000244140625,788.2999877929688,788.2999877929688,177900
2026-01-22,794.7999877929688,797.1500244140625,777.9000244140625,782.5,782.5,182700
2026-01-23,785.8499755859375,785.9500122070312,754.5499877929688,756.3499755859375,756.3499755859375,245500
2026-01-27,759.8499755859375,763.8499755859375,742.2000122070312,759.4000244140625,759.4000244140625,283800
2026-01-28,761.7000122070312,776.0999755859375,759.25,771.2999877929688,771.2999877929688,165600
2026-01-29,772.7999877929688,779.75,764.6500244140625,776.5,776.5,179100
2026-01-30,773.25,784.5,766.5999755859375,783.0,783.0,205100
2026-02-02,764.1500244140625,780.7000122070312,760.5499877929688,778.0,778.0,362100
2026-02-03,808.1500244140625,824.5,806.0499877929688,815.2999877929688,815.2999877929688,252600
2026-02-04,815.4500122070312,826.0,802.0,824.4500122070312,824.4500122070312,121200
2026-02-05,823.2000122070312,823.5,809.6500244140625,819.7000122070312,819.7000122070312,105300
2026-02-06,819.0999755859375,826.0999755859375,807.4500122070312,824.8499755859375,824.8499755859375,99900
2026-02-09,832.25,848.4500122070312,830.2000122070312,846.3499755859375,846.3499755859375,127900
2026-02-10,851.0,854.5999755859375,844.75,849.4000244140625,849.4000244140625,119900
2026-02-11,850.0499877929688,855.5,841.4000244140625,854.75,854.75,73200
2026-02-12,852.8499755859375,853.2000122070312,839.4500122070312,842.3499755859375,842.3499755859375,94500
2026-02-13,831.2999877929688,831.2999877929688,811.2000122070312,823.5999755859375,823.5999755859375,156100
2026-02-16,819.2999877929688,838.2000122070312,817.2000122070312,836.7000122070312,836.7000122070312,89800
2026-02-17,834.4500122070312,838.5,829.6500244140625,834.1500244140625,834.1500244140625,55500
2026-02-18,834.5,842.4500122070312,826.7999877929688,839.2999877929688,839.2999877929688,103100
2026-02-19,838.0999755859375,839.6500244140625,814.5999755859375,817.8499755859375,817.8499755859375,125000
2026-02-20,814.1500244140625,824.0999755859375,812.0,820.7000122070312,820.7000122070312,91400
2026-02-23,824.4500122070312,828.6500244140625,814.0,819.1500244140625,819.1500244140625,65900
2026-02-24,815.1500244140625,818.7999877929688,791.25,798.3499755859375,798.3499755859375,92400
2026-02-25,801.9500122070312,811.2999877929688,792.1500244140625,796.8499755859375,796.8499755859375,95000
2026-02-26,799.0,803.0999755859375,791.8499755859375,798.6500244140625,798.6500244140625,72100
2026-02-27,797.75,798.7999877929688,778.2000122070312,780.5999755859375,780.5999755859375,133200
2026-03-02,751.75,770.6500244140625,751.75,768.0499877929688,768.0499877929688,135700
2026-03-04,754.6500244140625,756.0999755859375,734.0,744.1500244140625,744.1500244140625,256900
2026-03-05,749.75,760.0,745.8499755859375,757.7999877929688,757.7999877929688,166700
2026-03-06,756.4000244140625,757.3499755859375,740.5999755859375,742.0,742.0,121900
2026-03-09,726.0999755859375,734.2999877929688,714.9500122070312,732.7999877929688,732.7999877929688,134800
2026-03-10,742.4500122070312,747.0,734.5499877929688,744.1500244140625,744.1500244140625,101700
2026-03-11,746.9000244140625,754.2999877929688,729.5999755859375,731.4000244140625,731.4000244140625,96300
2026-03-12,727.2000122070312,731.25,714.2000122070312,719.5,719.5,88200
2026-03-13,715.25,717.0499877929688,704.7999877929688,709.7999877929688,709.7999877929688,109400
2026-03-16,710.4000244140625,711.25,685.0,698.6500244140625,698.6500244140625,169300
2026-03-17,701.0999755859375,714.0,695.0,711.25,711.25,118200
2026-03-18,711.2999877929688,735.5999755859375,708.9000244140625,730.7999877929688,730.7999877929688,160800
2026-03-19,717.5999755859375,717.5999755859375,698.9500122070312,702.9500122070312,702.9500122070312,95100
2026-03-20,707.6500244140625,717.0999755859375,694.9000244140625,696.4000244140625,696.4000244140625,127400
2026-03-23,686.3499755859375,688.5,661.3499755859375,663.4000244140625,663.4000244140625,151400
2026-03-24,675.6500244140625,681.5,665.7000122070312,673.9500122070312,673.9500122070312,219000
2026-03-25,683.2999877929688,700.6500244140625,682.7000122070312,692.0999755859375,692.0999755859375,266000
2026-03-27,684.2000122070312,686.9500122070312,667.6500244140625,670.1500244140625,670.1500244140625,454900
2026-03-30,661.7999877929688,667.9000244140625,648.5999755859375,651.1500244140625,651.1500244140625,231700
2026-04-01,666.4500122070312,672.0,660.3499755859375,665.0,665.0,219000
2026-04-02,656.0,675.1500244140625,638.6500244140625,672.0999755859375,672.0999755859375,207000
2026-04-06,672.0499877929688,689.0999755859375,663.4000244140625,687.0999755859375,687.0999755859375,207200
2026-04-07,682.0,700.0,674.4500122070312,698.5999755859375,698.5999755859375,153000
2026-04-08,732.6500244140625,749.75,731.0499877929688,745.75,745.75,325000
2026-04-09,744.75,750.0999755859375,731.5,743.75,743.75,137500
2026-04-10,750.25,767.0999755859375,748.4500122070312,759.25,759.25,245500
2026-04-13,739.4000244140625,761.75,729.0999755859375,757.2000122070312,757.2000122070312,127000
2026-04-15,770.5,778.4000244140625,766.8499755859375,776.5499877929688,776.5499877929688,191400
2026-04-16,784.0,791.9000244140625,770.9500122070312,779.5499877929688,779.5499877929688,152300
2026-04-17,782.3499755859375,789.4500122070312,777.0999755859375,786.9000244140625,786.9000244140625,111100
2026-04-20,785.5999755859375,789.4000244140625,773.3499755859375,782.0499877929688,782.0499877929688,102200
2026-04-21,785.2000122070312,806.4500122070312,785.2000122070312,798.75,798.75,151100
2026-04-22,800.0,807.6500244140625,797.2000122070312,803.3499755859375,803.3499755859375,109000
2026-04-23,800.2999877929688,801.5999755859375,786.4500122070312,788.6500244140625,788.6500244140625,95000
2026-04-24,788.9500122070312,796.5999755859375,774.5999755859375,778.0,778.0,135800
2026-04-27,784.5999755859375,800.1500244140625,783.2999877929688,797.1500244140625,797.1500244140625,224600
2026-04-28,799.0499877929688,802.2999877929688,791.75,793.8499755859375,793.8499755859375,115300
2026-04-29,797.5499877929688,817.2999877929688,796.0,805.5999755859375,805.5999755859375,116700
2026-04-30,802.9000244140625,804.1500244140625,785.9500122070312,793.5499877929688,793.5499877929688,109000
2026-05-04,800.4500122070312,819.9500122070312,800.4500122070312,812.7000122070312,812.7000122070312,144700
2026-05-05,813.0499877929688,815.9000244140625,798.4000244140625,801.25,801.25,154100
2026-05-06,806.1500244140625,823.4000244140625,802.0499877929688,822.2999877929688,822.2999877929688,148300
2026-05-07,824.5999755859375,828.9500122070312,813.7999877929688,827.5,827.5,136500
2026-05-08,827.3499755859375,829.2999877929688,820.2000122070312,823.5999755859375,823.5999755859375,104700
2026-05-11,819.0499877929688,819.0499877929688,796.75,798.5,798.5,119600
2026-05-12,799.2000122070312,801.9000244140625,764.6500244140625,765.7000122070312,765.7000122070312,169400
2026-05-13,764.1500244140625,773.7999877929688,758.5999755859375,764.25,764.25,99700
2026-05-14,767.0,773.5499877929688,747.2999877929688,770.0999755859375,770.0999755859375,118800
2026-05-15,772.0499877929688,773.5,753.75,756.2999877929688,756.2999877929688,65700
2026-05-18,746.4000244140625,754.0499877929688,734.9000244140625,751.9500122070312,751.9500122070312,109600
2026-05-19,750.4000244140625,771.4500122070312,748.8499755859375,762.7000122070312,762.7000122070312,111900
2026-05-20,754.4500122070312,769.2000122070312,747.3499755859375,767.0499877929688,767.0499877929688,95800
2026-05-21,772.8499755859375,779.9000244140625,770.2000122070312,775.0999755859375,775.0999755859375,94500
2026-05-22,778.4500122070312,780.3499755859375,765.7999877929688,774.4000244140625,774.4000244140625,73000
2026-05-25,783.0999755859375,787.4000244140625,780.7999877929688,786.0499877929688,786.0499877929688,69400
2026-05-26,787.3499755859375,789.9500122070312,779.7000122070312,782.0,782.0,79200
2026-05-27,783.25,793.75,780.7000122070312,784.5499877929688,784.5499877929688,77900
2026-05-29,785.3499755859375,800.0999755859375,778.6500244140625,782.5499877929688,782.5499877929688,357800
2026-06-01,786.6500244140625,788.75,766.0499877929688,768.2000122070312,768.2000122070312,163900
2026-06-02,763.75,777.4500122070312,756.2999877929688,773.3499755859375,773.3499755859375,192600
2026-06-03,773.2000122070312,773.7000122070312,753.7999877929688,762.5999755859375,762.5999755859375,106400
2026-06-04,758.0499877929688,769.9000244140625,753.7000122070312,764.5999755859375,764.5999755859375,219400
2026-06-05,767.5999755859375,779.0499877929688,766.2999877929688,768.9000244140625,768.9000244140625,119000
2026-06-08,760.75,763.8499755859375,744.7000122070312,749.2000122070312,749.2000122070312,101300
2026-06-09,750.9500122070312,763.5,750.8499755859375,761.4000244140625,761.4000244140625,79600
2026-06-10,760.7000122070312,763.5499877929688,745.4000244140625,748.1500244140625,748.1500244140625,56000
2026-06-11,744.3499755859375,748.5,738.4500122070312,743.3499755859375,743.3499755859375,59800
2026-06-12,756.0,770.9500122070312,749.0499877929688,769.5999755859375,769.5999755859375,105500
2026-06-15,786.2999877929688,804.5999755859375,785.4000244140625,800.0499877929688,800.0499877929688,180300
2026-06-16,805.5,819.5,801.0,818.0999755859375,818.0999755859375,132700
2026-06-17,814.25,817.75,809.3499755859375,814.5999755859375,814.5999755859375,197800
2026-06-18,815.0,824.5999755859375,811.0499877929688,820.2000122070312,820.2000122070312,168500
2026-06-19,817.0,817.0,805.7000122070312,811.9000244140625,811.9000244140625,106100
2026-06-22,815.6500244140625,817.9500122070312,811.9500122070312,815.1500244140625,815.1500244140625,79100
2026-06-23,814.75,832.2999877929688,803.75,806.0499877929688,806.0499877929688,146800
2026-06-24,804.9500122070312,824.7999877929688,801.2999877929688,823.5499877929688,823.5499877929688,111900
2026-06-25,829.4000244140625,839.0499877929688,824.1500244140625,826.25,826.25,145200
2026-06-29,826.4500122070312,830.0,816.4500122070312,818.8499755859375,818.8499755859375,113900
2026-06-30,823.25,835.2999877929688,818.5499877929688,829.5499877929688,829.5499877929688,120600
2026-07-01,834.5999755859375,860.6500244140625,832.1500244140625,859.25,859.25,138000
2026-07-02,861.9000244140625,872.8499755859375,860.5499877929688,871.7000122070312,871.7000122070312,177100
2026-07-03,878.0499877929688,892.2999877929688,873.0999755859375,890.7999877929688,890.7999877929688,242100
2026-07-06,898.4500122070312,909.9000244140625,891.0499877929688,906.9500122070312,906.9500122070312,248900
2026-07-07,910.4500122070312,911.0999755859375,890.7000122070312,892.5999755859375,892.5999755859375,172100
2026-07-08,885.3499755859375,905.5999755859375,871.0,875.9500122070312,875.9500122070312,300200
2026-07-09,878.8499755859375,910.2000122070312,878.0,906.9500122070312,906.9500122070312,237100
2026-07-10,915.1500244140625,939.5999755859375,896.7000122070312,938.5999755859375,938.5999755859375,293400
2026-07-13,931.2000122070312,938.8499755859375,923.2999877929688,937.1500244140625,937.1500244140625,169400
2026-07-14,931.0499877929688,935.25,917.0999755859375,918.6500244140625,918.6500244140625,104700
2026-07-15,918.7000122070312,931.5499877929688,913.9000244140625,915.1500244140625,915.1500244140625,106200
2026-07-16,918.25,918.7999877929688,904.7999877929688,906.1500244140625,906.1500244140625,132600
2026-07-17,906.0499877929688,922.2000122070312,901.6500244140625,918.7000122070312,918.7000122070312,189700
2026-08-11,899.9500122070312,902.5,887.2000122070312,889.0999755859375,889.0999755859375,0
