Date,Open,High,Low,Close,Adjusted Close,Volume
01/01/1996,7.319124222,7.358397007,7.270925045,7.345901012,4.595799923,104121369
02/01/1996,7.328050137,7.363752842,7.235221863,7.288775921,4.560060501,168743308
03/01/1996,7.408380985,7.745775223,7.328050137,7.344116211,4.594682693,209323879
04/01/1996,7.274495125,7.297701836,7.178096771,7.276279926,4.552242279,216900264
05/01/1996,7.247717857,7.247717857,7.163815975,7.226295948,4.520970821,166708467
08/01/1996,7.212015152,7.217370033,6.865695,6.937100887,4.340043068,186974245
09/01/1996,6.731809139,6.854983807,6.506879807,6.737164021,4.214958668,388766555
10/01/1996,6.605062962,6.763940811,6.533657074,6.564003944,4.106623173,276606655
11/01/1996,6.497953892,6.801430225,6.489027977,6.769297123,4.235061646,409645726
12/01/1996,6.819281101,6.871050835,6.653262138,6.697891235,4.190385342,374687924
15/01/1996,6.678254128,6.712172031,6.590782166,6.628270149,4.146830082,199981539
16/01/1996,6.605062962,6.676468849,6.583641052,6.640766144,4.154647827,217247573
17/01/1996,6.605062962,6.613988876,6.321224213,6.376563072,3.989355087,299629901
18/01/1996,6.214115143,6.315867901,6.133782864,6.199832916,3.878787041,377502810
19/01/1996,6.114146233,6.190907955,6.049880981,6.090939045,3.810660601,324535340
22/01/1996,6.110576153,6.274809837,6.105219841,6.194478035,3.875437498,338613971
23/01/1996,6.215899944,6.242677212,5.605378151,5.932061195,3.711262226,354919302
24/01/1996,5.880290985,5.915994167,5.641080856,5.728552818,3.583941221,351185727
25/01/1996,5.716056824,5.741048813,5.453639984,5.487557888,3.433168173,360855771
26/01/1996,5.487557888,5.487557888,5.487557888,5.487557888,3.433168173,0
29/01/1996,5.462564945,5.971333981,5.428647995,5.91956377,3.703443766,652902286
30/01/1996,6.105219841,6.747875214,6.015963078,6.451539993,4.036262989,1061936020
31/01/1996,6.390844822,6.631840229,6.149848938,6.31051302,3.948033094,731560842
01/02/1996,6.248032093,6.605062962,6.230181217,6.564003944,4.106623173,640422958
02/02/1996,6.738948822,7.354826927,6.738948822,7.276279926,4.552242279,818725675
05/02/1996,7.676154137,8.040325165,7.445869923,7.881446838,4.930851936,1222482548
06/02/1996,8.070672989,8.211700439,7.05492115,7.220940113,4.517621517,1242315590
07/02/1996,6.821065903,7.426232815,6.749660015,7.354826927,4.601384163,895441820
08/02/1996,7.429802895,8.12779808,7.354826927,7.997481823,5.003447533,821653997
09/02/1996,8.28310585,8.640135765,8.001051903,8.461621284,5.293825626,994440377
12/02/1996,8.247403145,8.39021492,7.818965912,7.931430817,4.962123394,971599188
13/02/1996,7.854669094,8.716897964,7.786833763,8.40806675,5.260320187,1019034918
14/02/1996,8.622284889,8.745459557,8.349157333,8.413421631,5.263670921,622459505
15/02/1996,8.211700439,8.479473114,8.140294075,8.279536247,5.179908752,699136437
16/02/1996,8.140294075,8.220625877,8.070672989,8.133152962,5.088326454,495646793
19/02/1996,8.28310585,8.397356033,8.167071342,8.215270042,5.13970089,518231701
20/02/1996,8.211700439,8.245617867,7.676154137,7.781477928,4.868309498,639131752
21/02/1996,7.781477928,7.781477928,7.781477928,7.781477928,4.868309498,0
22/02/1996,7.961779118,8.247403145,7.892158031,8.192063332,5.125182629,613558303
23/02/1996,8.17599678,8.193847656,7.9689188,8.10459137,5.070457935,546094871
26/02/1996,8.193847656,8.363437653,8.070672989,8.122442245,5.081625462,544960514
27/02/1996,8.168855667,8.211700439,7.892158031,8.029614449,5.023550034,542491536
28/02/1996,8.184923172,8.275964737,8.051035881,8.068887711,5.048120022,427826248
29/02/1996,7.997481823,8.026043892,7.515491009,7.563690186,4.73205471,697898447
01/03/1996,7.622600079,7.718997955,7.445869923,7.606533051,4.758858681,723172202
04/03/1996,7.640450954,7.676154137,7.440514088,7.527987003,4.709719181,673407539
05/03/1996,7.527987003,7.527987003,7.527987003,7.527987003,4.709719181,0
06/03/1996,7.658302784,7.847528934,7.590466976,7.795759201,4.877243996,543855566
07/03/1996,7.904654026,8.042110443,7.827891827,7.86537981,4.920799255,854410306
08/03/1996,7.765411854,7.854669094,7.667229176,7.824322224,4.895113468,646827174
11/03/1996,7.711856842,7.872520924,7.681509972,7.849314213,4.910748959,631091821
12/03/1996,7.836818218,8.49732399,7.801115036,8.252758026,5.163155079,803011329
13/03/1996,8.033185005,8.149220467,7.935000896,8.111730576,5.074923992,577715422
14/03/1996,8.10459137,8.190278053,8.051035881,8.109946251,5.073809147,597611484
15/03/1996,8.067103386,8.092095375,7.783263206,7.843958855,4.907397747,622444100
18/03/1996,7.763627052,7.783263206,7.458365917,7.486927986,4.68403101,667319823
19/03/1996,7.461935997,7.597608089,6.872836113,7.026359081,4.395885944,1037292464
20/03/1996,7.026359081,7.026359081,7.026359081,7.026359081,4.395885944,0
21/03/1996,7.319124222,7.608317852,7.319124222,7.529771805,4.710834503,670459612
22/03/1996,7.388744831,7.388744831,7.087053776,7.224511147,4.519854069,674824785
25/03/1996,7.317338943,7.358397007,7.078127861,7.181666851,4.493051052,457166882
26/03/1996,7.140608788,7.28342104,6.908538818,7.135252953,4.464012623,532380354
27/03/1996,7.390530109,7.495853901,7.356612206,7.388744831,4.62260437,377229724
28/03/1996,7.408380985,7.522631168,7.383388996,7.485143185,4.68291378,359409115
29/03/1996,7.476216793,7.52441597,7.361967087,7.385173798,4.620369911,325958187
01/04/1996,7.4173069,7.479787827,7.354826927,7.454794884,4.663926125,247509698
02/04/1996,7.470861912,7.569045067,7.399456024,7.474431992,4.676212311,367425238
03/04/1996,7.642236233,7.726139069,7.519061089,7.536911964,4.715301037,297032084
04/04/1996,7.461935997,7.47264719,7.3691082,7.447655201,4.659459591,241840713
05/04/1996,7.447655201,7.447655201,7.447655201,7.447655201,4.659459591,0
08/04/1996,7.542267799,7.611888885,7.494069099,7.572615147,4.737638474,228109392
09/04/1996,7.667229176,7.754701138,7.542267799,7.581541061,4.74322319,320184170
10/04/1996,7.676154137,7.710072041,7.547623158,7.577970982,4.740989685,285103129
11/04/1996,7.506565094,7.551194191,7.456581116,7.499423981,4.691849232,216484333
12/04/1996,7.499423981,7.765411854,7.465506077,7.704717159,4.820284843,341108156
15/04/1996,7.854669094,8.059962273,7.83860302,7.902869225,4.944254398,476612002
16/04/1996,7.926075935,8.024258614,7.854669094,7.9207201,4.955423355,388937409
17/04/1996,8.140294075,8.345585823,8.063531876,8.258113861,5.166505814,410008440
18/04/1996,8.515175819,8.756171227,8.44912529,8.711543083,5.450183868,686239778
19/04/1996,8.782949448,8.943612099,8.695475578,8.766881943,5.48480463,657928468
22/04/1996,8.854354858,8.872205734,8.443770409,8.488398552,5.310576916,577856867
23/04/1996,8.409852028,8.524102211,8.30095768,8.431274414,5.274838924,570256675
24/04/1996,8.822221756,9.214956284,8.790088654,9.114987373,5.702589512,534899747
25/04/1996,9.175682068,9.372049332,8.49732399,8.650847435,5.412209988,620220200
26/04/1996,8.640135765,8.834717751,8.425917625,8.727608681,5.460234165,632532875
29/04/1996,8.640135765,8.684764862,8.488398552,8.65620327,5.415561199,421084526
30/04/1996,8.640135765,8.925761223,8.586582184,8.734749794,5.464702129,429361131
01/05/1996,9.532712936,9.63625145,9.434529305,9.498794556,5.942708015,495470338
02/05/1996,9.425602913,9.554134369,9.282791138,9.505934715,5.94717741,506967956
03/05/1996,9.423817635,9.479158401,9.247088432,9.289932251,5.812040806,493527926
06/05/1996,9.068572998,9.118556976,8.722253799,8.768667221,5.485922337,591063023
07/05/1996,8.756171227,8.94182682,8.722253799,8.875777245,5.552932739,548608662
08/05/1996,8.711543083,9.050722122,8.60443306,8.923975945,5.583086491,785659868
09/05/1996,8.756171227,8.940041542,8.657987595,8.706187248,5.446832657,609397594
10/05/1996,8.49732399,8.66334343,8.445554733,8.615143776,5.389872074,606288615
13/05/1996,8.729393959,8.850784302,8.679409981,8.797229767,5.503791809,398370778
14/05/1996,8.782949448,9.1007061,8.738320351,9.041795731,5.656798363,651015892
15/05/1996,8.898983955,9.139979362,8.713328362,9.061431885,5.669083595,917242481
16/05/1996,9.166755676,9.300642967,9.052507401,9.113202095,5.701472282,688543503
17/05/1996,8.925761223,9.032870293,8.882917404,8.932901382,5.588672161,565289312
20/05/1996,8.818652153,8.832933426,8.625855446,8.652632713,5.413328171,326115037
21/05/1996,8.600863457,8.711543083,8.550878525,8.622284889,5.394340038,456241191
22/05/1996,8.711543083,8.754385948,8.641921997,8.668699265,5.423379898,319336904
23/05/1996,8.611574173,8.647276878,8.554449081,8.5972929,5.378706455,294687746
24/05/1996,8.679409981,8.70440197,8.632995605,8.677624702,5.674133778,236779521
27/05/1996,8.60443306,8.60443306,8.40806675,8.422348022,5.507215023,385864842
28/05/1996,8.247403145,8.247403145,8.052821159,8.149220467,5.328622341,545547298
29/05/1996,8.320593834,8.729393959,8.320593834,8.613359451,5.63211298,514643772
30/05/1996,8.675840378,8.700832367,8.400925636,8.456266403,5.529393673,528103408
31/05/1996,8.577655792,8.586582184,8.429489136,8.509819984,5.564412117,445949352
03/06/1996,8.675840378,8.800800323,8.622284889,8.770453453,5.734836102,488962489
04/06/1996,8.923975945,8.977529526,8.488398552,8.6454916,5.653124332,719201952
05/06/1996,8.747245789,8.747245789,8.513390541,8.590151787,5.616939545,333800656
06/06/1996,8.709756851,8.890057564,8.675840378,8.731179237,5.709154606,331038987
07/06/1996,8.608003616,8.765096664,8.595507622,8.724039078,5.704485416,223961286
10/06/1996,8.693691254,8.729393959,8.60443306,8.6454916,5.653124332,181533533
11/06/1996,8.60443306,8.657987595,8.529457092,8.577655792,5.608767986,245694726
12/06/1996,8.711543083,8.799015045,8.643707275,8.707971573,5.69397974,200355457
13/06/1996,8.693691254,8.741889954,8.6454916,8.674054146,5.671801567,116946606
14/06/1996,8.711543083,8.782949448,8.682979584,8.765096664,5.731332779,122670207
17/06/1996,8.791873932,8.791873932,8.624070168,8.6454916,5.653124332,107843741
18/06/1996,8.60443306,8.60443306,8.322379112,8.424133301,5.50838232,191150360
19/06/1996,8.425917625,8.461621284,8.106375694,8.172427177,5.343797207,239238694
20/06/1996,8.10459137,8.220625877,8.015333176,8.184923172,5.351967335,284643785
21/06/1996,8.136724472,8.190278053,7.911794186,7.958208084,5.203723907,353062318
24/06/1996,7.893942833,7.961779118,7.768981934,7.89037323,5.159367085,307595608
25/06/1996,7.926075935,7.961779118,7.569045067,7.724352837,5.050809383,349199902
26/06/1996,7.772552013,7.772552013,7.538698196,7.57618618,4.95392561,296123198
27/06/1996,7.506565094,7.783263206,7.41373682,7.711856842,5.042638302,538798574
28/06/1996,7.783263206,7.917150021,7.552978992,7.626170158,4.986608505,759474427
01/07/1996,7.535127163,7.772552013,7.372677803,7.453010082,4.873383522,553501802
02/07/1996,7.458365917,7.529771805,7.247717857,7.295917034,4.770663738,568077589
03/07/1996,7.194162846,7.210229874,6.730023861,6.806785107,4.450828552,645479950
04/07/1996,6.685394764,6.990655899,6.576499939,6.781793118,4.434486866,806775714
05/07/1996,6.846057892,6.908538818,6.588996887,6.680038929,4.36795187,595286753
08/07/1996,6.817495823,7.390530109,6.660402775,6.731809139,4.40180254,347866683
09/07/1996,6.678254128,7.390530109,6.140923023,6.401556015,4.185857773,541834730
10/07/1996,6.176626205,6.424763203,6.144494057,6.29266119,4.11465168,479966058
11/07/1996,6.372992992,6.515804768,6.267669201,6.308728218,4.125157356,458245222
12/07/1996,6.265883923,6.281949997,6.017747879,6.073088169,3.971078157,688976239
15/07/1996,6.033813953,6.712172031,5.930274963,6.410480976,4.191692829,1448889005
16/07/1996,7.140608788,7.752915859,7.140608788,7.742205143,5.062482357,858611628
17/07/1996,7.461935997,8.17599678,7.340546131,7.879662037,5.152363777,1115459465
18/07/1996,7.995697021,8.274180412,7.995697021,8.259899139,5.400993347,848594275
19/07/1996,8.334875107,8.674054146,8.334875107,8.668699265,5.668300152,393554662
22/07/1996,8.39021492,8.843644142,8.011762619,8.540167809,5.584254742,405630663
23/07/1996,8.854354858,8.968605042,8.43841362,8.613359451,5.63211298,488003187
24/07/1996,8.392000198,8.392000198,7.752915859,7.774337769,5.083493233,447774126
25/07/1996,7.704717159,7.818965912,7.38696003,7.424448013,4.854707718,593621628
26/07/1996,7.390530109,7.547623158,7.226295948,7.428018093,4.857041836,534079089
29/07/1996,7.527987003,7.792189121,7.483357906,7.57618618,4.95392561,442365624
30/07/1996,7.465506077,7.497639179,7.197732925,7.376248837,4.823190689,411938248
31/07/1996,7.426232815,7.738635063,7.062061787,7.633310795,4.991278648,419615464
01/08/1996,7.781477928,7.854669094,7.447655201,7.494069099,4.900230885,573738171
02/08/1996,7.46907711,7.549407959,7.336975098,7.392314911,4.833696365,363985756
05/08/1996,7.376248837,7.422663212,7.249503136,7.278065205,4.758989334,229500029
06/08/1996,7.247717857,7.479787827,7.181666851,7.353042126,4.808016777,330688876
07/08/1996,7.381604195,7.551194191,7.336975098,7.51727581,4.915405273,305888471
08/08/1996,7.565474987,7.611888885,7.336975098,7.370893002,4.819688797,287014731
09/08/1996,7.383388996,7.476216793,7.319124222,7.429802895,4.858207703,237997904
12/08/1996,7.461935997,7.51727581,7.394100189,7.428018093,4.857041836,193398067
13/08/1996,7.408380985,7.531557083,7.383388996,7.470861912,4.885056973,196437024
14/08/1996,7.342330933,7.479787827,7.342330933,7.3691082,4.818522453,172025941
15/08/1996,7.3691082,7.3691082,7.3691082,7.3691082,4.818522453,0
16/08/1996,7.372677803,7.422663212,7.303057194,7.3691082,4.818522453,151178980
19/08/1996,7.336975098,7.354826927,7.001367092,7.042425156,4.604909897,224927590
20/08/1996,6.971018791,7.26556921,6.931746006,7.119186878,4.655103207,352114219
21/08/1996,7.311983109,7.476216793,7.26556921,7.476216793,4.888557434,308818193
22/08/1996,7.711856842,7.763627052,7.485143185,7.529771805,4.923576355,469709230
23/08/1996,7.533341885,7.702931881,7.497639179,7.6208148,4.98310709,350177410
26/08/1996,7.551194191,7.619029045,7.440514088,7.470861912,4.885056973,279394933
27/08/1996,7.461935997,7.506565094,7.354826927,7.410167217,4.845367908,301803385
28/08/1996,7.426232815,7.63152504,7.426232815,7.617243767,4.980772972,171898501
29/08/1996,7.638666153,7.656517982,7.529771805,7.545837879,4.934081554,174203626
30/08/1996,7.536911964,7.57618618,7.501208782,7.552978992,4.938751221,122273882
02/09/1996,7.572615147,7.6208148,7.536911964,7.594037056,4.965598106,118106171
03/09/1996,7.6208148,7.672584057,7.358397007,7.403026104,4.840699673,276108098
04/09/1996,7.363752842,7.429802895,7.322693825,7.411952019,4.84653616,135678901
05/09/1996,7.442298889,7.542267799,7.442298889,7.522631168,4.918908596,143526971
06/09/1996,7.552978992,7.563690186,7.429802895,7.460151196,4.878053188,111851802
09/09/1996,7.458365917,7.461935997,7.372677803,7.403026104,4.840699673,108053807
10/09/1996,7.395884991,7.395884991,7.292346954,7.336975098,4.797509193,144573101
11/09/1996,7.322693825,7.422663212,7.215585232,7.25842905,4.746149063,124726054
12/09/1996,7.212015152,7.254858017,7.087053776,7.204874039,4.711131573,271684106
13/09/1996,7.245933056,7.260213852,7.124542236,7.142394066,4.670277596,181943862
16/09/1996,7.106690884,7.106690884,6.833561897,6.887116909,4.503356934,209209043
17/09/1996,6.89247179,7.069201946,6.883546829,6.990655899,4.571058273,177238381
18/09/1996,6.962092876,7.408380985,6.953167915,7.331620216,4.794008255,203848156
19/09/1996,7.353042126,7.410167217,7.033498764,7.067417145,4.621251106,245822166
20/09/1996,7.05492115,7.174526215,6.997796059,7.028143883,4.595571041,159067662
23/09/1996,6.999581814,7.033498764,6.860340118,6.937100887,4.536039829,163084127
24/09/1996,6.962092876,7.065631866,6.944242001,6.990655899,4.571058273,132116180
25/09/1996,7.065631866,7.17631197,7.015647888,7.040639877,4.603742123,148154028
26/09/1996,7.004937172,7.029929161,6.872836113,6.929961205,4.53137207,131553203
27/09/1996,6.924604893,6.924604893,6.681824207,6.717527866,4.392465591,258151647
30/09/1996,6.676468849,6.851414204,6.619344234,6.821065903,4.460167408,248744886
01/10/1996,6.854983807,6.885332108,6.731809139,6.803215027,4.448493958,186225010
02/10/1996,6.803215027,6.803215027,6.803215027,6.803215027,4.448493958,0
03/10/1996,6.872836113,6.958522797,6.722883224,6.772867203,4.428650379,152664847
04/10/1996,6.810355186,6.863910198,6.649692059,6.808569908,4.451996326,180091079
07/10/1996,6.824636936,6.824636936,6.44439888,6.676468849,4.365616322,272128046
08/10/1996,6.644336224,6.783577919,6.481886864,6.705030918,4.38429451,196707309
09/10/1996,6.783577919,6.854983807,6.685394764,6.792503834,4.441491127,175357589
10/10/1996,6.772867203,6.997796059,6.7407341,6.974588871,4.560552597,194458201
11/10/1996,7.006721973,7.087053776,6.894258022,6.96566391,4.554718018,218296503
14/10/1996,6.899612904,6.926390171,6.731809139,6.760371208,4.420479774,161673883
15/10/1996,6.717527866,6.837132931,6.631840229,6.7407341,4.40763998,162204650
16/10/1996,6.856769085,6.888902187,6.70681715,6.730023861,4.40063715,139300441
17/10/1996,6.696105957,6.962092876,6.635409832,6.903182983,4.51386261,280674936
18/10/1996,6.944242001,7.069201946,6.847844124,6.954953194,4.547713757,449426646
21/10/1996,6.954953194,6.954953194,6.954953194,6.954953194,4.547713757,0
22/10/1996,7.006721973,7.336975098,7.006721973,7.203089237,4.709965229,404608341
23/10/1996,7.57618618,7.665442944,7.461935997,7.622600079,4.984274387,321409556
24/10/1996,7.674368858,7.886802197,7.447655201,7.522631168,4.918908596,664698198
25/10/1996,7.495853901,7.685080051,7.481573105,7.638666153,4.99478054,307185279
28/10/1996,7.676154137,7.711856842,7.515491009,7.552978992,4.938751221,198911602
29/10/1996,7.51727581,7.711856842,7.356612206,7.435159206,4.861711979,255387177
30/10/1996,7.435159206,7.435159206,7.435159206,7.435159206,4.861711979,0
31/10/1996,7.303057194,7.303057194,7.126327038,7.212015152,4.715800285,174959864
01/11/1996,7.263783932,7.711856842,6.978159904,7.024573803,4.593236923,176580174
04/11/1996,6.962092876,6.962092876,6.669328213,6.737164021,4.405306816,219855194
05/11/1996,6.717527866,6.806785107,6.569359779,6.610417843,4.322427273,171643620
06/11/1996,6.467606068,6.613988876,6.28909111,6.531871796,4.271068096,375113658
07/11/1996,6.619344234,6.653262138,6.533657074,6.622913837,4.330599785,197698821
08/11/1996,6.65861702,6.715742111,6.44439888,6.681824207,4.369119167,156443236
11/11/1996,6.524731159,6.638980865,6.455110073,6.549723148,4.282741547,160514318
12/11/1996,6.549723148,6.549723148,6.549723148,6.549723148,4.282741547,0
13/11/1996,6.497953892,6.703246117,6.497953892,6.665758133,4.358613968,91577621
14/11/1996,6.640766144,6.676468849,6.546153069,6.578286171,4.301417828,79014267
15/11/1996,6.556863785,6.708601952,6.535441875,6.662188053,4.356279373,89604400
18/11/1996,6.694321156,6.86212492,6.694321156,6.84427309,4.47534132,160543727
19/11/1996,6.860340118,6.888902187,6.692534924,6.75858593,4.419312954,147561641
20/11/1996,6.765727043,6.765727043,6.501523972,6.528300762,4.268733025,116320609
21/11/1996,6.517590046,6.590782166,6.349785805,6.41405201,4.19402647,209685193
22/11/1996,6.344430923,6.451539993,6.306941986,6.349785805,4.152006626,232072639
25/11/1996,6.328363895,6.794289112,6.20340395,6.653262138,4.35044241,357273443
26/11/1996,6.769297123,6.949596882,6.535441875,6.76215601,4.421647072,398213928
27/11/1996,6.533657074,6.533657074,6.328363895,6.483673096,4.239552021,222453012
28/11/1996,6.497953892,6.567574978,6.408696175,6.449755192,4.217373848,130021121
29/11/1996,6.494382858,6.54436779,6.437259197,6.472961903,4.232548714,100735104
02/12/1996,6.435472965,6.531871796,6.39620018,6.456894875,4.222042084,73168828
03/12/1996,6.426548004,6.65504694,6.415836811,6.508665085,4.25589323,200186004
04/12/1996,6.462251186,6.462251186,6.323009014,6.417622089,4.196362019,134967477
05/12/1996,6.358712196,6.601492882,6.31051302,6.528300762,4.268733025,189137926
06/12/1996,6.560433865,6.60327816,6.497953892,6.539011955,4.275736332,111482086
09/12/1996,6.497953892,6.588996887,6.492598057,6.528300762,4.268733025,81383813
10/12/1996,6.497953892,6.512235165,6.374777794,6.415836811,4.195195198,109884183
11/12/1996,6.442614079,6.865695,6.442614079,6.863910198,4.488181114,204542775
12/12/1996,6.926390171,6.974588871,6.687180042,6.713956833,4.39013052,242914851
13/12/1996,6.680038929,6.747875214,6.615774155,6.715742111,4.391298294,126536824
16/12/1996,6.75858593,6.997796059,6.75858593,6.954953194,4.547713757,198617510
17/12/1996,6.944242001,7.001367092,6.790719032,6.86212492,4.487014771,168830135
18/12/1996,6.962092876,7.095980167,6.913894176,6.963879108,4.55354929,197738033
19/12/1996,6.944242001,7.05135107,6.881762028,6.967449188,4.555884361,133691676
20/12/1996,7.05492115,7.336975098,7.05492115,7.28342104,4.762491226,359023994
23/12/1996,7.317338943,7.317338943,7.126327038,7.174526215,4.691287994,208125102
24/12/1996,7.15489006,7.212015152,7.087053776,7.160244942,4.681950569,152832900
25/12/1996,7.160244942,7.160244942,7.160244942,7.160244942,4.681950569,0
26/12/1996,7.28342104,7.52441597,7.28342104,7.488712788,4.896728516,144718746
27/12/1996,7.488712788,7.488712788,7.488712788,7.488712788,4.896728516,0
30/12/1996,7.488712788,7.488712788,7.488712788,7.488712788,4.896728516,0
31/12/1996,7.52441597,7.533341885,7.322693825,7.378034115,4.82435894,104373449
01/01/1997,7.479787827,7.872520924,7.479787827,7.833248138,5.122014523,282841417
02/01/1997,7.852883816,7.854669094,7.626170158,7.647592068,5.000615597,208595650
03/01/1997,7.588682175,7.756485939,7.588682175,7.736848831,5.058980465,196512647
06/01/1997,7.783263206,7.818965912,7.658302784,7.686864853,5.026297092,131549002
07/01/1997,7.67972517,7.799330235,7.633310795,7.740419865,5.061315536,192860298
08/01/1997,7.92429018,8.031399727,7.801115036,7.867166042,5.144193172,270772419
09/01/1997,7.810040951,7.922504902,7.760056019,7.849314213,5.132519245,201638261
10/01/1997,7.979629993,8.011762619,7.899298191,7.947496891,5.196718693,203125529
13/01/1997,7.854669094,7.961779118,7.801115036,7.935000896,5.188548565,167282648
14/01/1997,7.997481823,8.40806675,7.911794186,8.250972748,5.395154953,215142711
15/01/1997,8.39021492,8.829362869,8.338445663,8.829362869,5.773353577,367418236
16/01/1997,9.448809624,9.448809624,8.479473114,8.609788895,5.629779339,426196135
17/01/1997,8.318808556,8.818652153,8.318808556,8.699047089,5.688142776,364585144
20/01/1997,8.711543083,8.729393959,8.329520226,8.388429642,5.485035896,215271551
21/01/1997,8.336661339,8.461621284,8.143863678,8.224196434,5.3776474,227253722
22/01/1997,8.461621284,8.800800323,8.461621284,8.786519051,5.745340347,292349010
23/01/1997,8.786519051,8.786519051,8.786519051,8.786519051,5.745340347,0
24/01/1997,8.997166634,9.323849678,8.997166634,9.250658989,6.048832417,520318358
27/01/1997,9.461306572,9.81833744,9.407752037,9.579127312,6.26361084,516657606
28/01/1997,9.773708344,9.859395981,9.555919647,9.827262878,6.425863266,335030243
29/01/1997,10.28247738,10.28247738,9.579127312,9.791560173,6.402518272,503528474
30/01/1997,9.604119301,9.94329834,9.586267471,9.780849457,6.395514965,592714143
31/01/1997,9.588051796,9.746931076,9.425602913,9.561274529,6.251939297,512306436
03/02/1997,9.264940262,9.452381134,8.925761223,9.034654617,5.907591343,386045499
04/02/1997,9.01858902,9.564845085,8.982886314,9.418462753,6.158557415,487395396
05/02/1997,9.693375587,9.779064178,9.329204559,9.39168644,6.141047001,367611497
06/02/1997,9.39168644,9.650532722,9.266724586,9.543423653,6.240264893,445404581
07/02/1997,9.586267471,9.834403038,9.497010231,9.770137787,6.388509274,454092915
10/02/1997,9.773708344,9.800484657,9.564845085,9.734435081,6.36516428,322994855
11/02/1997,9.673740387,9.887957573,9.639822006,9.814766884,6.417692661,253800477
12/02/1997,9.81833744,9.934371948,9.696947098,9.777277946,6.393177986,251775440
13/02/1997,9.720153809,9.816552162,9.661244392,9.741575241,6.369833469,202465921
14/02/1997,9.711228371,9.81833744,9.702301979,9.782633781,6.396680832,144386842
17/02/1997,9.907594681,9.996851921,9.764781952,9.823692322,6.423527718,233793781
18/02/1997,9.83618927,9.83618927,9.505934715,9.57734108,6.262444496,250776926
19/02/1997,9.643391609,9.768353462,9.513075829,9.741575241,6.369833469,290382791
20/02/1997,9.711228371,9.764781952,9.591623306,9.645176888,6.306800365,209330882
21/02/1997,9.568415642,9.616615295,9.475587845,9.507720947,6.216919899,200382065
24/02/1997,9.436313629,9.443454742,9.106060982,9.150690079,5.983464241,239367535
25/02/1997,9.104275703,9.598763466,9.034654617,9.336345673,6.104861259,513271340
26/02/1997,9.279220581,9.479158401,9.225666046,9.420248032,6.159722805,257479435
27/02/1997,9.464877129,9.666599274,9.457736015,9.62911129,6.296294689,279361322
28/02/1997,10.39851093,10.67521,10.21107006,10.48776913,6.857754707,165116166
03/03/1997,10.96440506,11.19290447,10.8358736,10.89656925,7.125061035,335152081
04/03/1997,10.94298267,11.06615829,10.79838562,10.99296665,7.188094616,292860171
05/03/1997,11.35356808,11.42318916,10.64664841,10.85194016,7.095880508,627047348
06/03/1997,10.6787796,10.81802177,10.58595181,10.73590469,7.02000761,417566619
07/03/1997,10.73590469,10.73590469,10.73590469,10.73590469,7.02000761,0
10/03/1997,10.51097584,10.51097584,10.16108608,10.21821117,6.681496143,383942037
11/03/1997,10.1396637,10.24677372,9.568415642,9.673740387,6.325474739,567678463
12/03/1997,10.02898502,10.13430882,9.804056168,9.952222824,6.507570744,436392744
13/03/1997,10.04862213,10.0629034,9.761212349,9.821907043,6.422359943,278082720
14/03/1997,9.711228371,10.17536736,9.668383598,10.02005863,6.551928043,679037311
17/03/1997,10.06647301,10.21107006,9.946867943,10.1593008,6.642978191,474945478
18/03/1997,10.15751553,10.45742226,10.12538338,10.2931881,6.730520248,463348428
19/03/1997,10.49491024,10.54132366,10.03255463,10.08075428,6.591616154,355162979
20/03/1997,10.01470375,10.28069115,9.898669243,10.14859009,6.63597393,430199995
21/03/1997,10.28247738,10.38601494,10.21999645,10.30211258,6.736359119,297467621
24/03/1997,10.30211258,10.30211258,10.30211258,10.30211258,6.736359119,0
25/03/1997,10.38066006,10.42528915,10.21285629,10.30211258,6.736359119,318629681
26/03/1997,10.41636276,10.56453133,10.37351894,10.41457844,6.809896469,417441980
27/03/1997,10.37173367,10.45028114,10.30032825,10.41100788,6.807563305,223496340
28/03/1997,10.41100788,10.41100788,10.41100788,10.41100788,6.807563305,0
31/03/1997,9.682664871,9.682664871,9.370264053,9.382760048,6.135210514,3646747
01/04/1997,8.652632713,9.495223999,8.568730354,9.322065353,6.095523357,479214021
02/04/1997,9.63625145,9.705871582,9.36312294,9.479158401,6.198243141,369832596
03/04/1997,9.495223999,9.630895615,9.397041321,9.564845085,6.254272461,291468133
04/04/1997,9.42203331,9.559490204,9.35598278,9.523786545,6.227424622,195533739
07/04/1997,9.488083839,9.495223999,9.364908218,9.427389145,6.164392948,177526872
08/04/1997,9.427389145,9.427389145,9.427389145,9.427389145,6.164392948,0
09/04/1997,9.707657814,9.823692322,9.645176888,9.791560173,6.402518272,352918072
10/04/1997,9.657672882,9.702301979,9.1489048,9.500579834,6.212248802,344044880
11/04/1997,9.175682068,9.673740387,9.15961647,9.561274529,6.251939297,283048683
14/04/1997,9.561274529,9.561274529,9.561274529,9.561274529,6.251939297,0
15/04/1997,9.559490204,9.61839962,9.41132164,9.480942726,6.199409962,189804536
16/04/1997,9.480942726,9.480942726,9.480942726,9.480942726,6.199409962,0
17/04/1997,9.604119301,10.02719975,9.561274529,9.986141205,6.529750347,360463647
18/04/1997,9.986141205,9.986141205,9.986141205,9.986141205,6.529750347,0
21/04/1997,10.05040741,10.68592072,10.03612614,10.68235111,6.984989643,407274780
22/04/1997,10.92513084,11.35356808,10.60558891,10.81266689,7.070199013,726681706
23/04/1997,11.06794357,11.10364723,10.90727997,10.94655323,7.157745361,382890306
24/04/1997,10.99118233,11.02331543,10.82159328,10.87514687,7.11105442,280897606
25/04/1997,10.81623745,10.92870235,10.79302979,10.90549469,7.130898476,242518527
28/04/1997,10.88942814,10.98225594,10.8358736,10.89656925,7.125061035,173475397
29/04/1997,10.85550976,10.91442013,10.82159328,10.89478397,7.123894691,156500655
30/04/1997,11.15720081,11.23753262,11.03224087,11.05723286,7.230115414,339969597
01/05/1997,11.05723286,11.05723286,11.05723286,11.05723286,7.230115414,0
02/05/1997,10.96083355,10.99475193,10.8805027,10.90192413,7.12856245,163351611
05/05/1997,10.75375748,10.8001709,10.65021801,10.68056583,6.983820438,257829546
06/05/1997,10.7109127,10.85372543,10.67699528,10.81088161,7.069032192,198544687
07/05/1997,10.85372543,10.85372543,10.71805382,10.7394762,7.022340775,138215100
08/05/1997,10.74304581,10.79660034,10.68949127,10.77696419,7.046854973,99379477
09/05/1997,10.8001709,10.81445217,10.72876453,10.75375748,7.031681538,85274238
12/05/1997,10.74661636,10.77339268,10.42885876,10.45742226,6.837910652,273476670
13/05/1997,10.44314003,10.51454639,10.41100788,10.44849586,6.832074642,166270129
14/05/1997,10.45385075,10.60023403,10.28783226,10.56988621,6.911448956,357819615
15/05/1997,10.50562096,10.58595181,10.46991825,10.5020504,6.867093086,195812427
16/05/1997,10.47884274,10.5502491,10.46456242,10.52347183,7.15529108,116368224
19/05/1997,10.63950729,10.75018597,10.55560493,10.60915947,7.213551044,161148717
20/05/1997,10.61273003,10.66806889,10.57524204,10.60737419,7.212338448,64619137
21/05/1997,10.60380363,10.60380363,10.40922165,10.44314003,7.10066843,153425287
22/05/1997,10.46456242,10.47884274,10.2646246,10.34852695,7.036335468,246214290
23/05/1997,10.31818008,10.51276112,10.23249245,10.36280823,7.046048164,333323105
26/05/1997,10.32710457,10.39672565,10.2646246,10.28783226,6.995069027,142541061
27/05/1997,10.3288908,10.43957043,10.0753994,10.16287136,6.910102367,338209243
28/05/1997,10.21107006,10.27712059,10.0629034,10.08789539,6.859124184,145064655
29/05/1997,10.06468773,10.57524204,10.02898502,10.50562096,7.143150806,507298460
30/05/1997,10.56988621,10.79660034,10.50562096,10.74840069,7.308226585,479755992
02/06/1997,10.8358736,10.92334557,10.73054981,10.87336159,7.393191338,327784362
03/06/1997,10.88942814,11.10007572,10.74661636,10.83051777,7.364058971,361266100
04/06/1997,10.92513084,10.97333145,10.80195618,10.8448,7.373771191,174758201
05/06/1997,10.93941307,11.2553854,10.90013885,11.09472084,7.543701172,594454891
06/06/1997,11.13934994,11.18397808,10.97868633,11.00189304,7.480585098,271443230
09/06/1997,10.92513084,11.1339941,10.87157726,11.02867031,7.498791218,324115207
10/06/1997,11.13934994,11.24645901,11.06080341,11.19647503,7.612887859,306291798
11/06/1997,11.33571625,11.44282627,11.28394699,11.32857609,7.702706814,283600456
12/06/1997,11.33214569,11.60170364,11.31786537,11.56778622,7.865356445,410819296
13/06/1997,11.63919163,11.72844982,11.44282627,11.52851295,7.83865118,309634650
16/06/1997,11.45710659,11.49637985,11.18397808,11.258955,7.655369282,269447602
17/06/1997,11.38927078,11.53208256,11.35892296,11.41961861,7.764610291,271997805
18/06/1997,11.63919163,11.7623682,11.50887585,11.55885983,7.859285831,239045434
19/06/1997,11.46067715,12.281847,11.40890789,12.20687103,8.299893379,579468774
20/06/1997,12.35503769,13.04946327,12.33540154,12.84238529,8.732001305,712670296
23/06/1997,12.97805691,13.27082062,12.96913147,13.03339577,8.861876488,374255188
24/06/1997,13.03161144,13.28153229,12.96734619,13.16906834,8.954125404,306394030
25/06/1997,13.53145409,13.70639896,13.06731415,13.15835667,8.946843147,703592639
26/06/1997,13.14764595,13.92418671,12.57104206,13.55644608,9.217516899,1176069141
27/06/1997,13.45290661,13.51360226,13.15657234,13.19762993,8.973545074,399355288
30/06/1997,13.03161144,13.20655632,12.90843582,13.15121555,8.941987038,403447375
01/07/1997,13.28153229,13.34579754,12.92450237,13.05660343,8.877655983,442137352
02/07/1997,13.22619343,13.45647717,13.13871956,13.21548176,8.985683441,352633783
03/07/1997,13.14764595,13.26368141,12.99947834,13.04053688,8.866733551,225940109
04/07/1997,13.07623959,13.11194324,12.73527622,12.81560802,8.713791847,309913338
07/07/1997,12.78168964,13.04053688,12.75848293,12.865592,8.747778893,275138993
08/07/1997,12.83702946,12.91557598,12.63887787,12.71028423,8.642183304,308917624
09/07/1997,12.99590778,13.09587669,12.96020508,13.04767704,8.871585846,215082492
10/07/1997,13.13871956,13.28153229,13.01375961,13.10480213,8.910429001,345238055
11/07/1997,12.93878269,12.96020508,12.75669765,12.80846691,8.708940506,242305660
14/07/1997,12.71385384,12.78168964,12.281847,12.35682392,8.401853561,317003769
15/07/1997,12.451437,12.54605007,12.33540154,12.41216278,8.439478874,270226247
16/07/1997,12.60317516,12.70671272,12.46393299,12.52462769,8.515946388,295184902
17/07/1997,12.53176785,12.58532333,12.40859318,12.49606514,8.496526718,195743805
18/07/1997,12.49606514,12.49606514,12.49606514,12.49606514,8.496526718,0
21/07/1997,12.31754971,12.34968281,12.21936703,12.32290554,8.378787041,112578631
22/07/1997,12.38895607,12.40323734,12.2372179,12.29255772,8.358154297,163882378
23/07/1997,12.42465878,12.90664959,12.41573429,12.85845089,8.742927551,406262261
24/07/1997,12.96020508,13.02804089,12.60317516,12.67458057,8.617904663,328082656
25/07/1997,12.60317516,12.65315914,12.35503769,12.52641296,8.517162323,302769689
28/07/1997,12.56747055,12.63887787,12.46036243,12.55497456,8.536582947,154803320
29/07/1997,12.53176785,12.67458057,12.49785137,12.65315914,8.603338242,241113885
30/07/1997,12.7406311,12.80846691,12.58710766,12.61745644,8.579065323,136464549
31/07/1997,12.64780331,12.88522911,12.59246445,12.85309601,8.739286423,245046322
01/08/1997,12.88701439,13.02089977,12.83524418,12.98698235,8.830317497,302729077
04/08/1997,13.03161144,13.0833807,12.91736126,12.9548502,8.80847168,208057881
05/08/1997,12.99590778,13.31723499,12.93342781,13.24582863,9.006319046,265491357
06/08/1997,13.3529377,13.38864231,13.21369743,13.32616138,9.060940742,42514580
07/08/1997,12.92985725,13.49575138,12.92985725,13.304739,9.04637146,486993470
08/08/1997,13.21369743,13.36007881,13.21012592,13.304739,9.04637146,191725941
11/08/1997,13.28153229,13.54395008,13.21905231,13.50289059,9.181100845,281715463
12/08/1997,13.54395008,13.76352406,13.38864231,13.51538658,9.189599991,352814440
13/08/1997,13.3493681,13.44576645,13.28153229,13.37078953,9.091284752,170164755
14/08/1997,13.33508682,13.41898918,13.28331757,13.31009483,9.050017357,148990091
15/08/1997,13.31009483,13.31009483,13.31009483,13.31009483,9.050017357,0
18/08/1997,13.27974701,13.27974701,13.00126362,13.04053688,8.866733551,129472148
19/08/1997,13.06552887,13.12979412,12.85309601,12.92807198,8.790262222,173535616
20/08/1997,12.94235325,13.0833807,12.865592,13.06017399,8.880084038,158563504
21/08/1997,13.10123158,13.13871956,12.79240131,12.82274818,8.718650818,133286949
22/08/1997,12.79954147,12.85309601,12.4068079,12.43358517,8.454043388,271782137
25/08/1997,12.34254169,12.34254169,11.99622345,12.13724995,8.252552032,288371758
26/08/1997,12.17473793,12.36753368,12.11582756,12.19437504,8.291398048,277091208
27/08/1997,12.56390095,12.84952641,12.37110519,12.40145206,8.43219471,178109455
28/08/1997,12.3300457,12.38895607,12.06941414,12.1086874,8.233135223,216221050
29/08/1997,12.07119942,12.09976196,11.70702839,11.79271507,8.018293381,294670941
01/09/1997,11.80878162,12.13546467,11.78200436,12.06941414,8.206431389,276420397
02/09/1997,12.13903522,12.23543262,11.8712616,12.09262085,8.222208977,305511752
03/09/1997,12.29969883,12.36931992,12.08547974,12.14796066,8.259837151,269645064
04/09/1997,12.10690212,12.33540154,12.03192616,12.29255772,8.358154297,267762872
05/09/1997,12.33540154,12.40145206,12.21401119,12.33183098,8.384856224,236878952
08/09/1997,12.21044064,12.33540154,12.13903522,12.30862427,8.369077682,132862615
09/09/1997,12.3461132,12.40323734,12.25328541,12.32112026,8.377574921,155177238
10/09/1997,12.21579742,12.281847,12.14081955,12.21758175,8.307174683,139542717
11/09/1997,12.26399612,12.54426479,12.23900318,12.4068079,8.435835838,299061322
12/09/1997,12.33183098,12.38181591,12.27470684,12.33183098,8.384856224,140132303
15/09/1997,12.30505371,12.38003063,12.2657814,12.30505371,8.366652489,84919926
16/09/1997,12.32290554,12.64601803,12.32290554,12.54605007,8.530510902,236806129
17/09/1997,12.57282734,12.63887787,12.54961967,12.57282734,8.548718452,19456323
18/09/1997,12.42465878,12.46036243,12.29969883,12.39074135,8.424912453,160477906
19/09/1997,12.42287445,12.54961967,12.37110519,12.39074135,8.424912453,146973456
22/09/1997,12.36396408,12.36396408,11.99979305,12.03906631,8.185799599,170684319
23/09/1997,11.99979305,12.1211834,11.96051979,12.03014088,8.179727554,136332907
24/09/1997,12.24614429,12.34968281,12.12296867,12.14617634,8.258624077,109529872
25/09/1997,12.10333157,12.4425106,12.06762886,12.39966679,8.430979729,282614546
26/09/1997,12.46036243,12.66744041,12.46036243,12.55854607,8.539010048,254887219
29/09/1997,12.71028423,12.92807198,12.67636585,12.79240131,8.698019028,241050865
30/09/1997,12.77633381,12.9584198,12.73706055,12.90486526,8.774484634,198828976
01/10/1997,12.88879871,12.97805691,12.67101002,12.88522911,8.76113224,241237123
02/10/1997,12.88522911,12.88522911,12.88522911,12.88522911,8.76113224,0
03/10/1997,12.88522911,12.88522911,12.88522911,12.88522911,8.76113224,0
06/10/1997,12.88522911,12.88522911,12.88522911,12.88522911,8.76113224,0
07/10/1997,12.88522911,12.88522911,12.88522911,12.88522911,8.76113224,0
08/10/1997,12.88522911,12.88522911,12.88522911,12.88522911,8.76113224,0
09/10/1997,13.00483418,13.77780533,12.96913147,13.68676186,9.306124687,571827969
10/10/1997,13.80636692,15.05597401,13.80636692,15.04883289,10.23224545,842876276
13/10/1997,15.34873867,15.73790169,15.18807507,15.35945034,10.44344425,821158240
14/10/1997,15.28090286,15.46477413,13.95989037,14.26336575,9.69817543,829693927
15/10/1997,14.34191322,14.55613136,14.11162758,14.3597641,9.76372242,407386815
16/10/1997,14.45794773,14.75606823,14.2669363,14.4365263,9.815915108,453279259
17/10/1997,14.49543571,14.76856422,14.41688919,14.50436211,9.862041473,419364785
20/10/1997,14.46151829,14.68287659,14.28121758,14.64895916,9.960355759,262550431
21/10/1997,14.67395115,14.9881382,14.45973301,14.58647919,9.91787529,492254926
22/10/1997,14.78106022,14.95243454,14.66502476,14.72214985,10.01012325,327551889
23/10/1997,14.74535656,14.83461475,14.32227612,14.47579861,9.842617989,392390896
24/10/1997,14.45973301,14.45973301,13.93489838,14.13661957,9.611998558,450881704
27/10/1997,27.19857979,28.08044434,26.89510345,27.0200634,18.37192345,174379381
28/10/1997,26.92723656,26.92723656,24.32091331,24.36018753,16.56337357,207521512
29/10/1997,24.9100132,26.78442383,24.9100132,26.71658707,18.16557312,238464951
30/10/1997,26.56663513,26.56663513,25.53481865,25.8847065,17.5999527,85330255
31/10/1997,25.8847065,25.8847065,25.8847065,25.8847065,17.5999527,0
03/11/1997,25.92398071,26.54878426,25.20992088,25.90612984,17.6145134,138400658
04/11/1997,25.84900475,26.34884644,25.04568672,25.28846741,17.19454765,144830081
05/11/1997,13.13871956,13.37078953,12.97091579,13.04232216,8.867944717,95911986
06/11/1997,12.99590778,12.99590778,12.65672874,12.88879871,8.763561249,100382893
07/11/1997,12.71385384,12.8459549,12.64601803,12.74955654,8.668885231,51043964
10/11/1997,12.68172073,12.68172073,12.438941,12.46393299,8.474678993,61176854
11/11/1997,12.43179989,12.66386986,12.39252663,12.52819824,8.518372536,61484950
12/11/1997,12.49249458,12.59603405,12.03549576,12.08547974,8.217352867,152259420
13/11/1997,12.01050377,12.03192616,11.54993534,11.71059799,7.962455273,154029577
14/11/1997,11.71059799,11.71059799,11.71059799,11.71059799,7.962455273,0
17/11/1997,11.8069973,12.01407433,11.66775513,11.93909836,8.117826462,118330241
18/11/1997,11.88911438,11.92481709,11.60706043,11.66775513,7.933328152,95344107
19/11/1997,11.62491131,11.62491131,11.1821928,11.23217773,7.637162209,161332175
20/11/1997,11.14291954,11.33571625,10.80374146,11.09293556,7.542488098,132565722
21/11/1997,11.00367832,11.2750206,10.92513084,11.09650612,7.544914722,100555147
24/11/1997,10.99653721,11.19290447,10.54310894,10.58952332,7.200198174,134209139
25/11/1997,10.53239822,11.45353603,10.50383472,11.24645901,7.646872997,221540624
26/11/1997,11.35356808,11.92481709,11.35356808,11.68917656,7.947892189,193414172
27/11/1997,11.63919163,11.96051979,11.36070919,11.92124557,8.105685234,180871125
28/11/1997,11.86055088,11.86055088,11.18933392,11.32857609,7.702706814,186496695
01/12/1997,11.21789646,11.56421566,11.0857954,11.47495842,7.802238941,104103164
02/12/1997,11.44639587,11.56778622,11.2143259,11.28573227,7.673577309,108302385
03/12/1997,11.34642696,11.51423168,11.22503662,11.32857609,7.702706814,105664655
04/12/1997,11.26430988,12.24614429,10.96083355,11.48566914,7.809522629,367892986
05/12/1997,11.4321146,12.17116833,11.4321146,11.66061401,7.928473949,260028938
08/12/1997,11.71773911,12.06405926,11.71059799,11.96409035,8.134814262,137464463
09/12/1997,11.99622345,12.10690212,10.86086559,11.13577938,7.571619987,246915210
10/12/1997,11.00367832,11.20361519,10.82159328,11.01081944,7.486656189,112307646
11/12/1997,11.00010777,11.2428894,10.68592072,11.1464901,7.578903198,153768395
12/12/1997,11.20361519,11.20361519,10.69663239,10.74304581,7.304585934,189119721
15/12/1997,10.72162437,11.09650612,10.54310894,11.04295063,7.50850296,177750242
16/12/1997,11.06794357,11.25716972,10.87514687,11.15720081,7.586185455,140796812
17/12/1997,11.28216171,11.41783333,11.07865524,11.22146702,7.629881859,74140734
18/12/1997,11.26074028,11.63205242,11.1464901,11.22503662,7.632308006,135859558
19/12/1997,11.16434193,11.51780224,11.10364723,11.47852898,7.804666042,127392493
22/12/1997,11.56421566,11.73559093,11.50352097,11.62134075,7.901769638,90738757
23/12/1997,11.66775513,11.8069973,11.63205242,11.74987221,7.989162922,84393360
24/12/1997,11.65704441,11.65704441,11.40712261,11.61063004,7.89448595,72745895
25/12/1997,11.61063004,11.61063004,11.61063004,11.61063004,7.89448595,0
26/12/1997,11.63919163,11.94266796,11.60348892,11.88911438,8.083839417,96386735
29/12/1997,11.88911438,12.1568861,11.88911438,12.09976196,8.227065086,81759832
30/12/1997,12.17473793,12.17473793,11.72844982,11.82127762,8.037714005,71475695
31/12/1997,11.78200436,12.09976196,11.78200436,11.97480106,8.142096519,61601187
01/01/1998,11.91410637,12.22829342,11.84984016,12.08547974,8.217352867,85954852
02/01/1998,12.13903522,12.22115231,12.04977703,12.08905125,8.219783783,45964566
05/01/1998,12.14974594,12.46036243,12.14974594,12.3139801,8.372722626,91759679
06/01/1998,12.23186302,12.31754971,12.05334759,12.21401119,8.304746628,68660809
07/01/1998,12.33897209,12.37110519,12.08191013,12.33540154,8.387286186,100660880
08/01/1998,12.29612827,12.33183098,11.94266796,12.01764488,8.171229362,112816006
09/01/1998,11.9355278,11.9355278,11.64276314,11.71059799,7.962455273,104302726
12/01/1998,11.64633274,11.64633274,11.07508373,11.16791153,7.593464375,117221792
13/01/1998,11.15720081,11.48923969,11.15720081,11.2750206,7.666293144,85152399
14/01/1998,11.60348892,11.60348892,10.96083355,11.05723286,7.518209934,100106306
15/01/1998,10.98225594,11.21789646,10.92513084,11.16791153,7.593464375,69335821
16/01/1998,11.23217773,11.28216171,11.10721684,11.22503662,7.632308006,48451749
19/01/1998,11.17505264,11.56064606,11.07151413,11.49995041,7.819231987,85051568
20/01/1998,11.55350494,11.72130871,11.2143259,11.31072426,7.690569401,75693822
21/01/1998,11.35356808,11.42497444,11.28930187,11.3392868,7.709990978,42754756
22/01/1998,11.31072426,11.31072426,11.08936501,11.13577938,7.571619987,48247284
23/01/1998,11.10364723,11.17505264,10.98225594,11.02509975,7.496361732,49873896
26/01/1998,11.02509975,11.02509975,11.02509975,11.02509975,7.496361732,0
27/01/1998,11.06080341,11.06080341,10.72519398,10.81802177,7.355562687,70613724
28/01/1998,10.71805382,10.85372543,10.47170258,10.5823822,7.195344448,87204745
29/01/1998,10.53239822,10.7394762,10.50026512,10.68949127,7.26817131,46620672
30/01/1998,10.73233509,11.03581142,10.69306183,11.01081944,7.486656189,83270907
02/02/1998,11.06794357,11.22503662,11.00367832,11.19290447,7.610462189,67724614
03/02/1998,11.22860718,11.42854404,11.11435795,11.36427879,7.726985931,86415597
04/02/1998,11.38927078,11.41426277,10.95012379,11.01795864,7.491508007,76480870
05/02/1998,10.99653721,11.23931789,10.99653721,11.15006065,7.581329823,58627351
06/02/1998,11.16791153,11.24645901,11.08936501,11.16791153,7.593464375,44069769
09/02/1998,11.20004463,11.36784935,11.14291954,11.28573227,7.673577309,54085722
10/02/1998,11.25002861,11.30001259,11.16791153,11.23574829,7.639590263,42983728
11/02/1998,11.16791153,11.2107563,10.77874947,10.88942814,7.404116631,58101486
12/02/1998,10.85372543,10.90727997,10.59309292,10.65735912,7.246323109,91721867
13/02/1998,10.7073431,10.8358736,10.64664841,10.77160835,7.324006557,44642550
16/02/1998,10.77160835,10.77160835,10.77160835,10.77160835,7.324006557,0
17/02/1998,10.84301376,10.99296665,10.73233509,10.80374146,7.345853329,69964619
18/02/1998,10.78946018,10.8358736,10.66806889,10.71805382,7.287591934,33233859
19/02/1998,10.76089668,11.09650612,10.71448326,10.91084957,7.418680668,87117918
20/02/1998,10.95369434,11.02509975,10.71448326,10.73590469,7.299730301,68251180
23/02/1998,10.78946018,10.94298267,10.75018597,10.90371037,7.413826942,49233895
24/02/1998,10.95012379,10.97868633,10.83230305,10.90371037,7.413826942,66949470
25/02/1998,11.03224087,11.28216171,10.94655323,11.22146702,7.629881859,83678435
26/02/1998,11.23574829,11.32500553,11.12506771,11.23217773,7.637162209,65605047
27/02/1998,11.25716972,11.51423168,11.24645901,11.43925476,7.777964115,95131240
02/03/1998,11.48209858,12.01407433,11.48209858,11.93195724,8.112968445,123609903
03/03/1998,11.88911438,11.99622345,11.32500553,11.45710659,7.790100098,99408886
04/03/1998,11.57492733,11.99622345,11.56778622,11.86769199,8.069273949,86848333
05/03/1998,11.81770802,12.27470684,11.71059799,11.90696526,8.095975876,118509498
06/03/1998,11.86055088,11.95337868,11.71059799,11.83555889,8.047428131,82727536
09/03/1998,11.9033947,13.00661945,11.9033947,12.9102211,8.778125763,264698007
10/03/1998,12.92450237,13.09587669,12.49606514,12.59960365,8.566926956,178525386
11/03/1998,12.72099495,12.83881474,12.11404324,12.281847,8.350872993,198546087
12/03/1998,12.281847,12.3139801,12.06405926,12.16045666,8.268331528,152676751
13/03/1998,12.16045666,12.16045666,12.16045666,12.16045666,8.268331528,0
16/03/1998,12.20330048,12.89951038,12.20330048,12.59246445,8.562070847,168154422
17/03/1998,12.54961967,12.60317516,12.33183098,12.48178387,8.486816406,117781969
18/03/1998,12.74598694,12.8816576,12.68172073,12.76383781,8.678592682,91482392
19/03/1998,12.80668163,12.86380672,12.52105808,12.58175278,8.554788589,89757749
20/03/1998,12.52105808,12.72813511,12.4068079,12.66386986,8.610620499,106067282
23/03/1998,12.74598694,12.92450237,12.74598694,12.86737728,8.748991966,24629551
24/03/1998,13.13871956,13.20298576,12.67458057,12.76026821,8.676168442,123780056
25/03/1998,12.96020508,13.18156433,12.78168964,13.12800884,8.926206589,125146887
26/03/1998,13.12800884,13.15657234,12.76383781,12.81382275,8.712580681,96842579
27/03/1998,12.7888298,12.90664959,12.72813511,12.8816576,8.758702278,85253931
30/03/1998,12.94949436,13.04589176,12.60674477,12.6602993,8.608195305,80663987
31/03/1998,12.59246445,12.70671272,12.42465878,12.49606514,8.496526718,112466596
01/04/1998,12.67458057,13.10301685,12.63887787,13.05660343,8.877655983,120689984
02/04/1998,13.10301685,13.28153229,12.94949436,12.98519707,8.82910347,82061627
03/04/1998,12.96020508,13.24582863,12.96020508,13.20655632,8.979616165,99024465
06/04/1998,13.26368141,13.33151722,13.13871956,13.19941521,8.974758148,78792998
07/04/1998,13.17442322,13.38864231,13.07445526,13.23511791,8.999034882,120966571
08/04/1998,13.23511791,13.23511791,13.23511791,13.23511791,8.999034882,0
09/04/1998,13.48861027,14.47044373,13.48861027,14.24194431,9.683610916,152860209
10/04/1998,14.20981216,14.27407742,13.87063313,13.9206171,9.46513176,99406085
13/04/1998,13.71710968,13.72424984,13.45647717,13.5100317,9.185961723,123310209
14/04/1998,13.5100317,13.5100317,13.5100317,13.5100317,9.185961723,0
15/04/1998,13.95989037,14.27407742,13.8527813,14.19196033,9.649625778,90094555
16/04/1998,14.18838978,14.20981216,13.86349201,13.9206171,9.46513176,61606789
17/04/1998,13.91704655,14.24194431,13.82421875,14.20267105,9.656910896,94924675
20/04/1998,14.25979614,14.43831062,14.03129578,14.12412357,9.603503227,101989899
21/04/1998,14.17410946,14.33477211,14.10270214,14.22766304,9.673904419,77515096
22/04/1998,14.4240303,14.76320934,14.06699944,14.14197636,9.615639687,162416817
23/04/1998,14.05985928,14.12412357,13.54573536,13.63142204,9.268496513,130202478
24/04/1998,13.65641403,13.76709366,13.35650921,13.68140697,9.302483559,142516553
27/04/1998,13.69925785,13.81707764,13.38864231,13.43505573,9.134981155,172497889
28/04/1998,13.42434502,13.45647717,13.14586067,13.21012592,8.982042313,149273680
29/04/1998,13.91704655,14.13840485,13.5421648,13.59928989,9.246648788,118086565
30/04/1998,13.53502369,13.77066422,13.46718788,13.70639896,9.319477081,100386394
01/05/1998,13.70639896,13.70639896,13.70639896,13.70639896,9.319477081,0
04/05/1998,13.74567223,13.95989037,13.71710968,13.90633583,9.455420494,76239994
05/05/1998,13.888484,13.9491787,13.83135891,13.90990639,9.457847595,38495315
06/05/1998,13.91704655,13.92418671,13.58857918,13.63142204,9.566563606,68254681
07/05/1998,13.63142204,13.63142204,13.63142204,13.63142204,9.566563606,0
08/05/1998,13.57786846,13.65284443,13.50289059,13.56715679,9.521461487,52942962
11/05/1998,13.53502369,13.65641403,13.5064621,13.62071133,9.559046745,25085395
12/05/1998,13.59571934,13.59571934,13.02089977,13.23511791,9.288435936,98744377
13/05/1998,13.21012592,13.21012592,12.30326939,12.48178387,8.759744644,127637571
14/05/1998,12.31754971,12.85309601,12.14617634,12.76026821,8.95518589,173089576
15/05/1998,12.88522911,13.06017399,12.59603405,12.65315914,8.880013466,116201571
18/05/1998,12.74241638,12.95663548,12.74241638,12.79240131,8.97773838,57525204
19/05/1998,12.7888298,12.96020508,12.74598694,12.91736126,9.065434456,62047227
20/05/1998,12.93878269,13.12443924,12.86023617,13.08159542,9.180692673,84168590
21/05/1998,13.13871956,13.24225903,12.83167362,12.92450237,9.070445061,119844818
22/05/1998,12.96020508,13.03161144,12.85309601,12.98519707,9.113039017,62333618
25/05/1998,12.8173933,13.16371155,12.7888298,13.03518105,9.148118019,80383198
26/05/1998,12.99590778,13.0387516,12.9102211,12.98519707,9.113039017,48970612
27/05/1998,12.92450237,12.92450237,12.32826138,12.39609718,8.699608803,126653761
28/05/1998,12.32469082,12.43179989,11.83198929,11.87483215,8.333782196,165941026
29/05/1998,11.8427,12.21044064,11.31786537,11.91410637,8.361346245,217219564
01/06/1998,12.06762886,12.71028423,11.6820364,11.79985619,8.281164169,244277480
02/06/1998,11.85341072,11.85341072,10.98225594,11.10721684,7.795071602,307202785
03/06/1998,11.42497444,11.91767597,11.32143497,11.83912945,8.308728218,146787197
04/06/1998,11.92481709,11.96051979,11.61063004,11.66775513,8.188454628,83354233
05/06/1998,11.57849693,11.63205242,11.16791153,11.28216171,7.917845726,112378368
08/06/1998,11.38927078,11.46067715,10.74661636,11.11078739,7.797574043,112073072
09/06/1998,11.17505264,11.30001259,10.94655323,11.0536623,7.757484436,101251866
10/06/1998,11.10364723,11.13934994,10.63950729,10.68592072,7.499403477,95872073
11/06/1998,10.57524204,10.8929987,10.42528915,10.83230305,7.602134228,98932036
12/06/1998,10.88585758,11.05009174,10.68949127,10.8358736,7.604639053,73049090
15/06/1998,10.80374146,10.80374146,10.35388279,10.40386677,7.301456928,60800835
16/06/1998,10.35388279,10.40029716,9.875461578,10.35388279,7.26637888,106880238
17/06/1998,10.58595181,11.18933392,10.58595181,10.96797466,7.69734621,81553967
18/06/1998,11.10364723,11.31786537,10.56810093,10.63236618,7.461818695,81733923
19/06/1998,10.50740623,10.50740623,10.06825829,10.14323521,7.118545532,70692848
22/06/1998,10.00399303,10.15751553,9.318493843,9.936157227,6.973218441,71736877
23/06/1998,9.889742851,10.08967972,9.639822006,9.94329834,6.978229523,89682825
24/06/1998,10.1396637,10.33246136,10.03612614,10.28961658,7.22127533,56495880
25/06/1998,10.31818008,10.65378761,10.31818008,10.51811695,7.381639481,69064836
26/06/1998,10.49669456,10.56810093,10.15394592,10.25748444,7.198727131,63260709
29/06/1998,10.24677372,10.47527313,10.1396637,10.44314003,7.329019547,39429409
30/06/1998,10.48955441,10.48955441,10.21107006,10.25034428,7.193714619,79295756
01/07/1998,10.06825829,10.27533627,9.979001045,10.15751553,7.128566265,56259906
02/07/1998,10.13252354,10.38601494,10.01470375,10.1682272,7.13608551,67963389
03/07/1998,10.1717968,10.20750046,9.893313408,9.968290329,6.995769024,48541377
06/07/1998,10.06468773,10.27890587,10.00756264,10.25034428,7.193714619,42251997
07/07/1998,10.27176571,10.40386677,10.19678879,10.24320316,7.188705444,67696605
08/07/1998,10.42528915,10.54667854,10.36102295,10.41814804,7.311478615,48881684
09/07/1998,10.46099186,10.60380363,10.36816406,10.42171764,7.313985348,63350338
10/07/1998,10.48955441,10.7394762,10.48241425,10.69663239,7.506919384,87972187
13/07/1998,10.71805382,11.02509975,10.44314003,10.54667854,7.401683807,83065042
14/07/1998,10.49669456,10.62165642,10.40743732,10.54667854,7.401683807,50045450
15/07/1998,10.78231907,10.88228798,10.50740623,10.56095982,7.411705017,60575364
16/07/1998,10.62522602,10.81445217,10.5502491,10.77517891,7.562047482,48055424
17/07/1998,10.78231907,10.85015488,10.57524204,10.66449928,7.484368801,57168792
20/07/1998,10.81088161,10.81088161,10.37173367,10.41814804,7.311478615,44508107
21/07/1998,10.43957043,10.52168655,10.03255463,10.07182884,7.068431377,79669674
22/07/1998,10.17536736,10.27176571,10.00399303,10.05754662,7.058409691,67297480
23/07/1998,10.08967972,10.10039139,9.650532722,9.689805984,6.800326347,76766560
24/07/1998,9.671955109,9.81833744,9.514861107,9.564845085,6.712630272,70514993
27/07/1998,9.639822006,9.711228371,9.289932251,9.336345673,6.552268028,55063930
28/07/1998,9.347057343,9.639822006,9.322065353,9.593407631,6.732675076,73167427
29/07/1998,9.639822006,9.986141205,9.51843071,9.889742851,6.940644741,78314047
30/07/1998,9.918306351,10.03255463,9.675524712,9.750500679,6.842923164,47829253
31/07/1998,9.779064178,9.889742851,9.675524712,9.707657814,6.812854767,32756309
03/08/1998,9.643391609,9.643391609,9.41489315,9.457736015,6.637461185,31122695
04/08/1998,9.439885139,9.604119301,9.439885139,9.514861107,6.677550316,44467495
05/08/1998,9.425602913,9.52914238,9.289932251,9.450595856,6.632450104,60496940
06/08/1998,9.532712936,9.550563812,9.268509865,9.30421257,6.529716492,69610308
07/08/1998,9.354196548,9.372049332,9.257799149,9.297073364,6.524707794,63951127
10/08/1998,9.264940262,9.264940262,9.029299736,9.043581009,6.34680748,57364854
11/08/1998,9.036439896,9.036439896,8.825792313,8.872205734,6.226534367,86423299
12/08/1998,8.711543083,8.840073586,8.575871468,8.711543083,6.113781929,69926107
13/08/1998,8.711543083,8.890057564,8.629426003,8.782949448,6.163894653,57538508
14/08/1998,8.782949448,8.825792313,8.572300911,8.600863457,6.036105156,75680518
17/08/1998,8.70440197,8.782949448,8.525886536,8.561590195,6.008541584,57642841
18/08/1998,8.550878525,8.554449081,8.147434235,8.172427177,5.73542738,105618441
19/08/1998,8.204559326,8.354512215,7.536911964,7.818965912,5.487368584,210072415
20/08/1998,7.911794186,8.447340012,7.818965912,8.443770409,5.925856113,156903281
21/08/1998,8.447340012,8.761527061,8.215270042,8.28310585,5.813101292,207838712
24/08/1998,8.265254974,8.454481125,7.868950844,8.168855667,5.732921124,85819709
25/08/1998,8.211700439,8.39021492,8.161716461,8.240262032,5.783033371,111176090
26/08/1998,8.240262032,8.240262032,8.240262032,8.240262032,5.783033371,0
27/08/1998,8.347372055,8.415206909,8.072458267,8.118871689,5.697842598,102959004
28/08/1998,8.072458267,8.072458267,7.661872864,7.697576046,5.40217638,123102243
31/08/1998,7.711856842,7.811826229,7.554763794,7.647592068,5.367097855,66178528
01/09/1998,7.633310795,7.633310795,7.28342104,7.354826927,5.161633968,101085214
02/09/1998,7.569045067,7.590466976,7.426232815,7.494069099,5.259353638,63243904
03/09/1998,7.461935997,7.811826229,7.440514088,7.586896896,5.324501038,121776726
04/09/1998,7.636880875,8.193847656,7.636880875,8.190278053,5.747955799,205755556
07/09/1998,8.347372055,8.486613274,8.229551315,8.368792534,5.873236656,155376101
08/09/1998,8.404496193,8.404496193,8.168855667,8.333089828,5.848181725,99037769
09/09/1998,8.49018383,8.690120697,8.354512215,8.425917625,5.91332674,165801682
10/09/1998,8.393785477,8.668699265,8.304528236,8.547308922,5.998520374,190962701
11/09/1998,8.49732399,8.49732399,8.308097839,8.400925636,5.895787716,118251817
14/09/1998,8.447340012,8.818652153,8.447340012,8.772237778,6.156376362,175759516
15/09/1998,8.743675232,8.747245789,8.575871468,8.615143776,6.046126842,124121764
16/09/1998,8.747245789,8.761527061,8.518746376,8.554449081,6.003530502,85479402
17/09/1998,8.547308922,8.740104675,8.504465103,8.586582184,6.026081085,128005886
18/09/1998,8.568730354,8.618715286,8.461621284,8.565159798,6.011048794,77779779
21/09/1998,8.632995605,8.907909393,8.632995605,8.750816345,6.14134407,138668842
22/09/1998,8.772237778,8.815080643,8.572300911,8.643707275,6.066173553,126544527
23/09/1998,8.747245789,8.868636131,8.707971573,8.779377937,6.161385536,84826797
24/09/1998,8.847213745,9.015018463,8.847213745,8.975745201,6.299198151,109968210
25/09/1998,8.947182655,9.154259682,8.947182655,9.040011406,6.344299793,124609117
28/09/1998,9.093564987,9.129267693,8.925761223,8.947182655,6.279153347,79287353
29/09/1998,8.957894325,9.057862282,8.536598206,8.622284889,6.051138878,120818124
30/09/1998,8.60443306,8.654417992,8.479473114,8.515175819,5.975969315,111993247
01/10/1998,8.515175819,8.515175819,8.515175819,8.515175819,5.975969315,0
02/10/1998,8.515175819,8.515175819,8.515175819,8.515175819,5.975969315,0
05/10/1998,8.465191841,8.465191841,7.836818218,7.836818218,5.499896526,82924998
06/10/1998,7.711856842,7.911794186,7.572615147,7.808256149,5.479851723,107058094
07/10/1998,7.926075935,8.211700439,7.926075935,8.179567337,5.740438461,100016677
08/10/1998,8.247403145,8.30095768,7.711856842,7.754701138,5.442266941,165968334
09/10/1998,7.783263206,8.133152962,7.729709148,7.893942833,5.539987087,169606679
12/10/1998,7.961779118,8.07602787,7.583325863,7.654732227,5.372107983,104322333
13/10/1998,7.594037056,7.594037056,7.340546131,7.38696003,5.184185505,135456932
14/10/1998,7.540482998,7.89037323,7.476216793,7.829677105,5.494884014,123857781
15/10/1998,7.718997955,7.776123047,7.554763794,7.597608089,5.332018852,83863294
16/10/1998,7.647592068,7.779693127,7.544053078,7.651162148,5.36960268,79749499
19/10/1998,7.690434933,7.690434933,7.515491009,7.533341885,5.286916733,29780372
20/10/1998,7.540482998,7.540482998,7.112045765,7.233437061,5.076441765,109856174
21/10/1998,7.233437061,7.233437061,7.233437061,7.233437061,5.076441765,0
22/10/1998,7.326263905,7.658302784,7.326263905,7.569045067,5.311972141,105235420
23/10/1998,7.608317852,7.697576046,7.483357906,7.619029045,5.347052574,147341072
26/10/1998,7.704717159,8.229551315,7.704717159,8.229551315,5.775517464,97624725
27/10/1998,8.354512215,8.411637306,8.118871689,8.233121872,5.778023243,114369095
28/10/1998,8.433058739,8.433058739,8.086738586,8.136724472,5.710371017,92564932
29/10/1998,8.054607391,8.111730576,7.943926811,8.072458267,5.665268421,84179793
30/10/1998,8.033185005,8.158144951,7.854669094,7.904654026,5.547504425,102306398
02/11/1998,7.861810207,7.9689188,7.718997955,7.89037323,5.537481308,102622198
03/11/1998,7.89037323,7.89037323,7.733279228,7.758271217,5.444772243,99157507
04/11/1998,7.758271217,7.758271217,7.758271217,7.758271217,5.444772243,0
05/11/1998,7.854669094,7.965349197,7.808256149,7.943926811,5.575064659,98155492
06/11/1998,7.958208084,8.561590195,7.958208084,8.458050728,5.935878754,245471356
09/11/1998,8.568730354,8.947182655,8.568730354,8.750816345,6.14134407,200914933
10/11/1998,8.740104675,8.815080643,8.618715286,8.732963562,6.128813267,125555115
11/11/1998,8.854354858,8.872205734,8.515175819,8.583011627,6.023577213,113206729
12/11/1998,8.49732399,9.104275703,8.336661339,8.91862011,6.25910759,277402106
13/11/1998,8.943612099,9.022158623,8.682979584,8.768667221,6.153870583,260143774
16/11/1998,8.650847435,8.650847435,8.39021492,8.440198898,5.923350811,133786206
17/11/1998,8.422348022,8.650847435,8.39021492,8.593723297,6.031093597,149670005
18/11/1998,8.60443306,8.729393959,8.60443306,8.682979584,6.093734741,91709263
19/11/1998,8.650847435,8.886487961,8.511606216,8.533026695,5.988497734,265329606
20/11/1998,8.500894547,8.675840378,8.454481125,8.547308922,5.998520374,150923399
23/11/1998,8.49732399,8.511606216,8.347372055,8.379504204,5.880754948,94873559
24/11/1998,8.425917625,8.486613274,8.343800545,8.343800545,5.855697155,99721885
25/11/1998,8.343800545,8.343800545,8.343800545,8.343800545,5.855697155,0
26/11/1998,8.28310585,8.440198898,8.07959938,8.101020813,5.685314655,125298834
27/11/1998,8.0938797,8.154575348,7.926075935,7.993910789,5.610145569,123057429
30/11/1998,7.868950844,8.015333176,7.822536945,8.015333176,5.625179291,79217331
01/12/1998,7.976059914,8.061746597,7.940357208,8.008193016,5.620168209,96679427
02/12/1998,8.083168983,8.236692429,8.008193016,8.072458267,5.665268421,141104909
03/12/1998,8.083168983,8.086738586,7.983200073,7.997481823,5.612650871,70440769
04/12/1998,7.993910789,8.122442245,7.9689188,8.10459137,5.687821388,73264758
07/12/1998,8.101020813,8.297387123,8.07602787,8.272395134,5.805585384,94619379
08/12/1998,8.247403145,8.311668396,8.179567337,8.290246964,5.818114281,75845770
09/12/1998,8.411637306,8.583011627,8.354512215,8.440198898,5.923350811,162705307
10/12/1998,8.504465103,8.5972929,8.461621284,8.529457092,5.985991478,111169087
11/12/1998,8.575871468,8.590151787,8.49018383,8.558018684,6.006036282,79072386
14/12/1998,8.547308922,8.60443306,8.40806675,8.436629295,5.920846462,67080412
15/12/1998,8.39021492,8.458050728,8.229551315,8.229551315,5.775517464,138273918
16/12/1998,8.240262032,8.325949669,8.18670845,8.322379112,5.840664387,60307180
17/12/1998,8.033185005,8.222411156,7.972489834,7.997481823,5.612650871,85716077
18/12/1998,7.993910789,8.10459137,7.976059914,8.043895721,5.645224094,64542113
21/12/1998,8.158144951,8.340230942,8.140294075,8.325949669,5.843170643,83915810
22/12/1998,8.340230942,8.468762398,8.17599678,8.440198898,5.923350811,127633369
23/12/1998,8.568730354,8.568730354,8.325949669,8.325949669,5.843170643,91144885
24/12/1998,8.290246964,8.361653328,8.258113861,8.308097839,5.830640793,62204777
25/12/1998,8.308097839,8.308097839,8.308097839,8.308097839,5.830640793,0
28/12/1998,8.425917625,8.668699265,8.39021492,8.60443306,6.038609982,120220136
29/12/1998,8.600863457,8.632995605,8.465191841,8.518746376,5.978476524,80851646
30/12/1998,8.661558151,8.89362812,8.647276878,8.772237778,6.156376362,121616376
31/12/1998,8.768667221,8.768667221,8.540167809,8.540167809,5.993509293,73801127
01/01/1999,8.568730354,8.743675232,8.540167809,8.725824356,6.123804569,92105588
04/01/1999,8.782949448,8.943612099,8.736535072,8.818652153,6.188948631,126563432
05/01/1999,8.836503029,8.854354858,8.732963562,8.782949448,6.163894653,86519930
06/01/1999,8.943612099,8.972174644,8.832933426,8.854354858,6.214005947,99531425
07/01/1999,8.886487961,9.407752037,8.875777245,9.282791138,6.514684677,237430025
08/01/1999,9.497010231,10.02541542,9.382760048,10.02541542,7.035859108,249879243
11/01/1999,10.42528915,10.82873344,10.36102295,10.36102295,7.271390915,233185289
12/01/1999,10.19321918,10.34317207,9.936157227,10.1111021,7.095993042,138880309
13/01/1999,10.24677372,10.33960056,9.800484657,9.896883965,6.945655346,175433913
14/01/1999,9.596978188,9.925445557,9.550563812,9.721939087,6.822879791,119214620
15/01/1999,9.854040146,9.868321419,9.532712936,9.643391609,6.767755032,108959192
18/01/1999,9.775492668,9.775492668,9.211384773,9.675524712,6.790304661,201381280
19/01/1999,9.532712936,9.532712936,9.247088432,9.286361694,6.517189503,139560923
20/01/1999,9.286361694,9.286361694,9.286361694,9.286361694,6.517189503,0
21/01/1999,9.318493843,9.514861107,9.050722122,9.514861107,6.677550316,120108101
22/01/1999,9.568415642,9.907594681,9.539853096,9.646962166,6.770258904,124151173
25/01/1999,9.497010231,9.625540733,9.289932251,9.51129055,6.675046444,114612071
26/01/1999,9.51129055,9.51129055,9.51129055,9.51129055,6.675046444,0
27/01/1999,9.693375587,9.889742851,9.604119301,9.729079247,6.827889442,96001614
28/01/1999,9.675524712,9.782633781,9.461306572,9.464877129,6.64247179,66867545
29/01/1999,9.604119301,9.604119301,9.389900208,9.472017288,6.647483349,50308033
01/02/1999,9.389900208,9.479158401,9.175682068,9.175682068,6.439513683,46323079
02/02/1999,9.139979362,9.197104454,8.897197723,8.954322815,6.284162998,78162799
03/02/1999,9.104275703,9.229236603,9.01858902,9.229236603,6.477099895,66360585
04/02/1999,9.243517876,9.282791138,8.925761223,8.968605042,6.294186592,65990168
05/02/1999,8.968605042,9.01858902,8.732963562,8.747245789,6.138836384,57560915
08/02/1999,8.711543083,8.782949448,8.450909615,8.461621284,5.938384533,48882384
09/02/1999,8.433058739,8.590151787,8.325949669,8.590151787,6.028587341,75249182
10/02/1999,8.60443306,8.80437088,8.504465103,8.782949448,6.163894653,73022482
11/02/1999,8.818652153,8.890057564,8.700832367,8.718683243,6.118791103,62590598
12/02/1999,8.747245789,8.847213745,8.70440197,8.718683243,6.118791103,45684478
15/02/1999,8.718683243,8.747245789,8.500894547,8.508034706,5.970957279,41364118
16/02/1999,8.458050728,8.608003616,8.433058739,8.554449081,6.003530502,66955772
17/02/1999,8.625855446,8.882917404,8.561590195,8.700832367,6.106262684,94623580
18/02/1999,8.782949448,9.397041321,8.718683243,9.397041321,6.594863415,155099514
19/02/1999,9.596978188,10.15037537,9.575555801,10.09682083,7.085970402,228103090
22/02/1999,10.2039299,10.2039299,9.354196548,9.354196548,6.564797878,180761890
23/02/1999,9.322065353,9.850469589,9.282791138,9.839758873,6.905563831,161297864
24/02/1999,9.925445557,10.18250847,9.768353462,10.06111813,7.060914516,236486828
25/02/1999,10.00399303,10.2646246,9.871891975,9.975429535,7.000779629,196071509
26/02/1999,10.02898502,10.13252354,9.871891975,9.989711761,7.010803223,120762807
01/03/1999,10.35388279,10.46099186,10.11824322,10.35388279,7.26637888,176989803
02/03/1999,10.35388279,10.35388279,10.35388279,10.35388279,7.26637888,0
03/03/1999,10.70377254,11.0857954,10.53239822,10.74661636,7.541998386,232731546
04/03/1999,11.03224087,11.06794357,10.6787796,10.82516289,7.5971241,131536398
05/03/1999,10.96797466,11.2428894,10.81802177,10.90371037,7.652246952,175151024
08/03/1999,11.06794357,11.20361519,10.71448326,10.91084957,7.657258987,132261126
09/03/1999,10.90013885,10.96083355,10.63950729,10.7109127,7.516943932,133489312
10/03/1999,10.8358736,10.8358736,10.15751553,10.28247738,7.216267109,111106068
11/03/1999,10.28961658,10.35388279,9.968290329,9.968290329,6.995769024,69427550
12/03/1999,9.971859932,10.0468359,9.729079247,9.8254776,6.895541668,95054916
15/03/1999,9.896883965,10.18964863,9.782633781,9.94329834,6.978229523,81838256
16/03/1999,9.882601738,9.979001045,9.532712936,9.532712936,6.690078259,88734027
17/03/1999,9.675524712,9.91473484,9.397041321,9.425602913,6.614910126,80436415
18/03/1999,9.425602913,9.514861107,9.33277607,9.51129055,6.675046444,59986479
19/03/1999,9.532712936,9.925445557,9.41489315,9.461306572,6.639966011,108058709
22/03/1999,9.361337662,9.425602913,9.047150612,9.168541908,6.434502125,52939461
23/03/1999,9.168541908,9.211384773,9.032870293,9.136408806,6.411951542,81858563
24/03/1999,9.250658989,9.696947098,8.790088654,9.114987373,6.396918297,114405506
25/03/1999,9.068572998,9.161400795,8.861495018,8.89362812,6.241567135,47087719
26/03/1999,8.822221756,8.940041542,8.622284889,8.707971573,6.111274242,58422187
29/03/1999,8.707971573,8.707971573,8.707971573,8.707971573,6.111274242,0
30/03/1999,8.558018684,8.822221756,8.38307476,8.822221756,6.191454411,103332921
31/03/1999,9.211384773,9.457736015,9.147120476,9.311353683,6.534729004,65478279
01/04/1999,9.347057343,9.575555801,9.247088432,9.375618935,6.579829693,66402262
02/04/1999,9.375618935,9.375618935,9.375618935,9.375618935,6.579829693,0
05/04/1999,8.997166634,9.10784626,8.625855446,8.629426003,6.056150436,64547616
06/04/1999,8.49732399,9.204244614,8.40806675,9.00073719,6.316738605,82499964
07/04/1999,8.943612099,9.118556976,8.822221756,8.957894325,6.286670685,56447173
08/04/1999,8.975745201,9.129267693,8.822221756,8.875777245,6.229040146,59092634
09/04/1999,8.861495018,8.904338837,8.533026695,8.611574173,6.043622494,46079668
12/04/1999,8.568730354,8.70440197,8.429489136,8.611574173,6.043622494,34040093
13/04/1999,8.518746376,8.743675232,8.518746376,8.60443306,6.038609982,53060123
14/04/1999,8.60443306,8.60443306,8.60443306,8.60443306,6.038609982,0
15/04/1999,8.286676407,8.472332001,8.286676407,8.375933647,5.878249168,38340552
16/04/1999,8.425917625,9.047150612,8.425917625,9.047150612,6.349310875,37784143
19/04/1999,8.779377937,9.41132164,8.679409981,9.222096443,6.472087383,107966896
20/04/1999,9.297073364,9.497010231,9.157831192,9.475587845,6.649988651,85774769
21/04/1999,9.472017288,9.543423653,9.236376762,9.307783127,6.532224178,55643110
22/04/1999,9.297073364,9.475587845,8.854354858,8.997166634,6.314231396,110777552
23/04/1999,9.086424828,9.139979362,8.818652153,9.032870293,6.339287758,81511561
26/04/1999,8.711543083,8.782949448,8.508034706,8.508034706,5.970957279,92581990
27/04/1999,8.508034706,8.508034706,8.508034706,8.508034706,5.970957279,0
28/04/1999,8.540167809,8.872205734,8.540167809,8.854354858,6.214005947,55481527
29/04/1999,8.872205734,9.564845085,8.872205734,9.564845085,6.712630272,151664428
30/04/1999,9.668383598,9.850469589,9.52200222,9.686236382,6.797821999,117325887
03/05/1999,9.743361473,9.84332943,9.586267471,9.600547791,6.737686157,69425240
04/05/1999,9.63625145,10.37173367,9.621970177,10.37173367,7.278904915,104142236
05/05/1999,10.21107006,10.84301376,10.21107006,10.51097584,7.376626492,160732044
06/05/1999,10.55381966,10.77160835,10.35388279,10.7394762,7.536989689,129847312
07/05/1999,10.96797466,11.2107563,10.78588963,10.86086559,7.966635227,133303166
10/05/1999,11.06080341,11.12863922,10.85729599,11.01438904,8.079250336,89925115
11/05/1999,11.06794357,11.89625359,11.01438904,11.89625359,8.726113319,200446331
12/05/1999,12.06762886,12.09976196,10.95012379,11.35356808,8.328043938,239199608
13/05/1999,11.71059799,12.16402721,11.58563805,12.10333157,8.878007889,200207976
14/05/1999,12.1568861,13.07445526,11.97837067,13.07445526,9.590343475,304092056
17/05/1999,12.86023617,13.13871956,12.08905125,12.77811909,9.372975349,274513038
18/05/1999,12.99590778,13.62785244,12.7852602,13.17085266,9.661054611,248775430
19/05/1999,12.99590778,13.45647717,12.85309601,13.10301685,9.6112957,223301315
20/05/1999,13.07445526,13.27439213,12.53890896,12.53890896,9.197512627,189930100
21/05/1999,12.78168964,12.82453346,11.78200436,11.93195724,8.752301216,168277829
24/05/1999,11.72844982,12.21044064,11.54636383,11.92838669,8.74968338,148619296
25/05/1999,11.99622345,12.4425106,11.86055088,12.13903522,8.904197693,186176190
26/05/1999,12.21044064,12.37110519,11.46424675,11.70702839,8.587311745,208450172
27/05/1999,11.58563805,11.92481709,11.01081944,11.01081944,8.076628685,138774268
28/05/1999,11.17505264,11.20004463,10.43242931,11.06794357,8.118533134,187063271
31/05/1999,11.47495842,11.95337868,11.43568516,11.95337868,8.768015862,141729030
01/06/1999,12.00336266,12.52819824,11.81770802,11.85698128,8.697304726,189259247
02/06/1999,12.03192616,12.45322227,11.78914547,12.43537045,9.121564865,185597626
03/06/1999,12.63530731,12.9137907,12.51748657,12.71028423,9.323218346,196463436
04/06/1999,13.06731415,13.24225903,12.89593983,13.13871956,9.637481689,173599910
07/06/1999,13.06731415,13.12443924,12.72099495,12.9102211,9.469875336,127590586
08/06/1999,12.85309601,13.92418671,12.65672874,13.92418671,10.21363735,157396699
09/06/1999,13.56715679,13.70996857,13.292243,13.42077446,9.844377518,174542687
10/06/1999,13.48146915,13.74567223,13.39578247,13.50289059,9.90460968,221248927
11/06/1999,13.5100317,13.52788258,12.97091579,13.04232216,9.566773415,148956326
14/06/1999,12.8459549,14.00630379,12.16045666,12.65315914,9.281317711,127806576
15/06/1999,12.57104206,12.92450237,12.22472191,12.36753368,9.071807861,161321448
16/06/1999,12.63173676,13.17442322,12.36396408,13.01018906,9.543203354,168935448
17/06/1999,13.15300083,13.42434502,13.03161144,13.17442322,9.663672447,173672817
18/06/1999,13.20655632,13.28153229,13.03161144,13.07802486,9.59296608,121421742
21/06/1999,13.17442322,13.60286045,13.14229107,13.43862629,9.857470512,152864186
22/06/1999,13.5421648,13.67783642,13.17799377,13.31366539,9.765808105,141189650
23/06/1999,13.43148518,13.45290661,12.8816576,12.97805691,9.519634247,157938837
24/06/1999,12.86023617,13.12800884,12.25328541,12.89951038,9.462018013,164589040
25/06/1999,12.98876667,13.16728306,12.63887787,12.68886185,9.307504654,135100505
28/06/1999,12.76740932,12.94235325,12.66386986,12.70314312,9.31798172,107781645
29/06/1999,12.71028423,12.76383781,12.438941,12.4996357,9.168704033,138767069
30/06/1999,12.60317516,12.74241638,12.32469082,12.67101002,9.294410706,145817168
01/07/1999,12.65315914,12.67458057,12.38538647,12.45322227,9.134659767,109978237
02/07/1999,12.52819824,13.02089977,12.52462769,12.8816576,9.448924065,203595419
05/07/1999,12.97448635,13.44933701,12.97448635,13.3493681,9.791996956,126089467
06/07/1999,13.2565403,13.49217987,13.24225903,13.36721992,9.805092812,106616002
07/07/1999,13.42434502,13.48146915,13.16014194,13.22797775,9.702957153,109173053
08/07/1999,13.21012592,13.34579754,12.87451839,12.93878269,9.490825653,170700480
09/07/1999,12.86023617,13.02447033,12.53890896,12.86023617,9.433211327,181030733
12/07/1999,13.05660343,13.42434502,13.05660343,13.37078953,9.807712555,137290038
13/07/1999,13.42434502,14.2669363,13.39221191,13.65641403,10.01722336,275183051
14/07/1999,13.77780533,13.95989037,13.57072735,13.85992241,10.16649723,179650402
15/07/1999,13.95989037,14.16696835,13.01018906,13.2565403,9.723907471,184973954
16/07/1999,13.36364937,13.58857918,13.13871956,13.23154831,9.705574989,135255086
19/07/1999,13.34222794,13.48861027,13.14943123,13.23511791,9.708191872,104692777
20/07/1999,13.07088375,13.16728306,12.63887787,12.72456455,9.333694458,129188601
21/07/1999,12.71028423,13.13514996,12.53176785,12.95663548,9.503922462,115196503
22/07/1999,12.98519707,13.15300083,12.82453346,12.89236927,9.456782341,82375703
23/07/1999,12.87094688,12.95306396,12.63887787,12.68529224,9.304886818,89314215
26/07/1999,12.67101002,12.67458057,12.26399612,12.34254169,9.053474426,64150914
27/07/1999,12.26756573,12.46036243,12.14974594,12.19616032,8.946101189,100172687
28/07/1999,12.3139801,12.68529224,12.28898811,12.4996357,9.168704033,115161394
29/07/1999,12.63173676,12.94235325,12.39252663,12.83881474,9.417498589,141625103
30/07/1999,12.70671272,12.91736126,12.53176785,12.7888298,9.380832672,107800803
02/08/1999,12.71742439,12.71742439,12.49606514,12.58889294,9.234176636,78074026
03/08/1999,12.49606514,12.58889294,12.2854166,12.39252663,9.090138435,107603327
04/08/1999,12.58889294,12.87451839,12.35682392,12.80668163,9.393929482,94065897
05/08/1999,12.85309601,13.22797775,12.73884583,12.79597092,9.386072159,119487145
06/08/1999,12.77811909,12.78168964,12.58175278,12.62459564,9.260363579,59233574
09/08/1999,12.62459564,12.74598694,12.51034737,12.60674477,9.247270584,65957538
10/08/1999,12.56747055,12.56747055,12.28898811,12.38181591,9.08228302,78264233
11/08/1999,12.21044064,12.42108917,12.10333157,12.26756573,8.998476982,60507737
12/08/1999,12.18187904,12.38181591,12.02121544,12.08547974,8.86491394,50864470
13/08/1999,12.20330048,12.23900318,11.92481709,11.95337868,8.768015862,48798050
16/08/1999,11.98908234,12.34968281,11.98194218,12.18187904,8.935624123,75207505
17/08/1999,12.23543262,12.31754971,12.10690212,12.19258976,8.943482399,63876679
18/08/1999,12.46036243,12.6602993,12.37110519,12.53890896,9.197512627,103898923
19/08/1999,12.60317516,12.81025219,12.39252663,12.44965076,9.132040024,79410634
20/08/1999,12.42465878,12.58532333,12.30683899,12.47107315,9.147751808,42206455
23/08/1999,12.71028423,13.47075939,12.71028423,13.36364937,9.802476883,198189647
24/08/1999,13.33508682,13.3529377,13.11372757,13.22797775,9.702957153,123695204
25/08/1999,13.52431297,13.52431297,12.28898811,12.79240131,9.383452415,79790924
26/08/1999,13.06731415,13.06731415,12.7852602,12.92450237,9.480351448,47683453
27/08/1999,12.99590778,13.31009483,12.99590778,13.21726704,9.695099831,62784924
30/08/1999,13.27439213,13.67426586,13.26725101,13.46361828,9.87580204,127964069
31/08/1999,13.40649319,13.91347599,13.2886734,13.81707764,10.1350708,134150194
01/09/1999,13.95631981,14.02415562,13.38864231,13.54573536,9.93603611,107843531
02/09/1999,13.37078953,13.37078953,13.06731415,13.12086868,9.624390602,61382886
03/09/1999,13.09230614,13.28153229,13.03161144,13.08516598,9.598200798,71706361
06/09/1999,13.21012592,13.33508682,13.11015797,13.24940014,9.718669891,59369739
07/09/1999,13.28153229,13.31723499,13.07802486,13.11015797,9.616532326,63516500
08/09/1999,13.29581356,13.76352406,13.26725101,13.58143806,9.962224007,151640369
09/09/1999,13.63142204,14.30978012,13.56715679,14.23480415,10.44147778,259053405
10/09/1999,14.23123264,14.2990694,14.0098753,14.12055397,10.3576746,146987376
13/09/1999,14.12055397,14.12055397,14.12055397,14.12055397,10.3576746,0
14/09/1999,14.20981216,14.27407742,13.79922676,13.8527813,10.1612606,120661751
15/09/1999,14.045578,14.045578,13.53502369,13.58143806,9.962224007,92616006
16/09/1999,13.60643005,13.63856316,13.25296974,13.32080555,9.771047592,56556561
17/09/1999,13.26011086,13.61714077,13.21012592,13.5421648,9.93341732,82183661
20/09/1999,13.56358624,13.72424984,13.29938412,13.33151722,9.778902054,68195400
21/09/1999,13.28510284,13.28510284,13.03161144,13.11372757,9.619150162,78449610
22/09/1999,13.28153229,13.55287647,13.17442322,13.34579754,9.789377213,54897095
23/09/1999,13.4172039,14.05271816,13.24582863,13.82064819,10.13769054,170993774
24/09/1999,14.08842087,14.92744255,14.04200745,14.92387199,10.94692707,239673195
27/09/1999,15.20235634,16.0592289,14.92744255,15.38444233,11.28476048,199690808
28/09/1999,15.1488018,16.53050995,15.04883289,16.07708168,11.7928257,240419896
29/09/1999,16.35199356,17.16602325,16.20918274,17.0660553,12.51825428,271076847
30/09/1999,17.11246872,17.85152245,16.98036766,17.11960983,12.55753994,224485681
01/10/1999,17.11603928,17.25885201,16.49480629,17.01964188,12.48420906,210565566
04/10/1999,17.0660553,17.07319641,16.39840889,16.48766518,12.09399509,106171236
05/10/1999,16.39126778,17.13746071,16.19133186,16.96608734,12.44492817,153512212
06/10/1999,16.98036766,17.73727226,16.42340088,16.99464989,12.46587658,301253502
07/10/1999,17.04106331,18.10144424,17.04106331,17.71942139,12.99751091,275415244
08/10/1999,17.83009911,17.92292786,17.17316437,17.27670288,12.67276478,181652318
11/10/1999,17.27313232,17.44807816,16.92681313,17.12675095,12.56277561,154564783
12/10/1999,17.0660553,17.3159771,16.85540771,16.9696579,12.44754314,168513663
13/10/1999,15.85215187,17.7586937,15.85215187,17.28741455,12.68062687,201468961
14/10/1999,17.35168076,17.83009911,17.28384399,17.35881996,12.73300362,94761916
15/10/1999,17.2909832,17.42308617,16.60191536,16.72687531,12.26945972,82773765
18/10/1999,16.85183716,17.00893021,16.56978226,16.66618156,12.22493935,123515821
19/10/1999,16.66618156,16.66618156,16.66618156,16.66618156,12.22493935,0
20/10/1999,17.42308617,18.00147438,17.07676506,17.89793587,13.12845135,235407187
21/10/1999,18.62984848,19.2082386,18.08002281,18.92975426,13.88531399,299256824
22/10/1999,18.62270737,18.97616768,18.21926308,18.73338699,13.74127102,151540433
25/10/1999,18.83335686,18.83335686,18.31923294,18.41205978,13.50557232,101586207
26/10/1999,18.39420891,18.50845718,18.17999077,18.23711586,13.37724876,111997266
27/10/1999,18.45847321,18.48703575,17.75155449,17.94791985,13.16512108,93603485
28/10/1999,17.99433327,17.99433327,17.25171089,17.38381195,12.75133228,76168166
29/10/1999,17.35168076,17.41594505,16.66261101,16.81256485,12.33231544,109439529
01/11/1999,16.78757095,16.85183716,15.47012901,15.5558157,11.4104681,114373142
02/11/1999,15.35230923,16.80185318,15.17379379,16.73044777,12.27207756,129022957
03/11/1999,17.16602325,17.16602325,15.87357426,16.09850311,11.80853939,175844467
04/11/1999,15.98425293,16.45553207,15.78788567,16.14491653,11.8425827,122838876
05/11/1999,16.13777542,16.83755684,16.13777542,16.60191536,12.17779922,131084769
08/11/1999,16.60191536,16.60191536,16.60191536,16.60191536,12.17779922,0
09/11/1999,16.56621361,16.66261101,16.19490051,16.35556412,11.99709702,86587669
10/11/1999,16.48766518,16.90182114,16.3734169,16.8161335,12.33493137,102012011
11/11/1999,16.85183716,17.27670288,16.63761902,16.86254883,12.36897945,149253920
12/11/1999,16.76972008,16.77329063,16.43054008,16.49480629,12.09923172,79148388
15/11/1999,16.67332268,16.687603,16.35556412,16.46267319,12.07566357,61299406
16/11/1999,16.35199356,16.38769722,16.1877594,16.2520256,11.92114925,80545607
17/11/1999,16.38055611,16.77329063,16.2198925,16.22346306,11.90019703,123075999
18/11/1999,16.28058815,16.30200958,15.78431606,15.96997166,11.71425819,76528247
19/11/1999,15.99496365,16.30558014,15.95211983,15.98782253,11.72734928,55197504
22/11/1999,15.93426895,16.09850311,15.92355824,15.99496365,11.73258972,73807401
23/11/1999,15.99496365,15.99496365,15.99496365,15.99496365,11.73258972,0
24/11/1999,16.19490051,16.55193138,16.08422089,16.44482231,12.06256866,88599794
25/11/1999,16.41625977,16.5983448,16.33057213,16.40197945,12.03114319,55765985
26/11/1999,16.49123573,16.59477425,16.03780746,16.11278343,11.81901264,70838662
29/11/1999,16.13777542,16.20561218,15.79502678,15.84501076,11.62259674,52377520
30/11/1999,15.88428402,15.95569134,15.57723808,15.70219898,11.51783943,63924098
01/12/1999,15.90927696,16.12706566,15.69505787,15.93069839,11.68544769,59220354
02/12/1999,15.92355824,16.091362,15.6165123,15.73433208,11.54141331,59243181
03/12/1999,15.78074646,15.98068333,15.43799591,15.495121,11.36594772,98030600
06/12/1999,15.56652737,15.73076057,15.44513702,15.54153538,11.39999294,54260959
07/12/1999,15.59508991,16.09850311,15.53796482,15.97354221,11.71687508,115597337
08/12/1999,16.35199356,17.25171089,16.1877594,16.60191536,12.17779922,280267701
09/12/1999,16.70902443,16.99464989,16.53050995,16.89825058,12.3951664,100346313
10/12/1999,16.90182114,17.41594505,16.78043175,16.85897827,12.36635876,124489198
13/12/1999,16.84469604,16.8803997,16.16276741,16.28058815,11.94209862,60152095
14/12/1999,16.14491653,16.33414268,15.87357426,15.96283054,11.70902061,98386088
15/12/1999,16.06637001,16.06637001,15.7129097,15.90927696,11.66973591,61810931
16/12/1999,15.99496365,16.14134598,15.85572243,15.98425293,11.72473431,30255514
17/12/1999,16.0270977,16.27344894,15.86643314,15.92712784,11.68283272,57563436
20/12/1999,15.92712784,16.04494858,15.70933914,15.73790169,11.54402924,32392782
21/12/1999,15.73076057,15.88428402,15.60937119,15.67720699,11.49950886,54545416
22/12/1999,16.11992455,16.93395424,16.06637001,16.92324257,12.41349697,139424142
23/12/1999,16.54121971,17.18744659,16.43054008,16.5912056,12.1699419,48251696
24/12/1999,16.42340088,16.55907249,16.08422089,16.1556282,11.85044003,42032730
27/12/1999,16.11278343,16.20561218,15.78074646,15.89856625,11.66188145,38946173
28/12/1999,16.0592289,16.16633797,15.85215187,15.96997166,11.71425819,56899221
29/12/1999,16.1556282,17.13746071,16.06637001,16.91610146,12.4082613,62403290
30/12/1999,16.99107933,17.3159771,16.57692337,16.64118958,12.20660782,50106719
31/12/1999,16.64118958,16.64118958,16.64118958,16.64118958,12.20660782,0
03/01/2000,16.95894623,17.97291374,16.95894623,17.97291374,13.18345165,62409578
04/01/2000,18.45133209,19.41174507,17.94434929,19.41174507,14.23885918,132872110
05/01/2000,18.32637215,20.55781364,18.32637215,20.17222023,14.79668045,375789847
06/01/2000,20.63636017,21.47181129,20.63636017,21.01838112,15.41735554,219621124
07/01/2000,21.06479645,22.69999695,20.92198372,22.46078491,16.47538376,278281260
10/01/2000,22.66429329,22.75712013,21.80027962,22.02877808,16.15850067,187897934
11/01/2000,21.98950577,22.20372391,20.26861763,20.60065651,15.1109457,175675797
12/01/2000,20.63636017,21.77885628,20.14722824,21.54321671,15.80233002,169586471
13/01/2000,21.8502636,22.59288788,21.71459198,22.2679882,16.3339653,239139851
14/01/2000,22.10018539,22.96776962,22.10018539,22.58574677,16.56704903,188507616
17/01/2000,22.72498894,23.05702591,21.92523956,22.04663086,16.17159843,150255809
18/01/2000,22.06448174,22.77497292,21.81813049,22.43579292,16.45704842,141210936
19/01/2000,23.05345535,23.19983864,22.57860565,22.82138634,16.73989105,160790093
20/01/2000,22.84994888,23.19983864,22.17516136,22.33939552,16.38634109,216069957
21/01/2000,22.32868385,23.44976044,22.27869987,23.30337715,17.0934391,239994540
24/01/2000,23.2426815,23.69611168,22.99276161,23.28909683,17.08296204,184344232
25/01/2000,23.2105484,23.22840118,22.72498894,22.84637833,16.75822258,136584272
26/01/2000,22.84637833,22.84637833,22.84637833,22.84637833,16.75822258,0
27/01/2000,23.4926033,24.04957008,23.04274559,23.91747093,17.54388809,210269961
28/01/2000,23.98530579,24.41374207,23.6782589,24.16024971,17.7219677,164331247
31/01/2000,23.88176727,23.9924469,23.31765747,23.43190765,17.18771553,142723553
01/02/2000,23.6211338,24.09598541,23.42119789,23.85320473,17.49674988,149956451
02/02/2000,24.48514748,24.77077293,24.17453194,24.28878021,17.81625175,139355731
03/02/2000,24.42088318,24.52799225,24.02100754,24.39588928,17.89481544,94831223
04/02/2000,24.56369591,24.80290413,24.39946175,24.57440567,18.02575874,99528064
07/02/2000,24.35661697,24.95285797,24.13882828,24.53513145,17.99695396,114747088
08/02/2000,24.67080307,24.77077293,24.35304642,24.44944572,17.9341011,90057597
09/02/2000,24.92072487,25.32416916,24.62081909,25.02069473,18.35312462,160165902
10/02/2000,24.90644455,25.97753525,24.62796021,25.40271568,18.63334656,151143675
11/02/2000,25.99181747,26.7058773,25.70976257,25.94183159,19.02879333,114214724
14/02/2000,25.63478661,25.77045822,24.99213028,25.14208412,18.44216156,71806185
15/02/2000,25.13494301,25.30631828,24.42445374,24.5886879,18.03623581,113776526
16/02/2000,24.99213028,25.26347351,24.4994297,24.86002922,18.23527336,110304203
17/02/2000,24.82789612,25.47769356,24.8136158,25.31702995,18.5704937,107425289
18/02/2000,25.48483276,25.55981064,24.84931946,24.95285797,18.30336571,70451511
21/02/2000,24.877882,25.13494301,24.39588928,24.68151474,18.10432816,41234633
22/02/2000,24.70650673,24.77791214,23.7425251,23.87462616,17.5124588,100723088
23/02/2000,24.61367989,24.61367989,23.37121391,23.54972839,17.27414322,67665446
24/02/2000,23.77108765,24.32805443,23.51402473,24.04600143,17.63817024,79319185
25/02/2000,24.37803841,24.48514748,23.28552628,23.46404076,17.21129036,54786600
28/02/2000,23.19626808,24.08170319,22.13588715,23.78536797,17.44698906,70386208
29/02/2000,24.12811852,24.48157883,21.8823967,22.19658279,16.28158379,139625441
01/03/2000,22.49291801,23.55329895,21.35042191,22.62144852,16.59323502,150769883
02/03/2000,22.7678318,22.99276161,20.81487465,20.83272743,15.28117847,175562684
03/03/2000,20.42928123,20.42928123,19.16896439,19.16896439,14.06077766,64935300
06/03/2000,19.16896439,20.26861763,17.63730431,18.13357544,13.30130196,146075956
07/03/2000,18.35136414,18.49417686,17.13746071,17.30169487,12.69110203,133888438
08/03/2000,17.63016319,17.8872242,16.42340088,16.63404846,12.20136833,101621246
09/03/2000,16.84469604,17.30883598,16.00567436,16.51622772,12.11494446,77665531
10/03/2000,16.70902443,16.76614952,15.32374668,15.48441029,11.3580904,92389443
13/03/2000,15.70219898,16.38769722,14.30263996,14.50971699,10.64313507,150763063
14/03/2000,14.67395115,15.67363644,14.07771015,15.652215,11.48117638,141532996
15/03/2000,15.99496365,16.90539169,15.42371464,16.90539169,12.40040398,79982280
16/03/2000,17.10175705,17.6944294,16.43054008,16.76972008,12.30088615,147946692
17/03/2000,16.76972008,16.76972008,16.76972008,16.76972008,12.30088615,0
20/03/2000,16.76972008,16.76972008,16.76972008,16.76972008,12.30088615,0
21/03/2000,17.05177307,17.33739853,16.2520256,16.98750877,12.46063995,95762643
22/03/2000,17.49449158,17.74441338,17.22314835,17.38024139,12.74871635,69064318
23/03/2000,17.51234245,17.55161667,17.0339222,17.20529747,12.62038994,60024739
24/03/2000,17.08033562,17.34810829,16.9696579,17.18030548,12.60205936,36941526
27/03/2000,17.35168076,18.55487251,17.35168076,18.55487251,13.61032772,58001578
28/03/2000,18.78694153,20.04011917,18.78694153,20.04011917,14.69977856,98405624
29/03/2000,20.33645439,20.70062447,19.2082386,19.37247276,14.21005344,143934962
30/03/2000,19.2082386,20.92198372,18.44419289,20.92198372,15.34664536,240432206
31/03/2000,21.20760727,22.59645653,20.00084686,22.59645653,16.57489967,275945423
03/04/2000,23.3962059,23.82821274,22.71427727,23.46404076,17.21129036,299036394
04/04/2000,23.27838516,23.27838516,21.58963013,21.58963013,15.83637714,189486468
05/04/2000,21.66460609,22.27869987,19.8687439,21.58249092,15.8311348,352720260
06/04/2000,21.63604546,23.31051826,21.60391235,23.28909683,17.48421478,227418526
07/04/2000,23.54972839,25.15279579,23.54972839,25.15279579,18.88338089,163657523
10/04/2000,26.41311264,27.13431358,25.67048836,26.03108978,19.54276085,309647520
11/04/2000,25.56337929,25.63478661,24.74221039,25.25990486,18.96379662,136676715
12/04/2000,25.49197388,25.70619202,23.87819672,24.13168716,18.11679459,241770257
13/04/2000,23.64255524,23.64255524,22.20372391,22.20372391,16.66937828,3153974
14/04/2000,22.20372391,22.20372391,22.20372391,22.20372391,16.66937828,0
17/04/2000,20.42928123,21.47895241,20.42928123,21.30757713,15.99659824,223113571
18/04/2000,21.21474838,22.05734062,20.99338913,21.42539787,16.08504868,122899571
19/04/2000,21.97165489,23.13914299,21.64318657,22.48220634,16.87844467,228183965
20/04/2000,22.35010529,24.28164101,22.08233261,24.11740685,18.10606766,271517327
21/04/2000,24.11740685,24.11740685,24.11740685,24.11740685,18.10606766,0
24/04/2000,24.70650673,25.74903679,23.06416702,24.06028175,18.06318283,246733265
25/04/2000,23.01418304,24.24236679,22.25370789,23.710392,17.80050278,221403241
26/04/2000,24.27807045,25.60979462,24.27807045,25.55981064,19.18894386,238053151
27/04/2000,25.76331711,26.1346283,24.15667915,24.68151474,18.52957153,413796521
28/04/2000,24.8136158,25.1278038,24.29949188,24.63867188,18.49740601,188028343
01/05/2000,24.63867188,24.63867188,24.63867188,24.63867188,18.49740601,0
02/05/2000,24.84931946,25.32416916,23.22483063,23.50331306,17.64504242,230017702
03/05/2000,23.34979057,23.8389225,22.07876205,23.42119789,17.58339119,192704191
04/05/2000,23.63541603,24.48871803,23.63541603,24.07813263,18.07658577,158631859
05/05/2000,24.17096138,24.38875008,23.4283371,23.94603157,17.97740936,156073814
08/05/2000,23.63541603,24.06385231,23.01418304,23.13557243,17.36896133,82504670
09/05/2000,22.95705795,23.69611168,22.7356987,23.44618988,17.60215569,85940035
10/05/2000,23.56400871,23.91389847,23.08558846,23.22483063,17.4359684,93165917
11/05/2000,23.13914299,23.13914299,22.4215126,22.61787987,16.9803009,90033846
12/05/2000,22.82138634,23.02846336,22.37152863,22.55718422,16.93473625,57913070
15/05/2000,22.28227043,23.18555641,21.88596535,22.81424522,17.12772369,81188494
16/05/2000,22.84994888,22.9856205,22.49291801,22.66429329,17.01515007,43882418
17/05/2000,22.91421318,23.44976044,22.58217621,22.7678318,17.09287453,109270328
18/05/2000,22.70713615,22.8320961,21.92881012,22.14302826,16.62381172,75382294
19/05/2000,21.99307442,22.78211212,21.93952179,22.53576279,16.9186554,111574963
22/05/2000,22.35010529,22.62858963,22.06448174,22.31083298,16.74978828,43662227
23/05/2000,22.30012131,22.56432343,22.02877808,22.47506714,16.87308693,58389850
24/05/2000,22.39652061,22.69999695,22.13588715,22.33225441,16.76587105,56605367
25/05/2000,22.30012131,22.69285583,22.21443367,22.33582497,16.76854897,36653287
26/05/2000,22.4786377,22.70713615,22.20729446,22.59645653,16.96421814,49082689
29/05/2000,22.74283981,24.81004524,22.70713615,24.23879623,18.19720078,165326988
30/05/2000,24.33162498,24.69579506,24.07099342,24.54941368,18.43039703,79692753
31/05/2000,25.0635376,25.47769356,24.42802238,24.55655479,18.43575859,118366163
01/06/2000,24.42802238,24.69936562,24.00315666,24.22094536,18.18380356,75363108
02/06/2000,24.49228859,24.70650673,23.85677338,24.09598541,18.0899868,81875438
05/06/2000,24.11383629,25.12423325,24.02100754,24.22094536,18.18380356,151857297
06/06/2000,24.13525772,24.48157883,23.99958611,24.19238281,18.16235352,54887782
07/06/2000,24.27092934,24.59225655,24.01029778,24.13168716,18.11679459,52545769
08/06/2000,24.27092934,24.63510132,24.1531105,24.3387661,18.27225685,64426688
09/06/2000,24.41374207,25.18492889,24.2102356,24.36375809,18.29101563,172161391
12/06/2000,24.44944572,24.6850853,24.17453194,24.23522758,18.19452286,57726882
13/06/2000,24.20666313,24.73863983,24.06742287,24.17096138,18.14627647,95747252
14/06/2000,24.74221039,24.74221039,23.99958611,24.0888443,18.08462715,62793550
15/06/2000,24.34947586,24.34947586,23.38549423,23.66754723,17.76834106,85105386
16/06/2000,23.53187752,23.98173523,23.4926033,23.72467232,17.81122208,63843153
19/06/2000,23.83178139,23.9924469,23.57829094,23.66040802,17.76297379,43452959
20/06/2000,23.81393051,23.84963417,23.4604702,23.58543015,17.70668793,58093559
21/06/2000,23.84963417,23.84963417,23.43904877,23.50331306,17.64504242,29007035
22/06/2000,23.58900261,24.97784996,23.0820179,24.63510132,18.49472427,268082760
23/06/2000,24.71364784,25.32416916,23.92103958,24.11740685,18.10606766,224036672
26/06/2000,23.92103958,23.96388435,23.43904877,23.6461277,17.75225639,48525944
27/06/2000,23.66040802,24.27092934,23.57114983,23.88533783,17.93184853,106940541
28/06/2000,23.92103958,24.06028175,23.7425251,23.83178139,17.89163399,24433854
29/06/2000,23.94603157,24.6850853,23.91389847,24.43873405,18.34730721,106685828
30/06/2000,24.56369591,24.61367989,23.9924469,24.33519554,18.2695713,88865990
03/07/2000,24.13525772,25.13137245,24.13525772,24.86002922,18.66359138,137988774
04/07/2000,24.89216232,24.96356964,24.56726456,24.66366386,18.51616859,75354482
05/07/2000,24.92072487,25.73118401,24.7493515,25.28846741,18.98523903,189904178
06/07/2000,25.0635376,26.05608177,24.99213028,25.87399673,19.42482185,200669996
07/07/2000,26.02037811,26.12748718,25.70619202,25.79187965,19.36317444,111604092
10/07/2000,25.92041016,26.49165916,25.60979462,26.31314468,19.75451279,131908677
11/07/2000,26.41311264,26.97007942,26.17390251,26.84511948,20.1538887,170025705
12/07/2000,26.71301842,26.83083725,26.27744102,26.4238224,19.83760643,70757129
13/07/2000,26.47737885,26.69159508,25.92041016,26.11677742,19.6070919,83264045
14/07/2000,26.15247917,26.45238686,25.67762947,25.79187965,19.36317444,89678274
17/07/2000,25.91327095,26.05608177,25.52767754,25.94183159,19.47574997,86145914
18/07/2000,25.81330109,25.92041016,25.4419899,25.57409096,19.1996727,52104364
19/07/2000,25.59908295,25.8847065,25.17064667,25.28489685,18.9825573,58511199
20/07/2000,25.19920921,25.76331711,24.77791214,25.53481865,19.1701889,124658147
21/07/2000,25.49197388,25.49197388,24.43873405,24.55655479,18.43575859,143754403
24/07/2000,24.35304642,24.35304642,23.1462841,23.31408882,17.50298309,84256775
25/07/2000,23.03203392,24.02457809,22.8642292,23.84249306,17.89967918,92498453
26/07/2000,24.20666313,24.20666313,23.13557243,23.24982262,17.45473099,54349425
27/07/2000,23.27838516,25.04925537,22.99990082,24.56726456,18.44379616,120640983
28/07/2000,24.84931946,24.99213028,24.22094536,24.31020355,18.25081062,83819180
31/07/2000,24.13525772,24.34233665,23.95674324,24.04957008,18.05514336,28100305
01/08/2000,23.9924469,24.41374207,23.96388435,24.17096138,18.14627647,52276716
02/08/2000,24.09241486,24.25664902,23.9924469,24.20666313,18.17307663,20395290
03/08/2000,24.26378822,24.54584312,24.01386833,24.11026573,18.10070801,46686143
04/08/2000,24.17096138,24.18881226,23.50331306,23.57114983,17.69597435,45818822
07/08/2000,23.4926033,23.70682144,23.1462841,23.5818615,17.70401192,34608868
08/08/2000,23.68182945,23.80322075,23.52830505,23.62470436,17.736166,31546244
09/08/2000,23.77822876,24.13525772,23.6461277,23.82821274,17.88895416,33540780
10/08/2000,23.70682144,23.97459412,23.43190765,23.53187752,17.66648865,23807997
11/08/2000,23.52830505,23.70682144,23.39977455,23.51045418,17.65040398,27325498
14/08/2000,23.4926033,23.69611168,23.01418304,23.51759529,17.65575981,37143638
15/08/2000,23.51759529,23.51759529,23.51759529,23.51759529,17.65575981,0
16/08/2000,23.69968033,24.33519554,23.5818615,24.09241486,18.08730888,67496889
17/08/2000,24.20666313,24.66366386,23.95674324,24.11740685,18.10606766,86149527
18/08/2000,24.06742287,24.26735878,23.96745491,24.06028175,18.06318283,25684195
21/08/2000,24.00672722,24.19952393,23.92818069,24.02814865,18.03905869,20282583
22/08/2000,24.17096138,24.43873405,24.04243088,24.15667915,18.13555145,39891989
23/08/2000,24.39946175,24.70650673,24.17453194,24.24593735,18.20255852,75956629
24/08/2000,24.20666313,24.33162498,23.84963417,23.96388435,17.99081421,46216771
25/08/2000,24.02814865,24.16382027,23.65326691,23.82107162,17.88359261,23180851
28/08/2000,23.81393051,23.92103958,23.6782589,23.72110367,17.80854225,16676686
29/08/2000,23.65683746,23.88533783,23.51402473,23.59257126,17.71205139,30320186
30/08/2000,23.90318871,24.19238281,23.6782589,24.0567112,18.06049919,42939124
31/08/2000,24.17096138,24.33519554,23.92461014,24.03171921,18.04174042,38384652
01/09/2000,24.03171921,24.03171921,24.03171921,24.03171921,18.04174042,0
04/09/2000,24.19952393,25.47412109,24.1531105,25.27061462,18.97183418,110294526
05/09/2000,25.49197388,25.67762947,25.15279579,25.40271568,19.0710144,50895798
06/09/2000,25.42056847,26.12748718,25.13494301,25.96325493,19.49183464,136969141
07/09/2000,25.7883091,26.48451805,25.71333313,25.83829308,19.39801788,105721037
08/09/2000,25.84900475,26.77728462,25.78116989,26.48451805,19.88316917,83416875
11/09/2000,26.7630024,27.63415718,26.71301842,27.35924339,20.53986549,98805506
12/09/2000,27.49134445,27.83409309,27.22000122,27.38066483,20.55594826,60658354
13/09/2000,27.55917931,27.55917931,26.56306458,26.81298637,20.12976456,82885772
14/09/2000,26.85226059,27.18072891,26.61305046,26.8272686,20.14048767,58814450
15/09/2000,26.84869003,26.93080711,25.93112183,26.13105774,19.6178093,53200335
18/09/2000,25.92041016,25.92041016,24.50300026,24.72078705,18.55905533,73399060
19/09/2000,24.57797623,25.13137245,23.84963417,24.10669518,18.09802628,68148598
20/09/2000,24.36732864,25.04568672,24.10669518,24.8136158,18.62874413,53619277
21/09/2000,24.84217834,24.99213028,24.44587517,24.84217834,18.65018845,48372162
22/09/2000,24.77791214,24.77791214,23.98887634,24.16024971,18.13822937,58990275
25/09/2000,24.42445374,24.70650673,24.13525772,24.41731262,18.33121872,48547973
26/09/2000,24.56369591,24.56369591,24.13882828,24.37089729,18.29637527,40011530
27/09/2000,24.35304642,25.32773972,23.87819672,25.1278038,18.86462593,92628316
28/09/2000,25.34916115,25.34916115,24.52799225,24.67794418,18.52689362,68963290
29/09/2000,24.83503723,24.98499107,24.35304642,24.45658684,18.36070824,37998621
02/10/2000,24.45658684,24.45658684,24.45658684,24.45658684,18.36070824,0
03/10/2000,24.28164101,24.67080307,24.1531105,24.50300026,18.39555359,41961280
04/10/2000,24.70650673,24.88502121,24.55655479,24.75292015,18.58317757,25417691
05/10/2000,24.64581108,24.79933548,24.1852417,24.28878021,18.23472786,24047388
06/10/2000,24.13882828,24.40660095,24.03171921,24.306633,18.24812698,29197467
09/10/2000,24.34947586,24.74221039,24.2102356,24.31020355,18.25081062,34534659
10/10/2000,24.35304642,24.38517952,23.8067894,23.93532181,17.96936798,30007286
11/10/2000,23.77822876,23.87819672,23.39263535,23.58543015,17.70668793,27186770
12/10/2000,23.38549423,23.88533783,23.03203392,23.37478256,17.54854584,69082160
13/10/2000,23.22483063,23.22483063,21.78599739,22.72855759,17.06339264,53499189
16/10/2000,22.92135429,23.87819672,21.79670906,22.15731049,16.63452721,68052387
17/10/2000,21.78956795,22.25727844,21.22546005,21.56106949,16.18690681,82261245
18/10/2000,21.38612366,21.6003418,21.01124191,21.30400658,15.99391651,37969127
19/10/2000,21.19332695,22.02163887,20.49354744,21.64675522,16.25123596,70267297
20/10/2000,22.08233261,22.38580894,21.14691353,21.2861557,15.9805212,88156261
23/10/2000,21.27901459,21.27901459,20.23291588,20.41143036,15.32381821,49541306
24/10/2000,20.42214012,21.04337311,20.31503105,20.90056229,15.69103241,69908756
25/10/2000,20.99338913,22.07162285,20.94340515,21.78242874,16.35309219,76804722
26/10/2000,21.98950577,22.13588715,21.71102142,21.81813049,16.37989235,18928903
27/10/2000,21.91809845,22.02877808,21.42896652,21.6324749,16.24051666,48728952
30/10/2000,21.74315453,22.09304428,21.42896652,21.49323273,16.1359787,40934463
31/10/2000,21.42539787,21.68959999,21.01481247,21.57534981,16.19762611,42509931
01/11/2000,22.16802025,22.33582497,21.74672318,22.03234863,16.54071617,72480301
02/11/2000,22.05734062,22.70713615,22.05734062,22.54290199,16.92401314,74858151
03/11/2000,22.7356987,22.90350342,22.4786377,22.53933144,16.92133141,58610896
06/11/2000,22.63216019,22.84280777,22.27869987,22.32868385,16.76319313,55849367
07/11/2000,22.14659882,22.5107708,22.14659882,22.36438751,16.7899971,36376364
08/11/2000,22.6143074,23.02132225,22.49291801,22.73926926,17.07143593,78714125
09/11/2000,22.6714325,23.04274559,22.56432343,22.78925323,17.10896492,53307147
10/11/2000,22.73926926,22.8320961,22.15373993,22.21800423,16.68009949,49235533
13/11/2000,22.1394577,22.1394577,21.5039444,21.59320068,16.21102905,32680643
14/11/2000,21.56820869,22.27155876,21.56820869,22.21086311,16.67473793,51493926
15/11/2000,22.56075478,22.66429329,22.14302826,22.3572464,16.78463364,42863682
16/11/2000,22.49291801,22.52148056,22.08947372,22.25370789,16.70690727,45646036
17/11/2000,22.20729446,22.23942757,21.95737267,22.19658279,16.66401291,47502852
20/11/2000,22.17516136,22.32154465,22.06805229,22.15016937,16.62916946,23524883
21/11/2000,22.33225441,22.33225441,21.96451378,22.07162285,16.57020187,52537002
22/11/2000,22.13588715,22.24299622,21.96451378,22.00378609,16.51927567,16058756
23/11/2000,21.92166901,22.31440353,21.79670906,22.21800423,16.68009949,35718227
24/11/2000,22.31440353,22.62858963,22.27869987,22.37509727,16.79803276,47203872
27/11/2000,22.4215126,22.84280777,22.38580894,22.75712013,17.08484268,43128757
28/11/2000,22.84637833,23.5818615,22.65358162,23.52830505,17.66379738,94755530
29/11/2000,23.42119789,23.73538399,23.13557243,23.3640728,17.54050636,72628314
30/11/2000,23.34979057,23.5818615,23.2426815,23.43190765,17.59142876,43866453
01/12/2000,23.34979057,23.5818615,23.17127609,23.4283371,17.58875275,50742057
04/12/2000,23.48546219,23.94960213,23.48546219,23.74966431,17.82998848,68788347
05/12/2000,23.88533783,24.26378822,23.8710556,24.1852417,18.15699577,52905486
06/12/2000,24.61367989,24.61367989,24.03528976,24.08170319,18.07926369,43719127
07/12/2000,24.02100754,24.30306244,23.97459412,24.10312462,18.09534645,30523740
08/12/2000,24.13525772,24.41374207,24.07456207,24.23522758,18.19452286,59695425
11/12/2000,24.34233665,24.77434349,24.27807045,24.70293617,18.54565048,84918820
12/12/2000,24.77791214,24.79219437,24.52799225,24.58511734,18.45720291,33331820
13/12/2000,24.70650673,24.95999908,24.59225655,24.80647469,18.62338066,57066266
14/12/2000,24.84217834,25.1920681,24.63510132,24.72792816,18.56441879,88461585
15/12/2000,24.63510132,24.63510132,24.01386833,24.13168716,18.11679459,56209434
18/12/2000,23.92103958,24.48514748,23.56757927,24.37089729,18.29637527,53342732
19/12/2000,24.51013947,24.60653877,24.14239883,24.23522758,18.19452286,49308314
20/12/2000,24.63510132,24.63510132,24.09241486,24.41017151,18.32585907,29325971
21/12/2000,24.28521156,24.63153076,24.03171921,24.44230461,18.34998703,59473245
22/12/2000,24.59939766,24.77791214,24.08170319,24.14953995,18.13019371,49839151
25/12/2000,24.14953995,24.14953995,24.14953995,24.14953995,18.13019371,0
26/12/2000,24.06742287,24.41374207,23.31765747,23.42119789,17.58339119,53423649
27/12/2000,23.27838516,23.92103958,23.13557243,23.78179741,17.8541069,56125604
28/12/2000,23.97816467,24.29235268,23.76394653,24.19238281,18.16235352,56613447
29/12/2000,24.16739082,24.32805443,24.06742287,24.20309448,18.17039299,37622350
01/01/2001,24.27807045,24.53870392,24.20666313,24.4030304,18.32050133,42128577
02/01/2001,24.30306244,25.63478661,24.29592133,25.29917717,18.99328423,92764775
03/01/2001,25.34916115,25.82758331,25.20635033,25.70976257,19.30152512,123856212
04/01/2001,25.64192772,26.1988945,25.43484879,25.54909897,19.18091202,83784183
05/01/2001,25.45627022,26.19175339,25.45627022,26.01323891,19.52935982,104474953
08/01/2001,25.8847065,26.23816872,25.50982475,25.72047234,19.3095665,95828393
09/01/2001,25.66334915,25.83472252,25.49911499,25.55981064,19.18894386,63211442
10/01/2001,25.6026535,25.80973053,24.93143654,25.11352158,18.85389709,66251757
11/01/2001,25.17064667,25.51339531,25.0635376,25.40628624,19.07369232,57008778
12/01/2001,25.48840332,25.59194183,25.27775574,25.31702995,19.00668526,33646611
15/01/2001,25.28132629,25.45627022,25.13494301,25.38843536,19.06028748,27697623
16/01/2001,25.38843536,26.4488163,25.38843536,26.30600357,19.74915314,145605043
17/01/2001,26.49880028,26.52379227,25.79545021,25.8525753,19.40873909,58317336
18/01/2001,25.92041016,26.17033195,25.80258942,26.0453701,19.55348015,38235547
19/01/2001,26.07036209,26.69159508,26.07036209,26.35598755,19.78667641,91923124
22/01/2001,26.34884644,26.84154892,26.28458214,26.74158096,20.07616234,106260122
23/01/2001,26.75943184,27.43778992,26.75943184,27.25213432,20.4594574,115872538
24/01/2001,27.44850159,27.45564079,27.02720451,27.15930557,20.38976479,76479540
25/01/2001,27.24142265,27.38423538,26.89510345,27.25570488,20.46213913,62876484
26/01/2001,27.25570488,27.25570488,27.25570488,27.25570488,20.46213913,0
29/01/2001,27.13431358,27.13431358,25.77759743,26.96651077,20.24502563,71061907
30/01/2001,27.03077507,27.91978073,27.03077507,27.82338333,20.88831711,147232440
31/01/2001,28.91946602,28.91946602,27.2057209,27.46278191,20.61759567,82628245
01/02/2001,27.38423538,27.74840546,26.61305046,27.57346153,20.70069122,178438559
02/02/2001,27.45564079,28.26967049,27.41636848,28.16970253,21.14832306,141852072
05/02/2001,28.06973457,28.59813881,27.8662262,28.50174141,21.39759254,149430501
06/02/2001,28.56243515,28.74095154,28.29466248,28.40891266,21.32790184,84708376
07/02/2001,28.25181961,28.41605377,27.99118614,28.09472656,21.09202766,50935108
08/02/2001,27.93406105,28.38035011,27.88407707,28.27324104,21.22605324,66988585
09/02/2001,28.34821892,28.70524788,28.15185165,28.48388863,21.38419342,97611280
12/02/2001,28.29466248,29.01943588,28.22325706,28.60170937,21.47264481,92278010
13/02/2001,28.70524788,29.4121685,28.38392067,29.28006744,21.98192215,119497901
14/02/2001,29.62281609,29.80490112,29.24436378,29.67280006,22.27676773,125432815
15/02/2001,29.63352776,30.37615013,29.49071503,30.18335342,22.66005898,205960791
16/02/2001,30.26904106,30.65820503,29.99055862,30.16550255,22.64665222,177636541
19/02/2001,30.20477676,30.49397087,29.88344955,30.37257957,22.80212021,89147661
20/02/2001,30.27618217,30.45826721,30.06196404,30.19049454,22.66542816,100213930
21/02/2001,30.20834541,30.33687782,29.42645073,29.56926155,22.19903183,110495812
22/02/2001,29.49071503,29.91915131,29.17652893,29.60853577,22.22852135,109056397
23/02/2001,29.63709831,30.03340149,29.24793434,29.36932564,22.04893303,108219311
26/02/2001,29.29077721,29.48357391,28.79450607,29.00872421,21.77821159,87129836
27/02/2001,29.09798241,29.22294235,28.36963844,28.71238899,21.55573654,78573731
28/02/2001,28.70524788,29.99055862,28.60885048,29.56926155,22.19903183,154742009
01/03/2001,29.70493317,31.84711647,29.70493317,31.29014969,23.49098396,223194307
02/03/2001,31.41867828,32.20414734,29.64423752,29.92629242,22.46707344,187886955
05/03/2001,30.02626038,30.34758759,28.74095154,29.18009949,21.90686798,132200024
06/03/2001,29.18009949,29.18009949,29.18009949,29.18009949,21.90686798,0
07/03/2001,29.41930962,30.32616615,28.46246719,29.41930962,22.08645439,105663297
08/03/2001,29.52284813,30.00126839,29.20866013,29.51927757,22.16150284,62047073
09/03/2001,29.35504341,29.35504341,28.46603775,29.24079323,21.95243645,54988278
12/03/2001,29.21223068,29.41930962,28.70524788,29.13368416,21.87202644,51412616
13/03/2001,28.63741112,29.88344955,26.80584526,27.7127037,20.80522537,73733177
14/03/2001,27.77696991,28.91232681,27.50205421,28.51959229,21.41099548,47229178
15/03/2001,28.06259346,28.66597557,27.7127037,28.36606979,21.2957325,34790561
16/03/2001,28.13399887,28.50888062,27.07004929,27.41993713,20.58542824,44860430
19/03/2001,27.2057209,27.70556259,26.82012749,27.31282806,20.50502396,31633267
20/03/2001,27.41993713,27.47349358,26.45595551,26.65946388,20.0145092,25515540
21/03/2001,26.88439369,28.79450607,26.08107376,28.6552639,21.51285553,46522683
22/03/2001,28.94445801,29.19080925,27.91978073,28.09115601,21.08934402,40167819
23/03/2001,28.13399887,28.60885048,26.72729874,27.10218048,20.34687996,49623609
26/03/2001,27.13431358,27.60559464,26.85582924,27.43421936,20.59615517,24811230
27/03/2001,27.34853172,28.16256142,27.25570488,27.8983593,20.9446106,41114839
28/03/2001,28.20540428,28.91946602,28.10543633,28.70524788,21.55037498,37356183
29/03/2001,28.65169334,28.98016167,28.13399887,28.3089447,21.25285149,53399898
30/03/2001,28.14113998,28.32679558,27.60916519,27.81624222,20.88295555,34400048
02/04/2001,27.59845352,28.11971855,26.74515152,27.92335129,20.96336746,39069902
03/04/2001,27.84837532,28.20540428,27.56275177,27.90906906,20.95264435,21535935
04/04/2001,27.14502525,27.68414116,27.00935364,27.35567284,20.53718758,20329316
05/04/2001,27.35567284,27.35567284,27.35567284,27.35567284,20.53718758,0
06/04/2001,27.34853172,28.0590229,27.2057209,27.33068085,20.51842117,16347064
09/04/2001,27.14859581,27.39851761,25.11709213,25.50982475,19.15142441,68517838
10/04/2001,25.36344337,25.36344337,23.29980659,23.46404076,17.61555672,51180311
11/04/2001,23.56400871,24.10312462,21.89667702,23.15342331,17.38236237,79577889
12/04/2001,22.70713615,22.70713615,20.85771942,21.23260117,15.94030952,91028313
13/04/2001,21.23260117,21.23260117,21.23260117,21.23260117,15.94030952,0
16/04/2001,20.89342117,22.35010529,20.70776558,22.00378609,16.51927567,63144487
17/04/2001,21.92166901,22.97847939,21.8502636,22.50719833,16.89721107,55346202
18/04/2001,22.4215126,23.55686951,21.63604546,23.3640728,17.54050636,92069344
19/04/2001,23.56043816,27.03434563,23.56043816,26.40240288,19.82152367,148974490
20/04/2001,26.41311264,26.77014351,25.21348953,25.62407494,19.23719597,80686282
23/04/2001,25.34916115,25.9489727,25.04568672,25.28489685,18.9825573,45602314
24/04/2001,25.07781982,25.20635033,24.59939766,24.95285797,18.733284,37334378
25/04/2001,24.99213028,25.92041016,24.84931946,25.60979462,19.22647667,69473779
26/04/2001,25.73832512,26.12748718,25.12066269,25.33845139,19.42186737,71457307
27/04/2001,25.0635376,25.0635376,23.74966431,24.66009331,18.90190887,72373573
30/04/2001,24.89930344,25.23491287,23.84963417,24.45658684,18.7459259,46574990
01/05/2001,24.45658684,24.45658684,24.45658684,24.45658684,18.7459259,0
02/05/2001,24.42088318,24.74221039,24.00672722,24.44230461,18.73497391,31688179
03/05/2001,24.34947586,24.90644455,24.25307846,24.56012344,18.82528114,32772960
04/05/2001,24.50300026,24.70650673,24.34947586,24.54227257,18.81159782,17594955
07/05/2001,24.49228859,24.80647469,24.24593735,24.34233665,18.65834999,15749006
08/05/2001,24.3137722,24.86359978,24.28164101,24.71364784,18.94295883,30808142
09/05/2001,24.77791214,25.54909897,24.74578094,25.11709213,19.25220299,62306141
10/05/2001,25.1278038,25.47055244,25.03497505,25.35987282,19.43829155,30532185
11/05/2001,25.45270157,25.79902077,25.28846741,25.37415314,19.4492321,31238931
14/05/2001,25.34916115,25.8525753,25.32416916,25.6919117,19.69279671,24879040
15/05/2001,25.49197388,26.59162712,24.86002922,26.47737885,20.29485512,65107625
16/05/2001,26.60590935,26.7630024,26.07393456,26.20246506,20.08413506,46455448
17/05/2001,26.34170532,27.49491501,26.34170532,27.31640053,20.93796158,81220452
18/05/2001,27.46992302,27.48063469,26.63447189,26.76657295,20.51651955,42258187
21/05/2001,26.56306458,27.24142265,26.53450394,26.89510345,20.61503601,40671474
22/05/2001,26.98079109,27.24142265,26.8272686,26.95222855,20.65882301,29510899
23/05/2001,26.923666,27.36638451,26.90938568,27.20928955,20.85586166,26407985
24/05/2001,27.2057209,28.16256142,27.2057209,28.05545235,21.50444412,94556989
25/05/2001,28.13042831,28.3982029,27.92335129,28.10186768,21.5400219,59731991
28/05/2001,28.13399887,28.69810677,28.13399887,28.47674942,21.82736969,36493007
29/05/2001,28.49102974,29.05870819,28.34821892,28.80521774,22.07913589,42811487
30/05/2001,28.99087143,29.04085732,27.84480476,27.95905495,21.43055344,54700207
31/05/2001,27.81981277,28.11971855,27.34853172,28.01260948,21.4716053,42893875
01/06/2001,28.08044434,28.15185165,26.99864197,27.15216637,20.81207657,43078103
04/06/2001,27.27712631,27.34496117,26.50951195,26.75943184,20.51104736,31130355
05/06/2001,26.61661911,26.97722054,26.45595551,26.63090134,20.41252899,28362650
06/06/2001,26.77014351,26.84869003,25.9811058,26.10249519,20.00750542,39624813
07/06/2001,26.20603561,26.23816872,25.50268555,26.00609779,19.93362045,52703851
08/06/2001,26.06322289,26.66660309,26.01680946,26.4488163,20.27296066,50362650
11/06/2001,26.42025375,26.59519768,26.14176941,26.47023773,20.28937721,37387314
12/06/2001,26.41311264,26.5130806,26.24173737,26.4238224,20.25379944,19314752
13/06/2001,26.49165916,26.91295433,26.4238224,26.80584526,20.54662323,32180868
14/06/2001,26.69516754,27.01292419,25.85614586,25.98467636,19.91719818,65138602
15/06/2001,25.85614586,25.85614586,25.21348953,25.53481865,19.57238007,47495514
18/06/2001,25.35630226,25.49197388,24.21380424,24.32091331,18.64192963,55464526
19/06/2001,24.27807045,24.84931946,24.25307846,24.76720238,18.98400497,36523999
20/06/2001,23.92103958,25.0635376,23.92103958,24.62438965,18.87454224,26094230
21/06/2001,24.61724854,25.02426338,24.27807045,24.35661697,18.66929626,47233211
22/06/2001,24.42088318,24.54941368,24.00672722,24.44944572,18.74044991,31187017
25/06/2001,24.32805443,24.4994297,23.9603138,24.38160896,18.68844795,24725145
26/06/2001,24.3137722,24.9100132,24.20666313,24.76363182,18.98127365,28403417
27/06/2001,24.70650673,25.69905281,24.47800636,25.5705204,19.59975052,44329523
28/06/2001,25.56337929,26.1667614,25.45627022,25.87042618,19.82962608,38544176
29/06/2001,25.8847065,26.66660309,25.71333313,26.31314468,20.16897011,26944326
02/07/2001,26.47737885,28.20540428,25.15636444,25.60979462,19.62985802,14112521
03/07/2001,24.96356964,25.13494301,23.13557243,23.52116585,18.02892685,65799036
04/07/2001,23.06416702,23.67111969,22.99276161,23.29266548,17.85377884,39504767
05/07/2001,23.70682144,24.02100754,23.42476845,23.68897057,18.15754509,28086259
06/07/2001,23.13557243,23.51402473,22.92135429,23.25696373,17.82641602,17151702
09/07/2001,23.13557243,23.56400871,22.57146454,23.3640728,17.90851212,35909821
10/07/2001,23.67111969,23.91389847,23.34979057,23.82821274,18.2642746,24974270
11/07/2001,23.70682144,24.33162498,23.49974442,24.03528976,18.42299843,16015356
12/07/2001,24.17096138,24.47086716,24.07813263,24.29235268,18.62003326,17476842
13/07/2001,24.4030304,25.04568672,23.72824478,24.56369591,18.8280201,28580447
16/07/2001,24.19952393,24.42088318,23.56400871,23.70682144,18.1712265,21472159
17/07/2001,23.4926033,24.02100754,23.21412086,23.77822876,18.22596169,16188394
18/07/2001,23.85320473,23.95317268,23.20697975,23.3319397,17.88387871,20781490
19/07/2001,23.20697975,23.31051826,22.92135429,23.14271355,17.7388401,16907479
20/07/2001,23.27838516,23.28552628,22.17159081,22.41437149,17.18056488,25611498
23/07/2001,22.13588715,22.56432343,21.42182732,22.35010529,17.13130379,1948391
24/07/2001,21.50751495,22.60002708,21.50751495,22.44650459,17.20520401,13896909
25/07/2001,22.45721436,22.52505112,22.0430603,22.18587112,17.0054245,17154376
26/07/2001,21.99307442,22.30726242,21.62176323,21.76814651,16.68523788,30470005
27/07/2001,21.67174721,21.98950577,21.42182732,21.85383415,16.75091553,17946522
30/07/2001,21.81098938,22.4215126,21.65746689,22.33939552,17.12310028,21004692
31/07/2001,22.47506714,22.90350342,21.68245888,22.7678318,17.4514904,55492156
01/08/2001,22.91778374,23.01061249,22.29655075,22.52862167,17.26814461,26261387
02/08/2001,22.4215126,22.91421318,22.10375595,22.69285583,17.39402008,22788924
03/08/2001,22.6714325,22.92849541,22.15731049,22.65001106,17.36118698,48046979
06/08/2001,22.63573074,23.18198776,22.5107708,23.07844734,17.68958282,25558407
07/08/2001,22.92492485,23.56400871,22.92492485,23.50331306,18.01523972,32886578
08/08/2001,23.19983864,23.63541603,23.03203392,23.45332909,17.97692108,24997699
09/08/2001,23.27838516,24.26021957,23.20697975,23.97816467,18.37921524,32633546
10/08/2001,24.13525772,24.38160896,23.85677338,24.26378822,18.59814262,35529952
13/08/2001,24.24236679,24.34233665,23.17841721,23.31765747,17.87293816,27804630
14/08/2001,23.54258728,23.54258728,22.82495689,22.92492485,17.57190895,41322595
15/08/2001,22.92492485,22.92492485,22.92492485,22.92492485,17.57190895,0
16/08/2001,23.06416702,23.66754723,22.92135429,23.34265137,17.89208984,40314418
17/08/2001,23.34979057,23.47832108,22.58217621,22.67500305,17.38034439,37882790
20/08/2001,22.49291801,22.9856205,22.46078491,22.69642448,17.39676285,27714988
21/08/2001,22.70713615,23.04274559,22.70713615,22.77140236,17.45423889,25945335
22/08/2001,22.77140236,22.77140236,22.77140236,22.77140236,17.45423889,0
23/08/2001,22.84280777,24.13525772,22.57146454,22.63573074,17.35024261,24387653
24/08/2001,22.70713615,22.72498894,22.43579292,22.50362968,17.24898529,20928018
27/08/2001,22.70713615,22.84280777,22.3572464,22.51433945,17.2571907,18360044
28/08/2001,22.41437149,22.68571472,22.29298019,22.33939552,17.12310028,14452184
29/08/2001,22.27869987,22.86779976,22.27155876,22.7356987,17.42686272,48566417
30/08/2001,22.65358162,22.94991684,22.49291801,22.78568268,17.46517563,27727662
31/08/2001,22.7356987,22.77854156,22.10375595,22.21800423,17.030056,39395546
03/09/2001,22.20729446,22.49291801,22.20729446,22.32868385,17.11488342,16171687
04/09/2001,22.34296417,22.59288788,22.03948975,22.44650459,17.20520401,22366089
05/09/2001,22.35010529,22.56432343,22.12160683,22.21800423,17.030056,11804371
06/09/2001,22.70713615,22.70713615,22.10018539,22.25013733,17.05468178,16967446
07/09/2001,22.40008926,22.40008926,21.85383415,21.97165489,16.84122658,20467497
10/09/2001,21.92166901,22.09304428,21.65389633,21.71816254,16.64692497,12647198
11/09/2001,21.81455994,21.92166901,21.63604546,21.78242874,16.69618607,14673580
12/09/2001,21.06479645,21.52893639,19.71165085,21.27187347,16.30484772,34785814
13/09/2001,21.42182732,21.63604546,20.56852341,20.72918892,15.88887978,20201511
14/09/2001,20.82915688,20.82915688,18.65841103,18.65841103,14.30163383,31589350
17/09/2001,18.01218605,18.9583168,17.20886612,18.75480843,14.37552071,100059643
18/09/2001,18.56558228,19.88659668,17.85152245,18.07645035,13.85555935,87037267
19/09/2001,18.56558228,18.67269135,17.36239052,17.63016319,13.51347923,54005126
20/09/2001,17.27313232,17.53019524,16.55193138,17.1303215,13.13035488,61146786
21/09/2001,16.68403244,16.70902443,15.42014503,15.47012901,11.85782146,73484375
24/09/2001,15.53082371,16.19847107,15.32374668,15.79145718,12.10411739,101903813
25/09/2001,16.07351112,16.35199356,14.53827953,14.75249767,11.30775928,99719112
26/09/2001,14.9881382,16.23060417,14.9881382,16.2198925,12.43251324,91794116
27/09/2001,15.34873867,17.48021126,15.34873867,17.25885201,13.2288723,134391056
28/09/2001,17.42308617,18.98687935,17.03035164,18.8940506,14.48225117,145786541
01/10/2001,18.85120773,19.38675308,18.08716202,18.53344917,14.20584869,204260754
02/10/2001,18.53344917,18.53344917,18.53344917,18.53344917,14.20584869,0
03/10/2001,18.63698959,18.7012558,17.28741455,17.60874176,13.49706459,99945731
04/10/2001,17.78368568,18.26567841,17.39095306,17.81224823,13.65305233,149091469
05/10/2001,17.78011513,18.35136414,17.39452362,17.89793587,13.71872807,71438233
08/10/2001,17.28027344,18.27638817,17.17316437,18.01932716,13.8117733,103922801
09/10/2001,18.20855331,18.40848923,17.79439735,18.0728817,13.85282326,103584608
10/10/2001,17.99433327,18.83692551,17.99433327,18.43348122,14.12922478,90542542
11/10/2001,18.56558228,19.18681526,18.56558228,18.95117569,14.52603531,79497826
12/10/2001,19.07613754,19.47958183,18.92975426,19.06899643,14.61634445,87830406
15/10/2001,18.96545792,19.75806427,18.77980042,19.53670692,14.97484398,66342603
16/10/2001,19.62953377,19.7723465,19.39746475,19.53670692,14.97484398,45376787
17/10/2001,19.63667488,20.47212601,19.49386215,20.31860352,15.57416344,59714247
18/10/2001,19.97228241,20.0294075,19.57240868,19.70450974,15.10346603,42306432
19/10/2001,19.67237854,19.88659668,19.52956581,19.74378395,15.13356686,38912730
22/10/2001,19.76163483,20.23648643,19.27964401,19.47958183,14.93105602,42206273
23/10/2001,19.75806427,19.82590103,19.51171494,19.62953377,15.04599285,26546026
24/10/2001,19.85089302,19.85089302,18.8940506,18.99044991,14.55613899,47907075
25/10/2001,19.2082386,19.24394035,18.69054413,18.84406662,14.4439373,27738810
26/10/2001,18.84406662,18.84406662,18.84406662,18.84406662,14.4439373,0
29/10/2001,18.99402046,19.30820656,18.35850525,18.59771538,14.25510883,30511794
30/10/2001,18.27995872,18.40134811,17.93363953,18.03360748,13.82272243,34700611
31/10/2001,18.1371479,18.45490456,17.7265625,18.16570854,13.9239769,107369902
01/11/2001,18.35136414,18.77266121,18.22640419,18.61556625,14.26879215,54707587
02/11/2001,18.60128593,19.2082386,18.56915283,18.77623177,14.39194298,44285269
05/11/2001,18.80836487,18.80836487,18.36921692,18.67269135,14.31257725,34339311
06/11/2001,18.92261314,19.06542587,18.47632599,18.74409866,14.36730766,33712838
07/11/2001,18.9583168,19.02972221,18.30138016,18.50131798,14.18122101,22285087
08/11/2001,18.49417686,18.74052811,17.9836235,18.61556625,14.26879215,41576201
09/11/2001,18.81550407,19.02615166,18.58700562,18.85477829,14.45214748,34613167
12/11/2001,18.91547394,19.23679924,18.80122375,19.00830078,14.5698204,27757758
13/11/2001,18.99402046,19.24394035,18.80122375,19.16896439,14.69297218,32125312
14/11/2001,19.41531563,19.6188221,19.36176109,19.50814438,14.95294857,12335502
15/11/2001,19.49386215,19.97228241,19.42245674,19.85446358,15.21840286,31320535
16/11/2001,19.85446358,19.85446358,19.85446358,19.85446358,15.21840286,0
19/11/2001,20.28647041,21.84312248,20.28647041,21.79670906,16.70713043,71040018
20/11/2001,22.13588715,22.20729446,20.56495476,20.78274155,15.9299221,44342547
21/11/2001,20.85057831,21.58249092,20.5292511,21.02195358,16.11328697,40602096
22/11/2001,21.06479645,21.30757713,20.71490669,20.84343719,15.97644997,31503531
23/11/2001,20.85057831,21.17190552,20.33288383,20.84343719,15.97644997,36048423
26/11/2001,21.11478043,21.54321671,21.01124191,21.32185745,16.34316444,36689979
27/11/2001,21.56463814,21.77171707,20.76489067,20.93626595,16.04759979,27767645
28/11/2001,20.93626595,21.01124191,20.37215614,20.74703979,15.90256119,32388329
29/11/2001,20.70776558,20.83629608,20.42214012,20.70419693,15.86972046,24401629
30/11/2001,20.70419693,20.70419693,20.70419693,20.70419693,15.86972046,0
03/12/2001,20.7863121,20.9719677,20.42214012,20.73989868,15.8970871,26789941
04/12/2001,20.85057831,21.49323273,20.7791729,21.31471825,16.33768654,34449596
05/12/2001,21.78956795,22.55004311,21.70745087,22.37152863,17.14772797,45707249
06/12/2001,22.84994888,23.17127609,21.85740471,22.13231659,16.96437454,48654406
07/12/2001,22.13588715,22.55004311,22.13588715,22.27869987,17.07657623,30398723
10/12/2001,22.20729446,22.84637833,22.20729446,22.49648857,17.24350548,20566620
11/12/2001,22.49291801,22.69642448,22.06805229,22.16802025,16.99174118,23066337
12/12/2001,22.35010529,22.84280777,22.07162285,22.20729446,17.02184486,25557637
13/12/2001,22.33225441,22.77854156,21.11120987,22.20729446,17.02184486,57676438
14/12/2001,22.20729446,22.27869987,21.79670906,22.15731049,16.98353004,18745655
17/12/2001,22.15731049,22.15731049,22.15731049,22.15731049,16.98353004,0
18/12/2001,22.13588715,22.46078491,21.60748291,22.07519341,16.92058945,21648727
19/12/2001,22.41437149,22.41437149,21.92166901,22.0430603,16.89595413,35696394
20/12/2001,22.02877808,22.27869987,21.60748291,22.15731049,16.98353004,24662041
21/12/2001,21.77885628,22.24299622,21.77885628,22.16087914,16.98626709,14107101
24/12/2001,21.8502636,22.30726242,21.77885628,22.18587112,17.0054245,13869867
25/12/2001,22.18587112,22.18587112,22.18587112,22.18587112,17.0054245,0
26/12/2001,22.12874794,22.35010529,21.66460609,21.90738869,16.79196548,9321039
27/12/2001,21.77885628,21.8823967,21.29329681,21.58249092,16.54293442,35795461
28/12/2001,21.42182732,21.77171707,20.65064049,21.55749893,16.52377701,29663225
31/12/2001,21.70745087,22.05377007,21.32185745,21.86454582,16.75912666,16250994
01/01/2002,21.77171707,22.05734062,21.60748291,21.77885628,16.69344521,9645367
02/01/2002,21.71102142,21.8502636,21.49323273,21.67888832,16.61681175,9579602
03/01/2002,21.77885628,21.91809845,21.08264732,21.16833496,16.22548294,22102484
04/01/2002,21.49323273,23.26053429,21.27901459,22.92492485,17.57190895,62707885
07/01/2002,22.77854156,23.60328293,22.65715218,22.84994888,17.51443291,42526568
08/01/2002,22.92492485,23.20697975,22.53576279,22.69642448,17.39676285,23035569
09/01/2002,22.84994888,23.95674324,22.57146454,23.44618988,17.97145271,87376887
10/01/2002,23.57114983,23.89604759,22.96419716,23.18198776,17.76894188,34331917
11/01/2002,23.34979057,23.92103958,22.71070671,23.33551025,17.88662148,42278396
14/01/2002,23.63541603,24.56369591,23.01061249,23.25696373,17.82641602,65636529
15/01/2002,23.19983864,23.48546219,22.87494087,23.04631424,17.66494751,23187797
16/01/2002,23.21412086,23.31408882,22.57146454,22.86779976,17.52812004,18179387
17/01/2002,22.63573074,23.06059647,22.53219032,22.75712013,17.44328308,27352232
18/01/2002,23.55686951,23.55686951,22.02877808,22.25013733,17.05468178,32497955
21/01/2002,22.35010529,22.54290199,22.20729446,22.30726242,17.09846687,14862513
22/01/2002,22.27869987,22.76426125,22.06805229,22.32154465,17.10941887,27447966
23/01/2002,22.27869987,22.62858963,22.18944168,22.46792603,17.22161674,16462461
24/01/2002,22.52862167,22.63573074,22.24299622,22.3893795,17.16141701,11791529
25/01/2002,22.48934746,22.49291801,22.27869987,22.4786377,17.2298317,8558065
28/01/2002,22.56432343,23.13557243,22.3251133,22.45364571,17.21066856,32907556
29/01/2002,22.56432343,22.73926926,22.41437149,22.6071682,17.32835007,21020125
30/01/2002,22.48577881,22.70713615,22.07876205,22.42508125,17.18877792,19921605
31/01/2002,22.92135429,22.92135429,21.25045204,21.42896652,16.42525864,94887745
01/02/2002,21.46824074,21.80742073,21.2861557,21.46824074,16.45535851,62540337
04/02/2002,21.88596535,21.88596535,21.18261528,21.62176323,16.57303429,26850286
05/02/2002,21.27901459,21.56463814,20.85771942,20.98624992,16.08591461,45867165
06/02/2002,21.06479645,21.24331284,20.73275757,20.82915688,15.96550369,61498409
07/02/2002,20.85057831,22.69999695,20.84700775,21.98950577,16.8549118,113657573
08/02/2002,21.99307442,22.45721436,21.86454582,22.22157478,17.03279114,59848718
11/02/2002,22.4215126,22.63573074,21.92881012,22.03591919,16.89048958,34021971
12/02/2002,22.13588715,22.45721436,21.97165489,22.07876205,16.92332268,40477289
13/02/2002,22.13588715,22.35010529,22.08233261,22.13588715,16.96711159,47407776
14/02/2002,22.30726242,22.59288788,22.14302826,22.24656677,17.05194664,28104451
15/02/2002,22.35010529,22.83566666,22.21800423,22.53576279,17.2736187,69678425
18/02/2002,22.70713615,22.97847939,22.58574677,22.76069069,17.44601631,49775515
19/02/2002,22.8642292,23.06416702,22.74283981,22.91064453,17.56096268,40018084
20/02/2002,22.6714325,22.73926926,22.36081696,22.6393013,17.35297394,25876728
21/02/2002,22.7356987,22.92135429,22.31440353,22.45007324,17.20793152,19779727
22/02/2002,22.35010529,22.51791,22.32154465,22.48577881,17.23530006,11669172
25/02/2002,22.50719833,22.61787987,22.35010529,22.47149658,17.2243557,12099948
26/02/2002,22.66429329,23.13557243,22.53576279,22.94634628,17.58832169,40451157
27/02/2002,23.13557243,23.5818615,22.72498894,23.26053429,17.82915497,101030821
28/02/2002,23.33551025,23.51759529,21.78242874,21.98236465,16.84943581,83680802
01/03/2002,21.99307442,23.18555641,21.79670906,23.01418304,17.64031982,63239227
04/03/2002,23.84963417,24.27807045,22.27869987,22.39652061,17.16688347,158828803
05/03/2002,22.77854156,22.80710411,22.28583908,22.40366173,17.17235947,61248668
06/03/2002,21.99307442,22.95705795,21.87882614,21.96808243,16.83848953,46666285
07/03/2002,22.13588715,22.30726242,21.89667702,22.2287159,17.03826523,30686653
08/03/2002,22.27155876,22.45721436,21.82527161,21.91809845,16.8001709,25543031
11/03/2002,22.09661484,22.09661484,21.21117973,21.31114769,16.33494377,55717669
12/03/2002,21.34328079,21.3825531,20.81487465,20.86842918,15.99560642,36594497
13/03/2002,20.92198372,21.32185745,20.85057831,20.96839714,16.07222939,38789212
14/03/2002,21.21117973,21.30757713,21.01481247,21.24331284,16.28294945,22150267
15/03/2002,21.29686546,22.09661484,21.29686546,21.99664688,16.86038208,58963177
18/03/2002,22.18587112,22.33582497,21.78599739,21.90024757,16.7864933,28846110
19/03/2002,21.92166901,21.97165489,21.29686546,21.39326477,16.397892,22878230
20/03/2002,21.49323273,21.76814651,21.31471825,21.68959999,16.62503242,33074349
21/03/2002,21.56463814,21.75386429,21.50037384,21.67531776,16.61408424,16132181
22/03/2002,21.4146862,21.75029564,21.21474838,21.69317055,16.62776756,26800906
25/03/2002,21.69317055,21.69317055,21.69317055,21.69317055,16.62776756,0
26/03/2002,21.59320068,21.6003418,21.33613968,21.42182732,16.41978455,17638257
27/03/2002,21.62890434,21.66460609,21.05408478,21.42896652,16.42525864,32848472
28/03/2002,21.49323273,21.65389633,21.24688148,21.44324875,16.43620682,42148435
29/03/2002,21.44324875,21.44324875,21.44324875,21.44324875,16.43620682,0
01/04/2002,21.53964615,22.01449776,21.37184334,21.57534981,16.53745651,35258574
02/04/2002,21.45752907,21.72530365,21.45752907,21.67531776,16.61408424,21033737
03/04/2002,21.66817856,21.66817856,21.24688148,21.34684944,16.36231613,14761709
04/04/2002,21.45752907,22.84280777,21.45752907,21.80384827,16.71260643,138320973
05/04/2002,21.86811447,22.20729446,21.77885628,21.82884026,16.73176193,46535736
08/04/2002,21.93952179,22.00735664,21.56820869,21.63604546,16.58397865,24111052
09/04/2002,21.67174721,21.71816254,21.36470222,21.43253708,16.42798996,19790832
10/04/2002,21.42182732,21.57892036,21.02195358,21.15405464,16.21454048,37386600
11/04/2002,21.28972626,21.45396042,21.08621788,21.17547607,16.23096085,11311359
12/04/2002,21.19689751,21.40754509,21.10407066,21.29686546,16.32400131,14316453
15/04/2002,21.27901459,21.41111565,20.94697571,21.02552223,16.11601448,9075948
16/04/2002,20.99338913,21.08978844,20.51853943,20.63993073,15.82046127,21118198
17/04/2002,20.83986664,20.87914085,20.61136818,20.71133614,15.87519264,13138234
18/04/2002,20.85057831,21.11835098,20.7791729,20.8755703,16.00107956,27042174
19/04/2002,20.88985062,21.35042191,20.15436935,20.32931328,15.58237267,26920238
22/04/2002,20.35073471,20.66849327,20.01155663,20.51139832,15.7219429,24606472
23/04/2002,20.57923508,21.0362339,20.43285179,20.79345322,15.93813515,51300609
24/04/2002,20.92198372,22.83566666,20.63636017,20.68277359,15.85329723,16814924
25/04/2002,20.74346924,20.77203178,20.36501694,20.49354744,15.70826149,23665824
26/04/2002,20.5292511,20.77203178,20.39357948,20.60065651,15.7903595,15820877
29/04/2002,20.63636017,20.63636017,19.46887016,19.65809631,15.06789207,66095201
30/04/2002,19.63667488,19.97228241,19.53313637,19.87588501,15.23482132,23646232
01/05/2002,19.87588501,19.87588501,19.87588501,19.87588501,15.23482132,0
02/05/2002,20.27575874,20.42214012,20.10081482,20.30432129,15.56321526,18346250
03/05/2002,20.35073471,20.70419693,20.32931328,20.55424309,15.75478458,24265829
06/05/2002,20.56852341,20.7791729,20.53996277,20.68634415,15.85604191,19012565
07/05/2002,20.63636017,21.01481247,20.50425911,20.93269539,16.04486847,16862118
08/05/2002,20.99338913,21.09335899,20.60779762,20.70419693,15.86972046,24711295
09/05/2002,20.88628006,21.04694557,20.65421104,20.81130409,15.95181847,16979041
10/05/2002,20.82201576,20.87199974,20.35787582,20.56852341,15.76573181,18418596
13/05/2002,20.70776558,20.70776558,20.37215614,20.42214012,15.65352726,11945493
14/05/2002,20.55067253,20.62921906,20.20792389,20.25790787,15.52764606,12623769
15/05/2002,20.32931328,20.49354744,20.00798607,20.20078278,15.4838562,15197303
16/05/2002,20.2793293,20.30075073,19.64738464,19.84375191,15.21019459,18686347
17/05/2002,19.92229843,20.52568054,19.67951775,20.05083084,15.36891651,40395769
20/05/2002,20.68634415,20.69348526,19.45815849,19.72236252,15.11715126,34081238
21/05/2002,19.46529961,19.51885414,17.75155449,18.72624779,14.3536272,79381407
22/05/2002,18.6691227,18.74409866,18.20855331,18.47632599,14.16206551,29677090
23/05/2002,18.42277145,18.55130196,17.90150642,18.14071655,13.9048214,28533504
24/05/2002,18.58700562,19.56526756,18.58700562,19.32248878,14.8106432,44689282
27/05/2002,19.61525345,19.61525345,18.92975426,19.23323059,14.74223042,25100939
28/05/2002,19.12255096,19.12255096,18.42991257,18.56558228,14.23047733,33161820
29/05/2002,19.63667488,19.63667488,18.36921692,18.94403458,14.52056026,24699489
30/05/2002,18.59057426,19.25465202,18.59057426,18.6691227,14.30984211,30406943
31/05/2002,18.77266121,18.99402046,18.25853729,18.81550407,14.42204094,30189483
03/06/2002,19.10469818,19.41888618,18.72267723,19.304636,14.79696178,37182360
04/06/2002,19.31534767,19.62953377,19.1439724,19.49386215,14.94200134,29704678
05/06/2002,19.49386215,19.81518936,19.42245674,19.59383011,15.01862812,26497907
06/06/2002,19.63667488,19.77948761,19.30820656,19.65452576,15.06515121,25395900
07/06/2002,19.56526756,19.70450974,19.36890221,19.6188221,15.03778839,22927609
10/06/2002,19.78662682,20.35073471,19.78662682,20.27218819,15.53858566,26647796
11/06/2002,20.56495476,20.80773354,20.46855545,20.65064049,15.82866955,31196526
12/06/2002,20.59708595,20.59708595,20.30789185,20.44356346,15.66994953,15428095
13/06/2002,20.49354744,20.63278961,20.2793293,20.31860352,15.57416344,11627649
14/06/2002,20.27218819,20.2793293,19.95086098,20.12580681,15.42638874,18098386
17/06/2002,20.41500092,20.41500092,20.17222023,20.3435955,15.59332371,11055527
18/06/2002,20.42214012,20.63636017,20.15793991,20.23291588,15.50848579,11623742
19/06/2002,20.20792389,20.62207985,19.91872978,20.46855545,15.68910313,34474440
20/06/2002,20.48640633,20.58637619,20.23648643,20.46141434,15.6836319,17168227
21/06/2002,20.49354744,20.49354744,20.13294792,20.27218819,15.53858566,11569671
24/06/2002,20.35073471,20.35073471,20.07582283,20.26504707,15.53311634,10577837
25/06/2002,19.77948761,20.10795593,19.13683128,19.47958183,14.93105602,142002298
26/06/2002,19.27964401,19.37961388,18.92261314,19.06899643,14.61634445,43979035
27/06/2002,19.24394035,19.51528358,18.99758911,19.40460587,14.87359142,40186683
28/06/2002,19.42245674,19.42245674,19.10469818,19.23679924,14.74496746,25290083
01/07/2002,19.28321457,19.56526756,19.1761055,19.4010334,14.87085342,12190220
02/07/2002,19.35819054,19.41888618,19.01901245,19.07256508,14.61908245,13464775
03/07/2002,19.06542587,19.49386215,19.00115967,19.14754295,14.6765461,33192882
04/07/2002,19.2082386,19.34748077,19.02972221,19.06542587,14.61361122,14491018
05/07/2002,19.13683128,19.19395638,18.72624779,18.80122375,14.41109753,29980061
08/07/2002,18.56558228,19.55098724,18.56558228,19.41174507,14.87906075,64437136
09/07/2002,19.4260273,19.89373589,19.28678513,19.7723465,15.15546322,51260501
10/07/2002,19.56526756,19.91872978,19.56526756,19.8044796,15.180089,38031783
11/07/2002,19.70808029,19.75092316,18.90119171,18.96902847,14.53971767,35976076
12/07/2002,19.17253494,19.23323059,18.87619972,18.94403458,14.52056026,21813909
15/07/2002,19.06542587,19.06542587,18.56558228,18.98330879,14.5506649,14793471
16/07/2002,18.99402046,19.08684731,18.28709984,18.41563034,14.1155405,31603760
17/07/2002,18.36921692,18.45847321,17.98005295,18.13000679,13.89661026,52119237
18/07/2002,18.20855331,18.59414673,18.14785767,18.51916885,14.19490528,24984143
19/07/2002,18.27995872,18.73338699,18.27995872,18.55130196,14.21953583,31751913
22/07/2002,18.35136414,18.41563034,18.1371479,18.33708382,14.055336,19612164
23/07/2002,18.17999077,18.55130196,18.04431915,18.33351326,14.052598,32536594
24/07/2002,18.31566238,18.34422493,17.85866356,17.96220207,13.76799107,30787149
25/07/2002,18.20855331,18.54059029,17.855093,17.98005295,13.78167343,84576776
26/07/2002,17.98719406,17.98719406,17.41594505,17.52305412,13.43138409,40847663
29/07/2002,17.46235847,17.89079666,17.05177307,17.69085884,13.56000233,60666477
30/07/2002,17.9514904,18.05145836,17.51591492,17.62302208,13.50800991,43537882
31/07/2002,17.49092102,17.69085884,17.21243858,17.44807816,13.37391281,47786651
01/08/2002,17.60160065,17.78011513,17.33382797,17.49806213,13.41222668,27319742
02/08/2002,17.28741455,17.45878983,17.06962585,17.34096909,13.29181671,27827682
05/08/2002,17.49449158,17.53733444,17.26599121,17.41951561,13.35202122,30377086
06/08/2002,17.35168076,17.41951561,17.18030548,17.24814034,13.22066116,23542179
07/08/2002,17.42308617,17.62659264,17.11603928,17.2267189,13.20424366,34574487
08/08/2002,17.26242256,17.33025742,16.51979828,16.64833069,12.76091099,51285484
09/08/2002,16.71616554,16.82684517,16.39483833,16.75543976,12.84301186,47182515
12/08/2002,16.9767971,17.37310028,16.73044777,17.20529747,13.1878233,62182944
13/08/2002,17.3159771,17.42308617,17.23028946,17.31954765,13.27539539,21763829
14/08/2002,17.28741455,17.38738251,17.00535965,17.0339222,13.05646706,33857699
15/08/2002,17.0339222,17.0339222,17.0339222,17.0339222,13.05646706,0
16/08/2002,17.20886612,17.41594505,17.15888214,17.33739853,13.28907871,27666323
19/08/2002,17.43022537,17.61588287,17.43022537,17.51234245,13.42317104,28777811
20/08/2002,17.60160065,17.8872242,17.52305412,17.77297592,13.62294483,45786682
21/08/2002,17.78368568,17.92649841,17.48021126,17.5087738,13.42043591,27886990
22/08/2002,17.63730431,17.80867958,17.5658989,17.68371773,13.55453491,25102704
23/08/2002,17.84438133,17.88365555,17.60874176,17.83367157,13.66946888,19770288
26/08/2002,17.855093,18.05145836,17.79439735,17.9193573,13.73514748,23081504
27/08/2002,18.56558228,18.56558228,17.5658989,17.60874176,13.49706459,18730054
28/08/2002,17.53019524,17.63730431,17.43736649,17.54447556,13.44780159,13400495
29/08/2002,17.49449158,17.85152245,17.46592903,17.8229599,13.66126251,28821799
30/08/2002,17.90150642,18.30852127,17.78011513,18.24425507,13.98418331,47353033
02/09/2002,18.56558228,19.13683128,18.56558228,18.94046593,14.51782608,57789944
03/09/2002,19.0225811,19.05828476,18.64413071,18.87262917,14.46582603,30057968
04/09/2002,18.708395,19.34748077,18.63698959,19.22966003,14.73949146,69110182
05/09/2002,19.27964401,19.34033966,18.92261314,18.99044991,14.55613899,29739969
06/09/2002,18.99402046,19.16539383,18.7976532,18.96902847,14.53971767,35214586
09/09/2002,18.91547394,18.99402046,18.40491867,18.63341904,14.28247547,34598449
10/09/2002,18.63341904,18.63341904,18.63341904,18.63341904,14.28247547,0
11/09/2002,18.63698959,18.71553612,18.31566238,18.37992668,14.08817673,28936173
12/09/2002,18.40848923,18.82621574,18.38706779,18.60128593,14.25784588,39028575
13/09/2002,18.64769936,18.91904259,18.40134811,18.49417686,14.17574692,51848098
16/09/2002,18.56558228,18.65126991,18.35136414,18.4263401,14.12375164,29624055
17/09/2002,18.44062233,18.77623177,18.44062233,18.67983246,14.31805134,18710406
18/09/2002,18.56558228,18.69411469,18.42277145,18.46918488,14.15659046,17194639
19/09/2002,18.52630997,18.52630997,18.24425507,18.42991257,14.12648964,21151150
20/09/2002,18.20855331,18.37992668,18.06931114,18.24425507,13.98418331,24616387
23/09/2002,18.35136414,18.70482445,18.20855331,18.56558228,14.23047733,25511899
24/09/2002,18.49417686,18.65841103,18.15856743,18.24425507,13.98418331,33851622
25/09/2002,18.14428711,18.27638817,17.99433327,18.2335453,13.97597408,16970345
26/09/2002,18.35136414,18.35850525,18.19070053,18.25853729,13.99512768,8181500
27/09/2002,18.26210785,18.52988052,18.12286568,18.4192009,14.11827278,26125096
30/09/2002,18.36921692,18.56558228,18.35850525,18.4263401,14.12375164,31576774
01/10/2002,18.28709984,18.38706779,17.78368568,17.85152245,13.68315315,29068668
02/10/2002,17.85152245,17.85152245,17.85152245,17.85152245,13.68315315,0
03/10/2002,17.78011513,17.81581879,17.17316437,17.28741455,13.25076675,68501677
04/10/2002,17.21600723,17.26956367,16.7840004,16.86254883,12.92510986,55472424
07/10/2002,16.78043175,17.25528145,16.75186729,17.14817238,13.14403725,28380996
08/10/2002,17.18387413,17.40880394,17.12318039,17.30526543,13.26444912,18650971
09/10/2002,17.33382797,17.38024139,16.97322655,17.02321243,13.04825592,20233315
10/10/2002,16.92324257,17.09461784,16.79828262,16.91610146,12.96615601,20938059
11/10/2002,17.92292786,17.92292786,17.00178909,17.10889816,13.11393166,18031444
14/10/2002,17.20886612,17.38024139,17.13746071,17.29455566,13.25623989,14663623
15/10/2002,17.29455566,17.29455566,17.29455566,17.29455566,13.25623989,0
16/10/2002,17.38738251,17.65515518,17.33739853,17.43736649,13.36570549,27546599
17/10/2002,17.38738251,17.48021126,17.25528145,17.39809418,13.33560562,16907675
18/10/2002,17.47307014,17.6622963,17.24814034,17.34453964,13.29454994,19903470
21/10/2002,17.42308617,17.43736649,17.22314835,17.2909832,13.25349903,11103912
22/10/2002,17.35881996,17.37310028,17.06962585,17.13389015,13.13308811,15611777
23/10/2002,16.98036766,16.98036766,16.80899239,16.8482666,13.37323666,19106437
24/10/2002,16.78043175,16.92324257,16.35913467,16.41625977,13.03033352,40213040
25/10/2002,16.38769722,16.48766518,15.82001877,15.92712784,12.64208984,66184858
28/10/2002,15.90927696,16.03780746,15.57009792,15.69505787,12.45788479,40337021
29/10/2002,16.10207367,16.60191536,16.00210381,16.46267319,13.06717682,79943964
30/10/2002,16.60905647,16.84469604,16.60905647,16.73758698,13.28538799,53997354
31/10/2002,16.92681313,19.23679924,16.92681313,18.9583168,15.04808044,509674504
01/11/2002,18.97973824,19.11540985,17.97648239,18.40491867,14.60882759,317726453
04/11/2002,18.78337288,18.87262917,18.58700562,18.7976532,14.92055511,72357384
05/11/2002,18.92261314,18.92261314,18.54416084,18.65126991,14.8043642,71797712
06/11/2002,18.65126991,18.65126991,18.65126991,18.65126991,14.8043642,0
07/11/2002,18.81550407,19.37604141,18.39420891,18.54059029,14.71651459,125825680
08/11/2002,18.1371479,18.71910667,18.1371479,18.42277145,14.62299442,95745571
11/11/2002,18.42277145,18.45133209,18.17642021,18.27995872,14.50963879,40732533
12/11/2002,18.1371479,18.68697357,18.11215401,18.62270737,14.78169727,78121220
13/11/2002,19.26179314,19.26179314,18.59414673,18.76909065,14.89788628,114265630
14/11/2002,18.81550407,18.97259712,18.72624779,18.91547394,15.01407528,70839937
15/11/2002,19.07256508,19.24394035,19.00115967,19.15111351,15.20111561,68736475
18/11/2002,19.13683128,19.76520538,19.07256508,19.41174507,15.40798855,92854473
19/11/2002,19.41174507,19.41174507,19.41174507,19.41174507,15.40798855,0
20/11/2002,19.45815849,19.84375191,19.35104942,19.52599525,15.49867439,104343003
21/11/2002,19.65452576,19.77948761,19.51528358,19.61525345,15.56952381,60963594
22/11/2002,19.74378395,20.5935154,19.74378395,20.37572861,16.17314339,189851549
25/11/2002,20.31503105,20.82915688,20.1186657,20.46141434,16.24116135,132548622
26/11/2002,20.68634415,21.12192154,20.67563248,20.87914085,16.5727253,193997106
27/11/2002,20.81487465,20.91841316,20.43285179,20.51496887,16.28367043,98332241
28/11/2002,20.70776558,20.91841316,20.64707184,20.76489067,16.4820385,99033736
29/11/2002,20.88628006,21.04694557,20.26147842,20.55781364,16.31767845,111038342
02/12/2002,20.70062447,21.21831894,20.56495476,21.03266335,16.6945858,82730519
03/12/2002,21.27544403,21.54678726,20.67206383,20.80416489,16.51321793,109562264
04/12/2002,20.92198372,21.01838112,20.47926521,20.88628006,16.57839012,128405068
05/12/2002,21.04337311,21.27187347,20.88628006,21.02195358,16.68608475,91548576
06/12/2002,21.07193756,21.35042191,20.92555428,21.14691353,16.78527069,51392478
09/12/2002,21.35042191,21.72530365,20.79702377,20.91841316,16.603899,114266106
10/12/2002,20.77203178,21.01124191,20.57209396,20.94697571,16.62657356,64414715
11/12/2002,21.05765533,21.20046806,20.75061035,20.89699173,16.58689499,58044992
12/12/2002,20.92198372,21.03266335,20.71847725,20.98267937,16.65491104,56106320
13/12/2002,20.56495476,21.32899857,20.56495476,21.20403862,16.83061409,53087418
16/12/2002,21.56463814,21.56463814,21.06479645,21.11478043,16.75976753,93511658
17/12/2002,21.15762329,21.26473236,20.85414886,21.00053024,16.66908073,69258811
18/12/2002,21.03266335,21.12906265,20.61136818,20.70062447,16.43103409,49761007
19/12/2002,20.67206383,20.73632813,20.41143036,20.64349937,16.38568878,54218315
20/12/2002,20.63636017,20.91127205,20.63636017,20.76489067,16.4820385,51132080
23/12/2002,20.84700775,20.85057831,20.60422707,20.68277359,16.41686249,35336537
24/12/2002,20.65421104,20.86842918,20.1507988,20.81844521,16.52454948,51955287
25/12/2002,20.81844521,20.81844521,20.81844521,20.81844521,16.52454948,0
26/12/2002,20.90413284,21.61462212,20.88628006,21.45752907,17.0318222,153328642
27/12/2002,21.6003418,21.87882614,21.2218895,21.34328079,16.94113731,144942117
30/12/2002,21.20760727,21.36113167,21.00053024,21.24331284,16.86178398,58407328
31/12/2002,21.4146862,21.4146862,21.21117973,21.27544403,16.88729095,53121742
01/01/2003,21.47895241,21.52893639,21.21474838,21.26473236,16.87878418,47412411
02/01/2003,21.33971024,21.33971024,20.89342117,20.95768738,16.63507462,40149278
03/01/2003,21.07193756,21.08978844,20.50068855,20.56138229,16.32051277,72746595
06/01/2003,20.53996277,20.59708595,20.29003906,20.33645439,16.14197159,48579301
07/01/2003,20.42571259,20.5363903,20.30075073,20.35430527,16.15613937,37957980
08/01/2003,20.37572861,20.77203178,20.36144638,20.63278961,16.37718773,35951905
09/01/2003,20.74346924,21.27187347,20.72561646,21.16119576,16.79660797,79905158
10/01/2003,21.33613968,21.35042191,20.85057831,21.21117973,16.83628654,61297754
13/01/2003,21.20760727,21.22903061,21.02909279,21.08264732,16.73426056,36967854
14/01/2003,20.91484451,21.06479645,20.81487465,21.02909279,16.69174767,40219496
15/01/2003,20.85057831,20.95768738,20.52210999,20.76489067,16.4820385,55546606
16/01/2003,20.76489067,20.91841316,20.58994675,20.81130409,16.51887512,34454833
17/01/2003,20.88628006,20.97553825,20.75061035,20.8755703,16.56989288,26453471
20/01/2003,20.88985062,20.98982048,20.61850739,20.69705582,16.42819786,20736760
21/01/2003,20.70776558,20.92198372,20.56495476,20.85771942,16.55573082,26085071
22/01/2003,20.88628006,21.24331284,20.80059433,21.13977242,16.77960587,54271252
23/01/2003,21.20760727,21.42182732,20.82201576,20.90056229,16.5897274,45986007
24/01/2003,20.95054626,20.95054626,20.08296394,20.1829319,16.02011681,57131232
27/01/2003,20.15436935,20.3435955,19.30820656,19.51885414,15.49300861,68346732
28/01/2003,19.304636,19.97228241,19.22966003,19.89730644,15.79339981,73657273
29/01/2003,22.13588715,22.13588715,19.37604141,19.50457382,15.48167038,43454178
30/01/2003,19.50457382,19.70093918,19.04043388,19.16539383,15.21244812,72634279
31/01/2003,19.06542587,19.95800209,18.80122375,19.64024544,15.58935738,172248779
03/02/2003,20.13651657,20.17222023,19.74735451,20.09010315,15.94642925,57143318
04/02/2003,20.29361153,20.44713402,20.01155663,20.09367371,15.94926548,62720447
05/02/2003,19.97228241,20.2793293,19.82590103,20.17579079,16.01444626,47109930
06/02/2003,20.20792389,20.41143036,20.14365768,20.35430527,16.15613937,41533991
07/02/2003,20.38643837,20.47926521,19.80804825,20.04726028,15.9124279,55241688
10/02/2003,20.04368973,20.20078278,19.92229843,20.11152458,15.96343327,40877745
11/02/2003,20.1507988,20.26861763,20.01512718,20.16864967,16.00877571,34483696
12/02/2003,20.10438347,20.20078278,19.89016533,20.07939148,15.93792915,36870328
13/02/2003,20.07939148,20.07939148,20.07939148,20.07939148,15.93792915,0
14/02/2003,20.11509514,20.3435955,20.00798607,20.28647041,16.10229874,51934645
17/02/2003,20.52210999,20.88628006,20.50425911,20.83629608,16.53872299,44307312
18/02/2003,20.92198372,20.97910881,20.62207985,20.68277359,16.41686249,32597597
19/02/2003,20.78274155,20.91127205,20.6577816,20.73275757,16.45653725,26041994
20/02/2003,20.70776558,20.77203178,20.497118,20.62921906,16.37435722,21668977
21/02/2003,20.64707184,21.12906265,20.63636017,21.05765533,16.71442223,63267726
24/02/2003,21.21831894,21.68959999,21.21831894,21.61462212,17.15651321,133025346
25/02/2003,21.42182732,21.53250694,21.04694557,21.10407066,16.75126839,69502586
26/02/2003,21.18261528,21.27187347,20.81487465,20.89342117,16.58406258,55005461
27/02/2003,20.80059433,21.20760727,20.72918892,21.09335899,16.74276161,59556978
28/02/2003,21.20760727,21.62176323,20.88985062,21.04694557,16.70592308,103736766
03/03/2003,21.06479645,21.50751495,20.9398365,21.12192154,16.76543617,91988609
04/03/2003,21.00053024,21.18975639,20.7791729,20.86485863,16.56138802,37515217
05/03/2003,20.74703979,20.77203178,20.21863365,20.63278961,16.37718773,80031001
06/03/2003,20.56852341,20.60779762,20.29718018,20.37572861,16.17314339,34455800
07/03/2003,19.85089302,20.20078278,19.85089302,20.06511116,15.92659569,47100939
10/03/2003,20.05797005,20.10795593,19.60454178,19.77591515,15.69704819,55878146
11/03/2003,19.63667488,20.52210999,19.57240868,20.36144638,16.16181183,57681003
12/03/2003,20.35073471,20.41143036,19.74735451,19.87231445,15.77356052,35543046
13/03/2003,19.85089302,20.05797005,19.66523743,19.84732246,15.75372791,50097000
14/03/2003,19.84732246,19.84732246,19.84732246,19.84732246,15.75372791,0
17/03/2003,19.85089302,20.05797005,19.65452576,19.96157265,15.84441471,56266796
18/03/2003,19.96157265,19.96157265,19.96157265,19.96157265,15.84441471,0
19/03/2003,20.13651657,20.4007206,20.10438347,20.35430527,16.15613937,49358268
20/03/2003,19.99370575,21.12906265,19.99370575,20.94697571,16.62657356,71416106
21/03/2003,20.82201576,21.06122589,20.37215614,20.95768738,16.63507462,57333596
24/03/2003,20.91484451,20.91484451,20.10438347,20.19721222,16.03145599,55710051
25/03/2003,19.92229843,20.47212601,19.79019737,20.4007206,16.19298363,49120571
26/03/2003,20.45784569,20.57566452,20.17936134,20.31503105,16.12496948,39091133
27/03/2003,20.20078278,20.25433731,19.93658066,20.0294075,15.89825439,35038397
28/03/2003,20.05797005,20.45070457,20.00441551,20.38286781,16.17881584,42733749
31/03/2003,20.07225227,20.19364166,19.67951775,19.85803223,15.76222992,47005639
01/04/2003,19.70808029,20.19007111,19.70808029,20.06868172,15.92942429,37292645
02/04/2003,20.17579079,20.42214012,20.06511116,20.15793991,16.00027275,35008078
03/04/2003,20.20792389,20.49354744,20.14008713,20.38643837,16.18165016,31214340
04/04/2003,20.43285179,21.00053024,20.43285179,20.95411682,16.63223839,68828778
07/04/2003,21.08264732,21.56463814,21.06479645,21.43253708,17.01197815,69034657
08/04/2003,21.27901459,21.33613968,21.02909279,21.14691353,16.78527069,42376062
09/04/2003,20.93269539,21.05765533,20.5292511,20.58994675,16.34318352,44544841
10/04/2003,20.55781364,20.60065651,20.14365768,20.36858749,16.16748047,40775373
11/04/2003,20.45070457,20.99338913,20.17222023,20.91127205,16.59823227,48412956
15/04/2003,20.92198372,20.93626595,19.57597923,20.15793991,16.00027275,81870746
16/04/2003,20.3435955,20.37572861,20.02226639,20.26504707,16.08529663,42340057
17/04/2003,20.26504707,20.26504707,19.71879196,19.86160469,15.76506615,43485772
18/04/2003,19.86160469,19.86160469,19.86160469,19.86160469,15.76506615,0
21/04/2003,19.99370575,20.13651657,19.77948761,19.94372177,15.83024311,30275806
22/04/2003,19.89730644,19.90801811,19.54741669,19.80804825,15.7225523,54292231
23/04/2003,20.10081482,20.3114624,19.26179314,19.36533165,15.37115192,221434793
24/04/2003,19.49386215,19.77948761,19.4010334,19.55098724,15.51851463,91042471
25/04/2003,19.42245674,19.60811234,19.06542587,19.15111351,15.20111561,77478908
28/04/2003,19.13683128,19.54384613,18.90476227,19.43673706,15.42782974,68354743
29/04/2003,19.49386215,19.5545578,19.33319855,19.48315048,15.46466732,44208217
30/04/2003,19.47601128,19.67237854,19.35461998,19.59740067,15.5553503,34076588
01/05/2003,19.59740067,19.59740067,19.59740067,19.59740067,15.5553503,0
02/05/2003,19.60811234,19.62953377,19.37247276,19.52599525,15.49867439,32469961
05/05/2003,19.63667488,19.70808029,19.24394035,19.31891632,15.33430386,38689864
06/05/2003,19.27964401,19.46887016,19.12969017,19.2725029,15.29746532,43159791
07/05/2003,19.0225811,19.19038582,18.92261314,18.96188736,15.05091667,41165255
08/05/2003,18.92261314,18.99044991,18.42277145,18.53344917,14.7108469,73358559
09/05/2003,18.36207581,18.81550407,18.36207581,18.64056015,14.79586601,42949991
12/05/2003,18.708395,18.77980042,18.44062233,18.62270737,14.78169727,29654949
13/05/2003,18.7012558,18.76909065,18.5477314,18.69054413,14.83553982,23843344
14/05/2003,18.69054413,19.07970619,18.69054413,19.02972221,15.10475731,39668478
15/05/2003,19.04043388,19.16539383,18.92975426,19.09041786,15.15293312,27808776
16/05/2003,19.2082386,19.26536369,19.05828476,19.18324661,15.22662258,30535756
19/05/2003,19.21180725,19.36176109,19.10112953,19.21537971,15.25212097,35908071
20/05/2003,18.88691139,19.47958183,18.88691139,19.42959785,15.42215729,41338854
21/05/2003,19.47244072,19.55098724,19.22966003,19.40817451,15.40515804,36113543
22/05/2003,19.32248878,19.6509552,19.24394035,19.60811234,15.56385517,42077642
23/05/2003,19.35104942,19.41531563,19.21537971,19.2974968,15.81672287,21376271
26/05/2003,19.27964401,20.06511116,19.2082386,19.95443153,16.35515976,42413692
27/05/2003,19.92943954,20.30789185,19.87231445,20.02583885,16.41368675,54396662
28/05/2003,20.06511116,20.6577816,20.06511116,20.56495476,16.85556412,71745714
29/05/2003,20.67206383,21.05765533,20.45784569,20.96482849,17.18331146,60641367
30/05/2003,20.99338913,21.56463814,20.92198372,21.32185745,17.47594261,88124611
02/06/2003,21.35042191,21.45038986,20.94697571,21.03266335,17.23891258,36886055
03/06/2003,20.87914085,21.06479645,20.79702377,20.86128807,17.09844398,18522495
04/06/2003,20.88985062,21.61462212,20.85057831,21.46824074,17.59592438,64238469
05/06/2003,21.77885628,22.4786377,21.75029564,22.31440353,18.28945541,140731145
06/06/2003,22.49291801,22.62501907,22.18587112,22.38580894,18.34798241,77948350
09/06/2003,22.81067467,22.81067467,21.82884026,21.96451378,18.00267982,60458441
10/06/2003,21.86454582,22.40366173,21.54678726,21.67531776,17.76564407,70590574
11/06/2003,21.63961411,22.05019951,21.63961411,21.97522354,18.01145744,49155694
12/06/2003,22.03948975,22.20015335,21.92881012,21.99307442,18.02609062,37202694
13/06/2003,22.11803627,22.45007324,22.11089516,22.34653664,18.31579399,72191082
16/06/2003,22.50362968,22.63573074,21.87168503,21.93952179,17.98219299,108127036
17/06/2003,22.11803627,23.05702591,22.0430603,22.92849541,18.79278374,128219790
18/06/2003,23.04631424,23.04631424,22.6143074,22.70713615,18.6113472,73870841
19/06/2003,21.5039444,23.27838516,21.5039444,23.19983864,19.01518059,100688903
20/06/2003,22.99276161,24.11740685,22.99276161,23.95317268,19.63263512,196668208
23/06/2003,23.88176727,23.88176727,23.14271355,23.22483063,19.03565979,62150902
24/06/2003,23.22483063,23.43904877,22.77854156,22.87494087,18.74888802,91338804
25/06/2003,22.99276161,23.4926033,22.99276161,23.19626808,19.01225471,81563686
26/06/2003,23.27838516,23.69968033,23.0820179,23.21768951,19.02980995,103622672
27/06/2003,23.32479858,23.42119789,22.96062851,23.18912888,19.00640297,65064967
30/06/2003,23.20697975,23.57829094,23.03560448,23.19983864,19.01518059,78672602
01/07/2003,23.28195572,23.44976044,23.0820179,23.26410484,19.06785774,82959281
02/07/2003,23.41048622,23.84963417,23.27838516,23.45689964,19.22587204,106131604
03/07/2003,23.54615784,23.95317268,23.37121391,23.61756325,19.35756111,115325848
04/07/2003,23.78179741,24.08527374,23.63541603,23.7746563,19.48631668,83165944
07/07/2003,23.84963417,24.09955406,23.39263535,23.47475243,19.24050713,57341354
08/07/2003,23.49974442,23.63541603,23.18198776,23.29623795,19.0941906,49463749
09/07/2003,23.56400871,23.56400871,23.0820179,23.32479858,19.1176033,42943059
10/07/2003,23.48546219,23.96388435,23.32479858,23.85677338,19.5536232,59663355
11/07/2003,23.84963417,24.09955406,23.53901672,23.6139946,19.35463524,57970502
14/07/2003,23.77822876,24.3137722,23.77822876,24.26021957,19.88429832,91666830
15/07/2003,24.34947586,24.62796021,23.89961815,24.11026573,19.76138687,84122767
16/07/2003,24.04600143,24.73506927,23.92103958,24.54584312,20.11840248,78125562
17/07/2003,24.63510132,24.77077293,23.9924469,24.19238281,19.8286953,80737902
18/07/2003,24.16739082,24.99213028,23.84963417,24.22451591,19.85503197,78313837
21/07/2003,24.36375809,24.38517952,23.85677338,23.97102356,19.6472683,65664832
22/07/2003,23.98173523,23.98173523,23.51759529,23.85320473,19.55069733,73585039
23/07/2003,23.9924469,24.02814865,23.37835312,23.54972839,19.3019619,62402827
24/07/2003,23.64255524,24.70650673,23.49974442,24.40660095,20.00427628,78868454
25/07/2003,24.63510132,25.0635376,24.44230461,24.96356964,20.4607811,113136735
28/07/2003,25.0314045,25.30274773,24.52799225,24.64938164,20.20326614,67780254
29/07/2003,24.49585915,24.92072487,24.41374207,24.82432747,20.3466568,71057439
30/07/2003,24.56369591,25.24562263,23.56400871,24.89216232,20.40225029,68998595
31/07/2003,25.0635376,25.83829308,24.77791214,25.55623817,20.94654655,224892341
01/08/2003,25.68477058,25.68477058,25.24919319,25.3527317,20.77974892,74671095
04/08/2003,25.24205208,25.54195786,25.17064667,25.34202194,20.77096939,51695702
05/08/2003,25.39200592,25.99181747,24.61010933,24.8457489,20.36421204,113417159
06/08/2003,24.53513145,25.4491291,24.53513145,25.03497505,20.51930809,121809328
07/08/2003,25.21706009,25.49197388,24.89573288,25.38843536,20.80900955,78509311
08/08/2003,25.69905281,26.02394867,25.49197388,25.94183159,21.26259041,100474328
11/08/2003,25.59908295,26.06322289,25.59908295,25.79902077,21.14553452,65362813
12/08/2003,27.76268768,27.76268768,25.38843536,25.47769356,20.88217163,53918173
13/08/2003,26.41311264,26.41311264,25.40271568,25.77402878,21.12505531,63463283
14/08/2003,25.84900475,26.09535408,25.50268555,25.60622406,20.9875145,67262847
15/08/2003,25.60622406,25.60622406,25.60622406,25.60622406,20.9875145,0
18/08/2003,25.63478661,26.02394867,25.34916115,25.79545021,21.14261436,78071589
19/08/2003,25.89541817,26.52379227,25.75260544,26.35598755,21.60204506,82301606
20/08/2003,26.56306458,26.75586128,26.24530792,26.34170532,21.59033585,49097940
21/08/2003,26.77728462,26.77728462,26.35955811,26.49880028,21.71909332,59203324
22/08/2003,26.64875221,27.47349358,26.56306458,27.25570488,22.33946991,116788342
25/08/2003,27.56275177,30.32616615,26.21317482,27.03434563,22.158041,132404097
26/08/2003,27.13431358,27.99118614,26.99864197,27.89478874,22.86327934,112114301
27/08/2003,27.84837532,28.35178757,27.84837532,28.11971855,23.04764366,73505914
28/08/2003,28.13756943,28.38392067,27.74126625,28.11257744,23.04178238,70642923
29/08/2003,28.49102974,28.90161514,28.11614799,28.61241913,23.45147324,92274019
01/09/2003,28.4374752,29.59068489,28.4374752,29.29077721,24.00746918,84452781
02/09/2003,29.63352776,30.1048069,29.39431763,29.89058876,24.49909401,135259343
03/09/2003,29.71564484,29.91201019,28.99444389,29.1301136,23.87578392,77420832
04/09/2003,29.05513763,29.49071503,28.92660713,29.22651291,23.95479774,88695220
05/09/2003,29.35504341,30.08338547,29.35504341,29.97984695,24.57225037,81359053
08/09/2003,30.14051056,31.23659325,30.14051056,31.10449219,25.49403572,109846273
09/09/2003,31.21517181,31.59005356,30.85457039,31.15447617,25.53500557,123502517
10/09/2003,31.06164932,31.09378242,30.74746132,31.03665733,25.43843842,71159685
11/09/2003,30.34758759,31.3615551,30.34758759,30.61179161,25.09020424,96604041
12/09/2003,30.56180573,30.96168137,29.70493317,29.92986298,24.53127861,85145047
15/09/2003,29.91915131,29.9762764,28.68025589,28.88733482,23.67679596,121887277
16/09/2003,28.99087143,29.39788628,28.10543633,29.28720856,24.00454521,136987095
17/09/2003,29.8477459,29.8477459,28.71595955,29.05513763,23.81433296,100901406
18/09/2003,29.20509148,29.20509148,28.03760147,28.23039818,23.13835526,122191943
19/09/2003,28.20897675,29.1229744,27.99118614,28.85163116,23.64753723,153707700
22/09/2003,29.4121685,29.4121685,28.56957626,28.78022385,23.58901024,74664260
23/09/2003,28.57314682,29.69779205,28.40177155,29.45858192,24.14500618,70971760
24/09/2003,29.75491714,30.79030609,29.43716049,30.63321114,25.10776138,118908427
25/09/2003,30.56180573,30.88313484,29.70493317,29.86202621,24.4756813,140227855
26/09/2003,30.04768372,30.52253342,29.77633858,30.44041634,24.94974709,101622465
29/09/2003,36.41710663,36.41710663,30.54395485,31.01166534,25.41795731,68963038
30/09/2003,31.15090752,31.80070114,31.06164932,31.69002342,25.97395134,109159721
01/10/2003,31.4900856,31.80070114,30.92240715,31.1116333,25.49988747,64365531
02/10/2003,31.1116333,31.1116333,31.1116333,31.1116333,25.49988747,0
03/10/2003,31.34727287,32.13274002,31.27586746,32.02920151,26.25195313,92937113
06/10/2003,32.02563095,32.83251953,30.1690731,32.66828537,26.77576447,68364182
07/10/2003,32.70398712,32.91820526,32.14345169,32.26127243,26.44216728,75842045
08/10/2003,33.20383072,33.20383072,32.03634262,32.50762177,26.64407921,64480381
09/10/2003,32.77539444,33.0610199,32.28269196,32.50048065,26.63822365,76156360
10/10/2003,32.71826935,33.70367432,32.71826935,33.6251297,27.56001472,107329947
13/10/2003,33.62155533,34.56054688,33.23953629,34.34989929,28.15404892,77883650
14/10/2003,34.63195419,34.83903122,33.21454239,33.43590164,27.40492439,85021682
15/10/2003,33.50016785,34.48200226,33.30022812,34.17852402,28.01358986,89588449
16/10/2003,35.55309296,35.55309296,34.3177681,34.88544464,28.59300232,230880962
17/10/2003,34.77476501,35.48882675,34.67836761,34.95685196,28.65153122,94173184
20/10/2003,35.20320129,35.34601212,34.27492142,34.40345383,28.19795799,62736510
21/10/2003,34.63195419,34.63195419,33.16812897,33.43233109,27.4019928,96531807
22/10/2003,32.86465454,33.87504959,32.86465454,33.48231506,27.44296455,77285479
23/10/2003,33.54658127,33.56086349,32.56831741,32.76111221,26.8518486,82339194
24/10/2003,26.42025375,33.84648514,26.42025375,33.60727692,27.54538536,88147102
27/10/2003,33.91789246,33.98929977,32.64329529,32.77539444,26.86355591,69776288
28/10/2003,32.84680176,33.56086349,32.70398712,33.15384674,27.17373657,104009852
29/10/2003,33.36449432,33.9143219,33.02531815,33.73223877,27.64780426,56545862
30/10/2003,33.6001358,34.27492142,33.46089554,34.06427383,27.91994286,65836288
31/10/2003,34.27492142,34.82831955,34.13925171,34.73549271,28.47010231,66083410
03/11/2003,34.77119446,35.7673111,34.77119446,35.56737137,29.15192604,122814579
04/11/2003,35.85299683,36.13148117,34.78547668,35.09609222,28.76565552,110392949
05/11/2003,34.77476501,35.28174973,34.31062698,34.8890152,28.59593773,91124985
06/11/2003,35.13179779,35.81015396,34.92472076,35.19248962,28.84466934,134300335
07/11/2003,35.24247742,35.48168564,34.25350189,34.42844772,28.21844101,73031669
10/11/2003,36.41710663,36.41710663,33.63940811,34.48557281,28.26525307,55228187
11/11/2003,34.28563309,34.63195419,33.96073532,34.32133865,28.13064384,64012424
12/11/2003,34.98898315,35.09252167,34.42487717,34.56411743,28.3296299,79398058
13/11/2003,35.69590378,35.69590378,33.99287033,34.12139893,27.96676826,64241396
14/11/2003,33.65011978,33.91789246,33.00389481,33.19668961,27.20885658,81935027
17/11/2003,33.35735321,34.08926773,33.20383072,33.9143219,27.79704475,74009302
18/11/2003,33.75008774,34.04285431,33.20383072,33.27523804,27.27323723,51950120
19/11/2003,33.14313889,33.32879257,32.7468338,32.96105194,27.01572609,74266857
20/11/2003,32.99675369,33.26809692,32.0613327,32.18986511,26.38364029,63214173
21/11/2003,31.86139679,32.98247147,31.86139679,32.80752945,26.88988876,84509135
24/11/2003,32.97890472,33.0610199,32.42550659,32.55403519,26.68211937,43968181
25/11/2003,32.5611763,33.48231506,32.5611763,33.3502121,27.33468628,69262438
26/11/2003,33.3502121,33.3502121,33.3502121,33.3502121,27.33468628,0
27/11/2003,33.35735321,34.29634476,33.35735321,34.00357819,27.87020111,101487224
28/11/2003,34.06070328,34.98184204,34.06070328,34.77833557,28.5052166,75895178
01/12/2003,34.99612427,35.3317337,34.85331345,35.14964676,28.80954552,57749723
02/12/2003,35.21391296,36.06007385,34.68907928,35.67448425,29.2397213,87905736
03/12/2003,36.06007385,36.06007385,35.19248962,35.55309296,29.14021873,117920738
04/12/2003,35.02111816,36.5242157,35.02111816,36.32427979,29.77231598,180083321
05/12/2003,36.41710663,36.55991745,35.0746727,35.20677185,28.85636902,82536782
08/12/2003,34.92828751,35.2924614,34.08569717,34.26778412,28.08675957,113699628
09/12/2003,34.37132263,34.87116241,34.37132263,34.74620438,28.47887802,79302128
10/12/2003,34.81047058,35.87799072,34.71049881,35.53166962,29.12266922,143958545
11/12/2003,35.78159332,35.98867035,34.93185806,35.21034241,28.85929871,104076611
12/12/2003,35.42098999,35.42098999,34.81403732,35.08181381,28.75395775,69546938
15/12/2003,35.13179779,35.86727905,35.13179779,35.63163757,29.20459557,83497793
16/12/2003,35.61735916,36.23501968,35.17821121,36.04579544,29.54405785,126819545
17/12/2003,36.13148117,36.23144913,35.710186,35.89941025,29.42407799,87187086
18/12/2003,35.68876266,36.50993347,35.68876266,36.19931793,29.66988182,95790063
19/12/2003,36.27429581,37.34181595,36.27429581,37.18115234,30.47462273,149458524
22/12/2003,37.21328354,37.84522629,37.21328354,37.67028427,30.87553596,60150274
23/12/2003,31.06164932,37.83094788,31.06164932,37.30253983,30.57411194,64460943
24/12/2003,37.14187622,37.91663361,37.14187622,37.69527435,30.89600754,60846840
25/12/2003,37.69527435,37.69527435,37.69527435,37.69527435,30.89600754,0
26/12/2003,37.92734528,38.0380249,37.64886093,37.85950851,31.03062439,48164588
29/12/2003,38.05944443,38.48431015,38.00231934,38.36292267,31.44323349,46395159
30/12/2003,38.34506989,41.41553116,38.22011185,40.1802063,32.93272781,172494262
31/12/2003,40.13022232,41.61547089,40.13022232,40.90497971,33.5267601,160650273
01/01/2004,41.41553116,41.41553116,40.49796295,40.74788666,33.39801025,57015472
02/01/2004,41.02280045,42.05104446,40.74788666,41.78684235,34.24956894,113656354
05/01/2004,41.77256393,42.12245178,40.84428406,41.41910172,33.94816589,85438299
06/01/2004,41.48693848,42.02248383,40.2766037,40.8728447,33.50041962,81160289
07/01/2004,40.71575165,41.59404755,40.48725128,41.42624283,33.9540062,83254466
08/01/2004,41.77256393,42.6937027,41.64046097,42.13673401,34.53635025,74777472
09/01/2004,42.84365463,43.24709702,41.06921387,41.31913376,33.86621475,122696325
12/01/2004,41.27272034,41.6940155,40.57294083,40.79072952,33.43312454,78266908
13/01/2004,40.93354034,42.09389114,40.86213684,41.94393539,34.37833023,82240687
14/01/2004,42.1295929,42.77224731,42.1295929,42.62943649,34.94017792,71562438
15/01/2004,43.09357452,43.2649498,41.02993774,41.27986145,33.83403397,94167303
16/01/2004,41.77256393,41.90109253,40.84428406,41.49407959,34.00960922,112840401
19/01/2004,41.49765015,42.05818558,40.63720703,41.75471115,34.22322464,78038244
20/01/2004,42.05818558,42.68656158,40.72646332,41.01922989,33.6204071,84740222
21/01/2004,40.79072952,41.39411163,39.10197449,39.48399734,32.36209488,90635839
22/01/2004,39.4875679,41.05136108,37.64886093,38.22011185,31.32618523,143108982
23/01/2004,38.48788071,40.07666779,37.97018814,39.83388519,32.64887619,130190728
26/01/2004,39.83388519,39.83388519,39.83388519,39.83388519,32.64887619,0
27/01/2004,40.13379288,41.65831375,40.01240158,41.46194458,33.98327637,99040724
28/01/2004,41.98678207,42.07603836,40.66933823,41.10848618,33.69356537,117000341
29/01/2004,41.48693848,41.83682632,40.3658638,40.80857849,33.44775391,207142637
30/01/2004,40.87998581,41.37268829,39.84459686,40.02668381,32.80690384,86396915
02/02/2004,40.02668381,40.02668381,40.02668381,40.02668381,32.80690384,0
03/02/2004,40.13022232,40.33015823,39.19480133,39.53755188,32.4059906,96821782
04/02/2004,39.65537262,41.0585022,39.24121857,40.80144119,33.44189453,103232089
05/02/2004,41.02280045,41.30842209,39.93742752,40.31587982,33.04392624,101116472
06/02/2004,40.61221313,41.20131302,40.28017426,41.08706284,33.6760025,91705860
09/02/2004,41.30842209,42.1295929,41.30842209,42.03676605,34.45441055,69893883
10/02/2004,42.27240372,42.72940445,41.8154068,42.36166382,34.72070313,123921417
11/02/2004,44.27177429,44.27177429,41.49407959,41.9367981,34.37247086,86968029
12/02/2004,42.14744568,42.47948456,41.70115662,41.96535873,34.39588165,82921203
13/02/2004,41.85467911,42.65799713,41.70829773,42.51518631,34.84653091,65429166
16/02/2004,42.70084381,42.98646545,42.14744568,42.34024048,34.70314026,79718871
17/02/2004,42.27954483,43.20068359,42.1295929,42.75439453,35.04259109,129142680
18/02/2004,42.97575378,43.59341812,42.8543663,43.18997574,35.39962006,158050718
19/02/2004,43.20782471,43.48630905,41.41910172,41.58333588,34.08277512,116966506
20/02/2004,41.49407959,42.48662567,41.45123672,41.94750977,34.38125992,140573064
23/02/2004,42.05818558,42.41521835,39.99455261,40.36943436,33.08781815,131518794
24/02/2004,39.66608429,40.60150146,39.27334976,40.397995,33.11123276,175812789
25/02/2004,40.70146942,40.70146942,39.43401337,39.64466095,32.49377441,97507816
26/02/2004,39.55897522,40.29445648,38.48788071,38.72352219,31.7387867,146810711
27/02/2004,38.95559311,39.74462891,38.9163208,39.6089592,32.46451569,115704849
01/03/2004,40.63006592,40.66219711,39.72320938,40.50867462,33.20194626,87320408
02/03/2004,40.50867462,40.50867462,40.50867462,40.50867462,33.20194626,0
03/03/2004,40.64077759,41.6940155,40.4943924,41.47622681,33.99497223,119271800
04/03/2004,41.27272034,41.70115662,40.7443161,40.9621048,33.57359314,59517947
05/03/2004,40.77287674,41.95107651,40.77287674,41.85467911,34.30516052,57935295
08/03/2004,41.98678207,42.77224731,41.94393539,42.54017639,34.86701965,68029504
09/03/2004,42.84365463,42.84365463,41.30842209,41.72257614,34.19688797,63969584
10/03/2004,41.48693848,41.55834579,40.71575165,40.96567535,33.5765152,57012251
11/03/2004,40.84428406,41.27272034,40.20162964,40.40513611,33.1170845,78134847
12/03/2004,40.30873871,40.63006592,39.63394928,40.17306519,32.92687607,75771967
15/03/2004,40.49082184,40.68719101,38.55928802,38.91988754,31.8997345,92765349
16/03/2004,38.55928802,39.61967087,38.23796082,38.69139099,31.71245956,119208906
17/03/2004,38.9163208,39.41616058,38.21297073,38.58785248,31.6275959,112189995
18/03/2004,38.70210266,38.8520546,36.79912949,37.06690216,30.38097954,156637254
19/03/2004,36.91694641,37.74168777,36.91694641,37.36323547,30.62385941,109745049
22/03/2004,36.35284042,37.34181595,36.09934998,36.25287247,29.71377563,90124832
23/03/2004,36.34569931,36.95265198,36.07792664,36.54206848,29.95082855,92984770
24/03/2004,36.55991745,36.79198837,36.11719894,36.58134079,29.98300743,99235162
25/03/2004,36.63489532,37.15258789,36.43852615,36.70630264,30.08541679,134606290
26/03/2004,36.98478317,37.86664963,36.98478317,37.5381813,30.76725197,105696165
29/03/2004,37.5703125,38.17369461,37.49533844,37.75954056,30.94868851,79964214
30/03/2004,37.8523674,38.32364655,37.5631752,37.64171982,30.85211182,89126542
31/03/2004,37.6345787,38.55928802,37.47034454,38.42004776,31.49005318,76872069
01/04/2004,38.48788071,39.82317734,38.48788071,39.69107437,32.53182602,108451994
02/04/2004,46.4139595,46.4139595,39.68393326,40.40156555,33.11415863,99771768
05/04/2004,40.48725128,41.51192856,40.48725128,41.06564331,33.65844345,90699433
06/04/2004,41.12990952,41.58690643,40.31945038,41.08706284,33.6760025,100026761
07/04/2004,41.40481949,41.47979736,40.70146942,40.98709488,33.59407806,58225817
08/04/2004,40.70146942,41.39411163,40.38014221,40.91212082,33.53261948,64967034
09/04/2004,40.91212082,40.91212082,40.91212082,40.91212082,33.53261948,0
12/04/2004,41.09420395,41.09420395,39.89458084,40.11236954,32.87711716,53650059
13/04/2004,40.27303314,41.1227684,39.65894318,40.9371109,33.55310059,56786920
14/04/2004,40.9371109,40.9371109,40.9371109,40.9371109,33.55310059,0
15/04/2004,41.33698654,41.5012207,40.17306519,40.36943436,33.08781815,83348366
16/04/2004,40.41584778,40.89783859,40.25161362,40.42655945,33.13464355,42428943
19/04/2004,40.23733139,40.65862656,39.31619263,39.45900345,32.34160233,57064585
20/04/2004,39.59467697,39.59467697,39.13053513,39.44115448,32.32698059,49194696
21/04/2004,39.27692032,40.66219711,39.27334976,40.5836525,33.26339722,66400273
22/04/2004,40.5586586,40.97281265,40.23733139,40.61221313,33.28680801,45343596
23/04/2004,40.5586586,41.04421997,40.35515213,40.50867462,33.20194626,50254004
27/04/2004,39.9874115,39.9874115,38.37006378,38.52001572,31.57198334,93593864
28/04/2004,38.56285858,39.20194244,38.35578156,38.58785248,31.6275959,92191757
29/04/2004,38.48788071,38.84491348,37.5953064,37.79524231,30.97794914,231388636
30/04/2004,40.34444046,44.63594818,37.28826141,37.59173584,30.8111515,104126789
03/05/2004,37.63100815,37.93805695,36.82411957,37.73454666,30.92819786,115360046
04/05/2004,38.26652527,45.20362473,37.7809639,37.89878082,31.06280518,67022825
05/05/2004,37.98804092,38.09157944,37.6345787,37.84522629,31.01892662,59745925
06/05/2004,38.20225906,38.7949295,38.14156342,38.59499359,31.63344574,82542006
07/05/2004,37.98804092,38.45217896,37.75954056,38.01660156,31.15937424,62266887
10/05/2004,37.82380676,37.82380676,36.78841782,37.07404327,30.38683128,89515010
11/05/2004,36.45994949,36.48851013,34.53555679,35.00683594,28.69250488,102120168
12/05/2004,34.56054688,35.66020203,34.56054688,35.46383667,29.0670681,87466922
13/05/2004,34.27492142,37.44178391,33.84648514,36.52064514,29.93325996,183148451
14/05/2004,36.41710663,36.9740715,33.64654922,34.06784439,27.92287254,172382661
17/05/2004,33.56086349,33.6965332,27.25570488,28.86948204,23.66216469,131182688
18/05/2004,30.70461845,32.69684982,29.28363609,30.96882057,25.38284111,189088981
19/05/2004,31.72215462,33.27523804,31.72215462,32.30768585,26.48020554,161330985
20/05/2004,33.0610199,33.18241119,31.42938995,31.64717865,26.47148895,131601070
21/05/2004,31.55435181,31.56149292,30.70818901,31.38297653,26.250494,94462978
24/05/2004,32.13274002,32.70398712,31.77927971,32.40765381,27.10759544,94626507
25/05/2004,32.34695816,32.83966064,31.17946815,32.53975677,27.21809387,112127997
26/05/2004,32.84680176,33.41804886,32.51833344,32.79681778,27.43311501,95857508
27/05/2004,32.27555466,32.67185593,31.88995934,32.06490326,26.82089806,79936738
28/05/2004,31.92209244,32.19700623,30.43327522,30.89741516,25.84434319,124708087
31/05/2004,30.81172752,31.34013367,29.45501137,30.69033623,25.67112923,135183145
01/06/2004,31.06164932,31.63289833,30.85814285,31.00452423,25.93393898,87041132
02/06/2004,31.12591553,31.62932777,31.03308678,31.37940598,26.24751282,60172345
03/06/2004,31.84711647,32.28983307,30.21191788,30.58679962,25.58452797,100953502
04/06/2004,30.20477676,31.06164932,30.17621422,30.95454025,25.89213181,86150171
07/06/2004,31.06164932,32.10417938,31.06164932,31.76142883,26.56705856,92592591
08/06/2004,31.77570915,32.60044861,31.52578926,32.50762177,27.19121361,101752440
09/06/2004,32.63258362,32.7218399,32.08275604,32.18986511,26.92542458,71929998
10/06/2004,32.0541954,32.27555466,31.77570915,31.96850586,26.74026489,49251190
11/06/2004,31.91852188,31.91852188,30.70461845,30.82600975,25.78461075,66139259
14/06/2004,30.63321114,31.2330246,30.31188583,31.05450821,25.97574425,101537724
15/06/2004,31.06879044,32.31125641,30.99024391,32.17558289,26.91347694,95031444
16/06/2004,32.34695816,32.54689789,31.60433578,31.85782623,26.647686,63774783
17/06/2004,32.08989716,32.62901306,31.35441399,32.43978882,27.1344738,82664096
18/06/2004,32.41836548,32.41836548,31.50079727,31.75785828,26.56406784,68899444
21/06/2004,31.86139679,31.98278809,30.92240715,31.02594566,25.95185661,81796551
22/06/2004,30.90455627,31.45438385,30.70461845,30.8295784,25.78760147,75524229
23/06/2004,31.09735107,31.09735107,29.21580124,29.36575317,24.5631752,155018820
24/06/2004,29.3479023,30.38329124,29.3479023,30.20834541,25.26796913,165338710
25/06/2004,30.27618217,31.17589951,30.21191788,30.81886864,25.77864456,115239300
28/06/2004,30.74032211,31.62932777,30.74032211,31.54006958,26.38189888,76022618
29/06/2004,31.41867828,31.93637466,31.02951622,31.65074921,26.47447205,97278354
30/06/2004,31.71858406,31.86496735,30.56180573,30.67962646,25.66217613,124211700
01/07/2004,31.37583542,31.41153908,30.71175957,31.31514168,26.1937542,69264875
02/07/2004,31.06164932,31.30443001,30.74032211,30.9831028,25.91601944,79491426
05/07/2004,31.01880455,31.41510963,30.65106392,30.73675156,25.70995712,101090115
06/07/2004,30.75460243,31.34727287,30.61893082,31.30443001,26.18479538,82780221
07/07/2004,31.34727287,31.63289833,31.06164932,31.30443001,26.18479538,102001830
08/07/2004,31.39368629,31.91138268,30.56894684,30.84743118,25.8025341,153627412
09/07/2004,28.56243515,31.51150703,28.56243515,31.34013367,26.21465683,63477442
12/07/2004,31.20446014,31.41867828,30.85457039,31.18660927,26.08624649,40268231
13/07/2004,30.99024391,31.32585144,30.60107994,30.74032211,25.71294594,32930328
14/07/2004,30.92597771,30.92597771,29.75491714,29.8477459,24.96634293,95971686
15/07/2004,30.0405426,30.30474472,29.65137863,29.99769783,25.09176826,104458217
16/07/2004,30.13336945,30.51182175,29.86916733,30.30831528,25.3515873,115001758
19/07/2004,30.4189949,30.62607193,30.14765167,30.26190186,25.31276321,86482216
20/07/2004,32.13274002,32.13274002,30.06196404,30.60107994,25.59647369,141001963
21/07/2004,30.77602577,31.39725876,30.69747734,31.01166534,25.93990898,72609926
22/07/2004,31.70430374,32.70042038,31.27586746,32.48263168,27.17031288,146069233
23/07/2004,32.70398712,33.46803284,32.42907715,33.29309082,27.84822273,123313696
26/07/2004,33.27523804,34.20351791,32.85394287,34.08212662,28.50821877,112749527
27/07/2004,34.27492142,34.48913956,33.02531815,33.21097183,27.77953529,218197562
28/07/2004,32.98961258,33.91789246,32.98961258,33.6251297,28.1259613,115820133
29/07/2004,33.91789246,33.95359421,33.50730896,33.8821907,28.3409729,73375939
30/07/2004,33.92503357,35.02468872,33.92146301,34.91043854,29.20106888,99586042
02/08/2004,34.84617233,35.41741943,34.63552475,35.28174973,29.51164818,99070652
03/08/2004,35.2924614,35.69233322,34.80332947,34.94614029,29.2309227,116550393
04/08/2004,35.06039047,35.31031036,34.52841568,35.22105408,29.460886,94400616
05/08/2004,35.48168564,36.03865433,35.35672379,35.91726303,30.04322815,88993892
06/08/2004,35.83871841,35.91369247,35.08181381,35.2674675,29.49970055,76737417
09/08/2004,35.13179779,35.36029434,34.71406937,35.1460762,29.39816666,84287991
10/08/2004,35.20677185,35.66377258,34.98898315,35.46740341,29.6669445,65280341
11/08/2004,35.48882675,35.61735916,34.0999794,34.27135468,28.66649818,100072219
12/08/2004,34.28920364,34.54626465,33.65369034,33.93574524,28.38578033,88750034
13/08/2004,34.06070328,34.34632874,33.77508163,34.05356216,28.48432541,103644449
16/08/2004,33.85719681,34.37132263,33.65726089,34.19280624,28.60079384,70141579
17/08/2004,39.63037872,39.63037872,33.99287033,34.24636078,28.64559555,77742905
18/08/2004,34.04642487,34.04642487,33.51087952,33.6001358,28.10505676,61274982
19/08/2004,33.70367432,34.04642487,33.63940811,33.93217468,28.38278961,65585819
20/08/2004,33.95716476,33.99644089,33.02531815,33.08958054,27.67799377,72789714
23/08/2004,33.13242722,33.2538147,32.02563095,32.22199631,26.95230103,113176227
24/08/2004,32.31482697,32.7539711,32.17915344,32.38623047,27.089674,102024265
25/08/2004,32.41836548,32.76825333,32.16487122,32.70398712,27.35546875,87848276
26/08/2004,32.91820526,33.30022812,32.79681778,32.89678574,27.51673698,91476846
27/08/2004,32.93605804,33.08958054,32.39337158,32.71826935,27.36741257,66799917
30/08/2004,32.92534637,33.44661331,32.92534637,33.36092377,27.90496254,49092898
31/08/2004,33.42161942,34.04999542,33.42161942,33.96430588,28.40966797,74263440
01/09/2004,33.96430588,34.23207855,33.85362625,33.98929977,28.43057632,46091600
02/09/2004,33.91789246,34.1321106,33.61084747,33.70010376,28.18867302,52386021
03/09/2004,33.76079941,33.91075134,33.46089554,33.83220673,28.29916763,54841722
06/09/2004,33.92503357,34.26778412,33.88576126,34.06784439,28.49626923,39798145
07/09/2004,33.99644089,34.72835159,33.99644089,34.61410141,28.95319366,88353107
08/09/2004,34.77476501,34.77476501,34.35346985,34.46772003,28.83074951,57944664
09/09/2004,34.7604866,34.80332947,34.36775208,34.68193817,29.00993538,71946537
10/09/2004,34.63195419,34.89972687,34.42844772,34.83546066,29.13834763,39998058
13/09/2004,35.05324936,35.3317337,34.64623642,35.05681992,29.32350922,61914508
14/09/2004,35.09609222,35.19248962,34.54269791,34.72835159,29.04876137,50156729
15/09/2004,34.77119446,35.11751556,34.58911133,34.82117844,29.12639999,46630531
16/09/2004,34.88187408,35.11751556,34.47129059,35.0496788,29.31753349,48038479
17/09/2004,35.38528824,36.41710663,35.35672379,36.35641098,30.41055489,116181307
20/09/2004,36.55991745,36.55991745,35.70661545,35.84942627,29.98649025,63388262
21/09/2004,35.77445221,36.34569931,35.53166962,36.23859024,30.31200027,70783527
22/09/2004,36.13148117,36.16718674,35.71375656,35.94939423,30.07010269,80641944
23/09/2004,35.77445221,35.97438812,35.56023407,35.70661545,29.867033,69288360
24/09/2004,35.70304489,36.18503571,35.34958649,35.62092972,29.79536247,80391671
27/09/2004,35.41741943,35.51382065,35.11037445,35.37457657,29.58929825,49518324
28/09/2004,35.33887482,35.82800674,35.27460861,35.43884277,29.64304924,68248729
29/09/2004,35.50310898,36.88124466,35.26032639,36.72415161,30.71815681,114677444
30/09/2004,36.70272827,37.11331558,36.70272827,36.98121262,30.93317795,85039650
01/10/2004,36.99549484,38.20225906,36.57777023,38.07729721,31.85000801,94983970
04/10/2004,38.05944443,39.2305069,38.05944443,39.00200653,32.62347794,79911306
05/10/2004,38.9877243,39.11625671,38.36649323,38.55214691,32.24719238,53412698
06/10/2004,38.48074341,39.68393326,38.48074341,39.0127182,32.63244247,103549667
07/10/2004,39.26620865,40.3015976,39.07698441,39.90172195,33.37605667,95659486
08/10/2004,39.9874115,40.16592789,39.42687225,39.59110641,33.11624146,57210105
11/10/2004,39.63037872,39.86244965,38.91988754,39.05199051,32.66529846,35896923
12/10/2004,39.05913162,39.41259003,38.06658554,38.20940018,31.96050453,55923086
14/10/2004,38.34506989,38.98058319,38.10942841,38.76636505,32.42638016,62169500
15/10/2004,39.00914764,39.76605225,38.7056694,39.00914764,32.62945938,81406066
18/10/2004,39.20194244,39.66608429,38.9877243,39.32333374,32.89226913,58737538
19/10/2004,39.50185013,40.19448853,39.41616058,39.97669983,33.43877792,77133714
20/10/2004,40.48725128,40.48725128,39.03413773,39.1412468,32.73994827,102341073
21/10/2004,39.21265411,39.48042679,38.31650925,38.50216293,32.20538712,85962610
22/10/2004,38.50216293,38.50216293,38.50216293,38.50216293,32.20538712,0
25/10/2004,38.55928802,38.84491348,38.14513397,38.33078766,32.06203842,119406508
26/10/2004,42.84365463,42.84365463,38.35578156,39.39831161,32.95498276,89558592
27/10/2004,39.45543671,39.55897522,38.43075943,38.60213089,32.28900909,152264923
28/10/2004,38.76993561,39.16624069,38.31650925,38.45932007,32.16955185,118056469
29/10/2004,38.63069534,38.84491348,37.64886093,37.78453064,31.60512352,77086687
01/11/2004,37.98089981,38.17726517,37.5381813,37.83451843,31.64692879,68538803
02/11/2004,38.13085175,38.95202255,38.13085175,38.80207062,32.45624161,71018031
03/11/2004,38.90917969,39.01628876,38.42718887,38.82349014,32.47417068,62216919
04/11/2004,39.55897522,41.91537476,38.28794479,38.36649323,32.09190369,85779153
05/11/2004,38.63069534,38.8270607,38.30936813,38.58428192,32.27408218,44382852
08/11/2004,38.84491348,39.22693634,38.63069534,38.72709274,32.3935318,58939551
09/11/2004,38.90917969,38.95559311,38.45574951,38.55928802,32.2531662,45152968
10/11/2004,38.67353821,39.02342987,38.67353821,38.86990356,32.51298904,50998492
11/11/2004,39.03770828,39.39831161,38.67353821,38.98058319,32.6055603,80185036
12/11/2004,39.27334976,39.41259003,38.66639709,38.95559311,32.58466339,17702509
15/11/2004,38.95559311,38.95559311,38.95559311,38.95559311,32.58466339,0
16/11/2004,39.05913162,39.05913162,38.38077164,38.90560913,32.54284668,68620518
17/11/2004,38.9877243,39.19123077,38.64854431,38.8270607,32.47714996,49323579
18/11/2004,38.9163208,39.24478531,38.45932007,38.96987534,32.59660339,96953003
19/11/2004,38.23796082,38.77350616,37.36323547,37.65600204,31.49761963,123713592
22/11/2004,37.04547882,38.47360229,36.34569931,38.02731323,31.80818939,189682670
23/11/2004,38.05944443,38.2308197,37.2811203,37.72383881,31.55435371,117157022
24/11/2004,37.84522629,37.84522629,36.39568329,36.78484726,30.76892281,115179292
25/11/2004,36.41710663,37.37037659,35.710186,35.94225311,30.06413651,247558475
26/11/2004,35.94225311,35.94225311,35.94225311,35.94225311,30.06413651,0
29/11/2004,35.56023407,36.63132477,34.77476501,36.4028244,30.4493866,284858794
30/11/2004,36.55991745,37.39537048,36.49565125,36.92052078,30.88240242,158185245
01/12/2004,37.34538651,38.33078766,37.34538651,37.66671371,31.506567,86882028
02/12/2004,37.92377472,38.84491348,37.49533844,38.70210266,32.37263489,145983386
03/12/2004,37.14901733,39.12339783,37.14901733,38.82349014,32.47417068,104307894
06/12/2004,38.84491348,39.05913162,37.74882889,37.91306305,31.7126236,75261674
07/12/2004,38.20940018,38.20940018,36.5242157,36.92052078,30.88240242,106320902
08/12/2004,37.20257187,37.48819733,36.13505173,36.26001358,30.32992744,104018899
09/12/2004,36.28143311,36.77413559,35.70304489,36.57419968,30.59273148,94423541
10/12/2004,36.63132477,36.63132477,35.39242935,35.6459198,29.8162632,132904782
13/12/2004,35.63163757,36.06007385,34.72835159,35.87084961,30.00440025,137602477
14/12/2004,35.84585571,36.27429581,35.41741943,36.11719894,30.21047211,85411957
15/12/2004,36.11006165,36.11006165,35.15321732,35.35315323,29.57137489,97643799
16/12/2004,35.34601212,35.4852562,34.84974289,35.06753159,29.33246422,99023093
17/12/2004,34.98898315,35.39599991,34.17852402,34.31419754,28.70233536,161103721
20/12/2004,34.63195419,34.89615631,33.71081543,34.32133865,28.70830536,295404841
21/12/2004,34.52484512,35.11037445,34.37489319,34.63195419,28.96812248,154198974
22/12/2004,34.84260178,35.61735916,34.63552475,35.34958649,29.56839371,135207331
23/12/2004,35.61021805,36.36355209,35.5245285,36.15290451,30.24033546,121328109
24/12/2004,36.77413559,37.5381813,36.44209671,37.37394714,31.26168823,131770663
27/12/2004,37.13116837,39.05913162,36.15647507,36.91337967,30.87644196,260987301
28/12/2004,37.12759781,37.77382278,37.03119659,37.67028427,31.50956154,107505941
29/12/2004,37.7881012,38.47003174,37.60244751,37.95233536,31.74547386,97058344
30/12/2004,38.1344223,38.47717285,37.2168541,37.35252762,31.24377441,94488003
31/12/2004,37.93448639,38.26295471,37.53104019,38.10942841,31.87688255,66972340
03/01/2005,38.51644516,38.9163208,38.11656952,38.83420181,32.48312378,96188867
04/01/2005,39.27334976,39.27334976,37.81666565,37.93448639,31.73055077,73639782
05/01/2005,37.55960464,38.09157944,36.85625458,37.84165573,31.65291023,112450407
06/01/2005,37.70241547,38.30936813,37.29182816,37.57388687,31.42891884,91978134
07/01/2005,38.20225906,39.1091156,37.67028427,38.71995163,32.38755417,108134977
10/01/2005,38.92702866,39.12339783,37.92377472,38.14156342,31.90375328,74712197
11/01/2005,38.20225906,38.20225906,37.35252762,37.54175186,31.40204239,59161157
12/01/2005,37.77382278,37.84522629,36.7812767,37.00263596,30.9511013,104515537
13/01/2005,37.48819733,37.54175186,37.0240593,37.13830566,31.06458092,79849238
14/01/2005,37.39179993,37.39179993,36.49565125,36.69559097,30.69426727,70329448
17/01/2005,36.77413559,36.98835373,36.01723099,36.52778625,30.5539093,70620236
18/01/2005,36.63846588,37.30253983,36.33498764,36.47780228,30.51209831,89287341
19/01/2005,36.70272827,37.01691818,36.50279236,36.68130875,30.68231964,45571602
20/01/2005,36.42424774,36.77413559,36.00295258,36.5242157,30.55091858,51300805
24/01/2005,36.66702652,37.22756577,36.10292053,36.18146515,30.26422501,93907843
25/01/2005,36.12434006,36.40996552,35.59236526,35.81729507,29.95961189,114963988
27/01/2005,36.06721497,36.63132477,35.96724701,36.13862228,30.22838593,96741397
28/01/2005,36.20288849,37.3775177,34.98898315,37.29182816,31.19299126,79472072
31/01/2005,37.48819733,38.1665535,37.32396317,38.00946045,31.79325867,85855126
01/02/2005,38.12371063,39.05913162,37.84879684,38.76993561,32.42935944,112269960
02/02/2005,38.85919571,39.0841217,37.85950851,38.09872055,31.86793327,68624103
03/02/2005,38.5450058,38.80207062,38.27366257,38.62712479,32.30990982,46163680
04/02/2005,38.84491348,38.9163208,38.01660156,38.35578156,32.08293915,55698469
07/02/2005,42.68656158,42.68656158,37.74882889,37.87022018,31.67679977,36173762
08/02/2005,37.98804092,38.3272171,37.77382278,38.11656952,31.88285828,50453651
09/02/2005,38.14870453,38.59499359,38.1344223,38.35578156,32.08293915,36176185
10/02/2005,38.40933609,38.89489746,37.97732925,38.73780441,32.40249634,49713070
11/02/2005,38.84848404,39.41616058,38.78064728,39.08769226,32.6951561,77901211
14/02/2005,39.40901947,39.50542068,38.47717285,38.81277847,32.46520233,53840435
15/02/2005,38.81991959,38.81991959,38.23796082,38.50216293,32.20538712,47321985
16/02/2005,38.49145126,38.83777237,37.99517822,38.20582962,31.95752144,50273330
17/02/2005,38.27366257,38.39862442,37.85593796,38.26295471,32.00530243,47137365
18/02/2005,38.27366257,38.75922775,37.92377472,38.14513397,31.90675163,60691531
21/02/2005,38.14870453,38.47360229,37.95947647,38.1665535,31.92466354,46948572
22/02/2005,38.13085175,38.65568542,37.99161148,38.52715683,32.22629166,59620726
23/02/2005,38.5378685,39.27334976,38.5378685,39.15195847,32.748909,77989467
24/02/2005,39.29476929,39.52326965,38.95916367,39.05913162,32.67126846,69616806
25/02/2005,39.27334976,39.33761597,38.43075943,38.56999969,32.26212692,55788518
28/02/2005,38.57357025,39.9874115,38.26295471,39.71963882,33.22375488,106164094
01/03/2005,39.80889511,39.80889511,38.88061523,39.09840393,32.70411682,68262594
02/03/2005,39.05913162,39.41259003,38.88418579,39.24835587,32.82953262,72767349
03/03/2005,39.28763199,40.16592789,39.28763199,39.88744354,33.36411285,90881098
04/03/2005,39.95527649,40.94425201,39.95527649,40.84785461,34.16745377,121987730
07/03/2005,39.64466095,42.16172791,39.64466095,41.90823364,35.05441666,101548550
08/03/2005,42.04390717,42.39022446,41.57262421,42.20814133,35.30527878,101433671
09/03/2005,42.49376297,42.89720917,41.70472717,41.9760704,35.11116409,106666278
10/03/2005,41.98678207,42.62943649,41.73685837,42.41521835,35.47848129,75587613
11/03/2005,42.55802917,42.90077972,41.80826569,41.98321152,35.11713028,82768457
14/03/2005,41.9367981,42.26526642,41.13347626,41.34412766,34.58256531,49492780
15/03/2005,41.41553116,41.70829773,40.64434433,40.76216507,34.0957756,70095617
16/03/2005,40.7764473,41.25843811,40.53009796,41.00851822,34.30184174,59880508
17/03/2005,40.63006592,41.04421997,39.86244965,40.16592789,33.59705353,65083999
18/03/2005,39.9874115,40.97995377,39.64109039,40.83357239,34.15550613,67256937
21/03/2005,40.91569138,41.18703461,39.84459686,39.96598816,33.42980576,38254691
22/03/2005,39.92314529,40.03025436,38.63783646,38.89489746,32.53388977,66773281
23/03/2005,38.84491348,40.69433212,38.50930405,39.46971512,33.01470947,191023424
24/03/2005,39.63037872,40.51581573,39.63037872,39.9874115,33.4477272,113013930
28/03/2005,40.13022232,40.9371109,40.09452057,40.42298889,33.81207657,56543733
29/03/2005,40.48725128,40.55151749,38.9234581,39.21265411,32.79967117,66827170
30/03/2005,39.13053513,39.6089592,38.49502182,38.78421783,32.4413147,81073602
31/03/2005,38.9234581,39.51612854,38.81277847,38.99129486,32.61452103,88299330
01/04/2005,39.77319336,40.45869064,39.12339783,40.31587982,33.7224884,70413811
04/04/2005,40.48725128,40.59793091,39.92314529,40.34801102,33.74935532,48299339
05/04/2005,40.41227722,40.68719101,39.52684021,39.7053566,33.21180725,54556466
06/04/2005,39.84459686,40.90855026,39.84459686,40.8157196,34.14057541,61530703
07/04/2005,40.90855026,41.19417191,40.24090195,40.37657547,33.77325439,51138382
08/04/2005,40.48725128,40.5586586,39.51612854,39.76248169,33.25958633,47054753
11/04/2005,39.77319336,39.77319336,38.9163208,39.0841217,32.692173,26125348
12/04/2005,39.14481735,39.44115448,38.9163208,39.18052292,32.77280426,46659100
13/04/2005,39.34475708,39.47328568,38.77350616,38.95559311,32.58466339,28987919
15/04/2005,38.83777237,38.83777237,37.5631752,37.82737732,31.64095688,54798014
18/04/2005,37.63100815,37.63100815,36.77413559,37.02762985,30.97200584,62412014
19/04/2005,37.41679001,37.88093185,36.55991745,36.70272827,30.70023727,50673926
20/04/2005,36.88838577,37.98447037,36.7812767,37.84879684,31.65887642,60793889
21/04/2005,37.70241547,38.9877243,37.48819733,38.76636505,32.42638016,85251326
22/04/2005,39.05913162,39.25906754,38.28794479,39.09483337,32.70112991,77975210
25/04/2005,38.9163208,39.18766022,38.52715683,39.03770828,32.65334702,48498327
26/04/2005,38.70210266,39.32333374,38.63783646,39.06984329,32.680233,54222699
27/04/2005,39.63037872,39.95170593,38.08086777,38.48788071,32.19343567,187602973
28/04/2005,38.5450058,39.27334976,38.08443832,38.83420181,32.48312378,105195802
29/04/2005,39.28763199,39.28763199,37.49533844,37.70598602,31.53942871,52691821
02/05/2005,37.80952454,38.23796082,37.46320343,38.12014008,31.88584137,43024214
03/05/2005,38.05944443,38.77350616,37.52746964,38.62712479,32.30990982,48375663
04/05/2005,38.70210266,38.9163208,38.34506989,38.65568542,32.33379745,29381639
05/05/2005,38.75565338,39.08769226,38.50216293,38.64140701,32.32185745,24326384
06/05/2005,38.55928802,39.30905151,38.55928802,39.20908356,32.79669189,64922192
09/05/2005,39.21979523,39.62680817,39.00200653,39.51612854,33.05353928,44323347
10/05/2005,39.54112244,39.68393326,38.78421783,38.86276245,32.50702286,31828111
11/05/2005,38.70210266,39.09126282,38.53429413,38.73780441,32.40249634,43816108
12/05/2005,38.55214691,38.65925598,38.17726517,38.49145126,32.98726273,51668659
13/05/2005,38.45217896,38.48788071,38.13085175,38.29151535,32.81592178,24848524
16/05/2005,38.38077164,38.81991959,38.38077164,38.57714081,33.06070709,33790996
17/05/2005,38.70210266,38.82349014,37.48462677,37.55603409,32.18560028,50494417
18/05/2005,37.70241547,37.95947647,37.35252762,37.81666565,32.40897369,62603483
19/05/2005,37.91663361,38.20225906,37.32039261,37.43821335,32.08463287,42422193
20/05/2005,37.48819733,37.62387085,36.81697845,37.16329956,31.84902763,59314715
23/05/2005,37.41679001,38.05587769,37.27397919,37.92734528,32.50381088,28727787
24/05/2005,38.0701561,38.2558136,37.60244751,37.91663361,32.49464417,51323478
25/05/2005,37.70241547,38.13085175,37.52389908,37.89164352,32.47322464,56454483
26/05/2005,37.91663361,38.09514999,37.59887695,37.87379074,32.45790863,108808070
27/05/2005,37.92377472,38.51644516,37.79881287,37.93448639,32.50993729,58721979
30/05/2005,37.95233536,38.18083572,37.48819733,37.61672974,32.23761749,31958688
31/05/2005,37.63100815,38.40933609,37.44535446,38.20225906,32.73942184,75922486
01/06/2005,38.4164772,38.85919571,38.27366257,38.63069534,33.10659409,61706710
02/06/2005,38.84491348,38.93774033,37.74168777,37.83451843,32.42426682,53623380
03/06/2005,37.70241547,39.68750381,37.70241547,39.49827957,33.85011673,131507128
06/06/2005,39.55897522,40.42298889,39.20194244,39.43758392,33.79809952,87661891
07/06/2005,39.41616058,39.68750381,38.9163208,39.11982727,33.52578354,58967210
08/06/2005,39.36617661,39.9874115,39.27334976,39.87673187,34.17444992,72495426
09/06/2005,40.04453659,40.25518417,39.75177002,39.91957474,34.21116638,56698538
10/06/2005,40.058815,40.65862656,40.058815,40.45512009,34.67012787,88373329
13/06/2005,40.48011017,42.83651352,40.03382492,40.67290878,34.85678482,45665964
14/06/2005,40.77287674,41.0585022,40.33015823,40.99066544,35.12908936,46370063
15/06/2005,40.54080963,41.20131302,40.54080963,41.05493164,35.18418121,48590532
16/06/2005,41.20131302,42.48662567,41.12990952,42.14744568,36.12044525,115223307
17/06/2005,42.1295929,43.23995972,41.70115662,42.86150742,36.73241043,126440530
20/06/2005,44.62880707,46.10691071,44.01114273,45.0215416,38.58356094,337512174
21/06/2005,45.12865067,46.27114487,44.34318161,46.13904572,39.54126358,230734168
22/06/2005,45.91411591,47.12801743,45.84270859,46.73885727,40.05531311,179770966
23/06/2005,46.71386337,46.77455902,46.17831802,46.45680237,39.81358337,89786122
24/06/2005,46.34255219,47.02090836,45.91768646,46.74599838,40.06142807,90283194
27/06/2005,46.27114487,48.19911194,46.07477951,46.31755829,39.69425201,174238637
28/06/2005,47.84207916,47.84207916,44.78232956,44.95370483,38.52543259,140205952
29/06/2005,45.27146149,46.19974136,45.17863464,45.83200073,39.27813721,123681858
30/06/2005,46.27114487,46.63888931,45.46068573,45.88198471,39.32096481,100769540
01/07/2005,45.91411591,46.05692673,45.52495193,45.70703888,39.17102814,49208211
04/07/2005,45.84270859,46.37825775,45.62849045,46.01408386,39.43417358,53426086
05/07/2005,45.98552322,46.27114487,45.44640732,45.5606575,39.04558563,65828880
06/07/2005,45.51067352,46.19974136,45.51067352,46.07120895,39.48313904,47018524
07/07/2005,45.79986572,45.79986572,43.50773239,43.83976746,37.57077408,122340039
08/07/2005,44.84302521,44.84302521,43.91474533,44.29319763,37.95937347,77600621
11/07/2005,44.13967514,45.41427231,44.13967514,45.26432037,38.79161835,57751866
12/07/2005,45.33572769,45.98552322,45.02510834,45.57850647,39.06088638,71883881
13/07/2005,45.69989777,45.79986572,44.92156982,45.05367279,38.61109924,38361489
14/07/2005,45.10365677,46.18902969,44.35032272,45.80700684,39.25671387,117997062
15/07/2005,45.91411591,47.84207916,45.91411591,47.60287094,40.79576874,99419446
18/07/2005,47.62786102,48.04558945,46.99948883,47.25654984,40.49896622,109784920
19/07/2005,47.41364288,47.97061157,47.20656586,47.4600563,40.67338181,74060628
20/07/2005,47.55645752,48.77035904,47.55645752,48.49187469,41.55764389,81588474
21/07/2005,48.27051544,49.00600052,47.88849258,48.43118286,41.50563812,69635530
22/07/2005,48.5561409,49.37017059,48.42404175,49.23806763,42.19713593,53589574
25/07/2005,49.37017059,49.67721558,48.88460922,49.09525681,42.07474518,77096196
26/07/2005,48.91317368,49.44157791,48.57042313,49.35231781,42.29504395,61723656
27/07/2005,49.44871521,50.33415222,49.22735977,49.90214539,42.76625443,105898221
28/07/2005,218.3106689,218.3106689,218.3106689,218.3106689,187.0927277,0
29/07/2005,49.84144974,50.83399582,49.48442078,50.2234726,43.04162598,106627570
01/08/2005,50.19848251,50.69118118,49.73434067,50.53765869,43.31088638,62404620
02/08/2005,50.83399582,53.30107498,50.76972961,52.94404602,45.37316895,127336266
03/08/2005,54.25434875,54.26148987,50.74473953,51.01964951,43.72394943,366024503
04/08/2005,51.19816589,53.95801163,51.19816589,52.06932068,44.62352371,202590728
05/08/2005,52.12644577,52.83336639,51.58018875,51.82297134,44.41241837,112590409
08/08/2005,53.54028702,57.0534668,50.49124527,50.79115295,43.52812958,155661566
09/08/2005,50.98394775,51.75513458,50.16991806,50.53052139,43.30477142,124684979
10/08/2005,51.39096451,51.60161209,50.6411972,51.37311172,44.02687073,102268684
11/08/2005,51.60161209,52.09074402,50.91254044,51.24100876,43.91365433,92569484
12/08/2005,51.39810562,51.60518265,50.13778687,50.28416824,43.09364319,90467352
16/08/2005,50.30559158,50.6983223,49.77718353,49.96998215,42.8243866,72875687
17/08/2005,49.98426437,51.26957321,49.6272316,51.05178452,43.75148773,98007171
18/08/2005,51.41238403,53.12612915,50.35914612,50.58050537,43.34760284,121478124
19/08/2005,53.55456924,53.55456924,50.20919037,50.39484787,43.18849564,90752944
22/08/2005,50.67690277,50.95538712,49.59867096,49.9342804,42.79380035,70989812
23/08/2005,50.34129333,50.4484024,48.7739296,48.92388153,41.92787552,92582004
24/08/2005,49.0559845,49.77004623,48.77750015,49.61652374,42.52146149,96855547
25/08/2005,49.94855881,50.04138947,49.48085022,49.72363281,42.61326218,100857642
26/08/2005,49.94498825,50.26274872,49.52726364,49.89500427,42.76013184,50759283
29/08/2005,50.41270065,51.76941681,49.48799133,50.00925446,42.85804367,63972553
30/08/2005,50.19848251,50.68404388,49.91642761,50.52695084,43.30171204,62999919
31/08/2005,50.84113693,51.68015671,50.57336426,51.36954117,44.02381516,93999740
01/09/2005,51.34098053,52.08717346,51.34098053,51.89080429,44.47054672,74764182
02/09/2005,51.76941681,52.31210327,51.41952515,52.16214752,44.70308685,69581739
05/09/2005,52.26925659,52.64770889,51.99791336,52.15143967,44.69390106,52224536
06/09/2005,52.12644577,52.47633743,51.80511856,52.04789734,44.60516739,43420875
08/09/2005,52.41207123,53.23323822,52.36565781,52.74411011,45.20182419,74357032
09/09/2005,52.84050751,53.19753647,52.45491409,52.95832825,45.38539505,57343021
12/09/2005,53.21538925,53.83304977,53.13684082,53.73308182,46.04938126,52799613
13/09/2005,53.76878738,54.22935486,53.55099869,53.71880341,46.03712845,76416716
14/09/2005,53.55456924,53.98300552,52.59415436,52.90834427,45.34256744,59383645
15/09/2005,52.94761658,54.55068207,52.49061584,54.32575226,46.55729675,76116756
16/09/2005,54.55068207,54.82916641,53.97943497,54.55782318,46.75617981,54661723
19/09/2005,55.296875,59.98111725,54.12581635,54.56853485,46.76535797,53922696
20/09/2005,54.62565994,55.76815414,53.98300552,55.55036926,47.60679245,135365077
21/09/2005,55.69675064,56.0537796,53.55456924,55.85741425,47.86993408,160400406
22/09/2005,55.9823761,55.9823761,53.55456924,53.8723259,46.16870499,117798830
23/09/2005,54.83987808,54.83987808,52.7762413,53.39390564,45.75869751,147985891
26/09/2005,53.55456924,55.94667053,53.55456924,55.71460342,47.74753571,90435660
27/09/2005,56.40367126,56.83924866,55.7003212,56.26799774,48.22180176,99754361
28/09/2005,56.41081238,57.38550568,56.0537796,57.15700531,48.98368454,97726775
29/09/2005,57.1248703,58.08171463,57.1248703,57.71754456,49.46406555,99975589
30/09/2005,57.55331039,57.83179474,55.76815414,56.66430283,48.5614357,120956922
03/10/2005,56.0537796,57.32481003,56.0537796,56.7142868,48.60427094,67338023
04/10/2005,56.83924866,57.76038742,56.71785736,57.59972382,49.36309433,60690606
05/10/2005,57.69612122,57.83179474,56.98563004,57.27125549,49.08160782,53923117
06/10/2005,57.1248703,57.1248703,56.18945313,56.47150421,48.39620209,83636940
07/10/2005,56.76427078,56.76427078,55.38970566,56.29656219,48.24628448,111805490
10/10/2005,56.33940506,56.6178894,55.71817017,55.90739822,47.91277313,52026164
11/10/2005,56.19659424,56.46793747,55.12550354,56.32512283,48.27075958,53107808
13/10/2005,56.10376358,56.6178894,55.20404816,55.35757065,47.44156265,84604085
14/10/2005,55.33972168,55.51109314,54.37573624,54.54354095,46.74393082,102288851
17/10/2005,55.51109314,55.68246841,54.20079422,55.05409622,47.18148804,87172339
18/10/2005,55.50752258,55.7967186,53.44746017,54.01513672,46.29109573,87963924
19/10/2005,53.5652771,54.11153412,52.48347473,53.36177063,45.73115921,122569754
20/10/2005,53.91159821,54.68992615,52.62985992,53.42246628,45.78317642,106523223
21/10/2005,53.84019089,55.19690704,53.07257843,55.06837845,47.19372559,133090971
24/10/2005,54.99697113,55.37185287,53.84019089,54.06155014,46.33087158,68344505
25/10/2005,54.34360504,55.65390778,54.27219772,54.81131363,46.97341919,70279578
26/10/2005,54.97554779,55.33258057,54.36502838,54.52212143,46.72557831,59117043
27/10/2005,54.69706345,54.96840668,53.20824814,53.57598877,45.91474152,148738838
28/10/2005,53.91159821,54.17222977,52.66199112,52.95475769,45.38235092,86146124
31/10/2005,52.66199112,54.61851883,52.66199112,54.44714355,46.66131973,66613295
02/11/2005,54.53639984,55.65390778,54.03656006,55.53251648,47.59149551,72144349
04/11/2005,55.53251648,55.53251648,55.53251648,55.53251648,47.59149551,0
07/11/2005,54.61851883,56.46079636,54.61851883,56.26799774,48.22180176,71521727
08/11/2005,56.76784134,56.76784134,55.87526703,56.44294357,48.3717308,60874064
09/11/2005,56.5536232,57.18913651,56.20373535,56.49292755,48.41456604,59545592
10/11/2005,56.65359116,56.79283524,55.91810989,56.10376358,48.08104706,45070188
11/11/2005,56.19659424,57.42834854,56.19659424,56.79640579,48.67464447,70424608
14/11/2005,56.76784134,57.33908844,56.13232803,57.01419449,48.86129761,44978599
16/11/2005,57.19627762,58.48158646,57.19627762,58.37091064,50.02400208,80866742
17/11/2005,52.48347473,59.40629578,52.48347473,59.21707153,50.74916458,83636814
18/11/2005,59.40629578,59.62408447,58.81005478,58.99214172,50.55639648,52042255
21/11/2005,58.98143005,59.5419693,58.61011887,59.19921875,50.73386383,72091861
22/11/2005,59.23849487,59.90613937,58.19596481,58.5030098,50.13720703,96006908
23/11/2005,58.62440109,59.54553986,58.45659637,59.40986633,50.91439056,80664015
24/11/2005,59.48127365,60.5809288,59.48127365,60.27388,51.65485764,82044219
25/11/2005,60.40955353,60.40955353,59.72048569,60.17034149,51.56611252,65803378
28/11/2005,60.40955353,60.69517517,60.1774826,60.54522324,51.88739014,52587586
29/11/2005,60.63805389,61.82696152,60.02396011,60.56307602,51.9026947,113205258
30/11/2005,60.7094574,61.08433914,59.20278931,59.45985031,50.9572258,88891688
01/12/2005,59.48127365,60.21675491,59.28490448,59.94898224,51.37641525,85128004
02/12/2005,60.12392807,60.63805389,59.62408447,59.93827057,51.36722946,56707221
05/12/2005,60.48095703,60.83084869,59.69549179,59.99896622,51.41924667,53802777
06/12/2005,60.12392807,60.46667862,59.26705551,59.74904633,51.20508194,70506198
07/12/2005,59.98111725,60.68803787,59.19564819,60.22746658,51.61508179,73922461
08/12/2005,60.69517517,60.85226822,59.64193726,60.42026138,51.78030396,66309469
09/12/2005,59.98111725,61.75912857,59.98111725,61.64844894,52.83285141,90717219
12/12/2005,61.8448143,62.36607742,61.41280746,61.63773727,52.82367706,37374178
13/12/2005,61.83053589,62.44462585,61.35925293,62.23754883,53.33771896,56156161
14/12/2005,62.13401031,62.36607742,61.12361145,61.54848099,52.7471962,55358288
15/12/2005,61.69486237,61.75912857,59.91685104,60.35599899,51.72522736,73842272
16/12/2005,60.69517517,60.98080063,60.13106918,60.64876175,51.97613525,67600031
19/12/2005,60.98080063,61.51634598,60.98080063,61.20573044,52.45345688,34209980
20/12/2005,61.39495468,61.88765717,60.85583878,61.02007294,52.29434586,50743906
21/12/2005,61.13075256,61.6520195,60.62734222,61.41994858,52.63703918,52644388
22/12/2005,61.69486237,62.10544586,60.92367554,61.12004471,52.38002014,80228450
23/12/2005,61.05220795,61.40923691,59.99539566,60.18819427,51.5814209,81345567
26/12/2005,59.98111725,60.11678696,59.05283737,59.45985031,50.9572258,74546889
27/12/2005,59.62408447,62.11615753,59.13495255,61.90193939,53.05011368,82522974
28/12/2005,62.12329865,63.54428101,61.98048782,62.30181503,53.39280319,151772052
29/12/2005,61.98048782,63.90845108,61.98048782,63.62996674,54.53102493,127220281
30/12/2005,64.12266541,64.3261795,63.21224213,63.50143433,54.42087173,69291357
02/01/2006,63.76564026,64.40829468,63.56212997,64.11196136,54.94409943,51281633
03/01/2006,64.22977448,65.97208405,63.9798584,65.69360352,56.29956055,68687753
04/01/2006,65.76500702,66.83609772,65.69360352,66.39694977,56.90233994,60512596
05/01/2006,66.62187958,66.83609772,65.69360352,65.81499481,56.40359497,74344078
06/01/2006,65.81499481,66.51119995,65.20089722,65.74358368,56.34240341,89054027
09/01/2006,65.90782166,66.08633423,64.70819855,64.99024963,55.6967926,87383441
10/01/2006,64.90813446,64.97954559,63.42646027,63.84418488,54.71461105,134444371
12/01/2006,61.63059616,64.0512619,61.63059616,63.32649231,54.27094269,275574236
13/01/2006,63.54785156,64.0512619,63.05514908,63.20510101,54.16691589,141888428
16/01/2006,63.40860748,63.40860748,61.70914459,62.33394623,53.42034149,215346951
17/01/2006,62.49818039,66.90750885,62.26968002,66.30055237,56.81971741,632289604
18/01/2006,66.30055237,83.13570404,66.30055237,79.28407288,67.94662476,533724706
19/01/2006,80.00411224,83.39286041,79.02120209,80.51842499,69.0044632,89000074
20/01/2006,80.80415344,81.07845306,80.23269653,80.48413849,68.97510529,33771785
23/01/2006,80.23269653,80.68986511,79.31835938,80.27269745,68.79388428,36528785
24/01/2006,81.14702606,81.60419464,78.74118805,79.25550079,67.92215729,98982821
25/01/2006,79.54694366,79.98125458,78.28974152,78.67832947,67.42751312,117047947
27/01/2006,79.4212265,80.36984253,79.40979767,79.84981537,68.43149567,54941663
30/01/2006,80.00411224,82.08422089,80.00411224,81.26703644,69.64603424,63495319
31/01/2006,80.96416473,82.26708221,80.96416473,81.59276581,69.92517853,54326385
01/02/2006,81.67276764,82.15279388,80.11840057,80.55271149,69.03384399,43206477
02/02/2006,81.13559723,81.8213501,80.11840057,80.99273682,69.41094971,43943959
03/02/2006,80.80415344,80.80415344,79.43265533,79.61552429,68.23069763,30004832
06/02/2006,79.43265533,82.60424805,78.11830139,82.32994843,70.55696106,83346920
07/02/2006,82.35280609,82.68996429,80.74700928,82.35280609,70.57652283,59512226
08/02/2006,82.28422546,82.51852417,81.60419464,81.8899231,70.17985535,59064976
10/02/2006,81.71848297,82.69567871,81.71848297,82.24422455,70.48350525,45202538
13/02/2006,81.71848297,82.40423584,81.71848297,81.92420959,70.20922852,27743423
14/02/2006,81.71848297,82.78710938,81.38703918,81.62705231,69.9545517,57810973
15/02/2006,81.38703918,82.16422272,79.60409546,80.20983887,68.74002838,67014266
16/02/2006,80.20983887,81.07845306,79.32407379,79.66695404,68.27476501,35513864
17/02/2006,80.34698486,80.86129761,78.86119843,79.22121429,67.8927536,40528581
20/02/2006,79.31835938,80.39841461,78.74690247,80.23841095,68.76450348,28227011
21/02/2006,80.23841095,80.68986511,79.3526535,79.74695587,68.34331512,29401892
22/02/2006,79.918396,80.63271332,79.77552795,80.45556641,68.9506073,25688530
23/02/2006,80.57556915,80.78701019,79.43836975,80.04411316,68.59798431,54348189
24/02/2006,80.23269653,80.84986877,79.88981628,80.32984161,68.84287262,21010408
27/02/2006,80.34698486,80.67271423,79.66123962,80.01554108,68.57350159,47238261
28/02/2006,80.43270874,81.70705414,79.46694183,81.01559448,69.43054199,67553448
01/03/2006,80.91844177,81.59276581,80.24412537,80.94702148,69.3717804,39579019
02/03/2006,81.14702606,82.17565155,80.80415344,81.50704956,69.85173035,33440448
03/03/2006,81.71848297,82.06136322,80.94702148,81.80420685,70.10639191,36620586
06/03/2006,81.94706726,83.87859344,81.94706726,83.68430328,71.71763611,53639371
07/03/2006,83.81002045,84.57577515,83.31856537,83.71858978,71.74703217,47205302
08/03/2006,83.77573395,83.77573395,81.33560944,82.27851868,70.51287079,61494358
09/03/2006,82.74710846,83.28427887,81.31846619,83.061409,71.18380737,40411075
10/03/2006,83.54714966,84.33576202,83.10713196,83.59857941,71.6441803,30233677
13/03/2006,83.60429382,84.71864319,83.54714966,84.04431915,72.02616882,34700724
14/03/2006,83.89002228,85.31867218,83.33570862,84.8615036,72.72649384,32703088
16/03/2006,85.14723206,88.00452423,84.8615036,87.83308411,75.27314758,77186860
17/03/2006,88.00452423,89.37030792,87.21591187,88.58169556,75.914711,55913414
20/03/2006,88.77027893,89.14743805,88.0616684,88.92456818,76.20855713,21719690
21/03/2006,89.14743805,90.86181641,88.51883698,89.1988678,76.44364166,38242210
22/03/2006,89.48459625,89.89033508,86.70159912,88.29025269,75.66494751,44707366
23/03/2006,89.31887817,89.65603638,87.85022736,88.84456635,76.13999939,33847162
24/03/2006,88.69026947,89.71889496,88.69026947,89.39888,76.6150589,24725660
27/03/2006,89.83319092,91.17040253,89.83319092,90.78752136,77.80509949,26706864
28/03/2006,90.86181641,91.09039307,90.01605225,90.38750458,77.46229553,16031818
29/03/2006,90.97610474,91.18183136,89.97605133,90.71894836,77.74633789,16167392
30/03/2006,90.97610474,92.22188568,90.06177521,90.94181824,77.93734741,28515650
31/03/2006,91.4275589,92.34760284,90.06177521,90.90181732,77.90306091,73076882
03/04/2006,91.54756165,95.20489502,91.54756165,94.72486877,81.17942047,44027176
04/04/2006,94.97631073,96.34780884,94.86772919,95.63348389,81.95812225,34384454
05/04/2006,96.34780884,96.57639313,95.43347931,96.06208038,82.32542419,39932982
07/04/2006,96.51924896,96.72497559,94.82201385,95.25632477,81.63489532,37107883
10/04/2006,95.20489502,96.19922638,94.19341278,95.57633972,81.90914917,40280750
12/04/2006,95.44490814,98.14218903,93.84482574,94.71915436,81.17453003,82064393
13/04/2006,94.8620224,97.47929382,94.54199982,96.74783325,82.91311646,76596896
17/04/2006,97.14785004,97.94789124,96.70211029,97.31357574,83.39794159,26106094
18/04/2006,97.58216095,102.3766937,97.58216095,101.8680954,87.30116272,71843982
19/04/2006,102.7367096,106.5197601,102.1766815,105.3539886,90.28862,93268219
20/04/2006,106.8626328,114.2573013,106.8626328,113.4401169,97.21842957,130476958
21/04/2006,114.2915878,115.205925,108.9770279,111.4285812,95.49453735,75692148
24/04/2006,111.4342957,114.2344437,110.4056778,111.6857376,95.71492767,58418086
25/04/2006,111.7200317,112.5772171,108.6912994,109.1598969,93.55028534,30839609
26/04/2006,109.7199249,112.2343369,108.8227386,111.8514633,95.85697937,41957400
27/04/2006,112.2343369,120.0061646,112.2343369,114.0572891,97.74736786,86212039
28/04/2006,112.5772171,115.5487976,110.9771347,115.3087845,98.81988525,54765263
02/05/2006,117.14888,119.1946945,117.034584,117.8517685,100.9992218,26648041
03/05/2006,117.8574905,119.091835,116.7031403,118.3546524,101.4302139,23390951
04/05/2006,119.091835,128.0980072,118.8632507,123.4577713,105.8035965,124128451
05/05/2006,123.8577957,126.7493744,123.6634979,125.6350327,107.6695175,52275053
08/05/2006,127.4351196,133.6068726,127.092247,132.0067902,113.1301193,67921200
09/05/2006,132.5782471,133.6868744,129.8352509,131.9039154,113.0419769,63383719
10/05/2006,132.5782471,134.2926178,129.9781036,133.6983032,114.5797424,89270042
11/05/2006,134.2926178,135.3669586,125.8350372,126.8922348,108.7469406,106032727
12/05/2006,128.0694427,128.0694427,120.8062134,121.9319839,104.4959793,74881301
15/05/2006,122.2919998,122.2919998,115.6116562,116.7659988,100.0687256,85087660
16/05/2006,117.1431656,120.5662003,111.5485916,119.2861328,102.2284851,109591379
17/05/2006,122.2005692,124.8006973,120.5776291,124.1435242,106.3912811,51148724
18/05/2006,121.7205429,122.2691422,113.4344025,114.8401871,98.41830444,83552753
19/05/2006,115.4345016,121.149086,109.8913651,111.7886047,95.80308533,122474060
22/05/2006,113.7201309,114.1772995,96.00493622,106.2226028,91.03300476,112969668
23/05/2006,107.3198013,112.0057602,105.2854156,110.531395,94.7256546,73477471
24/05/2006,111.091423,111.091423,98.86222076,107.2683716,91.92923737,100243526
25/05/2006,107.9369736,109.9485092,105.4339905,108.5770111,93.05075073,79605105
26/05/2006,109.7199249,113.3544006,108.868454,109.5484848,93.88330078,58021662
29/05/2006,109.9485092,111.7771759,108.6912994,109.2570419,93.63354492,32605426
30/05/2006,109.6856384,111.7200317,108.0055542,109.1427536,93.53556824,31027558
31/05/2006,107.205513,110.0513687,104.2339325,109.0513229,93.45724487,79677166
01/06/2006,110.2913818,110.2913818,105.7197189,105.7597198,91.67730713,78184283
02/06/2006,106.2911758,109.9485092,105.7254333,109.5027695,94.92195129,49858174
05/06/2006,109.9485092,110.9428482,105.7254333,105.7597198,91.67730713,51169635
06/06/2006,105.148262,105.7197189,102.8624268,103.6053238,89.80979919,73627018
07/06/2006,103.4338913,105.148262,100.4451599,102.0623856,88.47229767,100805037
08/06/2006,100.7023163,101.148056,92.23331451,94.37056732,81.80467987,104511487
09/06/2006,93.14764404,106.1997452,93.14764404,105.4625626,91.41972351,98846897
12/06/2006,104.9196777,108.3484268,102.0966797,102.9824371,89.26981354,61593736
13/06/2006,101.7195129,101.7195129,97.26213837,98.13647461,85.0691452,63382091
14/06/2006,98.86222076,102.0623856,96.3706665,98.11361694,85.04932404,75101186
15/06/2006,100.2337265,102.8624268,99.71941376,102.3309708,88.7051239,52498149
16/06/2006,103.7767639,108.0055542,103.7767639,105.331131,91.30578613,60863192
19/06/2006,104.9196777,107.4340973,103.205307,106.7140579,92.50457764,35025945
20/06/2006,106.2911758,106.9769287,104.6910934,105.7197189,91.64263153,39634604
21/06/2006,106.2911758,110.6914063,104.9196777,110.1942368,95.52133942,56845197
22/06/2006,110.8628387,113.537262,110.5428238,111.4457245,96.60618591,42457577
23/06/2006,110.6342545,116.1773987,108.8170242,115.6516571,100.2520828,52768668
26/06/2006,116.0059662,117.0117264,111.7200317,112.1429062,97.21052551,61659515
27/06/2006,113.4915466,115.5373688,111.9543228,112.6629333,97.66133118,109435620
28/06/2006,109.9656525,114.9773407,109.9656525,114.4001694,99.16723633,56030177
29/06/2006,117.0231552,117.7203369,114.463028,115.2459259,99.900383,52730100
30/06/2006,117.1374512,121.6062546,117.1374512,121.1319427,105.0026321,52072458
03/07/2006,121.3376617,123.4006271,120.4976196,122.4177246,106.1172028,38339251
04/07/2006,122.2919998,123.8577957,122.0634155,122.8291702,106.4738846,31663257
05/07/2006,122.7491684,125.6064529,121.7376862,125.0521393,108.4008408,38295941
06/07/2006,123.4234848,124.6921234,122.4234314,123.806366,107.320961,37355775
07/07/2006,125.034996,125.034996,117.2917404,117.9032059,102.2038269,57829355
10/07/2006,118.4060898,119.9890213,116.9431534,119.2404175,103.3629837,39154175
11/07/2006,119.4347076,120.3204727,118.4289474,119.9147339,103.9475174,30355671
12/07/2006,118.4289474,125.7207489,115.5602264,125.497879,108.7872314,64260537
13/07/2006,124.1492386,125.149292,122.3320007,122.9148865,106.5481873,29174001
14/07/2006,121.7205429,123.7777939,120.0918884,122.1891403,105.9190674,28412300
17/07/2006,120.9205017,122.1091309,117.4631805,117.8803482,102.1840057,25732995
18/07/2006,118.0632095,118.8632507,113.0458145,114.7944717,99.50904083,55770770
19/07/2006,115.4345016,117.7089081,111.6800232,112.3543472,97.39382935,58942316
20/07/2006,113.9487152,115.4345016,112.6057892,113.7658463,98.61737823,63024777
21/07/2006,113.148674,113.7201309,109.217041,110.5828247,95.85818481,58215228
24/07/2006,109.9485092,111.4342957,107.6055298,111.0342789,96.24952698,46571895
25/07/2006,112.5543594,113.2629623,111.6628799,112.8972321,97.8644104,27579168
26/07/2006,113.148674,114.8516159,112.1314774,114.280159,99.0632019,25801706
27/07/2006,114.8516159,116.0973969,112.9486618,114.3030167,99.08301544,40973706
28/07/2006,115.2859268,115.2859268,111.3200073,111.8971786,96.99752808,31577196
31/07/2006,112.9200897,114.0630035,111.5600204,111.8686066,96.97275543,29046931
01/08/2006,111.3200073,113.2572479,111.3200073,112.1886215,97.25016785,30444199
02/08/2006,111.8914642,113.6572723,111.8914642,113.2515335,98.17153931,18028876
03/08/2006,113.7201309,115.205925,112.1600494,112.9200897,97.88422394,34767693
04/08/2006,112.9200897,114.2344437,109.9770813,110.6113968,95.88295746,43700494
07/08/2006,110.6342545,110.7142639,108.8055954,109.1427536,94.60984802,21285415
08/08/2006,109.2056122,111.9714737,109.148468,111.6800232,96.80929565,19332271
09/08/2006,111.6800232,113.8801422,110.8628387,112.9200897,97.88422394,29473831
10/08/2006,112.9200897,113.148674,110.5428238,111.8857498,96.98762512,23640138
11/08/2006,112.6800766,116.0059662,111.4342957,115.5487976,100.1629181,48343496
14/08/2006,116.0059662,117.9489212,114.5430298,117.6346207,101.9710083,23130442
16/08/2006,118.2917938,120.5776291,118.1889343,119.6061478,103.6800232,36026229
17/08/2006,121.03479,122.7491684,118.6403809,121.8462601,105.6218491,46844190
18/08/2006,122.0634155,123.2634811,119.8918762,120.6804886,104.6112976,18878851
21/08/2006,120.5776291,122.8520279,119.4347076,122.0177002,105.7704544,20695564
22/08/2006,123.4349136,123.9949417,120.6404877,121.6976852,105.493042,27080339
23/08/2006,121.3776703,122.7377396,120.5947723,121.3662415,105.2057266,20861526
24/08/2006,121.149086,127.9837189,120.2347488,126.5036469,109.6590805,49476974
25/08/2006,127.4351196,128.5780334,125.8350372,126.9379501,110.035553,41967707
28/08/2006,127.2065353,128.4523163,126.5379333,128.2465973,111.1699448,18145464
29/08/2006,129.1380615,130.2809753,127.4351196,127.875145,110.8479538,34556191
30/08/2006,127.4351196,129.7209473,126.5322189,129.0123444,111.8337326,28771180
31/08/2006,118.8632507,129.8123932,118.8632507,127.7037048,110.6993332,44955888
01/09/2006,127.4351196,128.966629,127.4351196,128.2923126,111.2095642,18774303
04/09/2006,128.5837555,130.0581207,128.5837555,129.3323669,112.111145,21722805
05/09/2006,128.5780334,129.7209473,127.5494156,128.686615,111.5513687,13024825
06/09/2006,128.6923218,130.9781647,128.4637451,130.0066833,112.6956482,31321902
07/09/2006,129.7209473,129.7209473,128.040863,128.6580353,111.5265961,24551500
08/09/2006,129.1494904,129.6580963,127.1493912,129.2409363,112.0318832,39334302
11/09/2006,129.3780823,129.7152405,123.7777939,124.3149643,107.7618408,41672348
12/09/2006,124.8064117,126.8350906,122.6463013,126.5036469,109.6590805,50741607
13/09/2006,127.0693893,128.6123199,126.9779587,127.5665588,110.580452,35040119
14/09/2006,128.0065765,129.9381104,127.5265579,128.7323303,111.591011,27713657
15/09/2006,128.8066254,130.7495728,127.3494034,130.3609924,113.0027924,26321350
18/09/2006,130.8638763,131.509613,128.5951843,129.543808,112.2944336,24127707
19/09/2006,129.7209473,130.9095917,126.7493744,127.7608566,110.7488861,26778672
20/09/2006,127.3208313,129.3552246,126.2979202,128.9380493,111.7693329,27366195
21/09/2006,129.5095215,130.7152863,129.1780701,130.166687,112.8343658,32394562
22/09/2006,129.6923828,132.4525146,128.9209137,132.1210785,114.528511,46463515
25/09/2006,132.5553894,134.2926178,132.1210785,132.9325409,115.231926,37707061
26/09/2006,133.0354156,135.0926514,132.5953827,134.7612152,116.8171005,33132674
27/09/2006,135.5498199,136.7841797,133.7497253,134.1840363,116.3167953,21181864
28/09/2006,133.8583069,134.8640747,132.9211121,133.492569,115.717392,33521163
29/09/2006,135.9841309,135.9841309,133.6183014,133.9211731,116.0889053,17727148
03/10/2006,133.1782684,134.4469147,132.5782471,132.7839661,115.1031342,9095349
04/10/2006,133.149704,133.3782806,130.6352844,131.3267517,113.8399734,44511779
05/10/2006,132.5782471,133.081131,131.5039063,131.9953613,114.4195251,35692547
06/10/2006,133.2639923,134.2240448,131.6639099,132.9039764,115.2071609,23645475
09/10/2006,132.0067902,133.3782806,131.4467621,131.8296356,114.2758713,14470574
10/10/2006,132.5782471,133.1268463,131.0981598,131.5381927,114.0232468,11522501
11/10/2006,132.0067902,132.7953949,130.1209717,130.6695709,113.2702866,23692513
12/10/2006,130.8010101,134.0640411,130.5495605,133.5782928,115.7917099,34037745
13/10/2006,134.0640411,136.687027,134.0640411,136.0869904,117.9663467,47385989
16/10/2006,136.5784454,139.3214417,136.4641571,138.6814117,120.2153091,38044671
17/10/2006,138.8642883,139.6414642,137.7327881,138.887146,120.3936462,22184239
18/10/2006,137.4013519,139.4928894,137.4013519,138.1213837,119.7298584,21577563
19/10/2006,138.7499847,138.7499847,135.6183929,136.8184662,118.6004105,32234690
20/10/2006,137.8128052,139.3557281,137.1499023,137.5556488,119.2394638,33183754
23/10/2006,137.1499023,137.2527618,136.2012939,136.4470215,118.2784119,15570647
26/10/2006,136.0069885,136.4641571,133.7211609,134.2868958,116.4059296,21219811
27/10/2006,135.3098145,140.2472076,134.8755035,139.7443237,121.136673,41792532
30/10/2006,140.0072021,141.7215729,138.5385437,141.2815552,122.469223,17880493
31/10/2006,141.150116,141.6072845,139.235733,140.1214905,121.4636536,17921966
01/11/2006,139.5500336,144.9217377,139.4471741,144.5102844,125.2680206,48093538
02/11/2006,144.9217377,148.4647675,143.835968,146.6761169,127.1454926,36317956
03/11/2006,147.4361572,147.6533051,144.9217377,147.1732788,127.5764389,28470721
06/11/2006,146.9789886,150.2934418,146.3218079,149.0933838,129.2408752,30595173
07/11/2006,149.4933929,150.4020233,146.8818359,147.5847321,127.933136,31880044
08/11/2006,147.5847321,147.9733124,141.8758698,143.1216431,124.0643005,42717762
09/11/2006,143.5502319,144.761734,142.1558838,144.0759735,124.8915939,35843381
10/11/2006,144.8074493,147.859024,143.2245026,146.8989716,127.3386765,30040836
13/11/2006,147.2075653,148.1219025,146.5218201,146.9104156,127.3485489,9861469
14/11/2006,147.4818726,148.1104736,145.4303284,146.2246552,126.7541428,14216391
15/11/2006,146.5218201,146.9618378,143.7902527,144.3102722,125.0946426,18325127
16/11/2006,144.5788574,146.5218201,143.4530945,144.6645813,125.4017944,14140848
17/11/2006,145.1503143,145.3789063,143.1330719,143.9216766,124.7578125,10982566
20/11/2006,140.0357666,144.9103088,140.0357666,143.8931122,124.7330322,24385013
21/11/2006,144.8074493,146.1103668,143.9102478,145.613205,126.2241058,16005333
22/11/2006,146.2817993,147.4933014,145.4131927,146.0818024,126.6302872,15767608
23/11/2006,146.2932281,147.4132996,145.036026,145.3731842,126.0160675,16107904
24/11/2006,145.1503143,145.6531982,143.8131104,144.2759857,125.064949,18410392
27/11/2006,144.2359924,145.036026,142.9387817,143.1902161,124.1237411,15857501
28/11/2006,142.7844849,145.1160278,141.710144,142.9444885,123.9107513,27266564
29/11/2006,143.4473724,144.6588593,142.424469,142.7844849,123.7720566,15458547
30/11/2006,142.978775,144.1216888,141.7272797,142.2301636,123.2915421,23547891
01/12/2006,142.3044586,145.0245972,142.3044586,144.1274109,124.9361267,19952019
04/12/2006,144.5788574,145.8360748,143.5045166,143.9959717,124.8222122,21858012
05/12/2006,146.2932281,147.9390259,144.5788574,146.241806,126.7690048,32943928
06/12/2006,146.8418274,148.4590607,145.1674652,146.447525,126.9473038,27990519
07/12/2006,146.4075317,149.6076965,146.4075317,148.6933594,128.894165,33453887
08/12/2006,149.150528,149.150528,144.5788574,145.0531769,125.7386475,25528483
11/12/2006,146.2932281,146.2932281,140.155777,141.7215729,122.8506546,39687399
12/12/2006,141.492981,143.8931122,134.4469147,137.7670746,119.4227066,60181243
13/12/2006,138.8528442,141.9615784,137.2641907,141.5387115,122.6921463,45985404
14/12/2006,142.2930298,145.5389099,141.6129913,143.9445496,124.7776337,26296213
15/12/2006,144.6931458,145.1503143,142.350174,143.2873688,124.2079697,21131992
18/12/2006,144.0074005,148.3504791,142.0701599,147.3332825,127.7151108,22069305
19/12/2006,148.3276215,148.3276215,140.5786591,143.2702179,124.1931152,36971040
20/12/2006,144.0074005,145.7217712,140.9558105,142.7387695,123.7324371,36757166
21/12/2006,143.0930634,144.8760223,142.0758667,144.1731262,124.975769,20249661
22/12/2006,144.1845551,145.7217712,143.5788116,145.4417572,126.0754776,12273869
26/12/2006,146.8532562,146.8532562,144.6931458,145.9503632,126.5163498,14411909
27/12/2006,146.8646851,148.3390503,146.3503876,147.8190308,128.1362,20441871
28/12/2006,148.2361908,148.921936,144.9503021,145.6874847,126.2885056,35820527
29/12/2006,146.2989502,147.093277,144.6017151,145.1674652,125.8377151,19637297
02/01/2007,145.7217712,146.956131,145.1846008,146.3961029,126.9027557,10061125
03/01/2007,146.8646851,147.5390167,145.7617798,146.8132629,127.2643661,13034467
04/01/2007,147.4361572,148.579071,145.9503632,146.3503876,126.8631363,26444841
05/01/2007,145.7217712,149.9505615,145.7217712,147.2247162,127.6210098,26660981
08/01/2007,147.8933105,147.8933105,144.761734,145.9332123,126.5015106,19173370
09/01/2007,147.9847565,147.9847565,145.3789063,146.098938,126.6451645,22409750
10/01/2007,145.7217712,147.5390167,144.4759979,145.5103302,126.1349258,42113055
11/01/2007,145.7217712,148.579071,144.6017151,148.1790466,128.4483185,19496132
12/01/2007,149.57341,153.7221832,148.0076141,153.0935822,132.7084198,39190014
15/01/2007,155.9851685,156.8080597,153.8364716,156.0023041,135.2298431,28151257
16/01/2007,156.2366028,156.8080597,153.6193237,153.9450531,133.4465332,15692397
17/01/2007,155.2079773,155.6651459,153.7393341,154.2765045,133.7337952,13686536
18/01/2007,154.865097,158.2595673,154.1793518,156.2823181,135.4725647,30901337
19/01/2007,163.2083893,163.2083893,157.0652161,158.0366974,136.9933777,56511743
22/01/2007,158.2938538,159.4310455,156.6994781,157.0195007,136.1116333,13715121
23/01/2007,156.6994781,157.8081055,155.1679688,155.4994202,134.7939453,10620755
24/01/2007,157.0823669,157.0823669,155.4651337,156.5223236,135.6805878,14724968
25/01/2007,157.6881104,157.6881104,155.7280121,156.648056,135.7896271,22136178
29/01/2007,156.579483,159.3110504,156.0365906,157.98526,136.9487762,14797851
31/01/2007,158.4024353,158.7510223,155.2765503,156.1737366,135.378479,23624188
01/02/2007,156.3508911,158.1795654,155.8994446,157.4480896,136.4831238,8045902
02/02/2007,158.1452789,159.2881927,156.3566132,157.1566467,136.2304688,14278285
05/02/2007,157.7223969,158.979599,156.8080597,158.562439,137.4490967,8424574
06/02/2007,152.0078125,160.9225616,152.0078125,158.77388,137.6323853,15368716
07/02/2007,159.7796478,159.9853668,157.8652496,159.4253387,138.1970825,13360974
08/02/2007,159.6596375,160.3511047,157.8366852,159.6710663,138.4101105,8767390
09/02/2007,160.0653687,160.7854004,156.579483,159.0710297,137.8899689,13458978
12/02/2007,158.5224304,158.5224304,154.6593781,155.3165588,134.6354218,11095995
13/02/2007,154.9794006,158.2938538,153.3793182,156.1223145,135.3338623,12632180
14/02/2007,156.0251617,158.4881439,153.4078827,157.3852386,136.4286346,12438544
15/02/2007,158.0081177,161.5740204,158.0081177,160.8025513,139.3909149,17888402
19/02/2007,161.1511383,163.4369659,161.1511383,162.379776,140.7581482,13674777
20/02/2007,163.3226776,165.0827637,161.179718,161.6768799,140.148819,28700335
21/02/2007,158.979599,162.865509,158.979599,160.7796936,139.3710938,13364272
22/02/2007,161.7225952,162.9740906,160.0082245,161.385437,139.8961792,32546891
23/02/2007,162.7512207,165.0027618,160.24823,161.522583,140.0150757,32824943
26/02/2007,162.2940521,163.4141083,156.8652039,160.7568359,139.3513336,63419942
27/02/2007,149.1619568,161.734024,149.1619568,160.6311188,139.2423248,26148818
28/02/2007,154.305069,157.7223969,152.1392517,154.5793762,133.9963684,61743983
01/03/2007,157.1509399,157.1509399,150.7563171,156.3223267,135.5072632,34581643
02/03/2007,156.6937714,156.6937714,149.4933929,150.4305878,130.4000397,41534412
05/03/2007,148.579071,148.6933594,142.6587677,143.9331055,124.7677002,47152367
06/03/2007,145.6074829,149.3676758,144.3845673,148.3333435,128.5820313,31088166
07/03/2007,149.8362732,151.8935242,144.1331177,147.2818604,127.6705704,30188258
08/03/2007,150.7506104,153.1507263,147.4361572,152.6421356,132.3170929,29274218
09/03/2007,152.9221497,154.2707825,149.150528,150.6591797,130.5982056,21098499
12/03/2007,151.9963837,152.5335541,149.3791046,150.3734436,130.3505096,18864108
13/03/2007,150.3734436,152.2021027,149.1790924,151.6363678,131.4452515,13837877
14/03/2007,149.6076965,149.6076965,144.1502686,146.9046936,127.3436432,23510172
15/03/2007,148.4647675,149.710556,146.1789398,146.6818237,127.1504593,25017125
16/03/2007,146.6818237,149.2419586,145.8360748,148.5962067,128.809906,22468407
19/03/2007,148.7047882,150.6363068,148.2476196,150.1277161,130.1374664,10332291
20/03/2007,150.6363068,152.5792694,150.4077301,151.2020569,131.0687866,10261183
21/03/2007,150.8648987,153.5850372,149.150528,153.1507263,133.9647675,10490395
22/03/2007,153.9507751,157.7166748,153.9507751,157.1795044,137.4888763,21121580
23/03/2007,157.2652283,158.1567078,155.436554,157.2709351,137.5688324,16677657
26/03/2007,158.0652618,158.0652618,154.2936401,155.9565887,136.4191132,12894448
28/03/2007,155.436554,157.0366364,153.4421692,154.2936401,134.9644928,18664269
29/03/2007,155.8937225,156.4651794,153.8364716,155.1165466,135.6843414,23169325
30/03/2007,155.436554,157.1395111,154.6593781,156.6137695,136.993988,23147171
02/04/2007,154.865097,155.299408,149.1790924,150.1734314,131.3604736,28788942
03/04/2007,150.9220428,153.8364716,149.6648407,153.2364502,134.0397644,23283681
04/04/2007,154.0650635,156.4594727,154.030777,155.8080139,136.2891998,17412059
05/04/2007,155.7794342,155.9851685,154.5450897,155.30513,135.8492737,10617290
09/04/2007,156.0080261,158.6367188,155.6651459,158.2138519,138.393631,9728896
10/04/2007,158.8081665,158.8653107,156.648056,158.2252808,138.4036102,11596942
11/04/2007,158.3109894,159.8253632,157.3852386,158.4767151,138.6235352,14678962
12/04/2007,158.1795654,159.2081909,156.8366394,158.5795746,138.7135162,9616770
13/04/2007,157.1795044,161.8254547,157.1795044,161.3740082,141.1578827,13299955
16/04/2007,162.0769043,167.3228912,161.9797516,166.6085663,145.7366638,14851941
17/04/2007,167.4371796,170.0658875,165.991394,168.671524,147.541214,33423430
18/04/2007,168.3515167,170.9687805,168.3515167,169.7630157,148.4959564,20053251
19/04/2007,167.465744,171.3802338,166.9342957,170.5630493,149.1957855,19251241
20/04/2007,170.865921,176.5805054,170.865921,176.1747742,154.1045227,20879952
23/04/2007,176.3519287,178.2948761,174.3289642,177.6434174,155.3891144,21884768
24/04/2007,177.6091309,181.6779175,176.1290588,180.9178772,158.2534027,20824121
25/04/2007,180.8092957,182.8665466,178.6377563,182.68367,159.7979889,18046358
26/04/2007,184.0094604,185.9066925,181.0378723,182.5065308,159.6430664,54287817
27/04/2007,184.2380371,184.2380371,175.0947113,175.9176178,153.8795319,27450567
30/04/2007,177.1291046,179.6663818,171.5516815,178.4148865,156.0639648,20872174
03/05/2007,180.0092468,186.2952881,180.0092468,185.8552704,162.5722504,32242197
04/05/2007,186.3238678,186.9810333,180.2492676,180.9407349,158.2733612,32242949
07/05/2007,183.4380035,184.9237976,182.4093781,183.609436,160.6077576,24784859
08/05/2007,183.838028,184.5123444,181.7236328,182.0836487,159.2731628,18773874
09/05/2007,181.7236328,182.8665466,179.8378143,182.6665344,159.7829742,20192089
10/05/2007,183.6665802,183.9866028,180.0092468,180.7407227,158.0984344,15843099
11/05/2007,177.2662506,182.8665466,175.0090027,181.6207581,158.8682098,29450679
14/05/2007,184.0094604,185.9524078,183.4380035,185.180954,161.9824219,16711929
15/05/2007,185.2095184,185.8266907,182.123642,182.6950989,159.8079681,30350894
16/05/2007,182.980835,188.3525391,182.7065277,186.8324585,163.4270172,24876581
17/05/2007,188.0210876,193.1242065,188.0210876,192.6098938,168.4807129,24973307
18/05/2007,192.5584717,194.9814453,190.8783875,194.1185455,169.8003693,20283846
21/05/2007,195.4386139,202.2961121,194.7757263,201.2617798,176.0487518,28342277
22/05/2007,202.1818237,204.0104828,198.6559296,203.3533173,177.8782501,34401499
23/05/2007,203.4390259,205.4734192,200.0102844,200.7131805,175.5688629,14032887
24/05/2007,200.0159912,201.1531982,196.2443695,197.4044342,172.6745911,24716385
25/05/2007,194.4385681,198.5244904,194.4214172,197.5015869,172.759613,21165870
28/05/2007,198.8559418,200.0102844,196.1586609,197.0272675,172.3447113,13474797
29/05/2007,196.8101196,202.0675354,195.7586365,200.7988892,175.6437988,20311599
30/05/2007,200.0102844,203.4390259,199.1073761,200.3360138,175.2389221,26982519
31/05/2007,200.5817413,202.4961243,199.6674042,201.0160522,175.8337708,16331017
01/06/2007,202.6161346,203.427597,199.7074127,200.1531525,175.0789795,13167670
04/06/2007,202.1818237,202.1818237,198.7016449,199.0902405,174.1492462,12200442
05/06/2007,198.753067,200.1245728,196.8272552,199.4845428,174.4941406,15844324
06/06/2007,200.1245728,200.9246216,192.2727356,193.3013611,169.0855713,23865990
07/06/2007,191.2098236,195.0728912,189.7240448,190.7698059,166.8711243,22658622
08/06/2007,190.1811981,194.0499725,188.2496796,189.3868713,165.6614227,30218286
11/06/2007,205.7248535,205.7248535,189.7526093,190.4269257,166.5712128,18858124
12/06/2007,191.4269867,195.6500549,190.0326233,194.1699829,169.8453369,26005430
13/06/2007,194.1014099,195.4157562,190.8669586,191.4841309,167.4959717,19604810
14/06/2007,192.6956177,194.6385803,192.5813293,193.8442535,169.5604401,17465782
15/06/2007,194.2957001,195.4386139,190.6555176,192.2270203,168.1457672,17472641
18/06/2007,194.0442657,194.0442657,190.4669342,191.0498199,167.1160431,12464749
19/06/2007,191.0498199,197.7701721,190.8783875,197.3301392,172.6096497,19266710
20/06/2007,197.3301392,199.8731384,196.8101196,198.061615,173.2494812,17149940
21/06/2007,198.2959137,199.7245483,196.718689,198.2216187,173.3894043,14187474
22/06/2007,198.2959137,198.2959137,194.1414032,194.8785858,170.4651947,17986039
25/06/2007,195.2100372,195.8957825,193.9299622,195.3414764,170.8701019,25281291
26/06/2007,195.3243256,196.5815277,194.2957001,194.6671448,170.2802429,12617428
27/06/2007,194.1814117,196.5700989,193.455658,194.1299744,169.8103638,13754039
28/06/2007,195.3243256,195.9872131,192.7356262,193.3813629,169.1555023,24648261
29/06/2007,194.2957001,195.5529022,193.0384979,194.3585663,170.0102997,23062353
02/07/2007,194.7528687,195.6672058,191.9012909,192.5013275,168.3857269,23953923
03/07/2007,191.5641327,195.7643433,191.5641327,195.1300354,170.6851044,23453510
04/07/2007,195.5529022,197.9130249,195.3243256,196.3700867,171.7698364,19068174
05/07/2007,196.352951,197.1529846,192.0670166,195.4214783,170.9400787,15396233
06/07/2007,195.8957825,197.7873077,192.5813293,195.4271851,170.9450531,13805731
09/07/2007,194.6271515,196.5186768,194.4099884,195.5471954,171.0500336,13210342
10/07/2007,196.0157928,196.0157928,193.7242432,194.6042938,170.2252808,9858905
11/07/2007,196.2386627,196.4443817,192.7127686,194.6728668,170.2852325,10772489
12/07/2007,195.0500336,197.1644135,195.0500336,196.5072479,171.8898163,12406162
13/07/2007,197.7015839,204.6619415,197.2958527,202.6446991,177.2584076,38976595
16/07/2007,203.4390259,204.4676514,201.9818115,203.0618591,177.6233063,13185327
17/07/2007,204.4676514,210.1593781,203.4504547,208.9078827,182.7369232,31204282
18/07/2007,209.7250671,210.1822357,206.1306,208.3135681,182.2171021,26883867
19/07/2007,208.3535614,218.1826477,207.6906738,216.3311157,189.2302856,33599436
20/07/2007,217.0397339,218.8683929,214.9824829,216.2568359,189.1652832,31593917
23/07/2007,214.8681946,218.8683929,214.2967224,218.2055054,190.8698425,20646199
24/07/2007,218.5255127,220.697052,218.0683594,218.5940857,191.2097168,20243493
25/07/2007,216.5825653,218.5255127,214.2967224,217.4511719,190.2099762,19721223
26/07/2007,218.296936,222.6971588,217.8397675,221.9485474,194.1439667,33158301
27/07/2007,219.4169922,221.2685242,212.0108948,213.4395447,186.7009125,57384677
30/07/2007,215.4396515,217.022583,210.296524,211.2965698,184.8263855,24399424
31/07/2007,213.1538086,217.3597412,209.4964905,216.4111176,189.3002319,19654919
01/08/2007,212.8109436,214.1824341,204.8676758,205.4676971,179.7277527,36609150
02/08/2007,209.9536438,210.2622375,204.8105316,205.7877197,180.0076599,20934716
03/08/2007,206.9820709,210.1365204,205.2677002,205.8562927,180.0676575,26123969
06/08/2007,203.7819061,204.8105316,200.1702881,203.4561768,177.9682007,19342158
07/08/2007,206.8677826,208.1249847,204.8390961,206.8906403,180.9724426,27077163
08/08/2007,208.3535614,215.4282227,207.8735352,214.3481598,187.495697,28523314
09/08/2007,215.6682281,218.5826569,209.7822113,210.9594116,184.5315094,32078790
10/08/2007,208.0106964,208.0106964,203.004715,206.759201,180.8575134,29431457
13/08/2007,208.2392731,209.9307861,206.5877686,209.0621796,182.8719177,13780410
14/08/2007,205.7248535,210.296524,205.7248535,209.5021973,183.2568054,8919702
16/08/2007,204.8105316,204.8105316,197.1529846,198.7587891,173.8592682,35041064
17/08/2007,195.5529022,202.7418518,192.3756104,200.3417206,175.2439423,52133783
20/08/2007,205.7248535,210.867981,203.5533142,205.4962769,179.7527313,20630590
21/08/2007,205.7248535,207.1763611,198.3302002,199.6502686,174.6390991,33584247
22/08/2007,199.6674042,205.0162506,196.0443573,201.8618011,176.5735474,37659201
23/08/2007,205.6105652,206.6391907,198.2959137,199.3245239,174.3541565,26753018
24/08/2007,200.6445923,203.6676178,199.1073761,203.0218658,177.5883331,14865687
27/08/2007,207.7821045,210.3422394,204.8105316,209.5879211,183.3318481,17956745
28/08/2007,209.5879211,216.0111084,208.81073,215.1539154,188.200531,28190228
29/08/2007,211.8966064,217.5883331,210.867981,215.9768219,188.9203339,23266768
30/08/2007,217.1540222,220.0113068,214.9824829,218.5312347,191.1547394,36922515
31/08/2007,217.1540222,225.1544342,217.022583,224.1143799,196.0384521,31770666
03/09/2007,224.1143799,226.1830597,221.7256775,223.7772217,195.7435455,17448851
04/09/2007,224.4686737,225.9373322,219.5827179,225.4858704,197.2381439,17767160
05/09/2007,227.0973816,227.8974304,222.9828949,224.537262,196.4084015,21831606
06/09/2007,222.1828461,227.2116852,222.0685577,226.6230774,198.2328796,13398046
07/09/2007,226.6402283,227.4402618,223.4400635,224.3429565,196.2384033,16099767
10/09/2007,223.4400635,228.0117188,222.1828461,226.9373779,198.5077972,13639157
11/09/2007,227.4402618,229.554657,226.8688049,227.4516907,198.9576721,18968079
12/09/2007,228.1260071,230.9833069,227.6688385,230.0861206,201.262085,21066003
13/09/2007,231.4404755,232.5833893,230.1432648,231.7261963,202.6967316,17281779
14/09/2007,232.5833893,236.6864471,231.8119202,232.5548096,203.4215393,22388716
17/09/2007,232.0119324,235.3721008,230.9833069,231.817627,202.7767029,12641000
18/09/2007,230.8690033,235.8978424,230.4004211,235.217804,205.7509308,21998267
19/09/2007,244.0125427,249.4756775,237.7207947,248.4584808,217.3328552,28944037
20/09/2007,248.6985016,251.64151,247.6698761,250.3328705,218.9724731,23858535
21/09/2007,249.6128235,262.7563782,249.3328094,260.636261,227.9850616,25276339
24/09/2007,262.8706665,271.8996887,261.2705688,269.2138367,235.4880981,34178621
25/09/2007,264.6136169,277.2713928,264.6136169,274.2540894,239.8968658,29360349
26/09/2007,274.1855164,276.0141907,264.585022,265.379364,232.1339722,34436400
27/09/2007,266.3793945,270.8710632,263.4935303,264.9621887,231.769043,30579013
28/09/2007,268.5852356,268.5852356,258.8704529,262.6477966,229.7445831,30223702
01/10/2007,264.0135803,266.1793823,258.5561523,261.979187,229.1597443,38920492
03/10/2007,263.0992432,278.8714905,255.4416962,273.8312073,239.5269775,58659731
04/10/2007,272.0139771,278.8543396,269.9567261,277.2599792,242.5262451,30557209
05/10/2007,285.1346436,287.4433594,276.5856323,284.8717957,249.1844177,35575321
08/10/2007,286.3004456,289.3862915,272.6825867,276.7228088,242.0564117,32690288
09/10/2007,266.4136963,299.3125305,251.1786194,297.1581421,259.9316711,36199645
10/10/2007,301.1469116,306.7586365,295.1294556,299.2611084,261.7711792,43742833
11/10/2007,303.9013367,303.9013367,295.1466064,300.6497498,262.9858704,42900147
12/10/2007,300.8726196,311.4102783,290.512085,293.2436523,256.5075378,87039965
15/10/2007,295.4552002,306.3014526,294.4379883,304.741394,266.5649109,43056335
16/10/2007,303.4441833,308.5815735,299.3296814,303.0498657,265.0852661,49332781
17/10/2007,287.7862244,309.1587524,257.2703552,307.1643677,268.6843567,75476314
18/10/2007,314.3018799,341.6175537,288.7005615,295.2323303,258.2471008,66271385
19/10/2007,299.901123,308.5872803,276.5513611,282.2202148,246.865097,46568956
22/10/2007,274.2998047,283.7860107,271.0767822,275.4484558,240.9416351,44200234
23/10/2007,282.3002319,298.7582092,280.5858459,297.1409912,259.9167175,42698443
24/10/2007,301.7297974,302.9527283,292.197876,298.8782349,261.4362183,37642822
25/10/2007,297.7295837,304.9071045,296.2666626,300.3640137,262.7359314,36587556
26/10/2007,302.8727112,310.1645203,297.7638855,308.3930054,269.7590942,34497805
29/10/2007,316.0162354,325.1595764,312.5874939,323.2052002,282.7156982,39456350
30/10/2007,324.4738159,326.239624,313.1932373,316.5305481,276.8772278,38271801
31/10/2007,316.3591309,322.1308289,314.7590332,318.164917,278.3067627,36337643
01/11/2007,322.3022766,324.4738159,302.878418,306.3700256,267.989502,52379007
02/11/2007,294.5294189,311.4445801,294.5294189,310.1073608,271.258667,33839830
05/11/2007,310.1073608,312.5874939,300.9297485,304.1470642,266.0450439,38966769
06/11/2007,308.4387207,314.8733215,303.015564,304.7242432,266.5499268,26487784
07/11/2007,314.8733215,320.4736023,308.5872803,316.6905518,277.0171204,30466913
08/11/2007,314.3018799,319.4221191,303.1012878,313.4846802,274.2129211,31842605
12/11/2007,302.8727112,309.1244507,297.3867188,305.798584,267.489624,39563331
13/11/2007,306.9872131,311.3074341,304.015625,307.7986755,269.2392273,37113194
14/11/2007,312.0160522,331.3313293,312.0160522,330.1255493,288.769104,53647963
15/11/2007,329.15979,332.5885315,325.7310181,328.599762,287.4344177,23093037
16/11/2007,325.7310181,334.6457825,322.5308533,329.3483582,288.0892639,22269626
19/11/2007,329.7483826,332.1313477,324.7023926,325.8338928,285.0150146,15561048
20/11/2007,323.4451904,326.6453552,315.4676514,318.2849426,278.4117737,33284548
21/11/2007,316.5877075,319.7764282,307.4443665,309.6730652,270.8787537,37514807
22/11/2007,316.5534058,316.5534058,304.7013855,311.4160156,272.4033508,30793018
23/11/2007,314.3075867,323.7880859,310.884552,321.2965088,281.0461426,20879620
26/11/2007,326.4396362,331.8684998,323.2280579,329.6798096,288.3791504,26472035
27/11/2007,330.8741455,330.8741455,322.8737488,324.965271,284.255249,21357048
28/11/2007,326.3024902,327.8796997,316.4734192,319.1364136,279.1566467,20948085
29/11/2007,324.4738159,325.0109863,319.7878723,321.4508057,281.1810303,35395334
30/11/2007,322.8737488,329.502655,321.5365295,325.9196167,285.0900269,27007770
03/12/2007,330.0969543,336.3487244,326.4167786,335.4343872,293.4129028,21453424
04/12/2007,337.1601868,338.9431458,325.7538757,327.159668,286.1747437,23074751
05/12/2007,332.8971252,333.7314453,327.4454041,331.6056213,290.0637817,17131715
06/12/2007,337.1601868,341.5032654,327.4739685,328.4511719,287.3045349,21700398
07/12/2007,332.0170593,332.0170593,320.2850342,324.7538452,284.070343,28847057
10/12/2007,325.7310181,327.8796997,320.1650391,322.6394348,282.2207947,16149578
11/12/2007,326.3024902,331.325592,323.4451904,329.8055115,288.4891357,27847587
12/12/2007,328.1311646,332.5885315,324.5881042,329.2626343,288.0143127,27173714
13/12/2007,329.6969604,334.2057495,321.7651062,323.759491,283.200531,28950529
14/12/2007,320.5879211,331.4456177,320.5879211,330.148407,288.789093,31167534
17/12/2007,325.7367554,330.0740967,309.7301941,317.1705933,277.4370422,31451054
18/12/2007,318.302063,320.0278931,308.9358826,311.7360229,272.6832886,36252011
19/12/2007,306.3071594,318.2906494,303.0498657,309.0216064,270.30896,33185923
20/12/2007,310.3016663,318.1877747,307.6615295,310.1473694,271.2936707,21879693
24/12/2007,316.1305237,320.0107422,308.3587036,318.7078247,278.7817993,23564594
26/12/2007,320.016449,333.1257019,319.7878723,331.0455933,289.5739441,27736485
27/12/2007,331.4456177,334.4171753,328.599762,330.7427063,289.3088989,33440220
28/12/2007,329.9598083,334.8743591,326.445343,330.8569946,289.408905,15896769
31/12/2007,331.8456421,334.8743591,328.0168762,329.4683533,288.1942139,11211489
01/01/2008,330.3027039,331.3313293,324.0280762,325.5310059,284.7502136,10540548
02/01/2008,326.3024902,329.6169434,321.3079529,327.0739441,286.099762,27276294
03/01/2008,325.9596252,334.8743591,323.4737549,331.8684998,290.2937012,30204199
04/01/2008,331.902771,345.1377258,331.902771,342.0747375,299.221283,35463186
07/01/2008,339.9946289,346.3035278,338.3031006,345.1891785,301.9456787,27412209
08/01/2008,348.6464844,352.4752502,342.8747559,349.1207886,305.3847046,42941270
09/01/2008,348.3207703,350.8751831,344.2862549,346.7206726,303.2853088,22068981
10/01/2008,346.8749695,354.0181885,344.5891418,346.052063,302.7003784,35935303
11/01/2008,351.9609375,358.8755798,345.7320557,357.458374,312.6778564,44021961
14/01/2008,361.0471191,370.3047485,357.2755127,368.1160583,322.0003967,24160570
15/01/2008,376.9336548,376.9336548,359.0241699,361.7957458,316.4718628,33236461
16/01/2008,355.4468384,359.447052,345.7320557,353.578186,309.2836914,48600925
17/01/2008,361.0471191,361.0471191,340.1489258,342.4804688,299.5762329,41921623
18/01/2008,340.0174866,340.0174866,317.7306213,319.9707336,279.8863525,50776299
21/01/2008,317.7077637,317.7077637,268.0423584,290.3920593,254.0131989,72442557
22/01/2008,268.8423767,284.3574829,242.298172,269.4367065,235.6830292,76700972
23/01/2008,276.5856323,322.8737488,274.2998047,291.5235596,255.0029907,64128524
24/01/2008,296.0152283,302.301239,278.3000183,284.4603271,248.8245697,42719162
25/01/2008,294.3008423,300.0154114,288.5862732,298.9182129,261.471283,26217694
28/01/2008,293.1579285,296.5523987,277.7285767,293.3179321,256.5725708,26471239
29/01/2008,302.301239,302.301239,290.3406372,294.5180054,257.6222839,17399346
30/01/2008,290.8949585,296.9295349,280.3572693,282.5173645,247.1250305,21854267
31/01/2008,282.5288086,293.6950989,270.9853516,283.3174133,247.8249359,49427967
01/02/2008,284.5860596,292.6150513,276.5856323,290.6149292,254.2081909,18456589
04/02/2008,289.8434753,301.958374,289.8434753,296.1523743,259.0518799,25814077
05/02/2008,297.1581421,301.0440369,293.3065186,299.1125183,261.6412048,15151447
06/02/2008,292.5750427,293.7293701,285.8775635,291.7292786,255.1828918,19264427
07/02/2008,288.014801,294.8723145,275.1112976,277.2085266,242.4812317,27417100
08/02/2008,278.3114624,282.0716553,273.1568909,277.3171082,242.5762482,27651544
11/02/2008,275.8999023,275.8999023,255.4416962,260.2419434,227.640152,41653038
12/02/2008,260.6991272,276.5856323,257.9561157,265.7108154,232.4239197,35641327
13/02/2008,270.8710632,282.1802063,268.5909424,273.099762,238.8871918,41541105
14/02/2008,280.0144043,289.5005798,280.0144043,287.6433716,251.6088867,25193638
15/02/2008,286.2890015,297.1581421,281.8430481,296.4666748,259.3268433,18833476
18/02/2008,297.1581421,298.8724976,290.072052,291.8664246,255.3029022,11414925
19/02/2008,296.0152283,299.2153931,289.1577148,291.9635925,255.3878021,14075130
20/02/2008,285.7518311,291.4435425,281.3858948,283.9002991,248.3346863,19315507
21/02/2008,286.8718872,290.414917,281.3173218,285.3060913,249.5643463,14064753
22/02/2008,279.1343384,283.4431458,276.0141907,278.2371521,243.3810272,17346910
25/02/2008,285.1575012,293.1579285,275.4484558,291.6092834,255.0779572,16217938
26/02/2008,293.1464844,295.5580444,289.3977356,294.4894104,257.597229,12791606
27/02/2008,297.7295837,301.5012207,293.7351074,295.8380737,258.7769775,23321593
28/02/2008,294.8723145,297.1581421,287.6376343,289.5291748,253.2584076,24690014
29/02/2008,291.6721497,291.6721497,275.4427185,281.5516052,246.2802124,29196461
03/03/2008,274.276947,274.276947,261.6763,263.5563965,230.5393829,26500060
04/03/2008,265.1564941,267.2137451,252.5844116,256.3789063,224.2610168,39850780
05/03/2008,256.0245972,265.1564941,254.5388031,262.0420532,229.2147675,25698697
07/03/2008,260.4362488,260.4362488,247.5841522,256.9560547,224.7658844,29082647
10/03/2008,252.6872711,261.5905762,242.5667572,259.9619446,227.3952179,45876779
11/03/2008,257.1560669,269.1567078,251.9443817,268.3452148,234.7282715,32079079
12/03/2008,276.4484863,277.5456848,269.7281494,271.3968201,237.3976746,27963509
13/03/2008,261.7277527,265.7279358,251.6243591,256.3617554,224.2460632,35443360
14/03/2008,257.1560669,267.4308777,254.9045258,265.4536438,232.1989441,23942995
17/03/2008,258.4247131,259.78479,246.2983704,249.1785278,217.9626923,41204921
18/03/2008,257.1332092,257.1332092,242.298172,245.8412018,215.043457,34696227
19/03/2008,257.1560669,268.0137634,245.1726074,246.7669678,215.8532715,29746169
24/03/2008,246.8698273,252.5501251,242.9153442,251.4700623,219.9671631,26119935
25/03/2008,253.1558685,265.722229,253.1558685,264.447876,231.3191528,27254936
26/03/2008,266.7565613,266.9908752,259.5047607,262.8078003,229.8845978,20401798
27/03/2008,261.7277527,264.4707336,256.4703369,259.5333557,227.0203552,36296397
28/03/2008,266.7565613,270.6310425,255.0588226,268.8652344,235.1831512,34512259
31/03/2008,263.4421082,266.8708496,257.167511,258.9618835,226.5204468,27093559
01/04/2008,262.7563782,271.4425354,256.4131775,268.0423584,234.4633636,26807230
02/04/2008,273.728363,280.3344116,266.299408,267.848053,234.2934113,32063820
03/04/2008,268.5852356,276.3570557,268.1280823,273.8483582,239.5420074,17304422
04/04/2008,272.5854492,276.0027466,264.2078552,265.2879333,232.0540161,21753752
07/04/2008,257.8703918,277.6942749,257.8703918,274.8598328,240.4267731,23036200
08/04/2008,274.2998047,276.911377,269.7224426,272.2139893,238.1124115,24671220
09/04/2008,269.1567078,277.9342957,268.7052307,276.3856506,241.7614441,19966184
10/04/2008,277.1571045,287.946228,274.9855652,282.1459351,246.8001709,32081433
11/04/2008,290.3006287,293.3865051,281.7859192,291.620697,255.0879364,37507186
15/04/2008,287.4319153,301.3869324,284.1688843,298.5067749,261.1113281,37333368
16/04/2008,299.4496765,304.7013855,298.9067993,302.0155334,264.180542,31515766
17/04/2008,306.3243103,310.6445313,299.5010986,301.7355042,263.9356079,21934177
21/04/2008,300.5525818,306.3014526,299.6839905,302.1412354,264.2904968,18499558
22/04/2008,297.2724304,305.730011,296.8323975,297.9981689,260.6664429,25134990
23/04/2008,298.5296326,300.8154602,293.5007935,294.5979919,257.6922302,27790487
24/04/2008,297.1581421,297.1581421,292.1693115,295.1751709,258.1971436,28908505
25/04/2008,296.0152283,301.0440369,292.8150635,299.9582825,262.381012,29490656
28/04/2008,300.7011719,302.301239,295.1637573,296.1752319,259.0719299,17866432
29/04/2008,294.8723145,305.730011,294.8723145,304.0099182,265.9250793,21756290
30/04/2008,302.8727112,305.730011,297.9124451,298.8153687,261.3813171,23952348
02/05/2008,345.846344,345.846344,300.4725952,305.701416,267.4046021,21082119
05/05/2008,305.7414246,309.6159058,302.8727112,305.0671082,266.849823,18407373
06/05/2008,297.1581421,306.5300293,297.1581421,302.8727112,264.9303589,18400969
07/05/2008,308.5872803,308.5872803,299.901123,307.3243713,268.8243103,22305438
08/05/2008,306.3014526,306.9872131,303.1698608,304.8442383,268.0589905,16574019
09/05/2008,304.6442261,305.5757141,286.8718872,288.9748535,254.1045227,30690657
12/05/2008,286.9918823,293.0550537,283.1116943,291.8835754,256.662262,24158943
13/05/2008,297.1581421,297.1581421,284.3574829,285.8547058,251.3609467,22755830
14/05/2008,288.014801,292.0207214,283.4717102,289.2434387,254.3407135,17585152
15/05/2008,289.2605896,300.8954773,289.2434387,299.7811279,263.6069031,21878267
16/05/2008,300.7011719,302.6441345,297.5010071,301.2383423,264.8882446,16919206
20/05/2008,300.0154114,301.1583252,294.186554,297.4953003,261.5967712,15553322
21/05/2008,294.8723145,305.730011,291.4721375,304.8956604,268.1042175,29178778
22/05/2008,301.1583252,302.8727112,296.8152466,300.135437,263.918396,20887381
23/05/2008,300.5868835,301.7297974,291.4435425,292.1521606,256.8984375,18053839
26/05/2008,290.3006287,291.9978638,285.9689941,287.5119324,252.8181152,23292457
27/05/2008,292.5864563,295.9923706,283.4431458,285.1689453,250.7578735,15293041
28/05/2008,286.3004456,289.729187,282.4145203,288.3005371,253.5115967,18875789
29/05/2008,292.0664368,292.0664368,279.4429321,281.4659119,247.5016632,36074351
30/05/2008,285.603241,285.603241,273.1854858,274.6998291,241.5520935,31400272
02/06/2008,277.4999695,278.8714905,267.4423218,269.5910034,237.0596466,23995763
03/06/2008,268.5852356,277.1456604,264.3564453,275.059845,241.8686066,31603646
04/06/2008,275.3284302,279.3286438,261.1562805,263.6706848,231.8538055,34076759
05/06/2008,268.5852356,268.5852356,248.5842133,256.7903442,225.8036957,67512736
06/06/2008,262.7563782,262.7563782,252.8129883,255.8417206,224.9695129,43442435
09/06/2008,249.3842468,253.6587524,241.2695465,247.178421,217.3516235,45759185
10/06/2008,257.1560669,257.1560669,245.1554565,251.1843414,220.8742065,39890958
11/06/2008,260.5848083,260.5848083,252.5844116,258.4590149,227.2709961,41869703
12/06/2008,257.1618042,262.2991943,246.4526672,260.2762451,228.8689575,45823345
13/06/2008,261.3848572,262.8592224,255.4416962,259.4876099,228.1754608,30620547
16/06/2008,268.5852356,268.5852356,258.5504456,260.8534241,229.3764496,27675956
17/06/2008,260.5905457,267.4423218,258.2989807,266.6308594,234.4567566,21817003
18/06/2008,268.5852356,268.5852356,260.5848083,261.3963013,229.8538666,25210402
19/06/2008,258.1675415,259.4476318,254.898819,256.9446411,225.9393616,17822807
20/06/2008,258.304718,258.304718,237.1893311,239.9208984,210.9698944,46870019
23/06/2008,237.7265015,238.0579529,226.5659332,231.5204773,203.5830994,47741229
24/06/2008,233.7263031,243.7839661,230.2975464,235.7492676,207.301651,52403051
25/06/2008,223.5829163,245.4983368,223.5829163,244.1268311,214.6682892,36568788
26/06/2008,245.1554565,258.2875671,244.1268311,255.961731,225.0750732,83441319
27/06/2008,248.6985016,256.9274902,244.0411224,249.4585419,219.3566132,57025184
30/06/2008,249.1556702,253.3730316,237.4979248,239.4580231,210.5628662,52730468
01/07/2008,241.1552582,245.6126251,231.5947571,233.6291504,205.4373474,51852931
02/07/2008,233.1205597,249.4985352,227.4402618,245.0411682,215.4722595,60769519
03/07/2008,243.4410858,243.4410858,231.5090485,236.5950165,208.0453033,43012613
04/07/2008,236.5893097,243.5782318,234.3034668,239.7723236,210.8392181,35613854
07/07/2008,238.8751373,242.298172,228.2403107,231.8061981,203.8343506,32556971
08/07/2008,228.354599,230.5204163,220.6170502,226.2344818,198.9349823,42090551
09/07/2008,228.5831757,239.4351654,228.5831757,237.629364,208.9548645,30800621
10/07/2008,237.3722076,238.2693939,232.1947937,233.9148865,205.6885986,25189447
11/07/2008,234.7549286,236.4578705,227.6688385,230.4232788,202.6183167,29313661
14/07/2008,228.5831757,237.1550446,227.4402618,233.5491486,205.3670044,32490063
15/07/2008,229.1546326,233.9320221,224.9258423,226.0001831,198.7289429,41694564
16/07/2008,227.4574127,231.4404755,219.4398499,222.1257019,195.3220062,33919101
17/07/2008,232.9262543,233.6920166,224.5944061,230.7032928,202.8645325,27019109
18/07/2008,227.4402618,243.0982056,227.4402618,241.5209808,212.3768921,33682872
21/07/2008,245.6126251,247.3555756,239.2180176,246.0526428,216.3616943,26038363
22/07/2008,242.8696289,251.3272095,242.8696289,245.972641,216.2913666,24964382
23/07/2008,248.0127563,260.47052,248.0127563,259.1333313,227.8639374,44183828
24/07/2008,258.2875671,266.299408,258.2875671,263.7907104,231.9593506,29147884
25/07/2008,267.2651672,267.2651672,244.0125427,245.3954773,215.7838287,62377468
28/07/2008,245.7326355,250.1842957,240.6980896,249.1442413,219.080246,29603543
29/07/2008,244.561142,246.7498322,237.1550446,238.0808105,209.3518524,31092016
30/07/2008,244.355423,248.4699097,240.0180511,247.4984436,217.6330414,18342355
31/07/2008,253.1330109,253.7273254,246.3269501,252.2986755,221.8540192,28463721
01/08/2008,248.0184631,264.3564453,246.0697937,262.596344,230.9091187,33025291
04/08/2008,268.5623779,268.5623779,255.1674042,256.2874451,225.3614655,35839785
05/08/2008,257.9161072,261.2705688,252.0129547,260.1333618,228.7433014,41976693
06/08/2008,261.7277527,268.4709473,261.2820129,262.7106323,231.009613,36432724
07/08/2008,262.6420593,264.8021851,258.3275757,259.7390747,228.3966064,24556347
08/08/2008,257.1217957,261.0419922,254.9902496,257.3617859,226.3061981,28902817
11/08/2008,257.2875061,266.9851379,257.2875061,265.7565308,233.6879272,25610677
12/08/2008,267.4423218,271.385376,264.5964661,268.2709351,235.898941,32882192
13/08/2008,266.2765503,271.5568237,263.7106934,267.0823059,234.853714,28458078
14/08/2008,266.9851379,268.0137634,258.4532776,260.2076721,228.8086548,20978604
18/08/2008,261.7277527,261.7277527,252.6072693,254.2759247,223.5926971,21991145
19/08/2008,254.2987823,255.3274078,250.9157562,253.6816101,223.0700531,18173673
20/08/2008,253.7273254,258.2989807,253.4416046,256.7389221,225.7584686,19893266
21/08/2008,258.441864,258.441864,251.7329407,252.8872833,222.3716125,17102509
22/08/2008,251.3843536,258.2875671,251.3386383,256.5617676,225.6026764,20077470
25/08/2008,252.0529633,261.1562805,252.0529633,255.0988312,224.3162689,12172890
26/08/2008,253.6130371,253.6130371,245.3440399,249.0813751,219.0249481,30411756
27/08/2008,251.430069,251.430069,244.5839996,245.4983368,215.8742676,32314258
28/08/2008,247.7841644,247.7841644,234.6177673,236.6807404,208.120697,41999424
29/08/2008,244.5839996,245.486908,239.8980408,244.1496887,214.6883545,22026362
01/09/2008,242.298172,247.4927216,240.3552094,244.772583,215.2361145,20027134
02/09/2008,244.5839996,254.2987823,242.8696289,252.8987122,222.3816376,22061325
04/09/2008,257.1560669,257.1560669,243.6696625,245.9840698,216.3014374,23303097
05/09/2008,240.5838013,240.5838013,236.0121307,237.829361,209.1307068,28217684
08/09/2008,250.298584,250.298584,242.8696289,243.8068237,214.3868713,25098286
09/09/2008,245.1554565,246.7555389,238.4751129,244.8754425,215.3265381,17241294
10/09/2008,243.4353638,243.9782562,236.8121796,238.0293732,209.3066254,33404610
11/09/2008,236.5835876,236.5835876,226.5545044,228.286026,200.7389526,49802072
12/09/2008,231.891922,233.1548462,219.4055634,220.8856354,194.2315674,59654354
15/09/2008,215.9768219,217.1540222,208.3821411,215.6625214,189.6387482,43957670
16/09/2008,205.7248535,221.1542206,205.7248535,220.3598938,193.7693329,39166941
17/09/2008,224.0115204,224.0115204,211.2680054,214.4853058,188.6035767,35299106
18/09/2008,205.9534454,222.6400146,201.7246552,221.5256805,194.7943573,76522901
19/09/2008,226.4116364,236.8064575,224.0115204,234.8806458,206.5378571,45121517
22/09/2008,240.0123444,241.1552582,230.4461365,233.0519714,204.9298248,50737652
23/09/2008,228.5831757,239.6008911,228.5831757,229.3203583,201.6484985,45365420
24/09/2008,227.4459839,236.006424,227.4459839,233.8520203,205.6333313,47808469
25/09/2008,233.2805634,235.4063873,227.7831421,231.5204773,203.5830994,43038005
26/09/2008,230.6404266,232.5833893,223.5772095,224.377243,197.3018494,30364929
29/09/2008,225.7258911,226.297348,214.9824829,220.908493,194.2516937,53055417
30/09/2008,215.9996796,226.8688049,206.342041,222.7943115,195.9099579,59449825
01/10/2008,224.0115204,224.3543854,215.2624969,217.9197693,191.6235657,30413112
03/10/2008,223.8972168,223.8972168,199.5131073,201.318924,177.0259399,93519208
06/10/2008,197.6101532,199.8959961,186.592453,187.6210785,164.9810181,52962304
07/10/2008,189.8554688,195.6672058,184.4094849,191.398407,168.302536,56489869
08/10/2008,186.2952881,190.3983612,172.4545746,188.4154053,165.6794891,67137013
10/10/2008,182.8322601,182.8322601,168.80867,174.5918274,153.5240021,73448501
13/10/2008,178.0662994,182.1807861,177.1748199,179.5978088,157.9258881,39084214
14/10/2008,185.7238312,190.6383667,184.0094604,185.2723846,162.9157562,40474211
15/10/2008,181.7293396,182.8322601,172.1745605,173.7460785,152.7803192,45259130
16/10/2008,165.7228088,167.4371796,151.4363556,159.0881805,139.8911743,89683073
17/10/2008,160.0082245,164.579895,147.0704193,149.2705231,131.2582092,62609392
20/10/2008,152.0021057,157.7223969,146.4075317,150.9677582,132.7506104,61508244
21/10/2008,154.2936401,162.865509,151.2649231,159.4310455,140.1926422,58829228
22/10/2008,156.8709259,156.9852142,149.2076721,150.4991608,132.3385468,39086690
23/10/2008,145.2646027,148.224762,136.6241608,139.16716,122.3740082,62538390
24/10/2008,137.1499023,138.2699585,113.148674,116.5202713,102.4598694,80998549
27/10/2008,117.3946075,124.5778351,106.2911758,123.092041,108.2386475,86584017
29/10/2008,137.1499023,139.1957245,131.3210297,137.3499146,120.7760468,67998730
31/10/2008,144.5731506,159.4310455,141.1901093,157.2023621,138.2328949,91581008
03/11/2008,164.4655914,166.2942657,159.6767731,164.7741852,144.8910217,61689421
04/11/2008,165.7228088,167.3228912,157.1737976,165.9056702,145.8860016,54802265
05/11/2008,172.0316925,172.0316925,141.5272675,145.041748,127.5397034,102413467
06/11/2008,137.1156158,140.921524,132.155365,133.7840118,117.6404343,83827121
07/11/2008,134.0640411,141.6987152,131.5839081,139.5214539,122.6855392,62624476
10/11/2008,142.8987732,149.5791168,141.150116,148.9333649,130.9617004,43389771
11/11/2008,146.304657,147.4361572,136.4698792,138.029953,121.3740082,59637607
12/11/2008,137.1499023,137.9042358,130.5838623,132.8296814,116.8012695,72334211
14/11/2008,135.9384155,136.5784454,124.2749557,131.0638733,115.2485275,98632848
17/11/2008,131.4353333,133.7097321,123.2463379,130.4524231,114.7108536,65078384
18/11/2008,125.9550476,131.6639099,122.3320007,130.2866974,114.5651169,64322213
19/11/2008,131.578186,139.647171,127.4351196,129.4295044,113.8113708,88865366
20/11/2008,124.0063705,125.6064529,118.8632507,120.6976318,106.1331558,67832147
21/11/2008,121.7205429,132.1210785,117.96035,128.5037537,112.9973373,76070173
24/11/2008,134.4697723,134.4697723,122.8634567,130.8410034,115.0525436,65458351
25/11/2008,133.7211609,135.8698425,120.1204605,122.4977264,107.7160339,66249013
26/11/2008,121.9091263,131.092453,121.9091263,130.166687,114.4596024,74275220
27/11/2008,130.166687,130.166687,130.166687,130.166687,114.4596024,0
28/11/2008,128.0065765,133.6868744,124.6921234,129.6580963,114.0123749,63797424
01/12/2008,128.6123199,134.8640747,125.5093079,126.7950897,111.4948425,55672136
02/12/2008,122.2919998,123.8577957,117.14888,122.743454,107.9321213,62975613
03/12/2008,125.7836075,127.3208313,120.0061646,122.1891403,107.4446945,57455881
04/12/2008,123.8920822,133.7211609,120.017601,132.4753876,116.4897003,81077077
05/12/2008,134.2926178,135.0926514,126.0636215,127.7322769,112.3189392,58443609
08/12/2008,131.6867676,134.2583313,126.5207901,127.8408585,112.4144363,60947625
10/12/2008,131.2867432,141.0358276,129.9495392,140.2586365,123.3337631,65787255
11/12/2008,142.8644867,148.3161926,136.3841553,143.8931122,126.5296478,79516743
12/12/2008,141.7215729,151.3220673,137.8642273,149.3905334,131.3637238,86870714
15/12/2008,154.1793518,155.3222656,145.4017639,153.2135925,134.7254486,86264860
16/12/2008,154.2936401,159.6424866,151.5106506,158.6938782,139.5444641,67795872
17/12/2008,158.8653107,160.8082733,152.0192413,154.4536591,135.8158875,77332575
18/12/2008,153.1507263,156.8080597,146.584671,155.5508575,136.7806702,93671319
19/12/2008,155.4651337,157.4366608,151.1506195,154.4422302,135.8058472,72070062
22/12/2008,149.150528,154.5679474,146.1789398,146.9275513,129.197937,42665195
23/12/2008,146.4075317,146.4075317,142.4530334,143.9788361,126.6050262,33676275
24/12/2008,142.978775,143.6645203,140.5957947,141.9501495,124.8211441,35923133
26/12/2008,142.8644867,145.7217712,137.6070709,138.309967,121.6202393,27758079
29/12/2008,137.1499023,143.0873566,135.7784119,142.4416046,125.2533112,51221529
30/12/2008,144.0131226,145.4931946,140.367218,142.9216309,125.6754227,39436803
31/12/2008,143.3216553,144.6588593,138.9785767,140.8929596,123.8915329,43146700
02/01/2009,143.973114,148.5676422,143.0930634,147.024704,129.2833557,43414060
05/01/2009,148.4647675,157.3795166,148.019043,156.1051636,137.2681122,48183501
06/01/2009,155.436554,158.8653107,152.1506805,156.6823425,137.7756348,52756287
07/01/2009,156.4651794,158.4081421,134.2926178,137.2356262,120.6755219,74375989
09/01/2009,138.2928162,138.2928162,124.9949951,131.806778,115.9017868,83016869
12/01/2009,130.2581177,130.8638763,124.0063705,125.4807358,110.3390961,64436797
13/01/2009,125.1150055,130.9781647,121.7205429,123.1548996,108.2939072,57574149
14/01/2009,124.7035522,139.2071533,124.7035522,134.835495,118.565033,57312974
15/01/2009,130.4981384,132.572525,126.5779343,130.5609894,114.8063049,54892324
16/01/2009,131.5496216,140.6929474,130.2809753,139.1328735,122.3438416,58287963
19/01/2009,139.9614868,142.8587646,138.0642395,140.5672302,123.6050949,37148665
20/01/2009,139.0700073,139.0700073,133.492569,135.2812347,118.9569778,40660034
21/01/2009,132.5782471,135.1955261,126.8636627,127.9894333,112.5450745,43462384
22/01/2009,131.4239044,131.9896393,126.5322189,129.8695374,114.1983032,61203969
23/01/2009,136.9213257,152.5792694,128.0065765,132.1382141,116.193222,70946672
27/01/2009,135.5498199,140.9729614,133.7211609,140.1157684,123.2081451,39227602
28/01/2009,142.63591,147.4361572,140.1672058,145.6074829,128.0371246,40185450
29/01/2009,146.8646851,148.0076141,141.8644409,145.1617432,127.6452026,55501398
30/01/2009,141.492981,152.0992432,141.492981,151.2763519,133.0219727,48641391
02/02/2009,147.4361572,154.6136627,145.5560455,146.2932281,128.6401825,46945414
03/02/2009,147.4361572,152.5449829,145.4989014,149.287674,131.2732849,60467187
04/02/2009,150.2934418,152.8650055,148.019043,149.4362488,131.4039154,34707190
05/02/2009,151.8935242,151.8935242,145.2817535,147.298996,129.5245667,35930771
06/02/2009,148.579071,154.2936401,148.0761871,153.7050476,135.157608,37982348
09/02/2009,154.865097,159.8939362,153.2650146,158.8310242,139.6650391,38828552
10/02/2009,158.7395935,161.6197357,156.8480682,160.2310944,140.8961487,59468514
11/02/2009,156.0080261,158.7853088,155.5508575,157.8652496,138.8157501,36794369
12/02/2009,157.5738068,157.5738068,153.7564697,154.4707947,135.8309326,27513310
13/02/2009,156.2366028,160.4653931,155.5508575,159.1396027,139.9363861,25414398
16/02/2009,158.2309875,159.6710663,149.847702,150.8877563,132.6802979,40197078
17/02/2009,148.710495,149.3791046,143.8016815,144.8417358,127.3638077,33499857
18/02/2009,144.8074493,150.6134491,141.7215729,148.0247498,130.1627655,40022087
19/02/2009,147.4361572,149.6076965,146.5332489,147.8647461,130.022049,26286999
20/02/2009,143.555954,146.6361084,141.8987274,143.2530823,125.9668732,32176864
24/02/2009,141.150116,144.4188538,137.3041992,143.2359314,125.9518051,39986923
25/02/2009,144.5788574,146.9789886,144.2988434,144.756012,127.2884521,25854675
26/02/2009,143.7788239,148.2361908,143.0130615,147.5275879,129.7255554,33594353
27/02/2009,147.367569,147.7790222,142.4701843,144.6988678,127.2381592,42086745
02/03/2009,140.430069,144.4302826,138.8642883,140.0814819,123.1779709,43205200
03/03/2009,140.5786591,143.0873566,134.2926178,136.7898865,120.283577,45821621
04/03/2009,132.0467834,139.1728668,132.0467834,138.4185486,121.7157211,52293436
05/03/2009,138.0642395,139.4357452,130.5495605,131.4124756,115.5550613,62274477
06/03/2009,129.1494904,134.5211945,127.4694061,133.7097321,117.5751038,39923401
09/03/2009,132.6925354,133.492569,130.0809784,131.8182068,115.9118271,29283265
12/03/2009,134.978363,138.8185577,132.3496552,137.3784943,120.801178,42565853
13/03/2009,140.5672302,147.8704529,140.1214905,146.7789764,129.0673218,35991799
16/03/2009,146.7789764,152.4649811,145.2646027,151.7335205,133.4239807,39608190
17/03/2009,152.0078125,153.4936066,147.7961731,148.6019287,130.6702728,41608363
18/03/2009,150.3048706,155.6651459,150.3048706,152.1678162,133.8058624,38224746
19/03/2009,152.9221497,154.7336731,150.8763275,153.8021851,135.2429962,37983276
20/03/2009,153.036438,155.4251251,151.0934753,153.0592957,134.5897675,44674678
23/03/2009,154.7508087,165.7228088,154.7508087,164.4027405,144.5644073,43499158
24/03/2009,165.7285156,168.5800934,164.579895,166.0028229,145.9714203,60343381
25/03/2009,165.7228088,177.037674,165.7228088,175.117569,153.9862976,83712931
26/03/2009,177.1176758,180.4664154,174.0660858,178.9234772,157.332962,71881938
27/03/2009,177.6091309,180.9692993,175.4375916,177.0090942,155.6495667,59012548
30/03/2009,173.848938,175.4375916,170.865921,173.3174744,152.4033966,60118929
31/03/2009,175.4375916,177.3748322,173.1517639,174.266098,153.2375488,49999155
01/04/2009,174.0660858,182.1807861,171.1345062,180.7235718,158.9158325,41804082
02/04/2009,184.0094604,192.0098724,183.123703,189.8783264,166.9659424,48027558
06/04/2009,194.2957001,199.1302338,188.0782318,191.0498199,167.9959869,46014129
08/04/2009,187.4324951,198.753067,183.4380035,197.1701355,173.3777924,80451816
09/04/2009,200.0102844,202.0503845,194.8957367,198.3816223,174.4430695,45443125
13/04/2009,201.1474762,204.4676514,196.924408,202.7018433,178.2420044,33290726
15/04/2009,200.0102844,210.2622375,198.0844727,209.159317,183.9202576,52910376
16/04/2009,206.9934998,210.296524,196.3929596,198.2959137,174.3677368,57919904
17/04/2009,200.0217133,203.5133209,194.5642853,196.2329407,172.5536957,56174264
20/04/2009,196.5815277,200.5474548,192.9584961,196.0557861,172.3979034,43137461
21/04/2009,193.7242432,198.1416168,192.5470428,194.9928741,171.4632721,43770744
22/04/2009,196.5815277,198.0673218,193.2670746,196.352951,172.659256,38704160
23/04/2009,196.2386627,202.8561401,193.8385315,201.5760803,177.2520599,37089448
24/04/2009,200.0102844,205.9534454,197.3815765,204.4505157,179.7796631,47905047
27/04/2009,204.6962433,206.5249023,201.2674866,204.073349,179.447998,36727750
28/04/2009,203.5533142,204.8105316,197.8387451,198.5416412,174.5838165,35210193
29/04/2009,200.1245728,208.0106964,199.535965,206.4391785,181.5283661,37372907
30/04/2009,206.8906403,206.8906403,206.8906403,206.8906403,181.925354,0
04/05/2009,211.5537262,216.5825653,210.3308105,215.679657,189.6538239,37496293
05/05/2009,215.4396515,216.5482788,209.8393555,215.2853546,189.3070679,42684575
06/05/2009,215.8968048,221.5085297,212.5823517,215.0396271,189.0909729,42714525
07/05/2009,211.4394379,219.9998779,211.4394379,218.9312592,192.5130157,32146923
08/05/2009,219.4398499,220.8113556,214.2967224,217.1883087,190.9803925,34869757
11/05/2009,219.3255615,220.354187,211.4508667,212.7652283,187.0910645,32877309
12/05/2009,211.4337311,225.7716064,210.6394043,224.0000916,196.9702301,40121823
13/05/2009,225.4115906,225.7258911,217.8397675,220.9256439,194.2667694,45730547
14/05/2009,217.4111786,220.2970428,214.8910522,218.1769257,191.8497162,35410007
15/05/2009,218.8683929,224.0115204,218.4855194,222.9486084,196.0455933,27591942
18/05/2009,245.3840485,289.729187,240.1551971,270.5910645,237.9390869,462151
19/05/2009,280.0144043,285.7289734,251.4414978,254.9730988,224.2057495,91641231
20/05/2009,251.4414978,257.4646606,244.1496887,246.0069275,216.3215027,59032384
21/05/2009,245.1554565,248.8127899,240.3037872,241.7781372,212.6029816,34800216
22/05/2009,239.9894714,252.264389,238.9837189,249.8128357,219.6681519,38903746
25/05/2009,251.4414978,253.1558685,246.184082,250.8414612,220.5726471,27159102
26/05/2009,249.167099,252.4701233,243.49823,244.8925934,215.3416443,21734582
27/05/2009,248.241333,252.0129547,246.0069275,249.8814087,219.7284546,45717213
28/05/2009,249.1556702,256.6989136,249.1556702,253.7901917,223.1655731,39356028
29/05/2009,256.5617676,263.7507019,252.9272919,259.6590576,228.3262177,55968204
01/06/2009,266.299408,266.299408,257.8589783,260.8362732,229.3614197,26050762
02/06/2009,262.8820801,263.8364258,254.1902161,260.4933777,229.0598755,28865737
03/06/2009,258.4475708,263.7278442,254.3559265,256.6874695,225.7132721,30082029
04/06/2009,254.2759247,259.3104858,246.8698273,258.4989929,227.3061676,33775337
05/06/2009,260.0133667,260.6991272,250.298584,252.8987122,222.3816376,40927517
08/06/2009,252.2415314,258.5047302,248.6985016,250.7557526,220.4972687,33055905
09/06/2009,250.0699921,261.842041,248.5842133,259.6876221,228.3513489,36345045
10/06/2009,261.842041,267.4308777,261.2877197,265.1793518,233.1804047,34694005
11/06/2009,265.1564941,265.7279358,260.8705444,263.2420959,231.4768982,22236115
12/06/2009,264.0135803,271.8996887,263.4706726,269.9681702,237.3913879,43019175
15/06/2009,269.6938782,269.6938782,247.4755707,249.0185089,218.9696808,62480205
16/06/2009,245.7269135,249.7156982,243.0524902,244.9668732,215.4069672,44870038
17/06/2009,242.9610596,248.9270782,232.7376709,234.4520569,206.1609344,43046719
18/06/2009,235.2120972,236.8693237,227.4516907,231.4461823,203.5177612,54312001
19/06/2009,233.7263031,235.7206879,225.9658966,233.3262787,205.1710205,42449160
22/06/2009,234.0348816,234.29776,220.8742065,223.1543274,196.2265167,40433018
23/06/2009,217.1540222,232.4347992,217.1540222,230.3318329,202.5379181,52029156
24/06/2009,231.4404755,232.6690979,225.3887329,228.8517609,201.2364655,41212516
25/06/2009,228.7203217,231.3261719,222.0056915,223.7943573,196.7892914,46686191
26/06/2009,224.7144012,232.8119659,224.3486786,231.9204865,203.9348602,34815029
29/06/2009,231.5547638,241.4866943,229.1260681,238.5265503,209.7437744,32603982
30/06/2009,240.0123444,241.0752563,229.7946625,231.2575989,203.3519745,26084929
01/07/2009,232.0005035,238.2979584,227.2116852,235.3035278,206.9096985,32531518
02/07/2009,249.4985352,249.4985352,228.0517273,229.8803864,202.1409302,33686302
03/07/2009,228.5831757,232.5948181,226.297348,231.7433472,203.7790833,37909158
06/07/2009,234.0691681,234.5263367,212.7023621,216.3711243,190.2618103,51827829
07/07/2009,217.2683105,218.6398163,208.605011,212.0623322,186.4729614,51057090
08/07/2009,212.0623322,216.0111084,205.416275,209.1136017,183.8800659,50495159
09/07/2009,209.7250671,214.2852936,209.1650391,211.8280334,186.2669373,32268349
10/07/2009,211.7823181,213.3766785,199.4388275,202.8847198,178.4028168,36758916
13/07/2009,199.9759979,202.1246796,196.2500916,200.1188507,175.9707031,36305996
14/07/2009,202.7532806,208.5821533,201.8389435,207.330658,182.3122559,32365032
15/07/2009,211.4394379,216.0111084,206.473465,214.4453125,188.5684052,27771011
16/07/2009,217.2683105,224.9715576,214.8681946,221.1999359,194.5079346,48357416
17/07/2009,222.3085632,224.6972656,220.0455933,221.3885193,194.6737518,28917805
20/07/2009,224.0115204,233.0405426,222.8686066,232.3890839,204.3469086,36034847
21/07/2009,238.7208405,238.7208405,229.4232178,230.7147217,202.874588,26978476
22/07/2009,231.4404755,235.1663666,224.30867,225.8058929,198.5581055,27518674
23/07/2009,227.4402618,234.7320709,227.0973816,233.3320007,205.1760406,25944577
24/07/2009,234.29776,236.286438,226.9945221,230.5089874,202.6936188,37085126
27/07/2009,222.8686066,228.0117188,217.9140625,221.7999725,195.0355835,52651678
28/07/2009,222.5257263,223.9772339,215.5082245,218.0226288,191.7140808,50364983
29/07/2009,217.1540222,221.4971008,213.8395691,220.628479,194.0054779,41704949
30/07/2009,219.4398499,220.0570221,215.8968048,217.1883087,190.9803925,26943006
31/07/2009,218.8683929,225.7144623,218.4398041,223.4857788,196.5179443,30553219
03/08/2009,225.028717,232.1262207,223.7943573,230.5261383,202.708786,23955323
04/08/2009,232.3547974,234.6406403,228.8689117,233.1262665,204.9951324,33575331
05/08/2009,232.5833893,238.18367,232.1947937,237.3150635,208.6784515,33289859
06/08/2009,233.5720062,242.8696289,231.5947571,233.9320221,205.7036743,43022238
07/08/2009,232.7548218,235.8978424,227.4631195,228.3260193,200.7741241,34997614
10/08/2009,232.0633545,232.5548096,225.4972992,227.223114,199.8043213,26363427
11/08/2009,227.7831421,234.0748901,226.1830597,228.628891,201.0404816,27474086
12/08/2009,225.7201691,228.5831757,222.1028442,227.5202637,200.0656281,29958739
13/08/2009,231.4404755,233.6234436,228.2403107,231.3604584,203.4423828,26524147
14/08/2009,231.6690521,235.8978424,229.3832245,232.7490997,204.6634979,29262231
17/08/2009,229.6118011,229.7260895,220.0113068,221.9485474,195.1662292,30040259
18/08/2009,219.8627319,223.5772095,219.4570007,221.8628387,195.0908203,26014696
19/08/2009,221.7256775,222.8571625,213.8395691,215.5367889,189.5281677,29148426
20/08/2009,217.1540222,220.4684753,215.8453827,216.9711456,190.7894287,20579108
21/08/2009,215.7825165,221.1542206,213.4509735,220.4456177,193.844635,26343198
24/08/2009,224.0115204,226.4002075,222.7085876,225.6458893,198.4174042,22140885
25/08/2009,224.605835,232.3547974,223.5029144,231.5147552,203.5781097,28437053
26/08/2009,231.5604706,233.9205933,229.8689575,233.1719818,205.0353088,21993621
27/08/2009,232.4690857,235.3263855,230.8690033,233.4234314,205.256424,25676360
28/08/2009,234.29776,237.7265015,231.5033264,237.0521851,208.4473572,21877637
31/08/2009,235.8978424,235.8978424,228.0117188,229.1660614,201.5128174,31540641
01/09/2009,231.4176025,233.3834229,224.6286926,226.3945007,199.0756989,22733195
02/09/2009,225.0401459,228.3431702,224.0115204,225.2858734,198.1008453,23849191
03/09/2009,226.297348,227.1202393,219.8170166,220.6741943,194.0455933,26446530
04/09/2009,221.4971008,227.8974304,221.1542206,226.4287872,199.1058502,25361664
07/09/2009,226.8688049,229.6060944,225.8973236,228.908905,201.2866974,22578214
08/09/2009,230.2975464,239.3722992,229.1946411,237.2236176,208.598053,52059674
09/09/2009,237.1550446,248.5270538,235.6692505,247.8356018,217.9295044,52578339
10/09/2009,250.3042908,256.0017395,243.7382355,245.4354706,215.8190002,35669728
11/09/2009,247.4412842,248.1613312,240.5838013,244.6811523,215.1557159,31370847
14/09/2009,244.0125427,246.7669678,241.3266907,244.5268555,215.0200348,19047648
15/09/2009,244.8125916,249.6128235,244.8125916,249.2585297,219.1807556,18872954
16/09/2009,250.9843292,253.5787506,247.2812805,249.6128235,219.4923248,19382756
17/09/2009,249.7271271,251.4414978,236.697876,238.4293976,209.6583405,145062738
18/09/2009,237.7265015,241.4981232,237.1664734,240.3037872,211.3065948,25713816
22/09/2009,243.292511,244.5497131,238.6522675,239.7780457,210.8442688,23011168
23/09/2009,239.6694641,242.8696289,238.8694153,240.2066345,211.2211151,24365231
24/09/2009,238.8694153,243.4410858,235.2120972,240.1209106,211.145752,41664465
25/09/2009,238.2293854,245.486908,237.1664734,244.0125427,214.5677948,31204369
29/09/2009,245.2126007,249.3385315,244.5839996,248.1327515,218.1908417,40254449
30/09/2009,249.6128235,252.915863,247.4412842,251.6300812,221.2660828,36946165
01/10/2009,251.430069,251.430069,246.184082,248.5099182,218.5224609,26342402
05/10/2009,246.8583984,248.241333,242.4467468,244.4811401,214.9798584,25912186
06/10/2009,246.8641205,246.8641205,240.240921,243.9096832,214.4773407,32106115
07/10/2009,245.6697693,246.6412506,238.1950989,240.1609192,211.1809235,27123920
08/10/2009,251.4414978,255.4988556,240.0123444,242.2581635,213.025116,61481645
09/10/2009,243.2867889,243.6239471,238.8694153,239.9837646,211.0251312,27668151
12/10/2009,242.298172,249.8414154,242.298172,247.9041748,217.9898376,39339692
13/10/2009,247.0984192,247.0984192,247.0984192,247.0984192,217.2812958,0
14/10/2009,248.5842133,251.1557617,246.0297852,249.6356964,219.5123901,29186933
15/10/2009,251.3272095,253.9330597,247.4412842,248.1841888,218.2360382,28442679
16/10/2009,248.0127563,254.4130707,246.9841309,253.5844574,224.4404144,29379397
20/10/2009,256.5846252,260.9619751,248.9099426,249.6756897,220.9808655,27662481
21/10/2009,249.0413666,252.4701233,247.8584595,249.4071045,220.7431183,22306470
22/10/2009,249.3842468,249.3842468,242.4124603,244.0354004,215.9888,20217305
23/10/2009,245.2926025,246.2183685,232.8805389,233.9948883,207.1022339,44095335
26/10/2009,234.29776,236.355011,229.0403442,230.3375549,203.8652344,27736152
27/10/2009,228.8117676,229.7260895,225.7258911,227.5545502,201.4020538,30934515
28/10/2009,226.8745117,233.5377197,226.8745117,232.4862366,205.7669983,25810298
29/10/2009,228.697464,233.6005859,226.3430634,228.5146027,202.2517853,30886813
30/10/2009,228.703186,232.5833893,219.6684265,220.7142029,195.3478699,43583626
03/11/2009,219.4455719,219.9884491,205.9820099,207.8449707,183.9576721,42857711
04/11/2009,211.4394379,220.354187,209.4621887,219.5198517,194.2907867,39964979
05/11/2009,218.1997833,222.6400146,211.5537262,221.8571167,196.359436,30087288
06/11/2009,220.5827637,225.7144623,220.5827637,223.7257843,198.0133057,30606215
09/11/2009,225.7258911,232.240509,224.1943817,231.3718872,204.7806854,28682653
10/11/2009,233.1548462,240.2923584,229.1546326,234.8120728,207.8255005,55352725
11/11/2009,236.355011,243.4868011,232.6576691,241.6124268,213.8442993,36604347
12/11/2009,242.8696289,245.2697449,238.18367,240.1551971,212.5545349,33326415
13/11/2009,238.8694153,243.3267975,238.1950989,242.2410278,214.40065,22380386
16/11/2009,245.6126251,247.0869904,243.6296692,246.1383667,217.8500671,18087647
17/11/2009,246.8698273,247.0641327,240.8123779,243.709671,215.7005005,26297936
18/11/2009,247.0984192,247.0984192,239.3380127,240.0180511,212.4331512,34189418
19/11/2009,239.8694763,241.1438293,236.9150391,238.1608124,210.7893524,20240605
20/11/2009,237.7265015,244.0068207,236.0121307,242.6753235,214.7850189,27023694
23/11/2009,246.8698273,252.3272552,243.7896729,250.8643188,222.0328522,48369770
24/11/2009,250.5271606,252.0129547,247.7955933,248.8356476,220.2373505,30382900
25/11/2009,249.8128357,254.4016418,248.0013123,250.8357544,222.0076141,36335219
26/11/2009,253.9559174,253.9559174,240.7666626,243.1553497,215.2098999,22221066
27/11/2009,240.0123444,241.8410034,231.0975952,239.0865784,211.6087341,25469866
30/11/2009,242.8696289,246.6183929,240.9266663,243.0982056,215.1593018,18071456
01/12/2009,245.7269135,251.4414978,243.9439697,250.9843292,222.1390686,12511349
02/12/2009,252.6415558,255.7045746,249.4299622,251.5443573,222.6347504,20681036
03/12/2009,252.561554,256.0131531,249.6356964,251.361496,222.4729004,17415284
04/12/2009,249.3842468,253.0415802,246.9384155,248.7899323,220.1968994,13963709
07/12/2009,248.6985016,250.0928497,240.0123444,241.1552582,213.4396515,20671910
08/12/2009,242.298172,247.8870239,241.1895447,246.9498444,218.5682831,20434211
09/12/2009,244.5839996,246.4126587,242.7896271,245.0068817,216.8486481,11179921
10/12/2009,245.4297638,247.3269958,242.7553406,244.9954529,216.8384857,12944596
11/12/2009,246.8698273,248.6985016,243.3267975,244.8697357,216.7272186,15450296
14/12/2009,244.1268311,247.7841644,242.9839172,244.1154022,216.0595856,13923500
15/12/2009,244.1268311,245.4983368,239.5551758,240.378067,212.7517395,14673678
16/12/2009,239.9894714,241.1552582,237.2921906,239.3608704,211.8514709,14773099
17/12/2009,241.1095428,241.1095428,235.4406738,236.5721588,209.3832855,14196403
18/12/2009,236.5835876,236.5835876,229.7260895,230.3318329,203.8601685,21984942
21/12/2009,228.8117676,235.6235352,226.297348,232.4576569,205.7416992,24594381
22/12/2009,232.7433929,235.1663666,231.1661682,232.9719696,206.1968689,13939289
23/12/2009,234.29776,244.1039734,233.4748535,243.7153778,215.7055664,21453446
24/12/2009,245.7269135,247.7384491,241.9210052,246.0240784,217.7489166,16147574
29/12/2009,246.6412506,248.9270782,244.5839996,246.9269714,218.5480347,12172264
30/12/2009,246.8241119,248.0127563,244.4697113,245.9669342,217.6983337,9279882
31/12/2009,247.7841644,250.5271606,247.178421,249.2813873,220.631897,17542130
04/01/2010,249.4071045,249.4071045,233.5777283,245.8412018,217.5870514,76646086
05/01/2010,262.8478088,262.8478088,243.5325165,244.7440033,216.6159515,21392825
06/01/2010,246.8469696,250.1842957,244.7325745,248.6985016,220.1159668,23691760
07/01/2010,248.6985016,254.8702393,246.4126587,252.8244171,223.7677002,26197920
08/01/2010,253.2701569,254.5959473,250.5271606,252.1615295,223.1809998,15110149
11/01/2010,259.3733215,262.8020935,240.0123444,247.2127075,218.8009338,188649642
12/01/2010,250.298584,259.9676514,246.184082,247.8641663,219.3775482,32790509
13/01/2010,248.6985016,249.6128235,244.2639771,248.8356476,220.2373505,15360176
14/01/2010,248.241333,257.1103516,248.241333,256.4017639,226.9339294,24545629
15/01/2010,257.3389282,260.333374,252.5958405,253.8987579,224.7185516,18766617
18/01/2010,253.0415802,255.2016907,249.6013947,251.3272095,222.4425812,14172193
19/01/2010,251.4414978,252.8244171,247.4755707,248.0127563,219.5090332,13064666
20/01/2010,250.298584,250.7786102,245.0411682,246.2983704,217.9917145,19331024
21/01/2010,245.7269135,246.184082,240.0694885,240.9380951,213.2474518,18611321
22/01/2010,237.9550934,244.8125916,235.3263855,240.8923798,213.2070007,39869565
25/01/2010,239.9323273,241.0180969,236.9721832,238.1950989,210.8197174,13393277
27/01/2010,236.355011,240.0123444,233.1548462,234.8806458,207.8862152,24843485
28/01/2010,237.7265015,239.2008667,234.29776,237.0750427,209.8283539,33223459
29/01/2010,236.1035614,240.4237823,232.7205353,239.1437225,211.659317,23333042
01/02/2010,237.1550446,241.1552582,236.7093048,238.9608612,211.4974518,12132865
02/02/2010,240.4694977,241.4638367,234.0920258,234.8235016,207.8356171,17248998
03/02/2010,235.6921082,239.6466064,235.6921082,236.3435822,209.1809692,15052266
04/02/2010,237.2693329,237.2693329,231.7833405,232.9605408,206.1867371,11974603
05/02/2010,222.8686066,230.3546906,222.8686066,224.4001007,198.6101532,29882876
08/02/2010,225.1544342,229.5775146,222.8686066,227.291687,201.1694031,25894932
09/02/2010,227.1545258,228.1260071,224.6286926,227.0402374,200.9468536,14292031
10/02/2010,228.560318,228.560318,224.4686737,225.1772919,199.2980194,18261247
11/02/2010,226.1259155,233.1091309,225.9544678,232.0462189,205.3775177,23450102
15/02/2010,234.7549286,234.7549286,230.3204041,230.8690033,204.3355713,13498617
16/02/2010,230.891861,233.3834229,229.7260895,232.6405334,205.9035492,10068256
17/02/2010,234.29776,237.2236176,233.6234436,236.0235596,208.8977661,15630122
18/02/2010,235.4406738,237.34935,227.4402618,228.0802917,201.8673859,19834114
19/02/2010,227.4402618,227.4402618,223.3600464,224.742981,198.91362,17754534
22/02/2010,227.5088348,228.5831757,221.7256775,223.542923,197.8514557,12692045
23/02/2010,222.6400146,224.6972656,221.7256775,222.9486084,197.3254547,12976934
24/02/2010,221.7256775,225.3144379,220.9599304,223.7372131,198.0234528,12487589
25/02/2010,224.0343781,225.1544342,219.2455597,220.1484528,194.8471069,18954063
26/02/2010,221.4971008,227.4402618,220.8684998,223.7714996,198.0538025,22579233
02/03/2010,225.1544342,228.354599,223.8743591,224.742981,198.91362,18210596
03/03/2010,225.8401794,234.9835052,225.8401794,234.2520447,207.3298187,26623966
04/03/2010,237.7265015,237.7265015,230.41185,231.7833405,205.1448364,20781218
05/03/2010,233.6120148,234.5263367,229.7489471,230.823288,204.2951508,11774505
08/03/2010,233.4291382,234.7549286,229.0403442,229.5203705,203.1419678,11941298
09/03/2010,230.0689697,231.2804565,225.8516083,226.3773499,200.3601685,17459521
10/03/2010,227.4402618,232.9033966,226.1373444,230.5832825,204.0827332,24807175
11/03/2010,230.8690033,233.1548462,230.1832581,232.3433685,205.6405029,14583772
12/03/2010,232.0119324,236.1264191,231.7833405,233.5205688,206.6824341,22333253
15/03/2010,233.6120148,235.8864136,231.5776215,234.9949341,207.9873352,18131701
16/03/2010,235.8978424,244.9954529,235.2120972,244.1154022,216.0595856,33998717
17/03/2010,245.6811981,247.4412842,243.6239471,244.5154266,216.4136505,21599472
18/03/2010,245.4983368,247.2355652,243.2353668,246.1726532,217.8804169,15292424
19/03/2010,246.5955353,250.641449,244.6182861,249.6242676,220.9353333,19737747
22/03/2010,242.7553406,251.2129059,242.7553406,245.486908,217.2734985,20468483
23/03/2010,246.4012299,250.0585632,246.1726532,249.4756775,220.8038177,20005544
25/03/2010,250.5271606,250.7557526,246.2755127,249.4871063,220.8139496,22967888
26/03/2010,250.7557526,253.9559174,250.3328705,251.5443573,222.6347504,18075516
29/03/2010,252.2872467,253.7158966,249.3842468,249.9099884,221.1882172,20249784
30/03/2010,250.5271606,252.7444153,247.5555878,248.7327881,220.146347,18938795
31/03/2010,249.8185577,250.298584,244.8811646,245.555481,217.3341675,21647708
01/04/2010,246.4126587,251.0986176,246.184082,249.6242676,220.9353333,12519976
05/04/2010,250.641449,258.2189941,250.641449,257.3617859,227.7836151,19912935
06/04/2010,257.8418274,258.9847412,256.0588684,256.7446289,227.237381,12481837
07/04/2010,257.1560669,262.8020935,256.7217712,258.2304077,228.5523834,20218574
08/04/2010,258.9847412,259.78479,251.7843781,252.9387207,223.8688812,14723428
09/04/2010,253.3158722,258.5275879,253.3158722,257.0874939,227.5408325,16826518
12/04/2010,261.7277527,261.7277527,256.6188965,257.6932373,228.0769501,12699784
13/04/2010,257.8418274,259.2133179,254.0244904,256.2188721,226.772049,13971281
15/04/2010,257.1560669,259.4190369,248.4813385,249.3156738,220.6622162,24286918
16/04/2010,248.2641907,250.298584,244.8468781,247.8413086,219.3572998,18193722
19/04/2010,246.8241119,246.8241119,240.240921,242.7096252,214.8153381,16389189
20/04/2010,244.5497131,246.8126831,241.0066681,243.0296326,215.0986633,16748550
21/04/2010,244.5839996,245.4297638,239.5894623,240.9495239,213.2575378,19187549
22/04/2010,240.1266327,250.0471344,240.0237732,245.8983612,217.6376343,25598349
23/04/2010,246.8698273,250.5271606,246.8698273,248.7442169,220.1564636,23235165
26/04/2010,246.8698273,250.9386139,243.0982056,244.8697357,216.7272186,16652152
27/04/2010,242.9839172,244.1268311,241.1552582,242.5838928,214.7040863,13970196
28/04/2010,240.9152374,240.9152374,231.3261719,232.5262451,205.8023682,40110291
29/04/2010,234.0691681,237.7036438,232.9605408,236.5950165,209.4035187,23447044
30/04/2010,237.7265015,239.3722992,235.4406738,236.2635803,209.1102142,15821019
03/05/2010,234.5263367,236.0349884,232.7205353,234.0120239,207.1174011,12535244
04/05/2010,234.1148834,237.4979248,231.6690521,233.4177094,206.5914001,17348783
05/05/2010,230.8690033,233.9663086,229.3375092,233.303421,206.4902496,14976570
06/05/2010,233.1091309,233.9091644,229.4975128,230.3775635,203.9006042,23863448
07/05/2010,223.0971832,242.298172,223.0971832,236.0807037,208.9483032,72063684
10/05/2010,240.240921,247.3269958,237.7265015,246.7326813,219.9915314,38050844
11/05/2010,248.9270782,248.9270782,243.0639191,244.0811157,217.6272736,26325489
12/05/2010,245.9669342,249.0299377,243.223938,247.5441589,220.7150421,15294301
13/05/2010,242.7553406,249.9328461,242.7553406,244.9954529,218.4425507,11947698
14/05/2010,244.0582581,244.8125916,236.5835876,238.5608368,212.7053375,18161695
17/05/2010,236.5150146,236.5150146,230.6404266,232.3662262,207.1820984,20611809
18/05/2010,233.1548462,236.2292786,230.3661194,233.2919922,208.0075531,15445191
19/05/2010,232.4690857,232.6405334,227.4631195,228.2745972,203.5339508,26097480
20/05/2010,228.8117676,231.5547638,227.1545258,228.5717468,203.7988892,18577281
21/05/2010,226.2744904,228.5488892,223.1200409,227.565979,202.9021149,19167407
24/05/2010,232.6976776,239.7723236,232.3433685,233.7605896,208.425354,24726303
25/05/2010,234.29776,234.29776,224.6401215,225.303009,200.8843994,25245934
26/05/2010,227.4174042,230.8690033,226.5259247,230.4232788,205.4497375,13726569
27/05/2010,231.0975952,234.9149323,228.9489136,233.6691589,208.3438416,27405100
28/05/2010,235.429245,237.4979248,231.8976288,236.9607544,211.278656,17535288
31/05/2010,235.4749603,239.6694641,235.1549377,239.0065765,213.1027527,16548811
01/06/2010,238.480835,238.8694153,229.5203705,230.9947357,205.9592438,19466130
02/06/2010,232.0119324,233.3834229,229.348938,231.109024,206.0611572,19728249
03/06/2010,233.1319885,237.2693329,233.1319885,235.6235352,210.08638,17106958
04/06/2010,235.6692505,236.8121796,233.7148743,235.7149811,210.167923,14088022
07/06/2010,232.0119324,232.0119324,228.5831757,230.3546906,205.3885651,13503377
08/06/2010,230.8004303,231.4861908,227.4631195,227.7602844,203.0753479,15226706
09/06/2010,228.628891,232.0119324,228.5831757,230.1946869,205.2459259,15242486
10/06/2010,230.8690033,232.5719604,230.2175446,232.0919342,206.937561,13962908
11/06/2010,234.29776,240.2066345,233.3834229,239.1894379,213.2657928,23307069
14/06/2010,241.1324005,244.5839996,239.8066101,243.0982056,216.7509308,15892958
15/06/2010,243.4868011,244.561142,240.035202,243.6925201,217.280838,18992836
16/06/2010,244.5839996,245.189743,241.1781158,241.8295746,215.6197968,11833071
17/06/2010,243.0524902,246.184082,241.9095764,244.9040222,218.3610229,21047804
18/06/2010,246.9155426,249.1099548,240.1380615,241.0066681,214.8860931,38277934
21/06/2010,242.5267487,244.9725952,242.5267487,243.5896606,217.1891327,11792906
22/06/2010,242.9839172,245.6811981,241.6009827,243.1667786,216.812088,12908863
23/06/2010,242.229599,244.0125427,240.9266663,242.0010071,215.7726746,11659191
24/06/2010,242.0695801,243.6239471,239.3951569,240.4809265,214.4173126,18805263
25/06/2010,240.0123444,244.1268311,238.412262,242.9724884,216.6388397,20325423
28/06/2010,245.4983368,249.6128235,243.4753723,249.1899567,222.1824493,31472648
29/06/2010,249.3842468,249.3842468,243.2582245,244.0011139,217.5559998,14213976
30/06/2010,242.298172,250.0585632,241.7267151,249.1213837,222.1212921,26637611
01/07/2010,247.7841644,248.3213348,243.7839661,246.0126495,219.3495026,13310905
02/07/2010,245.9555054,247.7727356,243.5096588,244.3439941,217.8616943,10948784
05/07/2010,244.5839996,245.3040314,242.9153442,244.1954041,217.7292328,6399512
06/07/2010,243.5553741,247.3041382,243.5553741,245.4754791,218.8705597,9255011
07/07/2010,245.4983368,245.6811981,240.240921,240.8238068,214.7230377,13738578
08/07/2010,242.298172,244.4811401,241.2124023,241.6352844,215.4465485,11977911
09/07/2010,243.2010803,243.6696625,240.8238068,241.7610016,215.55867,12974909
12/07/2010,242.298172,244.1154022,240.4809265,241.440979,215.2733154,12563614
13/07/2010,241.6695709,246.3555145,241.6695709,245.5669098,218.9520416,15043285
14/07/2010,246.8698273,250.1728668,243.9553986,244.6868591,218.1674042,15970199
15/07/2010,245.0297394,247.0755615,244.1496887,245.3726196,218.7788239,13877250
16/07/2010,244.8240204,245.4983368,242.298172,242.9724884,216.6388397,8779539
19/07/2010,241.8638611,243.6468048,240.8809509,241.3952637,215.2325439,9808534
20/07/2010,241.6124268,243.6468048,239.8066101,240.6866608,214.600769,6845092
21/07/2010,242.0467224,242.9839172,241.303833,241.9324341,215.7114868,9824712
22/07/2010,241.9324341,242.4924622,239.4637451,242.0695801,215.833786,15879834
23/07/2010,243.2010803,244.7897186,241.5666962,242.4010315,216.1293182,13790021
26/07/2010,243.0982056,243.9896851,240.0694885,240.7209473,214.6313324,9113728
27/07/2010,242.0352936,242.5610352,240.2637787,240.8123779,214.7128448,12133425
28/07/2010,242.9839172,245.418335,232.6976776,233.440567,208.1399841,52927114
29/07/2010,235.0977936,235.0977936,230.41185,230.9033051,205.8777466,46281590
30/07/2010,232.0005035,233.234848,230.2404022,230.7890015,205.7758331,19242072
02/08/2010,232.240509,233.5662994,231.1890259,231.9090576,206.7744904,12676917
03/08/2010,232.9605408,235.6463928,231.7833405,234.9263611,209.4647369,20104173
04/08/2010,234.9835052,235.6692505,231.4519043,232.2519379,207.0802155,18318233
05/08/2010,233.1434174,234.0005951,229.7375183,230.1946869,205.2459259,18308022
06/08/2010,230.617569,230.891861,228.2403107,228.6060333,203.8294373,19955917
09/08/2010,228.5831757,229.9546814,226.7545166,227.1202393,202.5046844,22253619
10/08/2010,226.5259247,229.1317749,225.4515839,225.8173218,201.3429718,19989721
11/08/2010,226.2516327,227.4174042,224.0343781,224.7544098,200.3952332,21917268
12/08/2010,224.0115204,224.7544098,221.7256775,222.3199921,198.2247162,24910354
13/08/2010,221.8399811,227.1659698,221.8399811,223.8057861,199.5494385,30512197
16/08/2010,224.0115204,226.7316589,222.8686066,223.3029022,199.101059,14028775
17/08/2010,224.0115204,225.1430054,221.7256775,221.8742676,197.8272705,14788743
18/08/2010,222.411438,223.3257599,219.0626831,220.491333,196.5942383,24859327
19/08/2010,220.285614,225.1315765,220.285614,223.3714752,199.1621857,20662946
20/08/2010,223.3714752,227.0745239,222.2971344,225.9887543,201.4958496,20996195
23/08/2010,226.7659454,226.7659454,223.0057526,223.3029022,199.101059,13543428
24/08/2010,223.3029022,224.240097,221.1085052,222.2742767,198.1839294,19276160
25/08/2010,221.7256775,223.5200653,220.697052,221.2227936,197.2463989,18620473
26/08/2010,221.7256775,222.411438,218.3083649,218.6283875,194.933197,27834839
27/08/2010,219.1884155,219.6455688,216.3654022,217.0625916,193.5371399,24315870
30/08/2010,217.6340485,220.5370483,216.0111084,216.6854248,193.2008057,11908601
31/08/2010,215.9311066,217.1425934,209.1536102,210.1136627,187.3412781,46605039
01/09/2010,211.4508667,215.7368011,210.5251007,213.9995728,190.8060608,27886811
02/09/2010,216.0111084,216.3882599,213.9538574,214.2852936,191.060791,17699285
03/09/2010,214.8681946,215.2339172,211.2565765,211.5994415,188.6660461,14440305
06/09/2010,212.7995148,218.9141083,210.8222656,217.7597656,194.1587067,33928353
07/09/2010,218.296936,221.6571045,217.8397675,219.9655914,196.1254578,28379708
08/09/2010,218.3197937,220.5141907,217.6111908,219.3484192,195.5751953,11632859
09/09/2010,220.1141663,221.0856476,218.3426514,219.1083984,195.3612061,10114309
13/09/2010,222.1828461,227.5545502,220.6627655,226.8688049,202.2805176,27474309
14/09/2010,227.5545502,229.2689209,225.0058594,225.8744659,201.3939209,19472955
15/09/2010,226.0687561,232.8576813,226.0687561,231.7604828,206.6420288,33554695
16/09/2010,231.3490295,232.0919342,227.9431458,228.6631775,203.8803864,18540979
17/09/2010,229.7260895,235.7606964,229.7260895,234.8349304,209.3832245,31955142
20/09/2010,235.2120972,238.6294098,233.4062805,238.046524,212.2467499,30419766
21/09/2010,238.18367,239.6694641,234.3091888,236.6178741,210.9729462,21351925
22/09/2010,236.355011,238.5722656,232.0119324,233.166275,207.895462,25872625
23/09/2010,233.166275,234.0691681,227.6688385,228.0460052,203.3301239,23030491
24/09/2010,228.5831757,230.6404266,226.7773743,228.9603424,204.14534,22669074
27/09/2010,230.41185,233.1319885,229.7489471,230.9147339,205.8879242,16465376
28/09/2010,230.480423,231.3261719,226.9830933,228.2403107,203.5033722,19682506
29/09/2010,228.5831757,230.6404266,227.4402618,228.354599,203.6052399,17790040
30/09/2010,229.0403442,229.0403442,223.5772095,225.6687469,201.210495,28981699
01/10/2010,226.7545166,230.8690033,226.297348,230.3889923,205.4191895,19104034
04/10/2010,232.0005035,234.4806213,232.0005035,232.6633911,207.447052,21163057
05/10/2010,232.240509,235.8521271,230.6404266,234.0348816,208.6699066,22938984
06/10/2010,235.4406738,239.3265839,234.7434998,238.8579865,212.9702911,28137687
07/10/2010,238.8579865,241.3266907,236.0121307,237.5322113,211.7881775,31547758
08/10/2010,239.2580109,241.1095428,235.566391,239.9323273,213.9282227,20865341
11/10/2010,241.3838348,245.0983124,240.7209473,244.4011383,217.9126587,25796876
12/10/2010,244.1268311,244.4468536,239.1322937,241.2924042,215.1408539,13979878
13/10/2010,241.4066925,245.4983368,241.0866852,245.2811737,218.6973267,23967306
14/10/2010,245.7269135,247.2127075,240.9723816,242.0695801,215.833786,24414709
15/10/2010,242.298172,244.1268311,236.7207336,237.8065033,212.0327606,11601973
18/10/2010,238.2408142,243.429657,236.1835632,239.4294434,213.4798126,22209315
19/10/2010,243.4410858,244.28685,237.555069,238.7322693,212.8582001,18579617
20/10/2010,237.5893555,243.3039398,237.2693329,239.8866119,213.8874207,18232837
21/10/2010,240.4694977,248.6642151,239.8294678,247.246994,220.450058,37273145
22/10/2010,248.1156158,250.0242767,245.5783386,247.2812805,220.4806519,19627279
25/10/2010,248.6985016,251.8758087,248.241333,249.235672,222.2232056,18019151
26/10/2010,249.3613892,251.6586456,248.4927673,251.1786194,223.9555817,15444185
27/10/2010,250.9843292,253.7273254,247.6127319,249.7842712,222.7123566,21946562
28/10/2010,251.3043518,251.6472168,245.6354828,247.3269958,220.5214233,36188021
29/10/2010,248.6299286,253.0872955,246.9841309,250.5843048,223.4256897,29722655
01/11/2010,256.2417297,257.1332092,248.9842224,249.8871307,222.8041077,30509287
02/11/2010,250.3900146,250.3900146,244.6525726,245.692627,219.0641632,20360675
03/11/2010,247.3269958,247.9898834,242.9039154,243.5096588,217.1177826,19939993
04/11/2010,246.389801,253.0415802,245.7269135,252.5958405,225.2192078,24311819
08/11/2010,254.6188049,255.7845764,251.567215,254.1502075,226.6051025,22364112
09/11/2010,254.2416382,256.1274414,250.8128967,253.3958893,225.9325562,15410057
10/11/2010,252.9730072,255.3045502,251.2586365,251.9443817,224.638382,11899060
11/11/2010,252.8129883,254.1387787,245.9555054,246.8469696,220.0934143,12690058
12/11/2010,246.9041138,248.5613556,241.6124268,242.7210541,216.4146576,19131902
15/11/2010,243.9211121,244.1039734,237.3150635,241.0866852,214.9574127,16084932
16/11/2010,242.0695801,242.0695801,234.6520691,235.5549622,210.025238,19833309
18/11/2010,239.9666138,239.9666138,231.7833405,236.1149902,210.5245667,22776798
19/11/2010,236.8121796,236.8121796,225.6344604,227.7259979,203.0447998,24826481
22/11/2010,229.3832245,232.3433685,227.9431458,231.383316,206.3056946,18956753
23/11/2010,229.6460876,229.7260895,222.8686066,227.5774078,202.9123077,33113827
24/11/2010,228.354599,232.6519623,225.3944397,227.6802826,203.0040283,19703855
25/11/2010,229.0403442,229.2689209,222.411438,223.8972168,199.6309662,29112802
26/11/2010,225.1544342,226.3887787,219.0512543,219.9770203,196.1356506,30639363
29/11/2010,221.6113892,229.1432037,219.9884491,228.2174377,203.4829712,23409097
30/11/2010,228.5374603,230.5718536,224.2629547,225.2915802,200.8741913,30483669
01/12/2010,225.1544342,227.9888611,224.7086945,226.0230408,201.5263824,18726828
02/12/2010,228.354599,231.6576233,227.4516907,231.1318817,206.081543,24834141
03/12/2010,231.7833405,234.0691681,228.1260071,229.9318237,205.0115509,19641270
06/12/2010,232.2062225,235.4406738,231.5547638,233.1891327,207.915863,17790259
07/12/2010,233.1548462,237.6579285,233.1548462,235.6121063,210.0761871,22397973
08/12/2010,234.2749023,234.9263611,231.1318817,233.2805634,207.9972992,16997335
09/12/2010,234.1949005,236.3207245,223.7257843,225.0401459,200.6499939,31716183
10/12/2010,225.5658875,235.4406738,223.8629303,234.0463104,208.6800537,26529301
13/12/2010,234.0805969,239.0980072,230.8690033,238.1265259,212.3180695,16834458
14/12/2010,238.412262,242.298172,238.18367,241.2124023,215.0695343,20081132
15/12/2010,240.9266663,243.2125092,236.8121796,240.9038086,214.7943726,21436026
16/12/2010,241.7724304,242.298172,237.7379303,241.578125,215.3956299,15530788
20/12/2010,238.8694153,244.1268311,238.7779846,241.5552673,215.3751831,15858100
21/12/2010,242.2753143,245.7040558,241.8981476,245.3040314,218.7176819,16089753
22/12/2010,245.2240295,245.7269135,239.6351776,241.3952637,215.2325439,15132141
23/12/2010,241.7952881,243.3725128,240.1266327,242.161026,215.915329,14589936
24/12/2010,240.6980896,243.3267975,240.0123444,242.229599,215.9764557,9452996
27/12/2010,241.9095764,244.3097076,240.2752075,241.2124023,215.0695343,5782048
28/12/2010,241.4524078,242.229599,238.2408142,239.5323181,213.5715179,8857349
29/12/2010,239.6237488,241.1552582,239.1665802,239.6923218,213.7142029,11184510
30/12/2010,240.5609436,241.3266907,239.1551514,240.2866364,214.2440796,14561753
31/12/2010,241.8524323,243.7839661,240.7438049,242.0010071,215.7726746,9973432
03/01/2011,243.4410858,243.7839661,240.6066589,241.2924042,215.1408539,10411256
04/01/2011,242.298172,246.8469696,241.6809998,246.2069397,219.5227203,22021878
05/01/2011,246.8698273,249.1556702,244.5839996,245.90979,219.2577972,25943243
06/01/2011,246.4126587,249.4756775,245.624054,248.1499023,221.2551422,21763180
07/01/2011,247.1669922,248.6413574,241.8410034,243.5325165,217.1381836,17875107
10/01/2011,243.5325165,244.6868591,233.4291382,236.2292786,210.6264648,18478415
11/01/2011,237.7265015,239.7151794,228.2631683,231.7261963,206.6114502,21147094
12/01/2011,233.303421,236.7321625,229.2689209,235.6235352,210.08638,23195000
13/01/2011,235.4406738,237.5322113,231.1204529,232.0919342,206.937561,24336418
14/01/2011,231.7947693,235.3949585,228.1260071,228.9260559,204.1147614,19111808
17/01/2011,229.2689209,230.41185,226.7659454,228.1031494,203.3810577,14046519
18/01/2011,229.691803,230.41185,226.297348,227.4059753,202.7594452,14871527
19/01/2011,228.491745,229.7260895,222.8686066,224.0458069,199.763443,23491557
20/01/2011,223.4629211,223.4629211,218.1940765,221.691391,197.6642303,41343304
21/01/2011,222.8686066,226.8688049,222.411438,225.5658875,201.1187897,19528676
24/01/2011,227.4631195,227.6459808,220.3770447,222.0914154,198.0208588,22242712
25/01/2011,223.3486176,225.1430054,218.5826569,219.0969696,195.3510132,20325555
27/01/2011,220.8113556,221.1313629,214.8681946,215.4853668,192.1308289,28105152
28/01/2011,216.0111084,216.2168274,206.1820221,208.6964417,186.0776672,33855702
31/01/2011,207.747818,212.3194885,206.4334717,210.1365204,187.3616638,25332450
01/02/2011,211.4622955,212.0566101,203.1075897,204.6962433,182.5110168,37898873
02/02/2011,208.0106964,212.1023254,207.3935242,210.593689,187.7692719,28465716
03/02/2011,212.1251831,216.5825653,209.1536102,215.7596588,192.3753357,17047728
04/02/2011,216.5597076,216.5597076,208.7307281,210.296524,187.504364,20715343
07/02/2011,211.5994415,214.5938873,209.0164642,212.3652039,189.3488464,14586353
08/02/2011,213.8852844,213.8852844,208.2964172,209.2107544,186.5362549,19685333
09/02/2011,207.6449585,214.2281494,206.5591888,208.9936066,186.3425903,38228022
10/02/2011,208.5821533,210.4793854,202.3189697,205.6448517,183.3568115,28347803
11/02/2011,205.7134247,209.1536102,202.9932861,207.9992676,185.4560547,20012347
14/02/2011,207.1192169,209.8964996,204.3762207,209.1078949,186.444519,30145949
15/02/2011,209.0164642,215.9653931,208.3078461,215.2567749,191.9269867,27266420
16/02/2011,214.479599,217.3368835,214.4338837,215.816803,192.4263458,11041551
17/02/2011,216.6625671,218.3997955,214.0110016,218.0569305,194.4236603,14091434
18/02/2011,218.5369415,220.1255951,213.0395203,213.8509979,190.673584,15747939
21/02/2011,213.9767151,219.6455688,213.5424042,218.6055298,194.912796,25629860
22/02/2011,226.7545166,230.7318573,223.8400726,225.1201477,200.7213593,88922943
23/02/2011,225.4744415,229.1089172,225.1544342,227.5888367,202.9224854,31184499
24/02/2011,227.6688385,228.2631683,219.0626831,220.3999023,196.5127258,32903650
25/02/2011,224.171524,224.5258331,218.1940765,220.8684998,196.930542,15101417
28/02/2011,221.7713928,227.2802582,219.4398499,220.4113312,196.5228882,22487428
01/03/2011,222.5714417,226.9145203,221.0856476,226.0344696,201.5365753,12622459
03/03/2011,222.9143219,225.1544342,221.2913818,223.4171906,199.2029877,19518684
04/03/2011,225.0744324,227.3945465,223.5772095,224.5144043,200.1812439,15419957
07/03/2011,222.6628723,224.7658386,220.354187,223.3371887,199.1316223,11821324
08/03/2011,223.5543518,226.8459473,223.5543518,225.1430054,200.7417297,12057689
09/03/2011,226.0001831,229.5889435,221.2913818,227.1773987,202.5556183,32473255
10/03/2011,226.9145203,226.9830933,224.4686737,225.09729,200.7009888,9853822
11/03/2011,223.7372131,227.4174042,222.2171326,226.7659454,202.1887817,15000438
14/03/2011,226.9716644,233.3262787,226.8116608,232.7776794,207.5489502,28811267
15/03/2011,228.1145782,239.9208984,226.0458984,237.0979004,211.4009094,56447390
16/03/2011,238.8694153,241.1552582,237.2921906,239.3494415,213.4084625,20605120
17/03/2011,237.5664978,239.7380371,234.9835052,235.634964,210.0965729,12381790
18/03/2011,236.5835876,236.5835876,225.5201569,226.9830933,202.3824005,40501886
21/03/2011,228.3660278,228.5831757,224.2629547,226.365921,201.8321228,15546778
22/03/2011,226.9945221,229.7032318,226.7888031,228.5031738,203.7377014,9793572
23/03/2011,228.5488892,232.3890839,227.6231232,231.611908,206.509552,11419987
24/03/2011,232.2176514,233.6005859,229.4632263,230.9375916,205.9083405,11233928
25/03/2011,234.0463104,235.429245,230.8690033,234.6634979,209.2304077,15392440
28/03/2011,234.5834808,236.8921814,231.8519135,234.4577637,209.0469818,19079527
29/03/2011,233.1548462,235.8978424,233.0634155,233.7834473,208.4457092,18101992
30/03/2011,234.8692169,237.1550446,234.0920258,236.0121307,210.4328461,12257428
31/03/2011,236.4692993,241.1324005,236.4692993,239.8066101,213.8160858,31502965
01/04/2011,239.7951813,243.6468048,235.6692505,236.9036102,211.2277069,18772571
04/04/2011,237.7265015,241.1095428,235.2120972,240.1609192,214.1319885,13111730
05/04/2011,240.5838013,242.0695801,237.7265015,239.475174,213.5205688,10756797
06/04/2011,238.8694153,240.9838104,237.7265015,238.8351288,212.9498901,9083271
07/04/2011,238.8808441,239.452301,236.6064453,238.1608124,212.3486481,10163661
08/04/2011,238.18367,240.2180634,233.303421,234.0463104,208.6800537,11995738
11/04/2011,231.5547638,233.0291138,229.417511,229.7946625,204.889267,11296579
13/04/2011,229.0060577,234.0691681,227.8059998,233.5662994,208.2521057,19116564
15/04/2011,232.8462524,234.2634735,229.7260895,233.371994,208.0788574,14174275
18/04/2011,232.9719696,238.8008423,228.7203217,230.6747131,205.6739044,14793743
19/04/2011,229.6575165,232.5719604,228.2974548,231.24617,206.1834564,12022958
20/04/2011,232.240509,235.5549622,230.4575653,234.503479,209.087677,10315413
21/04/2011,236.5378723,238.686554,235.4406738,237.8636475,212.0836945,14934401
25/04/2011,231.7833405,233.3834229,229.760376,230.7204285,205.7147064,18138998
26/04/2011,230.6404266,230.6404266,228.0231476,228.8460541,204.043457,17652410
27/04/2011,229.7260895,230.6632843,224.0343781,225.4058685,200.9760742,24710243
28/04/2011,226.7545166,226.9830933,221.7256775,222.2742767,198.1839294,35712321
29/04/2011,222.8686066,225.8401794,222.0228424,224.8686981,200.4971619,14936357
02/05/2011,224.9029846,225.5658875,219.7370148,220.5256195,196.6248016,13609544
03/05/2011,220.6056213,221.1313629,215.1082001,215.7596588,192.3753357,22028515
04/05/2011,216.0111084,218.6969604,214.8681946,216.6168518,193.1396637,11668233
05/05/2011,216.0111084,220.2513275,215.7025146,217.1425934,195.3955688,19582976
06/05/2011,217.8397675,219.4398499,216.948288,218.3083649,196.4445801,12916462
09/05/2011,219.4398499,220.8227844,217.4740295,219.2798462,197.3187714,8012908
10/05/2011,219.2798462,220.3313293,216.3654022,217.3254547,195.5600891,8143376
11/05/2011,218.0683594,219.0741119,215.6682281,218.3997955,196.5268402,8197011
12/05/2011,217.4968872,218.2397919,215.0967712,216.1253967,194.4802246,9218985
13/05/2011,216.0682526,219.8970184,214.3995972,216.6968536,194.9944916,13906027
16/05/2011,217.1540222,217.4740295,215.2224884,216.0111084,194.3773804,7008149
17/05/2011,216.1596832,216.4225464,209.667923,210.4450989,189.3687897,17384039
18/05/2011,210.296524,211.1765747,205.347702,206.1477356,185.5018463,24814804
19/05/2011,207.6449585,210.7536926,206.8106384,209.2678986,188.3095245,18072585
20/05/2011,209.942215,211.6222992,208.0792694,211.0279846,189.8933411,13873483
23/05/2011,210.0679474,210.7536926,206.479187,207.8735352,187.0548096,14836682
24/05/2011,207.0963593,210.502243,207.0963593,209.3250427,188.3609161,11107409
25/05/2011,208.947876,208.947876,205.9534454,207.0963593,186.3554382,13112272
26/05/2011,208.605011,214.1481476,208.2621307,213.4624023,192.0839386,30001792
27/05/2011,213.5195465,217.8169098,213.5195465,216.1139679,194.4699554,15134521
30/05/2011,216.9140015,217.8397675,213.553833,214.6053162,193.1123962,7564463
31/05/2011,216.0111084,218.502655,214.2510071,217.5769043,195.786377,14083332
01/06/2011,217.6111908,219.1312714,215.7025146,216.4225464,194.7476044,8042814
02/06/2011,214.0795746,218.228363,214.0795746,217.3940277,195.6217804,9418728
03/06/2011,219.5541382,221.0399323,212.9252319,213.6338348,192.2382202,19110238
06/06/2011,213.6452637,215.0510559,212.1594696,214.3538818,192.8861389,6149800
07/06/2011,213.3938293,219.4398499,213.3938293,219.0398254,197.1027985,17612490
08/06/2011,218.3540802,218.5140839,215.7710876,216.9711456,195.2412567,14205061
09/06/2011,216.5825653,218.9483948,216.468277,218.0683594,196.2286377,9152117
10/06/2011,218.3197937,218.5255127,213.0509491,215.8968048,194.2745361,11068775
13/06/2011,215.611084,215.611084,210.5251007,211.5765839,190.3870087,12923374
14/06/2011,211.5080109,212.9823761,208.0106964,208.3192749,187.4559174,18967099
15/06/2011,208.467865,210.0450897,205.4048462,205.8505859,185.2344666,20156715
16/06/2011,205.9534454,205.9534454,202.0903931,202.8789978,182.5604858,24969151
17/06/2011,203.7361908,204.1933594,197.7701721,198.5816345,178.6934662,22029696
20/06/2011,200.0102844,200.0102844,189.2897339,190.4669342,171.3914948,30300033
21/06/2011,191.9870148,195.4386139,191.3927002,193.9871216,174.5590973,17413744
22/06/2011,195.0614624,196.1586609,190.6726532,193.3356476,173.9729004,20107599
23/06/2011,193.5070953,199.4845428,193.3585052,198.9816589,179.0534668,20713868
24/06/2011,199.815979,201.0846252,195.5757599,199.1873779,179.2385406,31670322
27/06/2011,198.1130371,201.5646515,197.0044098,199.2216644,179.2694244,14349371
28/06/2011,200.9017487,200.9017487,197.0386963,199.1188049,179.1768799,10219645
29/06/2011,200.1702881,202.9818573,199.3473969,202.3532562,182.0873566,12430639
30/06/2011,203.1418762,206.1820221,202.7532806,205.3819885,184.8127899,21744714
01/07/2011,207.3249359,207.3249359,195.8272095,197.0272675,177.2948151,28677893
04/07/2011,199.8731384,201.0160522,197.7244415,198.5016327,178.621521,16499512
05/07/2011,198.7073517,198.7073517,192.9242096,193.3699341,174.0037384,33805768
06/07/2011,194.0328369,196.2386627,192.1698761,194.9585876,175.4333038,26877909
07/07/2011,196.1243744,199.9874268,195.4957581,199.0273743,179.0945892,20137982
08/07/2011,199.5531158,199.7816925,194.7528687,195.4043274,175.8343811,20937538
11/07/2011,195.2100372,196.5700989,193.6099548,195.0500336,175.5155945,9598807
12/07/2011,193.7242432,195.9872131,193.3127899,193.7813873,174.3740387,13066390
13/07/2011,194.9928741,198.7987976,194.5471497,197.8273163,178.0146942,17029770
14/07/2011,197.3358612,200.673172,196.4329529,198.3073425,178.4467163,13312532
15/07/2011,198.341629,200.2388611,197.7244415,199.5988312,179.6087799,10206245
18/07/2011,199.3016663,199.7588348,197.5415802,198.3187714,178.456955,6582763
19/07/2011,198.2959137,201.4732056,197.9530334,201.0274811,180.8944092,9822813
20/07/2011,202.5246887,202.7075653,198.5930634,200.2845764,180.2258911,11180149
21/07/2011,200.2274323,200.2274323,196.0214996,196.7758331,177.0685425,7886175
22/07/2011,197.9530334,200.467453,197.1529846,199.6331177,179.6396637,15303807
25/07/2011,203.8961945,203.8961945,200.9589081,201.804657,181.5937347,21905216
26/07/2011,203.0390015,203.4733124,198.7302094,199.2102356,179.25914,20462017
27/07/2011,200.0102844,200.0102844,196.3872375,196.7758331,177.0685425,13675826
28/07/2011,195.4386139,195.4386139,190.5012207,191.404129,172.2348328,31299376
29/07/2011,192.0098724,193.667099,188.1582489,189.2554474,170.3013306,21393442
01/08/2011,191.5527039,191.5527039,187.7467957,189.918335,170.8978119,14242019
02/08/2011,189.1640015,191.7584229,187.0953369,191.3927002,172.2245331,16570663
03/08/2011,188.9811401,191.1412506,188.1468201,188.5925446,169.704834,14085375
04/08/2011,189.2668762,190.1011963,185.1638031,185.6895447,167.0925598,13737415
05/08/2011,182.7522583,182.7522583,178.0662994,181.0378723,162.9067383,26222826
08/08/2011,177.5405579,182.0436401,175.3233032,178.4434509,160.5721588,22242669
09/08/2011,172.1231384,178.0662994,172.1231384,174.9347076,157.4148254,32649029
10/08/2011,179.5177917,180.5807037,174.8661346,176.6376495,158.9472198,17746463
11/08/2011,175.6318817,179.4263611,174.8661346,176.5119324,158.8341064,10890149
12/08/2011,178.9806366,178.9806366,173.2660522,173.9289398,156.5097809,17222470
16/08/2011,173.7232208,176.53479,172.5117188,173.5289154,156.1498108,11286937
17/08/2011,173.8375092,177.0148163,171.6659698,172.580307,155.2961884,13545843
18/08/2011,173.1974792,173.7232208,168.4658051,169.4258575,152.4577026,17126872
19/08/2011,167.1057281,168.9229736,164.8770447,167.4486084,150.6784973,20399978
22/08/2011,167.0942993,173.6889343,165.8599548,173.0374603,155.70755,15542731
23/08/2011,173.8032227,176.466217,170.865921,174.9232788,157.404541,17536780
24/08/2011,174.6375427,175.8947601,172.8088837,174.0203705,156.5920715,12987792
25/08/2011,174.0889435,175.7804565,171.4945221,172.2374268,154.9876862,21214238
26/08/2011,171.6659698,172.8317413,162.7512207,164.4427338,147.9736481,19501819
29/08/2011,167.117157,173.7003632,166.4885559,172.5917358,155.3065033,18316877
30/08/2011,174.8661346,182.0207825,174.6375427,178.8891907,160.9732666,34217075
02/09/2011,182.1122131,185.9981384,180.4549866,184.1123199,165.6732941,34086257
05/09/2011,181.6093292,182.6379547,178.9691925,180.3178406,162.2588348,19981247
06/09/2011,179.0263519,188.6954193,177.4948425,187.7810822,168.9746094,31333473
07/09/2011,188.3525391,192.809906,188.2839661,190.5240784,171.4429169,31438175
08/09/2011,190.5240784,196.352951,186.1809998,194.8557281,175.340744,35284258
09/09/2011,194.7871552,196.2500916,188.2839661,188.7525635,169.8488312,29564130
12/09/2011,185.2323761,187.99823,181.780777,184.3066101,165.8481293,18579499
13/09/2011,185.8838348,188.5239716,182.123642,185.2095184,166.6606293,25400442
14/09/2011,186.0438538,189.6668854,184.0551758,188.6725616,169.776825,20539026
15/09/2011,190.40979,191.6898499,185.9638519,191.1641083,172.0188293,20407052
16/09/2011,194.2957001,194.2957001,187.6667938,188.7297058,169.8282471,26810791
19/09/2011,188.5811157,189.5297394,186.4324341,187.792511,168.9849243,12796090
20/09/2011,188.1239624,195.1986084,186.592453,194.7071533,175.2070313,18437927
21/09/2011,194.5014191,194.5014191,190.2497864,191.4612732,172.2862396,17030216
22/09/2011,188.3411102,189.2440186,178.2948761,179.7463837,161.7446289,27298045
23/09/2011,176.900528,181.1750336,174.6604004,176.1461945,158.5050201,38513013
26/09/2011,175.8261871,176.1690521,170.8773499,173.5403442,156.1601105,27202137
27/09/2011,176.9233856,183.0265503,176.466217,182.2265167,163.9763336,22046959
28/09/2011,182.8094025,184.3066101,180.3749847,182.2265167,163.9763336,25034598
29/09/2011,180.6950073,185.7809753,179.3120728,184.6266327,166.1360779,31511671
30/09/2011,183.6665802,188.1010895,181.1521759,184.7752075,166.2697906,34944185
03/10/2011,180.855011,182.843689,179.2320709,180.1692657,162.1251526,21109422
04/10/2011,179.2092133,180.7635803,174.9232788,176.3747864,158.7106781,26251892
05/10/2011,176.5919342,177.8148499,174.12323,175.3233032,157.7645111,20734666
07/10/2011,179.8263855,184.6952057,179.4149323,183.5294342,165.1487732,19911027
10/10/2011,183.838028,189.9297638,183.8265991,189.552597,170.5687256,14846381
11/10/2011,190.8669586,192.3298798,188.0096588,189.0382843,170.1059265,15716423
12/10/2011,189.5868835,194.730011,188.8211365,194.2156982,174.7648315,17269967
13/10/2011,194.2957001,196.1243744,192.4898987,193.5870972,174.1991425,18353721
14/10/2011,192.467041,198.7987976,192.3527374,198.1587524,178.3129578,17871109
17/10/2011,198.1816101,198.6044922,189.986908,190.5926514,171.5046234,22052401
18/10/2011,188.5811157,188.9011383,185.460968,187.4153442,168.6454926,18299531
19/10/2011,188.6954193,193.1527863,188.3753967,192.6956177,173.3969727,11872557
20/10/2011,190.8326721,192.2155914,187.8953705,191.7127075,172.5124664,9971735
21/10/2011,192.0098724,194.1128387,189.9754791,191.0383911,171.9056854,10342733
24/10/2011,193.8385315,195.2100372,192.8213348,193.4956665,174.1168671,9081569
25/10/2011,195.4386139,201.3703461,192.5013275,200.2274323,180.1744385,22735907
28/10/2011,205.6562805,206.6391907,202.0903931,205.7248535,185.1213074,24528852
31/10/2011,205.2677002,205.5648499,199.4502563,200.5931702,180.5035706,15872042
01/11/2011,198.9816589,200.810318,196.0329285,196.718689,177.0171204,16384499
02/11/2011,195.4386139,201.3703461,195.4386139,199.2788086,179.3208618,13751121
03/11/2011,198.3530579,203.290451,197.2672882,202.5018311,182.2210541,16042287
04/11/2011,206.8677826,206.8677826,199.473114,201.1417694,180.9972076,18251373
08/11/2011,200.9246216,202.2961121,198.5244904,201.9989624,181.7685852,10120202
09/11/2011,203.4504547,204.0447693,196.8444061,197.7130127,177.9118652,11664515
11/11/2011,196.352951,203.1647339,194.3185577,202.3761139,182.1079407,21739364
14/11/2011,203.7590485,204.8105316,199.5531158,200.3988647,180.3287201,15996247
15/11/2011,199.0959473,200.6960297,195.72435,196.9129791,177.1919403,9897941
16/11/2011,196.3758087,196.3758087,191.404129,193.8613892,174.4459839,13313254
17/11/2011,193.1642151,193.9871216,184.2951813,185.1409454,166.5989227,24227745
18/11/2011,182.9351196,185.598114,179.8949585,184.7180634,166.2183838,21690327
21/11/2011,182.8665466,182.8665466,178.6377563,179.7463837,161.7446289,17715656
22/11/2011,180.1464081,183.8837433,179.8035278,181.7693481,163.5649719,19171804
23/11/2011,180.5578461,180.5578461,172.7631683,176.7862244,159.0809021,23710270
24/11/2011,177.1519623,177.8377075,172.1574249,176.7290802,159.0294647,27857321
25/11/2011,175.9404755,176.2947693,171.6659698,172.3059998,155.0493774,16185464
28/11/2011,174.8661346,179.6206665,174.3061066,179.1634979,161.220108,11033484
29/11/2011,178.7520447,178.7520447,173.5289154,174.8661346,157.3531342,21013969
30/11/2011,172.9688873,179.0492096,172.1459961,177.8948517,160.078537,19988986
01/12/2011,182.6379547,185.3238068,181.7693481,182.6379547,164.3465881,20626920
02/12/2011,182.1807861,186.2952881,179.792099,185.6209717,167.0308533,19598467
05/12/2011,184.7752075,185.6552582,182.4893799,184.4094849,165.9407043,13827937
07/12/2011,184.466629,187.3239136,183.5980072,185.1066589,166.5680542,15373615
08/12/2011,183.3237152,184.6266327,176.4890747,178.0320129,160.2019653,19435800
09/12/2011,175.9861908,175.9861908,172.0545654,172.7403107,155.4401855,22070197
12/12/2011,173.848938,174.1803894,165.4942169,166.2942657,149.6397247,22298377
13/12/2011,165.4713593,170.523056,164.8084717,169.6772919,152.6839447,22873371
14/12/2011,168.6943817,172.3288574,167.6428986,169.5858612,152.6016693,23206895
15/12/2011,167.3000336,172.4660034,165.3799286,171.4716644,154.2985992,28922246
16/12/2011,171.2088013,193.0613556,163.6769867,165.0027618,148.4775543,25499308
19/12/2011,164.3970184,169.1286926,163.4712524,168.0772095,151.2440948,20623197
20/12/2011,169.5401459,169.5401459,162.1111908,163.0826721,146.7498169,24282464
21/12/2011,166.1799774,172.2945709,165.1970673,170.9802246,153.8563843,19963870
22/12/2011,169.460144,173.7917938,167.5514679,172.4774323,155.2036743,19571514
23/12/2011,173.7232208,175.9519043,169.7001495,170.6144867,153.5272675,15360163
26/12/2011,170.7630615,174.8204193,170.4201813,173.9517975,156.5303497,10396517
27/12/2011,175.0947113,175.7118835,170.3744659,172.1345673,154.8951111,13449406
28/12/2011,173.1974792,173.3803406,168.0886383,168.9344025,152.0154572,12376536
29/12/2011,167.7000427,168.9229736,161.6540222,162.728363,146.430954,23840441
30/12/2011,162.9798126,164.7056122,157.4938049,158.3967133,142.5331421,29146195
02/01/2012,159.2767639,162.236908,157.0709381,161.5054474,145.3305359,18808107
03/01/2012,162.8083649,166.1571045,162.374054,165.642807,149.0535278,20489219
04/01/2012,166.2714081,167.0828705,163.0598145,163.6998444,147.3051453,18541902
05/01/2012,163.4369659,165.71138,158.6595764,159.8939362,143.8804169,28959200
06/01/2012,159.3339081,165.4942169,159.2424774,164.0198517,147.5931396,20575210
09/01/2012,163.3112488,163.3112488,160.5682526,161.4368744,145.2687988,18386646
10/01/2012,162.7512207,168.9229736,162.7512207,168.2829285,151.4292145,19720278
11/01/2012,168.671524,172.1231384,167.2085876,171.0373688,153.9077911,21183286
12/01/2012,170.865921,172.1117096,167.4600372,168.4429474,151.5731964,14225123
13/01/2012,169.6087189,171.654541,166.4314117,167.2771759,150.5242004,20530513
16/01/2012,166.8542938,166.8542938,162.522644,162.9683838,146.6469421,17794345
17/01/2012,163.6655579,170.1573181,163.6655579,169.6201477,152.6325226,22738488
18/01/2012,174.1803894,180.1006927,173.2774811,178.2377319,160.3870392,40461227
19/01/2012,180.3521271,181.9407806,178.7749023,179.58638,161.6006165,23989114
20/01/2012,180.5807037,182.8665466,176.4776459,181.1864624,163.0404663,31725274
23/01/2012,172.64888,178.2377319,172.6260223,176.3633575,158.7003784,28250482
24/01/2012,177.0605316,180.9464417,176.1004791,179.1520691,161.2098236,22291662
25/01/2012,180.2835541,181.7236328,178.934906,180.7978668,162.6907806,16786908
27/01/2012,182.8665466,189.2440186,182.6379547,187.5296326,168.7483521,24347771
30/01/2012,186.0438538,187.1753387,181.0835876,181.6664734,163.4724426,21126187
31/01/2012,183.8951721,187.6210785,183.186554,186.7753143,168.0696106,27405612
01/02/2012,187.1867676,190.6383667,186.52388,189.9983368,170.9698334,16522676
02/02/2012,190.8669586,192.6270447,188.3868256,189.552597,170.5687256,21445055
03/02/2012,189.7240448,192.0098724,186.4438629,191.6212769,172.4302063,19989261
06/02/2012,193.3585052,194.1814117,188.3753967,190.40979,171.3400574,17430906
07/02/2012,192.467041,194.9128723,190.6955109,193.0499268,173.7157898,21068816
08/02/2012,193.6099548,197.6558685,193.1527863,196.2158051,176.5646057,15957543
09/02/2012,195.8386383,196.55867,192.604187,195.1757507,175.6287384,18851741
10/02/2012,194.3757019,196.352951,191.5527039,192.7527618,173.4483948,14952871
13/02/2012,192.2613068,196.3072357,192.2384491,194.1242676,174.6825409,15284147
14/02/2012,193.5870972,195.7586365,192.6956177,194.0442657,174.6105347,13711512
15/02/2012,195.2557526,195.6100616,190.4212189,191.2441101,172.0908508,31421021
16/02/2012,189.9526215,189.9526215,183.9408875,185.7124023,167.1130981,27747347
17/02/2012,187.9067993,188.9011383,185.1980896,187.0267487,168.2958527,35922700
21/02/2012,186.866745,194.0099792,186.3181458,192.8213348,173.5101318,36457910
22/02/2012,193.8385315,195.9872131,189.7469025,190.5012207,171.4223328,25146771
23/02/2012,190.1811981,194.2728424,188.9468536,191.9184418,172.6976166,19105924
24/02/2012,190.5240784,192.398468,186.1809998,187.4267731,168.6557922,18746068
27/02/2012,187.8496552,188.718277,174.9461365,178.6263275,160.7367401,27772012
28/02/2012,180.3635559,182.9465485,180.0549622,182.0664978,163.8323517,23140014
29/02/2012,184.0208893,189.2440186,183.8151703,187.6096497,168.8203583,27846970
01/03/2012,185.5638275,187.1410522,183.117981,185.3695221,166.8045807,12960682
02/03/2012,186.5810242,186.9810333,184.1808929,186.0895691,167.4525146,12687228
05/03/2012,185.6209717,186.0667114,181.5521851,182.2950897,164.0380554,13074509
06/03/2012,182.1807861,184.9237976,176.9233856,177.5062714,159.7288361,35129404
07/03/2012,177.5062714,177.7234192,171.6659698,174.1346588,156.694931,28202989
09/03/2012,177.2205353,178.2034454,175.8261871,176.8776703,159.1631927,17249418
12/03/2012,180.5807037,183.5522919,178.2263031,182.5350952,164.2540436,15041933
13/03/2012,183.6551514,187.8839417,183.6208649,187.4267731,168.6557922,16117008
14/03/2012,189.2668762,189.7240448,184.398056,186.1809998,167.53479,17623820
15/03/2012,186.9810333,187.7125092,181.3578949,182.1007843,163.863205,20258209
16/03/2012,178.2948761,182.3408051,175.4033051,176.5462189,158.8649445,25168501
19/03/2012,178.523468,178.9806366,171.6888275,172.6031647,155.316803,15978638
20/03/2012,172.8317413,175.186142,171.5059662,173.848938,156.4378052,10455362
21/03/2012,173.7232208,176.809082,172.6031647,175.5633087,157.9804688,14211666
22/03/2012,175.0718536,176.3404999,167.3228912,168.3172302,151.460083,29243875
23/03/2012,170.0201721,171.3230896,168.7172394,170.0773163,153.0438995,26956646
26/03/2012,170.0430298,170.0430298,166.1799774,166.8885803,150.1745453,23135333
27/03/2012,168.6943817,168.8772583,165.7456665,167.1057281,150.3699341,27194700
28/03/2012,166.8657227,168.2143555,164.6941833,165.8828125,149.2694702,18072694
29/03/2012,164.1227264,166.7971497,164.1227264,165.642807,149.0535278,23976904
30/03/2012,166.7514343,172.1231384,166.2028351,171.5745392,154.3911743,17276879
02/04/2012,171.2888031,171.6316833,168.9344025,169.2772675,152.3240051,11220694
03/04/2012,170.1230316,174.3861084,170.1230316,172.0545654,154.8231354,17515593
04/04/2012,170.2944641,173.0374603,169.9401703,170.7516327,153.6506958,11813695
09/04/2012,169.1629791,170.9802246,167.8029175,169.6430054,152.6530914,11411688
10/04/2012,170.523056,170.7516327,168.7172394,169.7572937,152.7559204,8370104
11/04/2012,168.9229736,168.9229736,166.0199585,166.9342957,150.2156525,16304095
12/04/2012,167.6200409,170.4316254,167.6200409,169.9058685,152.8896484,11779103
13/04/2012,170.5344849,174.1803894,168.5800934,171.791687,154.5865784,14214624
16/04/2012,170.7744904,172.2259979,168.2372131,171.0030823,153.8769531,10518035
17/04/2012,172.5345764,172.5345764,169.2315521,170.6144867,153.5272675,13893966
18/04/2012,171.4373779,172.991745,169.7687225,171.1173706,153.9798126,14998238
19/04/2012,172.3288574,172.3288574,168.80867,169.528717,152.5502319,18399192
20/04/2012,169.1629791,169.3801422,166.4085541,167.0600128,150.3287506,14922257
23/04/2012,165.917099,170.4659119,165.5399323,168.3058014,151.4497986,22106609
24/04/2012,168.9229736,169.2658386,165.4256439,168.0314941,151.2030029,16664900
25/04/2012,167.8029175,169.8144379,166.4199829,168.3058014,151.4497986,13586437
26/04/2012,168.4886627,171.2088013,167.6886139,170.3058929,153.2496033,15180399
27/04/2012,169.4487152,170.7859192,168.3515167,169.6087189,152.6222382,12501799
30/04/2012,168.5800934,170.9573517,168.5800934,170.3173218,153.2598724,12147744
02/05/2012,170.9573517,171.7574005,169.1515503,169.963028,152.9410553,12520177
03/05/2012,168.80867,170.1687469,168.042923,168.8886871,151.9743195,8299657
04/05/2012,167.6428986,169.1515503,165.0370483,166.054245,149.4237671,16529947
07/05/2012,163.4369659,165.0370483,161.173996,163.5969849,147.2126007,20084811
08/05/2012,164.1227264,164.3284454,159.7796478,161.9169006,145.7007446,16997816
09/05/2012,160.4653931,161.9054718,157.9624023,158.8881683,142.9753265,16058311
10/05/2012,159.3796234,161.9283295,157.848114,158.6710205,142.7799683,14838445
11/05/2012,158.4081421,160.6939697,157.3338013,159.3681946,143.4072876,13310297
14/05/2012,159.5510559,160.6482544,155.1051178,155.7337189,140.1368103,17853868
15/05/2012,155.2079773,157.2652283,154.0879211,155.8137207,140.208847,16170682
16/05/2012,154.2936401,156.0765991,153.8479004,154.5450897,139.0672607,13569502
17/05/2012,155.4937134,157.6881104,154.9336853,156.6137695,140.9287567,15576334
18/05/2012,154.727951,159.185318,154.2936401,157.3909454,141.6281128,10341793
21/05/2012,156.922348,160.1682281,156.8080597,158.979599,143.0576324,10211280
22/05/2012,161.0597076,161.0597076,157.4366608,157.9738312,142.1526031,12853294
23/05/2012,156.6251984,157.710968,155.3336945,157.0023499,141.2783813,11301566
24/05/2012,158.6367188,160.0082245,156.8309174,158.9338837,143.0165405,10498664
25/05/2012,158.8653107,158.9338837,157.3909454,157.9966888,142.173172,13496281
28/05/2012,158.1795654,160.6939697,158.1795654,160.3853912,144.3226318,11265492
29/05/2012,160.5111084,162.2483368,159.4481964,160.4311066,144.3637695,15024360
30/05/2012,159.9282227,161.9854736,158.8995972,161.4368744,145.2687988,15403723
31/05/2012,159.3224792,166.6485596,155.9737396,161.2882843,147.0525665,39482174
01/06/2012,161.6883087,162.168335,154.9908295,156.6366272,142.8115234,17921568
04/06/2012,154.7508087,159.3224792,153.9279175,158.3509979,144.3745422,14269847
05/06/2012,159.0938873,161.3797302,158.8881683,160.5911102,146.4169769,13284608
06/06/2012,161.0254211,164.1227264,159.6653442,163.6427002,149.1992188,23252900
07/06/2012,164.8199005,167.3000336,163.722702,164.8656158,150.3141632,27944820
08/06/2012,164.1227264,167.3000336,162.8197937,166.7971497,152.0752258,12717493
11/06/2012,167.4828949,168.3286591,164.1455841,165.0941925,150.5225677,9954345
12/06/2012,163.4369659,165.9513855,163.2998199,165.2542114,150.6684875,11961991
13/06/2012,165.0941925,165.4827881,162.8426514,163.7341309,149.2825317,9950023
14/06/2012,163.6655579,164.7627563,162.5340729,163.7455597,149.2929535,7479627
15/06/2012,164.2370148,166.8200073,164.2370148,166.122818,151.4603882,9936719
18/06/2012,166.9457245,167.8943481,162.7512207,164.3284454,149.8244324,10034412
19/06/2012,163.8941345,169.0144043,163.8941345,168.5686646,153.6903992,7804051
20/06/2012,168.6943817,169.8258667,167.5514679,168.5572357,153.6799622,10313366
21/06/2012,167.7800598,167.7800598,162.3854828,164.2827301,149.7827301,22609240
22/06/2012,163.1055298,163.4141083,160.8197021,162.522644,148.1779785,19130296
25/06/2012,163.2541046,165.2542114,162.7512207,163.7112732,149.2617188,11114641
26/06/2012,164.0084229,165.8370972,163.3112488,165.3799286,150.7830963,16084241
27/06/2012,166.0428162,166.774292,164.1227264,165.1513519,150.574707,7708056
28/06/2012,165.5856476,166.3628387,163.8141327,164.5570374,150.0328217,11903391
29/06/2012,165.7456665,169.3572845,165.7456665,168.6600952,153.7737427,16771028
02/07/2012,168.1229248,169.3344116,166.9000092,168.5572357,153.6799622,6831968
03/07/2012,169.1401215,169.7572937,167.1628723,168.3172302,153.4611206,10294922
04/07/2012,169.1515503,169.1515503,166.6028442,167.837204,153.023468,9347118
05/07/2012,167.9972076,169.7001495,167.3343201,168.8544006,153.9508972,7805552
06/07/2012,168.6943817,168.6943817,166.7514343,167.97435,153.1485138,9259557
09/07/2012,166.6371307,167.7343292,165.9742432,167.2771759,152.5128632,7798797
10/07/2012,167.1971588,169.6087189,167.048584,169.0829773,154.159317,5974354
11/07/2012,167.6543274,168.3743744,165.0370483,165.8713837,151.2312012,11937173
12/07/2012,165.0141907,166.8200073,163.9169922,164.854187,150.3037567,10066480
13/07/2012,164.579895,166.0656738,163.4369659,164.2370148,149.7410583,11373177
16/07/2012,164.579895,165.5285034,163.4483948,164.6598969,150.1266327,7307313
17/07/2012,165.6770935,166.3971252,163.9627075,164.4313049,149.9181976,11396875
18/07/2012,164.1227264,165.0027618,162.796936,163.6198425,149.1783447,8552746
19/07/2012,164.6256104,166.842865,164.1227264,166.3628387,151.6792603,11681226
20/07/2012,165.1056366,166.6028442,163.9055634,165.1856384,150.6059265,12406980
23/07/2012,163.4369659,165.9056702,163.0483856,164.3513031,149.8452606,10221032
24/07/2012,164.8084717,166.1456757,164.2027283,165.6085205,150.9915161,8035118
25/07/2012,164.6713257,165.6199493,162.7855072,164.4084473,149.8973541,8748220
26/07/2012,164.785614,164.785614,161.5283051,162.3283386,148.0008545,14016845
27/07/2012,164.3513031,166.1342468,163.6998444,164.8084717,150.2620697,13466410
30/07/2012,165.2656403,167.2771759,165.0027618,166.774292,152.0543823,6963876
31/07/2012,167.2314606,170.5459137,164.8084717,169.9744568,154.9720917,13479810
01/08/2012,169.2086945,171.6431122,168.8315277,170.6944885,155.6285706,14431906
02/08/2012,169.6315765,170.8887787,168.4086609,169.0486908,154.1280518,7974567
03/08/2012,168.0086365,170.9802246,166.9914398,169.734436,154.7532501,10943814
06/08/2012,170.9916534,180.4435577,170.9916534,179.6778107,163.8189697,37384710
07/08/2012,179.6778107,181.9407806,177.7805634,179.1520691,163.3396759,19670296
08/08/2012,179.4492188,182.6379547,178.8777618,180.7635803,164.8089447,18370923
09/08/2012,180.3292694,182.0436401,177.529129,178.3291626,162.5894165,12750067
10/08/2012,177.7577057,180.3521271,176.9576721,178.7749023,162.9957886,10678248
13/08/2012,178.1805878,180.5807037,178.1805878,180.1578369,164.2566528,6183560
14/08/2012,180.1006927,183.3237152,179.8949585,182.7636871,166.6325073,16508712
16/08/2012,183.335144,187.861084,182.6608124,186.5581665,170.0921173,21632112
17/08/2012,186.9581757,188.5582581,185.0723724,186.5467377,170.0816498,14330179
21/08/2012,186.52388,188.3296814,185.6781158,186.1238556,169.6960907,11057384
22/08/2012,184.9695129,186.4095764,184.1694641,184.6494904,168.3518677,8748439
23/08/2012,185.2780914,185.4723969,180.1121216,181.6093292,165.5800629,16661033
24/08/2012,180.9807281,181.6093292,177.9977264,178.7749023,162.9957886,15117604
27/08/2012,179.6663818,181.9979248,179.0949249,179.9749603,164.0898895,9154343
28/08/2012,179.860672,181.4721832,177.9634399,180.6264343,164.6838989,8774153
29/08/2012,180.8092957,182.2950897,178.3634491,178.7863312,163.0062103,8842299
30/08/2012,178.2377319,181.0035858,175.6890259,179.0720673,163.2667084,27245709
31/08/2012,178.2948761,179.3006439,174.3403931,175.186142,159.7237854,14781765
03/09/2012,175.5518799,175.9976196,173.7346497,174.4203949,159.025589,9790138
04/09/2012,174.6261139,178.5577545,174.2261047,178.2034454,162.4748077,8754970
05/09/2012,177.2091064,178.2834473,174.6832581,176.2719116,160.7137299,13179587
06/09/2012,175.1632843,177.0605316,174.6375427,175.5975952,160.0989075,5302686
07/09/2012,177.9977264,182.0664978,177.9520111,180.9807281,165.0069122,13821905
10/09/2012,182.8665466,183.6322937,180.3864136,181.0493011,165.0694275,8776096
11/09/2012,180.4664154,181.917923,179.0263519,180.8092957,164.8506165,13658914
12/09/2012,181.3807526,182.7979736,180.4549866,182.4322357,166.3303375,7772894
13/09/2012,182.4322357,184.809494,181.5636139,182.6722412,166.5491333,11677889
14/09/2012,185.8381195,193.3127899,185.0495148,192.4098969,175.4273529,36312698
17/09/2012,193.8613892,201.5189362,193.8613892,199.7245483,182.0963898,42430663
18/09/2012,198.9130859,199.7588348,194.592865,195.5757599,178.3137817,17296128
20/09/2012,192.1698761,193.9071045,189.3240204,190.2955017,173.4995728,15310116
21/09/2012,190.40979,195.3700409,190.1811981,194.3642731,177.2092285,35935601
24/09/2012,194.2957001,196.0786438,190.3526459,191.1755371,174.3019257,14905003
25/09/2012,191.5527039,193.1070709,189.781189,191.9527283,175.010498,13838236
26/09/2012,191.5527039,194.2271271,190.6040802,193.0956421,176.0525208,16657879
27/09/2012,193.1985016,193.8385315,188.4096832,189.689743,172.9472809,30420370
28/09/2012,191.3241272,193.8156738,190.7183685,191.3698425,174.4790802,14117613
01/10/2012,192.0098724,192.535614,189.552597,190.5240784,173.707962,8712229
03/10/2012,190.7412262,195.0843201,190.6955109,193.4042206,176.3338623,21902919
04/10/2012,194.4214172,196.3300934,194.0899811,194.9585876,177.7510834,12626615
05/10/2012,196.55867,197.0386963,155.9737396,196.0786438,178.7722626,15714795
08/10/2012,195.3357544,195.3357544,186.5810242,187.3010559,170.7694244,20893020
09/10/2012,188.6954193,188.9697113,185.8609772,186.3638611,169.9149323,11601732
10/10/2012,185.3809509,187.9639435,184.5580597,186.52388,170.0608215,9380939
11/10/2012,187.2096252,187.8953705,184.9923706,187.4267731,170.8840332,11857119
12/10/2012,187.1639099,188.9011383,186.5353088,187.1867676,170.6652222,10626525
15/10/2012,187.2096252,189.7011871,187.2096252,188.1353912,171.5300903,11181159
16/10/2012,191.7584229,191.9984436,185.1523743,185.7124023,169.3209534,22171959
17/10/2012,186.5353088,186.8438873,183.2208405,184.0437469,167.7995605,20915414
18/10/2012,184.5237732,186.52388,182.1807861,185.4495392,169.0813141,26601633
19/10/2012,184.6266327,185.2666626,182.7179565,183.5065765,167.3098755,12648708
22/10/2012,181.7693481,186.7410278,180.9692993,186.4324341,169.9774475,14165351
23/10/2012,185.9524078,186.2495728,183.9637451,185.1409454,168.7999725,9493730
25/10/2012,185.1752319,187.1410522,184.5123444,185.2438049,168.8937531,18056661
29/10/2012,183.403717,186.1581421,183.403717,185.4266815,169.0605011,10986118
30/10/2012,185.1523743,185.5638275,182.6722412,183.609436,167.403595,9337388
31/10/2012,183.5865784,184.5466309,182.4093781,184.1237488,167.8725281,9422473
01/11/2012,181.7236328,184.8780823,180.2835541,184.4894867,168.2060242,18379112
02/11/2012,185.6095428,186.2724304,183.4380035,184.6837769,168.3831329,11547717
05/11/2012,183.7008667,184.9123688,183.2894135,184.2723236,168.0079651,5066549
06/11/2012,183.7808685,184.5580597,182.0093536,184.1123199,167.8621216,15450143
07/11/2012,183.3237152,184.0780334,182.4093781,183.0608368,166.9034576,10418019
08/11/2012,181.2664642,182.477951,180.5235596,182.0893555,166.0177155,12414461
09/11/2012,181.3464661,183.6665802,179.4377899,180.0435333,164.1524658,10595311
12/11/2012,179.6320953,180.4435577,178.0662994,179.8149567,163.9440613,12661154
15/11/2012,180.3178406,180.3178406,177.6205597,179.3463593,163.5168304,15252390
16/11/2012,179.9863892,181.1864624,176.2376251,177.1862488,161.547348,14357871
19/11/2012,177.2091064,177.8948517,174.0317993,176.9919586,161.370224,20723808
20/11/2012,178.4548798,178.4548798,174.2261047,174.9461365,159.5049438,9434023
21/11/2012,175.2089996,176.900528,173.9746552,176.2833405,160.7241821,8612899
22/11/2012,176.7062225,176.8548126,174.0432281,175.0604248,159.6091766,10486909
23/11/2012,175.0947113,177.3348236,175.0947113,176.8662415,161.2556,7469469
26/11/2012,177.1291046,178.1691589,176.2376251,176.8433685,161.234726,4542818
27/11/2012,177.6091309,180.1235504,176.9233856,179.8492432,163.9753113,10808581
29/11/2012,179.6663818,183.7808685,178.9006195,182.477951,166.3720093,19614256
30/11/2012,181.9636383,184.6952057,180.5807037,181.4264679,165.4133301,18244916
03/12/2012,181.7236328,184.466629,180.5235596,183.7808685,167.5599365,10320168
04/12/2012,184.2723236,188.7411346,184.2380371,188.5125427,171.8739471,15279225
05/12/2012,189.3240204,191.3469849,187.5753632,190.3183594,173.5203857,13516432
06/12/2012,191.0841064,193.3470764,187.8953705,192.9013367,175.8753967,11534903
07/12/2012,192.2498779,194.2271271,189.8269043,190.775528,173.9371948,13188809
10/12/2012,190.775528,191.541275,187.723938,189.3354492,172.6242523,8177837
11/12/2012,190.1811981,191.6327057,186.1809998,187.4496307,170.9048767,16253418
12/12/2012,188.5811157,190.8212433,187.2896271,190.3183594,173.5203857,10123422
13/12/2012,190.3183594,192.2384491,189.8154755,190.6955109,173.8642731,11603084
14/12/2012,190.752655,193.5642395,189.3811646,191.8384247,174.9062958,8950431
17/12/2012,190.752655,193.0156403,189.9526215,190.6726532,173.843399,7246381
18/12/2012,190.752655,191.8841553,188.8097076,190.0440521,173.2702942,7996183
19/12/2012,190.912674,192.7070465,190.6497955,191.8955841,174.9584045,8718992
20/12/2012,192.4556122,192.4556122,189.6097412,191.5184174,174.6145325,9577572
21/12/2012,190.40979,190.752655,187.9410858,188.6382751,171.9886169,9402708
24/12/2012,188.718277,189.1182861,186.4324341,187.5982208,171.0403595,5704037
26/12/2012,187.8953705,191.0726776,187.8953705,189.3240204,172.6138,5823779
27/12/2012,189.7926178,190.1811981,186.3181458,186.9124603,170.4151154,16101867
28/12/2012,188.2382507,193.3813629,187.792511,192.0670166,175.1147003,14550602
31/12/2012,192.0784454,194.2499847,191.2783966,191.9070129,174.9688416,9730755
01/01/2013,192.9242096,193.5185242,191.8041382,192.1698761,175.2085266,6831351
02/01/2013,192.9242096,195.6672058,192.5927582,193.8271027,176.7194366,13441898
03/01/2013,193.9756775,197.0386963,193.0613556,196.7529755,179.387085,17266808
04/01/2013,197.0158386,197.6330109,195.1071777,197.0044098,179.6163177,13306377
07/01/2013,197.8844604,199.0959473,194.7071533,195.8043518,178.5221863,15307180
08/01/2013,195.4614716,196.1472321,193.8156738,194.4442749,177.2821503,13973797
09/01/2013,194.8442993,196.5472412,193.9871216,194.9128723,177.7093964,17071824
10/01/2013,196.067215,196.3415222,193.6099548,194.3071289,177.1571198,9239813
11/01/2013,194.867157,194.9814453,191.1526794,191.9870148,175.0417633,8050294
14/01/2013,192.2384491,194.9814453,191.7812805,193.735672,176.6360779,7060887
15/01/2013,193.4156494,194.7071533,191.5527039,193.6442413,176.5527191,10387846
16/01/2013,193.3927917,199.0730896,193.3927917,196.8901215,179.5121155,19551254
17/01/2013,197.061554,204.2505035,196.5243835,203.4390259,185.4829712,22117537
18/01/2013,204.5819397,206.3991852,202.4446869,205.7705841,187.6087494,22754714
21/01/2013,214.4338837,218.296936,209.8507843,210.2850952,191.7248383,43957346
22/01/2013,210.296524,212.7423706,209.2793274,210.3079529,191.7456665,18664413
23/01/2013,210.7765503,212.3080597,209.4279022,210.9936981,192.3708649,11701950
24/01/2013,211.4394379,212.2052002,207.3249359,209.2793274,190.8078308,13438049
25/01/2013,209.4393311,209.6907806,206.8906403,208.5135803,190.1096802,14088477
28/01/2013,208.3192749,208.7307281,204.5819397,205.1648254,187.0564728,13400981
29/01/2013,204.5819397,206.1820221,201.1760559,201.804657,183.9928894,15439403
30/01/2013,202.867569,206.5020447,202.867569,205.5877075,187.4420166,17641932
31/01/2013,204.9591064,205.2677002,201.8618011,202.6732788,184.7848358,16733589
01/02/2013,203.7476196,205.6791382,201.9760895,204.353363,186.3166351,8152817
04/02/2013,204.8219604,205.9534454,202.0903931,202.6847076,184.7952728,13697044
05/02/2013,202.0675354,202.5018311,199.5531158,199.9531403,182.3047943,9708430
06/02/2013,201.2560577,201.8160858,199.0502319,200.1588593,182.4923553,9876509
07/02/2013,199.2330933,201.6103668,198.4902039,199.5302582,181.91922,8542570
08/02/2013,198.8559418,199.7816925,195.8957825,197.3930054,179.9706268,9584217
11/02/2013,197.7244415,200.0102844,196.718689,198.5016327,180.9814148,8329895
12/02/2013,198.547348,201.2332001,197.7701721,200.1131439,182.4506531,9728703
13/02/2013,202.0675354,202.9818573,199.4388275,200.9246216,183.1905212,10533233
14/02/2013,201.1531982,201.941803,194.524292,195.6786346,178.4075928,12284945
15/02/2013,195.4157562,195.9872131,190.6612244,193.3356476,176.2713776,14390520
18/02/2013,193.8385315,195.3471832,192.741333,193.7242432,176.6256866,5310071
19/02/2013,194.0671234,195.4386139,190.6955109,193.9299622,176.8132477,9677020
20/02/2013,196.1129456,200.8903198,195.8043518,199.9645691,182.3151855,14873246
21/02/2013,198.6387787,200.4217377,195.1300354,196.3986664,179.0640411,16214530
22/02/2013,196.2386627,199.3245239,196.1243744,197.1758575,179.7726288,9725304
25/02/2013,197.4958649,197.7130127,194.524292,195.2900391,178.0532684,9878487
26/02/2013,194.2271271,194.2271271,187.1524811,188.2382507,171.6239166,13474915
27/02/2013,189.7240448,192.2270203,189.0725708,190.0211945,173.2494507,17709146
28/02/2013,191.3698425,191.9070129,184.1808929,186.0324249,169.6127625,27667849
01/03/2013,186.52388,187.0953369,184.1237488,185.2438049,168.8937531,13906688
04/03/2013,184.9009399,187.0381927,183.9866028,185.7466888,169.3522644,14948007
05/03/2013,187.2324829,190.7412262,187.2324829,188.8897095,172.217865,13159371
06/03/2013,190.1583405,191.6441345,188.9697113,190.9241028,174.0726776,10778102
07/03/2013,190.0097656,192.3527374,188.3639679,191.2098236,174.3331757,10529882
08/03/2013,192.6956177,195.3700409,192.0098724,194.592865,177.4176178,10131948
11/03/2013,194.7757263,196.718689,192.0213013,193.0384979,176.0004272,10569010
12/03/2013,194.4099884,195.3243256,192.8213348,193.804245,176.6985931,8552523
13/03/2013,192.5127563,195.8043518,192.0555878,193.1527863,176.10466,9401899
14/03/2013,192.9242096,197.3701477,190.9241028,196.5929565,179.2411957,14790357
15/03/2013,197.6672974,198.7302094,191.6212769,192.8441925,175.8233032,12793329
18/03/2013,190.8669586,192.809906,189.9069061,190.7069397,173.8746643,8023328
19/03/2013,191.2326813,191.7812805,185.5866852,188.5811157,171.9364777,17970333
20/03/2013,189.5868835,189.6783142,185.9181213,188.0553741,171.4571381,20179135
21/03/2013,188.5811157,190.3640747,183.9523163,185.7466888,169.3522644,16660114
22/03/2013,184.7637787,187.6667938,183.8608856,185.2895203,168.9353943,11876985
25/03/2013,187.5753632,188.2039642,183.3808594,184.9809418,168.654068,14058667
26/03/2013,183.4380035,184.0094604,178.2948761,179.0606384,163.2563019,19465627
28/03/2013,179.4377899,179.654953,174.7289734,176.671936,161.0784302,26513604
01/04/2013,178.523468,180.7635803,176.8776703,178.0091553,162.2976379,8326610
02/04/2013,178.3405914,182.0664978,177.9062805,181.4721832,165.4549866,11110756
03/04/2013,182.3636627,182.6379547,176.2376251,177.5062714,161.8391266,9321547
04/04/2013,176.5805054,177.8262787,174.6832581,175.4490204,159.9634552,11915658
05/04/2013,175.7804565,178.8434753,175.4833069,178.3177338,162.5789948,12989770
08/04/2013,177.8605652,181.5750427,177.8377075,180.4435577,164.5171661,8878601
09/04/2013,181.06073,181.8607788,176.2604828,177.597702,161.9225159,13081885
10/04/2013,178.3177338,179.1977844,176.3747864,178.1577301,162.4330902,12190258
11/04/2013,179.2092133,179.4606476,174.6718292,176.2604828,160.7033081,11428531
12/04/2013,175.3233032,178.3863068,174.8661346,177.2319641,161.5890503,11349794
15/04/2013,176.7062225,182.8551178,176.7062225,181.4036102,165.3924866,16184406
16/04/2013,182.1807861,185.1523743,179.5292206,183.9980316,167.7579346,17774606
17/04/2013,184.2037506,185.0609436,175.8261871,176.8548126,161.2451782,32105722
18/04/2013,177.4948425,179.4835052,176.6147919,178.660614,162.891571,13793320
22/04/2013,179.6663818,181.6550446,177.9062805,180.5235596,164.5901184,12790893
23/04/2013,180.923584,184.1923218,179.6778107,183.7122955,167.497406,12356228
25/04/2013,184.603775,188.9468536,184.603775,187.3582001,170.8215179,25921526
26/04/2013,185.8381195,188.5811157,180.5121307,181.129303,165.1423798,20852076
29/04/2013,181.2893219,182.615097,180.2264099,181.1864624,165.1945038,20968563
30/04/2013,181.4150391,182.1007843,177.6434174,180.1692657,164.2670898,17548959
02/05/2013,179.9863892,184.466629,179.0720673,183.5294342,167.3306732,27236264
03/05/2013,183.5522919,186.5010223,181.7007751,182.980835,166.8305206,12917135
06/05/2013,183.3694305,188.5696869,183.3694305,187.8039398,171.2279205,9358282
07/05/2013,187.7810822,191.0726776,187.3582001,189.3011627,172.5929718,16529868
08/05/2013,189.7469025,190.3869324,187.9067993,189.6440277,172.9055786,11858396
09/05/2013,189.3583069,190.1011963,186.2952881,187.003891,170.4984436,8182539
10/05/2013,186.2267151,187.5525055,184.9695129,185.8266907,171.4688568,9081731
13/05/2013,185.9181213,188.6954193,182.5922394,183.5522919,169.3702545,9087230
14/05/2013,182.9922638,184.9237976,181.8607788,182.4436646,168.3472443,8828077
15/05/2013,183.3237152,187.6210785,183.3237152,187.2096252,172.7449493,11255447
16/05/2013,186.52388,192.878479,186.4095764,192.1584473,177.3114166,15197535
17/05/2013,192.1584473,193.0842133,188.1925354,190.9812469,176.2251892,12484982
20/05/2013,191.4155579,195.4386139,189.4383087,189.986908,175.307663,13237846
21/05/2013,189.9754791,192.0098724,188.649704,189.4040222,174.7698059,10594235
22/05/2013,189.7469025,190.6383667,185.9524078,187.1524811,172.6922302,12579289
23/05/2013,185.529541,186.52388,178.3177338,179.3120728,165.4576111,12798137
24/05/2013,181.3578949,181.6550446,178.1120148,179.7692413,165.8794556,7975390
27/05/2013,183.4951477,190.3640747,183.0951233,189.3354492,174.706543,18956469
28/05/2013,189.7240448,193.5870972,188.855423,192.7870483,177.8914795,21734556
29/05/2013,192.1241608,194.2499847,190.5126495,193.8156738,178.8405762,25752389
30/05/2013,193.1527863,193.3813629,189.7240448,191.2783966,176.4993744,18225094
31/05/2013,190.6612244,191.0383911,183.3465729,184.3066101,170.0662842,17159386
03/06/2013,183.7122955,184.0894623,179.4949341,180.1006927,166.1852722,14165128
04/06/2013,180.717865,182.8208313,178.1005859,178.3405914,164.561203,14752690
05/06/2013,178.4091644,183.8494568,178.4091644,183.3237152,169.1592865,12748842
06/06/2013,182.8665466,183.7580109,180.1464081,181.0378723,167.0500641,17113393
07/06/2013,181.5407562,183.3237152,178.523468,179.1177826,165.2783356,9420701
10/06/2013,180.3521271,181.8379211,178.7520447,180.4321289,166.4911346,11361378
11/06/2013,179.0949249,180.923584,177.2205353,179.5749512,165.7001648,13242164
12/06/2013,178.9920654,182.2950897,178.79776,180.7635803,166.7969666,12774566
13/06/2013,178.9806366,181.2436066,178.4205933,180.5349884,166.5860596,9726275
14/06/2013,181.9979248,187.4039154,181.9750671,186.2152863,171.8274384,17575615
17/06/2013,186.4095764,189.2440186,185.4038086,188.7068481,174.1265106,11089648
18/06/2013,188.2839661,191.4384155,186.8553162,188.2153931,173.6730194,15658352
19/06/2013,187.8953705,190.4669342,186.2724304,190.1126251,175.4236603,17331546
20/06/2013,186.9581757,186.9581757,181.7236328,182.4093781,168.3155975,17422410
21/06/2013,182.843689,185.2323761,179.1177826,181.2321777,167.2293701,20486223
24/06/2013,180.5807037,181.986496,177.9520111,181.1864624,167.1871948,16311628
25/06/2013,182.7979736,187.4153442,181.7236328,183.7351532,169.5389404,19232377
26/06/2013,185.0266571,186.1695709,183.117981,183.6894379,169.4967651,16661304
27/06/2013,186.6381683,191.3126984,186.1581421,189.7240448,175.0651093,25751492
28/06/2013,198.753067,199.5531158,193.3813629,197.1758575,181.9411469,48133694
01/07/2013,197.0386963,202.9818573,195.5871887,202.4561157,186.8134766,20497553
02/07/2013,201.8618011,203.8504791,198.5816345,199.2902374,183.8922272,17779689
03/07/2013,196.6958313,197.34729,193.9642487,194.4899902,179.4628448,12816463
04/07/2013,195.004303,199.0045166,193.6899567,196.9586945,181.7407684,13233510
05/07/2013,198.0330353,202.2389679,198.0330353,201.2332001,185.6850128,12756629
08/07/2013,198.8673706,199.6559753,196.1586609,198.1701813,182.8586578,14253091
09/07/2013,198.6616364,201.5646515,198.1930389,199.9645691,184.5144196,12922258
10/07/2013,199.8388367,201.1189117,191.7812805,195.6672058,180.5490723,22237458
11/07/2013,197.7244415,199.6216888,196.4100952,198.8787994,183.5125275,11368001
12/07/2013,199.8388367,204.8105316,198.7759247,203.427597,187.7098846,14371976
15/07/2013,202.5246887,205.7019958,202.5246887,205.0048218,189.1652069,12913233
16/07/2013,202.7532806,206.7420502,201.8503723,205.8620148,189.9561768,12974694
17/07/2013,206.410614,209.8164978,206.410614,209.1421814,192.9829254,23132227
18/07/2013,209.8393555,210.2850952,207.8278198,209.667923,193.4680328,12303560
19/07/2013,210.0793762,212.1023254,208.7078705,211.1422882,194.8285065,14298611
22/07/2013,209.1536102,209.1536102,205.484848,207.7935333,191.7384644,16958736
23/07/2013,208.4792938,211.4394379,207.3820953,207.9078369,191.8439484,12430954
24/07/2013,207.5535278,209.5879211,204.6162262,207.8621063,191.8017578,13788582
25/07/2013,207.0849304,208.5135803,200.5703125,203.6104584,187.8786011,15831296
26/07/2013,203.9419098,206.5706177,202.3989716,203.4733124,187.7520599,9565406
29/07/2013,202.7647095,205.416275,201.736084,202.4561157,186.8134766,9151355
30/07/2013,202.7647095,203.8961945,195.1871796,195.9757843,180.8338318,11393034
31/07/2013,196.2729492,201.0846252,192.604187,199.335968,183.9343872,15795755
01/08/2013,200.0445709,201.804657,193.1184998,194.2957001,179.2835388,11071339
02/08/2013,196.5815277,199.3130951,194.2957001,195.9757843,180.8338318,12821918
05/08/2013,196.5815277,199.5302582,195.6100616,196.9358368,181.719696,12559130
06/08/2013,196.2272339,197.5415802,189.7583313,192.2498779,177.3957977,12415511
07/08/2013,193.1527863,201.5760803,189.9526215,199.4273987,184.0187378,18794821
08/08/2013,198.2616272,199.4273987,195.930069,197.8730316,182.5844879,11367214
12/08/2013,198.6387787,199.5188293,192.1127319,193.3013611,178.3660431,8728866
13/08/2013,192.6956177,196.5700989,190.8669586,194.9585876,179.8952179,11537003
14/08/2013,195.6672058,198.410202,193.7128143,197.7244415,182.4473572,11260259
16/08/2013,197.7244415,198.1816101,186.7867432,188.9697113,174.3690643,27321905
19/08/2013,188.1239624,190.6383667,184.5923462,187.4953461,173.008606,16150138
20/08/2013,185.4038086,189.9069061,184.0208893,188.6611328,174.0843048,11418893
21/08/2013,190.40979,190.7983856,178.3405914,179.1177826,165.2783356,15711357
22/08/2013,178.8549042,184.8437805,176.969101,184.2608948,170.0240784,22293762
23/08/2013,185.9981384,188.5125427,184.809494,187.3239136,172.8504181,14332191
26/08/2013,188.0096588,190.055481,184.7866364,188.0325165,173.5042877,9916035
27/08/2013,186.0667114,188.5582581,182.8665466,183.609436,169.4229584,13094883
28/08/2013,181.7464905,187.1067657,174.6146851,185.5638275,171.2263184,25813146
29/08/2013,186.52388,195.0728912,185.7238312,193.2099304,178.2816772,30837833
30/08/2013,192.878479,196.5815277,189.3354492,195.1757507,180.0955963,21443760
02/09/2013,195.0271606,203.4390259,195.0271606,202.6961365,187.0349121,21052445
03/09/2013,203.0275726,203.8276215,189.3354492,189.9526215,175.2760315,17326878
04/09/2013,190.5812225,197.621582,190.40979,194.1471252,179.1464539,13323596
05/09/2013,197.2672882,198.8102264,194.5471497,197.1644135,181.9306335,14254145
06/09/2013,198.8673706,199.6674042,192.3527374,198.410202,183.0801392,15048312
10/09/2013,199.5302582,204.2505035,198.0101776,203.5190277,187.7942352,18493766
11/09/2013,203.2104492,204.1019135,199.815979,202.9247131,187.2458191,14860857
12/09/2013,202.9818573,205.9534454,199.1302338,200.1017151,184.6409454,17979275
13/09/2013,198.410202,201.9989624,198.1930389,199.5531158,184.1347656,9825959
16/09/2013,202.5132599,202.9132843,195.2100372,196.9815521,181.7618561,12050423
17/09/2013,195.7472076,197.4958649,194.8900146,196.1586609,181.0025482,10930099
18/09/2013,196.6958313,200.0102844,195.8500671,199.3130951,183.9132996,13704245
19/09/2013,202.9932861,204.7991028,201.2789154,203.5761719,187.8469849,18935509
20/09/2013,202.5246887,205.9534454,198.9816589,201.5875092,186.0119324,18362492
23/09/2013,199.335968,201.3817749,197.7244415,199.8617096,184.4194794,8875005
24/09/2013,199.3245239,202.1932526,198.4444885,199.9188538,184.472229,12352943
25/09/2013,199.4159698,199.9874268,192.5127563,194.0785522,179.0831757,17472523
26/09/2013,193.529953,194.3299866,190.9241028,191.609848,176.8052216,19874983
27/09/2013,192.467041,195.3243256,191.3241272,191.9870148,177.1532135,12006474
30/09/2013,190.192627,193.0384979,187.2324829,187.9868011,173.4620972,15922812
01/10/2013,188.8782806,189.7011871,186.9124603,187.7696533,173.2617188,9108666
03/10/2013,188.2153931,194.0442657,188.2153931,193.598526,178.640213,9108321
04/10/2013,192.1355896,196.5129547,191.5527039,195.3014679,180.2115936,9909849
07/10/2013,193.7471008,194.8442993,191.0955353,192.9356384,178.0285797,11265723
08/10/2013,194.2271271,195.3700409,191.8269958,193.1413574,178.218399,12119312
09/10/2013,191.9984436,198.3302002,191.4384155,196.787262,181.5825958,11954619
10/10/2013,196.352951,197.2215729,193.8499603,196.5815277,181.3927612,9371240
11/10/2013,197.7244415,198.410202,195.2786102,197.34729,182.09935,9773103
14/10/2013,197.7244415,200.0102844,197.3130035,198.9359436,183.5652771,12156983
15/10/2013,205.1076813,205.416275,197.4958649,198.3644867,183.0379639,23041721
17/10/2013,198.8673706,202.9818573,197.6444397,201.2332001,185.6850128,17613513
18/10/2013,201.5189362,207.5535278,201.5189362,207.0163574,191.021347,22177371
21/10/2013,207.0163574,209.2678986,204.8448181,208.742157,192.6137695,15143599
22/10/2013,207.4163818,208.2278442,205.1533966,206.684906,190.7155304,10246173
23/10/2013,206.9134979,207.8278198,202.9018555,204.9819641,189.1441193,8945093
24/10/2013,203.9076233,208.2392731,201.4617767,202.1818237,186.560318,11717100
25/10/2013,202.0903931,204.0790558,201.0046234,202.7532806,187.0876617,9945744
28/10/2013,202.9818573,206.8334961,202.9475708,203.6104584,187.8786011,15374364
29/10/2013,203.2333069,206.6277618,202.0446777,204.9933929,189.1546936,14450634
30/10/2013,204.9248199,206.3877563,204.5133667,205.3019867,189.4394379,9614780
31/10/2013,205.7248535,209.8393555,204.8105316,209.0850372,192.9301605,19779731
01/11/2013,208.0335541,211.7937469,206.4906158,207.610672,191.5697784,11890914
05/11/2013,206.4906158,210.6851196,206.4906158,207.9421234,191.8755646,10955587
06/11/2013,208.0106964,210.2736664,204.5705109,205.4048462,189.5343475,9619806
07/11/2013,205.4962769,207.0506439,201.6332245,202.5018311,186.8556213,9792601
08/11/2013,202.5246887,202.9818573,199.1302338,200.2274323,184.7569733,8755784
11/11/2013,199.7816925,201.6332245,196.627243,197.4730072,182.2153473,8901228
12/11/2013,197.7244415,199.2330933,194.3414154,194.8900146,179.8319244,12169801
13/11/2013,194.2728424,196.9015503,192.4898987,193.0156403,178.1023865,8391536
14/11/2013,194.5814362,197.4958649,194.3871307,194.6728668,179.6315765,8031378
18/11/2013,196.1472321,200.6388855,195.7014923,199.9531403,184.5038757,12073167
19/11/2013,200.0102844,202.2732544,200.0102844,200.7760315,185.2631683,8434885
20/11/2013,199.9759979,201.8389435,195.8957825,197.1529846,181.9200745,13090661
21/11/2013,196.55867,196.5815277,192.7984772,193.7471008,178.7773132,11465699
22/11/2013,194.524292,195.7700653,191.8041382,192.8670502,177.965271,7482129
25/11/2013,193.6899567,195.861496,192.9356384,194.6842957,179.6421051,10078405
26/11/2013,194.4099884,195.8500671,191.4498444,192.2955933,177.437973,13965988
27/11/2013,193.0384979,194.1814117,190.9241028,191.541275,176.7419281,11421820
28/11/2013,192.7184753,195.7586365,192.7184753,193.8271027,178.85112,12546701
29/11/2013,194.5128632,195.7814941,193.9756775,195.0271606,179.9584656,9884161
02/12/2013,194.9814453,197.2558594,194.8214417,195.5071869,180.401413,7221751
03/12/2013,195.4386139,197.8387451,194.4442749,197.0158386,181.7935333,9184625
04/12/2013,196.787262,198.2959137,195.0271606,195.6786346,180.5596161,8761077
05/12/2013,199.3245239,200.467453,198.4216309,199.0959473,183.7129059,12534404
06/12/2013,198.9016571,199.9302826,196.855835,198.1130371,182.8059387,7301066
09/12/2013,201.6332245,202.9818573,200.2845764,200.9131775,185.3897247,12704841
10/12/2013,200.810318,203.1418762,200.810318,202.2161102,186.5919647,8718563
11/12/2013,201.7246552,202.2846832,199.4388275,201.7475128,186.1595764,4977570
12/12/2013,200.6960297,201.1531982,198.410202,198.9130859,183.5441284,5690033
13/12/2013,198.1816101,198.4330597,196.0443573,197.6558685,182.3840942,8926111
16/12/2013,196.5815277,197.0958405,192.741333,193.1642151,178.2394714,10046119
17/12/2013,193.9985504,194.9585876,191.2669678,191.8269958,177.0055389,10089421
18/12/2013,191.8269958,197.4615784,191.8269958,196.5700989,181.3822327,12009855
19/12/2013,197.5872955,197.5872955,192.8556213,195.2214661,180.1377869,13450539
20/12/2013,199.3245239,205.2677002,197.061554,204.6162262,188.8066559,20508621
23/12/2013,205.4962769,207.7821045,203.4390259,204.8676758,189.0386658,16191974
24/12/2013,204.9248199,206.8677826,204.6047974,205.279129,189.4183655,7306775
26/12/2013,204.4676514,205.7248535,201.6332245,202.8789978,187.2036743,14619868
27/12/2013,203.1190186,204.3305054,200.4445953,200.8903198,185.3686218,7744563
30/12/2013,201.3817749,203.4047394,200.2045746,202.7761383,187.1087189,10315527
31/12/2013,202.9818573,205.3248444,202.7761383,204.627655,188.8171997,5706010
01/01/2014,205.1419678,205.3248444,202.8904266,203.1647339,187.4673309,5849398
02/01/2014,202.9132843,204.8105316,198.8902283,200.0102844,184.5565796,6023632
03/01/2014,199.2330933,199.6331177,195.4386139,197.553009,182.2891846,12833897
06/01/2014,197.061554,197.3244324,194.2957001,195.4271851,180.3276215,13315857
07/01/2014,195.3471832,196.5700989,192.0213013,192.4898987,177.6172943,17311470
08/01/2014,193.0156403,195.9757843,193.0156403,194.0785522,179.0831757,12726430
09/01/2014,194.3985596,195.1643219,193.1642151,194.4557037,179.4311829,8309185
10/01/2014,193.9185333,200.3074341,193.8385315,196.1586609,181.0025482,14839980
13/01/2014,198.4673462,201.8389435,198.410202,201.2446289,185.6955566,12058586
14/01/2014,200.810318,202.1932526,199.4273987,201.4960785,185.9275818,12075547
15/01/2014,202.2275391,204.5819397,201.3817749,202.3989716,186.7607269,12660424
16/01/2014,203.1418762,204.1933594,201.6217957,202.5589905,186.9083557,18038361
17/01/2014,203.2447357,205.0162506,201.2103424,202.2389679,186.6130676,15463211
20/01/2014,202.730423,203.2104492,197.9758911,198.8102264,183.4492645,16576057
21/01/2014,199.473114,199.6902618,197.0386963,197.278717,182.0360718,9806364
22/01/2014,197.3815765,200.0902863,196.1586609,199.4273987,184.0187378,8517726
23/01/2014,196.718689,199.1645203,196.718689,197.9073181,182.6160889,13767334
24/01/2014,197.0386963,199.9302826,196.8329773,198.3302002,183.0063171,11879019
27/01/2014,195.6672058,196.7644043,192.0898743,192.7299042,177.8387146,12345838
28/01/2014,193.6099548,195.6672058,192.6270447,193.1184998,178.1972961,11573795
29/01/2014,194.2499847,194.867157,190.8669586,191.2326813,176.4571686,12374165
30/01/2014,190.0440521,190.6040802,187.9410858,188.5811157,174.010498,14102043
31/01/2014,189.0382843,190.5126495,188.8439941,189.986908,175.307663,11038353
03/02/2014,188.855423,189.6783142,187.3124847,187.6439362,173.1457062,8227762
04/02/2014,186.1809998,188.9582825,185.872406,187.792511,173.2827911,12362252
05/02/2014,187.4610596,187.7810822,184.4437714,186.8096008,172.3758545,11298451
06/02/2014,187.4382019,188.3753967,184.7294922,186.4895935,172.0805817,10826505
07/02/2014,187.9182281,188.3068237,185.2895203,186.1695709,171.7852783,8459052
10/02/2014,186.3524323,188.718277,185.4152374,187.8839417,173.3671875,10345205
11/02/2014,188.1239624,188.5811157,183.4951477,184.0666046,169.8447876,12609169
12/02/2014,184.6952057,187.8725128,184.5580597,186.9581757,172.5129547,9828890
13/02/2014,187.1867676,187.1867676,184.0208893,184.5580597,170.2982635,8657303
14/02/2014,185.5866852,188.3525391,184.6952057,187.9067993,173.3882751,9218744
17/02/2014,186.9010315,187.8953705,184.4780579,185.6781158,171.3317719,9058505
18/02/2014,184.4894867,186.9467468,184.4894867,185.872406,171.5110626,5741275
19/02/2014,185.8381195,187.4382019,185.1523743,185.666687,171.3212585,6130140
20/02/2014,185.4495392,185.9981384,183.5751495,184.1123199,169.8869629,8041497
21/02/2014,184.4894867,186.52388,184.1466064,185.4952545,171.1630249,6256274
24/02/2014,184.7066345,186.2838593,184.0780334,185.6895447,171.3423615,6800627
25/02/2014,186.1352844,186.52388,184.5923462,185.2780914,170.9626923,7039336
26/02/2014,185.3809509,186.7181702,184.7523499,185.3123779,170.9943085,13608048
28/02/2014,185.3123779,186.3752899,181.2893219,182.8551178,168.7268829,18949872
03/03/2014,182.8894043,184.4209137,182.2150726,183.6437225,169.4545593,11635479
04/03/2014,183.5522919,186.2152863,183.4608612,185.8266907,171.4688568,8997053
05/03/2014,186.4210052,186.9810333,184.0437469,184.466629,170.2138977,11827655
06/03/2014,185.0037994,188.4439697,184.9923706,187.99823,173.4726563,10172590
07/03/2014,188.5811157,199.7816925,188.5811157,198.7302094,183.3754425,33597187
10/03/2014,197.7473145,206.5591888,197.3587189,202.3989716,186.7607269,32869474
11/03/2014,202.2961121,202.936142,199.3473969,199.9531403,184.5038757,12780183
12/03/2014,199.7816925,201.8160858,198.3302002,199.1759491,183.7867279,9431389
13/03/2014,200.0102844,204.5247955,199.9417114,201.0503387,185.5162811,17221827
14/03/2014,199.7816925,203.427597,198.6502075,202.5589905,186.9083557,16540547
18/03/2014,203.3247375,207.7363892,203.3247375,204.9133911,189.0808563,19034847
19/03/2014,205.7248535,207.9878387,204.6390839,206.410614,190.4623871,16376397
20/03/2014,206.0905914,207.4392395,205.3019867,207.0963593,191.0951691,29711945
21/03/2014,207.3249359,208.7764435,201.6446533,202.4789734,186.834549,22050970
24/03/2014,203.724762,207.7249603,203.6904755,206.9592133,190.9686127,28815466
25/03/2014,200.9246216,201.7246552,199.4388275,200.9931946,185.4635925,31299573
26/03/2014,201.4389191,206.3991852,201.4160614,203.7133331,187.973526,13811011
27/03/2014,204.5476532,206.8449249,203.9190521,205.8963013,189.9878387,55407935
28/03/2014,205.7248535,210.2850952,205.7248535,209.4164734,193.2360229,18667646
31/03/2014,209.4393311,214.822464,208.742157,212.7537994,196.3154602,18751896
01/04/2014,213.9538574,216.0111084,212.422348,215.4625092,198.8149109,15640608
02/04/2014,216.0111084,219.8970184,214.4338837,219.0283966,202.1052856,26780181
03/04/2014,218.7083893,220.1141663,214.9596252,217.7597656,200.9346619,26550895
04/04/2014,217.6111908,217.8969116,215.2224884,215.8396606,199.1629028,12513877
07/04/2014,215.7825165,218.2855072,213.5766907,215.816803,199.1418457,12905249
09/04/2014,217.1540222,220.9713593,216.5025635,219.9313049,202.9384155,13438946
10/04/2014,220.5141907,222.617157,219.9427338,221.5085297,204.3937836,10649501
11/04/2014,219.9655914,221.9656982,217.2911682,218.0112,201.1666565,11691621
15/04/2014,217.1540222,218.0683594,214.0910034,216.948288,200.1858673,9264526
16/04/2014,216.3539734,219.2112732,214.4338837,215.1653442,198.5406952,12381278
17/04/2014,216.0111084,219.8513031,215.7368011,219.2341309,202.2951355,7845800
21/04/2014,221.7142487,221.7142487,218.5483704,219.3484192,202.4005737,11817203
22/04/2014,219.4398499,226.0116119,218.5483704,221.2113647,204.1195679,19331824
23/04/2014,221.4971008,224.4686737,220.4113312,221.0742188,203.993042,15288495
24/04/2014,221.0742188,221.0742188,221.0742188,221.0742188,203.993042,0
25/04/2014,221.2685242,221.4971008,216.2396851,216.7539978,200.0066223,13252156
28/04/2014,217.1083069,218.5255127,215.1767731,216.0111084,199.321106,16610579
29/04/2014,216.2511139,217.5540466,214.411026,214.9367676,198.3298035,8396497
30/04/2014,215.7596588,219.4398499,212.3766327,213.9081421,197.3806,14391181
02/05/2014,214.8681946,216.5597076,211.6680298,212.1480408,195.756546,9070553
05/05/2014,211.4394379,219.0969696,211.4394379,216.4339752,199.711319,15199246
06/05/2014,216.673996,221.0399323,216.5939941,220.2056122,203.1915436,12392211
07/05/2014,219.4627075,222.0457001,218.7655334,219.63414,202.6642303,10571569
08/05/2014,220.1484528,221.7485352,217.3254547,219.5084229,202.5481873,11949181
09/05/2014,218.4797974,228.354599,218.4797974,228.0345764,210.4155731,18452114
12/05/2014,227.4174042,239.7837524,227.2345428,235.1435089,216.9752502,30847764
13/05/2014,237.7265015,244.3097076,236.4692993,243.0753479,224.2942352,26863271
14/05/2014,243.2125092,244.1268311,237.977951,238.9837189,220.5187683,19375695
15/05/2014,238.9837189,242.298172,237.555069,240.7895203,222.1850586,20864719
16/05/2014,249.1785278,261.7848816,242.7781982,246.6983948,229.8834839,52633579
19/05/2014,249.3842468,257.098938,248.447052,256.0245972,238.5740356,23797958
20/05/2014,257.8189697,258.0704041,245.8869324,246.8355408,230.0113068,22509088
21/05/2014,246.8355408,252.1158142,245.4411926,246.5041046,229.7024689,21991587
22/05/2014,248.241333,254.5045166,247.9441681,251.6243591,234.4737091,18745180
23/05/2014,254.0816345,258.7561646,251.8986664,257.716095,240.1502228,16566818
26/05/2014,258.8704529,260.5848083,245.7269135,251.8300934,234.665451,16073584
27/05/2014,252.127243,253.2701569,245.7497711,248.6870728,231.7366486,11273379
28/05/2014,249.0642242,252.9501495,247.9555969,248.9042206,231.9389801,11351815
29/05/2014,249.7271271,249.9328461,244.2068329,245.3954773,228.6693878,27659174
30/05/2014,248.0127563,249.0870819,242.298172,243.3725128,226.784317,17293884
02/06/2014,245.6697693,248.7556458,243.5096588,247.3727112,230.5118561,8806299
03/06/2014,247.6241608,251.8986664,246.2640839,250.3900146,233.3235168,10874352
04/06/2014,249.7614136,251.852951,246.0126495,246.2983704,229.5107422,8826406
05/06/2014,246.5269623,250.2757263,243.2696533,249.1328125,232.1519623,19974435
06/06/2014,253.1330109,258.9847412,252.3786926,256.5617676,239.074585,29319340
09/06/2014,258.2989807,258.9161682,254.2073517,256.6188965,239.1278381,13497804
10/06/2014,258.4018555,258.4018555,251.5443573,255.6245728,238.2013092,15760599
11/06/2014,256.0131531,256.0131531,249.7271271,251.921524,234.7506256,15164409
12/06/2014,251.1100464,254.5273743,247.8070221,250.1042786,233.0572205,11767348
13/06/2014,251.5100708,253.0415802,245.2011719,247.3041382,230.4479218,14646904
16/06/2014,247.7841644,247.7841644,241.6467133,243.5439453,226.9440308,14371376
17/06/2014,241.8638611,249.9099884,241.8638611,249.167099,232.1839447,15824961
18/06/2014,248.6985016,251.8186646,242.4467468,243.8411102,227.2209778,19212704
19/06/2014,245.4983368,245.7154846,235.8064117,238.2065277,221.9704437,23126286
20/06/2014,239.0751495,239.8751831,236.4121552,236.9264679,220.7776184,12855084
23/06/2014,237.0407562,238.8465576,234.0691681,237.2579041,221.0864563,14768300
24/06/2014,238.8694153,242.9382019,238.8694153,242.2638855,225.751236,11890148
25/06/2014,241.7610016,242.1495972,239.5894623,240.240921,223.8661652,10564797
26/06/2014,234.29776,234.7320709,230.1146851,231.3033142,215.5377197,24480677
27/06/2014,230.8690033,233.9548798,230.2289734,231.3490295,215.5803375,9225499
30/06/2014,231.4519043,233.1548462,228.5831757,232.103363,216.2832489,20656550
01/07/2014,232.5148163,233.2805634,230.1718292,230.41185,214.7070313,9653273
02/07/2014,232.4690857,234.8349304,231.3261719,232.7548218,216.8903046,12293489
03/07/2014,233.1548462,234.29776,229.3832245,230.0689697,214.3875427,11575392
04/07/2014,229.7260895,236.9950409,229.3375092,235.8864136,219.8084564,12957117
07/07/2014,236.1264191,237.0407562,233.3834229,234.8006439,218.7966766,14019093
08/07/2014,234.5263367,236.4692993,226.297348,227.4516907,211.9486389,17484768
09/07/2014,229.0403442,230.8461456,226.8688049,228.8003387,213.2053528,14903156
10/07/2014,228.6403198,233.4977112,224.2515259,227.9431458,212.406601,18600100
11/07/2014,227.4859772,229.0403442,220.2741852,220.9256439,205.8674011,17783841
14/07/2014,221.4056702,222.8457336,219.0969696,219.8398743,204.8556519,13764770
15/07/2014,220.217041,224.0115204,220.1370239,222.2285614,207.0815277,15345123
16/07/2014,222.6400146,226.9830933,222.6400146,226.228775,210.8091125,13957671
17/07/2014,225.8401794,228.1717224,224.0800934,224.5829773,209.2754669,9426887
18/07/2014,224.0115204,224.8229828,221.5656738,223.2686157,208.050705,9332698
21/07/2014,228.5831757,230.41185,227.4516907,228.0460052,212.5024414,16987269
22/07/2014,229.4975128,236.3321533,228.8346252,235.6578217,219.595459,28489939
23/07/2014,236.5950165,237.6807861,233.3948517,236.1835632,220.0853729,13721398
24/07/2014,235.4406738,238.4579773,234.0691681,237.9665222,221.7467804,9673900
25/07/2014,238.1608124,238.480835,230.1946869,233.5777283,217.6571808,13532588
28/07/2014,233.3834229,233.9663086,228.9489136,229.8632507,214.1958466,9372911
30/07/2014,229.4975128,231.0975952,226.9830933,229.9889679,214.3130035,18616706
31/07/2014,230.4004211,233.1319885,229.0403442,230.0575409,214.3768768,17722817
01/08/2014,227.4402618,228.354599,222.8686066,223.1657562,207.954834,15826199
04/08/2014,224.240097,226.228775,223.1086121,225.1544342,209.8079834,14672155
05/08/2014,225.1772919,225.8058929,221.9542694,224.8915558,209.5630035,12233949
06/08/2014,225.1315765,228.2631683,223.8972168,225.8744659,210.4789276,16358373
07/08/2014,226.0687561,227.8288574,224.7772675,226.1373444,210.723877,10844144
08/08/2014,223.9086456,224.811554,222.4342957,224.1258087,208.8494415,9118453
11/08/2014,225.1887207,225.6687469,223.4171906,224.1258087,208.8494415,6696796
12/08/2014,225.3830109,225.600174,223.1771851,225.0172882,209.6801758,9556263
13/08/2014,224.7658386,227.8059998,224.0115204,226.3316345,210.9049377,14113750
14/08/2014,227.4402618,229.7260895,226.6973724,229.2574921,213.6313629,12062077
18/08/2014,228.8346252,232.1147919,228.0117188,231.5661926,215.7826691,7643510
19/08/2014,232.0119324,233.8405914,229.9775391,230.7089996,214.9839783,14559347
20/08/2014,231.0975952,232.8005371,227.5202637,228.2060089,212.6515503,13022078
21/08/2014,228.5831757,229.4975128,226.3202057,227.4631195,211.9593048,16449220
22/08/2014,228.6060333,230.1832581,227.5088348,228.1945801,212.6408997,8571614
25/08/2014,228.5831757,230.5261383,227.0859528,227.6231232,212.1083984,7455233
26/08/2014,227.6688385,227.8860016,224.6972656,227.0630951,211.5865326,9548209
27/08/2014,227.9431458,228.9946289,225.5773163,227.1430969,211.6611176,8391614
28/08/2014,227.3488312,229.4975128,227.3488312,228.286026,212.72612,15914040
01/09/2014,229.5775146,233.3834229,227.5774078,231.8061981,216.0063629,16197464
02/09/2014,232.8119659,235.7949829,231.0061646,234.0234528,218.0724792,16556769
03/09/2014,234.3320465,236.8007507,233.4062805,235.7264099,219.6593323,21922291
04/09/2014,235.2120972,236.3321533,232.7205353,234.503479,218.5197906,9346763
05/09/2014,234.9149323,236.2292786,233.2919922,234.4463348,218.4665222,9078852
08/09/2014,236.3321533,237.5779266,234.9835052,237.2007599,221.0332184,13886787
09/09/2014,235.9207001,238.0236664,235.0292206,236.1264191,220.0321045,9166689
10/09/2014,235.0177917,235.2349548,231.4633331,232.2062225,216.3790894,9459033
11/09/2014,233.2234192,235.4406738,230.41185,233.0176849,217.1352997,10619105
12/09/2014,232.8119659,234.0691681,231.2004547,232.1490784,216.3258667,8749882
15/09/2014,230.6632843,231.3261719,228.8117676,229.2117767,213.5887604,8738403
16/09/2014,228.9031982,229.5317993,223.2114716,223.8743591,208.6151581,13242995
17/09/2014,225.1315765,226.4230652,223.7714996,225.9887543,210.5854187,10887270
18/09/2014,225.1544342,230.8690033,224.8572693,229.7032318,214.0467224,9089107
19/09/2014,229.9546814,232.1947937,226.5259247,227.5431213,212.033844,17169819
22/09/2014,226.9830933,227.6688385,225.7716064,226.6516571,211.203125,7900222
23/09/2014,226.6859436,227.5431213,220.1370239,220.7770691,205.7289429,17694403
24/09/2014,221.3828125,222.6628723,218.3883667,220.5941925,205.558548,15393998
25/09/2014,220.8342133,221.2227936,210.9022675,212.5480652,198.0608368,33092058
26/09/2014,212.353775,215.2453461,209.6793518,213.3252563,198.7850647,15904980
29/09/2014,214.1710052,215.4853668,212.490921,213.3023987,198.7637787,12481132
30/09/2014,212.1251831,216.7997131,211.4508667,216.1711121,201.4369507,17642155
01/10/2014,215.6910858,216.1482544,211.6680298,211.9423218,197.4963837,8656245
07/10/2014,211.9537506,213.7024078,211.0851288,211.7023163,197.2727509,12404189
08/10/2014,210.5594025,215.2110596,210.5594025,214.1138611,199.5199432,9827783
09/10/2014,214.4567413,218.8112488,214.4567413,218.2169342,203.343338,11164671
10/10/2014,216.468277,221.4971008,213.9767151,219.5884247,204.6213379,15465656
13/10/2014,219.8513031,220.5256195,216.7082825,218.9598236,204.0355835,13881865
14/10/2014,223.7829285,223.7829285,219.1198425,219.7255859,204.7491455,19077913
15/10/2014,219.7255859,219.7255859,219.7255859,219.7255859,204.7491455,0
16/10/2014,217.531189,218.7312469,212.1251831,212.8109436,198.3058167,19017182
17/10/2014,213.9538574,215.0167694,211.4851532,214.3881683,199.7755432,15313270
20/10/2014,214.5253143,215.0053406,208.3649902,213.7366943,199.168457,21187302
21/10/2014,213.553833,214.1824341,211.9194641,212.4337769,197.954361,17621790
22/10/2014,213.7481232,217.3368835,213.3023987,216.1596832,201.4263153,13384016
27/10/2014,220.3427582,220.3427582,214.1367188,215.1767731,200.5103912,10072622
28/10/2014,215.1196289,215.3253479,211.6908875,213.5081177,198.9554596,22023470
29/10/2014,214.0910034,217.9311981,213.5309753,217.5197449,202.6936646,17516848
30/10/2014,216.6968536,224.3658142,216.4911346,223.8400726,208.5831757,32745121
31/10/2014,224.4343872,229.4289398,224.4343872,228.7088928,213.1201782,14086084
03/11/2014,229.4975128,230.6404266,226.3316345,229.1203461,213.5035858,12376151
05/11/2014,229.0403442,230.5261383,225.9316101,226.5944977,211.1498718,15730002
07/11/2014,226.4002075,227.5202637,223.5657806,224.1258087,208.8494415,11633677
10/11/2014,224.6515503,226.2516327,221.0970764,221.5771027,206.4745026,10482542
11/11/2014,222.2742767,225.7944641,220.8684998,223.4857788,208.2530212,10100100
12/11/2014,224.4572449,224.6972656,221.4285278,222.6514435,207.4755707,9286081
13/11/2014,222.6400146,223.9658051,220.217041,221.554245,206.4532013,7041533
14/11/2014,221.4971008,223.4972076,220.5941925,221.5313873,206.4318848,8424014
17/11/2014,220.8113556,225.7373199,220.8113556,225.2001495,209.8505859,10224348
18/11/2014,225.2572937,228.0574341,225.2001495,225.9887543,210.5854187,13410579
19/11/2014,225.9887543,226.7545166,223.2114716,223.5886383,208.348877,8099318
20/11/2014,223.5543518,224.8572693,221.7942505,224.1829529,208.90271,11342020
21/11/2014,224.0572357,228.8117676,224.0572357,228.0574341,212.5131226,11739875
24/11/2014,228.628891,229.5317993,224.4001007,225.234436,209.8825226,12426216
25/11/2014,225.1772919,227.4174042,222.480011,226.9830933,211.5119934,14606201
26/11/2014,226.7430878,226.9830933,224.605835,225.6230316,210.2446136,13155281
27/11/2014,226.297348,226.9830933,224.7086945,225.9887543,210.5854187,12279963
28/11/2014,226.228775,232.5491028,224.742981,226.6630859,211.2138062,20881173
01/12/2014,226.0687561,226.7430878,219.1083984,219.8055878,204.8237,17382184
02/12/2014,219.8970184,222.0114136,218.9826813,220.0455933,205.047348,9453044
03/12/2014,219.1083984,222.6400146,219.1083984,221.348526,206.2614746,9789854
04/12/2014,221.2913818,222.8571625,218.4569397,219.1083984,204.1740265,10775294
05/12/2014,219.6684265,221.0399323,218.3197937,218.8341064,203.9184418,10048267
08/12/2014,219.4398499,220.0913086,215.3825073,215.9196625,201.2026367,10238784
09/12/2014,215.0967712,217.3140259,212.8109436,214.8338928,200.1908569,10598750
10/12/2014,212.9138031,215.0853424,212.5823517,213.1652374,198.6359253,13242754
11/12/2014,212.353775,212.353775,206.4906158,207.1306458,193.0126801,22620658
12/12/2014,207.3249359,208.2392731,201.0046234,201.6903687,187.943222,17874849
15/12/2014,200.6846008,201.5646515,199.3245239,200.878891,187.1870422,12647964
16/12/2014,200.4217377,201.8960876,196.5129547,197.6330109,184.1624146,20886278
17/12/2014,197.781601,199.9874268,197.5987244,198.753067,185.2061005,20779949
18/12/2014,201.5075073,202.2503967,197.6444397,201.1760559,187.4639587,14970699
19/12/2014,202.3189697,207.6449585,201.7246552,205.8505859,191.8198395,20073537
22/12/2014,206.1820221,207.2792206,203.6676178,206.8449249,192.7464294,8305143
23/12/2014,206.2620239,206.6734772,203.8504791,204.2962189,190.3714294,10583206
24/12/2014,204.2962189,205.0733948,201.1531982,202.1018219,188.3265839,22479751
26/12/2014,202.66185,204.0447693,201.1760559,203.1761627,189.3277283,4890141
29/12/2014,203.0961609,205.5077057,202.7418518,205.0391083,191.0637054,6931660
30/12/2014,205.0619659,205.3591309,200.4903107,201.1874847,187.4746094,11627412
31/12/2014,201.1531982,204.3305054,200.9360504,203.7019043,189.817627,8464992
01/01/2015,202.593277,203.8961945,201.9875183,202.9589996,189.1253662,2963643
02/01/2015,203.004715,204.8219604,202.1361084,202.4218292,188.6248016,7331366
05/01/2015,202.2961121,203.6447601,199.8045502,200.2045746,186.55867,10103941
06/01/2015,198.8673706,199.5531158,190.1811981,191.1183929,178.0917969,18627980
07/01/2015,191.3469849,196.3072357,191.3241272,195.2786102,181.9684906,20720312
08/01/2015,196.6043854,197.2444305,192.0441589,192.4784698,179.3591766,19872227
09/01/2015,193.9299622,197.0386963,193.1527863,196.6501007,183.2464905,13392787
12/01/2015,196.6958313,196.8101196,192.3756104,194.3642731,181.1164703,10100113
13/01/2015,194.9814453,195.4271851,192.1241608,192.7299042,179.5934753,9948711
14/01/2015,192.6956177,193.6099548,189.9983368,190.8555298,177.8468781,11380041
15/01/2015,192.0098724,199.1188049,192.0098724,197.553009,184.0878601,16927085
16/01/2015,196.5815277,200.0102844,194.7642975,198.7987976,185.2487335,19136963
19/01/2015,198.9130859,202.5246887,196.2958069,201.0731964,187.368103,13339962
20/01/2015,201.4960785,206.9934998,200.8903198,206.4220428,192.352356,13361320
21/01/2015,206.8677826,208.3307037,203.9076233,207.2677917,193.1404877,17084297
22/01/2015,206.9020691,207.3706665,201.0389099,202.0103912,188.2414093,23721627
23/01/2015,203.4390259,205.2219696,200.467453,202.730423,188.9123688,18080494
27/01/2015,204.1019135,204.9705353,201.2674866,203.2218781,189.3703461,17939876
28/01/2015,202.5475464,207.9649811,202.5475464,207.2906494,193.1617737,19298126
29/01/2015,207.3477936,213.6109772,207.3020782,212.4452057,197.9649658,36117653
30/01/2015,212.5823517,212.8680878,207.7821045,209.2107544,194.9509735,21746801
02/02/2015,209.3936157,210.2736664,207.0277863,207.5649567,193.4173737,19302710
03/02/2015,208.742157,215.0624847,208.742157,214.3195953,199.7116241,17092333
04/02/2015,214.6624603,215.7368011,211.6451721,212.3080597,197.8372192,14072894
05/02/2015,213.9538574,214.8453217,209.7479248,211.1422882,196.7509003,12365643
06/02/2015,211.2337189,212.5823517,206.410614,207.9878387,193.8114471,9045844
09/02/2015,205.9991608,209.8393555,203.8961945,204.9705353,190.9998016,8839692
10/02/2015,205.2677002,206.753479,196.8786926,201.6103668,187.8686829,13651008
11/02/2015,202.5246887,206.8106384,201.8389435,205.8848724,191.8518219,9781008
12/02/2015,207.5535278,208.9135895,202.8104248,207.816391,193.6516724,8709626
13/02/2015,208.9250183,210.4793854,207.7935333,209.7250671,195.4302521,7393680
16/02/2015,209.9993591,211.2565765,205.7248535,206.3648987,192.299118,12266698
18/02/2015,205.7248535,207.5535278,204.4447937,206.1020203,192.0541382,9835036
19/02/2015,207.3135071,207.4620972,202.8789978,206.1934509,192.1393585,9550637
20/02/2015,204.6390839,204.8105316,199.1645203,199.5759735,185.9729156,18717199
23/02/2015,198.8559418,200.4103088,193.6328125,194.6271515,181.3613892,14104463
24/02/2015,195.2671814,195.8500671,191.3241272,192.3413086,179.2313995,19946218
25/02/2015,194.0214081,195.7814941,192.2498779,192.7299042,179.5934753,15274116
26/02/2015,193.4042206,194.2957001,191.2326813,192.467041,179.3485413,21459750
27/02/2015,193.735672,196.8101196,193.0613556,195.5643311,182.2347107,18659378
02/03/2015,198.6387787,200.1245728,195.5643311,197.553009,184.0878601,14579511
03/03/2015,198.6387787,207.1992188,198.273056,205.9077301,191.8731384,20636925
04/03/2015,207.0963593,207.9306946,201.1646271,202.9475708,189.1147156,14476047
05/03/2015,204.0104828,205.4391327,200.7303162,202.2846832,188.4970245,10716702
09/03/2015,202.3189697,203.8390503,197.5301514,198.7873535,185.2380676,14065391
10/03/2015,198.6273499,200.1931458,195.5300446,196.3872375,183.0015564,15234060
11/03/2015,196.7986908,198.7759247,194.8442993,195.655777,182.3199615,11635873
12/03/2015,196.1243744,198.273056,195.5757599,197.4501495,183.9920197,11782380
13/03/2015,198.6387787,198.7759247,193.6099548,194.3185577,181.0738831,12936157
16/03/2015,194.6385803,195.1986084,192.0784454,192.4898987,179.3698578,13839990
17/03/2015,194.4214172,196.55867,192.2384491,195.861496,182.5116577,19070082
18/03/2015,195.8957825,199.3816833,195.3700409,198.5587769,185.0250549,9269885
19/03/2015,200.1360016,200.3988647,195.2328949,195.7014923,182.3625336,13934612
20/03/2015,196.1015015,196.8444061,193.9756775,195.2328949,181.9258575,10405717
23/03/2015,195.7814941,197.4958649,191.5755615,192.4556122,179.3378906,13251683
24/03/2015,192.4898987,195.2786102,192.4898987,193.8271027,180.6158752,9238431
25/03/2015,194.0671234,194.1814117,192.2384491,193.1299286,179.9662628,10264941
26/03/2015,192.2613068,194.1242676,188.3753967,189.5640259,176.6433868,20621346
27/03/2015,190.615509,190.8669586,183.1979828,185.5409698,172.8945465,23326922
30/03/2015,186.661026,186.9124603,182.055069,185.3238068,172.692215,17330588
31/03/2015,186.9810333,190.3869324,186.9810333,188.8097076,175.9404907,20235395
01/04/2015,188.5582581,191.7812805,185.8609772,191.1069641,178.0811615,14588531
06/04/2015,191.0955353,191.5527039,187.7582245,188.5011139,175.6529236,12334096
07/04/2015,188.8211365,191.1183929,188.8211365,190.3755035,177.3995667,21275454
08/04/2015,190.5240784,198.753067,190.3869324,197.9301758,184.4393158,24821205
09/04/2015,197.8387451,205.4962769,196.3072357,204.6047974,190.6589813,27276420
10/04/2015,204.5705109,207.7363892,203.2333069,206.7191925,192.6292572,25323219
13/04/2015,207.2792206,211.3822937,205.4391327,210.867981,196.495285,20177342
15/04/2015,210.5251007,214.7767487,207.3706665,211.1308594,196.7402649,22231264
16/04/2015,211.3251495,214.411026,210.0679474,212.2052002,197.7413483,20177302
17/04/2015,213.7366943,215.8510895,210.8908386,211.8623199,197.4218445,23958678
20/04/2015,214.2510071,214.2852936,200.810318,202.4446869,188.6460876,37628162
21/04/2015,203.4733124,204.6962433,199.4273987,200.3417206,186.6864929,17707007
22/04/2015,201.5875092,202.6961365,198.1816101,201.0960541,187.3894043,14761313
23/04/2015,202.0332489,203.3018799,198.6502075,200.4788818,186.8143005,13337818
24/04/2015,200.467453,202.1703949,198.5587769,200.9017487,187.2083435,12709854
27/04/2015,201.1646271,202.867569,199.1988068,200.0788574,186.4415283,11042925
28/04/2015,199.9417114,201.6103668,196.2500916,197.7701721,184.2901917,14687371
29/04/2015,197.0386963,198.9930878,193.7013855,194.2957001,181.0525513,16387960
30/04/2015,194.2957001,197.9301758,193.8271027,197.1186981,183.683136,34802149
04/05/2015,197.9987488,204.3305054,196.6958313,203.656189,189.7750549,15078502
05/05/2015,204.28479,206.1363068,202.3189697,203.930481,190.0306396,17846755
06/05/2015,203.4390259,204.9819641,199.3245239,201.2103424,187.4958954,22438208
07/05/2015,200.0102844,200.7988892,196.5815277,199.0388031,185.4723816,16735535
08/05/2015,199.0959473,204.2962189,196.8329773,203.3704529,191.8964233,17104443
11/05/2015,204.0904846,205.5991364,201.9303741,204.7991028,193.2444611,14214007
12/05/2015,204.559082,204.559082,197.7587433,198.5702057,187.3670044,16650201
13/05/2015,199.6331177,203.1304474,195.9414978,202.3189697,190.9042664,16701434
14/05/2015,202.5246887,202.5704193,198.9359436,200.741745,189.4160461,12329713
15/05/2015,201.5875092,202.7418518,198.8902283,199.7702637,188.4993744,8331715
18/05/2015,199.9874268,204.353363,199.3702545,203.793335,192.2954712,9847540
19/05/2015,203.724762,206.8106384,202.66185,204.7076721,193.1582031,14513036
20/05/2015,205.8162994,208.2392731,205.1991119,207.747818,196.0268097,8708891
21/05/2015,208.2964172,209.2450409,204.3762207,204.9819641,193.4169922,10759523
22/05/2015,205.0391083,207.0049286,205.0391083,206.6049042,194.9483948,8349048
25/05/2015,205.7248535,207.5535278,203.9761963,204.4676514,192.9317169,6617337
26/05/2015,204.5819397,204.8105316,201.7703705,202.2046814,190.7964478,9510249
27/05/2015,202.5246887,203.6447601,201.1989136,202.3646851,190.947403,8078236
28/05/2015,202.4904022,204.4105072,199.3245239,200.1931458,188.8983765,26538868
29/05/2015,201.1303406,202.6275635,199.5759735,200.467453,189.1572113,29277517
01/06/2015,201.1531982,206.8449249,200.6960297,206.2391663,194.6032867,19594976
02/06/2015,207.0392151,210.0222168,203.7704773,205.416275,193.826828,20178960
03/06/2015,205.4962769,208.1135559,203.0961609,204.8905334,193.3307648,15546279
04/06/2015,206.684906,209.4279022,204.0219116,208.6278687,196.8572235,15931395
05/06/2015,207.9878387,209.59935,206.7420502,207.4963837,195.789566,13066337
08/06/2015,207.2792206,208.0106964,201.8618011,202.3989716,190.9797668,10846953
09/06/2015,201.9646606,203.5876007,200.5474548,201.9989624,190.6023102,9153355
10/06/2015,202.5246887,207.9878387,202.2961121,207.0506439,195.368988,13509379
11/06/2015,207.0963593,207.8964081,199.7016907,200.5017395,189.1895905,14676438
12/06/2015,200.9246216,204.0561981,200.7531738,203.4047394,191.9288177,21543824
15/06/2015,204.559082,206.8677826,203.4390259,206.1248779,194.4954529,12858570
16/06/2015,205.4962769,206.8677826,204.1705017,206.6277618,194.9699554,13929305
17/06/2015,206.8792114,215.405365,204.353363,212.8566589,200.8474274,26232634
18/06/2015,213.1652374,224.4686737,213.1538086,223.7714996,211.1464539,49366799
19/06/2015,224.5829773,230.0461121,224.5829773,227.8174286,214.9641418,45710935
22/06/2015,227.8860016,230.5718536,225.4972992,226.6859436,213.8964844,19394187
23/06/2015,226.9030914,229.2003479,226.5259247,227.4402618,214.6082306,16007498
24/06/2015,227.4402618,230.0575409,225.5315857,226.503067,213.723938,18603004
25/06/2015,225.6116028,230.6404266,225.1544342,229.62323,216.6680298,27175118
26/06/2015,228.560318,231.8061981,227.5316925,228.7431946,215.8376617,20966796
29/06/2015,225.8173218,227.1773987,222.1828461,226.4916382,213.7131348,20168946
30/06/2015,226.2744904,229.2346344,225.8401794,228.6060333,215.7082367,23184864
01/07/2015,228.8117676,230.9718781,228.8117676,229.8746796,216.9053345,14824266
02/07/2015,230.6404266,233.097702,230.2061157,231.0633087,218.0268707,15931202
03/07/2015,230.8118591,231.7376251,229.2803497,230.2289734,217.2396088,13831096
06/07/2015,227.6917114,232.9033966,227.4859772,232.1376495,219.0405884,12237733
07/07/2015,231.0975952,232.377655,228.5831757,229.3260803,216.3876343,11294999
08/07/2015,227.634552,230.5718536,226.6745148,227.8059998,214.9533234,15190654
09/07/2015,227.6688385,228.8117676,224.7315521,225.7030334,212.9690094,16245867
10/07/2015,226.5487823,229.4975128,226.3544922,228.9946289,216.0749207,16110573
13/07/2015,228.9946289,231.4404755,227.4745483,230.1832581,217.1964722,9860248
14/07/2015,230.617569,231.2118835,227.4859772,228.0802917,215.2121735,9942927
15/07/2015,228.5260315,231.8747711,228.4803162,231.1318817,218.0915833,13532911
16/07/2015,231.3261719,234.9377899,231.1318817,234.0005951,220.7984467,14854295
17/07/2015,234.3549042,235.703537,232.6976776,233.5434265,220.3670959,10195142
20/07/2015,234.9377899,235.429245,232.6748199,234.2406158,221.0249023,6348354
21/07/2015,234.9835052,235.0863647,229.2117767,230.3661194,217.3690186,7923338
22/07/2015,229.7260895,240.9152374,229.6346588,240.103775,226.5572815,17309440
23/07/2015,240.8123779,244.0925446,238.0008087,238.9380035,225.4573059,18642915
24/07/2015,239.5551758,239.9323273,233.4062805,234.3091888,221.0896301,13099664
27/07/2015,234.2749023,235.4178162,228.9832001,229.8060913,216.8405762,20118553
28/07/2015,230.480423,232.4005127,228.6060333,230.9261627,217.8974609,13382878
29/07/2015,230.754715,231.4861908,226.7773743,227.6688385,214.8239136,14790821
30/07/2015,228.6060333,230.41185,226.8230896,228.6174622,215.7190094,11701228
31/07/2015,228.5831757,230.3889923,226.297348,229.0060577,216.0857239,16634259
03/08/2015,228.8117676,231.749054,228.4460297,229.1432037,216.2151031,9887787
04/08/2015,229.3603668,229.8746796,224.0115204,225.8401794,213.0984344,12006872
05/08/2015,225.8973236,228.7660522,224.9487,225.7830353,213.0445251,14345010
06/08/2015,226.5259247,226.7545166,223.4400635,223.7714996,211.1464539,8708037
07/08/2015,223.7829285,227.2116852,223.3600464,225.0058594,212.3111725,8608888
10/08/2015,225.0401459,226.0230408,220.4684753,221.4742432,208.9788208,9288894
11/08/2015,221.9542694,222.5600128,218.9826813,220.8113556,208.3533173,8762464
12/08/2015,220.2627563,220.8113556,214.9939117,215.5310822,203.3709717,9650325
13/08/2015,216.468277,218.0569305,212.4452057,213.348114,201.3111572,9340350
14/08/2015,214.9253387,222.1828461,213.5652618,221.0285034,208.5582123,12739366
17/08/2015,220.8113556,220.8113556,216.2511139,217.3140259,205.0533142,10857430
18/08/2015,218.5255127,218.5255127,215.3710785,215.8053741,203.6297607,6630334
19/08/2015,215.7825165,219.6684265,214.7424622,218.2055054,205.894516,8877298
20/08/2015,219.428421,219.428421,208.8678741,209.4507599,197.6336975,19008087
21/08/2015,208.0106964,208.4450073,205.0391083,207.542099,195.8327484,20050521
24/08/2015,201.1531982,201.1531982,186.9810333,189.62117,178.9228516,35635706
25/08/2015,192.2041626,196.7301178,188.1696777,193.872818,182.9346466,49504268
26/08/2015,193.7928162,199.9645691,192.0098724,195.0728912,184.0670166,18955515
27/08/2015,198.1358948,201.4389191,195.9072113,198.6730652,187.4640656,26997546
28/08/2015,200.0102844,201.8389435,197.9758911,199.4159698,188.1650696,10770215
31/08/2015,199.5188293,199.5188293,195.1643219,195.6443481,184.6062317,20708942
01/09/2015,195.1871796,195.1871796,190.8898163,191.9755859,181.144455,21645696
02/09/2015,194.2957001,195.9186401,192.604187,194.1928406,183.236618,19652369
03/09/2015,195.2214661,196.7529755,193.0156403,195.1757507,184.1640778,11659978
04/09/2015,194.2271271,194.2271271,188.6039734,191.0726776,180.292511,16199949
07/09/2015,191.609848,192.9242096,189.1983032,190.4555054,179.7101593,10234633
08/09/2015,191.0955353,194.9700165,188.6039734,193.9756775,183.0317078,12900468
09/09/2015,196.8101196,200.8560333,194.4099884,199.7931213,188.5209198,17340694
10/09/2015,196.8101196,198.9816589,195.5529022,198.1816101,187.0003357,11074406
11/09/2015,199.3245239,200.2617188,195.7129211,196.7986908,185.6954346,10634833
14/09/2015,196.9815521,197.8844604,194.730011,197.4615784,186.3209229,7964072
15/09/2015,197.0386963,198.8673706,195.5757599,198.1816101,187.0003357,11509788
16/09/2015,199.3473969,200.5474548,197.7701721,199.4502563,188.197403,13424811
18/09/2015,200.7988892,205.6105652,200.5017395,204.6733856,193.1258545,34261453
21/09/2015,201.1531982,203.0275726,200.2502899,200.7188873,189.394455,12732187
22/09/2015,201.1531982,202.2732544,193.0384979,193.8156738,182.8807068,15745524
23/09/2015,192.6956177,195.8500671,192.0098724,194.3757019,183.4091492,15221260
24/09/2015,193.8385315,193.8385315,190.8098145,191.404129,180.6052246,29076982
28/09/2015,191.9641571,192.2155914,189.4268799,190.6955109,179.9365997,11624639
29/09/2015,189.7240448,194.3528442,188.8325653,192.1813049,181.3385773,15853471
30/09/2015,194.524292,197.6787262,191.6669922,197.1072693,185.986618,17292020
01/10/2015,199.7702637,199.7702637,196.2615204,197.6558685,186.5042877,8663393
05/10/2015,197.2215729,203.4390259,197.0044098,202.9818573,191.5297699,16015412
06/10/2015,204.7305298,205.8391571,202.4675446,205.279129,193.6974335,12330294
07/10/2015,204.5133667,209.8507843,203.6676178,208.879303,197.0944977,11515191
08/10/2015,209.1307526,209.1307526,202.5818481,203.2333069,191.7670441,10753149
09/10/2015,204.3647919,206.9706421,201.4960785,202.8332825,191.3895721,9327873
12/10/2015,202.9818573,206.0905914,202.9818573,203.8390503,192.3385925,6212395
13/10/2015,202.3075409,204.8791046,201.8160858,204.2619324,192.7376251,6162561
14/10/2015,204.7648163,206.8677826,204.3419342,206.3991852,194.7543182,8002587
15/10/2015,207.4849548,208.2392731,205.7477264,206.5706177,194.9160461,9048478
16/10/2015,206.753479,209.1078949,206.5706177,209.1078949,197.3101807,15246935
19/10/2015,215.0967712,220.697052,215.0967712,220.2398987,207.8141174,33505855
20/10/2015,220.5827637,220.9713593,217.8397675,218.6855316,206.3474274,18091895
21/10/2015,218.4112244,222.822876,217.8397675,218.296936,205.9807739,14404450
23/10/2015,220.3427582,222.4228668,215.1310577,218.4455109,206.1209412,12153422
26/10/2015,219.8741608,220.1255951,215.1653442,215.5196533,203.3601532,10938775
27/10/2015,214.5938873,216.7539978,214.2738647,214.7653198,202.648407,11601798
28/10/2015,214.1595764,215.9882507,212.559494,214.1710052,202.0876312,11958727
29/10/2015,213.9538574,216.0111084,213.7138367,215.0967712,202.9611511,13280382
30/10/2015,215.3482056,218.502655,214.8910522,216.6282806,204.4062653,13366359
02/11/2015,216.9254303,219.7827301,216.0568237,219.3941345,207.0160522,7222044
03/11/2015,220.1827545,221.8285522,219.7255859,221.0856476,208.6121368,11373522
04/11/2015,221.2685242,222.8686066,216.2854004,217.4511719,205.1827393,10033187
05/11/2015,216.9254303,217.3825989,213.2681122,214.0910034,202.012146,10767454
06/11/2015,214.7424622,218.2397919,214.3881683,217.7026215,205.4199829,8367190
09/11/2015,213.3824005,220.5827637,211.0851288,219.7255859,207.3288269,17031699
10/11/2015,218.7541046,219.3255615,209.4507599,210.9251251,199.0248871,11486238
13/11/2015,209.1650391,214.5367432,209.0393219,213.279541,201.2464447,13682323
16/11/2015,211.6680298,215.3253479,211.3822937,213.5652618,201.5160522,15346549
17/11/2015,214.4224548,214.616745,211.7137451,212.0680389,200.1033173,8588142
18/11/2015,212.0337524,212.8795166,207.9992676,208.467865,196.7062683,11249222
19/11/2015,210.0450897,214.5710297,209.667923,213.6681213,201.6131134,12183206
20/11/2015,213.4966888,217.7940521,211.565155,216.4339752,204.2229309,11304265
23/11/2015,217.1540222,218.9598236,216.2854004,218.0112,205.7111359,10499517
24/11/2015,217.8397675,222.0914154,217.3940277,221.1999359,208.719986,14806176
26/11/2015,221.9542694,226.7430878,221.3256683,225.9887543,213.2386169,23805828
27/11/2015,226.0687561,226.8688049,222.6628723,223.7943573,211.1680603,10891864
30/11/2015,223.6686401,225.0172882,219.9655914,221.0627899,208.5905762,29919205
01/12/2015,220.354187,223.7372131,219.7255859,220.7884979,208.3317719,12981379
02/12/2015,220.8684998,223.9429474,220.4684753,223.542923,210.9307861,7573628
03/12/2015,222.8457336,226.0573273,222.6628723,223.3714752,210.7690277,11361395
04/12/2015,222.2514191,223.1428986,219.7598724,220.6856232,208.2346802,13443688
07/12/2015,220.6856232,222.411438,217.0968781,217.6226196,205.3444977,14483909
08/12/2015,216.9025726,217.9769135,213.9767151,215.0739136,202.9396057,7532164
09/12/2015,213.9995728,215.6567993,208.6621552,209.3593292,197.5474243,9174419
10/12/2015,210.867981,218.0226288,210.296524,217.234024,204.977829,18592203
11/12/2015,217.5540466,219.2112732,215.5310822,217.8283386,205.5385895,18155513
14/12/2015,216.605423,220.2398987,216.2396851,218.3197937,206.0023346,10563900
15/12/2015,218.7541046,223.542923,217.9883423,223.0743256,210.4886169,15718833
16/12/2015,223.0743256,225.7373199,222.5257263,223.7029266,211.0817413,12097338
17/12/2015,224.0229492,232.0119324,223.5543518,230.8004303,217.7788239,19369032
18/12/2015,229.4517975,230.6404266,226.297348,226.7316589,213.939621,16016139
21/12/2015,225.8173218,228.354599,225.0058594,226.7773743,213.9827576,12331769
22/12/2015,226.9373779,229.1774902,224.9258423,225.6801758,212.947464,11579277
23/12/2015,226.7088013,230.1604004,226.297348,229.4517975,216.5062714,12919467
24/12/2015,229.4746552,230.2289734,227.7374268,228.7088928,215.8052979,11901877
28/12/2015,228.7203217,231.7261963,228.5831757,230.9604492,217.9298096,12885935
29/12/2015,230.9604492,232.8576813,230.2175446,232.103363,219.0082397,14913870
30/12/2015,232.0119324,232.240509,229.0403442,229.6118011,216.6572723,8151610
31/12/2015,229.3603668,233.0862732,228.3774567,231.9204865,218.8356934,18483713
01/01/2016,230.823288,232.9033966,230.4575653,232.0919342,218.9974823,5416562
04/01/2016,229.7260895,231.7376251,225.5430145,227.5088348,214.6729431,30170947
05/01/2016,228.6517487,230.8690033,227.8974304,229.760376,216.7974548,14946239
06/01/2016,230.3204041,237.3607788,228.6746063,235.9435577,222.6318207,26759864
07/01/2016,233.3948517,234.9835052,230.4232788,231.611908,218.5445251,19739943
08/01/2016,233.1548462,236.1035614,232.4005127,234.4691925,221.2406006,21313199
11/01/2016,232.2290802,242.4810333,231.0975952,240.378067,226.8161163,29016443
12/01/2016,241.1552582,243.5325165,237.977951,238.97229,225.489624,23373377
13/01/2016,240.7209473,249.098526,239.3722992,246.1497955,232.2621918,71802356
14/01/2016,243.1782074,247.0984192,240.7095184,242.6753235,228.9837189,27823189
15/01/2016,244.5268555,249.0413666,243.5782318,245.3383179,231.4964752,28767318
18/01/2016,245.7269135,247.7727356,230.4347076,232.4347992,219.3210144,27254669
19/01/2016,235.2120972,239.9666138,231.8061981,238.549408,225.0906219,21489315
20/01/2016,236.56073,236.56073,226.297348,229.62323,216.6680298,45114225
21/01/2016,232.5948181,234.4691925,223.2571869,224.9715576,212.2788239,31768619
22/01/2016,227.223114,231.0975952,227.223114,229.5317993,216.5817871,23682648
25/01/2016,230.8690033,232.8691101,228.5831757,229.486084,216.53862,13099564
27/01/2016,230.4347076,230.8690033,227.8860016,228.4346008,215.5464783,17251028
28/01/2016,228.8117676,233.5662994,227.9202881,232.446228,219.3317413,23074633
29/01/2016,232.9148254,237.7265015,232.6976776,236.6750183,223.3219757,19177163
01/02/2016,237.7150726,238.1379547,234.4234772,235.5092468,222.2220001,9918809
02/02/2016,235.5092468,236.0807037,226.4116364,228.8460541,215.9347229,14771279
03/02/2016,225.8401794,227.2116852,222.8686066,224.3315277,211.6748657,15691478
04/02/2016,225.8401794,228.8117676,220.7427826,222.4228668,209.8739319,18203784
05/02/2016,223.8057861,224.4686737,219.7598724,221.9314117,209.4101868,20998404
08/02/2016,221.9771271,225.1087189,218.9712524,219.6798706,207.2856903,12078110
09/02/2016,217.8169098,221.4513855,217.1540222,218.8683929,206.519989,19603494
10/02/2016,217.5426178,222.411438,216.8454285,220.0455933,207.6307831,16883350
11/02/2016,220.0913086,220.7999268,209.2678986,211.3365784,199.4131165,17114833
12/02/2016,213.4738312,213.4738312,203.004715,207.2220764,195.5307465,29319458
15/02/2016,209.8393555,217.4626007,209.8393555,216.4111176,204.2013855,19283523
16/02/2016,217.4054565,218.9826813,211.8966064,212.7080841,200.7072449,13024856
17/02/2016,213.7481232,218.8569641,209.4736176,217.7483368,205.4631348,15442221
18/02/2016,220.1141663,221.4285278,213.9538574,214.8910522,202.7670441,14433087
19/02/2016,214.8681946,217.7826233,214.2624359,215.8625183,203.6837158,10235503
22/02/2016,215.8053741,221.3370972,215.8053741,219.9655914,207.5552979,12770834
23/02/2016,220.1484528,221.0856476,215.4967957,217.0740204,204.826828,18989787
24/02/2016,215.9882507,219.1083984,215.3253479,217.7597656,205.4739075,15186204
25/02/2016,218.1140747,218.6512451,215.0624847,215.8053741,203.6297607,24826958
26/02/2016,217.8397675,219.154129,215.8510895,217.234024,204.977829,8349402
29/02/2016,217.4511719,227.3488312,213.7252655,220.9599304,208.493515,31032353
01/03/2016,220.5141907,225.165863,220.5027618,224.30867,211.6533356,16453192
02/03/2016,226.9602356,229.8975372,225.6687469,228.9260559,216.0102234,20105967
03/03/2016,230.8690033,232.6976776,228.0117188,231.5204773,218.4582367,15880459
04/03/2016,231.7833405,232.0119324,229.3832245,230.0461121,217.0670776,8987660
08/03/2016,230.2975464,235.6463928,230.2975464,234.7549286,221.5102081,13222993
09/03/2016,233.1548462,238.617981,232.8348236,238.115097,224.6808319,11854901
10/03/2016,238.1950989,239.0751495,230.6404266,231.2690277,218.2209778,20706353
11/03/2016,231.9890747,235.3378143,231.0061646,231.8976288,218.8141022,15319044
14/03/2016,232.9491119,234.6177673,231.543335,233.097702,219.9465027,11880095
15/03/2016,234.0691681,234.9492188,232.03479,233.2691345,220.1082611,10487788
16/03/2016,233.3834229,234.4806213,229.8289642,233.5548553,220.3778534,11064129
17/03/2016,234.7549286,237.0178986,231.3261719,232.240509,221.6049805,16832997
18/03/2016,232.7548218,235.4749603,232.171936,234.8006439,224.0478668,14030979
21/03/2016,234.9720764,238.0693817,233.7834473,237.1093292,226.2508087,12708074
22/03/2016,237.0407562,240.5266418,236.7321625,239.5208893,228.5519562,15333442
23/03/2016,239.3037262,239.3037262,233.7034454,235.2578125,224.4841156,16806372
28/03/2016,235.4406738,235.8292694,232.1605072,233.2462769,222.5646973,18070240
29/03/2016,234.0234528,238.18367,233.2005615,236.8693237,226.0217896,15871250
30/03/2016,238.3436737,240.4123535,238.3436737,239.3380127,228.3774261,14453294
31/03/2016,237.9550934,241.3838348,236.0578461,238.9151306,227.973938,30833349
01/04/2016,237.5207825,239.1665802,234.29776,236.4578705,225.6291962,12381116
04/04/2016,237.7265015,238.2293854,234.366333,236.5950165,225.7600555,8632568
05/04/2016,235.7492676,238.2751007,233.6577301,234.7434998,223.9933319,10259495
06/04/2016,235.9207001,236.9721832,233.7491608,236.2978668,225.4765015,6990781
07/04/2016,236.56073,239.5551758,233.6348724,237.0979004,226.2398682,8789163
08/04/2016,236.7893066,241.0295258,235.7149811,236.8921814,226.0436096,13411752
11/04/2016,237.0407562,238.9837189,236.1264191,237.7950745,226.9051666,10308361
12/04/2016,237.7950745,241.7152863,237.2807617,239.4180145,228.4537506,11164859
13/04/2016,240.5952301,244.561142,240.5952301,243.6810913,232.5216217,16038542
18/04/2016,243.6239471,243.8525391,241.2466888,243.3839417,232.2380829,19065716
20/04/2016,244.4011383,244.4011383,236.766449,237.1093292,226.2508087,21687934
21/04/2016,238.046524,240.4694977,236.5835876,237.9893799,227.0905762,11380697
22/04/2016,237.4979248,239.4408722,235.2806702,237.486496,226.610672,11705087
25/04/2016,238.7436981,238.7436981,231.3947449,232.446228,221.8012695,61157544
26/04/2016,232.103363,234.0463104,230.2975464,232.4576569,221.8121643,26429236
27/04/2016,232.6748199,234.5149078,232.240509,233.0176849,222.3465424,14502641
28/04/2016,231.7833405,232.9719696,226.5144958,227.8288574,217.39534,61949033
29/04/2016,227.0859528,228.2517395,223.748642,224.6286926,214.3417358,23479680
02/05/2016,223.7829285,226.8459473,223.5543518,225.600174,215.2687225,10620873
03/05/2016,225.8401794,227.428833,222.3542938,223.0514679,212.8367462,17571826
04/05/2016,222.6514435,224.8572693,222.411438,223.5772095,213.3383942,13546285
05/05/2016,224.0115204,224.8001251,221.9314117,222.9257507,212.7167816,21665684
06/05/2016,222.411438,223.2800446,221.0399323,221.485672,211.3426666,14748329
09/05/2016,222.8686066,225.3830109,222.3657227,224.7201233,214.4289856,15347096
10/05/2016,224.7201233,225.0858612,223.5543518,224.5944061,214.3090363,7248302
11/05/2016,222.1371307,224.1829529,221.7256775,222.9600372,212.7494965,12339923
12/05/2016,223.0971832,227.2574005,222.8800354,226.9373779,216.5447083,12786216
13/05/2016,226.0573273,226.4230652,222.8686066,223.5886383,213.3493042,14648291
16/05/2016,223.3257599,224.5829773,221.9771271,223.0857544,212.8694611,9327335
17/05/2016,224.0686646,224.7201233,220.8913574,221.5313873,211.3862457,12157600
18/05/2016,220.7884979,222.2971344,220.3770447,221.8514099,211.6916504,8228838
19/05/2016,222.1142731,222.1599884,216.1482544,217.4283142,207.4711151,9134784
20/05/2016,217.6111908,218.1826477,212.8909454,213.5424042,203.7631073,18544619
23/05/2016,214.2624359,215.0281982,211.5880127,212.5823517,202.8470764,18365734
24/05/2016,212.1366119,215.7825165,212.1366119,214.9710541,205.1263885,12283217
25/05/2016,217.1197357,217.7940521,215.1310577,217.4283142,207.4711151,9240115
26/05/2016,217.1540222,217.7026215,215.8053741,216.4339752,206.5222778,14190024
27/05/2016,216.9368591,223.3029022,216.8682861,222.8000183,212.596817,13401594
30/05/2016,223.1886139,224.3543854,220.5827637,221.4285278,211.288147,9633652
31/05/2016,221.4971008,222.411438,218.6398163,218.9483948,208.9215698,23332727
01/06/2016,218.9712524,220.8342133,217.5654755,217.9769135,207.9945831,9042808
02/06/2016,218.1826477,218.7883911,216.0339661,218.5826569,208.5725861,10253825
03/06/2016,219.4398499,220.1027374,218.4912262,219.359848,209.3141632,8643295
06/06/2016,219.6684265,220.1255951,217.736908,218.2512207,208.2563019,8672842
07/06/2016,218.8112488,219.6569977,217.5197449,218.3083649,208.3108521,18954268
08/06/2016,218.9826813,218.9826813,216.9597168,218.091217,208.1036682,12135516
09/06/2016,219.4398499,223.2000427,218.571228,221.9885559,211.8225098,15643495
10/06/2016,222.6400146,225.0172882,221.3370972,223.2571869,213.0330505,16316760
13/06/2016,221.7028198,224.8001251,220.1370239,224.2629547,213.9927368,10214469
14/06/2016,224.2286682,225.2458649,221.5656738,223.1543274,212.9348602,10923848
15/06/2016,224.0115204,225.4972992,222.5828705,225.0630035,214.7561493,11129082
16/06/2016,224.240097,224.8458405,221.0513611,223.1657562,212.9457855,9372207
17/06/2016,223.3257599,223.7029266,221.7485352,222.8457336,212.6404114,10534878
20/06/2016,222.2171326,226.8916626,221.2685242,226.3430634,215.9776001,10758608
21/06/2016,227.2345428,227.2459717,223.9429474,225.6344604,215.3014526,13933068
22/06/2016,225.1544342,225.3601532,223.3486176,224.1258087,213.8618774,12788710
23/06/2016,224.0000916,224.4686737,221.7256775,224.1143799,213.8509674,9837526
24/06/2016,220.559906,220.559906,213.3595428,217.4854584,207.5256195,24985097
27/06/2016,214.9824829,219.0741119,214.9824829,218.4455109,208.4417114,9163399
28/06/2016,218.6169586,219.7941589,218.296936,218.9369659,208.9106598,7604977
29/06/2016,219.8970184,221.485672,219.4398499,221.0170746,210.8955078,7523987
30/06/2016,222.1828461,223.4400635,221.0513611,221.5313873,211.3862457,12758283
01/07/2016,222.3542938,223.2800446,221.7256775,222.5142975,212.3241425,6610193
04/07/2016,222.9828949,227.1202393,222.9828949,225.5430145,215.2142029,7803505
05/07/2016,225.4058685,229.2460632,224.0800934,227.0059509,216.6101227,11359882
07/07/2016,226.8688049,228.697464,225.4172974,225.8173218,215.4759064,12029091
08/07/2016,225.6116028,226.0687561,223.1771851,223.6457825,213.4038239,7140617
11/07/2016,226.5259247,227.428833,225.2687225,226.8688049,216.4792633,8266601
12/07/2016,227.497406,229.7260895,226.5259247,229.3603668,218.8567352,9767494
13/07/2016,229.7718048,232.4005127,229.5317993,230.5832825,220.0236359,14915296
14/07/2016,230.4347076,231.8061981,228.1831512,229.7032318,219.1838684,10758372
15/07/2016,230.6404266,233.3834229,229.3832245,231.3718872,220.776123,13992989
18/07/2016,234.9835052,237.4407806,228.9832001,230.0118256,219.4783325,32106850
19/07/2016,229.9546814,233.8291626,227.5088348,232.6519623,221.9975891,16649300
20/07/2016,233.1434174,235.0520782,232.3662262,233.8405914,223.1317596,12265316
21/07/2016,234.0691681,234.29776,229.7260895,230.0346832,219.5001526,6711097
22/07/2016,229.9546814,232.6519623,229.7489471,231.9776459,221.354126,6899519
25/07/2016,231.7833405,234.0120239,230.2632599,233.7834473,223.07724,8241568
26/07/2016,233.8405914,236.5378723,232.0576477,234.0805969,223.3607635,10516399
27/07/2016,233.8520203,234.5263367,230.6289978,231.5776215,220.9724274,11030767
28/07/2016,232.0005035,235.5549622,231.5661926,234.6063385,223.862442,15610838
29/07/2016,234.0691681,234.2749023,231.3261719,231.9890747,221.3650513,9629597
01/08/2016,232.6976776,233.2234192,229.7375183,230.754715,220.1872253,7978251
02/08/2016,230.41185,233.1548462,230.0232544,231.5090485,220.9070129,7710138
03/08/2016,231.8747711,231.8747711,226.6402283,227.2002563,216.795517,11872282
04/08/2016,228.354599,228.5831757,224.7886963,226.9830933,216.5883179,10187608
05/08/2016,228.1260071,232.9262543,227.9088593,232.2976532,221.6594849,12109001
08/08/2016,233.1319885,236.355011,232.8462524,235.2692413,224.4949799,13556347
09/08/2016,234.7549286,236.4692993,233.3834229,235.6006775,224.811264,13290768
10/08/2016,235.7264099,236.4807281,229.0403442,229.417511,218.9112396,13471958
11/08/2016,229.0289154,233.8063049,228.491745,231.8061981,221.1905365,14169454
12/08/2016,232.4690857,238.3894043,232.4690857,236.766449,225.9236298,16365425
16/08/2016,236.8693237,238.8237,232.1262207,234.2749023,223.5461884,13367575
17/08/2016,234.0920258,235.1663666,230.2289734,231.6233368,221.0160522,15486572
18/08/2016,232.240509,233.9891663,232.240509,232.7091064,222.0521088,7749690
19/08/2016,232.6976776,233.6120148,230.2061157,231.9890747,221.3650513,8177802
22/08/2016,231.3261719,233.0862732,230.2289734,231.2918854,220.6997986,6684236
23/08/2016,231.3261719,232.0119324,229.7260895,230.9718781,220.3944244,7320433
24/08/2016,231.2575989,233.6005859,231.0975952,233.2691345,222.5865021,8719596
25/08/2016,233.4291382,235.2120972,230.6404266,231.4861908,220.8851929,14960746
26/08/2016,232.6748199,235.6235352,231.9204865,234.9606476,224.200531,9639663
29/08/2016,234.8120728,242.2410278,234.5491943,241.7152863,230.6458588,16193208
30/08/2016,242.7553406,244.2411194,240.6980896,243.7611084,232.5979614,18170724
31/08/2016,243.4182281,245.4983368,239.3265839,242.298172,231.2020416,23295502
01/09/2016,240.6980896,245.2126007,234.4577637,235.2578125,224.4841156,42621045
02/09/2016,235.6921082,236.0235596,229.1089172,231.6347656,221.0269775,28124615
06/09/2016,233.1319885,234.29776,232.0119324,233.1319885,222.4556274,11510431
07/09/2016,233.6120148,234.7663574,231.5661926,232.6176758,221.9648895,12927438
08/09/2016,233.8520203,236.8007507,233.2005615,236.2178497,225.400177,12206479
09/09/2016,236.5835876,239.9894714,235.4406738,238.7665558,227.8321686,15269894
12/09/2016,235.5321045,241.3838348,235.2463837,239.2122955,228.2574615,33684893
14/09/2016,239.5551758,242.0695801,237.9322357,238.8122711,227.8757629,18604842
15/09/2016,239.3265839,244.629715,239.3265839,243.4410858,232.2926178,31371009
16/09/2016,243.8982544,250.0357056,242.0924377,245.8526306,234.5937042,39324529
19/09/2016,245.1668854,248.6985016,244.8125916,247.4184265,236.0878143,16678060
20/09/2016,247.7841644,247.9555969,244.3668518,245.5440521,234.2992706,11531268
21/09/2016,245.4983368,247.9898834,244.355423,245.0983124,233.8739166,10943394
22/09/2016,247.5555878,250.4814453,246.6412506,248.9156494,237.5164795,18761415
23/09/2016,248.9270782,253.6016083,248.9270782,252.0815277,240.537384,31085948
26/09/2016,252.2186737,258.1961365,251.498642,253.0872955,241.4970856,38213411
27/09/2016,255.3274078,257.37323,252.9501495,253.8416138,242.2168579,19374535
28/09/2016,253.2472992,253.2701569,248.309906,249.304245,237.8872681,24820234
29/09/2016,250.298584,253.8987579,243.9896851,245.1440277,233.917572,21260295
30/09/2016,244.1268311,250.1957245,243.7382355,247.7155914,236.3713531,11199883
03/10/2016,248.4699097,253.258728,246.0126495,249.3156738,237.8981934,18125170
04/10/2016,249.8528442,253.3387299,249.6128235,250.6071625,239.1305237,13113580
05/10/2016,252.355835,252.9272919,248.1956177,249.0185089,237.6145935,10789932
06/10/2016,249.6128235,257.441803,249.6128235,253.910202,242.2822723,21111045
07/10/2016,254.6416626,256.7103271,252.9272919,253.4987488,241.889679,15280380
10/10/2016,254.6416626,256.4703369,250.0699921,250.6071625,239.1305237,11553662
13/10/2016,248.9270782,248.9385071,240.4694977,241.6467133,230.5804138,21938040
14/10/2016,242.9839172,247.3269958,242.6753235,246.3326569,235.0517426,15265659
17/10/2016,246.8698273,247.0527039,242.0124359,242.4467468,231.3437958,9826781
18/10/2016,243.6696625,247.4984436,242.7667694,247.1212769,235.8042755,11073137
19/10/2016,247.8870239,250.230011,247.1898499,248.5499115,237.16745,17073242
20/10/2016,250.0585632,250.9843292,247.7955933,248.5956421,237.2111359,10125508
21/10/2016,250.7557526,250.7557526,241.9324341,243.2582245,232.1181183,43608816
24/10/2016,244.5839996,245.4983368,242.4467468,243.0524902,231.921814,10513017
25/10/2016,243.4410858,243.49823,240.9723816,242.4924622,231.3874359,7658966
26/10/2016,241.3952637,242.1724548,240.4923553,240.9380951,229.9042358,10945927
27/10/2016,240.2637787,240.9038086,238.5036926,239.7151794,228.7373352,12842476
28/10/2016,240.0123444,241.8410034,238.5951233,241.1438293,230.1005554,8127969
01/11/2016,240.309494,241.372406,239.4180145,240.240921,229.2389832,10223897
02/11/2016,237.9550934,238.3779755,233.3834229,234.0120239,223.2953491,7039997
03/11/2016,234.0348816,236.5264435,233.2919922,234.0577393,223.3389587,7311872
04/11/2016,233.2119904,234.7320709,228.5831757,229.8518219,219.3256683,11535892
07/11/2016,231.7833405,232.3662262,228.3660278,228.8460541,218.3659668,9506040
08/11/2016,229.8861084,229.8861084,228.1945801,229.3832245,218.87854,13432073
09/11/2016,217.1540222,230.6404266,212.5823517,229.6346588,219.1184692,21640144
10/11/2016,232.8348236,235.2006683,230.1832581,230.9604492,220.3834991,9764091
11/11/2016,228.0917206,232.5833893,227.4631195,228.9832001,218.4968262,14775330
15/11/2016,227.7831421,228.5831757,223.9086456,225.2458649,214.9306488,14487470
16/11/2016,227.4402618,227.8517151,224.171524,225.508728,215.1814728,16550762
17/11/2016,225.3830109,228.1602936,222.7314453,223.4972076,213.262085,12628378
18/11/2016,225.1544342,226.9145203,224.4686737,225.7258911,215.3886719,18163751
21/11/2016,225.7373199,227.1088104,224.742981,226.6402283,216.2611389,13232434
22/11/2016,228.0574341,230.3661194,227.0516663,228.9146271,218.4313965,17646355
23/11/2016,229.7260895,230.9833069,228.4803162,230.6404266,220.0781555,13107911
24/11/2016,229.8518219,229.8518219,224.5144043,225.6916046,215.3559723,18913793
25/11/2016,226.297348,227.6459808,225.0058594,227.1430969,216.7410126,10454964
28/11/2016,226.9830933,228.7203217,224.9487,225.5315857,215.2032623,8312777
29/11/2016,226.0687561,229.5660858,225.8516083,228.0574341,217.6134491,9885281
30/11/2016,228.5717468,228.5717468,225.5315857,226.3087769,215.94487,27596098
01/12/2016,228.5831757,232.0119324,227.4402618,228.0688629,217.6243439,12627845
02/12/2016,227.6459808,229.7260895,226.7088013,227.3831177,216.9700317,12481430
05/12/2016,227.4402618,228.5146027,225.4972992,227.1773987,216.7737122,3987213
06/12/2016,227.6688385,230.0803986,227.3488312,229.7718048,219.2492981,6726369
07/12/2016,229.4975128,230.3204041,227.7488556,228.3888855,217.9297485,4930865
08/12/2016,229.7375183,233.5662994,229.5775146,233.166275,222.488327,8750556
09/12/2016,233.6120148,235.8635559,233.2234192,235.2006683,224.4295654,8239158
12/12/2016,233.2691345,238.115097,233.2691345,234.8006439,224.0478668,9023848
13/12/2016,234.9835052,237.9550934,234.8806458,237.6807861,226.7960968,10365823
14/12/2016,237.6807861,243.3153687,237.3150635,242.1838837,231.0930023,24139260
15/12/2016,240.5609436,244.0354004,239.7037506,240.6866608,229.6643219,19331986
16/12/2016,240.4694977,242.7553406,240.4694977,241.6467133,230.5804138,14942206
19/12/2016,241.1552582,243.8868256,241.0066681,242.8810577,231.7582092,15009634
20/12/2016,241.0866852,242.5267487,240.7323761,241.8181458,230.743988,11688169
21/12/2016,242.3210297,243.9668274,241.6581421,243.0410614,231.9108887,20367894
22/12/2016,241.8410034,242.9039154,240.2294922,240.7780914,229.7515869,28892834
23/12/2016,240.4694977,244.3439941,240.4694977,241.6809998,230.6131134,10265033
26/12/2016,241.0066681,243.6696625,238.7894135,239.4294434,228.4646759,15321770
27/12/2016,239.5208893,243.9211121,239.3265839,243.3725128,232.2271576,17442849
28/12/2016,244.1039734,244.4811401,239.3494415,239.9437561,228.9554443,9637310
29/12/2016,240.0123444,244.3097076,239.8980408,243.5439453,232.3907471,8772325
30/12/2016,243.3953705,248.0127563,243.0067749,247.4184265,236.0878143,15711974
02/01/2017,247.7841644,249.1556702,245.12117,248.035614,236.6767273,7097888
03/01/2017,249.1213837,250.7557526,247.1212769,249.0185089,237.6145935,6434204
04/01/2017,249.8185577,249.8414154,243.2810822,243.9325409,232.7615814,10392483
05/01/2017,244.8125916,246.8469696,244.2982788,246.2755127,234.9972534,8734164
06/01/2017,245.5440521,248.0127563,245.2926025,245.7154846,234.4628448,7845839
09/01/2017,246.184082,248.241333,244.8125916,246.3440857,235.0626526,5228980
10/01/2017,246.8698273,250.1614227,246.8698273,249.1213837,237.7127686,11349916
11/01/2017,250.298584,250.4585876,247.7841644,248.2527618,236.8838959,11475958
12/01/2017,248.4699097,249.235672,246.8241119,247.6241608,236.2841034,4371992
13/01/2017,247.9098816,250.8700409,247.9098816,249.2471008,237.8327332,7234429
16/01/2017,249.1442413,250.0585632,245.486908,246.0126495,234.7463989,12013154
17/01/2017,243.4410858,244.1268311,237.3836365,238.0122375,227.1123962,39234251
18/01/2017,238.320816,239.5551758,235.1549377,236.0235596,225.2147522,15867619
19/01/2017,236.6178741,238.9380035,235.6692505,236.286438,225.4656219,15284274
20/01/2017,236.3435822,237.1436157,234.0463104,234.4806213,223.7424927,8784907
23/01/2017,233.5662994,235.6692505,231.5090485,232.2176514,221.5831604,13708502
24/01/2017,232.4690857,235.1663666,232.4690857,234.8235016,224.0696716,9419288
25/01/2017,235.8978424,236.0578461,232.2747955,232.537674,221.8885193,23856654
27/01/2017,233.2119904,235.1892395,232.9262543,234.3206177,223.5898132,21861796
30/01/2017,234.2863312,239.2008667,234.2520447,238.8237,227.886673,15678126
31/01/2017,239.2922974,240.8809509,237.7950745,238.9151306,227.973938,15125194
01/02/2017,239.1208649,240.2180634,236.629303,239.9323273,228.9445343,11312284
02/02/2017,240.0123444,240.1952057,237.3264923,238.5265503,227.6031342,9099129
03/02/2017,239.0980072,240.1152039,235.4635315,236.2750092,225.4547119,13219481
06/02/2017,237.0407562,238.8465576,235.9092712,238.1036682,227.199585,9991907
07/02/2017,238.18367,238.2636719,234.8006439,235.6463928,224.8548584,9905562
08/02/2017,235.6463928,237.3264923,233.6120148,234.3320465,223.6006927,16230826
09/02/2017,234.9835052,236.355011,234.7092133,236.0692749,225.2583923,9861688
10/02/2017,236.5835876,236.7093048,234.4234772,235.4749603,224.6912689,12518554
13/02/2017,236.1264191,236.355011,233.6120148,235.4063873,224.6258698,8565757
14/02/2017,236.5835876,240.6752319,235.4178162,239.9666138,228.9772491,18244623
15/02/2017,240.6752319,241.7267151,238.9265594,240.309494,229.3044586,15236663
16/02/2017,240.5952301,244.4582825,240.5952301,244.0125427,232.8379059,19655195
17/02/2017,243.7839661,246.4583893,241.9438629,245.8412018,234.5828094,14847356
20/02/2017,244.7097168,246.6069641,243.7839661,245.8183441,234.5609894,11650581
21/02/2017,245.7726288,249.372818,245.2811737,248.7442169,237.35289,14186476
22/02/2017,249.8414154,276.9627991,249.6128235,276.0141907,263.3739929,127323130
23/02/2017,277.4085388,279.3286438,269.5795593,270.3567505,257.9756165,62249698
27/02/2017,272.1282654,287.2833252,272.0939941,283.1917114,270.2228088,83422197
28/02/2017,281.6144714,285.2718201,280.8144226,282.997406,270.0374146,36111716
01/03/2017,283.4660034,284.4489136,281.1573181,282.1859436,269.2631226,24385665
02/03/2017,282.9631042,286.8033142,280.4830017,282.7002563,269.7538757,18063590
03/03/2017,283.7974548,294.3694153,283.7974548,287.6833496,274.5087891,84305639
06/03/2017,290.072052,299.901123,289.2148743,298.3810425,284.7165833,66724743
07/03/2017,301.4669189,303.3298645,296.2780762,298.2896118,284.6292725,42071555
08/03/2017,298.9182129,298.9182129,293.980835,295.1466064,281.6302795,43336972
09/03/2017,294.8723145,296.7009583,292.9293518,294.1293945,280.6596069,31094457
10/03/2017,294.9294434,296.2438049,288.289093,292.963623,279.5472107,24785585
14/03/2017,301.4440613,301.5012207,293.7865295,294.7579956,281.2594299,27765035
15/03/2017,295.1123047,300.8840332,294.9637451,298.2896118,284.6292725,24107889
16/03/2017,299.4439697,299.5354004,295.6951904,296.6209717,283.0371094,15924023
17/03/2017,298.9867859,301.7183533,296.7124023,297.3181458,283.7023621,22727289
20/03/2017,298.5296326,298.586792,292.2093201,292.7693481,279.3618774,12869337
21/03/2017,293.0893555,293.4779358,287.8547974,288.8834229,275.6539307,22596181
22/03/2017,286.1861267,289.3634338,284.9403687,287.946228,274.7595825,20291685
23/03/2017,288.7348328,292.0264282,287.5576477,291.0549622,277.7259827,11807911
24/03/2017,291.2378235,295.3294678,289.9463196,294.1293945,280.6596069,16282523
27/03/2017,290.552063,292.3007507,285.0889282,285.9804077,272.8838806,32452615
28/03/2017,287.5576477,288.9291382,283.9231567,284.7575073,271.7169189,21707345
29/03/2017,286.1175537,288.014801,281.9230652,287.249054,274.0943604,18924345
30/03/2017,286.8718872,291.3864136,286.4147339,290.4492188,277.1479797,27862325
31/03/2017,289.3862915,305.7642822,289.3862915,301.9355164,288.1082153,45390562
03/04/2017,306.7586365,315.559082,305.6271362,314.2218628,299.8319702,44886623
05/04/2017,318.9192505,324.1309509,315.4676514,323.4451904,308.6329346,40323877
06/04/2017,322.0737,331.1941528,320.5193481,328.8168945,313.7585754,50620850
07/04/2017,324.8852844,327.788269,320.5993347,321.5250854,306.8007202,31875272
10/04/2017,322.3022766,325.7081604,314.8276062,315.7533875,301.2933655,30768410
11/04/2017,317.2391663,320.1193237,313.1818237,313.6961365,299.3303223,32249647
12/04/2017,316.0848083,316.9191589,308.8501587,309.5016174,295.3279114,27448279
13/04/2017,309.5016174,313.9361267,307.9815369,311.9703369,297.6835022,12713918
17/04/2017,312.0160522,318.9992676,312.0160522,318.1535034,303.5835266,11837502
18/04/2017,320.0050354,322.3022766,312.4732056,313.2046814,298.8613281,16016414
19/04/2017,312.9303589,316.0276794,310.3130798,312.8846436,298.5560303,11572557
20/04/2017,315.216217,316.9991455,311.8103027,313.0560913,298.719574,8393496
21/04/2017,315.559082,324.8167114,315.1133423,320.5879211,305.9064636,30230907
24/04/2017,322.0851135,328.0168762,320.0621643,323.9938049,309.1563416,25512511
25/04/2017,333.7314453,335.5029602,325.9824829,327.5139771,312.5153198,36764315
26/04/2017,328.0168762,329.1712036,320.6107788,323.7766418,308.9491577,16763153
27/04/2017,323.9023743,325.5367432,320.5193481,322.1879883,307.4332275,12571594
28/04/2017,322.2451477,324.6566772,317.959198,318.9192505,304.3142395,11848658
02/05/2017,320.4736023,320.4736023,312.3132019,313.284668,298.9376526,18591411
03/05/2017,314.7361755,315.6162109,312.0160522,313.1818237,298.8394775,9500038
04/05/2017,314.3018799,315.353363,309.5130615,310.404541,296.1894226,14365934
05/05/2017,311.2388611,312.5532227,302.8727112,303.6156006,289.7113953,15598448
08/05/2017,304.015625,306.1871643,301.3526306,302.0498047,288.2173157,16066733
09/05/2017,302.6441345,304.8499451,301.7869263,304.0956421,290.1694031,21106150
10/05/2017,305.1128235,311.6960144,304.1642151,310.6673889,296.4402466,22906024
11/05/2017,311.8103027,313.1018066,308.964447,310.7702637,296.5384216,13783848
12/05/2017,310.884552,311.7874451,307.2272339,308.690155,294.5535889,7523427
15/05/2017,310.0502319,310.0502319,304.8156738,307.2386475,293.1685181,6738085
16/05/2017,307.6843872,314.7361755,306.5300293,310.0273743,295.8295593,12655992
17/05/2017,309.2730408,312.2331848,308.0729675,309.2958984,295.1315918,9844573
18/05/2017,306.3586121,308.5872803,302.6669922,303.4098816,289.5151062,9790379
19/05/2017,304.7013855,305.3185425,299.4439697,301.4669189,287.6611023,12813204
22/05/2017,303.2155762,304.8385315,300.6325989,302.6784058,288.8171692,8801430
23/05/2017,303.0327148,303.9813538,297.6152954,298.4267578,284.7601318,9223001
24/05/2017,298.8724976,300.2897339,296.0380859,296.6323853,283.0479431,14326531
25/05/2017,297.1581421,299.9925537,296.3466492,297.7181702,284.0840454,25922008
26/05/2017,298.0610352,307.3072205,297.1581421,305.6842957,291.6853027,21430443
29/05/2017,305.6157227,312.1188965,305.2956848,310.1645203,295.9604187,24022633
30/05/2017,309.9359436,311.9474792,308.2444153,310.7245483,296.4948425,9658309
31/05/2017,312.4732056,312.6903687,305.3414001,306.4614563,292.4268799,16423338
01/06/2017,304.6328125,306.3014526,302.4155579,303.6156006,289.7113953,9534069
02/06/2017,305.1585388,306.004303,301.0440369,302.8155518,288.9479675,11495005
05/06/2017,303.1584473,306.5300293,300.781189,303.8670349,289.951355,10835031
06/06/2017,304.9185181,304.9185181,299.6725464,300.0839844,286.3414917,9591064
07/06/2017,299.7182617,306.7586365,299.2153931,306.072876,292.0561218,11199223
08/06/2017,306.3014526,307.3986511,303.5698853,304.4042053,290.4639282,7903123
09/06/2017,307.4672241,309.2615967,304.2442017,305.3185425,291.3363647,13836547
12/06/2017,303.2270203,303.9584961,301.0440369,301.6040649,287.7919617,8432435
13/06/2017,301.8669434,303.3298645,299.6725464,300.4382935,286.6795654,6025338
14/06/2017,300.7926025,310.8731079,300.7926025,310.3016663,296.0913086,52939271
15/06/2017,310.8731079,318.8735352,310.6673889,316.3476868,301.8604126,28290813
16/06/2017,317.5249023,319.0563965,312.9989319,317.4563293,302.9183044,32710880
19/06/2017,317.7763367,323.6280518,317.7763367,322.1308289,307.3787537,15236956
20/06/2017,322.0737,325.0681458,321.7193909,322.839447,308.0548706,10142474
21/06/2017,321.799408,326.4167786,320.987915,325.0452881,310.1596985,19992472
22/06/2017,326.74823,330.3941345,326.3482056,327.4797058,312.4826355,22118609
23/06/2017,328.2454529,329.6169434,327.0111084,328.2111511,313.1805725,31143289
27/06/2017,327.3311157,329.84552,325.7310181,328.5083008,313.4641113,32591540
28/06/2017,329.1483459,329.1483459,318.9992676,319.673584,305.0339661,15567803
29/06/2017,320.016449,322.3022766,317.753479,318.3477783,303.7689209,12898245
30/06/2017,318.1877747,318.2792053,314.3132935,315.4447937,300.9988403,7814271
03/07/2017,317.3191528,318.8049622,313.3875427,315.6847839,301.2278442,9195278
04/07/2017,317.7306213,326.2110596,317.5020447,325.033844,310.1488037,18816782
05/07/2017,326.74823,330.8627319,325.5024414,329.7655334,314.6637878,27209010
06/07/2017,331.1484375,331.4456177,328.7026062,329.7426758,314.6420593,13590313
07/07/2017,329.84552,342.3604431,329.15979,340.8518066,325.2423096,35845310
10/07/2017,341.7546997,343.0805054,340.3832092,341.240387,325.6131592,3504540
11/07/2017,343.103363,343.8805237,339.9031982,341.5832825,325.9403381,20995547
12/07/2017,342.7376099,348.5893555,342.3033142,345.4120483,329.5937805,17104482
13/07/2017,344.8748779,348.5893555,344.2805481,347.9264526,334.6322021,23010262
14/07/2017,347.4464417,351.1037598,346.4292297,350.589447,337.1934204,20530867
17/07/2017,351.3323364,356.4983215,351.3323364,354.703949,341.1507263,18749450
18/07/2017,353.5724487,354.7153625,345.3891907,347.423584,334.1485901,19640167
19/07/2017,345.7549133,351.5609436,345.7549133,350.4065857,337.0175476,11790198
20/07/2017,351.9609375,354.3039246,348.2921753,349.480835,336.1271667,13626050
21/07/2017,354.3039246,363.8358459,353.1495972,362.3043518,348.4606628,97142371
24/07/2017,365.7330933,371.4248047,362.3043518,369.2189941,355.1111755,43429394
25/07/2017,371.3790894,371.4362488,365.1844788,366.2245483,352.2311096,20063064
26/07/2017,366.6931458,372.5677185,365.9845276,370.9333496,356.7599792,21954323
27/07/2017,372.1334229,372.9334412,363.0700989,364.5444641,350.6152344,18409364
28/07/2017,363.7329712,367.0931702,360.7042542,364.464447,350.538269,14331863
31/07/2017,366.178833,370.0304565,364.8187561,369.20755,355.1001587,16567422
01/08/2017,370.9333496,370.9333496,363.7901306,366.5559998,352.5499268,12311920
02/08/2017,368.0189209,373.8934937,367.5845947,372.4077148,358.178009,20786240
03/08/2017,371.8705444,380.5681458,369.6304321,377.1850891,362.7728882,19707381
04/08/2017,380.1338196,380.1338196,369.1846924,370.7962036,356.6281128,18579866
07/08/2017,372.9562988,372.9562988,368.6018066,369.4704285,355.3529663,9537088
08/08/2017,369.8475952,370.5447693,362.7157898,366.315979,352.3190918,10961296
09/08/2017,366.0759583,370.3047485,362.3043518,365.4587708,351.4946289,10436651
10/08/2017,364.1444397,367.2531738,360.6928406,362.1557617,348.3178101,10188164
11/08/2017,354.5210876,361.1614075,350.4179993,353.4467468,339.9415283,16996281
14/08/2017,356.8183289,362.190033,356.8183289,359.5727539,345.8334656,13440617
16/08/2017,359.3327637,360.2471008,354.3496399,357.9841309,344.3055725,13576650
17/08/2017,358.6470032,365.1959229,356.8526306,358.2127075,344.5254211,15828719
18/08/2017,357.5040894,360.6585388,355.0239563,360.1099243,346.3500977,7935890
21/08/2017,360.4756775,362.1100464,356.6469116,357.59552,343.9317322,7573558
22/08/2017,359.3327637,361.1385498,355.6868591,356.6011963,342.9754944,9533641
23/08/2017,357.6983948,362.6586304,355.0239563,361.6300049,347.8121033,8320052
24/08/2017,363.4472656,364.1558533,357.6183777,358.4298401,344.7342224,12654347
28/08/2017,360.9442749,361.6071472,356.8640442,358.0869751,344.40448,12316426
29/08/2017,357.0126343,358.3041382,349.7322693,350.2237244,336.8416443,15164812
30/08/2017,353.7438965,358.6012878,352.303833,357.526947,343.8658752,10334911
31/08/2017,360.0184937,365.1502075,359.789917,364.4758911,350.5493164,25104625
01/09/2017,365.6987915,369.5275574,365.5045166,368.0417786,353.9789124,15431918
04/09/2017,369.276123,373.9963684,364.7844543,368.784668,354.6933594,21560532
05/09/2017,372.5905762,373.6992188,370.5447693,373.184906,358.9255371,25216776
06/09/2017,371.7676697,377.7337036,370.9447937,376.1107483,361.7395935,48745984
07/09/2017,376.2479248,380.5910034,372.5905762,374.007782,359.71698,16205339
08/09/2017,374.8764038,376.3622131,371.264801,373.459198,359.1893616,13248413
11/09/2017,375.4707336,378.0079956,373.2991943,373.9163513,359.6289978,12690592
12/09/2017,376.133606,377.1622314,373.5049133,376.5907898,362.2012634,6500191
13/09/2017,376.7050781,393.1173401,375.790741,388.1342468,373.3036194,29377106
14/09/2017,391.242981,393.8488159,384.934082,385.7798157,371.0391541,11867640
15/09/2017,384.934082,389.8943176,381.6196289,384.8426514,370.1378174,28595395
18/09/2017,388.5914001,389.0714417,385.4369507,386.5570068,371.7866821,5061995
19/09/2017,387.9971008,388.0199585,382.6482544,383.3796997,368.7308044,7718697
20/09/2017,391.380127,398.877655,386.3512878,387.2884827,372.4901733,24942703
21/09/2017,387.2199097,389.3685913,382.3053589,384.6369019,369.9399414,12950541
22/09/2017,383.9740295,383.9740295,371.7676697,373.6877747,359.4091187,12294087
25/09/2017,372.5905762,378.5108948,368.1103516,375.585022,361.2339478,14229631
26/09/2017,375.653595,378.0994263,371.3105164,374.9221191,360.5963745,10564143
27/09/2017,377.436554,377.4822693,363.6758423,365.3444824,351.3847046,18448855
28/09/2017,365.5730896,367.0588684,356.6811829,359.5384827,345.8005371,29547622
29/09/2017,361.9614563,362.7157898,356.1783142,357.0012207,343.360199,16666208
03/10/2017,363.4472656,367.4931641,359.0355835,364.9787598,351.0328979,18345748
04/10/2017,365.3673401,377.1393738,363.7215576,374.3506775,360.0467529,18907611
05/10/2017,377.1622314,378.7394714,374.2592468,376.7736511,362.3771057,10631751
06/10/2017,376.7050781,383.7225952,376.065033,382.6711121,368.0492249,12997688
09/10/2017,383.562561,383.9283142,378.5337524,379.7452393,365.2351685,8850408
10/10/2017,379.9052429,387.3570557,379.9052429,385.482666,370.7533264,14732024
11/10/2017,386.4427185,392.4316101,382.1910706,384.0883179,369.412323,15420644
12/10/2017,384.9797974,400.8434753,384.9797974,398.9919434,383.74646,18642942
13/10/2017,401.9863892,407.1980591,399.2662354,400.6834412,385.373291,21509701
16/10/2017,401.8492432,407.7923889,393.7573853,400.8434753,385.5272827,32009221
17/10/2017,401.3920593,404.1350708,396.4546509,399.7234192,384.4500122,13898844
18/10/2017,401.1177673,419.6329956,400.0205688,418.0786438,402.1038208,36671941
19/10/2017,418.6729431,421.4616699,412.821228,415.9756775,400.0812683,8014767
23/10/2017,417.347168,431.8850708,415.6099243,429.6220703,413.2062378,27455320
24/10/2017,433.2565613,433.2565613,424.3418274,427.107666,410.7878723,13857773
25/10/2017,429.7821045,432.4336548,424.9361267,429.6906738,413.2721863,10011782
26/10/2017,429.7363892,437.8739319,425.6218872,433.1194153,416.5699463,16840049
27/10/2017,434.3080444,437.3710632,423.1988831,425.0961304,408.8531799,11498547
30/10/2017,426.9933777,432.2736511,425.4390259,430.879303,414.4154053,7823263
31/10/2017,431.9993591,432.3650818,426.1704712,430.1249695,413.6898804,9504986
01/11/2017,433.2794189,437.8739319,432.3650818,435.4738159,418.8343811,17571371
02/11/2017,435.5881042,437.2796326,431.6793213,432.7536621,416.2181396,10277678
03/11/2017,437.0281677,437.0281677,429.8049622,432.1593628,415.6465454,4798537
06/11/2017,430.879303,430.879303,424.70755,426.3076172,410.0184021,9757496
07/11/2017,426.696228,427.450531,412.8440857,414.5127258,398.6741943,20447574
08/11/2017,412.5926514,414.1927185,404.1807861,405.8722839,390.3638916,17752793
09/11/2017,409.0495911,415.9756775,407.8152466,411.6783142,395.9481201,15007224
10/11/2017,411.8840332,411.8840332,401.9406738,404.0664978,388.6271667,13923102
13/11/2017,404.5922241,407.7466736,399.3348083,400.1348572,384.8457336,9088619
14/11/2017,400.0205688,409.1638794,399.1062317,405.3694153,389.8802795,12481463
15/11/2017,404.3636475,407.1523438,401.3692017,403.9979248,388.5611572,15272059
16/11/2017,404.8208008,414.1927185,404.8208008,413.2098083,397.4210815,15160866
17/11/2017,420.1130371,422.8331604,415.3356323,416.8900146,400.9606934,12219276
20/11/2017,414.2841492,422.5817261,413.7355652,420.9816284,404.8959351,9231195
21/11/2017,423.7017822,429.576355,423.1074524,426.3304749,410.0403748,13082246
22/11/2017,428.5705872,429.1192017,422.1702576,425.5075989,409.2489624,11058315
23/11/2017,425.6218872,434.2623291,423.6332092,432.936554,416.3940735,16031638
24/11/2017,434.3080444,438.651123,433.1194153,434.8109131,418.1968384,13987125
27/11/2017,433.0508423,437.7367859,431.565033,434.9252014,418.3067017,10237135
28/11/2017,434.2394714,434.9252014,428.8677673,431.2678833,414.7891541,10153618
29/11/2017,430.5821228,434.3080444,430.1935425,432.4793701,415.9543762,8038351
30/11/2017,430.3992615,430.3992615,420.3644714,421.3016663,405.2037354,20637767
01/12/2017,422.6274414,425.7361755,414.9699097,416.0671082,400.1691895,11114967
04/12/2017,417.62146,417.758606,410.2382202,412.1811829,396.4317017,10103208
05/12/2017,411.9297485,420.9359131,409.3696289,417.7128906,401.7521057,18306627
06/12/2017,416.0213928,425.3018494,415.4727783,423.6332092,407.4461975,24078081
07/12/2017,425.187561,427.9077148,421.9645386,425.8733215,409.6007385,12095301
08/12/2017,426.9248047,428.3420105,420.1587524,421.0502014,404.9618835,12224184
11/12/2017,421.7131042,423.3360596,417.6443176,418.8329468,402.8293152,10792248
12/12/2017,418.7415161,424.70755,415.1070557,418.5815125,402.5875549,15782031
13/12/2017,419.1758423,422.8560181,416.3414001,418.1472168,402.1698303,9147866
14/12/2017,420.1358948,422.8331604,415.4499207,421.2788086,405.1817627,10983157
15/12/2017,425.6218872,426.5133667,419.5415649,420.4787598,404.4122925,24408414
18/12/2017,416.9128723,426.3761902,394.3745728,421.0502014,404.9618835,18581421
19/12/2017,422.2388611,423.7932129,420.5930481,423.3132019,407.1384277,8891691
20/12/2017,423.2903442,423.9760742,419.2215576,419.7472839,403.7087402,10443493
21/12/2017,419.8844299,422.3988647,416.0213928,417.3700256,401.4223633,9071450
22/12/2017,418.1472168,421.6902466,415.701355,420.7759094,404.6980896,10658428
26/12/2017,422.8103027,429.23349,419.7472839,425.0732727,408.8312073,11596338
27/12/2017,426.5362244,428.5934448,420.1358948,422.3074341,406.1710205,9520350
28/12/2017,422.9931641,427.176239,420.1816101,422.5131531,406.3689575,15511891
29/12/2017,423.5646362,426.2161865,419.9072876,421.0730591,404.9838562,11089700
01/01/2018,421.8273926,421.8273926,414.878479,415.9071045,400.0153503,9453202
02/01/2018,417.3928833,420.3873291,414.3755798,416.5471191,400.6308899,9499419
03/01/2018,422.8788757,423.3360596,417.415741,418.2157898,402.2357788,13507800
04/01/2018,419.7472839,421.4159546,418.6272278,420.7301941,404.6541138,9008932
05/01/2018,421.4159546,423.7474976,420.7073364,422.0788269,405.9512024,7441284
08/01/2018,423.3817749,425.6218872,422.1931458,424.5018311,408.2815857,8827020
09/01/2018,424.3189392,431.5193176,422.4217224,430.1706848,413.7338867,14294571
10/01/2018,431.1078796,433.1194153,427.6791382,430.81073,414.3494873,11727682
11/01/2018,430.5592651,430.947876,427.450531,428.7077637,412.3268433,7849171
12/01/2018,431.1078796,435.5881042,428.9363403,433.8508606,417.2734375,15071161
15/01/2018,434.3080444,438.1939392,432.1136475,433.9194336,417.339447,11120925
16/01/2018,433.2565613,433.2565613,420.5930481,421.9416809,405.8193359,10825151
17/01/2018,423.3360596,424.70755,414.6498718,422.6502991,406.500824,13204016
18/01/2018,424.70755,424.981842,418.3529358,420.4559021,404.3902893,9381821
19/01/2018,421.9645386,427.176239,421.5531006,425.7590332,409.4908142,9973533
22/01/2018,433.3937073,445.4171753,429.7363892,444.1371155,427.166626,45700733
23/01/2018,445.7372131,453.0289917,445.7372131,449.5088196,432.3331604,22526810
24/01/2018,448.8230591,448.8230591,440.0911865,441.7827148,424.9022217,14289485
25/01/2018,442.4913025,444.3656921,437.1195984,441.5769958,424.7043152,13669901
29/01/2018,441.7141418,446.7886658,438.5596924,440.9369507,424.0887756,9897064
30/01/2018,441.5312805,441.5312805,433.8508606,434.4909058,417.8890076,9182956
31/01/2018,434.3080444,440.9369507,430.4449768,439.4740295,422.6817322,12551686
01/02/2018,440.365509,444.6399841,428.1820068,431.49646,415.0090027,16524809
02/02/2018,427.450531,431.5421753,411.9068909,413.438385,397.6409302,28965593
05/02/2018,408.7067261,417.1643066,403.129303,412.4326172,396.673584,19191099
06/02/2018,400.934906,410.5354004,398.1918945,407.8381042,392.2546082,24062503
07/02/2018,412.615509,413.9184265,406.8780518,408.8895874,393.2659607,15532284
08/02/2018,410.4896851,416.3185425,407.9523926,413.5298157,397.7288818,13825894
09/02/2018,406.4208984,412.3640442,405.0493774,410.4668274,394.7828979,11580639
12/02/2018,412.821228,419.7701416,412.3869019,418.5357971,402.5435791,11877059
14/02/2018,421.9645386,430.879303,421.0502014,426.833374,410.5240479,22247829
15/02/2018,428.6620483,432.3650818,424.3189392,427.7477112,411.4035034,13363743
16/02/2018,429.5534973,430.9250183,419.7244263,421.1873779,405.0937805,9628162
19/02/2018,421.0502014,426.0790405,417.6443176,423.7932129,407.6000977,8941900
20/02/2018,424.70755,424.9589844,420.0444641,421.0959167,405.0058594,8458450
21/02/2018,425.1647034,426.3076172,421.5759583,424.8675537,408.6333923,11917390
22/02/2018,421.5073853,425.6218872,420.5930481,422.5817261,406.434906,11196908
23/02/2018,423.0617371,428.822052,421.8502502,427.107666,410.7878723,10610664
26/02/2018,429.2792053,431.9765015,428.1820068,429.1420593,412.7445374,8435611
27/02/2018,429.2792053,436.9595947,428.9820557,434.5366211,417.9329529,14021366
28/02/2018,432.4565125,437.5539246,431.1993103,436.3881531,419.7137756,56650480
01/03/2018,434.1937561,438.8339844,432.4565125,433.5765686,417.009613,8956590
05/03/2018,431.1078796,434.3766174,421.3245239,422.4674377,406.3249817,12325694
06/03/2018,424.70755,427.9991455,413.7812805,416.4099731,400.4989624,16019726
07/03/2018,415.6784973,415.6784973,405.9865723,406.7637634,391.2213135,15853546
08/03/2018,410.3753662,418.0786438,408.3867188,416.6842651,400.7627563,13283967
09/03/2018,418.2615051,420.2958984,416.5014038,417.4385986,401.4882507,10638527
12/03/2018,420.5930481,426.5819397,419.4729919,425.3018494,409.0510559,8315150
13/03/2018,426.0333252,427.9077148,421.2102356,426.0104675,409.7325745,11148731
14/03/2018,424.6161194,426.1018982,420.2273254,424.7304077,408.5014648,14724464
15/03/2018,422.8788757,424.913269,416.0213928,416.8442688,400.916687,12711836
16/03/2018,415.564209,415.8842468,405.0722656,411.4725952,395.7502747,30814962
19/03/2018,411.9068909,414.6041565,407.7923889,409.3924866,393.7495728,12630833
20/03/2018,408.3867188,413.2783813,405.5294189,406.7866211,391.2433167,15192983
21/03/2018,409.0953064,412.5240479,408.3867188,410.0325012,394.3651733,14715126
22/03/2018,409.6210632,416.9128723,409.5067749,415.1756287,399.3117981,22129723
23/03/2018,407.1523438,411.449707,406.4666138,408.6610107,393.0461426,23469999
26/03/2018,408.6838684,413.4155273,408.0209656,411.9526062,396.2119141,13227705
27/03/2018,414.741333,416.3642578,410.0782166,411.3582764,395.6402588,15179544
28/03/2018,409.5296326,409.5524902,402.3063965,403.540741,388.1214294,19160609
02/04/2018,408.2495422,411.8840332,405.2779846,408.2266846,392.6283264,12494499
03/04/2018,407.3352356,412.2268982,404.7065125,411.243988,395.530365,13922126
04/04/2018,413.5983887,416.8442688,407.8152466,409.1181641,393.4857788,14214534
05/04/2018,413.7812805,416.0213928,413.0498047,415.1984863,399.3337097,8527915
06/04/2018,415.1070557,419.9072876,413.7355652,416.4785461,400.5648804,9664888
09/04/2018,417.1871643,420.1358948,417.1871643,418.7643738,402.7633972,7813897
10/04/2018,419.8615723,422.3760071,417.9186401,419.2444153,403.2250671,8455132
11/04/2018,421.4159546,426.4219055,418.7872314,425.5533142,409.2929382,13140816
12/04/2018,425.0961304,428.2048645,422.5131531,424.5704041,408.3475647,10822592
13/04/2018,426.3990479,430.5135498,424.5704041,429.2106323,412.8105469,12616816
16/04/2018,427.1990967,429.7363892,424.4789734,428.3877258,412.0190735,8934275
17/04/2018,429.7363892,433.0279846,427.9077148,431.6793213,415.1848755,9599816
18/04/2018,432.1365051,433.4851379,427.4733887,428.822052,412.4367981,7360987
19/04/2018,429.3249207,432.0222168,427.450531,430.7878723,414.3274536,9802587
20/04/2018,428.822052,430.5821228,421.1416626,424.2046509,407.9958191,7326696
23/04/2018,425.1647034,431.7250366,424.4789734,427.9077148,411.5574341,7674482
24/04/2018,427.8162842,446.0572205,427.450531,443.4742126,426.5290833,19921115
25/04/2018,445.1200256,448.8459167,440.502655,443.6799622,426.7269897,14079382
26/04/2018,444.822876,451.6803589,439.9083252,445.8972168,428.8594666,34096999
27/04/2018,452.5032654,462.1951904,450.5374451,455.4748535,438.0711975,25518647
30/04/2018,448.9373779,453.7833252,438.8796997,440.3883667,423.5610962,19406069
02/05/2018,442.0798645,447.6572876,441.188385,444.68573,427.6943054,13381914
03/05/2018,447.0629883,447.0629883,438.5368347,439.6111755,422.8135681,8634812
04/05/2018,440.1826172,441.0283813,434.3080444,436.1138611,419.4499207,8302649
07/05/2018,438.3539734,444.9371643,437.2110596,443.9085388,426.9468079,7683268
08/05/2018,446.880127,448.9373779,441.256958,442.1255798,425.2319946,10792648
09/05/2018,441.5769958,449.9888306,439.9083252,446.5143738,429.4530945,9831044
10/05/2018,448.0230408,450.1260071,445.3943176,448.5487671,431.409729,8781584
11/05/2018,448.5944824,453.1889954,446.9944153,452.2518311,434.971283,8774740
14/05/2018,453.4861755,453.4861755,446.5143738,451.0403137,433.8060608,5642499
15/05/2018,449.4173889,457.1663513,446.4915161,447.5429993,430.4423828,10501479
16/05/2018,445.2800293,445.2800293,435.4281006,437.1195984,420.4172668,18840763
17/05/2018,438.58255,438.8796997,430.4221191,432.1822205,415.6685486,10353948
18/05/2018,432.2965088,435.9081116,426.0790405,426.9248047,410.61203,11440117
21/05/2018,425.5075989,427.7705688,421.5531006,425.7818909,409.5127869,14491208
22/05/2018,426.6047974,426.9933777,422.8788757,423.6789246,407.4902039,11310073
23/05/2018,423.3360596,423.3360596,415.632782,417.0500183,401.114563,9991028
24/05/2018,417.8500366,421.0502014,416.0899658,418.6958008,402.6974487,11632489
25/05/2018,418.7643738,422.1473999,418.0557861,420.9587708,404.8739624,17782410
28/05/2018,422.8331604,423.7932129,419.7244263,420.7759094,404.6980896,11369679
29/05/2018,421.2788086,424.2503662,418.0329285,419.4272766,403.401001,17878384
30/05/2018,418.2386475,422.0559692,414.4670105,418.8100891,402.807373,13105124
31/05/2018,421.0502014,421.6445313,418.1015015,421.2102356,405.1157837,37080158
01/06/2018,420.5930481,427.7934265,419.8844299,425.4161682,409.1610413,19174278
04/06/2018,426.7190857,431.565033,425.4161682,430.1249695,413.6898804,12250151
05/06/2018,431.016449,436.5938721,430.1935425,433.2337036,416.6798401,17436812
06/06/2018,432.936554,437.0510254,430.947876,436.3195801,419.6478271,9164022
07/06/2018,436.5481567,446.1943665,436.3424377,444.0685425,427.100708,14999572
08/06/2018,441.7827148,451.0174561,439.1539917,450.0117188,432.8167419,14289325
11/06/2018,451.2689209,457.1434937,447.5887146,449.2345276,432.0693359,15018718
12/06/2018,449.5773926,457.1663513,448.1601868,455.8634338,438.4449158,16285583
13/06/2018,457.1663513,459.8636475,452.3661194,458.3092651,440.7972412,12962502
14/06/2018,456.0005798,462.5609131,451.4060669,460.8008423,443.193634,11997529
15/06/2018,459.9093628,467.9097595,456.8234863,463.6581116,445.9417725,24705890
18/06/2018,461.1894226,466.5154114,460.3665161,464.2752991,446.5353088,12363932
19/06/2018,463.5209656,463.9324341,454.2633362,455.3605652,437.9612427,13881382
20/06/2018,455.337677,467.6354675,454.8119507,465.9667969,448.1621399,15735681
21/06/2018,467.8869019,473.6243591,466.9039917,471.7728271,453.7463989,22988909
22/06/2018,470.1498718,470.515625,461.0294189,462.8809509,445.1943054,35370008
25/06/2018,462.3780518,464.7095947,458.2178345,459.2007446,441.6546936,11369371
26/06/2018,459.9093628,459.9093628,445.8515015,447.5429993,430.4423828,17649122
27/06/2018,447.3372803,450.4917297,440.1140442,441.5541382,427.5212097,19595831
28/06/2018,439.7940369,442.765625,429.8735352,431.9993591,418.2701416,18770484
29/06/2018,433.8965759,445.9657898,433.8508606,444.5714111,430.4425964,17425606
02/07/2018,444.5256958,444.5256958,437.5082092,439.1539917,425.1973572,14570004
03/07/2018,441.1655273,447.3144226,439.0397034,444.0456848,429.9335938,11084063
04/07/2018,444.2742615,453.5090332,443.9085388,452.6404114,438.2551575,10938521
05/07/2018,455.7948608,461.0065613,438.2396851,440.9369507,426.9236755,40946479
06/07/2018,441.051239,449.3945313,440.9369507,446.9029846,432.7000732,20039239
09/07/2018,451.2689209,457.1663513,449.6231079,455.8405762,441.3536377,11309207
10/07/2018,458.4235535,470.1955872,457.1663513,468.9155273,454.0130615,22846197
11/07/2018,468.59552,475.8644714,465.3267822,474.9044189,459.8116455,18953870
12/07/2018,477.4416809,502.4258118,476.6416321,494.8139954,479.0884705,52736376
13/07/2018,493.9682617,506.9974976,493.7396545,502.7915649,486.8125,39301408
16/07/2018,502.7915649,506.9517822,490.5623474,492.0024414,476.3662415,14427529
17/07/2018,492.9624939,501.0314636,488.9851379,499.3856812,483.5148621,14150770
18/07/2018,502.1515198,504.9859619,492.5053101,499.4771118,483.603363,10241565
19/07/2018,499.8199768,509.7404785,496.6426697,505.1002502,489.047821,11885426
20/07/2018,509.0090332,520.4838867,508.3232727,515.980835,499.5825806,17538801
23/07/2018,516.5065308,516.5065308,508.8718872,512.1634521,495.8865356,12779803
24/07/2018,512.9406738,515.1121826,506.2660217,507.8889771,491.7479248,9775749
25/07/2018,507.4546509,513.3978271,504.8031006,509.8090515,493.6069336,13014255
26/07/2018,507.5003662,512.7120972,506.4488831,507.7518005,491.6151428,14053674
27/07/2018,511.7977295,519.9810181,508.437561,516.5294189,500.1138,14610585
30/07/2018,516.5979614,529.0786133,515.6836548,526.3813477,509.6525269,30344461
31/07/2018,526.1984863,544.2108154,524.4384155,542.1992798,524.9678345,30350826
01/08/2018,544.2108154,549.925415,541.9249878,545.1022949,527.7785034,21227054
02/08/2018,544.7137451,544.7137451,533.0331421,534.1303101,517.1553345,13668930
03/08/2018,537.1704712,541.0563965,534.678894,538.0619507,520.9620972,14536058
06/08/2018,537.9476318,546.7709351,537.3305054,545.2166138,527.8892212,8785462
07/08/2018,546.2680664,549.2396851,538.0847778,541.3764038,524.1710205,8879612
08/08/2018,541.7421265,558.8858643,541.7421265,556.6914673,538.9993896,17307566
09/08/2018,558.4287109,563.0917969,554.0856323,556.8057861,539.1101074,14976885
10/08/2018,553.628479,555.4571533,549.651123,550.5197144,533.0238647,7833494
13/08/2018,547.4795532,548.5767822,540.6906738,542.9765015,525.7203369,10211072
14/08/2018,544.0279541,556.4628906,541.4221191,553.4456177,535.8568115,11592139
16/08/2018,550.0854492,555.9143066,546.5423584,548.965332,531.5189209,13086024
17/08/2018,552.7141113,555.6400146,548.6224976,550.3140259,532.824707,8379864
20/08/2018,552.2112427,565.4233398,552.0969238,564.5547485,546.612793,16639535
21/08/2018,565.6290894,572.1436768,560.9431152,570.1778564,552.0571899,15923396
23/08/2018,569.7664185,582.4299316,566.1548462,580.3498535,561.9060059,17429373
24/08/2018,578.4297485,585.1500854,576.0524902,584.0300293,565.4690552,14550512
27/08/2018,584.8986206,592.4190063,584.6015015,590.4303589,571.6660767,12188510
28/08/2018,592.4876099,604.8311157,592.0304565,603.0024414,583.838562,19018790
29/08/2018,601.7680664,607.5740967,589.8360596,591.6646729,572.8612061,24230135
30/08/2018,591.3903809,593.0133667,580.8070068,582.6356812,564.1192017,21545859
31/08/2018,580.6012573,580.6012573,565.3319092,567.640625,549.600647,33479841
03/09/2018,569.1721191,575.0695801,560.5087891,561.9260254,544.067627,26686176
04/09/2018,564.6690063,573.6523438,561.8574829,567.777771,549.7334595,19333815
05/09/2018,568.0291748,572.6694336,552.4855347,560.9431152,543.1159058,22584608
06/09/2018,562.3831787,578.635437,560.1887817,576.6696167,558.3425903,24487897
07/09/2018,578.2697144,585.7901001,573.5151978,584.5328979,565.9561768,23389269
10/09/2018,582.887085,583.8014526,571.5036621,574.1323853,555.8860474,15440786
11/09/2018,575.5724487,579.869812,564.2575684,565.8347778,547.8521729,23787332
12/09/2018,572.2808228,575.4353027,561.7888794,572.6008911,554.4031982,17642490
14/09/2018,575.7553101,583.161377,570.383606,572.8980103,554.690918,17233514
17/09/2018,571.8008423,571.8008423,558.4744263,560.4402466,542.6290894,14773803
18/09/2018,560.4859619,566.6119995,555.1599731,556.4400024,538.7559814,16660044
19/09/2018,559.5715942,559.5715942,549.0568237,553.5141602,535.9230957,24642640
21/09/2018,557.2857666,565.6976318,541.0563965,556.6000366,538.9108276,41713856
24/09/2018,555.2056885,566.8405762,550.6568604,563.2518311,545.3512573,22098277
25/09/2018,564.8290405,569.1721191,546.3137817,562.5889282,544.7094116,21250513
26/09/2018,566.4291382,573.2637329,561.0117188,572.0979614,553.9162598,13992341
27/09/2018,573.7437744,577.401123,565.7433472,573.1723022,554.9564819,23642923
28/09/2018,575.9838867,581.378479,570.2235718,575.0924072,556.8156128,24220992
01/10/2018,574.9781494,574.9781494,550.4282837,563.0917969,545.1963501,16039441
03/10/2018,562.0860596,566.7034302,548.6224976,550.9311523,533.4221191,16135428
04/10/2018,543.7993774,544.2108154,505.6259766,513.0549316,496.7497253,50774608
05/10/2018,502.6544189,509.8776245,474.6072388,479.4989319,464.2601318,47998260
08/10/2018,480.0246887,510.6548157,468.8469543,507.1803589,491.0617981,53983473
09/10/2018,512.7806396,513.5349731,494.288269,498.334198,482.4967651,24042005
10/10/2018,500.0942688,510.1290894,495.7054749,503.8430481,487.8305664,20784941
11/10/2018,486.4250183,509.6261902,476.8245239,497.3055725,481.5008545,28926389
12/10/2018,505.1459656,516.1408081,503.7516174,515.020752,498.6530457,19814528
15/10/2018,516.5522461,524.3240967,511.1805725,521.0553589,504.4958191,19406012
16/10/2018,523.9126587,533.6959839,521.1696167,532.0502319,515.1413574,16358598
17/10/2018,538.9991455,539.1591187,521.1696167,526.3356323,509.6083679,27967162
19/10/2018,502.8829956,507.9118347,489.2822876,503.4772949,487.4764099,55606079
22/10/2018,507.4546509,509.6490479,483.3848572,485.8078308,470.3684998,28798142
23/10/2018,481.2818909,486.7450256,477.1216736,482.1733704,466.8496094,23128845
24/10/2018,491.4081116,491.8881531,471.5213928,478.0817261,462.88797,29869514
25/10/2018,473.6243591,475.7501831,464.6638794,471.2470703,456.2704773,30833933
26/10/2018,472.2071228,483.2248535,467.2240295,477.6931152,462.5117188,20085933
29/10/2018,478.1960144,500.0714111,478.1960144,497.3055725,481.5008545,16781215
30/10/2018,496.2540894,496.2540894,480.9847107,483.2248535,467.8676147,19263668
31/10/2018,484.1391602,487.270752,478.6531677,485.1677856,469.7487793,35999348
01/11/2018,488.2079468,488.2079468,480.0246887,482.881958,467.535614,20552752
02/11/2018,487.7965088,494.1968384,486.0364075,491.4081116,475.790802,36739798
05/11/2018,490.7452393,499.5456848,486.8821716,498.4484863,482.6074524,16585905
06/11/2018,500.1399841,508.368988,499.0427856,504.7573853,488.7158203,18886485
07/11/2018,509.7404785,509.7404785,505.9460144,507.7746582,491.637207,2808599
09/11/2018,505.7402954,509.1918945,496.0255127,499.8885498,484.0017395,23712291
12/11/2018,501.8315125,502.3343811,491.2481079,493.7396545,478.0482483,12690610
13/11/2018,490.9966736,504.2544861,489.1908569,502.6315613,486.6575623,14899604
14/11/2018,505.1916809,508.6661377,496.2540894,501.9458008,485.9936218,17034346
15/11/2018,501.4886475,504.2544861,496.7112427,501.4429321,485.5066833,14943663
16/11/2018,501.9458008,516.5751343,501.5572205,515.4093628,499.0293274,24131016
19/11/2018,517.9237671,526.5184937,517.0551758,525.741333,509.0328979,15987574
20/11/2018,523.4555054,528.4385986,516.5979614,519.9810181,503.4556885,12511640
21/11/2018,520.0267334,523.684082,506.1060181,508.780426,492.6110229,16422494
22/11/2018,509.5119019,514.472168,502.9287109,504.1859131,488.1625061,12670591
26/11/2018,506.9974976,510.8833923,501.6943665,507.3403625,491.2167053,13969873
27/11/2018,506.4945984,516.5979614,505.3745422,515.7750854,499.3833618,14896607
28/11/2018,517.7180176,529.2843628,514.9064941,526.9528198,510.2059021,17507771
29/11/2018,530.7701416,539.4105835,530.3129883,534.1989136,517.2216187,27640198
30/11/2018,535.9360962,542.1992798,531.3644409,533.7645874,516.8011475,23443212
03/12/2018,537.1247559,537.1247559,525.055542,528.6900635,511.8879395,12182825
04/12/2018,529.3986206,529.3986206,522.175415,526.7927856,510.0509338,11358720
05/12/2018,522.8840332,529.7644043,520.8496094,528.0957031,511.3124695,12729759
06/12/2018,525.2841187,525.2841187,511.2262878,513.6950073,497.3694458,12831451
07/12/2018,516.3465576,519.7752686,506.7003174,518.3352051,501.8621521,15779984
10/12/2018,507.4546509,509.4204712,495.1568909,498.4256287,482.5852966,20521072
11/12/2018,487.339325,503.8430481,482.3105164,501.7629395,485.8165588,29518062
12/12/2018,502.4258118,509.0547485,497.2827148,507.6832275,491.5487061,27572962
13/12/2018,515.6836548,515.6836548,500.6200256,506.1060181,490.0216064,20337275
14/12/2018,504.3002014,509.6947632,499.1342163,508.4604187,492.3011475,15795834
17/12/2018,510.1748047,517.9694824,508.1404114,516.5522461,500.1358337,11077711
18/12/2018,513.5349731,520.7124634,512.2548828,519.5238647,503.0130005,12841994
19/12/2018,521.8554077,524.506958,518.0609131,519.7067261,503.190094,16118419
20/12/2018,512.4834595,517.7409058,510.2662354,515.8894043,499.4940796,12609700
21/12/2018,514.3121338,517.1694336,501.0543213,502.9744263,486.989563,18115814
24/12/2018,503.2944336,504.3459167,496.7341003,497.9227295,482.0983887,9065704
26/12/2018,496.3912354,502.8829956,487.1793213,502.1286621,486.1707153,15771193
27/12/2018,506.1745911,515.2265015,504.7116699,512.1177368,495.8422852,27294221
28/12/2018,514.5407104,518.9981079,512.5748901,514.5635986,498.2104187,16768547
31/12/2018,517.0322876,518.3580933,510.289093,512.5977783,496.3070679,15799099
01/01/2019,514.4264526,515.3636475,507.5003662,512.4834595,496.1963501,9746670
02/01/2019,509.5119019,515.2265015,503.3401489,505.8088684,489.7338867,15628818
03/01/2019,506.3117371,509.5576172,498.3570557,499.5685425,483.691925,16288287
04/01/2019,501.6943665,504.9173889,494.2425537,502.2658081,486.3034668,18516544
07/01/2019,506.0831604,511.3177185,503.3401489,505.0545349,489.0035706,12060290
08/01/2019,505.2145386,507.4317932,501.0543213,505.0088196,488.9592896,12304389
09/01/2019,508.368988,510.6548157,502.2886658,507.7975159,491.6593628,12614237
10/01/2019,506.4260254,507.9118347,504.2544861,506.3117371,490.2208252,8925160
11/01/2019,506.3574524,509.1918945,497.6712952,501.9915161,486.0378723,14139060
14/01/2019,500.597168,503.1115723,496.6655273,501.4200745,485.4846191,8994060
15/01/2019,505.1688232,517.5123291,505.1688232,516.4379883,500.025238,22011407
16/01/2019,518.8837891,523.4555054,516.7579956,519.2952881,502.7917175,13961606
17/01/2019,523.2040405,524.78125,516.5979614,518.6323853,502.1498413,16379077
18/01/2019,525.192688,543.9822388,518.9981079,541.4449463,524.2374268,56181172
21/01/2019,545.8566284,566.8634033,543.4107666,565.8347778,547.8521729,48206814
22/01/2019,563.6175537,570.0635986,557.5600586,564.6690063,546.7234497,36207430
23/01/2019,563.8232422,568.8063965,558.6572876,560.6231079,542.8062134,19313542
24/01/2019,560.0288086,572.9208984,557.7886963,570.2921753,552.1678467,28775487
25/01/2019,571.6636963,578.1782837,564.7833252,569.6292725,551.526062,18703992
28/01/2019,571.6865234,574.1781006,558.8401489,562.1088867,544.2446289,18744303
29/01/2019,562.7717896,563.0689697,549.2167969,553.4684448,535.8788452,20405845
30/01/2019,555.4571533,560.0288086,544.5308228,546.6337891,529.2614136,17164298
31/01/2019,549.5139771,562.1774902,549.0568237,561.0117188,543.1824341,22279301
01/02/2019,564.1433105,573.7437744,560.9660034,571.4350586,553.2744141,20187323
04/02/2019,570.0864258,592.921936,567.8234863,590.1560669,571.4005127,25528059
05/02/2019,590.6589355,596.3278198,584.5328979,590.453186,571.6881104,20479210
06/02/2019,592.6018677,602.3852539,591.687561,599.0021973,579.9654541,20586783
07/02/2019,599.0021973,604.0081787,587.9616699,589.9274902,571.1791382,20150710
08/02/2019,587.3673096,594.5448608,581.6298828,584.12146,565.5576172,14230054
11/02/2019,583.298584,583.3442993,571.9151001,572.9437256,554.7351074,16457901
12/02/2019,572.1436768,581.6755981,572.1436768,574.3837891,556.1294556,13998153
14/02/2019,567.3434448,567.3434448,556.8286133,559.6630249,541.8765869,14496604
15/02/2019,562.2003174,571.4122314,554.999939,568.9206543,550.8400269,20994460
18/02/2019,571.4579468,572.6008911,555.4571533,557.7886963,540.0617676,21106139
19/02/2019,556.8286133,566.7491455,553.7199097,555.960022,538.2912598,13658461
20/02/2019,559.5030518,566.8862915,557.2857666,564.3032837,546.3692627,13776558
21/02/2019,565.0576172,575.0238647,562.0174561,570.0407104,551.9244385,23142949
22/02/2019,568.9892578,569.3092651,560.4859619,563.3889771,545.4840698,19152470
25/02/2019,565.0576172,568.2578125,558.0401001,563.3660889,545.4619141,17176522
26/02/2019,552.942688,564.5090332,551.3426514,557.8572388,540.1282349,22160532
27/02/2019,561.4231567,569.1264038,552.7141113,559.3430176,541.5667114,24308835
28/02/2019,564.0289917,566.817688,560.7373657,562.7946167,544.9086304,24688859
01/03/2019,565.5147705,567.9606323,558.7716064,560.5087891,542.6953735,17329606
05/03/2019,559.2973022,566.7948608,557.1029053,565.8119507,547.8300781,15577500
06/03/2019,566.7948608,582.0184937,564.6461792,578.223999,559.8476563,26332276
07/03/2019,577.8582764,585.0814819,575.1838379,580.7155762,562.2601318,17738092
08/03/2019,578.7954712,582.6356812,576.9439697,579.2755127,560.8657837,13211934
11/03/2019,580.6241455,599.8022461,579.6869507,596.1906738,577.2433472,21258869
12/03/2019,602.0423584,609.8599243,600.8308716,608.6484375,589.3051147,24561597
13/03/2019,611.2314453,621.7462158,607.1626587,615.9402466,596.3652344,24577591
14/03/2019,617.0603027,622.6605835,610.8199463,613.3115234,593.8200073,22753310
15/03/2019,614.8887329,621.1976318,599.4365234,604.2139282,585.0115967,34764353
18/03/2019,608.4884033,620.809082,607.5740967,617.1974487,597.5825195,22104063
19/03/2019,621.7462158,630.8895874,614.0201416,629.3123779,609.3123779,21448030
20/03/2019,629.8837891,634.546875,623.5748901,628.8094482,608.8254395,21639437
22/03/2019,627.4608154,631.3010254,611.0942993,613.4029541,593.9086304,25078643
25/03/2019,608.305542,611.1628418,601.9509277,605.4939575,586.2509766,17394088
26/03/2019,608.168396,627.0493774,608.03125,625.06073,605.1958618,20734876
27/03/2019,629.9523926,629.9523926,614.5458984,616.8317261,597.2283936,22079870
28/03/2019,617.2888794,626.2265015,613.8829956,621.7462158,601.9866943,22930248
01/04/2019,626.3179321,643.1416016,622.9120483,636.3070068,616.0847168,22088854
02/04/2019,639.1185913,641.4501343,630.9353027,635.3240967,615.1331177,17526740
03/04/2019,636.7184448,641.4044189,627.2322388,628.6951904,608.7148438,17169813
04/04/2019,630.4324341,632.5811157,615.9173584,618.5689697,598.9104004,18320845
05/04/2019,622.180542,623.5291748,613.9744263,618.9575195,599.2866211,14717266
08/04/2019,619.9176025,620.6033325,605.151123,607.6883545,588.3756714,19081843
09/04/2019,607.5283813,612.9229126,603.916748,610.0656738,590.6773682,20774977
10/04/2019,611.6657104,616.2602539,606.4311523,608.6712646,589.3272705,16651949
11/04/2019,609.3798828,618.5460815,607.5740967,615.7116699,596.1439209,12558520
12/04/2019,617.1745605,620.3290405,611.0714111,614.0201416,594.5062256,12948769
15/04/2019,614.8887329,616.6945801,610.3170776,612.6715088,593.2003784,9285737
16/04/2019,614.8887329,621.7462158,612.6029053,614.3173218,594.7938232,17360317
18/04/2019,628.6037598,635.3469238,624.0321045,633.6097412,613.4731445,39286534
22/04/2019,621.7462158,624.9464111,613.1972046,615.0487671,595.5020752,23607922
23/04/2019,616.2602539,627.6893921,615.3459473,623.5063477,603.6908569,19807450
24/04/2019,626.4550781,637.6556396,624.6035156,635.232666,615.0445557,16101112
25/04/2019,635.0498047,645.7017822,622.9348755,627.4151001,607.4754028,30469914
26/04/2019,628.6037598,638.1813965,626.6379395,636.741272,616.505127,15069884
30/04/2019,638.387085,638.387085,624.8549805,636.741272,616.505127,22348580
02/05/2019,636.3755493,646.3875122,631.8496094,642.3416138,621.9276123,18992003
03/05/2019,643.6673584,648.0333252,641.2443848,644.0787964,623.609436,14240262
06/05/2019,639.1185913,641.3129883,630.0209351,633.1296997,613.0083618,15832114
07/05/2019,637.6556396,637.7470703,612.6943359,614.2030029,594.6832275,19417647
08/05/2019,612.6029053,612.6029053,590.7503662,594.0648193,575.1850586,31958919
09/05/2019,589.1959839,589.1959839,572.2579956,574.4066772,556.1517334,42670173
10/05/2019,578.3154297,584.12146,569.1721191,571.9837036,553.8057251,24557430
13/05/2019,570.4979248,576.3953247,561.1716919,563.2518311,545.3512573,17603659
14/05/2019,565.2861938,580.3041382,563.0003662,576.2353516,557.9222412,28438234
15/05/2019,581.9727783,584.258606,571.7322388,574.6123657,556.3508301,24419559
16/05/2019,576.0067749,581.4699097,575.1610107,578.4754639,560.0911255,14451308
17/05/2019,579.2297974,583.7785645,572.3722534,579.4126587,560.9984131,17276949
20/05/2019,600.5337524,611.5514526,595.9163208,606.1568604,586.8928223,26979100
21/05/2019,609.0370483,624.9464111,608.0541382,612.5114746,593.0454102,30343560
22/05/2019,615.1859131,621.6090698,610.362793,612.7857666,593.3110352,24689918
23/05/2019,627.2322388,636.3755493,605.7454224,609.814209,590.4338989,38766006
24/05/2019,616.2602539,618.9118042,601.8594971,611.1628418,591.7396851,22269265
27/05/2019,611.2771606,611.460022,597.5164185,599.1850586,580.1425171,16076686
28/05/2019,603.3681641,610.225647,600.4194336,605.1739502,585.9411621,42594251
29/05/2019,603.916748,609.539917,596.213501,600.2822876,581.204834,15558515
30/05/2019,601.7452393,613.5172729,601.7452393,607.9169922,588.5969849,23494381
31/05/2019,611.6428833,613.4715576,603.5510254,608.0998535,588.7739868,25724066
03/06/2019,610.3170776,625.06073,604.0081787,621.8377075,602.0753174,18556942
04/06/2019,620.5804443,628.2608643,616.3059692,617.928894,598.2907104,15442761
06/06/2019,622.6148682,622.6148682,603.9624634,606.8197632,587.534668,16764835
07/06/2019,606.1797485,606.7740479,596.8764038,601.1280518,582.0238037,14722419
10/06/2019,603.8710327,606.659729,598.9336548,603.0709839,583.9049683,11768468
11/06/2019,604.3053589,610.088501,602.5452881,607.6426392,588.3313599,11492074
12/06/2019,610.1799316,611.87146,605.7454224,609.0141602,589.6593628,10297599
13/06/2019,608.03125,610.1799316,598.270752,606.7740479,587.4904175,15686169
14/06/2019,604.328186,605.7454224,598.6136475,602.3395386,583.1968384,14942768
17/06/2019,603.4595947,603.4595947,584.4871826,586.2244263,567.593811,14908257
18/06/2019,584.6700439,588.8074341,580.1898193,585.630127,567.0184326,16797371
19/06/2019,588.3273926,595.2305908,577.2182617,583.9614258,565.402832,14492763
20/06/2019,585.1729126,594.3162842,584.258606,592.8304443,573.9899902,10748848
21/06/2019,592.4647217,592.4876099,583.1385498,584.9443359,566.3544312,23236832
24/06/2019,581.5841675,583.5499878,574.7038574,577.1268311,558.7852783,11267228
25/06/2019,575.5267334,593.4019165,573.4008789,592.4190063,573.5915527,14966899
26/06/2019,590.2017822,596.4192505,588.0759277,591.6418457,572.8390503,11593027
27/06/2019,591.1846924,592.8990479,581.0584106,582.4985352,563.9862671,24905533
28/06/2019,583.847168,586.4758911,570.8407593,572.8751831,554.6687622,18942165
01/07/2019,575.1381226,581.8127441,569.835022,580.0755615,561.6403809,13478857
02/07/2019,582.4071045,585.630127,577.538269,584.4871826,565.9117432,10146746
03/07/2019,586.4987183,588.1445313,582.9099731,586.3386841,567.7044067,8806492
04/07/2019,585.8129883,590.2017822,585.1729126,587.0015869,568.3462524,9351405
05/07/2019,587.5044556,589.9732056,576.0296021,577.5610962,559.2057495,10926753
08/07/2019,575.1152954,579.732666,570.6350708,572.3951416,554.2039795,14009219
09/07/2019,570.9779053,586.7730103,569.4006958,585.2186279,566.6199341,17535754
10/07/2019,585.1958008,589.4474487,580.006958,584.6472168,566.0667114,12018196
11/07/2019,588.3731079,589.6531982,584.8529053,585.8815308,567.2617798,8608376
12/07/2019,586.5444336,594.3162842,584.2814331,585.4015503,566.7970581,15692436
15/07/2019,587.4587402,589.5159912,580.7612915,583.3900146,564.8494873,10659498
16/07/2019,585.1500854,591.9847412,583.8242798,591.1160889,572.329895,10070773
17/07/2019,591.7103882,592.9447632,585.1729126,586.0186768,567.3945313,9482233
18/07/2019,586.0872803,588.0988159,575.1152954,576.8753662,558.5418701,11942908
19/07/2019,579.7783813,581.9498901,568.1206055,571.0007935,552.8540039,16336536
22/07/2019,571.9151001,587.2301636,561.0802612,585.4015503,566.7970581,29092589
23/07/2019,587.4587402,591.5275269,576.2124634,582.2242432,563.7207031,20316348
24/07/2019,582.201355,584.6243286,573.0808716,575.6181641,557.324646,15189179
25/07/2019,577.8582764,580.1669922,560.9431152,563.0003662,545.1078491,21805071
26/07/2019,563.0003662,568.0291748,553.1712646,554.9085083,537.2731934,20387504
29/07/2019,556.3257446,558.6572876,550.9311523,553.6055908,536.0115967,17626045
30/07/2019,554.9771118,557.742981,537.6047974,539.8677368,522.7103882,20853117
31/07/2019,537.5133667,541.7421265,531.4101563,533.1702881,516.225769,21229950
01/08/2019,531.8673096,543.2050781,525.9013062,539.5706177,522.4226685,22628222
02/08/2019,537.4904785,547.7995605,531.2730103,541.4449463,527.3842773,23766807
05/08/2019,533.5131226,533.5131226,515.6836548,522.7011719,509.1272278,30399133
06/08/2019,518.7695313,525.5584717,512.9406738,515.8208008,502.4255066,29067994
07/08/2019,514.9979248,520.5067749,504.3002014,507.1803589,494.0094299,25349369
08/08/2019,506.7003174,529.3986206,500.734314,526.8156738,513.1348877,31198568
09/08/2019,531.1587524,537.3990479,526.7927856,531.2730103,517.4764404,21970009
13/08/2019,563.7546997,595.5963135,560.4859619,582.7728271,567.6387939,104827144
14/08/2019,596.1449585,596.350647,585.3329468,588.9445801,573.6503906,31688983
16/08/2019,590.2932129,590.5675049,581.9727783,584.258606,569.0859985,21977767
19/08/2019,585.6529541,592.8533325,585.1729126,590.9332275,575.5872803,16317602
20/08/2019,589.6531982,590.9332275,581.789917,583.3214111,568.1730957,14969299
21/08/2019,583.1842651,584.5557861,579.0012207,581.0355835,565.9466553,10677848
22/08/2019,581.0355835,581.0584106,566.3834229,569.972168,555.1706543,14031953
23/08/2019,566.4291382,587.0015869,560.7145386,583.2756958,568.1286011,21307915
26/08/2019,591.5732422,591.5732422,575.5724487,579.1383667,564.0988159,19202504
27/08/2019,587.4587402,587.4587402,576.578186,582.8185425,567.6833496,28401906
28/08/2019,582.3156738,585.630127,574.2238159,577.538269,562.5402222,11605488
29/08/2019,574.4066772,576.1439209,564.7376099,567.6863403,552.9441528,18890222
30/08/2019,569.4006958,573.4694824,558.2001343,570.7950439,555.972168,24735240
03/09/2019,567.914917,568.2578125,548.5996094,551.5255127,537.2030029,18730619
04/09/2019,548.8510742,550.9997559,542.222168,549.1253662,534.8652344,32949395
05/09/2019,551.708374,554.6342163,545.5366211,547.9595947,533.7296143,22995486
06/09/2019,549.9711304,561.8574829,546.4281006,558.8858643,544.3722534,23186819
09/09/2019,558.0401001,563.6860962,554.6113892,558.7487183,544.2386475,11747929
11/09/2019,558.8858643,566.8862915,558.8858643,564.3261719,549.6711426,12127900
12/09/2019,564.6004639,567.09198,551.2055054,553.3312988,538.961853,11880005
13/09/2019,554.0856323,561.6288452,551.7540894,560.3031006,545.7527466,12947715
16/09/2019,543.5708008,557.3314819,542.2449951,553.5141602,539.1400146,20547730
17/09/2019,553.628479,553.628479,545.6280518,547.4338379,533.2175293,15640772
18/09/2019,550.8626099,556.0514526,547.3195801,551.2055054,536.8912964,14933909
19/09/2019,552.1883545,553.0341187,536.0961304,539.0219727,525.0240479,13766222
20/09/2019,543.0907593,580.555542,536.8504639,573.4465942,558.5548706,48165560
23/09/2019,582.4985352,585.630127,564.6004639,566.5205688,551.8086548,21610844
24/09/2019,568.5321045,593.7676392,568.1434937,584.5786133,569.3977051,34958974
25/09/2019,587.0015869,592.0304565,580.0755615,584.9672241,569.7762451,18192270
26/09/2019,590.6589355,593.7676392,586.7730103,592.8533325,577.4575195,18350457
27/09/2019,590.8875122,601.1737671,587.0015869,598.4536133,582.9124146,19058663
30/09/2019,598.8879395,610.6599731,596.8535156,609.0598755,593.2432861,25263770
01/10/2019,611.2314453,613.5172729,591.2532349,596.5563965,581.0645142,17920384
03/10/2019,587.9159546,601.0366211,585.7672729,599.367981,583.8030396,13524851
04/10/2019,603.4138794,607.3912354,596.076355,598.0192871,582.4893188,14992253
07/10/2019,598.0192871,603.8253174,595.0934448,598.9336548,583.3799438,10061584
09/10/2019,598.2936401,608.0084229,590.8875122,605.6311035,589.9036255,17588647
10/10/2019,605.7454224,625.8607178,603.916748,623.003479,606.824707,35006390
11/10/2019,623.4377441,624.3063965,611.0256958,618.3632202,602.3049316,16597126
14/10/2019,624.0092163,624.0092163,617.5631714,620.8319092,604.7095337,13394275
15/10/2019,622.8891602,626.3179321,619.1403809,623.6434937,607.4481812,9672791
16/10/2019,626.2722168,630.7295532,623.4377441,627.3922729,611.0995483,19403660
17/10/2019,628.6037598,639.5757446,627.2322388,638.4328003,621.8533936,16038940
18/10/2019,641.8615723,652.7878418,639.4385986,647.5075684,630.6925659,28121951
22/10/2019,651.4620361,656.8794556,641.5643921,646.5018311,629.7128296,27786502
23/10/2019,647.4847412,651.8963623,632.3296509,636.5584106,620.0276489,18446160
24/10/2019,640.4900513,658.9595947,633.8840332,656.6965942,639.6428833,22642488
25/10/2019,658.8224487,658.9824219,645.1760254,654.2965088,637.3050537,13539957
27/10/2019,658.7767334,660.6054077,653.7478638,655.6908569,638.663269,3014841
29/10/2019,660.8339844,676.6062012,659.2796021,670.6859131,653.2689209,25768505
30/10/2019,676.6062012,678.6863403,667.6000366,676.1947632,658.6347046,16341366
31/10/2019,678.4348755,681.0178833,668.2400513,669.4515381,652.0665283,19463741
01/11/2019,665.177063,668.2857666,658.7767334,666.0456543,648.7491455,13904301
04/11/2019,670.1601563,672.4916992,660.651123,666.3885498,649.0830688,14063434
05/11/2019,668.880127,671.5545044,658.7767334,661.6568604,644.4743042,12685356
06/11/2019,659.553894,661.2682495,653.0621338,655.9879761,638.9527588,14625505
07/11/2019,656.0337524,668.8343506,654.7536621,666.822876,649.5062256,14084039
08/11/2019,662.434082,667.3028564,658.9138794,660.8339844,643.6727905,12019353
11/11/2019,657.9080811,660.2625122,650.34198,652.7421265,635.7910767,11357841
13/11/2019,653.7478638,674.7318115,653.7478638,673.0859985,655.6066895,25225749
14/11/2019,674.7775269,677.3376465,665.5427856,668.7200928,651.354187,14258133
15/11/2019,670.0458984,679.7149658,668.9029541,672.4231567,654.9610596,15691605
18/11/2019,673.2460327,679.3491821,665.3599243,667.097168,649.7734375,14076051
19/11/2019,670.6630249,692.5613403,669.7487183,690.2069092,672.282959,30176255
20/11/2019,710.9165649,718.8483887,705.4991455,707.5335083,689.159668,43538120
21/11/2019,706.3220215,711.3508301,698.8016357,702.9389648,684.6844482,14897371
22/11/2019,704.9962158,717.522583,702.9389648,707.0077515,688.647522,22352865
25/11/2019,709.133606,715.3739014,709.0650024,713.8881226,695.3492432,15146156
26/11/2019,716.8825684,720.6541748,711.3508301,713.2938232,694.7703247,35330983
27/11/2019,713.1566772,720.265625,711.3965454,717.6826172,699.0452271,9642739
28/11/2019,718.9626465,724.2200928,714.9853516,722.460022,703.6984863,13747479
29/11/2019,723.2142944,723.2142944,707.624939,709.133606,690.7181396,18559594
02/12/2019,731.4661865,738.0722046,720.951355,725.2944336,706.4593506,31225364
03/12/2019,728.1517334,728.7231445,718.9398193,721.8199463,703.0751343,12990426
04/12/2019,719.1226807,721.1799316,701.178894,709.8422241,691.4083862,20987607
05/12/2019,719.579834,722.2085571,705.8648682,708.99646,690.5845337,19942460
06/12/2019,709.9793701,716.836853,704.5390625,710.8479614,692.3880005,13085234
09/12/2019,711.4194336,721.1342163,707.0077515,718.9398193,700.2697144,12642677
10/12/2019,718.6883545,719.3969727,710.5050659,714.0709839,695.5273438,10173333
11/12/2019,711.1679688,719.8084106,708.8821411,714.2767334,695.7276611,12364641
12/12/2019,717.8654785,719.5112915,711.6480103,716.9282837,698.3105469,10326606
13/12/2019,722.3228149,726.8945313,718.8483887,723.6486206,704.8562622,12668303
16/12/2019,727.8088379,728.6774292,715.1682129,716.1968384,697.5979004,11892718
17/12/2019,716.2653809,721.8656616,711.1451416,714.4138794,695.8612671,20324601
18/12/2019,714.5510254,722.3228149,714.0938721,720.4255981,701.7169189,14742077
19/12/2019,719.442688,738.2779541,718.5740967,736.0149536,716.9013672,20507816
20/12/2019,738.3236694,739.4894409,729.6832275,731.0547485,712.0700073,21271510
23/12/2019,713.2252197,721.2027588,712.1737671,718.3912354,699.7353516,25107772
24/12/2019,717.248291,718.6883545,705.1790771,706.9849243,688.6253052,18048449
26/12/2019,704.7905273,709.9564819,690.3897705,692.789917,674.7990112,29761019
27/12/2019,698.0930176,706.8706055,695.4871826,705.1105347,686.7996216,17677571
30/12/2019,706.7563477,707.5335083,698.5730591,705.9562988,687.6234131,17123749
31/12/2019,704.9505005,705.7277222,689.4297485,692.1727295,674.1977539,22203005
01/01/2020,693.9785156,698.1387329,688.2639771,690.1383057,672.2160645,14004468
02/01/2020,691.2355347,704.47052,691.2355347,701.8875122,683.6602173,17710316
03/01/2020,700.8359985,704.7905273,696.2643433,702.7332764,684.4840698,20984698
06/01/2020,694.8928833,698.5044556,684.8352051,686.4353027,668.609314,24519177
07/01/2020,694.4356689,701.5217896,691.9212646,696.9958496,678.8956909,16683622
08/01/2020,692.6070557,701.4989014,690.321228,691.7612915,673.7970581,16047902
09/01/2020,703.3961792,708.6078491,700.0360107,707.6935425,689.3154297,14982742
10/01/2020,709.4764404,712.2423096,703.8761597,707.5335083,689.159668,12478359
13/01/2020,706.3449097,712.5852051,703.3047485,705.7277222,687.4006958,18282382
14/01/2020,704.0361938,708.6078491,695.7386475,699.1902466,681.03302,15816535
15/01/2020,702.1389771,703.9904785,694.0928345,696.6529541,678.5617065,15817859
16/01/2020,699.0073853,705.567688,698.5501709,703.0761108,684.8179321,12847975
17/01/2020,710.2079468,724.5858154,710.0708008,722.7800293,704.0101929,29463471
20/01/2020,735.5806885,735.5806885,697.8187256,700.5388794,682.3466187,32545850
21/01/2020,698.8245239,706.7106323,695.8071899,701.2474976,683.0368652,18922720
22/01/2020,705.8648682,707.1220703,699.9674072,700.9960327,682.7919922,10322817
23/01/2020,702.4360962,704.9276733,695.2128906,698.0244751,679.8974609,11247739
24/01/2020,698.0930176,702.3675537,694.2299805,695.6015015,677.5374756,14628445
27/01/2020,692.5613403,696.9272461,688.0353394,688.7439575,670.8579712,13387750
28/01/2020,689.6811523,690.321228,669.1087036,672.8345947,655.3617554,24532236
29/01/2020,673.8860474,683.1893921,669.3143921,676.5376587,658.96875,24746565
30/01/2020,676.1490479,676.4690552,658.3195801,660.0339355,642.8935547,22402689
31/01/2020,664.2626953,664.3770142,643.3245239,645.3588867,628.5996094,34750310
03/02/2020,626.2722168,640.0100708,623.140625,633.4039917,616.9552612,30712290
04/02/2020,640.0328979,654.8908081,639.0271606,652.1021118,635.1677246,25383901
05/02/2020,655.9879761,664.1712646,653.8850708,662.2054443,645.008667,18472100
06/02/2020,664.765625,670.6630249,658.3652954,666.4570923,649.1498413,15538577
07/02/2020,663.3483887,663.9655762,652.9707031,655.4165649,638.3961182,12209212
10/02/2020,652.8335571,660.8339844,644.8103027,656.3080444,639.2644043,15142476
11/02/2020,661.7025757,670.2973022,660.6282349,664.1484375,646.9011841,13999816
12/02/2020,665.7028198,674.2518311,665.177063,672.1716919,654.7161255,13533565
13/02/2020,675.5775757,675.5775757,668.6514893,673.9317627,656.430603,13565659
14/02/2020,675.348999,686.4124146,664.3084106,680.0806885,662.4197388,21227841
17/02/2020,680.7207031,688.5610962,674.0003662,675.8061523,658.2561646,13149130
18/02/2020,674.7318115,674.7318115,666.274231,670.8458862,653.4247437,11127161
19/02/2020,676.309021,688.6982422,674.3660889,687.4867554,669.6334839,14084409
20/02/2020,684.3780518,689.4068604,678.3434448,679.326355,661.6849976,16892268
24/02/2020,671.9202271,675.2346802,658.1138306,660.5825195,643.4278564,21370214
25/02/2020,663.53125,663.53125,644.6045532,647.5304565,630.7147217,27745062
26/02/2020,644.6045532,645.678894,634.2497559,636.3755493,619.8496094,29362748
27/02/2020,634.546875,637.1984863,625.8607178,633.7468872,617.2891235,25054993
28/02/2020,619.4146729,620.3747559,605.7454224,607.4140625,591.6401367,39315769
02/03/2020,619.5061035,625.8607178,594.8191528,601.6995239,586.0739746,29500495
03/03/2020,607.894104,618.9575195,604.3739014,613.9058228,597.9633179,27398798
04/03/2020,618.0889282,618.9118042,597.9278564,612.4657593,596.5606079,22105261
05/03/2020,618.1803589,620.809082,597.0592651,599.4136963,583.8475952,30510390
06/03/2020,580.6012573,588.8988647,567.3891602,581.0584106,565.9689941,33734039
09/03/2020,566.9091187,567.3434448,500.597168,509.3518982,496.1245728,88187018
11/03/2020,506.5403137,538.7476807,506.5403137,527.3642578,513.6691284,59578576
12/03/2020,496.0255127,503.3401489,479.4303589,485.9678345,473.3477478,55970485
13/03/2020,456.2520142,521.1696167,430.8335876,505.3059692,492.1837463,73297403
16/03/2020,484.8477783,493.6025085,459.452179,464.3438721,452.2853699,38482258
17/03/2020,478.7674561,484.596344,458.629303,460.8237,448.8566284,45445979
18/03/2020,468.732666,473.5786438,439.3368835,442.765625,431.2674561,44730415
19/03/2020,420.6387634,442.0798645,407.8838196,419.5415649,408.6465759,61404010
20/03/2020,429.507782,473.12146,425.1647034,465.3724976,453.287262,63360475
23/03/2020,418.8558044,434.3080444,400.3177185,404.1579285,393.662384,40670949
24/03/2020,425.1647034,443.451355,409.5296326,431.290741,420.0905762,45734887
25/03/2020,440.6169434,526.4498901,440.365509,494.76828,481.9196777,73130298
26/03/2020,500.9628906,510.6091003,476.5273438,487.4307556,474.7727356,45744488
27/03/2020,500.597168,506.2203064,478.2874451,487.1564636,474.5055237,41657940
30/03/2020,475.7273254,491.3623962,466.3096924,471.0870667,458.8534546,30229866
31/03/2020,490.9738159,516.5065308,479.1103516,509.1690369,495.9464417,44292810
01/04/2020,513.0549316,514.1292725,477.8302917,493.9454041,481.1181946,41597459
03/04/2020,518.6323853,518.6323853,482.9048157,492.5738831,479.7822876,41367807
07/04/2020,503.8430481,554.999939,502.8829956,551.3883667,537.0693359,54373624
08/04/2020,539.4562988,561.8574829,530.3129883,545.0108643,530.8575439,49880330
09/04/2020,554.999939,563.5946655,545.3994751,557.7200928,543.2367554,33032857
13/04/2020,550.4054565,555.4571533,539.4562988,543.6394043,529.5216064,23673784
15/04/2020,547.2509766,565.0576172,522.5411377,525.6727295,512.0214844,35321842
16/04/2020,525.6727295,542.8621826,523.4555054,533.9931641,520.1259155,37455706
17/04/2020,555.9143066,562.3146362,545.2394409,559.5715942,545.0401001,33269335
20/04/2020,560.4859619,574.6580811,549.5139771,568.6235352,553.8569946,36030932
21/04/2020,553.1712646,572.3722534,532.1416626,565.6748047,550.9848022,61371628
22/04/2020,603.4595947,633.1296997,594.3162842,623.3920288,607.2033081,142683366
23/04/2020,625.1064453,633.5640259,618.6832275,626.7293701,610.4539795,65464502
24/04/2020,617.2431641,683.4408569,615.8945313,647.8047485,630.9819336,134986308
27/04/2020,655.5765381,674.3203735,650.5477295,653.633606,636.6594238,58482901
28/04/2020,662.8912354,665.3827515,636.4441528,652.9021606,635.9469604,78453401
29/04/2020,660.5596924,664.5598755,649.1762085,652.3535156,635.4125366,37494672
30/04/2020,664.6970215,683.4408569,657.4281006,670.2058716,652.8013916,71345899
04/05/2020,658.3195801,669.7487183,648.010437,656.1251831,639.0862427,53456868
05/05/2020,664.5827637,676.1490479,661.611145,667.7600098,650.4189453,44903763
06/05/2020,669.2915649,678.8692017,660.8339844,667.8057861,650.463623,40489094
07/05/2020,665.177063,691.9898682,660.6054077,688.9268188,671.0361328,50026966
08/05/2020,706.3220215,722.2770996,702.7103882,714.0024414,695.4605713,84262770
11/05/2020,722.3228149,738.3236694,718.8026733,720.8599243,702.1400146,67085063
12/05/2020,715.3739014,716.9968872,669.7487183,676.2633057,658.701416,100683202
13/05/2020,704.7102661,704.7102661,671.020752,690.6114502,672.677002,66430125
14/05/2020,677.9432373,690.7268066,659.9678345,662.6906738,645.4812622,49266771
15/05/2020,666.4057617,676.8818359,653.0684204,673.5128784,656.0224609,62152260
18/05/2020,678.4047852,683.942749,659.0217896,664.9058838,647.6389771,62796089
19/05/2020,672.4052734,674.5743408,647.5996704,650.2070923,633.3218994,42315854
20/05/2020,650.7147827,667.7210693,642.8692627,661.6523438,644.4699707,55320985
21/05/2020,662.2522583,674.4589233,657.6372681,665.1366577,647.8637695,39167981
22/05/2020,670.0054932,672.8667603,658.3295288,660.6600952,643.503418,37828973
26/05/2020,668.3209839,669.0363159,653.6221924,657.1988525,640.1321411,33216635
27/05/2020,660.40625,671.020752,651.6377563,667.1210938,649.7966309,35667956
28/05/2020,671.4822388,682.9043579,668.7132568,679.4431152,661.7987061,40126278
29/05/2020,677.4817505,679.3277588,670.3977661,675.8203735,658.2700195,40022527
01/06/2020,683.0197754,709.9483032,681.1506958,701.6412964,683.4203491,39943702
02/06/2020,704.2487793,710.7097778,701.848938,708.7252808,690.3204956,22153960
03/06/2020,713.0172729,719.9397583,707.6407471,711.4712524,692.9951172,25381289
04/06/2020,712.5557251,733.5540161,711.1712646,729.0774536,710.144043,34202350
05/06/2020,736.0922241,746.7067261,726.2622681,729.9542847,710.9981689,33076685
08/06/2020,746.8913574,746.8913574,722.2472534,724.3239746,705.5140381,31414953
09/06/2020,720.078186,730.5542603,707.479248,709.3944702,690.9723511,25857161
10/06/2020,712.1403809,728.9620972,710.7328491,725.5469971,706.7053223,22132647
11/06/2020,722.7087402,723.6086426,706.5562744,709.6483154,691.2194824,20385805
12/06/2020,692.2497559,735.1692505,690.8652344,733.230957,714.1897583,38548899
15/06/2020,722.2472534,750.8371582,720.4473877,745.114563,725.7648315,53107403
16/06/2020,758.2442627,760.805542,731.6156616,746.5682983,727.1808472,51187003
17/06/2020,742.2070923,754.7598877,739.3688965,745.4837646,726.1243896,41782053
18/06/2020,741.630249,768.3972168,740.9841309,764.1975708,744.3521729,40471557
19/06/2020,770.7047119,825.5308838,767.0127563,811.9628296,790.8770142,105804173
22/06/2020,818.4238281,832.6380005,800.7022095,805.8479614,784.9209595,60198705
23/06/2020,807.6246948,813.9703369,791.9798584,794.1950684,773.5706177,37962078
24/06/2020,801.1175537,818.100769,789.9492798,797.4024658,776.6947021,51586221
25/06/2020,797.0101929,807.163208,790.5722656,792.8105469,772.2221069,39679374
26/06/2020,797.8409424,808.5477295,792.3952026,803.7711792,782.8980713,30921913
29/06/2020,797.494812,802.8943481,791.7260742,795.2334595,774.5820923,25621946
30/06/2020,801.6252441,803.4711914,782.4960327,786.4418945,766.0189209,30276420
01/07/2020,793.7797241,807.163208,788.2647705,801.9020996,781.0775757,28464103
02/07/2020,804.3942261,815.7471313,800.7252808,812.4012451,794.5241699,28789533
03/07/2020,821.3773804,827.4692383,815.9317017,825.1155396,806.9587402,29434266
06/07/2020,833.0072021,857.4666748,827.053833,854.6054077,835.7996216,47016185
07/07/2020,858.3897095,860.3972168,833.6071777,841.5218506,823.0039673,35189589
08/07/2020,841.7987671,846.8291016,826.0847168,829.7767334,811.5172729,26204095
09/07/2020,834.8532104,846.8521729,824.3540649,841.8910522,823.3650513,36418942
10/07/2020,843.852478,869.7426147,841.8910522,866.7197876,847.647522,43759967
13/07/2020,878.3956909,898.8632202,876.8496704,893.0021973,873.3515015,69608392
14/07/2020,892.5407104,896.0942383,870.9886475,884.6951904,865.227356,67331128
15/07/2020,894.3635864,913.2158813,829.7767334,851.0056763,832.2791748,139669773
16/07/2020,852.3901978,862.5432129,836.4453735,850.7288208,832.0083008,60961724
17/07/2020,851.4672241,886.0797119,848.2366943,882.2492676,862.835144,49726765
20/07/2020,885.0643921,891.6176758,876.6881714,886.0335083,866.5361328,36592938
21/07/2020,894.8482056,912.3851929,893.694458,909.8699951,889.8480835,42173371
22/07/2020,915.1541748,927.6146851,904.8627319,924.8457031,904.4943237,59771457
23/07/2020,924.8225708,959.781189,919.0076904,949.6743774,928.7765503,58333751
24/07/2020,949.7666626,998.2241211,949.6743774,990.447876,968.652832,120597372
27/07/2020,1005.515869,1014.74585,982.0255127,995.0859375,973.1887817,80304827
28/07/2020,995.0859375,1012.53064,992.5245972,1005.008179,982.8927612,55114422
29/07/2020,1005.100525,1007.361816,955.5123291,967.6036377,946.3112793,72663399
30/07/2020,968.6881714,987.4711914,956.2276611,973.2339478,951.8178101,72857444
31/07/2020,975.8414307,982.5331421,947.3668823,953.9663086,932.9740601,74958061
03/08/2020,946.6746216,949.3051758,924.4302979,927.1531982,906.7510376,46715383
04/08/2020,932.5065918,1000.070129,923.1150513,992.5015259,970.6612549,92041055
05/08/2020,1000.993164,1013.453613,977.5950928,981.3563232,959.7613525,74549993
06/08/2020,995.4551392,1000.393188,972.7493286,984.8867798,963.2141724,49322975
07/08/2020,982.9023438,995.8243408,978.4719849,990.5863037,968.788208,32984416
10/08/2020,996.4243164,999.1471558,972.8878174,978.3104248,956.7824097,26958997
11/08/2020,985.2098389,996.8396606,969.3111572,984.7483521,963.0787964,46828306
12/08/2020,978.8411255,989.9171753,972.2878418,981.8870239,960.2803345,30264617
13/08/2020,982.0716553,987.1019897,973.7646484,979.3257446,957.7754517,24830322
14/08/2020,979.5564575,995.4551392,964.1885376,975.5183716,954.0518188,33224635
17/08/2020,971.4571533,971.4571533,955.3508301,965.1577148,943.9191895,30979066
18/08/2020,962.2271729,984.979126,961.0042114,977.7105103,956.1957397,30547672
19/08/2020,988.071167,994.0706787,979.0026855,983.7099609,962.0631714,34087543
20/08/2020,978.3796387,980.1795044,963.6116333,967.788208,946.4917603,22537845
21/08/2020,977.456665,979.3026733,958.5351563,960.7734375,939.6314697,25280895
24/08/2020,965.1807861,971.2263794,955.5354004,967.1882935,945.9050903,32717218
25/08/2020,971.9186401,974.364624,958.9966431,960.8887939,939.7441406,19388008
26/08/2020,962.2271729,991.2785645,944.6901855,986.3635864,964.6583862,59870421
27/08/2020,991.3016357,992.2246704,970.6495361,974.0415649,952.607605,28085062
28/08/2020,978.3796387,984.3330078,972.0340576,976.6029053,955.1125488,27166900
31/08/2020,1003.300659,1003.300659,950.8511963,960.2427368,939.1124268,62076132
01/09/2020,969.1496582,979.4872437,951.7972412,963.265564,942.0687256,38616258
02/09/2020,965.4576416,986.6866455,962.2271729,982.1639404,960.5512085,26949439
03/09/2020,982.0716553,987.0327759,970.5341797,974.7338257,953.2846069,18586429
04/09/2020,961.5579834,967.7420654,956.3199463,958.6505127,937.5551758,28475945
07/09/2020,961.765686,971.8032837,943.4210205,961.1426392,939.9925537,21926473
08/09/2020,965.4576416,978.8411255,960.1503906,972.4263306,951.0278931,27397082
09/09/2020,962.2271729,1000.439331,960.5888062,997.4626465,975.5131836,55310877
10/09/2020,1007.500305,1082.194092,1003.923645,1067.910645,1044.410767,140304404
11/09/2020,1066.987671,1078.917358,1055.496338,1070.564209,1047.006104,59470807
14/09/2020,1072.987183,1089.139648,1053.142578,1062.626465,1039.243164,44063445
15/09/2020,1066.9646,1073.333252,1055.980835,1070.148926,1046.599976,27178393
16/09/2020,1070.679565,1093.45459,1066.318481,1072.779419,1049.172729,33952295
17/09/2020,1070.679565,1077.002197,1057.688354,1060.872803,1037.528198,25828669
18/09/2020,1068.026001,1070.425781,1050.627441,1064.0802,1040.664917,33074915
21/09/2020,1061.449585,1078.063599,1037.151611,1041.074463,1018.165344,33627381
22/09/2020,1050.835083,1050.835083,1016.014954,1020.445374,997.9901733,34792254
23/09/2020,1042.989624,1050.719727,1017.745605,1029.513794,1006.85907,42988708
24/09/2020,1018.945496,1027.298584,1004.246704,1006.623474,984.4725342,29826318
25/09/2020,1010.223145,1021.206848,1000.208618,1016.084167,993.7249756,28374935
28/09/2020,1027.760132,1032.83667,1018.553223,1022.799011,1000.292175,19666849
29/09/2020,1026.837158,1044.835571,1022.799011,1036.09021,1013.290771,25842539
30/09/2020,1042.989624,1046.220093,1026.837158,1031.152222,1008.461426,24465159
01/10/2020,1044.743286,1044.743286,1021.76062,1026.952515,1004.354187,20783227
05/10/2020,1035.605591,1037.9823,1018.068665,1020.929932,998.4641113,18922799
06/10/2020,1026.952515,1030.944458,1016.061096,1020.076172,997.6290894,18412175
07/10/2020,1031.452148,1065.603149,1024.529663,1041.835938,1018.910156,53170865
08/10/2020,1042.528076,1046.681641,1025.498779,1033.413452,1010.672974,21077808
09/10/2020,1031.452148,1039.759155,1023.191284,1030.736816,1008.055237,18545499
12/10/2020,1031.452148,1041.028198,1027.414063,1032.398193,1009.679993,14226473
13/10/2020,1029.421509,1054.873291,1027.22937,1052.542725,1029.38147,23112012
14/10/2020,1051.712036,1063.295654,1046.912354,1055.680908,1032.450317,26742011
15/10/2020,1056.834595,1056.834595,1012.992126,1018.299377,995.8914185,20036197
16/10/2020,1022.222168,1030.29834,1002.677612,1004.131348,982.0352783,21583600
19/10/2020,1010.707703,1028.544678,994.6013794,1004.315918,982.2156372,31200385
20/10/2020,1005.608154,1012.069153,993.2630005,994.9475098,973.0534668,18482288
21/10/2020,1000.531677,1011.607666,968.1112671,980.5025635,958.9263916,34082321
22/10/2020,981.7947388,984.1483765,964.9961548,972.3570557,950.960144,30802210
23/10/2020,971.9186401,985.302124,967.4882813,975.1722412,953.7133789,23422125
26/10/2020,970.0495605,970.0495605,931.5374146,936.4293213,915.822998,37324416
27/10/2020,939.1060181,950.6204224,925.3071899,938.9214478,918.2602539,36478896
28/10/2020,942.2903442,949.6282349,926.4147949,928.2838745,907.8568115,29924017
29/10/2020,921.6151733,942.3826904,918.8461914,935.4140015,914.8300781,30655304
30/10/2020,938.4598999,953.043335,933.0603638,948.1514282,927.2871704,34021563
02/11/2020,935.460144,935.460144,857.9974365,866.4428711,847.3765869,99366895
03/11/2020,872.2346802,881.0031738,846.8983765,853.9592896,835.1677856,88691623
04/11/2020,847.7752075,890.2332153,847.7752075,882.9414673,863.512146,80180117
05/11/2020,902.2091064,904.9780884,891.6176758,902.2321777,882.3782959,37205373
06/11/2020,918.3847046,941.4596558,912.9158936,936.4523926,915.845459,66674086
09/11/2020,951.6588135,954.8431396,939.6136475,946.3977051,925.5720215,35838510
10/11/2020,958.5351563,964.534668,942.0134888,962.0194702,940.8499756,36934242
11/11/2020,964.0731812,966.8421631,912.8928223,921.7074585,901.4251099,56724780
12/11/2020,914.2312012,926.899353,906.847168,913.7696533,893.6619263,40046527
13/11/2020,914.692688,939.9136353,914.5773315,921.3382568,901.0640259,45388670
14/11/2020,929.8760376,930.0606079,920.8536987,924.0610962,903.7269287,5226220
17/11/2020,962.2271729,962.2271729,916.0771484,919.8845215,899.6422119,46542562
18/11/2020,919.8845215,925.9994507,904.5858154,917.0924683,896.9116211,30402290
19/11/2020,917.0924683,927.8223267,908.3239746,910.6083984,890.5701904,27796343
20/11/2020,911.4621582,915.5233765,874.5421753,876.6189575,857.3287354,57471248
23/11/2020,900.3861694,909.1546631,888.9640503,900.2477417,880.4376221,45327567
24/11/2020,906.3856812,911.0006714,891.6176758,906.4087524,886.4631348,30936268
25/11/2020,913.7696533,919.7460938,896.3250122,898.9093628,879.1287231,32637879
26/11/2020,901.3322754,906.847168,890.7177734,901.1245728,881.295105,25838637
27/11/2020,895.5404053,902.7398071,886.725769,890.602356,871.0044556,47336811
01/12/2020,895.4711914,907.4240723,890.7177734,902.1860352,882.333252,19750687
02/12/2020,903.8474121,905.4627075,893.0021973,903.6859131,883.8000488,22188887
03/12/2020,910.0776978,914.2773438,903.916626,906.4087524,886.4631348,27785372
04/12/2020,908.6931763,908.6931763,895.3096924,898.4248047,878.6547241,18464552
07/12/2020,895.5866089,906.847168,895.5866089,903.7089844,883.8226929,18242188
08/12/2020,905.0704346,929.5760498,899.9246826,920.1152954,899.8679199,43403061
09/12/2020,927.5916138,938.5983887,922.6535645,935.4370728,914.8525391,29175254
10/12/2020,932.9680786,936.1524048,923.4611816,926.2301636,905.8482056,16065507
11/12/2020,928.9991455,940.5366821,911.1160278,925.6763916,905.3066406,26944202
14/12/2020,926.6685791,929.9221802,916.7001953,918.9846191,898.762146,17312747
15/12/2020,918.2462158,918.2462158,905.0473022,911.1622314,891.1118774,18551265
16/12/2020,917.4616699,920.6691284,907.1702271,912.1774902,892.1047974,18561011
17/12/2020,915.8464355,925.3071899,912.4544067,916.3540649,896.1894531,20252358
18/12/2020,913.8158569,925.2610474,906.847168,919.0999756,898.875,18466344
21/12/2020,927.6146851,933.1526489,856.1975708,895.1712036,875.4727783,44135540
22/12/2020,899.4631958,904.0320435,871.5193481,893.7867432,874.1187744,28140001
23/12/2020,890.6947021,900.5938721,886.3796387,897.0864868,877.3458252,19501410
24/12/2020,898.5401611,922.4458618,898.0325317,920.2999268,900.0484619,20776988
28/12/2020,926.0917358,931.3067017,920.8306274,924.522644,904.1782837,17221499
29/12/2020,927.1531982,928.6761475,914.9464722,918.4077759,898.197998,18611939
30/12/2020,920.8075562,926.3224487,911.7160034,920.9229126,900.6577148,22043630
31/12/2020,919.999939,928.4915161,913.1235962,916.2156372,896.0540771,18781189
01/01/2021,917.4616699,921.6151733,914.692688,917.230957,897.0470581,10015175
04/01/2021,920.7383423,922.4920044,908.2316895,918.7769775,898.5591431,24513534
05/01/2021,908.6931763,915.4310913,902.6936646,907.3548584,887.3883667,24123091
06/01/2021,907.2625122,907.3086548,879.2264404,883.4260864,863.986145,46401468
07/01/2021,886.3104248,897.6171875,879.2264404,881.9954224,862.5869141,32325918
08/01/2021,885.1566772,894.5712891,882.4338379,892.4022217,872.7647095,27540187
11/01/2021,894.7558594,894.7558594,873.3884277,875.5805664,856.3131714,33307825
12/01/2021,878.2341919,904.5396729,876.8035278,903.1782837,883.3035889,41161546
13/01/2021,906.1779785,911.4390869,885.3643799,894.7558594,875.0665894,26619458
14/01/2021,897.6171875,907.7240601,894.8712769,904.8165894,884.9058838,21553242
15/01/2021,904.8165894,910.9083862,886.1027832,894.1328735,874.4572754,20593268
18/01/2021,899.5093384,921.6151733,887.6257324,915.5925903,895.4447632,35100458
19/01/2021,920.5306396,937.3061523,920.5306396,930.5682983,910.0909424,32006615
20/01/2021,932.8757935,949.7666626,923.645752,948.2437134,927.3774414,30924537
21/01/2021,960.8426514,978.3796387,957.6121826,968.8727417,947.5524902,39087742
22/01/2021,974.2261353,976.2337036,939.2213745,945.8900757,925.0755005,30532660
25/01/2021,939.1290894,939.1290894,891.6176758,895.7711792,876.0595093,54207104
27/01/2021,888.387207,888.387207,871.3117065,874.5421753,855.2977295,42370131
28/01/2021,867.6889038,887.6026611,863.0046997,866.0275269,846.9703979,34067814
29/01/2021,874.2191162,882.8953247,844.5446777,850.0596313,831.3539429,43712383
01/02/2021,858.112793,879.1571655,852.8516846,874.6806641,855.4331055,34180952
02/02/2021,883.4260864,895.3096924,856.0591431,888.7564087,869.1991577,41470034
03/02/2021,889.9101563,900.8476563,876.8496704,890.9946899,871.3881836,30301696
04/02/2021,887.9256592,895.3096924,879.1571655,888.0641479,868.5220947,25626981
05/02/2021,890.7177734,897.4556885,886.0797119,887.8103027,868.2738647,20248046
08/02/2021,892.1022339,908.6931763,890.2562866,900.5938721,880.776062,21183400
09/02/2021,905.4396362,918.2000732,900.986145,902.7628784,882.8973389,19604141
10/02/2021,901.6553345,915.961792,889.4486084,911.1390991,891.0892334,21234156
11/02/2021,913.7696533,952.6279907,910.1930542,948.7052002,927.8287354,42539278
12/02/2021,948.612915,958.9966431,930.1067505,942.1980591,921.4647217,30497029
15/02/2021,945.1747437,951.2896118,934.5371704,938.0445557,917.4025879,15791099
16/02/2021,941.3442993,959.6427612,939.1521606,950.4589233,929.5438843,21421660
17/02/2021,950.6896362,967.2805786,946.3515625,961.4195557,940.2633057,23742994
18/02/2021,962.2271729,973.0262451,950.274292,954.2432251,933.244873,18646877
19/02/2021,949.3051758,971.434082,947.5975952,960.0581055,938.9318237,23403483
22/02/2021,959.9196777,964.4885254,920.6691284,926.737793,906.3447266,23804335
23/02/2021,945.1516724,947.4130249,929.276062,933.8218384,913.2728882,25644108
24/02/2021,936.8446655,953.1125488,935.0678711,951.1511841,930.2208252,10807663
25/02/2021,958.0736694,993.147644,956.6891479,989.6171875,967.8405151,34855693
26/02/2021,976.9951782,984.7944946,955.6276855,962.5963745,941.4141846,37481215
01/03/2021,973.8569336,974.6876831,951.8433838,969.9342041,948.5906372,17680764
02/03/2021,979.3026733,982.9946289,964.1193237,971.9186401,950.531311,17150760
03/03/2021,978.8642578,1024.483521,972.4724731,1016.268799,993.9055176,31924461
04/03/2021,1006.069641,1010.66156,995.7781982,1004.154419,982.0577393,21435754
05/03/2021,994.9936523,1020.814575,993.6322021,1005.469666,983.3440552,25511666
08/03/2021,1000.76239,1030.021484,1000.531677,1011.192322,988.9407959,19506841
09/03/2021,1015.299622,1021.668335,990.6555786,1011.169189,988.9181519,15154484
10/03/2021,1018.530151,1022.268311,1001.570007,1006.969543,984.8109131,11519358
12/03/2021,1012.992126,1018.253235,980.1795044,986.5020752,964.7940063,16864952
15/03/2021,987.6327515,991.71698,960.1503906,973.257019,951.8401489,16698099
16/03/2021,975.6106567,981.1486816,967.072937,969.4265747,948.0941162,13873801
17/03/2021,968.2497559,970.5341797,939.1983032,948.5437012,927.6707764,19210236
18/03/2021,956.6430054,962.1348877,923.4611816,927.1993408,906.7960815,20647480
19/03/2021,918.8461914,967.234436,915.0618896,960.8426514,939.6990967,41787429
22/03/2021,955.7661743,957.1506348,938.3214722,951.7972412,930.8527222,18572478
23/03/2021,951.5895996,973.6262207,948.843689,963.3809204,942.1814575,17421165
24/03/2021,959.8042603,959.8042603,941.6442871,944.8286133,924.0374146,16822814
25/03/2021,947.9206543,947.9206543,916.0771484,919.053833,898.8297729,22001648
26/03/2021,928.5376587,929.3222046,910.8622437,920.5306396,900.2741699,20180202
30/03/2021,926.6916504,945.5670166,919.0999756,936.5216064,915.913208,20441701
31/03/2021,931.3067017,946.0285034,922.538147,924.4302979,904.0879517,16250796
01/04/2021,931.3067017,936.8446655,924.4533691,933.0834351,912.5507202,11723312
05/04/2021,934.5140991,934.5371704,905.5088501,919.5845947,899.348999,14875099
06/04/2021,924.8457031,925.2841187,908.6931763,915.7541504,895.6027832,14009194
07/04/2021,922.9996948,944.644043,919.9076538,924.3149414,903.9751587,24266353
08/04/2021,928.0761719,933.1526489,919.769165,925.468689,905.1035156,15369188
09/04/2021,922.2843628,925.9301758,913.7696533,914.7157593,894.5872192,14037885
12/04/2021,904.078186,905.185791,876.9650879,881.9954224,862.5869141,20901482
13/04/2021,887.9256592,895.5866089,885.0874634,891.5253906,871.9071655,19411189
15/04/2021,888.9871216,905.0011597,882.8491821,897.2941284,877.5489502,19723716
16/04/2021,893.7406006,899.87854,889.0563354,891.6638184,872.0425415,15656948
19/04/2021,878.6956787,884.4182739,872.2346802,877.6342163,858.3217163,18478808
20/04/2021,881.6954346,885.6181641,872.4423828,877.3804321,858.0735474,17203668
22/04/2021,873.2730713,883.5183716,866.0967407,879.8032837,860.4430542,14490954
23/04/2021,879.6187134,885.5720215,874.7037354,878.8572388,859.5177612,11828857
26/04/2021,886.0797119,905.4627075,882.1569214,894.3174438,874.6377563,20846778
27/04/2021,895.3096924,921.7074585,894.5020752,917.7616577,897.5661011,19992524
28/04/2021,922.0074463,926.6916504,913.8389282,921.7536011,901.4702148,17122437
29/04/2021,933.5679932,943.536438,926.3686523,934.0987549,913.5436401,17412606
30/04/2021,926.9224243,939.6136475,917.2540283,920.4614258,900.2064819,19828769
03/05/2021,907.3086548,913.3081665,896.7403564,904.1012573,884.2062988,23640186
04/05/2021,899.9246826,908.1394043,881.9262085,884.5105591,865.0467529,21849830
05/05/2021,887.6257324,894.6174316,880.5647583,886.1258545,866.6264648,12393609
06/05/2021,886.9334717,893.0021973,879.8955688,891.156189,871.5460815,14624666
07/05/2021,894.2713013,902.5321655,888.8486938,891.5023193,871.8845825,12288548
10/05/2021,894.8482056,898.447876,886.5181274,888.940979,869.3795776,13941237
11/05/2021,883.7722168,894.6405029,881.4646606,892.1484375,872.5164185,13478264
12/05/2021,890.7408447,892.03302,880.0802002,882.918396,863.489624,13177961
14/05/2021,889.7947388,896.232666,879.6187134,894.0636597,874.3895874,13291616
17/05/2021,894.0636597,906.1318359,890.8792725,904.7012329,884.7930908,11873078
18/05/2021,914.2312012,924.199585,910.3084106,917.4385986,897.2501831,12064918
19/05/2021,913.7696533,930.5913696,910.0776978,921.6382446,901.3573608,16317002
20/05/2021,922.0305176,928.0300293,914.2312012,916.2617798,896.0992432,11422532
21/05/2021,919.3076782,927.4300537,916.5386963,924.1765137,903.8398438,10785605
24/05/2021,926.6916504,927.5223999,914.692688,916.3771362,896.2120361,8551760
25/05/2021,921.3382568,921.6151733,904.5396729,905.9934082,886.0567627,14780102
26/05/2021,911.4621582,913.5389404,906.9856567,909.1777344,889.1710205,7480204
27/05/2021,909.2931519,919.769165,905.578064,911.9698486,891.9017334,26819294
28/05/2021,918.3847046,971.4571533,918.3847046,966.7498779,945.4763794,56469931
31/05/2021,970.0726318,1011.469177,962.2502441,996.9780884,975.0393677,59124142
01/06/2021,999.6086426,1016.222656,990.609375,1000.947021,978.9209595,28013832
02/06/2021,995.4551392,1019.683899,995.4551392,1015.876526,993.5220337,24630162
03/06/2021,1024.991089,1038.374634,1013.499817,1019.753113,997.3131714,23974257
04/06/2021,1022.129822,1022.891296,1008.031006,1010.915405,988.6699829,14468646
07/06/2021,1016.222656,1034.682617,1008.377136,1027.944702,1005.324585,16336573
08/06/2021,1027.575562,1027.829346,1014.445862,1022.037537,999.5473022,9674735
09/06/2021,1024.068115,1024.991089,995.8935547,1003.762146,981.6740723,11409161
10/06/2021,1012.253723,1029.144653,1004.938965,1007.454163,985.2849121,14155653
11/06/2021,1007.40802,1028.22168,1006.115784,1021.368347,1002.375305,13762778
14/06/2021,1022.222168,1042.182007,1013.015198,1036.020996,1016.755554,20332436
15/06/2021,1043.451172,1049.865967,1033.898071,1038.374634,1019.065247,15174215
16/06/2021,1036.020996,1037.013184,1017.99939,1020.653015,1001.673218,10797349
17/06/2021,1015.299622,1031.452148,1006.023499,1022.522095,1003.507568,15745975
18/06/2021,1027.067871,1031.452148,1008.077148,1027.137085,1008.036682,29369026
21/06/2021,1016.914917,1037.220825,1015.368896,1032.490479,1013.290527,12186448
22/06/2021,1040.220581,1043.451172,1024.229614,1027.183228,1008.082031,12871913
23/06/2021,1038.374634,1038.651489,1016.084167,1017.768677,998.8425903,16653951
24/06/2021,1018.460938,1022.037537,987.6096802,993.8399048,975.3587646,91461975
25/06/2021,993.8399048,993.8399048,960.4273071,971.2033081,953.1430664,55355022
28/06/2021,979.3026733,981.3793945,960.3811646,962.6886597,944.7867432,20277042
29/06/2021,964.303894,973.3031616,961.8118286,963.5193481,945.6020508,27144063
30/06/2021,967.4190063,979.6026001,965.0192261,974.0646362,955.9511719,19762858
01/07/2021,977.456665,979.833374,966.8421631,968.2036133,950.1991577,12534407
02/07/2021,967.7651367,984.3330078,965.8960571,982.5562134,964.2848511,14086620
05/07/2021,985.9713135,993.8629761,983.6868896,992.3169556,973.8641357,11702287
06/07/2021,989.894104,991.71698,978.4719849,980.5948486,962.3599854,10070124
07/07/2021,981.9562988,981.9562988,968.2266846,973.7877197,955.6794434,10454892
08/07/2021,976.9721069,976.9721069,960.3811646,965.7345581,947.776001,11185460
09/07/2021,963.6116333,965.3192139,953.5048218,955.8584595,938.0835571,9037675
12/07/2021,959.8042603,969.8419189,957.3814087,961.8118286,943.9262085,8585292
13/07/2021,969.1496582,970.557251,963.6347046,969.0112305,950.9917603,6717133
14/07/2021,969.3111572,972.3109131,960.496521,962.6886597,944.7867432,8532544
15/07/2021,966.8421631,966.8421631,959.227417,961.0042114,943.133667,9448356
16/07/2021,963.4962769,975.9567871,963.427063,974.8722534,956.7437744,8828185
19/07/2021,969.1496582,980.225647,965.5730591,968.6651001,950.6520386,8354449
20/07/2021,968.9188843,972.8416748,961.765686,966.2883301,948.319519,6741464
22/07/2021,977.9181519,980.1795044,968.2958984,978.7026978,960.5030518,7972397
23/07/2021,985.0483398,985.0483398,970.0957031,971.7802124,953.7092896,9937030
26/07/2021,972.8416748,978.8411255,955.8123169,958.4659424,940.6426392,12389668
27/07/2021,958.4428711,961.6271973,942.3826904,948.3821411,930.7463379,10824523
28/07/2021,949.7666626,949.7666626,930.4990234,940.2366943,922.7523193,12897848
29/07/2021,947.9206543,957.3352661,943.0287476,947.5745239,929.9537354,13765738
30/07/2021,949.7666626,954.3585815,937.3522949,939.2906494,921.8238525,11350608
02/08/2021,948.0591431,959.6427612,941.9904175,956.4584351,938.6723633,10925104
03/08/2021,964.534668,964.9961548,952.6279907,963.4962769,945.5793457,11817299
04/08/2021,966.5652466,975.6106567,963.1501465,970.8803101,952.8259888,13169800
05/08/2021,975.7490845,994.4398193,971.1110229,984.9560547,966.6400757,21252078
06/08/2021,982.9715576,990.8170776,959.3427734,964.0962524,946.1681519,16620987
09/08/2021,960.3811646,964.4423828,953.6893921,958.6043701,940.7784424,7494143
10/08/2021,960.8426514,975.1491699,957.0352783,963.6347046,945.715271,11919198
11/08/2021,967.7420654,978.3796387,961.4887695,977.133606,958.9631348,9184963
12/08/2021,980.6409912,981.2409668,971.4571533,973.9954224,955.8832397,8137612
13/08/2021,977.133606,992.1785278,973.2800903,990.2171021,971.8032837,12780901
16/08/2021,991.9246826,1016.684143,982.1408691,1003.069885,984.4170532,21935444
17/08/2021,1000.92395,1008.469421,991.2324219,998.8010254,980.2276001,12658169
18/08/2021,1003.300659,1009.207825,993.4245605,1002.677612,984.0321045,10075860
20/08/2021,988.9941406,1002.377625,986.2251587,991.4170532,972.980896,9426282
23/08/2021,1003.300659,1003.300659,984.0560913,997.9241943,979.3670654,9854395
24/08/2021,999.1702271,1011.607666,994.809021,1007.777222,989.0369263,11864472
25/08/2021,1008.561768,1024.529663,1006.115784,1016.499512,997.5970459,13380559
26/08/2021,1018.991638,1036.020996,1017.607117,1029.352295,1010.210693,18589616
27/08/2021,1032.375122,1035.028809,1022.706726,1027.944702,1008.829346,10480636
30/08/2021,1038.374634,1050.304443,1032.282837,1047.719971,1028.236938,14027062
31/08/2021,1050.78894,1053.950195,1034.797974,1042.135864,1022.756714,26485463
01/09/2021,1048.989136,1058.172974,1044.374146,1046.266235,1026.810181,11145486
02/09/2021,1040.682129,1065.049316,1040.682129,1058.865234,1039.174927,9956770
03/09/2021,1066.064575,1105.292114,1062.603394,1102.292358,1081.794434,30664428
06/09/2021,1113.599121,1144.519653,1113.137573,1119.414063,1098.597778,33641710
07/09/2021,1121.44458,1134.366577,1113.137573,1126.474976,1105.527344,17349882
08/09/2021,1131.597656,1132.52063,1110.668579,1122.067627,1101.202148,14301651
09/09/2021,1120.475464,1125.067383,1115.029785,1119.414063,1098.597778,8963249
13/09/2021,1122.829102,1122.829102,1092.854736,1094.469971,1074.117554,16311160
14/09/2021,1096.062134,1104.830566,1091.908569,1093.039307,1072.713501,8908356
15/09/2021,1093.062378,1105.638184,1093.062378,1097.585083,1077.174683,9071075
16/09/2021,1099.084961,1124.559692,1092.370117,1120.613892,1099.775024,13448882
17/09/2021,1128.828613,1133.37439,1096.338989,1103.238403,1082.722778,34882133
20/09/2021,1094.723755,1116.068115,1093.754639,1104.992188,1084.444092,11779819
21/09/2021,1109.907104,1115.260498,1100.215576,1109.768677,1089.131714,9915736
22/09/2021,1111.291626,1126.982544,1106.791992,1121.675415,1100.816895,10995912
23/09/2021,1129.474731,1152.365112,1128.5979,1149.088501,1127.720337,15748397
24/09/2021,1155.387939,1156.264771,1140.827637,1145.765625,1124.459229,15192163
27/09/2021,1147.750122,1167.548462,1142.350586,1165.033203,1143.36853,15373834
28/09/2021,1169.440552,1183.700928,1159.656738,1175.924683,1154.057495,18035258
29/09/2021,1186.054565,1186.054565,1163.002686,1166.602417,1144.908813,9719875
30/09/2021,1165.287109,1169.717529,1153.911133,1162.633423,1141.013428,13590654
01/10/2021,1154.649536,1172.11731,1151.442139,1164.687134,1143.028931,8958928
04/10/2021,1178.209106,1188.292847,1170.848145,1179.662842,1157.726196,10918552
05/10/2021,1179.178223,1205.437622,1175.601563,1204.145386,1181.753418,13533634
06/10/2021,1209.106445,1209.106445,1177.332275,1181.370361,1159.401978,10258881
07/10/2021,1197.592041,1199.322754,1184.993164,1187.162231,1165.08606,6336665
08/10/2021,1193.092407,1238.85022,1191.361816,1232.781494,1209.856934,15772493
11/10/2021,1246.695679,1255.279541,1220.828613,1224.19751,1201.432739,14768666
12/10/2021,1220.667114,1238.204102,1218.936401,1231.189209,1208.294434,6682011
13/10/2021,1236.358032,1255.048828,1231.88147,1243.718994,1220.591064,9959762
14/10/2021,1246.21106,1254.102783,1240.142334,1246.234131,1223.059448,8623469
18/10/2021,1231.558472,1266.817017,1228.651001,1249.557007,1226.320557,13594479
19/10/2021,1257.033203,1269.747559,1249.741577,1260.748291,1237.303711,8833409
20/10/2021,1265.778687,1265.778687,1242.126831,1246.234131,1223.059448,12710570
21/10/2021,1258.694702,1258.971558,1201.376343,1210.283325,1187.777344,20831669
22/10/2021,1209.129517,1229.850952,1205.206787,1212.544678,1189.99646,11027475
25/10/2021,1236.81958,1236.81958,1186.054565,1200.730225,1178.401733,17198417
26/10/2021,1207.79126,1231.696899,1201.353271,1228.074097,1205.237183,9750178
27/10/2021,1223.897583,1235.342773,1209.106445,1212.544678,1189.99646,9896298
28/10/2021,1209.129517,1217.413452,1195.515381,1199.253418,1176.952637,9886181
29/10/2021,1198.122803,1198.122803,1154.53418,1170.479004,1148.713135,14233025
01/11/2021,1170.479004,1179.593628,1151.026733,1171.194336,1149.415039,15481114
02/11/2021,1174.51709,1175.901611,1151.557495,1154.118774,1132.657104,10569130
03/11/2021,1156.541626,1162.979614,1135.751099,1146.18103,1124.867065,11989430
04/11/2021,1150.495972,1156.010986,1149.134644,1153.218872,1131.774048,1705656
08/11/2021,1162.702637,1162.979614,1133.628174,1154.649536,1133.178101,20337183
09/11/2021,1156.057129,1167.086914,1147.773193,1163.76416,1142.123169,15682497
10/11/2021,1161.456665,1180.516602,1155.434082,1176.778442,1154.895508,10253470
11/11/2021,1172.232666,1186.285278,1170.155884,1178.924438,1157.001465,10722478
12/11/2021,1182.777954,1199.322754,1180.055054,1196.71521,1174.461426,8712341
15/11/2021,1199.899536,1200.914917,1186.054565,1189.654297,1167.53186,4803269
16/11/2021,1187.00061,1188.362061,1151.442139,1162.010498,1140.402222,11337581
17/11/2021,1153.265015,1153.265015,1135.751099,1137.13562,1115.989868,10202029
18/11/2021,1135.289551,1148.673096,1130.697632,1141.42749,1120.201782,8505625
22/11/2021,1124.259766,1130.213135,1084.986084,1090.870239,1070.584717,24124307
23/11/2021,1076.702148,1108.176514,1065.603149,1101.069336,1080.594238,25326999
24/11/2021,1098.369629,1112.168457,1081.547974,1085.170776,1064.991089,16820296
25/11/2021,1095.13916,1154.672607,1087.824341,1150.495972,1129.101685,42401936
26/11/2021,1138.889282,1143.411987,1108.29187,1113.414551,1092.709717,15763138
29/11/2021,1125.644287,1153.749634,1107.184204,1126.751831,1105.799194,24325354
30/11/2021,1138.981567,1142.627441,1102.453857,1110.091675,1089.448486,32172299
01/12/2021,1122.829102,1141.75061,1119.183228,1138.520142,1117.348511,10104610
02/12/2021,1139.766113,1151.99585,1136.027954,1145.834839,1124.527344,12720411
03/12/2021,1153.01123,1153.057373,1107.599609,1111.406982,1090.739746,19222481
06/12/2021,1114.983643,1119.137085,1087.824341,1090.339478,1070.063843,10332254
07/12/2021,1096.592896,1109.445557,1089.139648,1099.223389,1078.782593,11235122
08/12/2021,1118.721802,1122.275269,1110.50708,1115.952759,1095.200928,8744178
09/12/2021,1123.752075,1142.165894,1119.137085,1133.651245,1112.57019,13213547
10/12/2021,1126.174927,1138.058594,1121.606079,1134.805054,1113.702393,8364414
13/12/2021,1141.519897,1141.796753,1109.445557,1112.053101,1091.373535,12901733
14/12/2021,1098.369629,1110.368652,1095.32373,1098.438843,1078.012573,12991523
15/12/2021,1100.215576,1109.907104,1089.647217,1095.231445,1074.864868,9366969
16/12/2021,1110.230103,1114.752808,1093.131592,1109.399414,1088.769287,9761279
17/12/2021,1106.699707,1111.291626,1070.679565,1080.11731,1060.031616,21049821
20/12/2021,1069.687378,1069.687378,1037.036255,1050.996704,1031.452637,14325846
21/12/2021,1066.687622,1082.678589,1057.849976,1066.641479,1046.806519,12836561
22/12/2021,1072.940918,1094.63147,1071.602661,1091.954712,1071.648926,17658543
23/12/2021,1095.600586,1098.369629,1088.239746,1091.5625,1071.26416,9072401
24/12/2021,1093.754639,1103.907593,1078.778931,1095.046875,1074.683594,7886494
27/12/2021,1089.85498,1097.446655,1083.647827,1093.869995,1073.528809,4017223
28/12/2021,1096.338989,1109.837891,1095.162231,1106.861206,1086.27832,6374613
29/12/2021,1103.446167,1116.368164,1099.338745,1108.753418,1088.135498,15425312
30/12/2021,1107.599609,1109.884033,1082.494019,1088.724243,1068.47876,29333171
31/12/2021,1095.13916,1100.169434,1089.139648,1092.900879,1072.577515,9477290
03/01/2022,1091.447144,1111.268555,1090.777954,1109.376343,1088.746582,5421611
04/01/2022,1114.9375,1135.751099,1109.445557,1134.41272,1113.317627,10847728
05/01/2022,1136.212646,1143.135132,1122.80603,1139.719971,1118.526123,11643813
06/01/2022,1131.228394,1132.52063,1111.753052,1115.214355,1094.476196,14447422
07/01/2022,1121.883057,1134.389648,1112.929932,1124.213623,1103.307983,13112115
10/01/2022,1131.597656,1133.905151,1115.006714,1125.136597,1104.213989,9246731
11/01/2022,1124.213623,1142.188965,1123.752075,1133.235962,1112.16272,16205164
12/01/2022,1140.504517,1165.264038,1137.597046,1163.487183,1141.851318,14800442
13/01/2022,1163.556519,1172.671143,1157.626221,1170.040527,1148.282837,11856712
14/01/2022,1169.9021,1184.808472,1165.679321,1171.748047,1149.958496,19930176
17/01/2022,1171.286621,1183.74707,1170.825073,1177.862915,1155.959595,8036453
18/01/2022,1179.016724,1182.524048,1161.018188,1163.810303,1142.168579,6215029
19/01/2022,1167.594604,1173.132568,1157.903076,1163.718018,1142.077759,9755485
20/01/2022,1153.772705,1158.341553,1132.982056,1143.342773,1122.081543,16494486
21/01/2022,1131.597656,1154.787964,1131.597656,1143.527344,1122.262695,13338594
24/01/2022,1142.212036,1155.941772,1086.878296,1097.400513,1076.993652,21868937
25/01/2022,1084.316895,1102.361572,1063.75708,1095.254517,1074.887451,24510205
27/01/2022,1078.063599,1087.339722,1066.549194,1079.032715,1058.967285,20020431
28/01/2022,1091.447144,1096.477417,1074.556274,1077.994385,1057.948364,14667727
31/01/2022,1089.231934,1110.553223,1087.385864,1101.415527,1080.93396,12143683
01/02/2022,1111.291626,1117.106445,1083.186279,1097.769653,1077.355835,13200509
02/02/2022,1110.830078,1110.830078,1096.108276,1100.007935,1079.55249,10017691
03/02/2022,1103.907593,1108.268799,1083.232422,1085.793701,1065.602539,9572839
04/02/2022,1080.371094,1083.809326,1071.187256,1075.894531,1055.887451,11061241
07/02/2022,1080.832642,1087.662842,1063.75708,1069.341309,1049.456055,10714467
08/02/2022,1075.594604,1089.139648,1066.064575,1087.31665,1067.097168,12060849
09/02/2022,1094.285278,1101.692383,1088.216675,1099.984863,1079.529907,11486225
10/02/2022,1105.615112,1105.615112,1091.493286,1098.854248,1078.420166,12464491
11/02/2022,1095.254517,1100.446411,1081.801758,1096.708252,1076.314209,15943370
14/02/2022,1080.025024,1086.809082,1067.449097,1079.240479,1059.171143,10719633
15/02/2022,1085.078369,1118.629517,1077.925171,1115.883545,1095.132935,11212671
16/02/2022,1121.44458,1122.829102,1105.730591,1113.57605,1092.868286,10392840
17/02/2022,1116.875732,1132.935913,1112.2146,1127.674805,1106.704834,12853252
18/02/2022,1128.09021,1133.628174,1116.898804,1118.860229,1098.054321,6775458
21/02/2022,1113.137573,1124.905884,1100.492554,1107.553467,1086.957764,11107193
22/02/2022,1085.862915,1105.70752,1083.209351,1102.523071,1082.020874,13494914
23/02/2022,1108.1073,1110.622437,1092.831665,1095.623657,1075.249756,7310110
24/02/2022,1063.75708,1079.863525,1035.328735,1041.028198,1021.669556,24846650
25/02/2022,1052.265747,1065.11853,1050.489014,1054.042603,1034.441895,14570089
28/02/2022,1035.144165,1092.531616,1035.144165,1088.931885,1068.682495,21297446
02/03/2022,1077.348267,1108.061157,1074.925415,1106.93042,1086.346191,21471786
03/03/2022,1107.599609,1114.452881,1093.77771,1097.585083,1077.174683,10186748
04/03/2022,1085.909058,1091.124023,1070.841187,1073.240967,1053.283447,10805667
07/03/2022,1051.619629,1067.033813,1025.452637,1033.552002,1014.332336,17983310
08/03/2022,1020.606873,1036.528687,1006.069641,1031.682861,1012.497925,21289374
09/03/2022,1031.913696,1092.370117,1031.059814,1086.416748,1066.213989,20414228
10/03/2022,1107.599609,1109.907104,1089.139648,1104.022949,1083.492798,17980493
11/03/2022,1096.546631,1112.676147,1096.546631,1107.207275,1086.61792,12257423
14/03/2022,1101.553955,1118.860229,1095.600586,1116.298828,1095.540405,8340678
15/03/2022,1120.498535,1120.498535,1080.30188,1090.731812,1070.448853,15925769
16/03/2022,1099.292603,1111.245483,1097.03125,1109.14563,1088.520264,11149828
17/03/2022,1122.713745,1152.549683,1114.568237,1145.304199,1124.006592,21422098
21/03/2022,1127.90564,1146.365601,1125.598145,1138.704712,1117.529785,11999466
22/03/2022,1135.335693,1169.879028,1132.33606,1168.125366,1146.403198,22557065
23/03/2022,1164.364136,1183.677856,1164.364136,1171.840332,1150.049194,15462187
24/03/2022,1158.364624,1192.584839,1158.364624,1190.046509,1167.916748,13168266
25/03/2022,1191.823364,1207.283569,1189.285034,1197.984375,1175.707031,14222488
28/03/2022,1204.514526,1213.62915,1193.669312,1210.029541,1187.528198,9891424
29/03/2022,1217.436523,1217.436523,1203.314697,1210.306396,1187.799927,8684065
30/03/2022,1218.313477,1240.511597,1207.79126,1233.56604,1210.626953,15811550
31/03/2022,1229.874023,1232.066162,1213.098511,1215.936646,1193.325439,13223718
01/04/2022,1216.51355,1229.966309,1210.052612,1225.674316,1202.881958,7922880
04/04/2022,1225.489746,1234.512085,1219.121094,1229.297119,1206.4375,7929162
05/04/2022,1223.482178,1232.158447,1209.452637,1211.921631,1189.385132,13149870
06/04/2022,1193.946289,1215.821289,1193.946289,1208.691162,1186.214722,12257215
07/04/2022,1197.638184,1202.668579,1184.670044,1187.369873,1165.289917,15496499
08/04/2022,1181.439575,1211.437134,1181.439575,1207.12207,1184.674683,15152495
11/04/2022,1199.899536,1217.69043,1192.054077,1204.606934,1182.206421,9254209
12/04/2022,1193.900024,1201.099487,1179.31665,1181.924194,1159.945435,13217742
13/04/2022,1188.131348,1196.484497,1174.747803,1177.58606,1155.687988,10354235
18/04/2022,1168.979126,1181.34729,1163.810303,1173.986328,1152.155151,9974224
19/04/2022,1180.516602,1231.281616,1177.309204,1218.72876,1196.065552,26141820
20/04/2022,1226.251221,1261.740601,1222.559204,1254.564209,1231.234619,25072240
21/04/2022,1269.539917,1287.123047,1260.817505,1283.938721,1260.062988,21708633
22/04/2022,1273.231934,1293.122559,1266.447876,1273.185791,1249.509888,15054154
25/04/2022,1265.617188,1273.001099,1229.274048,1243.742065,1220.61377,17063215
26/04/2022,1250.664551,1289.89209,1249.603149,1280.962036,1257.141602,12227666
27/04/2022,1271.824341,1305.121582,1271.455078,1282.20813,1258.364502,19338945
28/04/2022,1296.791504,1315.736084,1285.784668,1301.360352,1277.160522,25614076
29/04/2022,1318.112793,1318.112793,1281.723511,1287.699951,1263.75415,18214862
02/05/2022,1274.662598,1294.737793,1272.8396,1283.177246,1259.315552,9467006
04/05/2022,1285.2771,1287.584595,1235.112061,1243.119019,1220.002441,19247660
05/05/2022,1256.894775,1259.894531,1214.667603,1218.774902,1196.110962,17210669
06/05/2022,1205.529907,1227.128052,1196.922852,1209.429565,1186.939331,19649948
09/05/2022,1188.338989,1198.561279,1156.980103,1162.195068,1140.583374,18083752
10/05/2022,1151.442139,1166.025513,1134.366577,1142.050537,1120.813232,19511677
11/05/2022,1141.127563,1146.804077,1117.729492,1130.351563,1109.331909,16643899
12/05/2022,1120.290894,1123.682861,1093.754639,1107.322754,1086.731445,20490321
13/05/2022,1119.598633,1143.596558,1114.683594,1119.875488,1099.050537,19308778
16/05/2022,1123.498291,1144.981079,1115.283569,1120.152466,1099.32251,13437911
17/05/2022,1123.798218,1172.163452,1122.367554,1167.202271,1145.497192,16551828
18/05/2022,1172.048096,1186.054565,1157.557007,1171.44812,1149.664185,17276788
19/05/2022,1146.365601,1159.518311,1138.081665,1144.450317,1123.168335,14699118
20/05/2022,1159.518311,1220.390137,1154.672607,1211.183228,1188.6604,21793091
23/05/2022,1214.436768,1224.612915,1196.669067,1203.083984,1180.71167,15252755
24/05/2022,1203.130127,1217.436523,1198.838135,1207.214355,1184.765259,13527818
25/05/2022,1216.052124,1226.06665,1200.591797,1205.437622,1183.021606,12714544
26/05/2022,1211.160156,1216.005981,1175.901611,1193.946289,1171.744019,17882023
27/05/2022,1196.692139,1202.276245,1172.255737,1188.408203,1166.30896,16521973
30/05/2022,1206.822021,1234.050537,1197.2229,1229.80481,1206.935669,13853398
31/05/2022,1219.005615,1236.265747,1207.145142,1214.967529,1192.374268,70620653
01/06/2022,1215.729004,1225.37439,1207.375854,1215.359863,1192.759399,9776989
02/06/2022,1215.590576,1261.025269,1215.590576,1257.264038,1233.884399,22126569
03/06/2022,1266.355591,1300.206543,1265.432495,1282.73877,1258.885376,23939791
06/06/2022,1282.969604,1298.660522,1269.9552,1277.223877,1253.473022,11093152
07/06/2022,1278.30835,1288.092163,1270.070679,1279.623657,1255.828125,12358255
08/06/2022,1279.623657,1283.43103,1253.572021,1257.148682,1233.771118,12479250
09/06/2022,1250.664551,1293.583984,1250.664551,1291.622681,1267.604004,17278305
10/06/2022,1279.231445,1287.538452,1246.741821,1252.625977,1229.33252,18093057
13/06/2022,1222.974609,1233.496704,1207.421997,1228.927856,1206.075195,17620803
14/06/2022,1222.997681,1233.05835,1206.106689,1212.867676,1190.313477,14714312
15/06/2022,1207.998901,1217.113525,1192.700195,1198.192017,1175.910889,11195535
16/06/2022,1210.514038,1227.151123,1178.670532,1181.439575,1159.469849,17111475
17/06/2022,1181.439575,1211.367798,1179.639771,1195.284546,1173.057373,24457187
20/06/2022,1202.207031,1207.79126,1163.487183,1173.617188,1151.792969,12066797
21/06/2022,1181.439575,1196.853638,1166.810059,1192.561768,1170.385132,11720049
22/06/2022,1180.562744,1180.655029,1154.21106,1156.333984,1134.831177,10617206
23/06/2022,1160.69519,1165.287109,1128.367065,1137.573975,1116.420044,19446323
24/06/2022,1144.519653,1158.82605,1138.981567,1153.772705,1132.317505,14240234
27/06/2022,1174.494019,1174.494019,1145.234863,1150.357544,1128.96582,15474529
28/06/2022,1145.48877,1169.41748,1145.48877,1166.533081,1144.840576,13572847
29/06/2022,1157.072388,1198.515137,1154.21106,1190.73877,1168.596191,19205146
30/06/2022,1190.669556,1207.237427,1184.208618,1197.89209,1175.616455,23112959
01/07/2022,1188.315918,1196.20752,1091.447144,1111.614624,1090.943359,81997149
04/07/2022,1097.88501,1126.982544,1091.954712,1113.922119,1093.208008,41857728
05/07/2022,1118.214111,1137.550903,1115.491211,1122.944458,1102.062622,17647327
06/07/2022,1116.875732,1126.959473,1102.061646,1113.068359,1092.369995,23943726
07/07/2022,1119.55249,1122.944458,1096.062134,1102.107788,1081.613281,23301033
08/07/2022,1115.906616,1115.906616,1099.546387,1103.630737,1083.108032,19010108
11/07/2022,1096.754395,1120.890747,1093.754639,1118.629517,1097.827759,13847467
12/07/2022,1109.445557,1125.921143,1109.445557,1117.037231,1096.265137,10778989
13/07/2022,1120.198608,1123.290649,1095.13916,1097.238892,1076.834839,14224132
14/07/2022,1102.061646,1123.267578,1096.962036,1106.284302,1085.712036,16970315
15/07/2022,1114.522095,1114.522095,1099.800293,1108.430298,1087.818359,9603210
18/07/2022,1117.291138,1119.137085,1104.046021,1117.868042,1097.080444,15160908
19/07/2022,1107.738037,1129.290161,1107.738037,1124.721313,1103.806396,16439888
20/07/2022,1172.209595,1173.363281,1147.403931,1155.134033,1133.653442,23924246
21/07/2022,1150.980591,1153.749634,1138.658569,1147.427002,1126.089844,16523230
22/07/2022,1153.749634,1161.272095,1151.442139,1155.180298,1133.698853,10969995
25/07/2022,1138.727783,1138.727783,1108.984131,1117.01416,1096.242432,23110452
26/07/2022,1117.33728,1127.859497,1112.837646,1117.521851,1096.740723,11303288
27/07/2022,1116.806519,1120.060059,1108.522583,1116.460449,1095.699097,8655086
28/07/2022,1124.213623,1138.958496,1117.291138,1133.951294,1112.864746,12496073
29/07/2022,1142.073608,1161.641235,1137.13562,1158.110718,1136.574829,15130683
01/08/2022,1162.58728,1194.246216,1157.256958,1188.292847,1166.195801,15700044
02/08/2022,1187.208374,1203.499268,1182.154907,1192.815552,1170.634277,13917913
03/08/2022,1199.899536,1204.514526,1184.877808,1202.830078,1180.462524,14250977
04/08/2022,1204.514526,1208.091187,1169.9021,1186.931396,1164.859619,14467127
05/08/2022,1188.823608,1190.115723,1166.187012,1169.440552,1147.69397,13942438
08/08/2022,1168.05603,1192.307861,1168.05603,1184.739258,1162.708252,10165178
10/08/2022,1189.238892,1195.238403,1180.078125,1191.823364,1169.660522,10724688
11/08/2022,1201.3302,1204.468384,1190.761841,1195.792236,1173.555664,8198226
12/08/2022,1195.422974,1218.982544,1191.684937,1215.129028,1192.532715,12650587
16/08/2022,1221.220825,1226.343506,1212.498535,1223.574463,1200.821289,6607378
17/08/2022,1229.897095,1235.388916,1225.535889,1229.966309,1207.09436,6595965
18/08/2022,1227.5896,1231.743042,1218.451904,1228.189575,1209.283325,7410035
19/08/2022,1222.974609,1228.374146,1202.18396,1206.291382,1187.722168,9460724
22/08/2022,1207.745117,1214.344482,1193.438599,1202.945435,1184.427734,9471680
23/08/2022,1197.130615,1224.451416,1195.907593,1221.497803,1202.69458,9678484
24/08/2022,1218.405762,1232.20459,1216.213623,1218.244141,1199.490967,10369622
25/08/2022,1222.48999,1228.927856,1210.329468,1214.690674,1195.992188,7871946
26/08/2022,1215.129028,1222.974609,1203.130127,1208.206543,1189.60791,10742038
29/08/2022,1192.977051,1225.282104,1189.769653,1198.815063,1180.360962,19838975
30/08/2022,1206.360596,1220.782471,1189.100464,1217.413452,1198.673096,23139054
01/09/2022,1191.892578,1202.18396,1177.147583,1181.624146,1163.434692,19909939
02/09/2022,1181.624146,1188.52356,1165.610107,1167.825317,1149.848267,12999345
05/09/2022,1168.05603,1191.361816,1168.05603,1185.96228,1167.706055,11327815
06/09/2022,1187.439087,1202.668579,1186.977539,1198.445801,1179.997437,10899618
07/09/2022,1188.362061,1197.545898,1186.054565,1191.477173,1173.136108,7488501
08/09/2022,1194.476929,1198.976563,1186.516113,1193.161621,1174.794556,7057077
09/09/2022,1204.514526,1204.514526,1183.285522,1185.731567,1167.478882,8314850
12/09/2022,1186.30835,1205.437622,1186.30835,1198.999634,1180.542725,7435419
13/09/2022,1208.206543,1213.606079,1200.361084,1209.01416,1190.403076,8888657
14/09/2022,1188.362061,1204.514526,1187.32373,1194.523071,1176.13501,8678219
15/09/2022,1192.054077,1201.537842,1179.939697,1182.685669,1164.479736,10365600
16/09/2022,1173.940186,1178.209106,1149.596069,1153.380371,1135.62561,20217708
19/09/2022,1153.380371,1164.225586,1145.142578,1154.880249,1137.102539,7580254
20/09/2022,1164.110229,1171.148193,1151.303589,1155.064819,1137.28418,8411448
21/09/2022,1152.249756,1168.979126,1151.442139,1158.249268,1140.419678,9207309
22/09/2022,1147.288574,1155.134033,1140.873779,1147.334717,1129.673096,10308170
23/09/2022,1146.827148,1151.880493,1124.259766,1125.828857,1108.498291,9528051
26/09/2022,1104.853638,1115.814331,1096.131348,1097.146606,1080.257446,12479523
27/09/2022,1104.830566,1119.598633,1089.185791,1105.869019,1088.845581,16154822
28/09/2022,1089.301147,1097.446655,1073.956299,1076.425293,1059.855103,16997059
29/09/2022,1089.139648,1092.60083,1067.449097,1073.12561,1056.606445,14671827
30/09/2022,1066.526123,1108.522583,1066.526123,1097.331299,1080.439331,18613024
03/10/2022,1103.67688,1115.421997,1090.52417,1093.523926,1076.690552,11852723
04/10/2022,1106.584351,1115.906616,1103.053833,1113.691406,1096.547485,8948850
06/10/2022,1120.983154,1130.674561,1115.97583,1117.798706,1100.591919,13352162
07/10/2022,1114.360596,1127.859497,1114.360596,1122.529175,1105.24939,7714340
10/10/2022,1109.907104,1115.722046,1102.061646,1110.276367,1093.185181,6329527
11/10/2022,1114.060547,1114.060547,1085.032227,1088.17041,1071.419556,9215177
12/10/2022,1085.447632,1099.154175,1081.34021,1096.17749,1079.303345,7417103
13/10/2022,1094.400757,1104.830566,1089.185791,1099.661865,1082.734009,7328492
14/10/2022,1114.522095,1115.145142,1093.339233,1094.077637,1077.235718,9106089
17/10/2022,1086.832153,1114.060547,1081.571045,1111.637695,1094.525513,16729355
18/10/2022,1117.752563,1136.674072,1116.898804,1131.251465,1113.83728,12415820
19/10/2022,1132.751343,1166.602417,1126.844116,1150.934448,1133.217407,19247142
20/10/2022,1146.827148,1162.518066,1146.827148,1154.026489,1136.261963,8717053
21/10/2022,1157.303101,1161.502808,1138.520142,1140.642944,1123.084229,8243452
24/10/2022,1135.289551,1154.90332,1133.120605,1144.450317,1126.83313,3370033
25/10/2022,1153.288086,1153.288086,1125.136597,1126.774902,1109.429688,12233241
27/10/2022,1134.366577,1139.189331,1122.736816,1131.205322,1113.791992,12513059
28/10/2022,1137.597046,1169.9021,1135.035767,1165.817871,1147.871582,17609592
31/10/2022,1172.671143,1181.878052,1168.609863,1176.640015,1158.527344,12419943
01/11/2022,1199.899536,1199.899536,1157.44165,1167.525391,1149.552856,13963166
02/11/2022,1168.656006,1176.91687,1160.672119,1174.817017,1156.732422,8981896
03/11/2022,1167.525391,1181.231934,1165.310181,1179.201294,1161.049194,6693449
04/11/2022,1178.62439,1199.899536,1177.332275,1196.553711,1178.134399,12575815
07/11/2022,1195.746094,1204.653076,1187.900635,1202.945435,1184.427734,11789748
09/11/2022,1204.653076,1210.029541,1195.307617,1201.745605,1183.24646,11254205
10/11/2022,1195.284546,1198.307373,1182.824097,1187.208374,1168.932983,5966242
11/11/2022,1199.899536,1216.51355,1194.361572,1214.575317,1195.87854,12310132
14/11/2022,1214.090698,1219.282593,1202.276245,1208.691162,1190.085083,9043112
15/11/2022,1210.19104,1212.08313,1195.284546,1203.268555,1184.74585,7086433
16/11/2022,1204.514526,1207.260498,1191.292603,1196.369141,1177.952637,9716161
17/11/2022,1192.953979,1205.899048,1190.669556,1199.461182,1180.997192,6661451
18/11/2022,1203.014648,1204.053101,1186.562256,1198.815063,1180.360962,5303197
21/11/2022,1194.361572,1194.361572,1173.640259,1177.23999,1159.11792,6390268
22/11/2022,1174.51709,1185.362305,1170.59436,1183.770142,1165.547607,6611488
23/11/2022,1188.362061,1189.700439,1177.862915,1180.078125,1161.912476,6413408
24/11/2022,1184.208618,1197.130615,1175.993896,1190.254272,1171.932007,9389439
25/11/2022,1194.82312,1211.390869,1191.638672,1208.021973,1189.426147,7349922
28/11/2022,1204.006958,1255.76416,1154.672607,1249.533936,1230.29895,31527484
29/11/2022,1247.872437,1260.656006,1243.280518,1251.67981,1232.411987,11058913
30/11/2022,1251.818359,1267.02478,1245.218872,1260.517578,1241.113647,26164986
01/12/2022,1265.34021,1271.432007,1253.433594,1256.80249,1237.455688,9485801
02/12/2022,1259.894531,1268.201538,1246.326416,1256.271729,1236.933228,11589592
05/12/2022,1251.587524,1253.779663,1235.896606,1237.950195,1218.893677,14828536
06/12/2022,1229.943237,1244.665039,1228.051025,1241.526855,1222.415283,8594245
07/12/2022,1239.127075,1243.742065,1219.351807,1223.205322,1204.375732,8462111
08/12/2022,1227.5896,1229.897095,1218.405762,1222.628418,1203.807739,7757008
09/12/2022,1221.12854,1227.5896,1200.753296,1204.099243,1185.563721,12655763
12/12/2022,1193.207886,1210.514038,1192.977051,1205.94519,1187.381226,9479842
13/12/2022,1205.94519,1215.129028,1202.991577,1211.437134,1192.788696,8333348
14/12/2022,1217.275024,1217.875,1204.976074,1207.052856,1188.472046,7268947
15/12/2022,1201.053345,1206.822021,1186.516113,1189.908081,1171.591187,8688551
16/12/2022,1186.516113,1208.575806,1180.585815,1184.023926,1165.797607,15837349
19/12/2022,1191.131104,1201.745605,1184.531616,1199.576538,1181.110596,7729933
20/12/2022,1192.469482,1211.89856,1184.208618,1209.960327,1191.334717,7467588
21/12/2022,1209.591064,1215.129028,1188.869751,1192.746338,1174.38562,8527550
22/12/2022,1198.976563,1202.045532,1184.554688,1189.654297,1171.341187,7451122
23/12/2022,1182.962524,1195.515381,1150.172974,1154.764893,1136.989014,10257115
26/12/2022,1160.556763,1173.132568,1150.242188,1164.848633,1146.91748,5990242
27/12/2022,1167.594604,1176.270752,1160.787476,1174.378662,1156.300781,5763271
28/12/2022,1171.286621,1176.7323,1163.671875,1174.263306,1156.187134,7459393
29/12/2022,1166.210083,1176.316895,1165.517822,1173.732544,1155.664551,6930648
30/12/2022,1174.563232,1189.285034,1172.717285,1175.532349,1157.436523,7289476
02/01/2023,1176.824585,1190.20813,1175.993896,1188.777466,1170.477905,5316175
03/01/2023,1183.770142,1187.439087,1175.809326,1180.078125,1161.912476,7658932
04/01/2023,1180.055054,1181.924194,1160.210571,1162.310425,1144.418213,9264891
05/01/2023,1164.594849,1170.548218,1155.595581,1160.233643,1142.373535,13637099
06/01/2023,1166.048584,1175.87854,1162.195068,1170.778931,1152.756348,6349597
09/01/2023,1174.655518,1200.822632,1173.755615,1198.422729,1179.974731,10722753
10/01/2023,1202.668579,1202.668579,1174.978638,1180.701172,1162.525879,8047142
11/01/2023,1177.978394,1180.516602,1163.487183,1165.817871,1147.871582,11509553
12/01/2023,1165.217896,1168.748291,1137.597046,1140.642944,1123.084229,17688773
13/01/2023,1134.551147,1141.24292,1123.567505,1138.796997,1121.266846,20618583
16/01/2023,1141.150635,1144.358032,1120.060059,1127.951782,1110.588501,13623855
17/01/2023,1134.366577,1145.904053,1130.951538,1143.96582,1126.355957,10751000
18/01/2023,1141.519897,1149.642212,1135.451172,1142.073608,1124.49292,13448286
19/01/2023,1141.24292,1145.050293,1133.74353,1140.850708,1123.288818,11940054
20/01/2023,1142.212036,1142.212036,1124.790527,1127.282593,1109.929565,14930286
23/01/2023,1130.213135,1138.150879,1119.137085,1121.583008,1104.317749,10954118
24/01/2023,1126.05957,1127.744019,1101.761597,1114.960571,1097.797241,16488755
25/01/2023,1113.345337,1114.383667,1098.369629,1099.546387,1082.620361,12385018
27/01/2023,1100.400269,1101.761597,1066.82605,1078.686646,1062.081665,25830975
30/01/2023,1076.079224,1094.63147,1061.911133,1089.024292,1072.260132,21772103
31/01/2023,1099.292603,1101.900146,1080.371094,1086.301392,1069.579346,22691594
01/02/2023,1098.346558,1098.346558,1063.75708,1079.863525,1063.240479,19347800
02/02/2023,1069.756592,1083.601563,1066.526123,1073.887085,1057.356079,13662663
03/02/2023,1084.06311,1084.06311,1058.219116,1074.83313,1058.287476,24699575
06/02/2023,1068.37207,1071.141113,1064.126343,1066.733765,1050.312866,14837879
07/02/2023,1066.987671,1074.094727,1058.219116,1064.172485,1047.791016,15135435
08/02/2023,1067.449097,1089.093506,1064.680176,1085.424561,1068.715942,21160332
09/02/2023,1086.116821,1094.146851,1077.140625,1087.31665,1070.578979,13172763
10/02/2023,1086.786011,1086.786011,1071.279541,1078.363647,1061.76355,10790445
13/02/2023,1080.001953,1084.524658,1067.703003,1072.225708,1055.720337,10352493
14/02/2023,1075.271606,1099.24646,1072.364136,1097.492798,1080.598389,14321920
15/02/2023,1096.52356,1124.767456,1095.13916,1122.344482,1105.067505,33503591
16/02/2023,1130.420776,1137.043335,1119.160156,1121.467651,1104.204102,17264487
17/02/2023,1116.82959,1129.520874,1112.491455,1126.151855,1108.816406,11809520
20/02/2023,1128.367065,1130.559204,1112.260742,1114.245239,1097.093018,8836937
21/02/2023,1118.675659,1129.197754,1113.299072,1123.336792,1106.044678,13311592
22/02/2023,1119.575562,1121.44458,1096.085205,1097.861938,1080.961792,11024335
23/02/2023,1097.446655,1105.176758,1089.762695,1092.60083,1075.781738,9851910
24/02/2023,1094.677612,1105.822876,1092.831665,1100.077148,1083.142944,9434053
27/02/2023,1099.292603,1102.82312,1085.309204,1092.762329,1075.940796,11199715
28/02/2023,1087.339722,1092.370117,1067.749146,1071.856445,1055.356689,21994038
01/03/2023,1081.755615,1082.447876,1072.179443,1081.709473,1065.057983,11551145
02/03/2023,1078.525146,1085.286133,1071.417969,1073.47168,1056.947021,9333535
03/03/2023,1084.132324,1104.576782,1080.625,1100.861694,1083.915405,14643807
06/03/2023,1107.599609,1118.952515,1107.599609,1111.614624,1094.502808,10171916
08/03/2023,1111.614624,1116.368164,1100.677124,1115.606689,1098.43335,15782657
09/03/2023,1114.983643,1115.398926,1086.878296,1088.793457,1072.032959,16235128
10/03/2023,1080.601929,1081.755615,1068.395142,1071.925659,1055.424683,13334091
13/03/2023,1074.83313,1081.755615,1049.912109,1054.296387,1038.066895,12771592
14/03/2023,1052.219604,1063.734009,1047.16626,1050.350586,1034.182007,16027522
15/03/2023,1054.111816,1060.665039,1027.944702,1032.398193,1016.505798,21728555
16/03/2023,1035.144165,1040.220581,1016.314941,1027.252441,1011.439331,18363159
17/03/2023,1035.951782,1039.274536,1021.160706,1025.960327,1010.167053,34014213
20/03/2023,1022.222168,1024.529663,1006.069641,1015.876526,1000.238525,19524589
21/03/2023,1024.045044,1049.450684,1023.145142,1047.466187,1031.341797,21400360
22/03/2023,1054.5271,1057.503784,1047.604614,1050.650513,1034.477173,10920094
23/03/2023,1046.681641,1047.558472,1035.167236,1037.359375,1021.390564,16249370
24/03/2023,1036.182495,1038.374634,1014.376648,1016.822571,1001.169983,12375945
27/03/2023,1023.375916,1040.220581,1015.391968,1032.628906,1016.732971,14054323
28/03/2023,1036.067139,1041.37439,1032.375122,1037.45166,1021.481567,12576424
29/03/2023,1033.298096,1035.974854,1020.422302,1031.313721,1015.438049,18804065
31/03/2023,1040.682129,1081.501831,1040.543701,1075.779175,1059.219116,28171201
03/04/2023,1082.217163,1084.06311,1068.37207,1075.963745,1059.400757,10293043
05/04/2023,1083.601563,1083.601563,1065.395508,1073.379395,1056.856201,16262928
06/04/2023,1069.825806,1086.370605,1069.825806,1080.578735,1063.944824,18435046
10/04/2023,1084.524658,1084.709229,1071.394897,1072.917847,1056.401733,12961408
11/04/2023,1077.140625,1080.371094,1072.548706,1078.225098,1061.627319,10542367
12/04/2023,1078.225098,1092.739258,1075.317749,1082.978638,1066.307617,18179087
13/04/2023,1085.909058,1091.816284,1080.832642,1087.062866,1070.328979,12378208
17/04/2023,1119.114014,1119.114014,1084.086182,1092.577759,1075.758911,17929479
18/04/2023,1096.985107,1096.985107,1073.448608,1080.071167,1063.444824,10405576
19/04/2023,1079.471191,1088.17041,1076.309937,1085.447632,1068.738525,12273475
20/04/2023,1086.416748,1088.678101,1076.263794,1082.70166,1066.034912,7007330
21/04/2023,1084.824585,1089.601074,1078.248169,1084.06311,1067.375366,7647317
24/04/2023,1096.062134,1098.784912,1083.601563,1088.216675,1071.465088,12936186
25/04/2023,1091.908569,1098.646484,1084.755371,1096.546631,1079.66687,9236126
26/04/2023,1097.908081,1101.184814,1086.393677,1090.108765,1073.328125,8617834
27/04/2023,1096.062134,1100.215576,1090.985596,1097.008179,1080.121216,9167125
28/04/2023,1099.292603,1118.629517,1099.177246,1117.060303,1099.864624,15565210
02/05/2023,1124.305908,1128.736328,1120.567749,1126.544189,1109.202637,12981805
03/05/2023,1128.367065,1128.367065,1113.622192,1116.875732,1099.682861,7061872
04/05/2023,1117.360352,1131.989868,1114.337524,1129.751587,1112.360474,8635233
05/05/2023,1126.521118,1135.912598,1124.213623,1126.867188,1109.520508,8746585
08/05/2023,1130.674561,1146.204102,1127.974854,1140.781494,1123.220825,9153782
09/05/2023,1142.212036,1147.657837,1136.789429,1144.31189,1126.696899,6464721
10/05/2023,1149.134644,1153.68042,1145.073364,1152.180542,1134.444214,10872255
11/05/2023,1153.265015,1158.133789,1142.927368,1144.658081,1127.037598,10557860
12/05/2023,1139.812256,1147.934692,1133.674316,1146.5271,1128.877808,6955341
15/05/2023,1149.088501,1155.849365,1141.358276,1148.788452,1131.10437,6833343
16/05/2023,1150.980591,1153.564941,1130.743774,1132.428345,1114.996216,8717229
17/05/2023,1136.674072,1137.597046,1120.983154,1125.736572,1108.407349,8798967
18/05/2023,1130.466919,1133.905151,1120.129272,1123.313721,1106.021851,10525531
19/05/2023,1123.313721,1128.805542,1116.298828,1126.959473,1109.61145,8050447
22/05/2023,1123.752075,1138.058594,1122.529175,1132.982056,1115.541382,7434906
23/05/2023,1135.5896,1138.981567,1131.34375,1132.774414,1115.337036,6092034
24/05/2023,1128.782471,1137.13562,1123.036743,1126.174927,1108.838989,8112254
25/05/2023,1123.244507,1130.213135,1115.006714,1126.036499,1108.702637,11487863
26/05/2023,1134.366577,1157.903076,1131.020752,1156.74939,1138.942871,12626260
29/05/2023,1163.44104,1167.594604,1157.072388,1163.25647,1145.349731,10010304
30/05/2023,1163.25647,1171.148193,1160.37207,1162.956543,1145.054321,11342504
31/05/2023,1153.749634,1158.29541,1135.751099,1139.858398,1122.31189,27107927
01/06/2023,1144.588867,1146.781006,1134.366577,1136.789429,1119.290161,14592692
02/06/2023,1140.366089,1145.834839,1131.136108,1133.074341,1115.632202,15800644
05/06/2023,1138.612427,1146.250244,1134.574219,1143.250488,1125.651733,10908682
06/06/2023,1146.111816,1148.07312,1136.212646,1144.219604,1126.605835,7493309
07/06/2023,1147.750122,1153.749634,1141.104492,1152.895874,1135.14856,10312545
08/06/2023,1156.518555,1161.525879,1149.596069,1153.588013,1135.830078,12071109
09/06/2023,1156.980103,1157.695435,1143.596558,1145.419556,1127.787476,5877018
12/06/2023,1142.442871,1148.765381,1137.597046,1146.434814,1128.787109,6391969
13/06/2023,1151.442139,1164.571777,1147.403931,1163.371826,1145.463135,11248016
14/06/2023,1163.44104,1179.13208,1161.595093,1177.678345,1159.549561,13277380
15/06/2023,1177.655273,1182.616455,1170.132813,1178.001465,1159.86792,11813494
16/06/2023,1181.53186,1191.777222,1181.53186,1189.469727,1171.159424,24171579
19/06/2023,1192.515625,1192.515625,1173.432617,1177.655273,1159.526855,6798554
20/06/2023,1175.69397,1183.285522,1169.9021,1180.101196,1161.935181,6921096
21/06/2023,1180.055054,1185.985352,1175.901611,1183.424072,1165.206787,6961603
22/06/2023,1179.593628,1187.577515,1168.517578,1170.132813,1152.120117,7619166
23/06/2023,1167.086914,1169.163696,1159.287598,1160.556763,1142.691528,6628570
26/06/2023,1156.980103,1160.856689,1148.534668,1151.695923,1133.967285,12641159
27/06/2023,1152.157471,1158.133789,1147.588623,1152.111328,1134.376099,9689466
28/06/2023,1159.749146,1171.217407,1152.757324,1167.363892,1149.393921,11354006
30/06/2023,1175.163208,1179.893555,1169.186768,1176.939941,1158.822632,11151555
03/07/2023,1180.539673,1210.052612,1179.293579,1207.145142,1188.562866,12154387
04/07/2023,1211.437134,1211.437134,1187.554443,1194.707764,1176.316895,8061643
05/07/2023,1204.053101,1204.053101,1188.731323,1192.746338,1174.38562,10248062
06/07/2023,1188.84668,1220.413208,1188.84668,1217.782715,1199.036743,19117987
07/07/2023,1216.052124,1229.874023,1212.821533,1215.406006,1196.696655,13375267
10/07/2023,1240.92688,1271.893555,1234.512085,1262.225098,1242.7948,33240016
11/07/2023,1270.462891,1278.354492,1263.401978,1275.908569,1256.2677,20069348
12/07/2023,1276.646973,1293.122559,1274.500977,1277.316162,1257.653564,18733835
13/07/2023,1284.769409,1291.738037,1263.240479,1265.894043,1246.407349,14682934
14/07/2023,1269.124512,1274.154907,1257.633179,1264.832642,1245.362305,15124144
17/07/2023,1267.740112,1299.145142,1258.971558,1290.676636,1270.808472,22220040
18/07/2023,1300.045044,1309.482666,1288.968994,1301.637207,1281.60022,25867313
19/07/2023,1306.044556,1318.043579,1290.815063,1311.513306,1291.324341,39122156
20/07/2023,1290,1315.474976,1290,1309.925049,1289.760498,38717624
21/07/2023,1304.5,1307.449951,1261.800049,1269.375,1249.834717,30249238
24/07/2023,1240.5,1257.474976,1234.650024,1243.699951,1224.554932,23727866
25/07/2023,1247,1252.599976,1240,1242.900024,1223.767334,12026020
26/07/2023,1242.5,1273.5,1242.5,1263.099976,1243.65625,12911012
27/07/2023,1267.025024,1268.824951,1245.175049,1251.349976,1232.087158,17226898
28/07/2023,1256.025024,1271.425049,1250.275024,1263.925049,1244.468506,20827852
31/07/2023,1263.925049,1276.949951,1258.974976,1274.625,1255.003784,8551174
01/08/2023,1277.5,1279.5,1252.650024,1256.599976,1237.256348,9536632
02/08/2023,1254.599976,1256,1231.800049,1243.175049,1224.038086,12748214
03/08/2023,1237.650024,1250.449951,1229.025024,1237.949951,1218.893433,10168350
04/08/2023,1249.400024,1258,1235.800049,1254.775024,1235.459473,22885610
07/08/2023,1260.5,1264.199951,1252.5,1261.925049,1242.499512,5982870
08/08/2023,1264,1267.224976,1249.775024,1254.324951,1235.016357,9844072
09/08/2023,1252.425049,1264.5,1240.550049,1262.599976,1243.16394,11486586
10/08/2023,1262.474976,1275,1254.224976,1268.224976,1248.702393,15470598
11/08/2023,1266.224976,1279.425049,1256.175049,1273.574951,1253.969849,22179330
14/08/2023,1269.5,1291.150024,1262.5,1288.625,1268.78833,9575812
16/08/2023,1275.5,1291.400024,1275.5,1287.574951,1267.754517,10203112
17/08/2023,1283.550049,1289.050049,1266.425049,1269,1249.465454,13673744
18/08/2023,1265.625,1288.800049,1254.275024,1278.400024,1258.720825,18639978
21/08/2023,1269.974976,1277.724976,1257.824951,1260,1244.986328,9221746
22/08/2023,1258.449951,1268.974976,1249.5,1259.699951,1244.689941,7713044
23/08/2023,1262.099976,1271.425049,1258.474976,1261.099976,1246.073364,9517952
24/08/2023,1269.949951,1269.949951,1235.5,1239.900024,1225.125854,14140020
25/08/2023,1228,1252.5,1221.300049,1234.175049,1219.469116,22222400
28/08/2023,1236,1242,1215.550049,1221.875,1207.315674,12580826
29/08/2023,1226.025024,1226.724976,1204.074951,1210.175049,1195.755127,16876644
30/08/2023,1216,1221.5,1207.5,1209.025024,1194.618774,12168946
31/08/2023,1211.5,1212.5,1199.949951,1203.5,1189.159546,21638600
01/09/2023,1203.275024,1212.824951,1200.824951,1206.324951,1191.950928,18112842
04/09/2023,1206.324951,1211.824951,1202.650024,1205.349976,1190.987549,9347626
05/09/2023,1210,1216.974976,1206.224976,1211.800049,1197.36084,8675876
06/09/2023,1210.550049,1218.074951,1208.625,1214.349976,1199.880249,8200370
07/09/2023,1210.849976,1219.125,1205.5,1216,1201.510742,13652572
08/09/2023,1220,1228,1211.474976,1224.099976,1209.51416,23109288
11/09/2023,1226,1238.425049,1226,1237.300049,1222.557007,13271074
12/09/2023,1241.5,1241.5,1217.974976,1219.425049,1204.894897,16255666
13/09/2023,1220,1231.324951,1213.125,1225.525024,1210.922241,12803338
14/09/2023,1230,1232.900024,1222.5,1226.650024,1212.033813,9209636
15/09/2023,1234,1234,1224.75,1228.925049,1214.281738,25468592
18/09/2023,1220.025024,1225.5,1216.025024,1218.224976,1203.709106,7516300
20/09/2023,1211.525024,1213.800049,1177.5,1191.074951,1176.88269,57081884
21/09/2023,1187.474976,1195.050049,1180,1182.400024,1168.311035,12226182
22/09/2023,1188,1191.224976,1175,1177.474976,1163.444702,19176786
25/09/2023,1175.199951,1180.349976,1167.550049,1170.224976,1156.281006,14254884
26/09/2023,1169.275024,1175.099976,1167.800049,1171.25,1157.293823,10087782
27/09/2023,1171.75,1185.900024,1169.25,1184.449951,1170.33667,11722778
28/09/2023,1191.5,1191.5,1162.5,1167.050049,1153.144043,14518346
29/09/2023,1170.900024,1184.550049,1167.050049,1172.5,1158.529053,12342014
03/10/2023,1164.974976,1167.800049,1158,1159.074951,1145.263916,8859056
04/10/2023,1154.5,1159.5,1147.550049,1157.074951,1143.287842,10286386
05/10/2023,1159.625,1164.699951,1154.5,1157.050049,1143.263184,10953682
06/10/2023,1158.525024,1162.400024,1156.025024,1159,1145.189819,5431026
09/10/2023,1154.050049,1155.974976,1147.5,1149.125,1135.432617,7576878
10/10/2023,1153.275024,1158.949951,1151.875,1154.199951,1140.447021,10236032
11/10/2023,1157.224976,1174.849976,1156.5,1172.525024,1158.553711,9814118
12/10/2023,1171.925049,1179.675049,1169.074951,1174.699951,1160.702637,12554450
13/10/2023,1170,1178.75,1164.574951,1174.650024,1160.653442,10150316
16/10/2023,1172.5,1177.275024,1168,1172.025024,1158.059692,5929036
17/10/2023,1178,1179.849976,1170.650024,1177.625,1163.592896,7928180
18/10/2023,1177.625,1183.5,1160.5,1162,1148.154053,8918320
19/10/2023,1156,1160.900024,1150.5,1153.074951,1139.335449,12032556
20/10/2023,1150,1157.349976,1148.150024,1149.550049,1135.852417,8913312
23/10/2023,1145,1153.125,1127.625,1131.599976,1118.116211,7853962
25/10/2023,1125.025024,1140.599976,1121.5,1128.974976,1115.522583,11620688
26/10/2023,1125.5,1129,1110.150024,1113.25,1099.984985,15222534
27/10/2023,1120,1136.75,1117.974976,1132.900024,1119.400879,11771084
30/10/2023,1137,1162.5,1134.974976,1156.25,1142.472656,16813304
31/10/2023,1164,1164,1141.449951,1143.949951,1130.319214,12808438
01/11/2023,1144.574951,1158.75,1137.599976,1148.699951,1135.012695,10309190
02/11/2023,1156.974976,1162.150024,1153.974976,1160.099976,1146.276733,10562104
03/11/2023,1163.599976,1167.474976,1157.875,1159.849976,1146.029663,8850156
06/11/2023,1166.150024,1170,1162.800049,1169.5,1155.564697,10647304
07/11/2023,1167.025024,1169.550049,1159.775024,1161.900024,1148.055298,6960204
08/11/2023,1166,1170.5,1160.875,1167.949951,1154.033203,7884494
09/11/2023,1167.925049,1167.949951,1152.099976,1155.275024,1141.509277,14513610
10/11/2023,1152.775024,1158.175049,1149.025024,1157.449951,1143.658325,7734954
13/11/2023,1161.449951,1162.300049,1155.849976,1157.300049,1143.510132,3854810
15/11/2023,1170,1180.974976,1163.5,1178.224976,1164.185791,12220648
16/11/2023,1175.550049,1187.074951,1173.474976,1180.349976,1166.2854,13134910
17/11/2023,1176.449951,1186.625,1176.025024,1177.775024,1163.741089,7758634
20/11/2023,1174.275024,1179.199951,1168.199951,1174.675049,1160.678101,4490186
21/11/2023,1183,1194,1180.099976,1189.449951,1175.276978,8214450
22/11/2023,1187.5,1197.224976,1186.099976,1194.099976,1179.871582,8534814
23/11/2023,1194.099976,1200,1194.099976,1197.75,1183.478027,8531542
24/11/2023,1195.800049,1201.300049,1195.525024,1196.949951,1182.6875,6749486
28/11/2023,1196.949951,1199.849976,1187.625,1197.199951,1182.93457,13792174
29/11/2023,1204,1205.974976,1199.025024,1200.349976,1186.047119,12531306
30/11/2023,1197.349976,1200.349976,1184.949951,1188.724976,1174.560669,28439984
01/12/2023,1189,1198.199951,1188.800049,1197.150024,1182.885376,14342842
04/12/2023,1225,1225,1199.300049,1210.099976,1195.68103,15590990
05/12/2023,1219.5,1220.425049,1210.824951,1218.875,1204.35144,12693624
06/12/2023,1223.550049,1236.474976,1217.5,1230.550049,1215.887451,16422442
07/12/2023,1230,1230.474976,1221,1228.525024,1213.886475,8142096
08/12/2023,1231.925049,1238.349976,1222.5,1227.875,1213.244141,10204894
11/12/2023,1228,1233.800049,1226.199951,1229.675049,1215.022827,7066138
12/12/2023,1230,1232.474976,1210.074951,1212.025024,1197.583008,9197124
13/12/2023,1211,1219.175049,1203.150024,1216.974976,1202.473999,10031182
14/12/2023,1227,1237.474976,1221.324951,1232.074951,1217.394043,16972354
15/12/2023,1239,1250,1235.025024,1247.800049,1232.931763,15932152
18/12/2023,1247.800049,1267.449951,1245.474976,1260.5,1245.480347,14165188
19/12/2023,1277.5,1286.949951,1262.599976,1279.050049,1263.809448,16820604
20/12/2023,1285.525024,1299.425049,1260,1263.574951,1248.518799,17736722
21/12/2023,1263.5,1286.75,1259.125,1281.275024,1266.007935,13765454
22/12/2023,1279.800049,1290.449951,1273.824951,1282.525024,1267.243042,16541784
26/12/2023,1284,1295.974976,1281.349976,1289.025024,1273.665649,7465664
27/12/2023,1291,1299.949951,1286.550049,1293.425049,1278.013184,9204156
28/12/2023,1294.900024,1306,1293.425049,1302.775024,1287.251831,12302636
29/12/2023,1305.550049,1307,1289.650024,1292.474976,1277.074463,10864584
01/01/2024,1290.275024,1303.425049,1286.574951,1295.125,1279.692871,4030540
02/01/2024,1292.5,1307.5,1286.5,1305.849976,1290.290039,7448800
03/01/2024,1305,1317,1288.599976,1291.650024,1276.259399,9037536
04/01/2024,1294,1304.925049,1289.550049,1298.324951,1282.854614,9612778
05/01/2024,1301.449951,1309.925049,1299,1303.849976,1288.313843,8086406
08/01/2024,1305,1315.974976,1284.474976,1293.675049,1278.260254,7734652
09/01/2024,1300,1303.400024,1288.599976,1290.25,1274.875977,5403074
10/01/2024,1288.5,1329.5,1287.525024,1325.050049,1309.261353,11102740
11/01/2024,1329.5,1362.5,1328.5,1359.900024,1343.696167,23725852
12/01/2024,1359.900024,1373.324951,1345.75,1370.724976,1354.39209,15012164
15/01/2024,1375,1396.449951,1366,1394.125,1377.513062,8610594
16/01/2024,1389.974976,1396.300049,1370.5,1374.625,1358.245605,9069024
17/01/2024,1359.5,1386.275024,1355.025024,1361.574951,1345.351074,12197382
18/01/2024,1351.400024,1371,1351.25,1367.949951,1351.650024,10279438
19/01/2024,1376,1376,1359,1367.449951,1351.156006,10422704
23/01/2024,1371.75,1371.75,1322.550049,1328.574951,1312.744263,20055420
24/01/2024,1335.224976,1349.5,1323.925049,1343.875,1327.862061,21919128
25/01/2024,1342.949951,1364.150024,1335.199951,1353.074951,1336.952271,11808872
29/01/2024,1364.5,1452.5,1360.175049,1448.050049,1430.795654,23893438
30/01/2024,1459.949951,1459.974976,1404.425049,1407.625,1390.852417,14093978
31/01/2024,1404,1434.25,1402.5,1426.625,1409.625854,15130226
01/02/2024,1435,1443.349976,1418.050049,1426.650024,1409.650635,13349362
02/02/2024,1433.175049,1474.900024,1433.175049,1457.699951,1440.330688,19652588
05/02/2024,1460.75,1470.5,1431.525024,1439.025024,1421.878296,8814432
06/02/2024,1441.849976,1441.849976,1419.824951,1427.800049,1410.786987,9047984
07/02/2024,1435.925049,1449.5,1429.25,1442.150024,1424.966064,9296568
08/02/2024,1450,1459.474976,1427.525024,1450.125,1432.845947,14694634
09/02/2024,1454,1471.974976,1450.949951,1460.75,1443.34436,12556798
12/02/2024,1460.75,1461,1442.349976,1452.349976,1435.044434,6674430
13/02/2024,1455.5,1479,1454,1465.099976,1447.642456,7715594
14/02/2024,1457.5,1483.650024,1457.5,1481.375,1463.723511,7117888
15/02/2024,1483.349976,1484.724976,1466.525024,1470.599976,1453.076904,10006782
16/02/2024,1476.474976,1477,1458.550049,1460.574951,1443.171387,9767498
19/02/2024,1462.050049,1479.5,1453.525024,1474,1456.436523,6729828
20/02/2024,1475.025024,1475.5,1461.800049,1471.025024,1453.496948,7117496
21/02/2024,1474,1488.525024,1457.550049,1467.699951,1450.211548,12720292
22/02/2024,1468.150024,1484.949951,1458,1481.75,1464.094116,18493728
23/02/2024,1489.5,1497.550049,1483.349976,1493.625,1475.827637,14438584
26/02/2024,1493.550049,1494.525024,1482.5,1487.324951,1469.602661,7513106
27/02/2024,1483.025024,1499.949951,1478.050049,1485.650024,1467.947754,10826044
28/02/2024,1483,1491.275024,1450.175049,1455.625,1438.280518,8647950
29/02/2024,1465,1478.974976,1454.525024,1460.800049,1443.393921,23628976
01/03/2024,1463.5,1500,1462.5,1492.125,1474.345581,12132926
04/03/2024,1490.474976,1512.449951,1487.224976,1507.400024,1489.438477,10024420
05/03/2024,1505.775024,1507.400024,1486.050049,1500.199951,1482.324219,7107668
06/03/2024,1493.449951,1509,1478.5,1503,1485.090942,7805676
07/03/2024,1502.974976,1503.099976,1475.550049,1478.925049,1461.302856,8315726
11/03/2024,1489,1489,1463.5,1466.599976,1449.124634,11277130
12/03/2024,1466.599976,1488,1465.025024,1475.425049,1457.844482,9432678
13/03/2024,1479.775024,1483.099976,1427.775024,1432.175049,1415.109863,13522134
14/03/2024,1439.699951,1448.525024,1425.5,1431.474976,1414.418091,18571102
15/03/2024,1425.949951,1433.224976,1412.900024,1418.224976,1401.32605,19223818
18/03/2024,1420,1441.724976,1416.525024,1439.474976,1422.322754,9169392
19/03/2024,1428.75,1437.599976,1417.25,1425.25,1408.267334,8275764
20/03/2024,1427.949951,1445,1424.025024,1443.75,1426.546997,8488806
21/03/2024,1452.525024,1457.900024,1444.675049,1450.974976,1433.685669,13006936
22/03/2024,1449.974976,1460,1447.349976,1455.025024,1437.6875,19527608
26/03/2024,1445,1452.400024,1439,1441.574951,1424.397827,11415906
27/03/2024,1448,1500,1447,1492.849976,1475.061768,16326644
28/03/2024,1492.875,1505.949951,1478.650024,1485.849976,1468.145142,21854364
01/04/2024,1492.474976,1493.974976,1482.5,1484.775024,1467.08313,5013880
02/04/2024,1484,1494,1475,1486.949951,1469.232056,8910166
03/04/2024,1482.074951,1484.449951,1468.900024,1471.599976,1454.065063,7008292
04/04/2024,1479.75,1479.75,1450,1462.925049,1445.49353,14490272
05/04/2024,1460.875,1470.800049,1456,1460.099976,1442.702026,7442298
08/04/2024,1462.974976,1490.974976,1461,1485.974976,1468.268799,8357118
09/04/2024,1489,1489.800049,1462.5,1463.650024,1446.209717,7071414
10/04/2024,1466.349976,1487,1466.349976,1479.574951,1461.945068,9138330
12/04/2024,1475.875,1486.474976,1463.074951,1467.150024,1449.668091,15551012
15/04/2024,1461,1482.125,1446.324951,1464.824951,1447.370728,12902062
16/04/2024,1453.349976,1471.175049,1450.925049,1465.75,1448.28479,9366184
18/04/2024,1463.5,1486,1459.349976,1464.324951,1446.876709,19005692
19/04/2024,1456.775024,1474,1443.025024,1470.125,1452.607544,15741778
22/04/2024,1472.449951,1482.824951,1467.800049,1479.849976,1462.216675,10350362
23/04/2024,1479,1493.5,1455.550049,1459.324951,1441.936279,14605554
24/04/2024,1463.5,1468.550049,1449.5,1450.175049,1432.895264,10462776
25/04/2024,1442.5,1467.974976,1441.5,1459.974976,1442.578491,15943926
26/04/2024,1463.949951,1465,1450,1452.550049,1435.242065,9413848
29/04/2024,1450,1467.900024,1450,1465.025024,1447.568481,7247974
30/04/2024,1468,1483.074951,1462.875,1467,1449.519897,11474262
02/05/2024,1472,1477.324951,1464.125,1466.550049,1449.075317,14512646
03/05/2024,1471,1474.949951,1416.150024,1434,1416.913086,17226958
06/05/2024,1435.5,1440,1418,1419.525024,1402.610596,7394208
07/05/2024,1415.974976,1420.75,1392,1401.474976,1384.775513,14517472
08/05/2024,1397.5,1432.949951,1397.5,1418.550049,1401.647217,9439002
09/05/2024,1413,1423.75,1390,1394.125,1377.513062,11009612
10/05/2024,1396.75,1410,1388.074951,1407.425049,1390.654785,10505096
13/05/2024,1399.900024,1406.974976,1384,1402.699951,1385.985962,8456620
14/05/2024,1400.974976,1427.074951,1400.025024,1420.074951,1403.153931,7188300
15/05/2024,1420.5,1429.974976,1413.025024,1416.275024,1399.399292,5046534
16/05/2024,1418.550049,1427.5,1398.025024,1425.349976,1408.366089,14711774
17/05/2024,1423.050049,1437.199951,1413.25,1435.699951,1418.592773,10916476
21/05/2024,1425.599976,1441.824951,1425.599976,1436.125,1419.012695,11176128
22/05/2024,1436.275024,1468.775024,1436.275024,1460.650024,1443.245605,10281604
23/05/2024,1458.550049,1492.224976,1455,1486.050049,1468.343018,14608260
24/05/2024,1483.625,1488.5,1476.099976,1480.25,1462.611938,7094776
27/05/2024,1480.224976,1484.900024,1461.550049,1466.25,1448.778809,6629010
28/05/2024,1468,1478.5,1452.75,1456.199951,1438.848511,7820162
29/05/2024,1446.5,1458,1438.449951,1440.775024,1423.607422,7383556
30/05/2024,1435.5,1440.400024,1420.099976,1424.849976,1407.87207,13206858
31/05/2024,1431.300049,1442.25,1422.25,1430.400024,1413.356079,31069832
03/06/2024,1483,1514.5,1459,1510.324951,1492.328613,21527942
04/06/2024,1498.050049,1498.050049,1359.300049,1397.275024,1380.625732,36709098
05/06/2024,1422,1431.150024,1384.099976,1420.75,1403.821045,17464890
06/06/2024,1435,1443.699951,1421.349976,1431.599976,1414.541748,17855722
07/06/2024,1428.5,1472,1426.5,1469.949951,1452.434692,18558696
10/06/2024,1469.949951,1493.349976,1468.074951,1471.400024,1453.867432,9251760
11/06/2024,1469,1473.675049,1454.675049,1456.675049,1439.317993,11774902
12/06/2024,1457.5,1476,1455.175049,1463.324951,1445.888672,10081742
13/06/2024,1472,1472.25,1460.099976,1465.25,1447.790649,9181160
14/06/2024,1470,1479.675049,1457.224976,1477.550049,1459.944092,8157998
18/06/2024,1487.349976,1487.400024,1471.349976,1481.025024,1463.377808,7196766
19/06/2024,1487.5,1487.5,1456,1458.650024,1441.269409,8725874
20/06/2024,1459,1482.849976,1450.099976,1473.699951,1456.139893,16113776
21/06/2024,1473.625,1474.699951,1440.574951,1454.199951,1436.872437,31170360
24/06/2024,1445.525024,1449.5,1437.5,1441.474976,1424.29895,8878386
25/06/2024,1443,1455.925049,1441,1454.150024,1436.822876,7045386
26/06/2024,1446.050049,1518.974976,1445.125,1514.025024,1495.984497,22014882
27/06/2024,1513.75,1537.5,1506,1530.550049,1512.312622,28383030
28/06/2024,1531.025024,1581,1531.025024,1565.400024,1546.747437,28957336
01/07/2024,1562.525024,1579.400024,1555.675049,1560.150024,1541.559937,7724306
02/07/2024,1569.5,1573.5,1557,1565.175049,1546.525146,7749246
03/07/2024,1566.324951,1575,1542.775024,1552.425049,1533.927002,9049620
04/07/2024,1557,1567.5,1550.800049,1554.025024,1535.507935,6837176
05/07/2024,1553.824951,1598.5,1548,1588.625,1569.695557,12269710
08/07/2024,1589,1608.800049,1582.525024,1600.900024,1581.824463,9500806
09/07/2024,1597.599976,1600.5,1580.5,1590.275024,1571.32605,6960002
10/07/2024,1595,1597.5,1563.150024,1584.224976,1565.348022,7134578
11/07/2024,1587.5,1604.25,1570.5,1580.650024,1561.815674,11940946
12/07/2024,1584.5,1605.150024,1574.5,1596.724976,1577.699097,12924784
15/07/2024,1604.449951,1605.849976,1585.5,1597.224976,1578.193115,5329688
16/07/2024,1593.5,1600,1569.125,1576.25,1557.46814,9386838
18/07/2024,1576,1593.900024,1557.824951,1586.675049,1567.769043,12298374
19/07/2024,1586,1589.974976,1552.800049,1555.150024,1536.619629,13140390
22/07/2024,1537.25,1537.5,1499.275024,1500.675049,1482.793579,19674376
23/07/2024,1501,1505.75,1463,1487.900024,1470.170898,18052044
24/07/2024,1485,1509.5,1476.400024,1495.699951,1477.87793,11913362
25/07/2024,1481,1500.474976,1477.074951,1492.400024,1474.617188,12519876
26/07/2024,1492.400024,1512.425049,1490.349976,1509.025024,1491.044189,9859940
29/07/2024,1511.949951,1527.5,1511.775024,1520.099976,1501.987061,7538550
30/07/2024,1517.025024,1525,1510,1513.150024,1495.119995,8228208
31/07/2024,1504,1510.449951,1501.150024,1505.425049,1487.487061,10057346
01/08/2024,1512,1518,1504.300049,1515.300049,1497.244385,10764222
02/08/2024,1505,1509.324951,1493.275024,1499.324951,1481.459595,10268248
05/08/2024,1480,1483.900024,1433.25,1447.324951,1430.079346,17046704
06/08/2024,1455.150024,1477.5,1451.324951,1456.050049,1438.700439,10236186
07/08/2024,1469,1472.5,1461.5,1464.824951,1447.370728,8174568
08/08/2024,1457.525024,1465,1445.925049,1449.125,1431.857788,12387192
09/08/2024,1460,1476.5,1456,1474.300049,1456.733032,6249776
12/08/2024,1470,1473,1457.75,1460.625,1443.220703,8184584
13/08/2024,1460.75,1470.074951,1458,1463.625,1446.185059,6265064
14/08/2024,1463.550049,1472,1453.699951,1461.849976,1444.431274,6267466
16/08/2024,1468.650024,1480.400024,1458.050049,1478.199951,1460.586426,9416902
19/08/2024,1482.5,1498.300049,1480.5,1488.400024,1475.65625,13797742
20/08/2024,1497.224976,1503.925049,1490.025024,1495.949951,1483.141602,8411808
21/08/2024,1493.25,1507.875,1490,1498.675049,1485.843384,7769996
22/08/2024,1503,1506.5,1490.650024,1498.125,1485.297974,10445782
23/08/2024,1503.75,1511.324951,1498.425049,1499.974976,1487.132202,9249654
26/08/2024,1506.974976,1523,1503,1512.599976,1499.649048,8816114
27/08/2024,1510.5,1513.474976,1499.449951,1500.449951,1487.603149,6251156
28/08/2024,1505,1507.474976,1493,1498.300049,1485.471558,9610286
29/08/2024,1503.099976,1537,1494,1520.925049,1507.902832,38335358
30/08/2024,1534,1539.724976,1503.324951,1509.625,1496.699585,41620730
02/09/2024,1510.875,1526.800049,1506.625,1516.25,1503.267822,11240852
03/09/2024,1521.25,1523,1507.5,1509.125,1496.203857,10923800
04/09/2024,1500.699951,1517.5,1499.5,1514.550049,1501.582397,11983304
05/09/2024,1519.050049,1525.775024,1487.050049,1492.974976,1480.192139,16264168
06/09/2024,1492.5,1497,1461.625,1464.824951,1452.283081,19394228
09/09/2024,1466.5,1469.925049,1455.599976,1462.449951,1449.928345,9010298
10/09/2024,1460.5,1472.050049,1457.574951,1461.525024,1449.011353,10768260
11/09/2024,1463.050049,1468.75,1447.550049,1451.5,1439.072144,9760202
12/09/2024,1457,1486,1445.875,1479.800049,1467.129883,22349376
13/09/2024,1476.400024,1483.150024,1469.5,1472.625,1460.016357,8711328
16/09/2024,1477.550049,1480.900024,1464.75,1471.349976,1458.752197,5481774
17/09/2024,1474,1477.474976,1466.625,1472.300049,1459.694214,5935328
18/09/2024,1470,1482,1460.550049,1463.449951,1450.919922,8574714
19/09/2024,1466.25,1476.5,1455.550049,1469.675049,1457.091675,16955902
20/09/2024,1474,1495,1471.375,1485.925049,1473.202515,30897320
23/09/2024,1491,1501.5,1488.949951,1493.375,1480.588745,8832314
24/09/2024,1488.5,1500.5,1487.875,1489.375,1476.622925,17137444
25/09/2024,1483.900024,1496.5,1480.199951,1493.949951,1481.158691,7069002
26/09/2024,1490.650024,1504,1488.050049,1497.949951,1485.124512,18818998
27/09/2024,1499,1533.474976,1492,1526.175049,1513.10791,20597478
30/09/2024,1519.400024,1524.974976,1474.400024,1476.574951,1463.932495,27008814
01/10/2024,1480.650024,1487.949951,1462.824951,1464.824951,1452.283081,16431642
03/10/2024,1436.574951,1449.400024,1402.074951,1406.974976,1394.928467,37757294
04/10/2024,1403.925049,1417.349976,1381.775024,1386.525024,1374.653564,37072876
07/10/2024,1393.5,1396.5,1361.375,1370.724976,1358.988892,22181340
08/10/2024,1372.974976,1401,1365.099976,1397.349976,1385.385864,17020808
09/10/2024,1397.525024,1400.974976,1372.5,1374.599976,1362.830688,14310610
10/10/2024,1380.025024,1386,1369.425049,1371.050049,1359.311035,22358646
11/10/2024,1370,1383.275024,1368.824951,1372.099976,1360.352051,7980122
14/10/2024,1379.449951,1380.074951,1368.25,1372.525024,1360.773438,12221432
15/10/2024,1358.525024,1371.699951,1340.699951,1344.025024,1332.517456,33762794
16/10/2024,1340,1364,1337.625,1354.074951,1342.481323,20034438
17/10/2024,1365.699951,1368.449951,1352.050049,1356.425049,1344.811279,15543660
18/10/2024,1352.175049,1368.425049,1341.324951,1359.300049,1347.661621,12082452
21/10/2024,1367.125,1374,1357.724976,1369.199951,1357.476807,14067408
22/10/2024,1369.199951,1376,1340.224976,1343.349976,1331.848267,15831960
23/10/2024,1337.5,1357.474976,1335,1338.525024,1327.064575,17214742
24/10/2024,1335.275024,1343.699951,1323.125,1339.800049,1328.328735,22155934
25/10/2024,1343.5,1344.349976,1322,1327.849976,1316.480835,18597496
28/10/2024,1337,1353,1322.099976,1334.349976,1322.925171,10824350
29/10/2024,1328.099976,1343.199951,1320.300049,1340,1328.526855,12008361
30/10/2024,1335,1350,1325.349976,1343.900024,1332.393555,11984423
31/10/2024,1340,1343,1326.150024,1332.050049,1320.64502,9331650
01/11/2024,1333.050049,1341.949951,1333,1338.650024,1327.188477,2127335
04/11/2024,1337.849976,1340,1285.099976,1302.150024,1291.000977,19796890
05/11/2024,1293,1309.550049,1286.150024,1305.300049,1294.124023,16267479
06/11/2024,1310,1328.300049,1300.199951,1325.349976,1314.002197,21625209
07/11/2024,1324,1324,1302.599976,1305.650024,1294.470947,9611974
08/11/2024,1297.650024,1301.650024,1275,1283.75,1272.758545,19814406
11/11/2024,1278.949951,1286,1267,1272.699951,1261.802979,9056552
12/11/2024,1275.550049,1289.300049,1267.5,1274.25,1263.339844,10671091
13/11/2024,1270.25,1275.449951,1249.5,1252.050049,1241.329956,14633633
14/11/2024,1253.599976,1272.599976,1251.099976,1267.599976,1256.746826,12612633
18/11/2024,1267.599976,1272.900024,1243.900024,1260.75,1249.955444,13620611
19/11/2024,1260.75,1281.5,1235.150024,1241.650024,1231.018921,14183746
21/11/2024,1241.650024,1243.949951,1217.25,1223,1212.528564,19433843
22/11/2024,1229.400024,1268.849976,1222.449951,1265.400024,1254.565674,20471957
25/11/2024,1290,1304.449951,1282.449951,1287,1275.980591,28923341
26/11/2024,1294.949951,1297.849976,1284.199951,1295.699951,1284.606079,9247557
27/11/2024,1293.5,1303.849976,1286,1293.199951,1282.127563,9572746
28/11/2024,1289.949951,1296.599976,1269.050049,1270.800049,1259.919434,15027412
29/11/2024,1280,1299.5,1275.25,1292.199951,1281.136108,13202307
02/12/2024,1288,1311.349976,1277.050049,1309.150024,1297.94104,11024152
03/12/2024,1317,1326.800049,1307,1323.300049,1311.969971,16869482
04/12/2024,1326,1328.400024,1304.050049,1308.949951,1297.742676,19608540
05/12/2024,1314.349976,1329.949951,1306.150024,1322.050049,1310.730591,16858723
06/12/2024,1323.900024,1323.900024,1310,1311.550049,1300.320557,9037514
09/12/2024,1303,1315,1293.099976,1295.150024,1284.060913,14650002
10/12/2024,1289.25,1294.900024,1280.199951,1284.849976,1273.848999,16043729
11/12/2024,1285,1290,1276.050049,1278.199951,1267.255981,11724373
12/12/2024,1270,1278.199951,1260.599976,1262.900024,1252.087036,20906813
13/12/2024,1260,1275.199951,1239.599976,1272.849976,1261.951782,28630222
16/12/2024,1275,1281,1266.550049,1268.300049,1257.440796,9486781
17/12/2024,1261.050049,1263.900024,1242.800049,1245.300049,1234.637817,17462791
18/12/2024,1240.650024,1259.949951,1240.650024,1253.25,1242.519653,12670179
19/12/2024,1239,1244.900024,1229,1230.449951,1219.914795,14244653
20/12/2024,1224,1239.5,1201.5,1205.300049,1194.980347,20312896
23/12/2024,1215,1227.199951,1213.199951,1222.300049,1211.834717,10052824
24/12/2024,1222.300049,1233.550049,1221,1222.75,1212.280884,6734917
26/12/2024,1224.25,1227.699951,1214.25,1216.550049,1206.133911,10016178
27/12/2024,1218.300049,1227.900024,1217,1221.050049,1210.595459,7000397
30/12/2024,1216.400024,1223.199951,1208.099976,1210.699951,1200.333862,8818766
31/12/2024,1208,1219.099976,1206.150024,1215.449951,1205.043213,6405475
01/01/2025,1214.849976,1226.300049,1211.599976,1221.25,1210.793579,5892590
02/01/2025,1221.25,1244.449951,1220,1241.800049,1231.167725,15486276
03/01/2025,1243.900024,1262.050049,1235.5,1251.150024,1240.437622,15521102
06/01/2025,1253.949951,1262,1215,1218,1207.571533,14816766
07/01/2025,1222,1244.5,1221.25,1240.849976,1230.225708,10070505
08/01/2025,1249,1271.050049,1245.349976,1265.5,1254.664795,19346579
09/01/2025,1267,1269.75,1248.050049,1254.75,1244.006836,12794704
10/01/2025,1253.849976,1256.75,1236,1241.900024,1231.266846,8120332
13/01/2025,1230,1245.25,1226.400024,1239.849976,1229.234375,13764861
14/01/2025,1244.099976,1253.349976,1227.25,1238.75,1228.143799,13095266
15/01/2025,1244.949951,1257,1241.849976,1252.199951,1241.478516,9578856
16/01/2025,1258.900024,1275,1251.300049,1266.449951,1255.606567,14117603
17/01/2025,1322.25,1326,1285,1302.349976,1291.199219,29366277
20/01/2025,1316,1316,1300.25,1305.449951,1294.272705,14040244
21/01/2025,1310.5,1313,1270.199951,1273.699951,1262.794556,14562976
22/01/2025,1278.300049,1282.900024,1268.699951,1277.099976,1266.165527,10273590
23/01/2025,1270,1277.349976,1261.599976,1263.650024,1252.830688,8720682
24/01/2025,1266,1273,1243.5,1246.300049,1235.629272,14235970
27/01/2025,1239.099976,1240.449951,1220,1229.349976,1218.824219,9536019
28/01/2025,1238,1244.75,1218.5,1234.400024,1223.831055,10568025
29/01/2025,1236,1242.75,1228.050049,1235.5,1224.921631,5928156
30/01/2025,1235.550049,1257,1232.400024,1253.050049,1242.321411,9269259
31/01/2025,1255.849976,1267,1249,1265.099976,1254.268188,6584612
01/02/2025,1265.099976,1270.550049,1241,1264.599976,1253.772461,7118453
03/02/2025,1251,1256,1237.550049,1245.900024,1235.232666,9252345
04/02/2025,1248.050049,1288.800049,1246.599976,1285.199951,1274.196045,16691069
05/02/2025,1282.650024,1290.5,1276.699951,1278.199951,1267.255981,10112028
06/02/2025,1273.699951,1288,1270.349976,1281.550049,1270.577393,9956001
07/02/2025,1276.150024,1283.699951,1262,1266.699951,1255.854492,8764283
10/02/2025,1264.5,1266.5,1245.550049,1253.650024,1242.91626,6970972
11/02/2025,1264.550049,1264.550049,1230.099976,1234.849976,1224.277222,8859714
12/02/2025,1219.449951,1226.900024,1193.349976,1216.550049,1206.133911,21131654
13/02/2025,1217.050049,1228,1212,1216.099976,1205.687622,8511216
14/02/2025,1219,1224,1205.449951,1217.25,1206.827881,10298145
17/02/2025,1211.099976,1227.5,1204.5,1224.900024,1214.412476,8166683
18/02/2025,1224.849976,1229.900024,1216.099976,1225.400024,1214.908203,6673250
19/02/2025,1219.5,1232.75,1217.550049,1227.449951,1216.94043,6217338
20/02/2025,1223.949951,1239.349976,1222,1233,1222.442993,7795582
21/02/2025,1228.699951,1240,1222.150024,1228.150024,1217.634521,6904025
24/02/2025,1216.550049,1223.25,1210.5,1214.550049,1204.151123,7172498
25/02/2025,1211,1221,1201.5,1204,1193.691406,11552182
27/02/2025,1212.800049,1215,1200.650024,1207.099976,1196.764771,11509215
28/02/2025,1202,1217.349976,1193.300049,1200.099976,1189.824707,23007298
03/03/2025,1204,1206.449951,1156,1171.25,1161.22168,17944938
04/03/2025,1162.199951,1174,1159.550049,1161.900024,1151.951782,11377373
05/03/2025,1161,1183,1157,1175.599976,1165.534424,8664095
06/03/2025,1197,1213.949951,1185.150024,1209.599976,1199.243286,14468014
07/03/2025,1216,1254.800049,1212,1249.800049,1239.099243,16474965
10/03/2025,1245,1258,1235.400024,1238.400024,1227.796875,11931051
11/03/2025,1240,1249.5,1229.75,1247.300049,1236.620605,10089838
12/03/2025,1258,1263,1244,1257.050049,1246.287231,11977555
13/03/2025,1260.050049,1264.150024,1243.849976,1247.900024,1237.215454,9505270
17/03/2025,1242.150024,1257.400024,1233.099976,1238.849976,1228.24292,16640917
18/03/2025,1238.849976,1238.849976,1238.849976,1238.849976,1228.24292,0
19/03/2025,1241.050049,1253.25,1238.800049,1247.150024,1236.471924,16162399
20/03/2025,1251.849976,1273,1250.050049,1269.150024,1258.283447,15971477
21/03/2025,1275,1281,1270.099976,1276.349976,1265.421875,21780769
24/03/2025,1291,1306,1284.25,1302.099976,1290.951416,20299319
25/03/2025,1307.699951,1307.699951,1282.599976,1285.449951,1274.44397,13713899
26/03/2025,1291,1293.800049,1268.75,1273.050049,1262.150146,12074747
27/03/2025,1278.150024,1285,1271.300049,1278.199951,1267.255981,15028056
28/03/2025,1280,1295.75,1269,1275.099976,1264.182495,18147129
01/04/2025,1264.599976,1277.900024,1249.300049,1252.599976,1241.875122,12099648
02/04/2025,1247.550049,1255.550049,1243.900024,1251.150024,1240.437622,10142590
03/04/2025,1233.050049,1251.800049,1233.050049,1248.699951,1238.008545,7434366
04/04/2025,1241.099976,1245.449951,1193.150024,1204.699951,1194.385254,17908652
07/04/2025,1132.199951,1171.25,1114.849976,1165.699951,1155.719238,22156106
08/04/2025,1172,1196.599976,1163.300049,1182.199951,1172.078003,19555040
09/04/2025,1169.5,1189.800049,1168,1185.349976,1175.20105,10223104
11/04/2025,1195.150024,1222.650024,1195.150024,1218.949951,1208.513306,11224242
15/04/2025,1251,1251,1237.099976,1240.099976,1229.4823,13378535
16/04/2025,1234.099976,1240.900024,1229,1239.300049,1228.689209,8248464
17/04/2025,1240.199951,1280.199951,1227.599976,1274.5,1263.587769,15398401
21/04/2025,1270,1300.900024,1267,1295.5,1284.407959,10429964
22/04/2025,1300,1303.900024,1286.300049,1291.199951,1280.144653,13051707
23/04/2025,1297,1306,1285.400024,1300,1288.869385,10480888
24/04/2025,1292.400024,1304.5,1290.300049,1301.599976,1290.455688,10468940
25/04/2025,1303.5,1325.199951,1288.099976,1300.400024,1289.265991,14431012
28/04/2025,1340,1374.599976,1320.199951,1368.800049,1357.080322,31104496
29/04/2025,1371,1410.900024,1370,1399.699951,1387.715698,32538970
30/04/2025,1402,1412.400024,1369,1405,1392.970337,25480745
02/05/2025,1414,1426.699951,1409.099976,1419.800049,1407.643677,13007841
05/05/2025,1431,1439.5,1426.900024,1431.300049,1419.045288,12685649
06/05/2025,1431,1432,1410.599976,1420.900024,1408.734253,14084117
07/05/2025,1420.900024,1424.400024,1402.699951,1406,1393.961792,13440169
08/05/2025,1404.099976,1420.800049,1398,1407,1394.953247,16106175
09/05/2025,1385.5,1394.800049,1374.5,1377.199951,1365.408447,13668904
12/05/2025,1400,1439,1400,1436.5,1424.200684,10674081
13/05/2025,1433.5,1447.699951,1412.400024,1415.699951,1403.578735,11407896
14/05/2025,1420,1429.900024,1415.5,1424.400024,1412.204224,5570160
15/05/2025,1425,1461.400024,1412.699951,1454.199951,1441.749146,20177211
16/05/2025,1453.199951,1461,1447.300049,1456.400024,1443.930298,9036695
19/05/2025,1452.099976,1454.599976,1438.199951,1440.800049,1428.463867,6195791
20/05/2025,1438.199951,1445,1421.800049,1424.599976,1412.402588,11270560
21/05/2025,1423.900024,1436.199951,1418.099976,1429.199951,1416.963135,6136364
22/05/2025,1421.199951,1423.800049,1396.900024,1409.400024,1397.332764,12134466
23/05/2025,1406.599976,1433.800049,1406.599976,1426.800049,1414.583862,6474883
26/05/2025,1432,1441,1425.099976,1434.800049,1422.515259,4842944
27/05/2025,1426.099976,1437,1413.900024,1422.099976,1409.92395,12640414
28/05/2025,1420.099976,1422.599976,1410.699951,1412.900024,1400.802734,5944611
29/05/2025,1412.099976,1420,1408.599976,1417.800049,1405.660889,13771917
30/05/2025,1418,1430.599976,1409.699951,1420.900024,1408.734253,13788484
02/06/2025,1412.099976,1417.5,1395.599976,1413.699951,1401.595825,8098668
03/06/2025,1422.300049,1426.5,1403.400024,1405.5,1393.466187,11252626
04/06/2025,1414.699951,1425.699951,1406.099976,1423.5,1411.312012,8126827
05/06/2025,1428,1454.699951,1423.599976,1442.400024,1430.050171,13716817
06/06/2025,1441,1451.5,1437,1443.5,1431.140747,8182161
09/06/2025,1457,1457.5,1445.300049,1448.800049,1436.395386,7885125
10/06/2025,1450,1453.900024,1436,1438.5,1426.183472,7913181
11/06/2025,1445.800049,1468.599976,1443.099976,1448.900024,1436.494507,8195700
12/06/2025,1453.5,1457,1434.400024,1441.599976,1429.25708,8828114
13/06/2025,1424,1435.5,1414.300049,1427.900024,1415.674316,9757276
16/06/2025,1426.900024,1442.400024,1424.400024,1437.800049,1425.489624,8458093
17/06/2025,1448,1448,1425.800049,1431.199951,1418.946045,10366599
18/06/2025,1430,1442.800049,1425.699951,1430.099976,1417.855469,6681735
19/06/2025,1430.099976,1439.900024,1425.699951,1433.300049,1421.028198,10007230
20/06/2025,1431,1471,1428.099976,1466.199951,1453.646362,29010635
23/06/2025,1453,1463.800049,1442,1456.800049,1444.326904,5989078
24/06/2025,1465,1475,1443.099976,1450.800049,1438.378296,16402744
25/06/2025,1464,1472.400024,1460.5,1467.300049,1454.737061,7525851
26/06/2025,1469.099976,1498.800049,1465.099976,1495.300049,1482.497314,14657893
27/06/2025,1499.400024,1522,1496.900024,1515.400024,1502.425171,11117052
30/06/2025,1513.800049,1524.800049,1496,1500.599976,1487.751831,8409527
01/07/2025,1500.599976,1531.400024,1500.099976,1528.400024,1515.313843,10368523
02/07/2025,1528.400024,1530,1508.699951,1518.800049,1505.796021,6361002
03/07/2025,1520.800049,1531.900024,1513,1517.800049,1504.804688,11283291
04/07/2025,1524,1530,1517.199951,1527.300049,1514.223389,6603501
07/07/2025,1526.599976,1544.800049,1525,1541.5,1528.301636,7251074
08/07/2025,1536,1544.900024,1530.199951,1537.599976,1524.434937,7171261
09/07/2025,1536.699951,1551,1510.099976,1519,1505.994263,8870660
10/07/2025,1519.699951,1524.699951,1507.5,1517.199951,1504.209595,10047129
11/07/2025,1512,1515,1490.300049,1495.199951,1482.398071,7234991
14/07/2025,1492.199951,1500,1479.099976,1483.699951,1470.99646,10311846
15/07/2025,1486.199951,1496.5,1482.400024,1485.400024,1472.682007,8132454
16/07/2025,1473,1491,1471.5,1485.599976,1472.880249,10409983
17/07/2025,1487.400024,1489.599976,1473.900024,1476.400024,1463.759155,11854613
18/07/2025,1484.800049,1484.800049,1469.099976,1476,1463.362549,10296318
21/07/2025,1465,1476,1423.099976,1428.599976,1416.368286,22442744
22/07/2025,1427.400024,1431.900024,1410.699951,1412.800049,1400.703613,20396320
23/07/2025,1426,1426,1414.400024,1424.599976,1412.402588,8354596
24/07/2025,1419.199951,1423,1396,1402.900024,1390.888428,14740507
25/07/2025,1398.900024,1401,1384.099976,1391.699951,1379.78418,11854722
28/07/2025,1392.300049,1407.800049,1385,1387.599976,1375.719238,7748361
29/07/2025,1383,1420.199951,1383,1417.099976,1404.966675,10750072
30/07/2025,1418.099976,1423.300049,1401.300049,1410.099976,1398.026611,7209849
31/07/2025,1388.099976,1402.599976,1382.199951,1390.199951,1378.296997,17065827
01/08/2025,1386.900024,1405.900024,1384.300049,1393.699951,1381.76709,10321171
04/08/2025,1395.099976,1416.099976,1391.699951,1411.5,1399.414673,6312820
05/08/2025,1411,1411,1388.099976,1391.699951,1379.78418,9315972
06/08/2025,1391.900024,1395.900024,1383.300049,1392.800049,1380.874756,5834312
07/08/2025,1387.699951,1393.699951,1366,1389.400024,1377.504028,9976705
08/08/2025,1385,1397.199951,1365,1367.800049,1356.088867,8793606
11/08/2025,1370,1388,1361.199951,1386.199951,1374.331299,9997486
12/08/2025,1381.900024,1401.900024,1375.199951,1380.400024,1368.581055,12244664
13/08/2025,1388,1391.800049,1377.5,1382.599976,1370.762085,7457021
14/08/2025,1377.300049,1380.699951,1370.099976,1373.800049,1367.477417,7126128
18/08/2025,1390,1394.900024,1377,1381.699951,1375.340942,11785109
19/08/2025,1390,1421,1389.099976,1420.099976,1413.564209,14384719
20/08/2025,1413,1424.900024,1410,1413,1406.496948,8725641
21/08/2025,1425,1431.900024,1420.300049,1424.800049,1418.242676,11021323
22/08/2025,1420,1423.400024,1407.900024,1409.199951,1402.714355,5818868
25/08/2025,1414.699951,1419.5,1405.699951,1412.599976,1406.098755,5979407
26/08/2025,1408,1410,1381.599976,1384.900024,1378.526245,12145259
28/08/2025,1389.900024,1392.199951,1366.5,1385.900024,1379.521729,13161813
29/08/2025,1381.099976,1403.5,1350,1357.199951,1350.953735,18758842
01/09/2025,1356,1363.199951,1340.599976,1353.900024,1347.668945,11232238
02/09/2025,1354.800049,1384.5,1354.5,1366.5,1360.210938,11517006
03/09/2025,1369.699951,1376.5,1360.5,1372.599976,1366.282837,7847563
04/09/2025,1371.800049,1374,1357.099976,1359.300049,1353.044067,13223177
05/09/2025,1363,1381,1359.300049,1375,1368.671875,5777575
08/09/2025,1380,1386,1372.400024,1378.5,1372.155762,6986720
09/09/2025,1376.599976,1381.199951,1368.699951,1376.199951,1369.866211,9754452
10/09/2025,1383.900024,1388.5,1374.099976,1377,1370.662598,7790815
11/09/2025,1376,1385.5,1375,1383.300049,1376.933716,9766072
12/09/2025,1383.300049,1396.300049,1380.5,1395,1388.579834,7403368
15/09/2025,1393,1400.800049,1388.599976,1399.300049,1392.859985,5396697
16/09/2025,1404.699951,1408,1398.199951,1405.300049,1398.832397,8686961
17/09/2025,1407,1416.199951,1406.900024,1413.800049,1407.293335,7519417
18/09/2025,1420.400024,1422,1410.699951,1415,1408.487671,9332642
19/09/2025,1414.900024,1417,1403.599976,1407.400024,1400.922729,13461373
22/09/2025,1403.900024,1410.699951,1388,1390.599976,1384.199951,7757970
23/09/2025,1391,1395,1376.800049,1389.800049,1383.403809,14014702
24/09/2025,1385.300049,1396,1380.400024,1383,1376.63501,5922759
25/09/2025,1381.300049,1384.5,1369,1372.400024,1366.083862,11411143
26/09/2025,1372,1382.699951,1366,1377.599976,1371.259888,9879109
29/09/2025,1381.599976,1389,1368,1372.800049,1366.481934,14231999
30/09/2025,1377.099976,1377.099976,1362.800049,1364,1357.722412,14604684
01/10/2025,1367,1378.599976,1362.699951,1368.699951,1362.400757,12045916
03/10/2025,1363.199951,1371.599976,1356.900024,1363.400024,1357.125244,12842347
06/10/2025,1360,1377.400024,1359,1375,1368.671875,12396580
07/10/2025,1376,1395.900024,1375.900024,1384.800049,1378.426758,11244040
08/10/2025,1384.800049,1389,1364.5,1367.400024,1361.106812,8525081
09/10/2025,1374,1380,1369.099976,1377.800049,1371.458984,8826633
10/10/2025,1377.800049,1388,1375.099976,1381.699951,1375.340942,6373084
13/10/2025,1376.900024,1377.699951,1367.800049,1375,1368.671875,7600682
14/10/2025,1380,1388,1370.099976,1375.900024,1369.567749,9768174
15/10/2025,1383,1384,1372.699951,1374.300049,1367.975098,10882743
16/10/2025,1375.099976,1400.5,1375,1398.300049,1391.864624,12315932
17/10/2025,1401,1423.300049,1399.099976,1416.800049,1410.279541,19335561
20/10/2025,1440,1473.800049,1433.300049,1466.800049,1460.049316,24721978
21/10/2025,1468,1474,1460,1465.199951,1458.456665,2066169
23/10/2025,1475,1482.900024,1444.599976,1448.400024,1441.734009,18707090
24/10/2025,1450,1459.800049,1441,1451.599976,1444.919312,9700837
27/10/2025,1463,1485,1458,1484.099976,1477.269653,14113867
28/10/2025,1484.099976,1492,1477.599976,1486.900024,1480.056885,17631577
29/10/2025,1490,1508.300049,1488.099976,1504.199951,1497.2771,11884745
30/10/2025,1500,1503.099976,1484,1488.5,1481.649414,9318663
31/10/2025,1490.400024,1497.5,1482.300049,1486.400024,1479.559204,8758053
03/11/2025,1486,1495,1479.300049,1484.699951,1477.866943,8452085
04/11/2025,1483.900024,1492.800049,1470.099976,1473.099976,1466.320313,10007806
06/11/2025,1484,1501.599976,1476.199951,1496.099976,1489.214478,16772678
07/11/2025,1494.599976,1498.400024,1475.900024,1478,1471.197754,7821765
10/11/2025,1477.900024,1501,1475.5,1489.300049,1482.445801,7068438
11/11/2025,1497,1498.800049,1480.199951,1493.400024,1486.526978,7127506
12/11/2025,1505,1524.699951,1500,1511.5,1504.543579,12384459
13/11/2025,1515,1522.099976,1506.800049,1510.900024,1503.946411,7196443
14/11/2025,1505.5,1520.900024,1505.5,1518.900024,1511.909546,7682823
17/11/2025,1520.900024,1523.699951,1511.5,1518.300049,1511.312378,5871416
18/11/2025,1521.699951,1527.800049,1510.5,1519.400024,1512.407227,11045042
19/11/2025,1517.400024,1522.300049,1512,1518.900024,1511.909546,5692366
20/11/2025,1530,1550.900024,1526.699951,1549.099976,1541.970581,18171724
21/11/2025,1541,1557.800049,1540.099976,1546.599976,1539.482056,9615271
24/11/2025,1550,1550,1531.800049,1535.900024,1528.831299,18433951
25/11/2025,1535.900024,1559.599976,1525.099976,1539.699951,1532.61377,15033482
26/11/2025,1542.300049,1571.599976,1540.5,1569.900024,1562.674805,14054299
27/11/2025,1575,1575.5,1556,1563.400024,1556.204712,9794643
28/11/2025,1568,1581.300049,1563,1567.5,1560.285889,8959508
01/12/2025,1575,1577.5,1563.599976,1566.099976,1558.892334,8920233
02/12/2025,1561.099976,1567.5,1542,1546.300049,1539.183472,11389150
03/12/2025,1545.199951,1552.400024,1533,1538.800049,1531.718018,6090883
04/12/2025,1536,1560.5,1517.599976,1535.599976,1528.532715,11867930
05/12/2025,1530.400024,1545.800049,1520.599976,1540.599976,1533.509644,10183266
08/12/2025,1539.199951,1551,1535,1543,1535.898682,11301491
09/12/2025,1540.300049,1542.5,1520.099976,1529.400024,1522.361206,11503971
10/12/2025,1534,1547.5,1531.400024,1536.900024,1529.826782,7991629
11/12/2025,1536.900024,1550,1524,1545,1537.889404,4706197
12/12/2025,1550.800049,1559.800049,1546.099976,1556.5,1549.336548,5106655
15/12/2025,1551.199951,1558.599976,1546.5,1556.199951,1549.037842,5774543
16/12/2025,1545,1551.699951,1538.800049,1542.300049,1535.201904,11731856
17/12/2025,1550,1550,1539.300049,1544.400024,1537.292236,7116649
18/12/2025,1535.199951,1551.5,1535.199951,1544.400024,1537.292236,6580829
19/12/2025,1554.400024,1574.199951,1551,1565.099976,1557.896851,13937275
22/12/2025,1573.5,1577.5,1565.300049,1575.400024,1568.149536,10184852
23/12/2025,1580.900024,1580.900024,1568.099976,1570.699951,1563.471069,7506564
24/12/2025,1572.699951,1575.699951,1553.599976,1558.199951,1551.028687,8815745
26/12/2025,1554.699951,1561,1554.300049,1559.199951,1552.024048,2311495
29/12/2025,1554.900024,1558.099976,1543.599976,1545.599976,1538.486694,5972105
30/12/2025,1547,1553.599976,1537.800049,1539.800049,1532.713379,8815884
31/12/2025,1541,1577,1541,1570.400024,1563.172607,5771830
01/01/2026,1573.699951,1592.5,1571.099976,1575.599976,1568.348511,6408128
02/01/2026,1580,1594.599976,1578.199951,1592.300049,1584.971802,6602230
05/01/2026,1593,1611.800049,1575.300049,1578.099976,1570.837036,8704973
06/01/2026,1569,1569,1496.300049,1507.599976,1500.661499,27417125
07/01/2026,1510,1520,1498,1504.199951,1497.2771,11199340
08/01/2026,1500,1503.900024,1468.800049,1470.599976,1463.831787,16518684
09/01/2026,1465,1479.900024,1465,1475.300049,1468.510254,8335311
12/01/2026,1475.300049,1485.300049,1451,1483.199951,1476.373779,8883745
13/01/2026,1485,1485.800049,1444.699951,1452.800049,1446.11377,13499760
14/01/2026,1444,1467,1440.199951,1458.800049,1452.086182,8321764
15/01/2026,1458.800049,1458.800049,1458.800049,1458.800049,1452.086182,0
16/01/2026,1458.800049,1480,1455.099976,1457.900024,1451.190308,17167161
19/01/2026,1450.599976,1450.599976,1403.300049,1413.599976,1407.094116,20392765
20/01/2026,1410.699951,1416,1390,1394,1387.584351,13189498
21/01/2026,1389.5,1412.900024,1373,1404.599976,1398.13562,17352720
22/01/2026,1410.099976,1419.5,1395,1402.5,1396.045288,15721693
23/01/2026,1401.800049,1407,1381,1386.099976,1379.720703,9837802
27/01/2026,1380,1391.599976,1368,1380.5,1374.146484,26302396
28/01/2026,1385,1409.900024,1384.900024,1396.699951,1390.271851,11121657
29/01/2026,1402.900024,1402.900024,1384,1391,1384.598145,20846683
30/01/2026,1382.599976,1398,1378.5,1395.400024,1388.977905,11239835
02/02/2026,1340,1392.900024,1335.5,1390.400024,1384.000977,15711165
03/02/2026,1473.900024,1489.5,1430.199951,1437.099976,1430.485962,25456171
04/02/2026,1444,1464,1440.300049,1456.800049,1450.095459,8333387
05/02/2026,1457,1461.5,1439.5,1443.400024,1436.75708,11763658
06/02/2026,1441.5,1452.800049,1433.5,1450.800049,1444.123047,8277304
09/02/2026,1458,1465.900024,1453,1461.599976,1454.873291,5775864
10/02/2026,1471,1471,1452.199951,1458.5,1451.787476,10259630
11/02/2026,1459.599976,1470,1453.599976,1468.699951,1461.940552,7106877
12/02/2026,1470,1473,1445.5,1448.900024,1442.231689,11135399
13/02/2026,1445.5,1450.699951,1416.300049,1419.599976,1413.066528,10755693
16/02/2026,1420.099976,1439.599976,1409.300049,1437.099976,1430.485962,5896514
17/02/2026,1431.099976,1431.800049,1418.599976,1423,1416.450928,10731630
18/02/2026,1427,1442.099976,1419.199951,1441.300049,1434.666748,5521096
19/02/2026,1443,1443,1400,1409.5,1403.013062,11884664
20/02/2026,1409.5,1427.400024,1406.099976,1419.400024,1412.867554,8177670
23/02/2026,1425,1434.900024,1418.300049,1428,1421.427856,7758856
24/02/2026,1425.300049,1433.300049,1415,1428.800049,1422.224243,12529409
25/02/2026,1435,1440.5,1393.5,1398.5,1392.063721,10728792
26/02/2026,1398.5,1412.900024,1391.900024,1406.800049,1400.325562,16683858
27/02/2026,1398,1410.400024,1388.099976,1393.900024,1387.484863,12031440
02/03/2026,1375.5,1378.599976,1341.5,1358,1351.75,23728722
04/03/2026,1330,1352.800049,1307,1345,1338.809937,32495007
05/03/2026,1353.099976,1399,1353.099976,1389.400024,1383.005615,25957532
06/03/2026,1396.5,1424.300049,1390.300049,1404.800049,1398.334717,19311971
09/03/2026,1375,1429.400024,1370,1424,1417.446289,24870822
10/03/2026,1430.599976,1431.5,1400.599976,1408.800049,1402.316284,18071259
11/03/2026,1424.900024,1434,1383.599976,1390.199951,1383.801758,21848087
12/03/2026,1390,1410.900024,1381.099976,1392.199951,1385.792603,20939959
13/03/2026,1385.199951,1400.800049,1378.400024,1380.699951,1374.345581,17265090
16/03/2026,1380,1397.300049,1363.5,1395.099976,1388.679321,22837802
17/03/2026,1399,1405.900024,1388.199951,1397.599976,1391.167725,19007744
18/03/2026,1397.199951,1412.900024,1397.199951,1408.099976,1401.619507,9559327
19/03/2026,1388,1415.699951,1376.099976,1384.800049,1378.426758,16498373
20/03/2026,1398,1430,1396.099976,1414.400024,1407.890503,22994918
23/03/2026,1400,1415.599976,1391,1407.800049,1401.320923,18979554
24/03/2026,1420,1422.400024,1406.599976,1411.800049,1405.30249,18620893
25/03/2026,1420,1430.5,1408.400024,1413.099976,1406.596436,19041331
27/03/2026,1401,1404.699951,1345,1348.099976,1341.89563,23266517
30/03/2026,1335,1365,1334.099976,1343.900024,1337.714966,24393861
01/04/2026,1384.199951,1384.400024,1362.900024,1369.199951,1362.898438,14404619
02/04/2026,1357,1358.199951,1328,1350.5,1344.284546,21280051
06/04/2026,1359,1359,1290,1304.699951,1298.695313,29274881
07/04/2026,1295,1308.300049,1291,1304.599976,1298.595825,28388922
08/04/2026,1349,1350.599976,1326.199951,1347.800049,1341.597046,21817543
09/04/2026,1346,1350,1326.300049,1330,1323.878906,20725390
10/04/2026,1337,1352.300049,1331.5,1350.199951,1343.985962,19364461
13/04/2026,1321.199951,1327.599976,1310,1315.099976,1309.047485,28753269
15/04/2026,1337,1347,1334.199951,1344.099976,1337.914063,15313779
16/04/2026,1352,1353.800049,1330,1343.300049,1337.117798,30211012
17/04/2026,1340,1368.400024,1340,1365,1358.717896,13869105
20/04/2026,1363.199951,1373,1352.800049,1363.300049,1357.025757,13614733
21/04/2026,1359,1369.800049,1350.099976,1353.300049,1347.071777,27293629
22/04/2026,1350.300049,1366,1349.099976,1362.099976,1355.831177,9525953
23/04/2026,1346,1355.5,1340.699951,1343.400024,1337.217285,16385079
24/04/2026,1340,1345.900024,1325,1327.800049,1321.689087,11744802
27/04/2026,1313,1371.599976,1311,1365.800049,1359.51416,24673098
28/04/2026,1358,1395.199951,1357,1388.900024,1382.507813,41027699
29/04/2026,1392,1433.800049,1391.300049,1425.400024,1418.839844,30542143
30/04/2026,1409,1437,1393.099976,1430.800049,1424.215088,30957881
01/05/2026,1430.800049,1430.800049,1430.800049,1430.800049,1424.215088,0
04/05/2026,1433.400024,1467.400024,1433.400024,1463.099976,1456.366333,24035700
05/05/2026,1460,1473.400024,1450,1463.599976,1456.864014,23543341
06/05/2026,1463,1473.300049,1427.5,1437.900024,1431.282349,14221786
07/05/2026,1438.800049,1449.5,1430.300049,1436.199951,1429.590088,19816903
08/05/2026,1426,1442.800049,1417.5,1435.199951,1428.594727,8663105
11/05/2026,1420,1428,1382,1388.199951,1381.811035,15261787
12/05/2026,1392,1393.5,1360.300049,1364,1357.722412,24357500
13/05/2026,1361.400024,1372.400024,1352.400024,1358.800049,1352.546387,13797989
14/05/2026,1365.199951,1378,1358.400024,1361.800049,1355.532593,17303059
15/05/2026,1356.800049,1364.800049,1329.199951,1336.400024,1330.249512,19976192
18/05/2026,1334,1342,1318.699951,1335.900024,1329.751831,13022473
19/05/2026,1338.699951,1344,1318.400024,1322.699951,1316.612427,21665501
20/05/2026,1318.699951,1362.900024,1312.599976,1359.699951,1353.442139,13248515
21/05/2026,1367.199951,1370.900024,1345.199951,1349.599976,1343.388672,17150630
22/05/2026,1350,1367.400024,1349.099976,1354.5,1348.266113,7105813
25/05/2026,1366.800049,1371.099976,1357,1367,1360.708618,6750071
26/05/2026,1360.099976,1368.5,1352.400024,1356.300049,1350.057983,13769747
27/05/2026,1353,1361,1348.599976,1350.5,1344.284546,13215138
28/05/2026,1350.5,1350.5,1350.5,1350.5,1344.284546,0
29/05/2026,1364,1369,1317,1321.199951,1315.119385,42634247
01/06/2026,1332.5,1335.5,1318.5,1320,1313.924927,10700603
02/06/2026,1307.699951,1327.800049,1300.300049,1314.599976,1308.549805,23302785
03/06/2026,1315,1324,1301,1313.199951,1307.15625,20012293
04/06/2026,1301,1311.199951,1293.099976,1303.699951,1297.699951,23474327
05/06/2026,1304.5,1306,1288,1291,1291,17785223
08/06/2026,1277,1282.599976,1259.199951,1263.300049,1263.300049,16494759
09/06/2026,1269,1274.199951,1257.5,1269.199951,1269.199951,23620214
10/06/2026,1275,1300.5,1254.400024,1258.800049,1258.800049,21012796
11/06/2026,1258,1276,1253.199951,1263,1263,13117486
12/06/2026,1277,1297,1262.5,1293,1293,11988785
15/06/2026,1315.300049,1325,1303.300049,1307,1307,18633321
16/06/2026,1313.400024,1333.400024,1306.400024,1328.800049,1328.800049,18513223
17/06/2026,1333,1334,1317,1332.699951,1332.699951,10029170
18/06/2026,1330,1333.900024,1322,1328.099976,1328.099976,15494549
19/06/2026,1328,1338.199951,1305.300049,1309.5,1309.5,24887034
22/06/2026,1316.699951,1344.900024,1314.099976,1326.5,1326.5,12931213
23/06/2026,1328.900024,1333,1304,1309.5,1309.5,15400184
24/06/2026,1305.699951,1322,1297.5,1313.599976,1313.599976,11030917
25/06/2026,1318,1328,1314.599976,1318.099976,1318.099976,12694362
26/06/2026,1318.099976,1318.099976,1318.099976,1318.099976,1318.099976,0
29/06/2026,1308,1313.699951,1292.599976,1301,1301,13757656
30/06/2026,1306.900024,1306.900024,1290,1293.900024,1293.900024,15695263
01/07/2026,1298.900024,1312.199951,1296.5,1308,1308,7001401
02/07/2026,1310,1313.199951,1299,1303.5,1303.5,17795024
03/07/2026,1312,1312,1302,1304,1304,7839550
06/07/2026,1304,1325.599976,1299.400024,1321.300049,1321.300049,7610709
07/07/2026,1323.5,1328,1304.099976,1308.400024,1308.400024,14335554
08/07/2026,1297,1302.300049,1271.599976,1275.900024,1275.900024,19960868
09/07/2026,1277.099976,1296.5,1274.199951,1279.800049,1279.800049,14651963
10/07/2026,1291.900024,1311.099976,1287.800049,1307.800049,1307.800049,8412537
13/07/2026,1300,1306.400024,1295,1296.900024,1296.900024,9488352
14/07/2026,1290,1308,1286.900024,1293,1293,13511284
15/07/2026,1294.099976,1310.900024,1294.099976,1295.5,1295.5,9577965
16/07/2026,1295.5,1309.400024,1291.800049,1296.599976,1296.599976,15631046
17/07/2026,1300,1330.300049,1296.099976,1327.199951,1327.199951,18302218
20/07/2026,1317.199951,1345.900024,1314.900024,1323.099976,1323.099976,14305844
21/07/2026,1321,1326.900024,1302.699951,1303.699951,1303.699951,12753410
22/07/2026,1302,1304.599976,1280.699951,1288.599976,1288.599976,10840383
23/07/2026,1283,1287.300049,1268,1272.199951,1272.199951,12580741
24/07/2026,1265,1283.400024,1249.800049,1278,1278,9817000
27/07/2026,1288.199951,1288.699951,1278,1280,1280,7163132
28/07/2026,1275,1279.199951,1265.900024,1267.699951,1267.699951,9312184
29/07/2026,1275,1282.400024,1268.699951,1275.900024,1275.900024,9448307
30/07/2026,1279.800049,1297,1275.300049,1292.900024,1292.900024,12158451
31/07/2026,1295,1309.699951,1293.599976,1307.800049,1307.800049,8624996
03/08/2026,1315.199951,1319,1306,1319,1319,7508023
04/08/2026,1315,1315,1286.400024,1290.900024,1290.900024,10759546
05/08/2026,1293,1299,1270.099976,1280,1280,24820782
06/08/2026,1285,1325.199951,1281.199951,1325,1325,20342297
07/08/2026,1320,1337,1316.599976,1334.800049,1334.800049,9885638
10/08/2026,1330.099976,1332.900024,1321.300049,1329.099976,1329.099976,3185752
