Date,Open,High,Low,Close,Adjusted Close,Volume
2002-07-01,2.338447093963623,2.338447093963623,2.2410120964050293,2.2507550716400146,1.1987112760543823,64627
2002-07-02,2.2604990005493164,2.338447093963623,2.2507550716400146,2.318959951400757,1.235036015510559,67809
2002-07-03,2.2410120964050293,2.318959951400757,2.2117810249328613,2.2410120964050293,1.193522572517395,350504
2002-07-04,2.2507550716400146,2.309216022491455,2.2410120964050293,2.2507550716400146,1.1987112760543823,71611
2002-07-05,2.35793399810791,2.35793399810791,2.2312679290771484,2.289729118347168,1.2194684743881226,109523
2002-07-08,2.2799859046936035,2.309216022491455,2.2507550716400146,2.2702419757843018,1.209089756011963,48232
2002-07-09,2.4261391162872314,2.4261391162872314,2.2702419757843018,2.318959951400757,1.235036015510559,59013
2002-07-10,2.3481900691986084,2.3676769733428955,2.2799859046936035,2.289729118347168,1.2194684743881226,88510
2002-07-11,2.2994730472564697,2.338447093963623,2.2604990005493164,2.2994730472564697,1.2246582508087158,40498
2002-07-12,2.2604990005493164,2.2994730472564697,2.221524953842163,2.2312679290771484,1.1883329153060913,42771
2002-07-15,2.2799859046936035,2.2799859046936035,2.1825499534606934,2.221524953842163,1.183143973350525,48601
2002-07-16,2.2604990005493164,2.2604990005493164,2.1825499534606934,2.2507550716400146,1.1987112760543823,31944
2002-07-17,2.192293882369995,2.2312679290771484,2.153320074081421,2.2020370960235596,1.1727648973464966,37204
2002-07-18,2.1825499534606934,2.650239944458008,2.1825499534606934,2.650239944458008,1.411469578742981,248765
2002-07-19,2.7281880378723145,3.186134099960327,2.552804946899414,3.186134099960327,1.6968765258789062,1821085
2002-07-22,3.186134099960327,3.5076711177825928,2.9328019618988037,3.117928981781006,1.6605521440505981,1296691
2002-07-23,2.991262912750244,3.2251079082489014,2.533318042755127,2.7087008953094482,1.4426056146621704,905236
2002-07-24,2.6794700622558594,2.6794700622558594,2.484600067138672,2.523574113845825,1.3440097570419312,91665
2002-07-25,2.6307530403137207,2.806135892868042,2.504086971282959,2.533318042755127,1.3491989374160767,116754
2002-07-26,2.533318042755127,2.5917789936065674,2.2604990005493164,2.338447093963623,1.2454148530960083,146409
2002-07-29,2.338447093963623,2.6307530403137207,2.289729118347168,2.3676769733428955,1.2609814405441284,59624
2002-07-30,2.3774209022521973,2.3774209022521973,2.2994730472564697,2.309216022491455,1.229846477508545,38281
2002-07-31,2.221524953842163,2.338447093963623,2.221524953842163,2.328702926635742,1.2402247190475464,102683
2002-08-01,2.2994730472564697,2.35793399810791,2.289729118347168,2.2994730472564697,1.2246582508087158,49776
2002-08-02,2.35793399810791,2.35793399810791,2.289729118347168,2.318959951400757,1.235036015510559,12767
2002-08-05,2.318959951400757,2.35793399810791,2.2994730472564697,2.328702926635742,1.2402247190475464,16646
2002-08-06,2.338447093963623,2.484600067138672,2.338447093963623,2.484600067138672,1.3232531547546387,25031
2002-08-07,2.435882091522217,2.5138299465179443,2.435882091522217,2.455368995666504,1.3076846599578857,60024
2002-08-08,2.435882091522217,2.435882091522217,2.2994730472564697,2.338447093963623,1.2454148530960083,26828
2002-08-09,2.3676769733428955,2.3676769733428955,2.318959951400757,2.338447093963623,1.2454148530960083,69020
2002-08-12,2.318959951400757,2.3774209022521973,2.318959951400757,2.3676769733428955,1.2609814405441284,9447
2002-08-13,2.338447093963623,2.387165069580078,2.338447093963623,2.35793399810791,1.255792498588562,14548
2002-08-14,2.338447093963623,2.387165069580078,2.318959951400757,2.3481900691986084,1.250603199005127,13254
2002-08-15,2.3481900691986084,2.3481900691986084,2.3481900691986084,2.3481900691986084,1.250603199005127,0
2002-08-16,2.669727087020874,2.669727087020874,2.2994730472564697,2.3774209022521973,1.2661713361740112,18304
2002-08-19,2.387165069580078,2.387165069580078,2.318959951400757,2.3676769733428955,1.2609814405441284,16287
2002-08-20,2.338447093963623,2.35793399810791,2.338447093963623,2.35793399810791,1.255792498588562,20613
2002-08-21,2.338447093963623,2.3676769733428955,2.318959951400757,2.3481900691986084,1.250603199005127,29306
2002-08-22,2.387165069580078,2.387165069580078,2.338447093963623,2.338447093963623,1.2454148530960083,19269
2002-08-23,2.338447093963623,2.387165069580078,2.192293882369995,2.2312679290771484,1.1883329153060913,147949
2002-08-26,2.2020370960235596,2.2020370960235596,2.0169100761413574,2.0948588848114014,1.1156837940216064,516193
2002-08-27,2.2312679290771484,2.2312679290771484,2.104602098464966,2.124089002609253,1.1312514543533325,303981
2002-08-28,2.1825499534606934,2.1825499534606934,2.0851149559020996,2.0948588848114014,1.1156837940216064,151926
2002-08-29,2.1825499534606934,2.1825499534606934,2.026654005050659,2.0656280517578125,1.1001161336898804,172175
2002-08-30,2.104602098464966,2.124089002609253,2.0461409091949463,2.0461409091949463,1.0897375345230103,94688
2002-09-02,2.192293882369995,2.2312679290771484,2.0948588848114014,2.14357590675354,1.141629934310913,115512
2002-09-03,2.0753719806671143,2.2312679290771484,2.0753719806671143,2.192293882369995,1.1675755977630615,86288
2002-09-04,2.2410120964050293,2.2702419757843018,2.1338329315185547,2.14357590675354,1.141629934310913,93446
2002-09-05,2.2117810249328613,2.221524953842163,2.1338329315185547,2.1338329315185547,1.1364408731460571,34145
2002-09-06,2.2604990005493164,2.2604990005493164,2.14357590675354,2.172806978225708,1.1571978330612183,32318
2002-09-09,2.2020370960235596,2.2507550716400146,2.1630630493164062,2.2312679290771484,1.1883329153060913,45676
2002-09-10,2.2312679290771484,2.2312679290771484,2.2312679290771484,2.2312679290771484,1.1883329153060913,0
2002-09-11,2.221524953842163,2.2604990005493164,2.221524953842163,2.2507550716400146,1.1987112760543823,33576
2002-09-12,2.104602098464966,2.1630630493164062,2.0851149559020996,2.1143460273742676,1.2098617553710938,40750
2002-09-13,2.104602098464966,2.2799859046936035,2.104602098464966,2.2702419757843018,1.2990682125091553,200666
2002-09-16,2.2020370960235596,2.2410120964050293,2.1338329315185547,2.2117810249328613,1.2656155824661255,90998
2002-09-17,2.2020370960235596,2.2410120964050293,2.14357590675354,2.153320074081421,1.232163429260254,24098
2002-09-18,2.1630630493164062,2.2312679290771484,2.14357590675354,2.1825499534606934,1.2488893270492554,26684
2002-09-19,2.153320074081421,2.221524953842163,2.14357590675354,2.14357590675354,1.2265881299972534,54877
2002-09-20,2.2020370960235596,2.2799859046936035,2.2020370960235596,2.2410120964050293,1.282342553138733,86472
2002-09-23,2.192293882369995,2.338447093963623,2.192293882369995,2.309216022491455,1.3213696479797363,197772
2002-09-24,2.2410120964050293,2.4066519737243652,2.2410120964050293,2.35793399810791,1.349246621131897,69097
2002-09-25,2.289729118347168,2.35793399810791,2.289729118347168,2.338447093963623,1.3380966186523438,60614
2002-09-26,2.338447093963623,2.338447093963623,2.318959951400757,2.318959951400757,1.3269453048706055,24631
2002-09-27,2.2507550716400146,2.35793399810791,2.2507550716400146,2.328702926635742,1.3325202465057373,18812
2002-09-30,2.2410120964050293,2.338447093963623,2.2410120964050293,2.2702419757843018,1.2990682125091553,113757
2002-10-01,2.2507550716400146,2.338447093963623,2.2410120964050293,2.2410120964050293,1.282342553138733,17745
2002-10-02,2.2410120964050293,2.2410120964050293,2.2410120964050293,2.2410120964050293,1.282342553138733,0
2002-10-03,2.338447093963623,2.4651129245758057,2.328702926635742,2.328702926635742,1.3325202465057373,33283
2002-10-04,2.172806978225708,2.289729118347168,2.172806978225708,2.289729118347168,1.3102195262908936,4110
2002-10-07,2.318959951400757,2.338447093963623,2.309216022491455,2.318959951400757,1.3269453048706055,25550
2002-10-08,2.289729118347168,2.328702926635742,2.289729118347168,2.289729118347168,1.3102195262908936,10986
2002-10-09,2.289729118347168,2.289729118347168,2.2604990005493164,2.2604990005493164,1.2934929132461548,6671
2002-10-10,2.2604990005493164,2.2702419757843018,2.2410120964050293,2.2410120964050293,1.282342553138733,9750
2002-10-11,2.2507550716400146,2.318959951400757,2.2507550716400146,2.318959951400757,1.3269453048706055,13342
2002-10-14,2.2410120964050293,2.2604990005493164,2.2410120964050293,2.2604990005493164,1.2934929132461548,7184
2002-10-15,2.2604990005493164,2.2604990005493164,2.2604990005493164,2.2604990005493164,1.2934929132461548,0
2002-10-16,2.2410120964050293,2.2604990005493164,2.2410120964050293,2.2507550716400146,1.2879173755645752,17960
2002-10-17,2.2312679290771484,2.2702419757843018,2.2312679290771484,2.2312679290771484,1.2767667770385742,12315
2002-10-18,2.221524953842163,2.2410120964050293,2.2020370960235596,2.2117810249328613,1.2656155824661255,30969
2002-10-21,2.2410120964050293,2.2799859046936035,2.2410120964050293,2.2507550716400146,1.2879173755645752,8420
2002-10-22,2.2410120964050293,2.2604990005493164,2.2312679290771484,2.2312679290771484,1.2767667770385742,11915
2002-10-23,2.328702926635742,2.328702926635742,2.1825499534606934,2.2020370960235596,1.260040044784546,26468
2002-10-24,2.289729118347168,2.289729118347168,2.172806978225708,2.192293882369995,1.2544647455215454,27356
2002-10-25,2.1630630493164062,2.2410120964050293,2.1630630493164062,2.221524953842163,1.2711915969848633,11802
2002-10-28,2.172806978225708,2.172806978225708,2.14357590675354,2.14357590675354,1.2265881299972534,4618
2002-10-29,2.172806978225708,2.2410120964050293,2.153320074081421,2.2312679290771484,1.2767667770385742,11874
2002-10-30,2.2312679290771484,2.2312679290771484,2.1825499534606934,2.192293882369995,1.2544647455215454,10478
2002-10-31,2.192293882369995,2.192293882369995,2.1825499534606934,2.1825499534606934,1.2488893270492554,21552
2002-11-01,2.192293882369995,2.2410120964050293,2.172806978225708,2.2020370960235596,1.260040044784546,13342
2002-11-04,2.1630630493164062,2.2507550716400146,2.14357590675354,2.2410120964050293,1.282342553138733,24118
2002-11-05,2.1825499534606934,2.2312679290771484,2.172806978225708,2.172806978225708,1.243314504623413,9750
2002-11-06,2.172806978225708,2.172806978225708,2.172806978225708,2.172806978225708,1.243314504623413,0
2002-11-07,2.1630630493164062,2.2117810249328613,2.1630630493164062,2.1825499534606934,1.2488893270492554,54995
2002-11-08,2.192293882369995,2.192293882369995,2.1630630493164062,2.1630630493164062,1.2377383708953857,28536
2002-11-11,2.1630630493164062,2.2020370960235596,2.1338329315185547,2.172806978225708,1.243314504623413,126134
2002-11-12,2.172806978225708,2.1825499534606934,2.1338329315185547,2.14357590675354,1.2265881299972534,70061
2002-11-13,2.14357590675354,2.2020370960235596,2.14357590675354,2.172806978225708,1.243314504623413,36177
2002-11-14,2.221524953842163,2.2410120964050293,2.1825499534606934,2.2410120964050293,1.282342553138733,14496
2002-11-15,2.2117810249328613,2.2117810249328613,2.2117810249328613,2.2117810249328613,1.2656155824661255,2781
2002-11-18,2.2117810249328613,2.318959951400757,2.2117810249328613,2.2507550716400146,1.2879173755645752,71970
2002-11-19,2.2507550716400146,2.2507550716400146,2.2507550716400146,2.2507550716400146,1.2879173755645752,0
2002-11-20,2.2020370960235596,2.318959951400757,2.2020370960235596,2.309216022491455,1.3213696479797363,92599
2002-11-21,2.318959951400757,2.484600067138672,2.289729118347168,2.484600067138672,1.4217272996902466,102524
2002-11-22,2.533318042755127,2.621009111404419,2.435882091522217,2.455368995666504,1.4050005674362183,113506
2002-11-25,2.484600067138672,2.484600067138672,2.4163949489593506,2.4261391162872314,1.3882747888565063,25924
2002-11-26,2.2702419757843018,2.484600067138672,2.2702419757843018,2.455368995666504,1.4050005674362183,69045
2002-11-27,2.484600067138672,2.504086971282959,2.4163949489593506,2.474855899810791,1.4161518812179565,48262
2002-11-28,2.533318042755127,2.533318042755127,2.4651129245758057,2.504086971282959,1.4328782558441162,66782
2002-11-29,2.533318042755127,2.6307530403137207,2.474855899810791,2.5722920894622803,1.4719059467315674,89654
2002-12-02,2.640496015548706,2.669727087020874,2.533318042755127,2.640496015548706,1.51093327999115,50700
2002-12-03,2.6307530403137207,2.669727087020874,2.435882091522217,2.5625479221343994,1.46632981300354,52537
2002-12-04,2.5138299465179443,2.5625479221343994,2.5138299465179443,2.523574113845825,1.444028615951538,22717
2002-12-05,2.533318042755127,2.533318042755127,2.504086971282959,2.523574113845825,1.444028615951538,24811
2002-12-06,2.533318042755127,2.533318042755127,2.484600067138672,2.4943430423736572,1.427302598953247,36896
2002-12-09,2.5138299465179443,2.5722920894622803,2.504086971282959,2.5138299465179443,1.438452959060669,30538
2002-12-10,2.484600067138672,2.552804946899414,2.484600067138672,2.5138299465179443,1.438452959060669,32970
2002-12-11,2.552804946899414,2.552804946899414,2.484600067138672,2.523574113845825,1.444028615951538,48827
2002-12-12,2.5430610179901123,2.552804946899414,2.5138299465179443,2.533318042755127,1.4496041536331177,48945
2002-12-13,3.020493984222412,3.020493984222412,2.0461409091949463,2.5625479221343994,1.46632981300354,65700
2002-12-16,2.6794700622558594,2.6794700622558594,2.552804946899414,2.552804946899414,1.4607553482055664,56262
2002-12-17,2.5430610179901123,2.5625479221343994,2.523574113845825,2.552804946899414,1.4607553482055664,50459
2002-12-18,2.4651129245758057,2.484600067138672,2.3481900691986084,2.4066519737243652,1.4909361600875854,78667
2002-12-19,2.4163949489593506,2.435882091522217,2.3774209022521973,2.3774209022521973,1.4728275537490845,27171
2002-12-20,2.35793399810791,2.35793399810791,2.289729118347168,2.318959951400757,1.436610460281372,23092
2002-12-23,2.318959951400757,2.338447093963623,2.2117810249328613,2.338447093963623,1.4486829042434692,25658
2002-12-24,2.2604990005493164,2.3676769733428955,2.2507550716400146,2.309216022491455,1.4305737018585205,29517
2002-12-25,2.309216022491455,2.309216022491455,2.309216022491455,2.309216022491455,1.4305737018585205,0
2002-12-26,2.3774209022521973,2.3774209022521973,2.318959951400757,2.328702926635742,1.4426462650299072,22912
2002-12-27,2.338447093963623,2.3774209022521973,2.2994730472564697,2.2994730472564697,1.4245383739471436,16713
2002-12-30,2.3676769733428955,2.3676769733428955,2.2994730472564697,2.328702926635742,1.4426462650299072,22373
2002-12-31,2.2799859046936035,2.328702926635742,2.2410120964050293,2.2994730472564697,1.4245383739471436,25842
2003-01-01,2.2604990005493164,2.338447093963623,2.2604990005493164,2.318959951400757,1.436610460281372,15610
2003-01-02,2.338447093963623,2.35793399810791,2.338447093963623,2.338447093963623,1.4486829042434692,13470
2003-01-03,2.309216022491455,2.3774209022521973,2.2994730472564697,2.338447093963623,1.4486829042434692,41011
2003-01-06,2.3481900691986084,2.35793399810791,2.309216022491455,2.309216022491455,1.4305737018585205,18432
2003-01-07,2.309216022491455,2.338447093963623,2.2994730472564697,2.338447093963623,1.4486829042434692,13342
2003-01-08,2.3481900691986084,2.35793399810791,2.318959951400757,2.338447093963623,1.4486829042434692,24606
2003-01-09,2.338447093963623,2.35793399810791,2.328702926635742,2.338447093963623,1.4486829042434692,37204
2003-01-10,2.328702926635742,2.3481900691986084,2.2994730472564697,2.2994730472564697,1.4245383739471436,32380
2003-01-13,2.3481900691986084,2.3774209022521973,2.2994730472564697,2.328702926635742,1.4426462650299072,69374
2003-01-14,2.289729118347168,2.35793399810791,2.289729118347168,2.338447093963623,1.4486829042434692,26386
2003-01-15,2.318959951400757,2.3774209022521973,2.2994730472564697,2.3774209022521973,1.4728275537490845,20993
2003-01-16,2.338447093963623,2.3676769733428955,2.328702926635742,2.3481900691986084,1.454718828201294,45404
2003-01-17,2.35793399810791,2.4066519737243652,2.35793399810791,2.3969080448150635,1.4849001169204712,44090
2003-01-20,2.35793399810791,2.4163949489593506,2.338447093963623,2.3481900691986084,1.454718828201294,65433
2003-01-21,2.35793399810791,2.35793399810791,2.309216022491455,2.318959951400757,1.436610460281372,60481
2003-01-22,2.328702926635742,2.3481900691986084,2.318959951400757,2.338447093963623,1.4486829042434692,93646
2003-01-23,2.387165069580078,2.387165069580078,2.338447093963623,2.3481900691986084,1.454718828201294,43059
2003-01-24,2.3774209022521973,2.3774209022521973,2.318959951400757,2.328702926635742,1.4426462650299072,28223
2003-01-27,2.309216022491455,2.338447093963623,2.2799859046936035,2.289729118347168,1.4185019731521606,49535
2003-01-28,2.338447093963623,2.3774209022521973,2.289729118347168,2.318959951400757,1.436610460281372,32842
2003-01-29,2.3481900691986084,2.3481900691986084,2.2994730472564697,2.2994730472564697,1.4245383739471436,7481
2003-01-30,2.338447093963623,2.338447093963623,2.2994730472564697,2.2994730472564697,1.4245383739471436,3335
2003-01-31,2.2799859046936035,2.328702926635742,2.2410120964050293,2.2507550716400146,1.3943569660186768,63637
2003-02-03,2.2799859046936035,2.2994730472564697,2.2604990005493164,2.2702419757843018,1.4064295291900635,45671
2003-02-04,2.289729118347168,2.2994730472564697,2.2507550716400146,2.2507550716400146,1.3943569660186768,51829
2003-02-05,2.2994730472564697,2.35793399810791,2.2799859046936035,2.3481900691986084,1.454718828201294,60137
2003-02-06,2.338447093963623,2.338447093963623,2.309216022491455,2.318959951400757,1.436610460281372,22748
2003-02-07,2.318959951400757,2.318959951400757,2.2994730472564697,2.2994730472564697,1.4245383739471436,16472
2003-02-10,2.2994730472564697,2.318959951400757,2.2994730472564697,2.318959951400757,1.436610460281372,25144
2003-02-11,2.2994730472564697,2.2994730472564697,2.289729118347168,2.289729118347168,1.4185019731521606,9750
2003-02-12,2.289729118347168,2.3481900691986084,2.289729118347168,2.328702926635742,1.4426462650299072,16082
2003-02-13,2.328702926635742,2.328702926635742,2.328702926635742,2.328702926635742,1.4426462650299072,0
2003-02-14,2.2994730472564697,2.2994730472564697,2.2410120964050293,2.2799859046936035,1.4124659299850464,256585
2003-02-17,2.2994730472564697,2.2994730472564697,2.221524953842163,2.2994730472564697,1.4245383739471436,47210
2003-02-18,2.338447093963623,2.435882091522217,2.2994730472564697,2.4066519737243652,1.4909361600875854,138476
2003-02-19,2.3969080448150635,2.533318042755127,2.3969080448150635,2.523574113845825,1.5633699893951416,125775
2003-02-20,2.3481900691986084,2.669727087020874,2.3481900691986084,2.4943430423736572,1.545261263847351,130137
2003-02-21,2.533318042755127,2.6307530403137207,2.523574113845825,2.533318042755127,1.5694063901901245,88982
2003-02-24,2.474855899810791,2.5722920894622803,2.474855899810791,2.504086971282959,1.551297903060913,34427
2003-02-25,2.523574113845825,2.5820350646972656,2.523574113845825,2.552804946899414,1.5814789533615112,37737
2003-02-26,2.5430610179901123,2.5430610179901123,2.455368995666504,2.4651129245758057,1.5271531343460083,21552
2003-02-27,2.4456260204315186,2.523574113845825,2.4456260204315186,2.4943430423736572,1.545261263847351,8795
2003-02-28,2.523574113845825,2.5722920894622803,2.435882091522217,2.484600067138672,1.5392259359359741,41483
2003-03-03,2.435882091522217,2.5430610179901123,2.435882091522217,2.533318042755127,1.5694063901901245,29901
2003-03-04,2.533318042755127,2.621009111404419,2.533318042755127,2.552804946899414,1.5814789533615112,87858
2003-03-05,2.5430610179901123,2.7281880378723145,2.5430610179901123,2.659982919692993,1.647876262664795,132770
2003-03-06,2.6015219688415527,2.6794700622558594,2.5917789936065674,2.6307530403137207,1.6297682523727417,33930
2003-03-07,2.5917789936065674,2.659982919692993,2.5820350646972656,2.659982919692993,1.647876262664795,129573
2003-03-10,2.621009111404419,2.6794700622558594,2.621009111404419,2.650239944458008,1.6418403387069702,83460
2003-03-11,2.650239944458008,2.7087008953094482,2.621009111404419,2.6794700622558594,1.6599489450454712,139138
2003-03-12,2.6794700622558594,2.718445062637329,2.6307530403137207,2.669727087020874,1.6539130210876465,114712
2003-03-13,2.689213991165161,2.7671620845794678,2.689213991165161,2.718445062637329,1.6840944290161133,65433
2003-03-14,2.718445062637329,2.718445062637329,2.718445062637329,2.718445062637329,1.6840944290161133,0
2003-03-17,2.7281880378723145,2.737931966781616,2.689213991165161,2.7087008953094482,1.6780579090118408,46502
2003-03-18,2.7087008953094482,2.7087008953094482,2.7087008953094482,2.7087008953094482,1.6780579090118408,0
2003-03-19,2.689213991165161,2.8743410110473633,2.689213991165161,2.7476749420166016,1.7022030353546143,103114
2003-03-20,2.7281880378723145,2.7769060134887695,2.6794700622558594,2.737931966781616,1.6961663961410522,27700
2003-03-21,2.7281880378723145,2.7769060134887695,2.689213991165161,2.698957920074463,1.672021746635437,37958
2003-03-24,2.7281880378723145,2.9035720825195312,2.7281880378723145,2.7574191093444824,1.7082388401031494,67480
2003-03-25,2.7476749420166016,2.806135892868042,2.7476749420166016,2.7671620845794678,1.7142746448516846,35577
2003-03-26,2.7476749420166016,2.7963929176330566,2.7476749420166016,2.786648988723755,1.726346492767334,22579
2003-03-27,2.825623035430908,2.8743410110473633,2.7671620845794678,2.8451099395751953,1.762563943862915,44562
2003-03-28,2.7769060134887695,2.806135892868042,2.7671620845794678,2.7671620845794678,1.7142746448516846,25914
2003-03-31,2.669727087020874,2.825623035430908,2.669727087020874,2.737931966781616,1.6961663961410522,43772
2003-04-01,2.7476749420166016,2.7671620845794678,2.7281880378723145,2.737931966781616,1.6961663961410522,15564
2003-04-02,2.7671620845794678,2.7671620845794678,2.7281880378723145,2.7476749420166016,1.7022030353546143,46184
2003-04-03,2.7574191093444824,2.7671620845794678,2.7281880378723145,2.7574191093444824,1.7082388401031494,43875
2003-04-04,2.7963929176330566,2.825623035430908,2.7476749420166016,2.786648988723755,1.726346492767334,17437
2003-04-07,2.786648988723755,2.9133150577545166,2.7281880378723145,2.825623035430908,1.7504912614822388,62846
2003-04-08,2.7671620845794678,2.8451099395751953,2.7671620845794678,2.806135892868042,1.738419532775879,30281
2003-04-09,2.786648988723755,2.815880060195923,2.7476749420166016,2.806135892868042,1.738419532775879,6712
2003-04-10,2.737931966781616,2.815880060195923,2.7281880378723145,2.7476749420166016,1.7022030353546143,34037
2003-04-11,2.7281880378723145,2.806135892868042,2.7281880378723145,2.737931966781616,1.6961663961410522,43238
2003-04-14,2.737931966781616,2.737931966781616,2.737931966781616,2.737931966781616,1.6961663961410522,0
2003-04-15,2.806135892868042,2.815880060195923,2.7281880378723145,2.7574191093444824,1.7082388401031494,23471
2003-04-16,2.806135892868042,2.815880060195923,2.7574191093444824,2.815880060195923,1.7444554567337036,10273
2003-04-17,2.7476749420166016,2.7963929176330566,2.7476749420166016,2.786648988723755,1.726346492767334,21870
2003-04-18,2.786648988723755,2.786648988723755,2.786648988723755,2.786648988723755,1.726346492767334,0
2003-04-21,2.825623035430908,2.825623035430908,2.7476749420166016,2.7769060134887695,1.7203114032745361,16677
2003-04-22,2.825623035430908,2.83536696434021,2.7671620845794678,2.7769060134887695,1.7203114032745361,39754
2003-04-23,2.7769060134887695,2.806135892868042,2.7769060134887695,2.7769060134887695,1.7203114032745361,14368
2003-04-24,2.7963929176330566,2.806135892868042,2.7769060134887695,2.7769060134887695,1.7203114032745361,19618
2003-04-25,2.7769060134887695,2.806135892868042,2.7769060134887695,2.7769060134887695,1.7203114032745361,49114
2003-04-28,2.7769060134887695,2.7769060134887695,2.737931966781616,2.7769060134887695,1.7203114032745361,36578
2003-04-29,2.7476749420166016,2.7769060134887695,2.7476749420166016,2.7671620845794678,1.7142746448516846,14373
2003-04-30,2.7574191093444824,2.7574191093444824,2.7476749420166016,2.7574191093444824,1.7082388401031494,7497
2003-05-01,2.7574191093444824,2.7574191093444824,2.7574191093444824,2.7574191093444824,1.7082388401031494,0
2003-05-02,2.737931966781616,2.786648988723755,2.737931966781616,2.7769060134887695,1.7203114032745361,27705
2003-05-05,2.786648988723755,2.815880060195923,2.786648988723755,2.806135892868042,1.738419532775879,37204
2003-05-06,2.7769060134887695,2.854854106903076,2.7769060134887695,2.786648988723755,1.726346492767334,29901
2003-05-07,2.7769060134887695,2.854854106903076,2.7769060134887695,2.83536696434021,1.7565282583236694,48750
2003-05-08,2.815880060195923,2.815880060195923,2.806135892868042,2.806135892868042,1.738419532775879,4002
2003-05-09,2.825623035430908,2.8451099395751953,2.7963929176330566,2.815880060195923,1.7444554567337036,31564
2003-05-12,2.854854106903076,2.854854106903076,2.7769060134887695,2.825623035430908,1.7504912614822388,20064
2003-05-13,2.825623035430908,2.9230589866638184,2.815880060195923,2.9133150577545166,1.8048170804977417,25709
2003-05-14,3.020493984222412,3.020493984222412,2.8743410110473633,2.884084939956665,1.786709189414978,20305
2003-05-15,2.9230589866638184,2.9620330333709717,2.884084939956665,2.9328019618988037,1.8168891668319702,66957
2003-05-16,3.4102349281311035,3.4102349281311035,2.9230589866638184,2.9425458908081055,1.8229265213012695,53738
2003-05-19,2.9620330333709717,3.020493984222412,2.9328019618988037,2.9328019618988037,1.8168891668319702,31292
2003-05-20,2.9230589866638184,2.991262912750244,2.9230589866638184,2.95228910446167,1.8289622068405151,16015
2003-05-21,3.361517906188965,3.361517906188965,2.9328019618988037,2.9328019618988037,1.8168891668319702,13922
2003-05-22,2.9230589866638184,2.991262912750244,2.9230589866638184,2.9620330333709717,1.8349988460540771,23656
2003-05-23,2.9425458908081055,2.95228910446167,2.9230589866638184,2.9230589866638184,1.8108539581298828,36434
2003-05-26,2.9425458908081055,2.9425458908081055,2.786648988723755,2.825623035430908,1.7504912614822388,73577
2003-05-27,2.8743410110473633,2.9230589866638184,2.83536696434021,2.854854106903076,1.7686002254486084,47739
2003-05-28,2.8743410110473633,2.9230589866638184,2.8743410110473633,2.9230589866638184,1.8108539581298828,19756
2003-05-29,3.117928981781006,3.117928981781006,2.83536696434021,2.884084939956665,1.786709189414978,24205
2003-05-30,2.8938279151916504,2.9425458908081055,2.864598035812378,2.9230589866638184,1.8108539581298828,97285
2003-06-02,3.5076711177825928,3.5076711177825928,2.8743410110473633,2.95228910446167,1.8289622068405151,82121
2003-06-03,2.971776008605957,3.449208974838257,2.9035720825195312,3.039980888366699,1.8832881450653076,163328
2003-06-04,3.2056210041046143,3.2056210041046143,3.020493984222412,3.039980888366699,1.8832881450653076,24154
2003-06-05,2.971776008605957,3.0984420776367188,2.971776008605957,3.030237913131714,1.8772517442703247,44270
2003-06-06,3.020493984222412,3.0594680309295654,3.020493984222412,3.039980888366699,1.8832881450653076,53964
2003-06-09,3.020493984222412,3.117928981781006,2.884084939956665,3.0886991024017334,1.913468837738037,67044
2003-06-10,3.0886991024017334,3.0984420776367188,3.0107510089874268,3.04972505569458,1.8893245458602905,64529
2003-06-11,3.039980888366699,3.0789549350738525,2.981519937515259,2.991262912750244,1.85310697555542,64304
2003-06-12,3.020493984222412,3.030237913131714,2.971776008605957,3.001007080078125,1.8591437339782715,53938
2003-06-13,3.147160053253174,3.147160053253174,2.9230589866638184,3.0107510089874268,1.8651793003082275,45804
2003-06-16,2.9328019618988037,3.030237913131714,2.9328019618988037,3.001007080078125,1.8591437339782715,28218
2003-06-17,2.971776008605957,3.039980888366699,2.9230589866638184,2.9230589866638184,1.8108539581298828,62426
2003-06-18,2.9230589866638184,2.971776008605957,2.8743410110473633,2.9620330333709717,1.8349988460540771,63123
2003-06-19,2.9230589866638184,2.971776008605957,2.9133150577545166,2.95228910446167,1.8289622068405151,49006
2003-06-20,2.9425458908081055,3.1081860065460205,2.9425458908081055,3.030237913131714,1.8772517442703247,72201
2003-06-23,3.001007080078125,3.039980888366699,2.971776008605957,2.981519937515259,1.8470698595046997,31564
2003-06-24,3.020493984222412,3.020493984222412,2.95228910446167,2.95228910446167,1.8289622068405151,32241
2003-06-25,3.020493984222412,3.546644926071167,2.971776008605957,3.52715802192688,2.1850967407226562,1060211
2003-06-26,3.6051061153411865,3.7025411128997803,3.3127999305725098,3.37126088142395,2.088517665863037,246686
2003-06-27,3.4102349281311035,3.4881839752197266,3.361517906188965,3.400491952896118,2.106626510620117,133904
2003-06-30,3.4589529037475586,3.5563879013061523,3.322542905807495,3.478440046310425,2.154916524887085,356682
2003-07-01,3.4297220706939697,3.4589529037475586,3.195878028869629,3.215364933013916,1.9919389486312866,296489
2003-07-02,3.166646957397461,3.2933130264282227,3.166646957397461,3.2543389797210693,2.0160841941833496,75121
2003-07-03,3.215364933013916,3.4102349281311035,3.215364933013916,3.3127999305725098,2.0523006916046143,142566
2003-07-04,3.37126088142395,3.400491952896118,3.2543389797210693,3.2933130264282227,2.0402286052703857,61076
2003-07-07,3.283569097518921,3.2933130264282227,3.215364933013916,3.2543389797210693,2.0160841941833496,49776
2003-07-08,3.2445950508117676,3.37126088142395,3.2251079082489014,3.2640819549560547,2.0221195220947266,60691
2003-07-09,3.2445950508117676,3.2640819549560547,3.215364933013916,3.2251079082489014,1.9979751110076904,58284
2003-07-10,3.3127999305725098,3.3127999305725098,3.215364933013916,3.2348520755767822,2.004011631011963,60039
2003-07-11,3.166646957397461,3.2445950508117676,3.166646957397461,3.2251079082489014,1.9979751110076904,29835
2003-07-14,3.2251079082489014,3.2543389797210693,3.2056210041046143,3.2251079082489014,1.9979751110076904,54908
2003-07-15,3.215364933013916,3.2445950508117676,3.215364933013916,3.2251079082489014,1.9979751110076904,128151
2003-07-16,3.1763908863067627,3.3127999305725098,3.166646957397461,3.283569097518921,2.0341923236846924,208307
2003-07-17,3.3127999305725098,3.361517906188965,3.195878028869629,3.215364933013916,1.9919389486312866,93200
2003-07-18,3.215364933013916,3.215364933013916,3.039980888366699,3.1081860065460205,1.9255412817001343,133026
2003-07-21,3.069211959838867,3.0984420776367188,2.8743410110473633,2.95228910446167,1.8289622068405151,220120
2003-07-22,2.971776008605957,3.020493984222412,2.9425458908081055,3.001007080078125,1.8591437339782715,57176
2003-07-23,3.0594680309295654,3.0789549350738525,2.981519937515259,3.0107510089874268,1.8651793003082275,18319
2003-07-24,3.039980888366699,3.039980888366699,2.9425458908081055,2.991262912750244,1.85310697555542,41673
2003-07-25,2.9425458908081055,3.020493984222412,2.9425458908081055,2.981519937515259,1.8470698595046997,66202
2003-07-28,3.04972505569458,3.04972505569458,3.0107510089874268,3.039980888366699,1.8832881450653076,35808
2003-07-29,2.971776008605957,3.0886991024017334,2.971776008605957,3.069211959838867,1.9013962745666504,51716
2003-07-30,3.020493984222412,3.069211959838867,2.981519937515259,2.991262912750244,1.85310697555542,84527
2003-07-31,2.981519937515259,3.069211959838867,2.981519937515259,3.039980888366699,1.8832881450653076,102924
2003-08-01,3.0789549350738525,3.147160053253174,3.039980888366699,3.0886991024017334,1.913468837738037,122055
2003-08-04,3.039980888366699,3.2933130264282227,3.039980888366699,3.2543389797210693,2.0160841941833496,133113
2003-08-05,3.2640819549560547,3.3907480239868164,3.2640819549560547,3.332287073135376,2.0643727779388428,132913
2003-08-06,3.2640819549560547,3.37126088142395,3.2640819549560547,3.2738258838653564,2.028156042098999,172966
2003-08-07,3.2640819549560547,3.3420310020446777,3.2640819549560547,3.3127999305725098,2.0523006916046143,68727
2003-08-08,3.4102349281311035,3.4102349281311035,3.2738258838653564,3.2933130264282227,2.0402286052703857,56232
2003-08-11,3.3127999305725098,3.3907480239868164,3.2640819549560547,3.2738258838653564,2.028156042098999,133555
2003-08-12,3.2640819549560547,3.3127999305725098,3.2640819549560547,3.3127999305725098,2.0523006916046143,30789
2003-08-13,3.2543389797210693,3.3127999305725098,3.2445950508117676,3.303056001663208,2.046264171600342,49186
2003-08-14,3.351773977279663,3.381005048751831,3.283569097518921,3.3420310020446777,2.070409059524536,99748
2003-08-15,3.3420310020446777,3.3420310020446777,3.3420310020446777,3.3420310020446777,2.070409059524536,0
2003-08-18,3.3127999305725098,3.5563879013061523,3.3127999305725098,3.517414093017578,2.179060459136963,100764
2003-08-19,3.546644926071167,3.8876678943634033,3.478440046310425,3.497926950454712,2.1669883728027344,137029
2003-08-20,3.4881839752197266,3.6051061153411865,3.4881839752197266,3.566132068634033,2.2092411518096924,133801
2003-08-21,3.4589529037475586,3.5076711177825928,3.4199790954589844,3.478440046310425,2.154916524887085,148334
2003-08-22,3.468696117401123,3.497926950454712,3.4102349281311035,3.4199790954589844,2.118698835372925,44311
2003-08-25,3.37126088142395,3.37126088142395,3.3127999305725098,3.3127999305725098,2.0523006916046143,39929
2003-08-26,3.351773977279663,3.497926950454712,3.332287073135376,3.4881839752197266,2.160952091217041,68132
2003-08-27,3.6440799236297607,3.663567066192627,3.3907480239868164,3.400491952896118,2.106626510620117,44126
2003-08-28,3.351773977279663,3.4102349281311035,3.3127999305725098,3.332287073135376,2.0643727779388428,50782
2003-08-29,3.215364933013916,3.3127999305725098,3.04972505569458,3.2543389797210693,2.115032911300659,23528
2003-09-01,3.2543389797210693,3.2543389797210693,3.117928981781006,3.1763908863067627,2.06437349319458,51059
2003-09-02,3.2640819549560547,3.449208974838257,3.2056210041046143,3.215364933013916,2.089702844619751,110119
2003-09-03,3.215364933013916,3.2543389797210693,3.117928981781006,3.147160053253174,2.0453755855560303,144234
2003-09-04,3.117928981781006,3.166646957397461,3.039980888366699,3.0984420776367188,2.0137131214141846,39513
2003-09-05,3.156903028488159,3.156903028488159,2.971776008605957,2.981519937515259,1.9377235174179077,76676
2003-09-08,3.001007080078125,3.381005048751831,2.981519937515259,3.2543389797210693,2.115032911300659,131805
2003-09-09,3.2640819549560547,3.303056001663208,3.0594680309295654,3.2056210041046143,2.0833704471588135,138789
2003-09-10,3.166646957397461,3.2056210041046143,3.137415885925293,3.1763908863067627,2.06437349319458,26119
2003-09-11,3.166646957397461,3.215364933013916,3.137415885925293,3.156903028488159,2.0517072677612305,70477
2003-09-12,3.1763908863067627,3.1763908863067627,3.117928981781006,3.117928981781006,2.0263779163360596,46348
2003-09-15,3.0789549350738525,3.1081860065460205,3.0789549350738525,3.0789549350738525,2.0010480880737305,32770
2003-09-16,3.117928981781006,3.117928981781006,3.069211959838867,3.0789549350738525,2.0010480880737305,12274
2003-09-17,3.069211959838867,3.195878028869629,3.069211959838867,3.0886991024017334,2.007380962371826,31918
2003-09-18,3.0886991024017334,3.137415885925293,3.04972505569458,3.0886991024017334,2.007380962371826,50515
2003-09-19,3.0789549350738525,3.0789549350738525,3.039980888366699,3.04972505569458,1.9820520877838135,50315
2003-09-22,3.030237913131714,3.039980888366699,3.020493984222412,3.030237913131714,1.9693865776062012,35854
2003-09-23,2.9620330333709717,3.117928981781006,2.9425458908081055,2.981519937515259,1.9377235174179077,59187
2003-09-24,3.020493984222412,3.039980888366699,3.001007080078125,3.0107510089874268,1.9567219018936157,33519
2003-09-25,3.001007080078125,3.001007080078125,2.9425458908081055,2.9620330333709717,1.9250597953796387,17298
2003-09-26,3.039980888366699,3.04972505569458,2.981519937515259,3.001007080078125,1.9503895044326782,34171
2003-09-29,3.020493984222412,3.0594680309295654,2.991262912750244,3.0107510089874268,1.9567219018936157,16436
2003-09-30,2.991262912750244,3.039980888366699,2.981519937515259,3.0107510089874268,1.9567219018936157,14178
2003-10-01,2.991262912750244,2.991262912750244,2.9425458908081055,2.981519937515259,1.9377235174179077,26751
2003-10-02,2.981519937515259,2.981519937515259,2.981519937515259,2.981519937515259,1.9377235174179077,0
2003-10-03,2.991262912750244,3.030237913131714,2.991262912750244,3.001007080078125,1.9503895044326782,72150
2003-10-06,3.039980888366699,3.039980888366699,2.991262912750244,3.001007080078125,1.9503895044326782,19048
2003-10-07,3.020493984222412,3.0789549350738525,3.0107510089874268,3.020493984222412,1.9630531072616577,37953
2003-10-08,3.030237913131714,3.039980888366699,3.001007080078125,3.001007080078125,1.9503895044326782,22065
2003-10-09,3.001007080078125,3.039980888366699,2.991262912750244,2.991262912750244,1.944056749343872,66172
2003-10-10,3.001007080078125,3.039980888366699,3.001007080078125,3.030237913131714,1.9693865776062012,31282
2003-10-13,3.0886991024017334,3.1081860065460205,2.981519937515259,3.0886991024017334,2.007380962371826,55082
2003-10-14,3.0886991024017334,3.117928981781006,3.0594680309295654,3.0789549350738525,2.0010480880737305,43531
2003-10-15,3.0886991024017334,3.215364933013916,3.0789549350738525,3.166646957397461,2.0580403804779053,53214
2003-10-16,3.137415885925293,3.2251079082489014,3.117928981781006,3.156903028488159,2.0517072677612305,124811
2003-10-17,3.215364933013916,3.3127999305725098,3.195878028869629,3.2251079082489014,2.0960347652435303,98008
2003-10-20,3.166646957397461,3.2543389797210693,3.117928981781006,3.1763908863067627,2.06437349319458,49756
2003-10-21,3.117928981781006,3.137415885925293,3.020493984222412,3.0886991024017334,2.007380962371826,38907
2003-10-22,3.069211959838867,3.147160053253174,3.0594680309295654,3.0886991024017334,2.007380962371826,17406
2003-10-23,3.0789549350738525,3.0984420776367188,3.039980888366699,3.0594680309295654,1.9883840084075928,55334
2003-10-24,3.030237913131714,3.0594680309295654,3.020493984222412,3.039980888366699,1.9757190942764282,22579
2003-10-27,3.215364933013916,3.215364933013916,3.1276729106903076,3.156903028488159,2.0517072677612305,49591
2003-10-28,3.195878028869629,3.2445950508117676,3.166646957397461,3.186134099960327,2.0707054138183594,190516
2003-10-29,3.2933130264282227,3.2933130264282227,3.156903028488159,3.1763908863067627,2.06437349319458,53553
2003-10-30,3.156903028488159,3.3127999305725098,3.156903028488159,3.2933130264282227,2.140362024307251,84440
2003-10-31,3.3127999305725098,3.5856189727783203,3.2348520755767822,3.497926950454712,2.273343324661255,320494
2003-11-03,3.468696117401123,3.5076711177825928,3.2933130264282227,3.361517906188965,2.18468976020813,60270
2003-11-04,3.4102349281311035,3.449208974838257,3.332287073135376,3.4102349281311035,2.21635103225708,64437
2003-11-05,3.478440046310425,3.478440046310425,3.3420310020446777,3.4102349281311035,2.21635103225708,105557
2003-11-06,3.215364933013916,3.4394659996032715,3.215364933013916,3.381005048751831,2.197354316711426,41981
2003-11-07,3.4199790954589844,3.4297220706939697,3.4102349281311035,3.4102349281311035,2.21635103225708,67439
2003-11-10,3.4297220706939697,3.4297220706939697,3.4102349281311035,3.4199790954589844,2.2226836681365967,35664
2003-11-11,3.4297220706939697,3.4589529037475586,3.400491952896118,3.4297220706939697,2.229016065597534,51849
2003-11-12,3.4297220706939697,3.683053970336914,3.4297220706939697,3.52715802192688,2.2923407554626465,404730
2003-11-13,3.5563879013061523,3.6051061153411865,3.5076711177825928,3.517414093017578,2.2860076427459717,132800
2003-11-14,3.4589529037475586,3.546644926071167,3.4589529037475586,3.5076711177825928,2.2796754837036133,195278
2003-11-17,3.5076711177825928,3.6051061153411865,3.5076711177825928,3.5953619480133057,2.336667060852051,78544
2003-11-18,3.6538240909576416,3.7707459926605225,3.6051061153411865,3.7025411128997803,2.4063236713409424,157258
2003-11-19,3.7512590885162354,3.7610020637512207,3.6733109951019287,3.7415149211883545,2.4316537380218506,202560
2003-11-20,3.7707459926605225,3.829206943511963,3.7220280170440674,3.7707459926605225,2.450650691986084,78375
2003-11-21,4.0727949142456055,4.0727949142456055,3.6538240909576416,3.6733109951019287,2.3873274326324463,137988
2003-11-24,3.7025411128997803,3.7025411128997803,3.5076711177825928,3.566132068634033,2.317669630050659,188289
2003-11-25,3.566132068634033,3.663567066192627,3.517414093017578,3.546644926071167,2.3050050735473633,118242
2003-11-26,3.546644926071167,3.546644926071167,3.546644926071167,3.546644926071167,2.3050050735473633,0
2003-11-27,3.692797899246216,3.8876678943634033,3.634335994720459,3.7415149211883545,2.4316537380218506,264005
2003-11-28,3.8876678943634033,3.8876678943634033,3.712285041809082,3.731771945953369,2.425321578979492,156693
2003-12-01,3.7999770641326904,3.946129083633423,3.780488967895508,3.9168989658355713,2.5456383228302,474191
2003-12-02,3.9753599166870117,3.9753599166870117,3.7999770641326904,3.877924919128418,2.52030873298645,411847
2003-12-03,3.897412061691284,4.326127052307129,3.848694086074829,4.27741003036499,2.779937505722046,673421
2003-12-04,4.2871527671813965,4.676894187927246,4.238434791564941,4.579459190368652,2.976243257522583,677480
2003-12-05,4.482024192810059,4.735354900360107,4.423562049865723,4.520998001098633,2.938248634338379,586271
2003-12-08,4.589201927185059,4.686637878417969,4.501511096954346,4.550228118896484,2.9572455883026123,350134
2003-12-09,4.676894187927246,5.466119766235352,4.550228118896484,5.466119766235352,3.5524940490722656,1590983
2003-12-10,5.690220832824707,6.567139148712158,5.612273216247559,6.4404730796813965,4.185738563537598,3985870
2003-12-11,6.547651767730713,6.664575099945068,5.82663106918335,5.865604877471924,3.8121237754821777,877556
2003-12-12,5.914322853088379,6.040988922119141,5.2809929847717285,5.612273216247559,3.647481918334961,684962
2003-12-15,5.885091781616211,6.040988922119141,5.631760120391846,5.719451904296875,3.717137575149536,572087
2003-12-16,5.573298931121826,5.651247024536133,5.339454174041748,5.475863933563232,3.5588266849517822,358643
2003-12-17,5.797399997711182,6.031245231628418,5.631760120391846,6.031245231628418,3.9197750091552734,701952
2003-12-18,6.401498794555664,6.537909030914307,6.070219039916992,6.118937015533447,3.9767680168151855,1098718
2003-12-19,6.235858917236328,6.235858917236328,5.67073392868042,5.865604877471924,3.8121237754821777,288755
2003-12-22,5.846117973327637,5.933810234069824,5.651247024536133,5.7779130935668945,3.8841750621795654,319755
2003-12-23,5.865604877471924,5.865604877471924,5.261506080627441,5.339454174041748,3.5894219875335693,441585
2003-12-24,5.505094051361084,5.875349044799805,5.23227596282959,5.875349044799805,3.949674606323242,912354
2003-12-25,5.875349044799805,5.875349044799805,5.875349044799805,5.875349044799805,3.949674606323242,0
2003-12-26,5.709709167480469,6.4697041511535645,5.368684768676758,6.459959983825684,4.342677593231201,2100131
2003-12-29,6.430729866027832,6.888676166534424,6.333294868469238,6.674317836761475,4.486778259277344,1360035
2003-12-30,6.89841890335083,7.132264137268066,6.430729866027832,6.479446887969971,4.355777263641357,795697
2003-12-31,6.333294868469238,7.132264137268066,6.235858917236328,7.103033065795898,4.774980068206787,2797086
2004-01-01,7.122520923614502,7.395339012145996,6.800983905792236,7.0153422355651855,4.716031551361084,988527
2004-01-02,7.200469017028809,7.307648181915283,6.89841890335083,6.966623783111572,4.683281421661377,823079
2004-01-05,7.190724849700928,7.570723056793213,7.064058780670166,7.453801155090332,5.010782718658447,1364546
2004-01-06,7.599954128265381,7.882515907287598,7.034829139709473,7.171237945556641,4.820831298828125,1794754
2004-01-07,7.307648181915283,7.541491985321045,7.025084972381592,7.171237945556641,4.820831298828125,526380
2004-01-08,7.32713508605957,7.687644958496094,7.32713508605957,7.522005081176758,5.056632995605469,853992
2004-01-09,7.697389125823975,7.697389125823975,6.8691887855529785,7.336877822875977,4.932182788848877,666431
2004-01-12,7.210212230682373,7.541491985321045,7.210212230682373,7.297904014587402,4.905982971191406,622346
2004-01-13,7.210212230682373,7.307648181915283,6.752265930175781,7.093289852142334,4.768429756164551,346978
2004-01-14,6.859445095062256,7.142007827758789,6.72303581237793,6.888676166534424,4.630880355834961,335863
2004-01-15,6.8691887855529785,7.239442825317383,6.576882839202881,6.645086765289307,4.467130184173584,441975
2004-01-16,6.576882839202881,6.732779026031494,6.09945011138916,6.30406379699707,4.237877368927002,508778
2004-01-19,6.391756057739258,6.391756057739258,5.748682975769043,6.040988922119141,4.061025619506836,394425
2004-01-20,6.040988922119141,6.323551177978516,5.855862140655518,5.894835948944092,3.9627768993377686,385758
2004-01-21,5.846117973327637,5.846117973327637,5.3102240562438965,5.349197864532471,3.5959744453430176,429916
2004-01-22,5.212788105010986,5.456377029418945,4.823047161102295,4.930225849151611,3.3143205642700195,325261
2004-01-23,5.349197864532471,5.427145957946777,4.725612163543701,5.358941078186035,3.602522850036621,353234
2004-01-26,5.358941078186035,5.358941078186035,5.358941078186035,5.358941078186035,3.602522850036621,0
2004-01-27,5.456377029418945,5.602530002593994,5.3102240562438965,5.56355619430542,3.74007511138916,124210
2004-01-28,5.514838218688965,5.699965000152588,5.261506080627441,5.319966793060303,3.576322555541992,186662
2004-01-29,5.436890125274658,5.612273216247559,5.290737152099609,5.427145957946777,3.6483728885650635,205464
2004-01-30,5.456377029418945,5.456377029418945,4.969200134277344,5.04714822769165,3.3929216861724854,476639
2004-02-02,5.04714822769165,5.04714822769165,5.04714822769165,5.04714822769165,3.3929216861724854,0
2004-02-03,4.978943824768066,5.086122989654541,4.7840728759765625,4.8133039474487305,3.2357211112976074,209308
2004-02-04,4.725612163543701,4.920483112335205,4.637919902801514,4.774330139160156,3.2095212936401367,177738
2004-02-05,4.87176513671875,4.87176513671875,4.676894187927246,4.745099067687988,3.1898717880249023,85759
2004-02-06,4.793817043304443,4.87176513671875,4.6476640701293945,4.823047161102295,3.242271661758423,72730
2004-02-09,4.686637878417969,4.87176513671875,4.686637878417969,4.87176513671875,3.275021553039551,126463
2004-02-10,4.832790851593018,4.920483112335205,4.793817043304443,4.852278232574463,3.261920213699341,100333
2004-02-11,4.823047161102295,4.87176513671875,4.676894187927246,4.735354900360107,3.1833202838897705,414993
2004-02-12,4.696381092071533,4.87176513671875,4.696381092071533,4.842534065246582,3.2553718090057373,290284
2004-02-13,4.87176513671875,4.87176513671875,4.686637878417969,4.745099067687988,3.1898717880249023,261019
2004-02-16,4.7840728759765625,4.87176513671875,4.706124782562256,4.754843235015869,3.1964216232299805,213921
2004-02-17,4.832790851593018,4.832790851593018,4.676894187927246,4.706124782562256,3.163670301437378,46025
2004-02-18,4.725612163543701,4.852278232574463,4.706124782562256,4.774330139160156,3.2095212936401367,61394
2004-02-19,4.832790851593018,4.832790851593018,4.491766929626465,4.550228118896484,3.058868885040283,231666
2004-02-20,4.345613956451416,4.628177165985107,4.345613956451416,4.472280025482178,3.006469488143921,96582
2004-02-23,4.511253833770752,4.559971809387207,4.199460983276367,4.267665863037109,2.8689186573028564,126822
2004-02-24,4.102025985717773,4.27741003036499,4.024077892303467,4.131257057189941,2.77721905708313,119304
2004-02-25,4.0727949142456055,4.355358123779297,4.0727949142456055,4.199460983276367,2.823068141937256,94129
2004-02-26,4.1215128898620605,4.2871527671813965,3.9168989658355713,3.994847059249878,2.6855175495147705,161856
2004-02-27,4.218947887420654,4.218947887420654,3.897412061691284,3.9753599166870117,2.672417163848877,203576
2004-03-01,3.9656169414520264,4.17997407913208,3.9363861083984375,4.102025985717773,2.757568120956421,190367
2004-03-02,4.102025985717773,4.102025985717773,4.102025985717773,4.102025985717773,2.757568120956421,0
2004-03-03,4.111769199371338,4.209205150604248,4.111769199371338,4.170230865478516,2.8034183979034424,771578
2004-03-04,4.111769199371338,4.228692054748535,4.00459098815918,4.063052177429199,2.731367826461792,95437
2004-03-05,3.9363861083984375,4.092281818389893,3.9266419410705566,4.033821105957031,2.7117178440093994,29942
2004-03-08,4.17997407913208,4.17997407913208,4.033821105957031,4.0727949142456055,2.737917184829712,63739
2004-03-09,4.063052177429199,4.111769199371338,4.014334201812744,4.102025985717773,2.757568120956421,47734
2004-03-10,4.014334201812744,4.140999794006348,4.014334201812744,4.063052177429199,2.731367826461792,127412
2004-03-11,4.014334201812744,4.092281818389893,3.994847059249878,4.043564796447754,2.7182676792144775,76707
2004-03-12,4.00459098815918,4.00459098815918,3.897412061691284,3.9266419410705566,2.6396665573120117,33016
2004-03-15,4.0727949142456055,4.0727949142456055,3.858438014984131,3.877924919128418,2.606916904449463,64119
2004-03-16,3.8194639682769775,3.858438014984131,3.7025411128997803,3.7415149211883545,2.5152156352996826,144855
2004-03-17,3.7999770641326904,3.7999770641326904,3.683053970336914,3.712285041809082,2.4955666065216064,150145
2004-03-18,3.7512590885162354,3.7610020637512207,3.7025411128997803,3.7025411128997803,2.4890153408050537,168188
2004-03-19,3.7512590885162354,3.780488967895508,3.692797899246216,3.7415149211883545,2.5152156352996826,183008
2004-03-22,3.7610020637512207,3.7610020637512207,3.5953619480133057,3.663567066192627,2.4628162384033203,289746
2004-03-23,3.7415149211883545,3.897412061691284,3.614849090576172,3.7707459926605225,2.5348665714263916,256175
2004-03-24,3.7999770641326904,3.868180990219116,3.7025411128997803,3.848694086074829,2.5872669219970703,149021
2004-03-25,3.848694086074829,3.946129083633423,3.7610020637512207,3.9071550369262695,2.626566171646118,101636
2004-03-26,3.9851040840148926,4.267665863037109,3.9851040840148926,4.170230865478516,2.8034183979034424,121121
2004-03-29,4.4040751457214355,4.589201927185059,4.365100860595703,4.501511096954346,3.0261199474334717,213269
2004-03-30,4.80355978012085,4.959456920623779,4.676894187927246,4.910738945007324,3.301220178604126,410462
2004-03-31,5.203044891357422,5.203044891357422,4.80355978012085,4.910738945007324,3.301220178604126,145039
2004-04-01,5.066636085510254,5.066636085510254,4.881507873535156,4.881507873535156,3.2815704345703125,61512
2004-04-02,4.7840728759765625,5.115353107452393,4.7840728759765625,5.037405014038086,3.386373519897461,173325
2004-04-05,5.183557987213135,5.2809929847717285,4.891252040863037,5.105609893798828,3.432222843170166,312402
2004-04-06,5.4466328620910645,5.553812026977539,5.105609893798828,5.2809929847717285,3.550123691558838,386461
2004-04-07,5.261506080627441,5.3102240562438965,4.87176513671875,5.037405014038086,3.386373519897461,329623
2004-04-08,5.066636085510254,5.066636085510254,4.920483112335205,5.037405014038086,3.386373519897461,58505
2004-04-09,5.037405014038086,5.037405014038086,5.037405014038086,5.037405014038086,3.386373519897461,0
2004-04-12,5.066636085510254,5.066636085510254,4.891252040863037,4.910738945007324,3.301220178604126,134853
2004-04-13,4.87176513671875,4.920483112335205,4.87176513671875,4.891252040863037,3.2881221771240234,110560
2004-04-14,4.891252040863037,4.891252040863037,4.891252040863037,4.891252040863037,3.2881221771240234,0
2004-04-15,4.969200134277344,4.969200134277344,4.823047161102295,4.852278232574463,3.261920213699341,198695
2004-04-16,4.881507873535156,4.969200134277344,4.793817043304443,4.881507873535156,3.2815704345703125,131051
2004-04-19,4.910738945007324,5.115353107452393,4.910738945007324,4.949713230133057,3.3274223804473877,201451
2004-04-20,5.008173942565918,5.07637882232666,4.891252040863037,5.04714822769165,3.3929216861724854,103699
2004-04-21,5.242019176483154,5.242019176483154,4.969200134277344,5.027660846710205,3.3798210620880127,62277
2004-04-22,4.969200134277344,5.154326915740967,4.969200134277344,5.037405014038086,3.386373519897461,134525
2004-04-23,5.164071083068848,5.164071083068848,5.027660846710205,5.056891918182373,3.39947247505188,116087
2004-04-26,5.056891918182373,5.056891918182373,5.056891918182373,5.056891918182373,3.39947247505188,0
2004-04-27,4.80355978012085,4.87176513671875,4.7840728759765625,4.793817043304443,3.2226202487945557,117662
2004-04-28,5.242019176483154,5.242019176483154,4.676894187927246,4.745099067687988,3.1898717880249023,75373
2004-04-29,4.774330139160156,4.774330139160156,4.657406806945801,4.764585971832275,3.202970266342163,113039
2004-04-30,4.87176513671875,4.87176513671875,4.686637878417969,4.774330139160156,3.2095212936401367,41134
2004-05-03,4.725612163543701,4.862020969390869,4.725612163543701,4.80355978012085,3.229170083999634,37322
2004-05-04,4.735354900360107,5.037405014038086,4.735354900360107,5.008173942565918,3.3667216300964355,76342
2004-05-05,4.87176513671875,4.969200134277344,4.87176513671875,4.939970016479492,3.3208718299865723,150022
2004-05-06,5.017918109893799,5.066636085510254,4.87176513671875,4.988687038421631,3.353620767593384,113418
2004-05-07,4.87176513671875,5.04714822769165,4.735354900360107,4.87176513671875,3.275021553039551,148457
2004-05-10,4.87176513671875,4.978943824768066,4.832790851593018,4.900994777679443,3.294671058654785,40344
2004-05-11,4.774330139160156,4.774330139160156,4.423562049865723,4.628177165985107,3.1112709045410156,117708
2004-05-12,4.54048490524292,4.676894187927246,4.482024192810059,4.550228118896484,3.058868885040283,81695
2004-05-13,4.676894187927246,4.764585971832275,4.4040751457214355,4.579459190368652,3.0785205364227295,196884
2004-05-14,4.520998001098633,4.520998001098633,4.2871527671813965,4.345613956451416,2.921318769454956,133355
2004-05-17,4.00459098815918,4.257922172546387,3.946129083633423,3.9753599166870117,2.672417163848877,152932
2004-05-18,4.170230865478516,4.374845027923584,3.897412061691284,4.345613956451416,2.921318769454956,224282
2004-05-19,4.462536811828613,4.667150974273682,4.111769199371338,4.199460983276367,2.823068141937256,242560
2004-05-20,4.248178958892822,4.306640148162842,4.248178958892822,4.2871527671813965,2.88201904296875,83650
2004-05-21,4.2871527671813965,4.2871527671813965,4.209205150604248,4.27741003036499,2.8754682540893555,53394
2004-05-24,4.33587121963501,4.355358123779297,4.2871527671813965,4.3163838386535645,2.9016690254211426,33427
2004-05-25,4.189717769622803,4.452793121337891,4.111769199371338,4.326127052307129,2.9082181453704834,57391
2004-05-26,4.482024192810059,4.482024192810059,4.2871527671813965,4.2871527671813965,2.88201904296875,76065
2004-05-27,4.257922172546387,4.4040751457214355,4.248178958892822,4.296896934509277,2.88856840133667,74762
2004-05-28,4.394331932067871,4.394331932067871,4.189717769622803,4.238434791564941,2.8492679595947266,103591
2004-05-31,4.189717769622803,4.189717769622803,4.033821105957031,4.053308010101318,2.7248177528381348,71329
2004-06-01,4.140999794006348,4.189717769622803,4.092281818389893,4.1215128898620605,2.7706680297851562,54749
2004-06-02,4.27741003036499,4.27741003036499,4.102025985717773,4.140999794006348,2.783766984939575,18448
2004-06-03,4.1215128898620605,4.170230865478516,4.063052177429199,4.082539081573486,2.7444677352905273,48283
2004-06-04,4.355358123779297,4.462536811828613,4.111769199371338,4.394331932067871,2.954068899154663,166197
2004-06-07,4.38458776473999,4.4333062171936035,4.27741003036499,4.38458776473999,2.947518825531006,184948
2004-06-08,4.345613956451416,4.482024192810059,4.345613956451416,4.4040751457214355,2.9606194496154785,121988
2004-06-09,4.394331932067871,4.511253833770752,4.394331932067871,4.482024192810059,3.0130200386047363,23646
2004-06-10,4.71586799621582,4.832790851593018,4.501511096954346,4.764585971832275,3.202970266342163,279801
2004-06-11,4.852278232574463,5.017918109893799,4.774330139160156,4.832790851593018,3.24882173538208,415927
2004-06-14,4.735354900360107,4.8133039474487305,4.696381092071533,4.706124782562256,3.163670301437378,155472
2004-06-15,4.676894187927246,4.949713230133057,4.676894187927246,4.881507873535156,3.2815704345703125,259202
2004-06-16,4.969200134277344,4.988687038421631,4.87176513671875,4.959456920623779,3.3339715003967285,81202
2004-06-17,5.07637882232666,5.07637882232666,4.881507873535156,4.939970016479492,3.3208718299865723,235705
2004-06-18,5.037405014038086,5.037405014038086,4.881507873535156,4.930225849151611,3.3143205642700195,109996
2004-06-21,4.920483112335205,5.212788105010986,4.920483112335205,5.154326915740967,3.464973211288452,250735
2004-06-22,5.086122989654541,5.212788105010986,4.949713230133057,5.066636085510254,3.4060230255126953,127792
2004-06-23,5.105609893798828,5.105609893798828,4.71586799621582,4.87176513671875,3.275021553039551,108436
2004-06-24,4.939970016479492,5.027660846710205,4.774330139160156,4.881507873535156,3.2815704345703125,181181
2004-06-25,5.017918109893799,5.017918109893799,4.823047161102295,4.900994777679443,3.294671058654785,63631
2004-06-28,4.5989460945129395,4.998431205749512,4.482024192810059,4.900994777679443,3.294671058654785,32755
2004-06-29,4.969200134277344,5.056891918182373,4.930225849151611,5.008173942565918,3.3667216300964355,70143
2004-06-30,5.066636085510254,5.173813819885254,4.900994777679443,4.930225849151611,3.3143205642700195,82121
2004-07-01,5.037405014038086,5.115353107452393,4.891252040863037,4.969200134277344,3.340522050857544,171041
2004-07-02,5.04714822769165,5.056891918182373,4.949713230133057,5.008173942565918,3.3667216300964355,61451
2004-07-05,5.066636085510254,5.066636085510254,4.920483112335205,4.930225849151611,3.3143205642700195,38861
2004-07-06,4.900994777679443,4.969200134277344,4.900994777679443,4.959456920623779,3.3339715003967285,78005
2004-07-07,4.969200134277344,4.988687038421631,4.910738945007324,4.959456920623779,3.3339715003967285,35300
2004-07-08,4.969200134277344,4.969200134277344,4.774330139160156,4.862020969390869,3.2684707641601562,205510
2004-07-09,4.969200134277344,5.066636085510254,4.87176513671875,4.949713230133057,3.3274223804473877,111781
2004-07-12,5.066636085510254,5.066636085510254,4.891252040863037,5.017918109893799,3.3732733726501465,21814
2004-07-13,4.949713230133057,4.988687038421631,4.87176513671875,4.930225849151611,3.3143205642700195,31492
2004-07-14,4.949713230133057,4.959456920623779,4.832790851593018,4.900994777679443,3.294671058654785,20608
2004-07-15,4.842534065246582,4.969200134277344,4.832790851593018,4.949713230133057,3.3274223804473877,56319
2004-07-16,4.930225849151611,4.959456920623779,4.881507873535156,4.949713230133057,3.3274223804473877,44547
2004-07-19,4.920483112335205,5.056891918182373,4.920483112335205,4.988687038421631,3.353620767593384,136880
2004-07-20,5.027660846710205,5.086122989654541,4.969200134277344,5.04714822769165,3.3929216861724854,206506
2004-07-21,5.04714822769165,5.04714822769165,4.969200134277344,4.969200134277344,3.340522050857544,36803
2004-07-22,4.920483112335205,5.066636085510254,4.920483112335205,5.027660846710205,3.3798210620880127,142715
2004-07-23,5.056891918182373,5.066636085510254,4.87176513671875,5.037405014038086,3.386373519897461,97202
2004-07-26,5.066636085510254,5.066636085510254,4.998431205749512,5.027660846710205,3.3798210620880127,27505
2004-07-27,5.04714822769165,5.04714822769165,4.900994777679443,4.920483112335205,3.307771682739258,124503
2004-07-28,4.930225849151611,4.969200134277344,4.910738945007324,4.939970016479492,3.3208718299865723,34427
2004-07-29,5.017918109893799,5.017918109893799,4.910738945007324,4.939970016479492,3.3208718299865723,58002
2004-07-30,4.969200134277344,5.008173942565918,4.832790851593018,4.87176513671875,3.275021553039551,130183
2004-08-02,5.066636085510254,5.066636085510254,4.87176513671875,4.881507873535156,3.2815704345703125,193004
2004-08-03,4.87176513671875,4.930225849151611,4.8133039474487305,4.852278232574463,3.261920213699341,205577
2004-08-04,4.969200134277344,4.969200134277344,4.774330139160156,4.832790851593018,3.24882173538208,311924
2004-08-05,4.87176513671875,4.910738945007324,4.774330139160156,4.862020969390869,3.2684707641601562,180802
2004-08-06,4.920483112335205,4.978943824768066,4.8133039474487305,4.920483112335205,3.307771682739258,91912
2004-08-09,4.7840728759765625,4.939970016479492,4.7840728759765625,4.891252040863037,3.2881221771240234,187242
2004-08-10,4.969200134277344,5.027660846710205,4.87176513671875,4.988687038421631,3.353620767593384,102868
2004-08-11,5.008173942565918,5.037405014038086,4.988687038421631,4.988687038421631,3.353620767593384,43464
2004-08-12,5.027660846710205,5.037405014038086,4.930225849151611,4.988687038421631,3.353620767593384,76112
2004-08-13,4.939970016479492,5.008173942565918,4.939970016479492,4.988687038421631,3.353620767593384,23230
2004-08-16,5.008173942565918,5.008173942565918,4.939970016479492,4.959456920623779,3.3339715003967285,57161
2004-08-17,4.969200134277344,5.066636085510254,4.949713230133057,5.04714822769165,3.3929216861724854,187857
2004-08-18,5.066636085510254,5.115353107452393,4.969200134277344,5.086122989654541,3.4191224575042725,119674
2004-08-19,5.037405014038086,5.242019176483154,5.037405014038086,5.203044891357422,3.497722864151001,110242
2004-08-20,5.125096797943115,5.242019176483154,5.125096797943115,5.154326915740967,3.464973211288452,86005
2004-08-23,5.105609893798828,5.164071083068848,5.037405014038086,5.066636085510254,3.4060230255126953,51747
2004-08-24,5.066636085510254,5.13484001159668,5.017918109893799,5.056891918182373,3.39947247505188,82942
2004-08-25,4.978943824768066,5.13484001159668,4.978943824768066,5.0958662033081055,3.4256715774536133,106593
2004-08-26,5.13484001159668,5.261506080627441,5.115353107452393,5.23227596282959,3.5173728466033936,171595
2004-08-27,5.261506080627441,5.40765905380249,5.183557987213135,5.339454174041748,3.5894219875335693,486214
2004-08-30,5.066636085510254,5.358941078186035,4.881507873535156,5.261506080627441,3.7418692111968994,397022
2004-08-31,5.164071083068848,5.300479888916016,5.07637882232666,5.1445841789245605,3.658719062805176,273909
2004-09-01,5.251762866973877,5.456377029418945,5.164071083068848,5.193301200866699,3.693363666534424,141247
2004-09-02,5.251762866973877,5.319966793060303,5.164071083068848,5.242019176483154,3.7280113697052,211761
2004-09-03,5.261506080627441,5.358941078186035,5.203044891357422,5.339454174041748,3.797305107116699,365924
2004-09-06,5.261506080627441,5.397915840148926,5.261506080627441,5.368684768676758,3.8180935382843018,283193
2004-09-07,5.378427982330322,5.67073392868042,5.378427982330322,5.641503810882568,4.012115955352783,301148
2004-09-08,5.846117973327637,5.846117973327637,5.651247024536133,5.690220832824707,4.0467634201049805,230907
2004-09-09,5.651247024536133,5.651247024536133,5.553812026977539,5.56355619430542,3.956681251525879,217262
2004-09-10,5.748682975769043,5.797399997711182,5.553812026977539,5.709709167480469,4.060622215270996,476659
2004-09-13,5.651247024536133,5.9435529708862305,5.651247024536133,5.865604877471924,4.1714911460876465,478953
2004-09-14,5.865604877471924,5.904579162597656,5.680478096008301,5.729196071624756,4.074480056762695,403513
2004-09-15,5.797399997711182,5.963039875030518,5.660991191864014,5.894835948944092,4.192279815673828,742261
2004-09-16,6.128680229187012,6.128680229187012,5.8071441650390625,5.894835948944092,4.192279815673828,295267
2004-09-17,6.040988922119141,6.040988922119141,5.846117973327637,6.0215020179748535,4.28236198425293,672328
2004-09-20,5.865604877471924,5.972784042358398,5.846117973327637,5.865604877471924,4.1714911460876465,420725
2004-09-21,5.846117973327637,5.9435529708862305,5.846117973327637,5.914322853088379,4.206139087677002,354255
2004-09-22,5.855862140655518,5.894835948944092,5.846117973327637,5.846117973327637,4.157633304595947,222429
2004-09-23,5.660991191864014,5.885091781616211,5.660991191864014,5.729196071624756,4.074480056762695,124692
2004-09-24,5.797399997711182,5.875349044799805,5.797399997711182,5.797399997711182,4.122986793518066,350473
2004-09-27,5.846117973327637,5.9435529708862305,5.709709167480469,5.8071441650390625,4.129916191101074,79165
2004-09-28,6.031245231628418,6.031245231628418,5.660991191864014,5.709709167480469,4.060622215270996,124492
2004-09-29,5.846117973327637,5.846117973327637,5.651247024536133,5.729196071624756,4.074480056762695,82526
2004-09-30,5.748682975769043,5.748682975769043,5.660991191864014,5.709709167480469,4.060622215270996,132482
2004-10-01,5.690220832824707,5.7779130935668945,5.553812026977539,5.738938808441162,4.0814104080200195,718779
2004-10-04,5.933810234069824,6.00201416015625,5.660991191864014,5.846117973327637,4.157633304595947,233026
2004-10-05,5.846117973327637,6.040988922119141,5.690220832824707,5.699965000152588,4.053692817687988,410451
2004-10-06,5.719451904296875,5.7779130935668945,5.524580955505371,5.553812026977539,3.9497509002685547,101708
2004-10-07,5.368684768676758,5.76816987991333,5.368684768676758,5.748682975769043,4.088339328765869,357652
2004-10-08,5.875349044799805,5.875349044799805,5.660991191864014,5.660991191864014,4.025975704193115,53733
2004-10-11,5.836373805999756,5.865604877471924,5.719451904296875,5.836373805999756,4.150703430175781,230060
2004-10-12,5.738938808441162,5.787656784057617,5.612273216247559,5.631760120391846,4.005185127258301,95196
2004-10-13,5.631760120391846,5.631760120391846,5.631760120391846,5.631760120391846,4.005185127258301,0
2004-10-14,5.602530002593994,5.690220832824707,5.602530002593994,5.641503810882568,4.012115955352783,37866
2004-10-15,5.592785835266113,5.846117973327637,5.475863933563232,5.612273216247559,3.991328477859497,261835
2004-10-18,5.612273216247559,5.660991191864014,5.583043098449707,5.592785835266113,3.9774680137634277,62236
2004-10-19,5.553812026977539,5.748682975769043,5.505094051361084,5.738938808441162,4.0814104080200195,160547
2004-10-20,5.67073392868042,6.313807010650635,5.67073392868042,5.904579162597656,4.199209213256836,865230
2004-10-21,6.30406379699707,6.30406379699707,5.855862140655518,5.963039875030518,4.240785121917725,157335
2004-10-22,5.963039875030518,5.963039875030518,5.963039875030518,5.963039875030518,4.240785121917725,0
2004-10-25,5.816886901855469,5.963039875030518,5.758426189422607,5.836373805999756,4.150703430175781,103140
2004-10-26,5.358941078186035,5.846117973327637,5.3102240562438965,5.7779130935668945,4.109127044677734,67634
2004-10-27,5.738938808441162,5.836373805999756,5.631760120391846,5.699965000152588,4.053692817687988,347307
2004-10-28,5.534325122833252,6.040988922119141,5.534325122833252,5.816886901855469,4.136843681335449,194133
2004-10-29,5.748682975769043,5.82663106918335,5.612273216247559,5.680478096008301,4.039834022521973,120695
2004-11-01,5.76816987991333,5.76816987991333,5.612273216247559,5.748682975769043,4.088339328765869,63683
2004-11-02,5.651247024536133,5.894835948944092,5.651247024536133,5.8071441650390625,4.129916191101074,146209
2004-11-03,5.514838218688965,5.9435529708862305,5.514838218688965,5.855862140655518,4.164564609527588,166936
2004-11-04,5.924066066741943,5.9922709465026855,5.690220832824707,5.855862140655518,4.164564609527588,108713
2004-11-05,5.846117973327637,5.865604877471924,5.719451904296875,5.797399997711182,4.122986793518066,74064
2004-11-08,5.797399997711182,5.875349044799805,5.690220832824707,5.738938808441162,4.0814104080200195,60583
2004-11-09,5.748682975769043,5.846117973327637,5.748682975769043,5.76816987991333,4.102196216583252,84881
2004-11-10,5.76816987991333,5.797399997711182,5.56355619430542,5.690220832824707,4.0467634201049805,235084
2004-11-11,5.680478096008301,5.7779130935668945,5.651247024536133,5.709709167480469,4.060622215270996,65150
2004-11-12,5.846117973327637,5.846117973327637,5.699965000152588,5.758426189422607,4.095268726348877,16790
2004-11-15,5.758426189422607,5.758426189422607,5.758426189422607,5.758426189422607,4.095268726348877,0
2004-11-16,5.797399997711182,5.846117973327637,5.67073392868042,5.729196071624756,4.074480056762695,69938
2004-11-17,5.699965000152588,5.9435529708862305,5.699965000152588,5.816886901855469,4.136843681335449,165376
2004-11-18,5.719451904296875,5.894835948944092,5.719451904296875,5.855862140655518,4.164564609527588,132826
2004-11-19,5.875349044799805,5.9435529708862305,5.816886901855469,5.82663106918335,4.143774509429932,202416
2004-11-22,6.00201416015625,6.00201416015625,5.758426189422607,5.82663106918335,4.143774509429932,138507
2004-11-23,5.855862140655518,6.762010097503662,5.855862140655518,6.343038082122803,4.511033535003662,741958
2004-11-24,6.391756057739258,6.606112957000732,6.352781772613525,6.391756057739258,4.545679569244385,253085
2004-11-25,6.508677959442139,6.508677959442139,6.138423919677734,6.245603084564209,4.441739559173584,162630
2004-11-26,6.245603084564209,6.245603084564209,6.245603084564209,6.245603084564209,4.441739559173584,0
2004-11-29,6.430729866027832,6.430729866027832,6.1871418952941895,6.352781772613525,4.517960548400879,156857
2004-11-30,6.430729866027832,6.567139148712158,6.1871418952941895,6.226116180419922,4.427879333496094,275685
2004-12-01,6.1871418952941895,6.235858917236328,6.040988922119141,6.089705944061279,4.330869197845459,164267
2004-12-02,6.196885108947754,6.265089988708496,6.09945011138916,6.1871418952941895,4.400160789489746,173699
2004-12-03,6.235858917236328,6.382011890411377,6.1579108238220215,6.255345821380615,4.448667049407959,182598
2004-12-06,6.255345821380615,6.430729866027832,6.255345821380615,6.372269153594971,4.531821250915527,372303
2004-12-07,6.343038082122803,6.596370220184326,6.343038082122803,6.450216770172119,4.587254524230957,598166
2004-12-08,6.528164863586426,6.771752834320068,6.479446887969971,6.557395935058594,4.663478851318359,415609
2004-12-09,6.596370220184326,6.615857124328613,6.450216770172119,6.537909030914307,4.649619102478027,53692
2004-12-10,6.430729866027832,6.810728073120117,6.382011890411377,6.674317836761475,4.7466301918029785,539404
2004-12-13,6.72303581237793,7.083546161651611,6.6353440284729,7.0153422355651855,4.989160537719727,550529
2004-12-14,7.05431604385376,7.064058780670166,6.742523193359375,6.878931999206543,4.892148017883301,219858
2004-12-15,6.966623783111572,6.976367950439453,6.528164863586426,6.586626052856445,4.820835113525391,206475
2004-12-16,6.810728073120117,6.810728073120117,6.36252498626709,6.372269153594971,4.663944244384766,164894
2004-12-17,6.430729866027832,6.430729866027832,6.196885108947754,6.245603084564209,4.571235179901123,120916
2004-12-20,6.382011890411377,6.382011890411377,6.235858917236328,6.284576892852783,4.599761962890625,180365
2004-12-21,7.0153422355651855,7.0153422355651855,6.265089988708496,6.313807010650635,4.621154308319092,68707
2004-12-22,6.294320106506348,6.489191055297852,6.040988922119141,6.1579108238220215,4.507052421569824,259946
2004-12-23,6.235858917236328,6.284576892852783,6.1579108238220215,6.235858917236328,4.564103603363037,65741
2004-12-24,6.1871418952941895,6.323551177978516,6.1871418952941895,6.235858917236328,4.564103603363037,69056
2004-12-27,6.235858917236328,6.430729866027832,6.235858917236328,6.265089988708496,4.585497856140137,166520
2004-12-28,6.664575099945068,6.664575099945068,6.294320106506348,6.333294868469238,4.635417938232422,143254
2004-12-29,6.352781772613525,6.430729866027832,6.235858917236328,6.284576892852783,4.599761962890625,109216
2004-12-30,6.576882839202881,6.72303581237793,6.372269153594971,6.586626052856445,4.820835113525391,656923
2004-12-31,6.72303581237793,7.073802947998047,6.6548309326171875,6.917905807495117,5.063302516937256,506577
2005-01-03,6.976367950439453,6.976367950439453,6.781497001647949,6.859445095062256,5.020513534545898,447917
2005-01-04,6.8691887855529785,7.064058780670166,6.674317836761475,6.99585485458374,5.120354175567627,431332
2005-01-05,6.917905807495117,8.184564590454102,6.859445095062256,7.1517510414123535,5.234456539154053,2681327
2005-01-06,7.3661088943481445,8.379435539245605,7.3661088943481445,7.804567813873291,5.712262153625488,2652580
2005-01-07,7.794824123382568,7.794824123382568,7.210212230682373,7.599954128265381,5.562501430511475,672589
2005-01-10,7.619441032409668,7.6779022216796875,7.249186038970947,7.473288059234619,5.469792366027832,376039
2005-01-11,7.405083179473877,7.541491985321045,7.171237945556641,7.200469017028809,5.270114421844482,227248
2005-01-12,7.034829139709473,7.210212230682373,6.771752834320068,6.849701881408691,5.013382434844971,328043
2005-01-13,6.878931999206543,7.288160800933838,6.878931999206543,7.161495208740234,5.241589546203613,136244
2005-01-14,7.064058780670166,7.249186038970947,6.976367950439453,7.190724849700928,5.262979984283447,112089
2005-01-17,6.89841890335083,7.22969913482666,6.859445095062256,6.947136878967285,5.084697246551514,123753
2005-01-18,6.859445095062256,7.064058780670166,6.849701881408691,6.966623783111572,5.098961353302002,76691
2005-01-19,6.947136878967285,7.112777233123779,6.89841890335083,7.044571876525879,5.15601110458374,92071
2005-01-20,6.9373931884765625,7.161495208740234,6.9373931884765625,7.112777233123779,5.205931663513184,310503
2005-01-24,7.0153422355651855,7.093289852142334,6.917905807495117,6.966623783111572,5.098961353302002,145193
2005-01-25,6.888676166534424,7.210212230682373,6.888676166534424,7.05431604385376,5.163141250610352,64088
2005-01-27,7.112777233123779,7.405083179473877,7.0153422355651855,7.346621990203857,5.377083778381348,353367
2005-01-28,7.405083179473877,7.444056987762451,7.171237945556641,7.22969913482666,5.29150915145874,155503
2005-01-31,7.288160800933838,7.346621990203857,7.0153422355651855,7.142007827758789,5.227325439453125,218401
2005-02-01,7.122520923614502,7.210212230682373,7.044571876525879,7.064058780670166,5.170273780822754,104192
2005-02-02,7.190724849700928,7.190724849700928,7.05431604385376,7.103033065795898,5.198799133300781,91891
2005-02-03,7.112777233123779,7.307648181915283,7.044571876525879,7.171237945556641,5.248718738555908,217590
2005-02-04,7.258930206298828,7.258930206298828,7.0153422355651855,7.112777233123779,5.205931663513184,175028
2005-02-07,7.385595798492432,7.580465793609619,7.073802947998047,7.453801155090332,5.455529689788818,610718
2005-02-08,7.560978889465332,7.687644958496094,7.414825916290283,7.5902099609375,5.555369853973389,477711
2005-02-09,7.687644958496094,8.233283042907715,7.687644958496094,8.145590782165527,5.961860656738281,2345474
2005-02-10,8.330718040466309,8.574307441711426,8.106616973876953,8.389180183410645,6.1401472091674805,2449235
2005-02-11,8.506101608276367,9.451224327087402,8.379435539245605,9.227123260498047,6.753448009490967,3102535
2005-02-14,9.451224327087402,9.714300155639648,8.993277549743652,9.158918380737305,6.703529357910156,1357834
2005-02-15,9.071227073669434,9.071227073669434,8.39892292022705,8.506101608276367,6.225722312927246,997446
2005-02-16,8.652255058288574,8.954303741455078,8.45738410949707,8.525588989257812,6.239987373352051,530598
2005-02-17,8.379435539245605,8.55482006072998,8.233283042907715,8.369691848754883,6.125881671905518,197772
2005-02-18,8.4768705368042,8.4768705368042,8.184564590454102,8.204051971435547,6.004648685455322,214485
2005-02-21,8.19430923461914,8.359949111938477,7.989695072174072,8.048155784606934,5.89054536819458,239769
2005-02-22,8.223539352416992,8.282000541687012,7.989695072174072,8.077386856079102,5.91193962097168,167624
2005-02-23,8.048155784606934,8.944561004638672,7.989695072174072,8.798407554626465,6.439665794372559,1036657
2005-02-24,8.769177436828613,9.061483383178711,8.184564590454102,8.593793869018555,6.289905548095703,924839
2005-02-25,8.749690055847168,8.905587196350098,8.282000541687012,8.428153991699219,6.16867208480835,241832
2005-02-28,8.574307441711426,8.67174243927002,8.204051971435547,8.330718040466309,6.097358226776123,190577
2005-03-01,8.369691848754883,8.866613388061523,8.243026733398438,8.379435539245605,6.133013725280762,385373
2005-03-02,8.545076370239258,9.646095275878906,8.369691848754883,8.925073623657227,6.532373905181885,1884901
2005-03-03,8.964048385620117,9.918913841247559,8.964048385620117,9.68506908416748,7.088624000549316,2873901
2005-03-04,9.938401222229004,10.016348838806152,9.266097068786621,9.353789329528809,6.846158027648926,672020
2005-03-07,9.314814567565918,10.815319061279297,9.168662071228027,10.25019359588623,7.502246856689453,2240214
2005-03-08,9.938401222229004,12.306078910827637,9.879940032958984,11.8968505859375,8.707457542419434,3852448
2005-03-09,12.062491416931152,12.627614974975586,10.766600608825684,12.120951652526855,8.871475219726562,3699459
2005-03-10,12.081977844238281,12.179412841796875,11.360956192016602,11.585058212280273,8.479249954223633,1266322
2005-03-11,11.740954399108887,12.25736141204834,11.59480094909668,11.701979637145996,8.564827919006348,801193
2005-03-14,11.692235946655273,11.692235946655273,11.058906555175781,11.312238693237305,8.279571533203125,328294
2005-03-15,11.205060005187988,11.283007621765137,10.932241439819336,11.097881317138672,8.122678756713867,386594
2005-03-16,10.766600608825684,11.468134880065918,10.766600608825684,11.12711238861084,8.144074440002441,760530
2005-03-17,11.205060005187988,11.692235946655273,10.951727867126465,11.497365951538086,8.41506576538086,902337
2005-03-18,11.672748565673828,12.081977844238281,11.224547386169434,11.93582534790039,8.735979080200195,970351
2005-03-21,11.53633975982666,12.25736141204834,11.497365951538086,11.867620468139648,8.686060905456543,424538
2005-03-22,11.887106895446777,11.887106895446777,10.717883110046387,11.302495002746582,8.27243709564209,509784
2005-03-23,11.302495002746582,11.6532621383667,10.717883110046387,10.776345252990723,7.887341022491455,273489
2005-03-24,11.097881317138672,11.097881317138672,10.717883110046387,10.893266677856445,7.972917079925537,482838
2005-03-28,10.698395729064941,11.097881317138672,10.620448112487793,10.844549179077148,7.937261581420898,143428
2005-03-29,11.302495002746582,11.302495002746582,10.240449905395508,10.347628593444824,7.573558330535889,513068
2005-03-30,10.532755851745605,10.717883110046387,9.811735153198242,10.600960731506348,7.758977890014648,134699
2005-03-31,10.717883110046387,10.91275405883789,10.620448112487793,10.786087989807129,7.894472599029541,310513
2005-04-01,10.717883110046387,11.205060005187988,10.620448112487793,11.107625007629395,8.12980842590332,205639
2005-04-04,11.302495002746582,11.302495002746582,10.46455192565918,10.561986923217773,7.730451583862305,289889
2005-04-05,10.561986923217773,10.717883110046387,10.425577163696289,10.5230131149292,7.701925277709961,318005
2005-04-06,10.474294662475586,10.600960731506348,10.425577163696289,10.46455192565918,7.659135341644287,46343
2005-04-07,10.717883110046387,10.717883110046387,10.435320854187012,10.454808235168457,7.652004718780518,41586
2005-04-08,10.630191802978516,10.630191802978516,10.386603355407715,10.415834426879883,7.623480319976807,99702
2005-04-11,10.386603355407715,10.620448112487793,10.055322647094727,10.240449905395508,7.495112895965576,85112
2005-04-12,9.938401222229004,10.5230131149292,9.938401222229004,10.201476097106934,7.466588020324707,24303
2005-04-13,10.513269424438477,10.5230131149292,10.289168357849121,10.347628593444824,7.573558330535889,74321
2005-04-15,10.143014907836914,10.620448112487793,9.84096622467041,10.415834426879883,7.623480319976807,122378
2005-04-18,10.084553718566895,10.795831680297852,10.084553718566895,10.337885856628418,7.566431045532227,331091
2005-04-19,10.57172966003418,10.688652992248535,10.435320854187012,10.532755851745605,7.709057807922363,231435
2005-04-20,10.328142166137695,10.815319061279297,10.328142166137695,10.5230131149292,7.701925277709961,345398
2005-04-21,10.454808235168457,10.600960731506348,10.454808235168457,10.5230131149292,7.701925277709961,108302
2005-04-22,10.5230131149292,10.815319061279297,10.5230131149292,10.72762680053711,7.851688385009766,102899
2005-04-25,10.542499542236328,10.91275405883789,10.532755851745605,10.815319061279297,7.915867328643799,377491
2005-04-26,10.581474304199219,11.166086196899414,10.581474304199219,10.903010368347168,7.980053424835205,214881
2005-04-27,10.639934539794922,11.779928207397461,10.639934539794922,11.1173677444458,8.136942863464355,422890
2005-04-28,11.302495002746582,11.341468811035156,10.91275405883789,11.010189056396484,8.058494567871094,194498
2005-04-29,11.010189056396484,11.058906555175781,10.46455192565918,10.747114181518555,7.86594820022583,177230
2005-05-02,10.639934539794922,10.815319061279297,10.191733360290527,10.454808235168457,7.652004718780518,130784
2005-05-03,10.337885856628418,10.620448112487793,10.337885856628418,10.513269424438477,7.694795608520508,130563
2005-05-04,10.454808235168457,10.717883110046387,10.269680976867676,10.55224323272705,7.723320484161377,116636
2005-05-05,10.5230131149292,10.717883110046387,10.513269424438477,10.649679183959961,7.794632911682129,84640
2005-05-06,10.698395729064941,11.058906555175781,10.493782043457031,10.532755851745605,7.709057807922363,563481
2005-05-09,10.873780250549316,10.873780250549316,10.191733360290527,10.25019359588623,7.502246856689453,193974
2005-05-10,10.328142166137695,10.5230131149292,10.328142166137695,10.435320854187012,7.63774299621582,248888
2005-05-11,10.474294662475586,10.717883110046387,10.376859664916992,10.474294662475586,7.666268825531006,134802
2005-05-12,10.5230131149292,10.57172966003418,10.376859664916992,10.513269424438477,7.694795608520508,93775
2005-05-13,10.57172966003418,11.458392143249512,10.445063591003418,11.214802742004395,8.208257675170898,638921
2005-05-16,11.302495002746582,11.633774757385254,11.058906555175781,11.497365951538086,8.41506576538086,857250
2005-05-17,11.692235946655273,11.75069808959961,10.825061798095703,11.205060005187988,8.20112419128418,404032
2005-05-18,10.91275405883789,11.010189056396484,10.737369537353516,10.91275405883789,7.9871826171875,102991
2005-05-19,10.834806442260742,11.244033813476562,10.834806442260742,10.893266677856445,7.972917079925537,134807
2005-05-20,11.692235946655273,11.984541893005371,10.922497749328613,11.1173677444458,8.136942863464355,57386
2005-05-23,11.146598815917969,11.292752265930176,11.146598815917969,11.195316314697266,8.193990707397461,135156
2005-05-24,11.302495002746582,11.302495002746582,10.854292869567871,11.23429012298584,8.222516059875488,158310
2005-05-25,10.903010368347168,11.292752265930176,10.815319061279297,11.107625007629395,8.12980842590332,224733
2005-05-26,10.717883110046387,11.47787857055664,10.630191802978516,10.864035606384277,7.951524257659912,88530
2005-05-27,10.776345252990723,11.12711238861084,10.649679183959961,10.922497749328613,7.994314193725586,103771
2005-05-30,10.776345252990723,11.068650245666504,10.620448112487793,10.659421920776367,7.801764011383057,47965
2005-05-31,10.659421920776367,11.068650245666504,10.620448112487793,10.717883110046387,7.844553470611572,138892
2005-06-01,10.639934539794922,11.292752265930176,10.639934539794922,11.17582893371582,8.179731369018555,298500
2005-06-02,11.019932746887207,11.156341552734375,10.717883110046387,10.737369537353516,7.858816623687744,77487
2005-06-03,10.97121524810791,11.818902015686035,10.786087989807129,11.818902015686035,8.650403022766113,563666
2005-06-06,12.958894729614258,13.416840553283691,12.40351390838623,12.481461524963379,9.135339736938477,976237
2005-06-07,12.471718788146973,13.056330680847168,12.471718788146973,13.017356872558594,9.527565002441406,580492
2005-06-08,13.134279251098633,13.134279251098633,12.374283790588379,12.423001289367676,9.092551231384277,494281
2005-06-09,12.481461524963379,12.481461524963379,11.887106895446777,11.965055465698242,8.757373809814453,157232
2005-06-10,12.081977844238281,12.237874031066895,11.6532621383667,11.711724281311035,8.571961402893066,237070
2005-06-13,11.789671897888184,12.306078910827637,11.507108688354492,12.306078910827637,9.006973266601562,287093
2005-06-14,12.442487716674805,12.861459732055664,11.906594276428223,12.081977844238281,8.842947959899902,753289
2005-06-15,12.276847839355469,12.686077117919922,11.984541893005371,12.686077117919922,9.285101890563965,553095
2005-06-16,12.666589736938477,12.861459732055664,12.052746772766113,12.150181770324707,8.89286994934082,786434
2005-06-17,12.364540100097656,12.364540100097656,11.546083450317383,11.877364158630371,8.69318962097168,344644
2005-06-20,12.315821647644043,12.315821647644043,11.312238693237305,11.779928207397461,8.621877670288086,202041
2005-06-21,11.497365951538086,11.85787582397461,11.497365951538086,11.575313568115234,8.472119331359863,102729
2005-06-22,11.740954399108887,11.740954399108887,11.12711238861084,11.17582893371582,8.179731369018555,76953
2005-06-23,11.448648452758789,11.448648452758789,11.136855125427246,11.17582893371582,8.179731369018555,161712
2005-06-24,11.321982383728027,11.614288330078125,11.302495002746582,11.370699882507324,8.322357177734375,94478
2005-06-27,11.672748565673828,11.672748565673828,11.107625007629395,11.244033813476562,8.229652404785156,152778
2005-06-28,11.302495002746582,11.487622261047363,10.922497749328613,11.136855125427246,8.151204109191895,188791
2005-06-29,11.399930953979492,11.701979637145996,11.399930953979492,11.701979637145996,8.564827919006348,443555
2005-06-30,11.779928207397461,12.286591529846191,11.779928207397461,12.237874031066895,8.957053184509277,863593
2005-07-01,11.721467018127441,12.315821647644043,11.721467018127441,12.130695343017578,8.878607749938965,266571
2005-07-04,12.666589736938477,12.744538307189941,12.666589736938477,12.744538307189941,9.327888488769531,601224
2005-07-05,13.2706880569458,13.387611389160156,13.056330680847168,13.153765678405762,9.62740707397461,1908394
2005-07-06,13.338892936706543,13.816326141357422,13.056330680847168,13.816326141357422,10.112344741821289,1380639
2005-07-07,13.962478637695312,14.361964225769043,13.260945320129395,13.504532814025879,9.884138107299805,1113200
2005-07-08,13.913761138916016,14.030684471130371,13.348636627197266,13.68966007232666,10.019636154174805,465626
2005-07-11,14.225554466247559,14.381450653076172,14.030684471130371,14.381450653076172,10.525959968566895,258941
2005-07-12,14.430169105529785,15.102472305297852,14.430169105529785,15.102472305297852,11.053689002990723,738074
2005-07-13,15.375290870666504,15.862467765808105,15.375290870666504,15.589649200439453,11.410259246826172,1220568
2005-07-14,15.443495750427246,15.979390144348145,14.810166358947754,14.810166358947754,10.839744567871094,411837
2005-07-15,14.420425415039062,15.550675392150879,14.069658279418945,15.550675392150879,11.381732940673828,1162894
2005-07-18,15.94041633605957,16.330156326293945,15.492213249206543,15.579904556274414,11.403127670288086,751324
2005-07-19,15.735801696777344,16.076824188232422,15.39477825164795,15.90144157409668,11.63846492767334,675114
2005-07-20,16.16451644897461,16.271696090698242,15.39477825164795,16.076824188232422,11.766828536987305,368721
2005-07-21,16.16451644897461,16.46656608581543,15.687084197998047,15.9599027633667,11.681253433227539,779763
2005-07-22,15.979390144348145,16.222978591918945,15.628623008728027,15.735801696777344,11.517230987548828,376542
2005-07-25,15.9599027633667,16.17426109313965,15.102472305297852,15.199908256530762,11.12500286102295,302169
2005-07-26,15.833236694335938,15.833236694335938,15.005037307739258,15.112215995788574,11.060821533203125,204356
2005-07-27,14.634782791137695,15.160932540893555,14.634782791137695,14.995292663574219,10.975244522094727,97895
2005-07-28,14.995292663574219,14.995292663574219,14.995292663574219,14.995292663574219,10.975244522094727,0
2005-07-29,15.199908256530762,15.589649200439453,14.420425415039062,14.527604103088379,10.632936477661133,411421
2005-08-01,14.245041847229004,14.420425415039062,13.806583404541016,13.84555721282959,10.133739471435547,249016
2005-08-02,14.030684471130371,14.322990417480469,13.2706880569458,14.069658279418945,10.297757148742676,389750
2005-08-03,14.595808982849121,14.780936241149902,14.225554466247559,14.761448860168457,10.80409049987793,298182
2005-08-04,15.102472305297852,15.501956939697266,14.722475051879883,15.33631706237793,11.22484302520752,726702
2005-08-05,15.375290870666504,15.385034561157227,14.907602310180664,15.024523735046387,10.996642112731934,255400
2005-08-08,15.053754806518555,15.053754806518555,14.810166358947754,14.819910049438477,10.846880912780762,228926
2005-08-09,15.053754806518555,15.053754806518555,14.664012908935547,14.85888385772705,10.87540340423584,192840
2005-08-10,15.024523735046387,16.34964370727539,15.005037307739258,16.34964370727539,11.966509819030762,1156043
2005-08-11,16.46656608581543,16.92451286315918,15.833236694335938,16.008621215820312,11.716909408569336,561957
2005-08-12,16.076824188232422,16.719898223876953,15.78451919555664,16.42759132385254,12.0235595703125,517030
2005-08-16,16.38861846923828,16.75887107849121,16.2034912109375,16.330156326293945,11.95224666595459,400886
2005-08-17,16.369131088256836,16.836820602416992,16.369131088256836,16.61271858215332,12.159056663513184,546383
2005-08-18,17.34348487854004,17.34348487854004,16.369131088256836,16.46656608581543,12.052083969116211,535740
2005-08-19,16.271696090698242,16.95374298095703,16.271696090698242,16.486053466796875,12.066352844238281,257981
2005-08-22,16.88553810119629,18.074249267578125,16.564001083374023,17.48963737487793,12.800886154174805,1271022
2005-08-23,17.538354873657227,17.928096771240234,16.564001083374023,16.719898223876953,12.237504005432129,518343
2005-08-24,15.492213249206543,18.074249267578125,15.404521942138672,17.7624568939209,13.000569343566895,1983002
2005-08-25,17.928096771240234,18.51270866394043,17.63578987121582,18.21065902709961,13.328609466552734,1281388
2005-08-26,18.405529022216797,18.405529022216797,17.333740234375,17.45066261291504,12.772358894348145,545572
2005-08-29,17.557842254638672,17.733226776123047,16.797847747802734,16.96348762512207,12.415794372558594,280796
2005-08-30,17.14861488342285,17.928096771240234,17.051177978515625,17.801429748535156,13.257535934448242,382186
2005-08-31,17.538354873657227,19.584495544433594,17.538354873657227,19.584495544433594,14.585470199584961,940485
2005-09-01,20.266544342041016,21.542945861816406,19.68193244934082,20.53936195373535,15.29659652709961,1757099
2005-09-02,20.831668853759766,21.201921463012695,19.584495544433594,20.334747314453125,15.14421558380127,1514343
2005-09-05,21.143461227416992,21.143461227416992,19.311677932739258,19.964494705200195,14.8684720993042,528950
2005-09-06,19.993724822998047,20.09115982055664,19.165525436401367,19.56500816345215,14.570958137512207,531270
2005-09-08,19.652700424194336,20.441926956176758,19.652700424194336,20.05218505859375,14.933777809143066,303021
2005-09-09,20.36397933959961,20.65628433227539,19.711162567138672,20.47115707397461,15.245808601379395,671004
2005-09-12,20.461414337158203,22.527042388916016,20.461414337158203,22.527042388916016,16.77692413330078,999355
2005-09-13,22.62447738647461,23.520883560180664,21.240896224975586,23.2578067779541,17.321149826049805,1761286
2005-09-14,23.559856414794922,24.884977340698242,22.429607391357422,22.96550178527832,17.103464126586914,1706183
2005-09-15,22.488069534301758,24.35882568359375,22.488069534301758,22.760887145996094,16.95107078552246,701029
2005-09-16,22.799861907958984,23.579343795776367,22.312685012817383,22.653709411621094,16.871252059936523,591510
2005-09-19,22.994731903076172,24.144468307495117,22.507556915283203,22.838836669921875,17.00912857055664,545962
2005-09-20,23.140884399414062,24.35882568359375,22.760887145996094,23.472164154052734,17.48078727722168,2430058
2005-09-21,25.333179473876953,25.81061363220215,22.604991912841797,24.729080200195312,18.4168758392334,4222519
2005-09-22,24.06652069091797,24.748567581176758,22.62447738647461,23.014219284057617,17.139739990234375,1642305
2005-09-23,23.481908798217773,23.579343795776367,21.864482879638672,23.238319396972656,17.306638717651367,826712
2005-09-26,25.313692092895508,25.313692092895508,22.799861907958984,23.326011657714844,17.3719425201416,656835
2005-09-27,21.435766220092773,23.569599151611328,21.435766220092773,22.1762752532959,16.51568603515625,351812
2005-09-28,22.604991912841797,24.047033309936523,21.767047882080078,23.355243682861328,17.39371109008789,2842260
2005-09-29,23.618318557739258,23.696266174316406,22.410120010375977,23.209089279174805,17.284860610961914,784330
2005-09-30,22.419864654541016,23.774215698242188,22.410120010375977,23.511138916015625,17.50982093811035,677921
2005-10-03,23.774215698242188,25.86907386779785,23.579343795776367,25.771638870239258,19.193317413330078,1438831
2005-10-04,26.307533264160156,28.353673934936523,25.91779136657715,27.69111442565918,20.622840881347656,3486477
2005-10-05,27.671627044677734,27.671627044677734,26.307533264160156,26.9700927734375,20.085857391357422,1040977
2005-10-06,26.307533264160156,26.40496826171875,25.625484466552734,25.625484466552734,19.0844669342041,297623
2005-10-07,24.84600257873535,25.284461975097656,24.349082946777344,24.349082946777344,18.133872985839844,342745
2005-10-10,24.319852828979492,24.319852828979492,23.131141662597656,23.657291412353516,17.618663787841797,492932
2005-10-11,23.82293128967285,24.163955688476562,23.38447380065918,23.550113677978516,17.53884506225586,270158
2005-10-13,23.87165069580078,24.55369758605957,22.419864654541016,23.170116424560547,17.25584602355957,375315
2005-10-14,22.994731903076172,23.774215698242188,22.010635375976562,22.84857940673828,17.016382217407227,965045
2005-10-17,22.975244522094727,23.11165428161621,22.224992752075195,22.497812271118164,16.755146026611328,216995
2005-10-18,22.760887145996094,22.994731903076172,21.37730598449707,21.552690505981445,16.051271438598633,159013
2005-10-19,21.37730598449707,21.37730598449707,20.48090171813965,20.48090171813965,15.253059387207031,109498
2005-10-20,21.0460262298584,21.426023483276367,19.45783042907715,19.45783042907715,14.49112606048584,538110
2005-10-21,19.097320556640625,19.097320556640625,18.493221282958984,18.493221282958984,13.772747039794922,53727
2005-10-24,18.454246520996094,18.707578659057617,17.56758689880371,17.56758689880371,13.08338451385498,1051143
2005-10-25,16.77836036682129,18.454246520996094,16.76861572265625,18.43475914001465,13.729206085205078,877110
2005-10-26,18.51270866394043,19.360395431518555,18.51270866394043,19.311677932739258,14.382288932800293,439527
2005-10-27,19.467573165893555,19.857315063476562,18.51270866394043,18.532194137573242,13.801773071289062,201282
2005-10-28,17.967069625854492,18.61988639831543,17.928096771240234,18.152196884155273,13.518766403198242,153024
2005-10-31,18.122966766357422,18.707578659057617,17.928096771240234,18.181428909301758,13.540534973144531,153809
2005-11-02,18.532194137573242,19.097320556640625,18.31783676147461,18.43475914001465,13.729206085205078,98963
2005-11-04,18.43475914001465,18.43475914001465,18.43475914001465,18.43475914001465,13.729206085205078,0
2005-11-07,19.097320556640625,19.097320556640625,18.122966766357422,18.483476638793945,13.765488624572754,203894
2005-11-08,18.51270866394043,18.51270866394043,18.132709503173828,18.308094024658203,13.63487434387207,211858
2005-11-09,19.048601150512695,19.048601150512695,17.928096771240234,18.09373664855957,13.47523307800293,109313
2005-11-10,18.122966766357422,18.853731155395508,17.928096771240234,18.23988914489746,13.584078788757324,369871
2005-11-11,18.31783676147461,19.155780792236328,18.31783676147461,19.155780792236328,14.266179084777832,466607
2005-11-14,19.652700424194336,20.110647201538086,19.155780792236328,19.204498291015625,14.302467346191406,301507
2005-11-16,19.214242935180664,19.876802444458008,19.155780792236328,19.253215789794922,14.33875560760498,294302
2005-11-17,19.204498291015625,19.467573165893555,18.99988555908203,19.155780792236328,14.266179084777832,258694
2005-11-18,19.438343048095703,19.662445068359375,18.347068786621094,18.61988639831543,13.867080688476562,97905
2005-11-21,18.629629135131836,19.097320556640625,18.31783676147461,18.522451400756836,13.79451847076416,83676
2005-11-22,18.31783676147461,19.448087692260742,18.31783676147461,19.448087692260742,14.483879089355469,283326
2005-11-23,19.925519943237305,20.422439575195312,19.68193244934082,20.422439575195312,15.209526062011719,343053
2005-11-24,21.016794204711914,21.445510864257812,20.69525909423828,21.445510864257812,15.971445083618164,426919
2005-11-25,22.410120010375977,22.507556915283203,21.82550811767578,22.24448013305664,16.566478729248047,728827
2005-11-28,21.289613723754883,21.57217788696289,20.198339462280273,20.23731231689453,15.07165241241455,385686
2005-11-29,20.36397933959961,20.461414337158203,19.90603256225586,20.23731231689453,15.07165241241455,138163
2005-11-30,20.65628433227539,21.221410751342773,20.558849334716797,20.860898971557617,15.536063194274902,196381
2005-12-01,21.162948608398438,21.903457641601562,20.948591232299805,21.903457641601562,16.3125057220459,473981
2005-12-02,22.70242691040039,23.00447654724121,22.439350128173828,22.984989166259766,17.117965698242188,815351
2005-12-05,23.67677879333496,24.13472557067871,22.312685012817383,23.277294158935547,17.33566665649414,1612161
2005-12-06,23.189603805541992,23.189603805541992,22.117813110351562,22.137300491333008,16.486663818359375,212515
2005-12-07,22.39063262939453,22.39063262939453,21.240896224975586,21.406536102294922,15.942419052124023,148226
2005-12-08,21.45525360107422,21.922943115234375,20.948591232299805,21.289613723754883,15.85534954071045,174726
2005-12-09,21.33833122253418,21.630638122558594,20.851154327392578,21.250640869140625,15.826318740844727,195837
2005-12-12,20.65628433227539,21.435766220092773,20.65628433227539,21.03628158569336,15.666672706604004,221572
2005-12-13,20.95833396911621,21.094743728637695,20.860898971557617,21.016794204711914,15.652170181274414,308963
2005-12-14,21.0460262298584,22.02037811279297,21.0460262298584,21.57217788696289,16.0657901763916,358335
2005-12-15,22.28345489501953,22.410120010375977,21.630638122558594,21.708585739135742,16.167375564575195,185687
2005-12-16,21.922943115234375,23.881393432617188,21.630638122558594,23.277294158935547,17.33566665649414,1551342
2005-12-19,23.54037094116211,24.06652069091797,22.994731903076172,23.00447654724121,17.132484436035156,1349315
2005-12-20,22.994731903076172,23.82293128967285,22.799861907958984,22.946014404296875,17.234943389892578,635293
2005-12-21,23.209089279174805,23.34549903869629,22.994731903076172,23.08242416381836,17.337398529052734,383993
2005-12-22,23.00447654724121,23.3065242767334,22.994731903076172,22.994731903076172,17.271535873413086,335935
2005-12-23,23.140884399414062,23.248064041137695,21.445510864257812,22.536785125732422,16.927570343017578,145101
2005-12-26,22.410120010375977,22.536785125732422,21.0460262298584,21.396793365478516,16.071306228637695,217472
2005-12-27,21.240896224975586,21.776790618896484,21.240896224975586,21.669612884521484,16.27623176574707,100369
2005-12-28,21.82550811767578,22.02037811279297,21.67935562133789,21.874225616455078,16.42991065979004,92943
2005-12-29,21.922943115234375,22.117813110351562,21.82550811767578,22.0690975189209,16.57628631591797,215635
2005-12-30,22.0690975189209,22.312685012817383,21.932687759399414,22.1762752532959,16.656776428222656,232215
2006-01-02,22.039865493774414,22.604991912841797,22.039865493774414,22.312685012817383,16.759239196777344,157186
2006-01-03,22.799861907958984,23.189603805541992,22.458837509155273,23.053192138671875,17.31544303894043,293579
2006-01-04,23.38447380065918,24.7095947265625,23.189603805541992,24.05677604675293,18.069244384765625,626831
2006-01-05,24.163955688476562,24.729080200195312,23.42344856262207,23.452678680419922,17.61549949645996,474638
2006-01-06,23.50139617919922,23.696266174316406,22.907039642333984,23.218833923339844,17.439861297607422,142063
2006-01-09,23.26755142211914,23.472164154052734,22.80960464477539,22.93627166748047,17.22762107849121,133036
2006-01-10,22.994731903076172,24.51472282409668,22.799861907958984,23.550113677978516,17.688684463500977,510046
2006-01-12,23.287038803100586,23.87165069580078,22.994731903076172,23.1506290435791,17.38862419128418,224056
2006-01-13,23.38447380065918,23.628061294555664,22.322429656982422,22.439350128173828,16.854385375976562,430208
2006-01-16,22.70242691040039,22.70242691040039,21.542945861816406,21.94243049621582,16.48114585876465,468531
2006-01-17,22.21525001525879,22.380889892578125,22.02037811279297,22.137300491333008,16.627519607543945,140287
2006-01-18,21.83525276184082,21.83525276184082,21.34807586669922,21.52345848083496,16.166446685791016,121029
2006-01-19,22.05935287475586,23.26755142211914,21.883970260620117,22.93627166748047,17.22762107849121,358956
2006-01-20,23.472164154052734,23.481908798217773,22.507556915283203,22.712169647216797,17.05929946899414,130163
2006-01-23,22.410120010375977,22.54652976989746,22.1275577545166,22.36140251159668,16.79583168029785,95653
2006-01-24,22.36140251159668,22.595247268676758,22.21525001525879,22.380889892578125,16.810470581054688,85087
2006-01-25,22.604991912841797,23.38447380065918,22.410120010375977,23.22857666015625,17.44717788696289,311375
2006-01-27,23.774215698242188,23.87165069580078,22.6634521484375,22.80960464477539,17.13248634338379,196905
2006-01-30,22.604991912841797,23.033706665039062,22.410120010375977,22.838836669921875,17.154436111450195,140575
2006-01-31,22.897296905517578,22.975244522094727,22.21525001525879,22.527042388916016,16.920246124267578,263523
2006-02-01,23.00447654724121,23.969085693359375,22.907039642333984,23.12139892578125,17.366674423217773,484362
2006-02-02,23.774215698242188,24.35882568359375,23.38447380065918,23.589088439941406,17.717967987060547,555871
2006-02-03,23.579343795776367,24.05677604675293,23.04344940185547,23.12139892578125,17.366674423217773,289915
2006-02-06,23.092166900634766,23.657291412353516,22.897296905517578,23.42344856262207,17.593544006347656,236013
2006-02-07,23.38447380065918,23.67677879333496,23.189603805541992,23.50139617919922,17.6520938873291,226273
2006-02-08,23.189603805541992,23.189603805541992,22.897296905517578,22.994731903076172,17.271535873413086,165981
2006-02-10,23.579343795776367,23.579343795776367,22.80960464477539,22.829092025756836,17.147119522094727,46133
2006-02-13,23.433191299438477,23.433191299438477,22.419864654541016,22.51729965209961,16.91292381286621,111509
2006-02-14,22.614734649658203,22.614734649658203,22.117813110351562,22.458837509155273,16.8690242767334,205500
2006-02-15,22.410120010375977,22.721912384033203,22.341915130615234,22.429607391357422,16.847061157226562,58017
2006-02-16,22.410120010375977,22.507556915283203,21.445510864257812,21.57217788696289,16.20303726196289,294667
2006-02-17,21.65012550354004,22.195762634277344,21.640380859375,21.806020736694336,16.378684997558594,374140
2006-02-20,21.630638122558594,21.728073120117188,20.071672439575195,20.685514450073242,15.537067413330078,918763
2006-02-21,21.435766220092773,22.760887145996094,21.18243408203125,21.854738235473633,16.4152774810791,7693243
2006-02-22,22.030122756958008,22.030122756958008,21.19217872619629,21.357818603515625,16.042041778564453,341842
2006-02-23,21.240896224975586,21.533203125,20.948591232299805,21.221410751342773,15.939579010009766,191881
2006-02-24,21.065513610839844,21.435766220092773,20.81218147277832,20.938846588134766,15.727339744567871,536145
2006-02-27,22.410120010375977,24.943437576293945,21.82550811767578,22.371145248413086,16.803159713745117,4725874
2006-02-28,22.566017150878906,22.897296905517578,22.54652976989746,22.614734649658203,16.986116409301758,1453005
2006-03-01,21.922943115234375,22.84857940673828,21.83525276184082,22.604991912841797,16.978797912597656,1122791
2006-03-02,22.78037452697754,22.907039642333984,22.24448013305664,22.527042388916016,16.920246124267578,641276
2006-03-03,22.39063262939453,22.70242691040039,21.630638122558594,21.815765380859375,16.386005401611328,404991
2006-03-06,22.410120010375977,22.975244522094727,22.39063262939453,22.419864654541016,16.83974266052246,423717
2006-03-07,22.70242691040039,23.140884399414062,22.1275577545166,22.80960464477539,17.13248634338379,554003
2006-03-08,22.984989166259766,24.943437576293945,22.799861907958984,23.725496292114258,17.820415496826172,1894185
2006-03-09,24.84600257873535,24.84600257873535,23.41370391845703,23.618318557739258,17.739913940429688,388770
2006-03-10,23.67677879333496,24.047033309936523,23.67677879333496,23.969085693359375,18.003376007080078,854177
2006-03-13,24.35882568359375,27.65213966369629,24.3295955657959,27.077272415161133,20.33795928955078,3121650
2006-03-14,27.281885147094727,29.7177677154541,26.317276000976562,26.99932289123535,20.27941131591797,8871860
2006-03-16,27.223424911499023,28.061368942260742,26.346506118774414,26.67778778076172,20.037906646728516,2787470
2006-03-17,27.340347290039062,27.359834671020508,26.307533264160156,26.385480880737305,19.818357467651367,587004
2006-03-20,26.648555755615234,26.648555755615234,26.112661361694336,26.463428497314453,19.87689971923828,452464
2006-03-21,26.502403259277344,26.502403259277344,25.781381607055664,26.122406005859375,19.620758056640625,870038
2006-03-22,26.112661361694336,26.307533264160156,25.91779136657715,26.122406005859375,19.620758056640625,232785
2006-03-23,26.112661361694336,26.112661361694336,25.333179473876953,25.57676887512207,19.210922241210938,109590
2006-03-24,25.362409591674805,25.664459228515625,25.333179473876953,25.52804946899414,19.174327850341797,149160
2006-03-27,25.3526668548584,25.625484466552734,25.333179473876953,25.401386260986328,19.079193115234375,338835
2006-03-28,25.333179473876953,26.307533264160156,25.00189971923828,25.38189697265625,19.064558029174805,904379
2006-03-29,25.625484466552734,25.674203872680664,25.333179473876953,25.53779411315918,19.18164825439453,292676
2006-03-30,25.68394660949707,26.015226364135742,25.34292221069336,25.362409591674805,19.04991340637207,480600
2006-03-31,25.508562088012695,26.25881576538086,25.167539596557617,25.3526668548584,19.042598724365234,900207
2006-04-03,25.60599708557129,25.908048629760742,24.592670440673828,24.836259841918945,18.654726028442383,380837
2006-04-04,24.943437576293945,25.303951263427734,24.35882568359375,25.050617218017578,18.81572723388672,284881
2006-04-05,25.284461975097656,27.671627044677734,25.138309478759766,26.69727325439453,20.05254364013672,894737
2006-04-07,26.69727325439453,27.661882400512695,25.76189422607422,27.018810272216797,20.29404640197754,961561
2006-04-10,26.112661361694336,26.67778778076172,25.72292137145996,26.307533264160156,19.759807586669922,205151
2006-04-12,25.76189422607422,26.989580154418945,25.76189422607422,26.599838256835938,19.979360580444336,1080193
2006-04-13,26.69727325439453,26.69727325439453,25.138309478759766,25.69369125366211,19.298744201660156,348200
2006-04-17,25.635229110717773,26.297788619995117,25.547536849975586,25.878816604614258,19.437789916992188,179483
2006-04-18,25.91779136657715,26.297788619995117,25.820356369018555,25.88856315612793,19.445114135742188,235546
2006-04-19,26.229583740234375,26.307533264160156,25.72292137145996,26.06394386291504,19.576845169067383,198218
2006-04-20,25.820356369018555,26.40496826171875,25.820356369018555,26.171123504638672,19.657344818115234,242011
2006-04-21,25.947021484375,26.229583740234375,25.547536849975586,26.073688507080078,19.584165573120117,221516
2006-04-24,25.742408752441406,26.297788619995117,25.3526668548584,25.644973754882812,19.26215362548828,220500
2006-04-25,25.57676887512207,25.72292137145996,23.80344581604004,24.836259841918945,18.654726028442383,597663
2006-04-26,24.592670440673828,25.52804946899414,24.592670440673828,25.34292221069336,19.035280227661133,162148
2006-04-27,24.943437576293945,25.69369125366211,24.193185806274414,24.407543182373047,18.332704544067383,153794
2006-04-28,24.35882568359375,24.55369758605957,23.637805938720703,23.842418670654297,17.908239364624023,172139
2006-05-02,24.543954849243164,24.651132583618164,24.086008071899414,24.39780044555664,18.325395584106445,278369
2006-05-03,24.06652069091797,25.81061363220215,24.06652069091797,25.644973754882812,19.26215362548828,437372
2006-05-04,25.91779136657715,26.502403259277344,25.430614471435547,25.95676612854004,19.496339797973633,3688498
2006-05-05,26.502403259277344,27.262399673461914,26.40496826171875,26.67778778076172,20.037906646728516,389786
2006-05-08,27.067527770996094,27.067527770996094,25.52804946899414,26.10291862487793,19.606115341186523,2347839
2006-05-09,26.502403259277344,26.89214324951172,25.635229110717773,26.14189338684082,19.635393142700195,3167901
2006-05-10,26.502403259277344,26.843427658081055,25.635229110717773,26.015226364135742,19.540254592895508,3760156
2006-05-11,26.093175888061523,28.061368942260742,25.586511611938477,27.067527770996094,20.330644607543945,863788
2006-05-12,26.453685760498047,26.89214324951172,25.820356369018555,26.52189064025879,19.920808792114258,266038
2006-05-15,26.502403259277344,26.89214324951172,25.95676612854004,26.093175888061523,19.598798751831055,404812
2006-05-16,25.333179473876953,26.307533264160156,24.807029724121094,26.054201126098633,19.569530487060547,225467
2006-05-17,26.668045043945312,26.668045043945312,26.112661361694336,26.453685760498047,19.869583129882812,103761
2006-05-18,26.307533264160156,26.463428497314453,25.333179473876953,25.596256256103516,19.225555419921875,875273
2006-05-19,25.820356369018555,25.820356369018555,24.748567581176758,24.77779769897461,18.610803604125977,149057
2006-05-22,23.598831176757812,26.307533264160156,20.305517196655273,24.93369483947754,18.7279052734375,537346
2006-05-23,23.969085693359375,24.729080200195312,23.00447654724121,24.35882568359375,18.296117782592773,137126
2006-05-24,24.495235443115234,24.9239501953125,23.287038803100586,24.748567581176758,18.588851928710938,165063
2006-05-25,24.25164794921875,24.748567581176758,23.87165069580078,24.592670440673828,18.471759796142578,263190
2006-05-26,24.55369758605957,25.508562088012695,20.851154327392578,24.339338302612305,18.281478881835938,448754
2006-05-29,23.969085693359375,24.651132583618164,23.969085693359375,24.35882568359375,18.296117782592773,212741
2006-05-30,24.35882568359375,24.39780044555664,23.969085693359375,24.349082946777344,18.288793563842773,411775
2006-05-31,22.907039642333984,23.969085693359375,22.897296905517578,23.60857582092285,17.732595443725586,263544
2006-06-01,23.67677879333496,23.82293128967285,22.799861907958984,23.277294158935547,17.483768463134766,182752
2006-06-02,23.287038803100586,24.193185806274414,23.1993465423584,23.861906051635742,17.922874450683594,377086
2006-06-05,24.35882568359375,24.943437576293945,23.793701171875,24.339338302612305,18.281478881835938,15831822
2006-06-06,23.189603805541992,23.579343795776367,22.410120010375977,22.575759887695312,16.956838607788086,96074
2006-06-07,21.240896224975586,22.02037811279297,21.143461227416992,21.37730598449707,16.056671142578125,507803
2006-06-08,19.9742374420166,20.227569580078125,17.34348487854004,18.77578353881836,14.10264778137207,373848
2006-06-09,18.51270866394043,19.779367446899414,18.51270866394043,19.048601150512695,14.307559967041016,111109
2006-06-12,19.487060546875,19.487060546875,17.7624568939209,18.54193878173828,13.927005767822266,60070
2006-06-13,18.122966766357422,18.493221282958984,17.538354873657227,17.772199630737305,13.348844528198242,78097
2006-06-14,17.294767379760742,18.51270866394043,14.225554466247559,15.433752059936523,11.59242057800293,779660
2006-06-15,16.154773712158203,18.415273666381836,16.154773712158203,18.161941528320312,13.641584396362305,626631
2006-06-16,18.99988555908203,20.266544342041016,18.80501365661621,18.92193603515625,14.212418556213379,215584
2006-06-19,18.902448654174805,19.097320556640625,18.220401763916016,18.717321395874023,14.058735847473145,124421
2006-06-20,19.292190551757812,19.876802444458008,18.707578659057617,19.233728408813477,14.446613311767578,198942
2006-06-21,19.56500816345215,19.652700424194336,19.292190551757812,19.52603530883789,14.666163444519043,115758
2006-06-22,19.516292572021484,20.20808219909668,19.516292572021484,19.730649948120117,14.819856643676758,59090
2006-06-23,19.711162567138672,19.779367446899414,19.10706329345703,19.360395431518555,14.54175090789795,308974
2006-06-26,19.75988006591797,19.75988006591797,19.136293411254883,19.30193328857422,14.497843742370605,69995
2006-06-27,19.487060546875,19.68193244934082,18.161941528320312,19.487060546875,14.636893272399902,197279
2006-06-28,18.122966766357422,19.448087692260742,18.122966766357422,19.029115676879883,14.292924880981445,2669709
2006-06-29,19.506547927856445,19.506547927856445,19.10706329345703,19.214242935180664,14.431970596313477,61348
2006-06-30,19.68193244934082,20.558849334716797,19.68193244934082,20.09115982055664,15.090633392333984,1025480
2006-07-03,20.28603172302246,20.422439575195312,19.68193244934082,20.10090446472168,15.097953796386719,209179
2006-07-04,19.915775299072266,20.646541595458984,19.876802444458008,20.451671600341797,15.361416816711426,481432
2006-07-05,20.36397933959961,20.461414337158203,19.983980178833008,20.071672439575195,15.07600212097168,407116
2006-07-06,19.886545181274414,20.071672439575195,18.132709503173828,19.740392684936523,14.82717227935791,77410
2006-07-07,19.740392684936523,19.9742374420166,19.389625549316406,19.516292572021484,14.658848762512207,23969
2006-07-10,19.438343048095703,19.67218780517578,18.99988555908203,19.34090805053711,14.527116775512695,50520
2006-07-11,19.204498291015625,19.389625549316406,18.99988555908203,19.126550674438477,14.366107940673828,62184
2006-07-12,18.32758140563965,19.487060546875,18.32758140563965,19.467573165893555,14.622254371643066,131405
2006-07-13,19.477317810058594,19.477317810058594,18.99988555908203,19.06808853149414,14.614785194396973,29614
2006-07-14,18.629629135131836,19.292190551757812,18.629629135131836,18.707578659057617,14.338476181030273,94077
2006-07-17,18.610143661499023,18.688091278076172,17.56758689880371,17.90860939025879,13.726101875305176,115209
2006-07-18,18.230146408081055,18.230146408081055,17.34348487854004,17.56758689880371,13.464726448059082,96633
2006-07-19,17.538354873657227,17.733226776123047,16.573745727539062,16.710155487060547,12.80754280090332,145342
2006-07-20,16.95374298095703,17.63578987121582,16.95374298095703,17.392202377319336,13.330300331115723,214121
2006-07-21,17.294767379760742,17.294767379760742,16.661436080932617,16.719898223876953,12.815011024475098,74310
2006-07-24,16.729642868041992,17.733226776123047,16.32041358947754,16.408105850219727,12.57603931427002,214993
2006-07-25,16.856307983398438,16.856307983398438,16.408105850219727,16.54451560974121,12.680587768554688,55939
2006-07-26,17.012203216552734,17.012203216552734,16.408105850219727,16.564001083374023,12.695521354675293,61333
2006-07-27,16.573745727539062,17.509124755859375,16.573745727539062,17.03169059753418,13.053986549377441,93749
2006-07-28,16.905025482177734,18.688091278076172,16.856307983398438,18.444503784179688,14.136834144592285,218539
2006-07-31,18.69783592224121,18.707578659057617,17.34348487854004,17.548097610473633,13.449788093566895,421248
2006-08-01,17.63578987121582,17.63578987121582,17.07066535949707,17.236305236816406,13.21081256866455,179267
2006-08-02,16.95374298095703,18.025531768798828,16.95374298095703,17.509124755859375,13.419916152954102,185512
2006-08-03,17.8696346282959,18.220401763916016,17.460407257080078,18.05476188659668,13.838123321533203,71303
2006-08-04,18.51270866394043,18.51270866394043,17.538354873657227,17.78194236755371,13.629012107849121,95853
2006-08-07,18.006044387817383,18.31783676147461,17.928096771240234,18.113222122192383,13.882928848266602,223394
2006-08-08,17.733226776123047,18.80501365661621,17.733226776123047,18.61988639831543,14.271263122558594,400963
2006-08-09,18.795270919799805,19.3798828125,18.51270866394043,19.136293411254883,14.667067527770996,409584
2006-08-10,19.56500816345215,19.68193244934082,19.30193328857422,19.428600311279297,14.891104698181152,66151
2006-08-11,19.487060546875,19.662445068359375,19.37013816833496,19.418855667114258,14.883631706237793,211755
2006-08-14,19.506547927856445,19.68193244934082,19.418855667114258,19.448087692260742,14.906038284301758,51372
2006-08-16,19.506547927856445,19.876802444458008,19.418855667114258,19.448087692260742,14.906038284301758,99460
2006-08-17,19.487060546875,19.68193244934082,19.35065269470215,19.418855667114258,14.883631706237793,210170
2006-08-18,19.584495544433594,21.0460262298584,19.35065269470215,19.428600311279297,14.891104698181152,366412
2006-08-21,19.68193244934082,19.993724822998047,19.389625549316406,19.448087692260742,14.906038284301758,34894
2006-08-22,19.75988006591797,19.75988006591797,19.40911293029785,19.487060546875,14.935907363891602,214018
2006-08-23,19.487060546875,19.818340301513672,19.30193328857422,19.487060546875,14.935907363891602,290361
2006-08-24,19.321420669555664,19.662445068359375,18.220401763916016,19.087575912475586,14.62972354888916,59993
2006-08-25,19.467573165893555,20.266544342041016,19.40911293029785,20.042442321777344,15.361581802368164,525687
2006-08-28,20.315261840820312,20.81218147277832,19.711162567138672,20.0814151763916,15.39145278930664,143772
2006-08-29,20.266544342041016,21.221410751342773,19.720905303955078,20.92910385131836,16.041166305541992,3919267
2006-08-30,20.851154327392578,22.371145248413086,20.65628433227539,20.81218147277832,15.95155143737793,1236466
2006-08-31,21.15320587158203,21.240896224975586,19.876802444458008,20.139877319335938,15.436264038085938,584782
2006-09-01,20.461414337158203,20.851154327392578,20.120391845703125,20.753719329833984,15.90674114227295,159705
2006-09-04,20.851154327392578,21.240896224975586,20.734233856201172,20.870641708374023,15.996359825134277,203257
2006-09-05,21.03628158569336,21.07525634765625,20.734233856201172,20.851154327392578,15.981420516967773,73843
2006-09-06,20.880386352539062,21.221410751342773,20.851154327392578,21.094743728637695,16.168115615844727,221008
2006-09-07,20.0814151763916,22.488069534301758,20.0814151763916,22.332172393798828,17.116554260253906,1121220
2006-09-08,22.380889892578125,22.604991912841797,21.435766220092773,21.971660614013672,16.84023666381836,3622008
2006-09-11,22.312685012817383,22.556272506713867,21.82550811767578,22.24448013305664,17.049345016479492,3697643
2006-09-12,22.556272506713867,22.946014404296875,21.874225616455078,22.410120010375977,17.176300048828125,4896956
2006-09-13,22.682939529418945,22.88755226135254,21.669612884521484,21.932687759399414,16.810365676879883,2390514
2006-09-14,22.507556915283203,22.507556915283203,21.474740982055664,22.156787872314453,16.982131958007812,4551537
2006-09-15,21.82550811767578,22.371145248413086,21.82550811767578,21.991147994995117,16.85516929626465,1898967
2006-09-18,22.293197631835938,22.604991912841797,21.94243049621582,22.20550537109375,17.01947021484375,5608783
2006-09-19,22.21525001525879,22.293197631835938,21.874225616455078,22.078840255737305,16.922382354736328,5508013
2006-09-20,21.815765380859375,22.02037811279297,21.435766220092773,21.75730323791504,16.675945281982422,5502666
2006-09-21,21.82550811767578,22.117813110351562,21.630638122558594,22.030122756958008,16.88504409790039,5674308
2006-09-22,21.94243049621582,22.108070373535156,21.728073120117188,21.864482879638672,16.758092880249023,3247534
2006-09-25,22.21525001525879,22.507556915283203,21.737817764282227,21.854738235473633,16.750625610351562,2967656
2006-09-26,22.147045135498047,22.147045135498047,21.533203125,21.708585739135742,16.63860511779785,436197
2006-09-27,22.000892639160156,22.21525001525879,21.728073120117188,21.971660614013672,16.84023666381836,204525
2006-09-28,22.000892639160156,22.21525001525879,21.533203125,21.689098358154297,16.62366485595703,186056
2006-09-29,21.728073120117188,21.922943115234375,21.630638122558594,21.78653335571289,16.69834327697754,145599
2006-10-03,22.02037811279297,22.02037811279297,21.728073120117188,21.903457641601562,16.787961959838867,49981
2006-10-04,22.09832763671875,22.09832763671875,21.747560501098633,21.83525276184082,16.735687255859375,93821
2006-10-05,22.09832763671875,22.09832763671875,21.630638122558594,21.806020736694336,16.713279724121094,82228
2006-10-06,21.922943115234375,22.994731903076172,21.922943115234375,22.0690975189209,16.914918899536133,312920
2006-10-09,22.02037811279297,22.21525001525879,21.552690505981445,21.67935562133789,16.6162052154541,222819
2006-10-10,21.98140525817871,22.117813110351562,21.82550811767578,21.864482879638672,16.758092880249023,95581
2006-10-11,21.82550811767578,22.302940368652344,21.82550811767578,22.137300491333008,16.96719741821289,147436
2006-10-12,21.922943115234375,22.371145248413086,21.922943115234375,22.24448013305664,17.049345016479492,178467
2006-10-13,22.410120010375977,22.507556915283203,22.02037811279297,22.137300491333008,16.96719741821289,161881
2006-10-16,22.21525001525879,22.332172393798828,21.971660614013672,22.108070373535156,16.944787979125977,291393
2006-10-17,22.02037811279297,22.36140251159668,22.02037811279297,22.273710250854492,17.07174301147461,187724
2006-10-18,22.21525001525879,22.39063262939453,22.166532516479492,22.234737396240234,17.04187774658203,45009
2006-10-19,22.302940368652344,22.458837509155273,22.25422477722168,22.410120010375977,17.176300048828125,193605
2006-10-20,22.039865493774414,22.799861907958984,22.039865493774414,22.507556915283203,17.250978469848633,267136
2006-10-23,22.273710250854492,22.575759887695312,22.21525001525879,22.410120010375977,17.176300048828125,49222
2006-10-26,22.166532516479492,22.488069534301758,22.02037811279297,22.40037727355957,17.168827056884766,103874
2006-10-27,22.341915130615234,22.58550453186035,22.24448013305664,22.371145248413086,17.14642333984375,75670
2006-10-30,22.21525001525879,24.319852828979492,22.117813110351562,23.355243682861328,17.90068817138672,444500
2006-10-31,24.115238189697266,24.144468307495117,23.179859161376953,23.403959274291992,17.938032150268555,271374
2006-11-01,23.34549903869629,23.38447380065918,22.614734649658203,22.829092025756836,17.497421264648438,65581
2006-11-02,22.916784286499023,23.54037094116211,22.897296905517578,23.394216537475586,17.930561065673828,214383
2006-11-03,23.189603805541992,23.472164154052734,23.189603805541992,23.442935943603516,17.967905044555664,147662
2006-11-06,23.569599151611328,23.579343795776367,22.410120010375977,23.34549903869629,17.893220901489258,355605
2006-11-07,23.34549903869629,23.54037094116211,22.410120010375977,22.527042388916016,17.265911102294922,67270
2006-11-08,22.70242691040039,22.897296905517578,22.147045135498047,22.419864654541016,17.18376350402832,67224
2006-11-09,22.556272506713867,23.170116424560547,22.234737396240234,22.371145248413086,17.14642333984375,63164
2006-11-10,22.96550178527832,23.579343795776367,22.429607391357422,23.38447380065918,17.923091888427734,270297
2006-11-13,23.481908798217773,24.55369758605957,23.481908798217773,24.36857032775879,18.677352905273438,304981
2006-11-14,24.55369758605957,25.040874481201172,24.55369758605957,24.690107345581055,18.92380142211914,347969
2006-11-15,24.55369758605957,25.34292221069336,24.378313064575195,24.97266960144043,19.140369415283203,254640
2006-11-16,25.040874481201172,25.23574447631836,24.748567581176758,24.953182220458984,19.12543487548828,177466
2006-11-17,24.573183059692383,24.884977340698242,24.573183059692383,24.758310317993164,18.976070404052734,69076
2006-11-20,24.748567581176758,25.138309478759766,24.163955688476562,24.3295955657959,18.647483825683594,287195
2006-11-21,24.310108184814453,24.534210205078125,23.80344581604004,24.163955688476562,18.520526885986328,413161
2006-11-22,24.17369842529297,25.216257095336914,24.17369842529297,24.943437576293945,19.117963790893555,109523
2006-11-23,24.84600257873535,25.138309478759766,24.84600257873535,24.84600257873535,19.04328155517578,75799
2006-11-24,25.060361862182617,25.23574447631836,24.84600257873535,24.97266960144043,19.140369415283203,336474
2006-11-27,24.943437576293945,26.015226364135742,24.85574722290039,25.3526668548584,19.43161964416504,213433
2006-11-28,25.216257095336914,26.307533264160156,25.216257095336914,25.498821258544922,19.543642044067383,167860
2006-11-29,26.24907112121582,27.769062042236328,25.966508865356445,27.330602645874023,20.94761085510254,523573
2006-11-30,27.330602645874023,27.866498947143555,26.044456481933594,27.27214241027832,20.902803421020508,1767577
2006-12-01,27.38906478881836,27.476755142211914,25.53779411315918,25.88856315612793,19.842357635498047,104597
2006-12-04,26.112661361694336,27.135732650756836,25.57676887512207,25.713176727294922,19.707937240600586,94108
2006-12-05,25.91779136657715,26.599838256835938,24.602415084838867,25.226001739501953,19.33454132080078,156016
2006-12-06,25.713176727294922,25.713176727294922,24.378313064575195,24.495235443115234,18.77444076538086,47292
2006-12-07,24.271135330200195,24.55369758605957,23.452678680419922,23.706010818481445,18.16953468322754,62169
2006-12-08,24.163955688476562,24.35882568359375,24.06652069091797,24.21267318725586,18.5578670501709,186739
2006-12-11,24.261390686035156,24.943437576293945,24.163955688476562,24.55369758605957,18.819244384765625,57864
2006-12-12,24.592670440673828,25.674203872680664,24.39780044555664,25.450101852416992,19.506296157836914,192404
2006-12-13,25.713176727294922,25.72292137145996,24.35882568359375,24.865489959716797,19.205278396606445,117837
2006-12-14,25.333179473876953,25.703433990478516,24.96292495727539,25.362409591674805,19.589075088500977,139779
2006-12-15,24.748567581176758,26.69727325439453,24.748567581176758,25.849586486816406,19.965364456176758,471682
2006-12-18,25.255231857299805,26.307533264160156,24.758310317993164,25.927534103393555,20.02556037902832,67685
2006-12-19,26.015226364135742,26.112661361694336,24.78754234313965,25.109079360961914,19.39341926574707,1091868
2006-12-20,25.138309478759766,26.005483627319336,25.040874481201172,25.752151489257812,19.890100479125977,83342
2006-12-21,26.093175888061523,26.307533264160156,25.177282333374023,25.333179473876953,19.56650733947754,24262
2006-12-22,25.060361862182617,26.10291862487793,24.943437576293945,26.02496910095215,20.100820541381836,411555
2006-12-26,25.333179473876953,26.112661361694336,25.333179473876953,25.372154235839844,19.59660530090332,45147
2006-12-27,25.34292221069336,26.015226364135742,25.333179473876953,25.372154235839844,19.59660530090332,129588
2006-12-28,25.72292137145996,25.898303985595703,25.333179473876953,25.333179473876953,19.56650733947754,101287
2006-12-29,25.38189697265625,26.580350875854492,25.38189697265625,26.424455642700195,20.40937042236328,297479
2007-01-02,26.307533264160156,26.794708251953125,25.625484466552734,25.898303985595703,20.002988815307617,25683
2007-01-03,26.307533264160156,26.502403259277344,26.307533264160156,26.3270206451416,20.3341121673584,57504
2007-01-04,27.281885147094727,27.281885147094727,25.450101852416992,26.083433151245117,20.145973205566406,141889
2007-01-05,25.81061363220215,27.281885147094727,25.53779411315918,27.164962768554688,20.981311798095703,197295
2007-01-08,26.21009635925293,27.671627044677734,26.21009635925293,27.53521728515625,21.267282485961914,119161
2007-01-09,26.755735397338867,27.476755142211914,26.69727325439453,27.38906478881836,21.154401779174805,115507
2007-01-10,26.794708251953125,26.89214324951172,26.307533264160156,26.668045043945312,20.597509384155273,122604
2007-01-11,26.502403259277344,26.921375274658203,25.91779136657715,26.190610885620117,20.2287540435791,561064
2007-01-12,26.190610885620117,26.502403259277344,25.91779136657715,26.200353622436523,20.23628044128418,166438
2007-01-15,26.502403259277344,27.184450149536133,26.093175888061523,27.018810272216797,20.86842918395996,461521
2007-01-16,26.843427658081055,27.476755142211914,26.716760635375977,27.077272415161133,20.913585662841797,53491
2007-01-17,27.08701515197754,27.135732650756836,26.89214324951172,27.04804039001465,20.89100456237793,66654
2007-01-18,27.203937530517578,27.476755142211914,26.843427658081055,26.931119918823242,20.800697326660156,77600
2007-01-19,26.89214324951172,27.281885147094727,26.89214324951172,27.155221939086914,20.97379493713379,91578
2007-01-22,27.12598991394043,27.12598991394043,26.512147903442383,26.882400512695312,20.763071060180664,1277237
2007-01-23,27.262399673461914,27.476755142211914,26.4829158782959,26.52189064025879,20.484622955322266,635909
2007-01-24,26.385480880737305,27.08701515197754,25.947021484375,26.054201126098633,20.123397827148438,48401
2007-01-25,25.742408752441406,27.184450149536133,25.362409591674805,27.038297653198242,20.883481979370117,12110512
2007-01-29,26.89214324951172,27.24291229248047,26.502403259277344,26.89214324951172,20.77059555053711,93359
2007-01-31,26.901887893676758,27.08701515197754,26.69727325439453,26.726503372192383,20.64266014099121,222203
2007-02-01,26.901887893676758,26.901887893676758,26.69727325439453,26.69727325439453,20.620086669921875,1393616
2007-02-02,26.833683013916016,27.077272415161133,26.69727325439453,26.804452896118164,20.702869415283203,1187757
2007-02-05,26.89214324951172,27.41829490661621,26.89214324951172,27.291629791259766,21.07914924621582,464518
2007-02-06,27.476755142211914,28.25623893737793,26.931119918823242,27.291629791259766,21.07914924621582,1719412
2007-02-07,27.369577407836914,28.11008644104004,27.369577407836914,27.87624168395996,21.53067970275879,286082
2007-02-08,27.866498947143555,27.973676681518555,27.476755142211914,27.82752227783203,21.493051528930664,182346
2007-02-09,27.671627044677734,28.032140731811523,26.69727325439453,26.89214324951172,20.77059555053711,137255
2007-02-12,26.794708251953125,26.794708251953125,25.52804946899414,26.122406005859375,20.176074981689453,135669
2007-02-13,25.3526668548584,26.463428497314453,25.3526668548584,25.88856315612793,19.995460510253906,281858
2007-02-14,24.183443069458008,27.27214241027832,22.6634521484375,27.135732650756836,20.958738327026367,465226
2007-02-15,28.236751556396484,28.236751556396484,26.112661361694336,26.70701789855957,20.62761688232422,50187
2007-02-19,26.307533264160156,27.4572696685791,25.937278747558594,27.164962768554688,20.981311798095703,166053
2007-02-20,26.044456481933594,27.262399673461914,25.76189422607422,26.073688507080078,20.138452529907227,55154
2007-02-21,26.69727325439453,26.69727325439453,25.138309478759766,25.401386260986328,19.61918067932129,131358
2007-02-22,25.34292221069336,26.24907112121582,24.163955688476562,24.25164794921875,18.73116683959961,281309
2007-02-23,24.261390686035156,25.820356369018555,24.261390686035156,24.7095947265625,19.084863662719727,64966
2007-02-26,25.333179473876953,25.498821258544922,24.78754234313965,25.294204711914062,19.53640365600586,240169
2007-02-27,24.96292495727539,25.313692092895508,24.573183059692383,24.680362701416016,19.062286376953125,34705
2007-02-28,22.410120010375977,25.91779136657715,22.21525001525879,25.245487213134766,19.49877166748047,120864
2007-03-01,25.60599708557129,26.093175888061523,24.456262588500977,25.128564834594727,19.408464431762695,58212
2007-03-02,25.138309478759766,25.518306732177734,24.35882568359375,24.836259841918945,19.182701110839844,97223
2007-03-05,24.35882568359375,24.84600257873535,24.24190330505371,24.456262588500977,18.889204025268555,137706
2007-03-06,23.38447380065918,24.9239501953125,23.38447380065918,24.310108184814453,18.776317596435547,109005
2007-03-07,24.163955688476562,24.904464721679688,23.83267593383789,23.891136169433594,18.452716827392578,103956
2007-03-08,24.349082946777344,24.35882568359375,22.46858024597168,24.047033309936523,18.5731258392334,80545
2007-03-09,23.589088439941406,24.261390686035156,23.481908798217773,24.09575080871582,18.610755920410156,61102
2007-03-12,24.349082946777344,24.524465560913086,23.87165069580078,24.35882568359375,18.813945770263672,69061
2007-03-13,23.793701171875,25.138309478759766,23.793701171875,24.017803192138672,18.550556182861328,253455
2007-03-14,23.87165069580078,24.310108184814453,23.403959274291992,23.959341049194336,18.505399703979492,994706
2007-03-15,24.163955688476562,24.183443069458008,23.433191299438477,23.481908798217773,18.136640548706055,33694
2007-03-16,23.774215698242188,24.047033309936523,23.38447380065918,23.667036056518555,18.279630661010742,1578026
2007-03-19,23.49165153503418,24.047033309936523,22.858322143554688,23.092166900634766,17.835620880126953,109575
2007-03-20,23.930110931396484,23.930110931396484,22.799861907958984,22.907039642333984,17.692636489868164,23882
2007-03-21,22.449094772338867,23.891136169433594,22.449094772338867,23.277294158935547,17.978609085083008,107666
2007-03-22,24.29062271118164,24.943437576293945,24.163955688476562,24.50497817993164,18.926830291748047,179308
2007-03-23,23.988571166992188,24.456262588500977,23.988571166992188,24.29062271118164,18.761268615722656,29547
2007-03-26,24.35882568359375,24.35882568359375,23.209089279174805,23.335756301879883,18.023761749267578,52891
2007-03-28,23.42344856262207,23.706010818481445,23.38447380065918,23.394216537475586,18.06891632080078,109041
2007-03-29,23.38447380065918,23.511138916015625,23.140884399414062,23.3065242767334,18.001182556152344,119320
2007-03-30,23.38447380065918,23.71575355529785,22.994731903076172,23.170116424560547,17.895824432373047,167495
2007-04-02,22.994731903076172,23.38447380065918,22.419864654541016,22.63422203063965,17.481916427612305,144249
2007-04-03,22.62447738647461,23.38447380065918,22.62447738647461,22.81934928894043,17.624900817871094,108230
2007-04-04,23.170116424560547,23.598831176757812,22.907039642333984,23.34549903869629,18.031288146972656,116533
2007-04-05,23.189603805541992,23.189603805541992,22.410120010375977,22.69268226623535,17.52707290649414,86364
2007-04-09,23.04344940185547,23.316268920898438,22.994731903076172,23.08242416381836,17.828092575073242,6907
2007-04-10,22.81934928894043,23.364986419677734,22.81934928894043,23.023963928222656,17.782943725585938,45235
2007-04-11,22.994731903076172,23.38447380065918,22.994731903076172,23.3065242767334,18.001182556152344,41879
2007-04-12,23.520883560180664,23.628061294555664,23.11165428161621,23.335756301879883,18.023761749267578,170456
2007-04-13,23.38447380065918,23.38447380065918,22.994731903076172,23.053192138671875,17.805519104003906,87257
2007-04-16,23.189603805541992,23.189603805541992,22.6634521484375,22.799861907958984,17.609851837158203,41335
2007-04-17,22.799861907958984,22.96550178527832,22.653709411621094,22.80960464477539,17.617382049560547,198444
2007-04-18,22.712169647216797,23.189603805541992,22.70242691040039,22.829092025756836,17.632431030273438,49088
2007-04-19,23.023963928222656,23.189603805541992,22.84857940673828,22.984989166259766,17.752838134765625,16221
2007-04-20,23.179859161376953,23.94959831237793,22.643964767456055,23.861906051635742,18.43014144897461,96910
2007-04-23,23.442935943603516,23.998315811157227,22.916784286499023,23.014219284057617,17.775413513183594,52439
2007-04-24,22.994731903076172,23.326011657714844,22.897296905517578,23.033706665039062,17.790470123291016,28890
2007-04-25,22.96550178527832,23.26755142211914,22.70242691040039,22.760887145996094,17.579748153686523,33817
2007-04-26,23.014219284057617,23.287038803100586,22.994731903076172,23.2578067779541,17.96355438232422,128900
2007-04-27,23.38447380065918,24.047033309936523,23.38447380065918,23.900880813598633,18.460247039794922,183424
2007-04-30,23.481908798217773,24.06652069091797,23.38447380065918,23.881393432617188,18.445194244384766,100949
2007-05-03,24.163955688476562,24.55369758605957,24.163955688476562,24.378313064575195,18.828996658325195,140400
2007-05-04,24.407543182373047,24.943437576293945,24.261390686035156,24.836259841918945,19.182701110839844,269758
2007-05-07,24.836259841918945,25.313692092895508,24.47574806213379,25.226001739501953,19.483722686767578,160367
2007-05-08,24.651132583618164,25.20651626586914,24.651132583618164,25.050617218017578,19.348264694213867,68116
2007-05-09,25.040874481201172,25.109079360961914,24.563440322875977,24.670618057250977,19.054759979248047,64027
2007-05-10,24.573183059692383,25.216257095336914,24.35882568359375,24.592670440673828,18.994556427001953,20003
2007-05-11,24.35882568359375,24.748567581176758,24.35882568359375,24.534210205078125,18.94940185546875,22250
2007-05-14,27.281885147094727,27.281885147094727,24.55369758605957,25.323436737060547,19.558975219726562,184881
2007-05-15,27.281885147094727,27.281885147094727,26.015226364135742,26.239328384399414,20.26638412475586,133216
2007-05-16,26.307533264160156,26.502403259277344,25.91779136657715,26.3757381439209,20.371740341186523,145096
2007-05-17,26.502403259277344,26.502403259277344,26.307533264160156,26.473175048828125,20.44699478149414,131815
2007-05-18,26.502403259277344,26.599838256835938,26.307533264160156,26.512147903442383,20.477096557617188,217605
2007-05-21,26.502403259277344,27.018810272216797,26.502403259277344,26.94086265563965,20.808216094970703,140970
2007-05-22,27.27214241027832,27.27214241027832,26.21009635925293,26.67778778076172,20.605031967163086,391018
2007-05-23,26.307533264160156,27.671627044677734,26.307533264160156,27.467012405395508,21.214603424072266,367484
2007-05-24,27.37932014465332,29.211105346679688,27.37932014465332,28.714187622070312,22.177879333496094,603189
2007-05-25,28.451108932495117,28.840850830078125,27.49624252319336,27.91521453857422,21.56077766418457,366730
2007-05-28,28.304956436157227,30.71160888671875,28.061368942260742,30.28289222717285,23.38949966430664,920046
2007-05-29,30.7895565032959,31.374168395996094,29.328027725219727,29.6105899810791,22.8702335357666,263148
2007-05-30,29.99058723449707,30.59468650817871,29.522897720336914,29.80545997619629,23.02074432373047,188668
2007-05-31,31.56903839111328,31.56903839111328,29.620332717895508,30.40955924987793,23.487333297729492,418092
2007-06-01,30.575199127197266,31.179298400878906,29.941869735717773,30.302379608154297,23.404542922973633,429741
2007-06-04,29.678794860839844,30.770069122314453,29.620332717895508,29.620332717895508,22.877761840820312,113465
2007-06-05,29.250078201293945,30.185457229614258,29.250078201293945,30.049047470092773,23.208885192871094,300240
2007-06-06,29.54238510131836,31.84185791015625,29.54238510131836,30.97468376159668,23.923810958862305,782806
2007-06-07,31.43263053894043,31.43263053894043,30.29263687133789,30.614173889160156,23.64537239074707,388929
2007-06-08,30.243919372558594,30.7895565032959,30.07828140258789,30.468021392822266,23.532487869262695,84994
2007-06-11,30.253662109375,31.364425659179688,30.253662109375,31.218271255493164,24.111953735351562,653946
2007-06-12,31.374168395996094,31.374168395996094,30.994171142578125,31.179298400878906,24.08184814453125,741969
2007-06-13,30.59468650817871,31.344940185546875,30.204944610595703,30.477764129638672,23.540008544921875,938268
2007-06-14,30.448532104492188,31.179298400878906,30.448532104492188,30.877248764038086,23.848554611206055,97859
2007-06-15,30.7895565032959,30.7895565032959,30.10750961303711,30.185457229614258,23.31424331665039,140077
2007-06-18,30.253662109375,31.179298400878906,30.253662109375,30.604429244995117,23.63783836364746,155482
2007-06-19,30.604429244995117,30.848018646240234,30.59468650817871,30.604429244995117,23.63783836364746,39836
2007-06-20,30.7895565032959,31.081863403320312,30.7895565032959,30.7895565032959,23.78083038330078,67429
2007-06-21,30.809043884277344,30.984426498413086,30.7895565032959,30.7895565032959,23.78083038330078,68311
2007-06-22,30.886991500854492,31.179298400878906,30.7895565032959,30.799299240112305,23.788352966308594,169548
2007-06-25,30.692121505737305,30.984426498413086,30.302379608154297,30.70186424255371,23.713096618652344,2312672
2007-06-26,30.692121505737305,31.12083625793457,30.59468650817871,30.96493911743164,23.91628646850586,2994330
2007-06-27,30.799299240112305,31.179298400878906,30.302379608154297,30.604429244995117,23.63783836364746,1887673
2007-06-28,31.09160614013672,31.13058090209961,30.59468650817871,30.779813766479492,23.77330207824707,69266
2007-06-29,30.75058364868164,32.543392181396484,30.497251510620117,31.452117919921875,24.292564392089844,629007
2007-07-02,30.399816513061523,31.783397674560547,30.399816513061523,31.57878303527832,24.390399932861328,118047
2007-07-03,31.7639102935791,32.2510871887207,31.179298400878906,32.15365219116211,24.83441162109375,334632
2007-07-04,31.30596351623535,32.543392181396484,31.30596351623535,31.56903839111328,24.38287353515625,155811
2007-07-05,31.44237518310547,31.56903839111328,31.179298400878906,31.189041137695312,24.08937644958496,47908
2007-07-06,31.19878578186035,31.910062789916992,31.179298400878906,31.208528518676758,24.104429244995117,56981
2007-07-09,31.822370529174805,31.822370529174805,31.179298400878906,31.685962677001953,24.473186492919922,88017
2007-07-10,34.08287048339844,34.08287048339844,31.56903839111328,32.03672790527344,24.744098663330078,126253
2007-07-11,32.15365219116211,32.543392181396484,31.56903839111328,31.627500534057617,24.428028106689453,194092
2007-07-12,32.00749969482422,32.03672790527344,31.189041137695312,31.266990661621094,24.149581909179688,117934
2007-07-13,31.208528518676758,32.3485221862793,31.179298400878906,31.715192794799805,24.49576187133789,1262211
2007-07-16,31.325450897216797,31.7639102935791,31.286476135253906,31.646987915039062,24.443077087402344,72838
2007-07-17,31.471603393554688,32.1439094543457,31.19878578186035,31.335193634033203,24.20225715637207,192091
2007-07-18,32.1439094543457,32.1439094543457,31.19878578186035,31.80288314819336,24.563488006591797,134520
2007-07-19,31.588525772094727,32.3485221862793,31.56903839111328,32.2998046875,24.947294235229492,219853
2007-07-20,32.91364669799805,33.3228759765625,31.773653030395508,32.67980194091797,25.24079132080078,450098
2007-07-23,31.822370529174805,32.73826217651367,31.822370529174805,32.07570266723633,24.774206161499023,217652
2007-07-24,32.93313217163086,32.93313217163086,31.666475296020508,31.715192794799805,24.49576187133789,341677
2007-07-25,31.179298400878906,31.73468017578125,31.081863403320312,31.150068283081055,24.059276580810547,168024
2007-07-26,31.374168395996094,32.15365219116211,31.033145904541016,31.325450897216797,24.194732666015625,141858
2007-07-27,30.984426498413086,31.179298400878906,29.83469009399414,30.6823787689209,23.698049545288086,153127
2007-07-30,31.939292907714844,31.939292907714844,30.809043884277344,31.150068283081055,24.059276580810547,67747
2007-07-31,31.54955291748047,31.754165649414062,30.604429244995117,31.520322799682617,24.34524917602539,58592
2007-08-01,31.7639102935791,31.7639102935791,30.40955924987793,30.584943771362305,23.622793197631836,1518782
2007-08-02,31.35468292236328,32.2510871887207,30.809043884277344,31.949037551879883,24.67637062072754,204335
2007-08-03,32.15365219116211,32.543392181396484,32.15365219116211,32.202369689941406,24.87203598022461,119740
2007-08-06,33.51774597167969,34.90132522583008,32.15365219116211,33.098777770996094,25.564395904541016,137049
2007-08-07,34.2972297668457,36.67464828491211,34.10235595703125,34.85261154174805,26.918991088867188,729273
2007-08-08,34.68696975708008,35.66132354736328,33.51774597167969,33.81005096435547,26.113759994506836,170225
2007-08-09,33.92697525024414,35.07670974731445,33.92697525024414,34.277740478515625,26.47498321533203,188442
2007-08-10,33.3228759765625,34.04389572143555,32.3485221862793,33.73210144042969,26.353179931640625,158910
2007-08-13,35.27157974243164,35.27157974243164,33.95620346069336,34.384918212890625,26.863208770751953,131205
2007-08-14,34.72594451904297,35.07670974731445,33.94646072387695,34.07312774658203,26.619611740112305,130604
2007-08-16,33.712615966796875,33.712615966796875,32.3485221862793,32.74800491333008,25.584360122680664,92620
2007-08-17,31.88083267211914,32.15365219116211,31.374168395996094,31.92955207824707,24.9449520111084,416599
2007-08-20,32.377750396728516,33.69313049316406,30.692121505737305,30.82853126525879,24.08478355407715,724747
2007-08-21,31.00391387939453,31.559295654296875,29.34751319885254,29.41571807861328,22.981014251708984,365919
2007-08-22,29.7177677154541,30.7895565032959,29.474180221557617,30.40955924987793,23.757457733154297,53497
2007-08-23,31.744422912597656,31.744422912597656,30.799299240112305,31.189041137695312,24.366426467895508,249396
2007-08-24,31.179298400878906,31.646987915039062,30.399816513061523,31.023401260375977,24.237014770507812,145532
2007-08-27,31.374168395996094,31.939292907714844,30.7895565032959,31.520322799682617,24.625242233276367,135433
2007-08-28,31.56903839111328,31.949037551879883,31.179298400878906,31.666475296020508,24.739421844482422,93313
2007-08-29,30.7895565032959,31.715192794799805,30.7895565032959,31.598270416259766,24.68613052368164,33073
2007-08-30,31.19878578186035,32.52390670776367,31.081863403320312,31.19878578186035,24.374032974243164,207968
2007-08-31,31.46186065673828,33.3228759765625,31.374168395996094,32.36800765991211,25.287494659423828,103951
2007-09-03,33.51774597167969,34.3946647644043,33.3228759765625,33.97569274902344,26.543489456176758,151238
2007-09-04,33.34236145019531,34.68696975708008,33.3228759765625,34.316715240478516,26.80991554260254,185384
2007-09-05,34.2972297668457,36.63567352294922,34.2972297668457,35.54439926147461,27.769041061401367,280586
2007-09-06,35.95362854003906,36.83054733276367,35.10594177246094,36.19721603393555,28.2790584564209,1453605
2007-09-07,37.02541732788086,37.21054458618164,36.00234603881836,36.245933532714844,28.317119598388672,991811
2007-09-10,35.27157974243164,37.99977111816406,35.27157974243164,36.051063537597656,28.16489028930664,1176919
2007-09-11,36.596702575683594,37.02541732788086,35.95362854003906,36.8695182800293,28.804285049438477,479908
2007-09-12,37.80489730834961,37.80489730834961,36.051063537597656,36.42131805419922,28.45414161682129,241108
2007-09-13,36.29465103149414,36.957210540771484,35.466453552246094,35.77824401855469,27.951738357543945,82757
2007-09-14,36.051063537597656,36.33362579345703,35.66132354736328,35.96337127685547,28.096364974975586,49417
2007-09-17,35.41773223876953,35.85619354248047,34.68696975708008,35.008506774902344,27.350383758544922,106696
2007-09-18,35.047481536865234,35.904911041259766,34.696712493896484,35.407989501953125,27.6624755859375,135997
2007-09-19,36.44080352783203,36.79157257080078,35.466453552246094,36.23619079589844,28.309505462646484,489858
2007-09-20,35.66132354736328,36.00234603881836,34.97927474975586,35.904911041259766,28.050695419311523,149663
2007-09-21,35.95362854003906,36.245933532714844,35.10594177246094,35.943885803222656,28.081144332885742,92959
2007-09-24,36.051063537597656,36.051063537597656,35.466453552246094,35.85619354248047,28.01263427734375,38635
2007-09-25,35.66132354736328,35.758758544921875,35.07670974731445,35.38850402832031,27.647253036499023,129244
2007-09-26,35.369014739990234,35.85619354248047,35.29106903076172,35.573631286621094,27.791879653930664,155846
2007-09-27,35.56388854980469,37.31772232055664,35.50542449951172,37.23977279663086,29.09355926513672,574868
2007-09-28,37.51259231567383,40.14334487915039,36.245933532714844,38.311561584472656,29.93088722229004,291901
2007-10-01,38.311561584472656,38.876686096191406,36.8695182800293,37.15208053588867,29.02504539489746,73335
2007-10-03,37.51259231567383,38.23361587524414,37.035160064697266,38.03874588012695,29.717763900756836,154430
2007-10-04,37.43464660644531,42.0920524597168,37.43464660644531,39.139766693115234,30.577926635742188,472513
2007-10-05,40.11411666870117,40.70846939086914,38.584381103515625,38.97412109375,30.448509216308594,154789
2007-10-08,38.7013053894043,39.16899490356445,37.142337799072266,37.88284683227539,29.5959529876709,145270
2007-10-09,37.23977279663086,45.463314056396484,37.02541732788086,44.186912536621094,34.5210075378418,874149
2007-10-10,44.82024002075195,46.379207611083984,41.37103271484375,42.98845672607422,33.58470916748047,918317
2007-10-11,43.65101623535156,44.82024002075195,42.49153518676758,42.852046966552734,33.47814178466797,1044395
2007-10-12,41.137184143066406,42.92025375366211,41.137184143066406,42.79358673095703,33.43247604370117,875929
2007-10-15,43.06640625,44.82024002075195,42.29666519165039,42.929996490478516,33.53903579711914,644299
2007-10-16,42.87153625488281,44.0407600402832,42.111541748046875,43.04691696166992,33.63038635253906,239820
2007-10-17,36.37260055541992,43.33922576904297,36.37260055541992,42.91050720214844,33.52379608154297,124826
2007-10-18,42.53050994873047,43.456146240234375,41.31256866455078,41.51718521118164,32.43528747558594,190598
2007-10-19,40.94231414794922,43.44640350341797,40.9130859375,42.705894470214844,33.363956451416016,175188
2007-10-22,40.922828674316406,42.968971252441406,40.922828674316406,42.83256149291992,33.462913513183594,874631
2007-10-23,43.26127624511719,43.26127624511719,42.286922454833984,42.83256149291992,33.462913513183594,382469
2007-10-24,43.44640350341797,45.20023727416992,42.67666244506836,44.03101348876953,34.399208068847656,782904
2007-10-25,45.40485382080078,49.30226516723633,44.43050003051758,45.91151809692383,35.86835479736328,1240192
2007-10-26,47.33407211303711,48.707908630371094,46.18433380126953,48.10381317138672,37.581085205078125,376788
2007-10-29,49.6920051574707,57.48683166503906,49.6920051574707,51.5140495300293,40.24534606933594,666149
2007-10-30,51.5140495300293,53.29711151123047,44.82024002075195,51.582252502441406,40.298614501953125,770916
2007-10-31,52.595577239990234,52.595577239990234,47.74330139160156,52.16686248779297,40.75532913208008,166151
2007-11-01,48.824832916259766,54.12531280517578,48.824832916259766,52.108402252197266,40.709659576416016,222665
2007-11-02,48.81509017944336,53.57967758178711,48.81509017944336,52.77096176147461,41.2272834777832,364113
2007-11-05,51.436100006103516,53.589420318603516,51.436100006103516,52.566349029541016,41.06743621826172,360049
2007-11-06,51.64071273803711,53.589420318603516,51.64071273803711,52.878143310546875,41.311031341552734,243807
2007-11-07,53.589420318603516,54.56377029418945,51.64071273803711,53.189937591552734,41.55461502075195,77307
2007-11-08,51.085330963134766,53.589420318603516,51.085330963134766,53.199676513671875,41.56221008300781,100441
2007-11-12,51.64071273803711,57.584266662597656,50.666358947753906,55.48940658569336,43.351078033447266,492444
2007-11-13,54.17403030395508,56.51247787475586,52.64429473876953,54.25197982788086,42.38433074951172,1219670
2007-11-14,54.56377029418945,57.2724723815918,54.368900299072266,55.64530563354492,43.47286605834961,513063
2007-11-15,51.95250701904297,59.240665435791016,51.95250701904297,58.36375045776367,45.596641540527344,440764
2007-11-16,56.892478942871094,60.117584228515625,56.892478942871094,59.406307220458984,46.41114807128906,234863
2007-11-19,59.825279235839844,60.79963302612305,58.87041091918945,59.766815185546875,46.69279098510742,149427
2007-11-20,57.68170166015625,59.91297149658203,57.68170166015625,58.79246520996094,45.93157958984375,152496
2007-11-21,56.53196334838867,59.4355354309082,56.53196334838867,58.97759246826172,46.076229095458984,440317
2007-11-22,58.461185455322266,59.04579544067383,57.19452667236328,58.461185455322266,45.67278289794922,709624
2007-11-23,56.53196334838867,59.2211799621582,56.53196334838867,59.14323043823242,46.205623626708984,256878
2007-11-26,59.4355354309082,59.62066650390625,57.89605712890625,58.66579818725586,45.83262252807617,64386
2007-11-27,59.4355354309082,60.02014923095703,57.87657165527344,58.50990295410156,45.710838317871094,275557
2007-11-28,60.02014923095703,60.69245529174805,58.65605545043945,59.81553649902344,46.73085021972656,130758
2007-11-29,61.18937301635742,61.95911407470703,59.240665435791016,60.92629623413086,47.598628997802734,175152
2007-11-30,60.429378509521484,63.508331298828125,60.429378509521484,62.57295227050781,48.88508605957031,91065
2007-12-03,63.5278205871582,65.47652435302734,63.332950592041016,64.29756164550781,50.232444763183594,131220
2007-12-04,66.0611343383789,66.0611343383789,62.35859680175781,63.332950592041016,49.478843688964844,2683683
2007-12-05,64.6970443725586,65.28165435791016,58.47092819213867,63.99551010131836,49.996456146240234,513853
2007-12-06,64.32678985595703,66.0611343383789,63.94679260253906,64.24884033203125,50.19438552856445,46902
2007-12-07,65.9344711303711,65.9344711303711,64.30730438232422,64.79447937011719,50.62064743041992,66746
2007-12-10,65.67139434814453,66.25601196289062,64.30730438232422,64.63858032226562,50.49885940551758,115851
2007-12-11,66.13908386230469,66.13908386230469,63.91756057739258,64.46319580078125,50.36183547973633,266407
2007-12-12,64.30730438232422,68.3021469116211,62.3878288269043,68.15599822998047,53.2468376159668,3400543
2007-12-13,67.23036193847656,67.42523193359375,65.86626434326172,67.03549194335938,52.37144088745117,156693
2007-12-14,67.23036193847656,72.88160705566406,67.23036193847656,71.51751708984375,55.87303161621094,530726
2007-12-17,73.99237060546875,75.80467224121094,69.56880950927734,72.94981384277344,57.147727966308594,1993538
2007-12-18,72.94981384277344,72.94981384277344,72.94981384277344,72.94981384277344,57.147727966308594,0
2007-12-19,73.27135467529297,78.18209075927734,72.92058563232422,76.04825592041016,59.57499694824219,396976
2007-12-20,77.93850708007812,78.18209075927734,73.27135467529297,76.2723617553711,59.75054168701172,300014
2007-12-24,77.9482421875,81.84565734863281,75.62928771972656,80.8031005859375,63.29988098144531,319832
2007-12-26,82.23539733886719,82.23539733886719,77.9482421875,79.29285430908203,62.11674499511719,285630
2007-12-27,79.8969497680664,84.76871490478516,76.77902221679688,81.25130462646484,63.650978088378906,609671
2007-12-28,82.60565185546875,82.60565185546875,77.55850219726562,78.52311706542969,61.51377487182617,290182
2007-12-31,81.45591735839844,81.45591735839844,78.5328598022461,79.30259704589844,62.12436294555664,165730
2008-01-01,79.8969497680664,81.26104736328125,76.97389221191406,77.39286804199219,60.62833786010742,207932
2008-01-02,77.9482421875,79.69233703613281,76.97389221191406,79.11746978759766,61.9793586730957,1415775
2008-01-03,79.70207977294922,79.70207977294922,75.99954223632812,76.90568542480469,60.24667739868164,692895
2008-01-04,77.92875671386719,78.3379898071289,75.20056915283203,76.2723617553711,59.75054168701172,310852
2008-01-07,75.99954223632812,77.9482421875,74.29441833496094,76.1651840209961,59.66661071777344,3237132
2008-01-08,76.97389221191406,78.5328598022461,75.02518463134766,77.93850708007812,61.055782318115234,542780
2008-01-09,78.14311981201172,78.92259979248047,77.36363220214844,77.98722076416016,61.09395217895508,265499
2008-01-10,77.9482421875,78.92259979248047,77.4026107788086,78.12362670898438,61.2008171081543,148498
2008-01-11,76.97389221191406,79.49746704101562,76.77902221679688,78.7569580078125,61.69694900512695,181387
2008-01-14,78.92259979248047,79.69233703613281,77.48055267333984,79.4682388305664,62.2541618347168,85569
2008-01-15,79.09798431396484,79.09798431396484,78.24055480957031,78.68875122070312,61.64353942871094,56391
2008-01-16,76.19441223144531,79.8774642944336,76.19441223144531,79.51695251464844,62.29233932495117,267521
2008-01-17,78.5523452758789,79.70207977294922,77.9482421875,79.22464752197266,62.06333923339844,607793
2008-01-18,78.92259979248047,80.34515380859375,78.14311981201172,79.02977752685547,61.910682678222656,368516
2008-01-21,77.9482421875,79.11746978759766,74.2457046508789,76.4867172241211,59.918487548828125,1473942
2008-01-22,64.7165298461914,75.60979461669922,62.35859680175781,66.26575469970703,51.91153335571289,336664
2008-01-23,76.20415496826172,77.75337219238281,64.32678985595703,76.01902770996094,59.55209732055664,201020
2008-01-24,76.97389221191406,78.14311981201172,73.19340515136719,74.32365417480469,58.22395706176758,375854
2008-01-25,72.5113525390625,77.75337219238281,72.2969970703125,77.22722625732422,60.49859619140625,182156
2008-01-28,76.57440948486328,76.57440948486328,73.66109466552734,76.11646270751953,59.6284294128418,75373
2008-01-29,77.53901672363281,77.53901672363281,74.05083465576172,75.56108093261719,59.193359375,35367
2008-01-30,75.41492462158203,75.99954223632812,73.07647705078125,75.2687759399414,58.964359283447266,86041
2008-01-31,75.98005676269531,77.16876220703125,72.10212707519531,76.53543090820312,59.956634521484375,247051
2008-02-01,76.77902221679688,76.97389221191406,74.84980010986328,76.62312316894531,60.025333404541016,49915
2008-02-04,76.21389770507812,78.3379898071289,75.02518463134766,77.93850708007812,61.055782318115234,153866
2008-02-05,76.31133270263672,78.5328598022461,76.31133270263672,78.17234802246094,61.23896026611328,69753
2008-02-06,77.75337219238281,78.12362670898438,73.29084014892578,77.58773803710938,60.7809944152832,47508
2008-02-07,77.9482421875,77.9482421875,76.97389221191406,77.68517303466797,60.85734176635742,87227
2008-02-08,76.99337768554688,77.75337219238281,75.80467224121094,76.8179931640625,60.17799377441406,304340
2008-02-11,76.78876495361328,77.71440124511719,74.05083465576172,75.4636459350586,59.11703109741211,240533
2008-02-12,76.3892822265625,76.3892822265625,70.54315948486328,73.05699157714844,57.2317008972168,2705005
2008-02-13,73.07647705078125,75.02518463134766,63.23551559448242,71.89751434326172,56.32337951660156,785788
2008-02-14,73.66109466552734,77.9482421875,72.2969970703125,77.5292739868164,60.7352180480957,604826
2008-02-15,92.03739166259766,92.03739166259766,75.02518463134766,77.55850219726562,60.75810241699219,69025
2008-02-18,76.3892822265625,78.14311981201172,75.99954223632812,77.88004302978516,61.0099983215332,93343
2008-02-19,77.9482421875,78.24055480957031,76.97389221191406,77.88978576660156,61.01764678955078,2021813
2008-02-20,78.92259979248047,78.92259979248047,74.20673370361328,75.87287902832031,59.4376220703125,2280831
2008-02-21,76.6036376953125,76.6036376953125,73.46622467041016,75.98005676269531,59.52156448364258,143115
2008-02-22,75.044677734375,77.16876220703125,74.4600601196289,76.26261901855469,59.742942810058594,138445
2008-02-25,75.99954223632812,76.53543090820312,68.21446228027344,75.99954223632812,59.536842346191406,379385
2008-02-26,77.16876220703125,77.16876220703125,75.99954223632812,76.08723449707031,59.60554122924805,138091
2008-02-27,75.22005462646484,76.8179931640625,75.22005462646484,76.2723617553711,59.75054168701172,87601
2008-02-28,76.75953674316406,76.75953674316406,75.22005462646484,76.00928497314453,59.54446029663086,53312
2008-02-29,76.19441223144531,76.76927947998047,74.5574951171875,76.12620544433594,59.63605880737305,836760
2008-03-03,73.45648193359375,77.26619720458984,73.45648193359375,75.69749450683594,59.30020523071289,57145
2008-03-04,74.05083465576172,75.82415771484375,72.6087875366211,74.60621643066406,58.44533157348633,105408
2008-03-05,75.31748962402344,75.38569641113281,74.10929870605469,74.78160095214844,58.58271789550781,72930
2008-03-07,73.85596466064453,73.85596466064453,68.28266143798828,71.94622802734375,56.36152267456055,149499
2008-03-10,70.56265258789062,72.46263885498047,66.6554946899414,68.11701965332031,53.361778259277344,444315
2008-03-11,66.84062194824219,70.1534194946289,66.84062194824219,67.92214965820312,53.209144592285156,493168
2008-03-12,70.1534194946289,70.73802947998047,65.28165435791016,68.71138000488281,53.827415466308594,534369
2008-03-13,68.2047119140625,68.5944595336914,64.30730438232422,65.69088745117188,51.46118927001953,1125895
2008-03-14,66.25601196289062,68.5944595336914,63.91756057739258,65.9344711303711,51.65202331542969,1106749
2008-03-17,62.35859680175781,65.28165435791016,60.604759216308594,62.339107513427734,48.8354606628418,1355263
2008-03-18,63.23551559448242,63.72269058227539,60.429378509521484,62.26116180419922,48.77440643310547,1517709
2008-03-19,63.91756057739258,63.91756057739258,61.4232177734375,62.017574310302734,48.58357620239258,772938
2008-03-24,60.83860778808594,62.329368591308594,59.825279235839844,61.520652770996094,48.19430923461914,661808
2008-03-25,60.721683502197266,70.7282943725586,60.721683502197266,68.88676452636719,53.96479415893555,170389
2008-03-26,68.2047119140625,68.2047119140625,66.46062469482422,67.22061920166016,52.659584045410156,180098
2008-03-27,67.81497192382812,69.95854949951172,65.11601257324219,67.27908325195312,52.70536422729492,314075
2008-03-28,67.19139099121094,68.19497680664062,64.81396484375,66.17806243896484,51.84284210205078,302775
2008-03-31,66.24626922607422,66.45088195800781,64.5021743774414,65.78832244873047,51.53752517700195,367305
2008-04-01,65.27191162109375,65.27191162109375,62.84577178955078,64.08320617675781,50.201751708984375,315799
2008-04-02,66.45088195800781,66.45088195800781,64.52165985107422,65.59345245361328,51.38486099243164,275126
2008-04-03,67.40574645996094,67.40574645996094,63.566795349121094,63.95653533935547,50.10254669189453,287765
2008-04-04,64.11243438720703,64.11243438720703,62.35859680175781,63.021156311035156,49.3697624206543,1445795
2008-04-07,65.86626434326172,65.86626434326172,62.35859680175781,63.332950592041016,49.61402893066406,105808
2008-04-08,63.32320785522461,63.332950592041016,62.57295227050781,63.01141357421875,49.36213684082031,152537
2008-04-09,64.30730438232422,64.30730438232422,62.35859680175781,62.89448928833008,49.27054977416992,388888
2008-04-10,63.3037223815918,63.332950592041016,62.35859680175781,63.28423309326172,49.57585525512695,90521
2008-04-11,63.83961486816406,64.11243438720703,62.63141632080078,63.86884307861328,50.03382873535156,120721
2008-04-15,63.35243606567383,64.30730438232422,62.66064453125,64.05397033691406,50.178863525390625,74351
2008-04-16,64.29756164550781,64.40473937988281,62.163726806640625,62.85551834106445,49.240013122558594,820944
2008-04-17,62.943206787109375,63.86884307861328,62.943206787109375,63.35243606567383,49.629295349121094,29357
2008-04-21,63.32320785522461,64.11243438720703,62.553466796875,63.41089630126953,49.67509078979492,78729
2008-04-22,62.35859680175781,64.09294128417969,62.35859680175781,63.23551559448242,49.53770446777344,35187
2008-04-23,63.332950592041016,63.332950592041016,62.378082275390625,63.01141357421875,49.36213684082031,315121
2008-04-24,62.943206787109375,63.13808059692383,62.2903938293457,62.6021842956543,49.04155731201172,558185
2008-04-25,63.06987380981445,63.06987380981445,61.96885681152344,62.66064453125,49.08735656738281,117965
2008-04-28,62.17346954345703,63.3037223815918,62.17346954345703,62.47551727294922,48.94232940673828,135725
2008-04-29,62.943206787109375,63.6837158203125,62.378082275390625,62.71910858154297,49.13315200805664,189684
2008-04-30,62.35859680175781,63.5278205871582,62.35859680175781,62.982181549072266,49.33925247192383,806581
2008-05-02,63.31346130371094,63.712947845458984,62.95295333862305,63.12833786010742,49.45372772216797,48832
2008-05-05,63.32320785522461,64.5021743774414,62.943206787109375,62.95295333862305,49.31633758544922,723582
2008-05-06,62.95295333862305,63.23551559448242,62.26116180419922,62.83603286743164,49.22475051879883,334503
2008-05-07,62.758079528808594,63.332950592041016,61.77398681640625,62.02731704711914,48.59121322631836,119140
2008-05-08,61.96885681152344,62.35859680175781,60.91655349731445,61.92013931274414,48.507259368896484,74536
2008-05-09,63.332950592041016,73.66109466552734,59.14323043823242,60.43912124633789,47.347049713134766,306577
2008-05-12,59.46476745605469,69.9195785522461,58.071441650390625,61.30629348754883,48.02638244628906,687261
2008-05-13,63.90782165527344,63.90782165527344,60.74116897583008,61.35501480102539,48.064537048339844,359330
2008-05-14,60.604759216308594,63.332950592041016,58.08118438720703,59.56220245361328,46.66008758544922,1084688
2008-05-15,59.825279235839844,62.74833679199219,58.461185455322266,62.192955017089844,48.720977783203125,261409
2008-05-16,62.35859680175781,63.898075103759766,61.23809051513672,62.417057037353516,48.89653015136719,39888
2008-05-20,61.44270324707031,63.332950592041016,61.38424301147461,62.53398132324219,48.988136291503906,596929
2008-05-21,61.40372848510742,64.30730438232422,61.40372848510742,63.69346237182617,49.89645004272461,79811
2008-05-22,62.35859680175781,64.30730438232422,62.35859680175781,63.790897369384766,49.972774505615234,37496
2008-05-23,63.72269058227539,66.645751953125,62.943206787109375,65.8272933959961,51.568058013916016,661613
2008-05-26,65.08678436279297,68.1072769165039,63.72269058227539,66.8698501586914,52.3847770690918,391890
2008-05-27,68.95497131347656,68.95497131347656,65.30113983154297,66.82113647460938,52.34661865234375,336695
2008-05-28,68.2047119140625,68.2047119140625,63.91756057739258,65.13550567626953,51.026123046875,75203
2008-05-29,66.01242065429688,68.2047119140625,64.55088806152344,66.68472290039062,52.23974609375,97623
2008-05-30,66.27549743652344,68.2047119140625,64.30730438232422,67.53240966796875,52.90380859375,87719
2008-06-02,68.2047119140625,68.2047119140625,65.67139434814453,66.19754791259766,51.85810089111328,102493
2008-06-03,65.28165435791016,67.19139099121094,62.86526107788086,65.54473114013672,51.34669876098633,147174
2008-06-04,66.35344696044922,66.35344696044922,63.820125579833984,64.29756164550781,50.36969757080078,93292
2008-06-05,64.30730438232422,66.0611343383789,62.436546325683594,64.9308853149414,50.865840911865234,122045
2008-06-06,64.32678985595703,66.13908386230469,63.38166809082031,64.17089080810547,50.27044677734375,199260
2008-06-09,62.35859680175781,63.34269332885742,59.844764709472656,61.51091003417969,48.18666458129883,101698
2008-06-10,62.06629180908203,62.06629180908203,58.55862045288086,60.2345085144043,47.186763763427734,553864
2008-06-11,63.90782165527344,63.90782165527344,58.26631546020508,59.15297317504883,46.33949661254883,832726
2008-06-12,58.48067092895508,60.21501922607422,58.12015914916992,59.18220520019531,46.36240005493164,186970
2008-06-13,58.85092544555664,60.02014923095703,58.26631546020508,59.42579650878906,46.55323028564453,198839
2008-06-16,60.79963302612305,61.93962860107422,58.85092544555664,59.28938293457031,46.44636535644531,289089
2008-06-17,60.13706970214844,62.35859680175781,59.347843170166016,61.65706253051758,48.301177978515625,74865
2008-06-18,62.456031799316406,62.74833679199219,61.40372848510742,62.22218704223633,48.74386978149414,78349
2008-06-19,61.38424301147461,61.559627532958984,59.53297424316406,60.3416862487793,47.270721435546875,55375
2008-06-20,60.66322326660156,61.5791130065918,59.07502746582031,59.796051025390625,46.84328079223633,88540
2008-06-23,58.78272247314453,60.02014923095703,58.41246795654297,58.65605545043945,45.95022201538086,206891
2008-06-24,58.55862045288086,59.630409240722656,57.291961669921875,58.26631546020508,45.64490509033203,412873
2008-06-25,57.09709167480469,59.240665435791016,56.70734786987305,58.568363189697266,45.88152313232422,204725
2008-06-26,59.60117721557617,59.825279235839844,57.68170166015625,58.422210693359375,45.767032623291016,320510
2008-06-27,58.344261169433594,59.41604995727539,56.902217864990234,58.422210693359375,45.767032623291016,146132
2008-06-30,56.70734786987305,60.21501922607422,53.66736602783203,56.05453109741211,43.9122200012207,303524
2008-07-01,53.199676513671875,58.05195617675781,53.199676513671875,55.47966384887695,43.46189498901367,242299
2008-07-02,53.71608352661133,57.48683166503906,53.71608352661133,56.81452560424805,44.50760269165039,393840
2008-07-03,53.60890579223633,56.892478942871094,53.60890579223633,56.39555740356445,44.179386138916016,92179
2008-07-04,53.64788055419922,56.51247787475586,53.64788055419922,54.77812957763672,42.91231918334961,441888
2008-07-07,54.77812957763672,58.071441650390625,54.77812957763672,57.818111419677734,45.293785095214844,122979
2008-07-08,55.02172088623047,69.37393951416016,55.02172088623047,60.263736724853516,47.20964431762695,16191296
2008-07-09,59.4355354309082,61.286808013916016,58.071441650390625,58.44169616699219,45.78229522705078,284542
2008-07-10,58.26631546020508,59.19194793701172,57.106834411621094,58.32477569580078,45.690696716308594,149365
2008-07-11,58.26631546020508,58.45144271850586,57.710933685302734,58.042213439941406,45.46934127807617,410687
2008-07-14,58.675540924072266,58.675540924072266,56.92170715332031,57.467342376708984,45.01900863647461,126514
2008-07-15,55.538124084472656,57.48683166503906,55.538124084472656,56.92170715332031,44.5915641784668,111289
2008-07-16,53.64788055419922,57.87657165527344,53.64788055419922,56.38581466674805,44.171756744384766,160491
2008-07-17,53.64788055419922,57.48683166503906,53.64788055419922,55.30427932739258,43.32449722290039,163364
2008-07-18,53.64788055419922,56.122737884521484,53.589420318603516,54.43710708618164,42.64516830444336,616706
2008-07-21,53.7842903137207,56.51247787475586,52.84891128540039,54.46633529663086,42.66806411743164,453880
2008-07-22,54.183773040771484,55.14838409423828,53.589420318603516,54.41761779785156,42.629905700683594,679676
2008-07-23,55.14838409423828,57.82785415649414,52.61506652832031,55.03145980834961,43.110774993896484,844031
2008-07-24,56.902217864990234,57.457603454589844,54.39813232421875,56.346839904785156,44.77542495727539,400547
2008-07-25,56.415042877197266,58.1883659362793,55.19710159301758,57.28221893310547,45.51872634887695,307198
2008-07-28,53.969417572021484,58.85092544555664,53.969417572021484,57.68170166015625,45.8361701965332,325667
2008-07-29,56.55145263671875,59.367332458496094,55.65504837036133,57.36990737915039,45.588409423828125,470414
2008-07-30,57.48683166503906,58.461185455322266,57.145809173583984,57.91554641723633,46.02198791503906,1375163
2008-07-31,57.89605712890625,58.65605545043945,56.1422233581543,56.834014892578125,45.162559509277344,1010952
2008-08-01,53.64788055419922,58.26631546020508,53.64788055419922,57.89605712890625,46.006507873535156,391741
2008-08-04,56.902217864990234,61.4816780090332,56.902217864990234,60.54629898071289,48.112483978271484,349596
2008-08-05,58.65605545043945,61.77398681640625,55.664791107177734,59.445281982421875,47.23756790161133,549225
2008-08-06,58.65605545043945,61.559627532958984,58.65605545043945,60.390403747558594,47.98860549926758,190280
2008-08-07,58.85092544555664,61.3647575378418,58.85092544555664,61.05296325683594,48.51509475708008,1949950
2008-08-08,60.02014923095703,63.332950592041016,60.02014923095703,62.758079528808594,49.870052337646484,72766
2008-08-11,62.943206787109375,67.02574920654297,62.943206787109375,66.58728790283203,52.91289138793945,1131186
2008-08-12,62.35859680175781,69.52983856201172,62.35859680175781,68.9159927368164,54.76336669921875,285471
2008-08-13,69.17906951904297,69.17906951904297,65.28165435791016,68.0877914428711,54.10526657104492,104279
2008-08-14,68.1072769165039,68.1072769165039,66.645751953125,67.63958740234375,53.74910354614258,322834
2008-08-18,67.23036193847656,67.79548645019531,66.84062194824219,67.49343872070312,53.632965087890625,115302
2008-08-19,64.52165985107422,67.62010192871094,64.52165985107422,67.11344146728516,53.330997467041016,344295
2008-08-20,66.645751953125,67.42523193359375,66.09037017822266,66.860107421875,53.12968444824219,291773
2008-08-21,66.84062194824219,66.84062194824219,63.332950592041016,65.47652435302734,52.030242919921875,454717
2008-08-22,65.47652435302734,67.62010192871094,65.08678436279297,66.17806243896484,52.587711334228516,1404583
2008-08-25,63.35243606567383,68.16574096679688,63.35243606567383,66.35344696044922,52.72707748413086,285230
2008-08-26,66.25601196289062,69.55906677246094,64.58012390136719,66.31446838378906,52.69609832763672,152968
2008-08-27,62.943206787109375,67.15241241455078,62.943206787109375,66.12934875488281,52.54899978637695,164734
2008-08-28,66.12934875488281,66.12934875488281,66.12934875488281,66.12934875488281,52.54899978637695,0
2008-08-29,62.553466796875,66.40216064453125,62.553466796875,66.23651885986328,52.6341552734375,117529
2008-09-01,66.0611343383789,66.72370147705078,65.39857482910156,66.49959564208984,52.84321975708008,56637
2008-09-02,65.79806518554688,66.58728790283203,65.48626708984375,66.12934875488281,52.54899978637695,222522
2008-09-04,61.96885681152344,66.43138885498047,61.96885681152344,65.99293518066406,52.44060516357422,216974
2008-09-05,66.03191375732422,66.45088195800781,65.08678436279297,65.25242614746094,51.85216522216797,232236
2008-09-08,66.0611343383789,66.35344696044922,65.29139709472656,65.95396423339844,52.40962600708008,200630
2008-09-09,65.5155029296875,66.35344696044922,63.5180778503418,66.11959838867188,52.541236877441406,111935
2008-09-10,64.34627532958984,66.25601196289062,64.34627532958984,65.90524291992188,52.37090301513672,235181
2008-09-11,65.85652923583984,65.86626434326172,63.547306060791016,64.29756164550781,51.09339904785156,374043
2008-09-12,64.5021743774414,65.28165435791016,62.74833679199219,64.08320617675781,50.92304229736328,499572
2008-09-15,64.30730438232422,64.30730438232422,61.38424301147461,62.270904541015625,49.482933044433594,473426
2008-09-16,59.445281982421875,61.764244079589844,59.4355354309082,60.73142623901367,48.25959014892578,896558
2008-09-17,60.47809600830078,61.18937301635742,59.4355354309082,60.010406494140625,47.686649322509766,216312
2008-09-18,58.85092544555664,61.96885681152344,57.70118713378906,59.523231506347656,47.299522399902344,462640
2008-09-19,60.21501922607422,64.30730438232422,59.45502471923828,61.6375732421875,48.979652404785156,266053
2008-09-22,62.35859680175781,63.32320785522461,61.96885681152344,62.4462890625,49.62230682373047,39657
2008-09-23,61.02373123168945,62.35859680175781,59.825279235839844,61.5303955078125,48.89448165893555,48981
2008-09-24,61.598602294921875,62.35859680175781,60.79963302612305,61.208858489990234,48.638980865478516,32637
2008-09-25,61.22834777832031,61.22834777832031,59.240665435791016,60.21501922607422,47.849246978759766,227058
2008-09-26,59.630409240722656,60.994503021240234,58.87041091918945,60.36117172241211,47.96537780761719,40149
2008-09-29,60.283226013183594,60.29296875,57.68170166015625,59.03605270385742,46.912391662597656,273853
2008-09-30,57.66221618652344,60.409889221191406,57.19452667236328,59.81553649902344,47.53178787231445,226124
2008-10-01,59.00682067871094,62.309879302978516,58.461185455322266,60.29296875,47.91117858886719,317343
2008-10-03,60.21501922607422,60.21501922607422,57.291961669921875,57.96426773071289,46.060699462890625,158879
2008-10-06,56.92170715332031,57.68170166015625,47.93817138671875,48.824832916259766,38.79814910888672,94401
2008-10-07,44.43050003051758,54.47608184814453,44.43050003051758,50.646873474121094,40.24600601196289,872250
2008-10-08,45.2197265625,50.666358947753906,41.692569732666016,46.46689987182617,36.924434661865234,114522
2008-10-10,42.87153625488281,44.859214782714844,41.89718246459961,44.518192291259766,35.375919342041016,2016122
2008-10-13,45.209983825683594,49.30226516723633,42.111541748046875,46.66176986694336,37.07929611206055,550370
2008-10-14,49.10739517211914,49.30226516723633,46.18433380126953,46.78843307495117,37.17994689941406,1658095
2008-10-15,40.065399169921875,48.30842590332031,40.065399169921875,47.10022735595703,37.427711486816406,99717
2008-10-16,44.23563003540039,48.52278137207031,39.36386489868164,46.85663986206055,37.234130859375,90613
2008-10-17,46.379207611083984,48.42534637451172,45.015113830566406,45.755619049072266,36.35922622680664,58069
2008-10-20,48.327911376953125,48.52278137207031,42.891021728515625,43.767940521240234,34.77974319458008,348934
2008-10-21,43.26127624511719,46.28177261352539,42.140769958496094,42.91050720214844,34.09837341308594,104854
2008-10-22,42.852046966552734,42.87153625488281,39.36386489868164,41.556156158447266,33.022159576416016,63683
2008-10-23,39.16899490356445,43.84588623046875,38.77925109863281,41.35154342651367,32.85957717895508,160357
2008-10-24,41.410003662109375,41.89718246459961,38.77925109863281,40.27001190185547,32.00014114379883,133760
2008-10-27,38.77925109863281,40.922828674316406,37.06439208984375,39.35411834716797,31.272327423095703,614915
2008-10-29,40.922828674316406,41.682823181152344,39.96796417236328,40.14334487915039,31.899499893188477,2994155
2008-10-31,38.99361038208008,42.87153625488281,38.99361038208008,41.828975677490234,33.23896026611328,566478
2008-11-03,42.87153625488281,45.40485382080078,40.133602142333984,41.75102996826172,33.17701721191406,37686
2008-11-04,41.117698669433594,42.286922454833984,40.18231964111328,41.760772705078125,33.18476486206055,33981
2008-11-05,42.53050994873047,43.06640625,41.92641067504883,42.29666519165039,33.610595703125,29080
2008-11-06,42.0920524597168,43.65101623535156,40.72795867919922,41.682823181152344,33.12282180786133,374304
2008-11-07,40.27001190185547,42.26743698120117,39.9484748840332,41.66333770751953,33.107330322265625,570085
2008-11-10,41.89718246459961,43.06640625,40.53308868408203,42.140769958496094,33.644100189208984,113844
2008-11-11,41.29308319091797,42.852046966552734,40.93257141113281,41.17616271972656,32.87397003173828,33663
2008-11-12,40.922828674316406,40.922828674316406,39.54899215698242,39.97770690917969,31.91715431213379,55144
2008-11-14,40.72795867919922,40.72795867919922,38.77925109863281,39.8900146484375,31.847145080566406,368665
2008-11-17,39.9484748840332,39.9484748840332,39.36386489868164,39.57822036743164,31.598224639892578,391079
2008-11-18,38.99361038208008,39.85103988647461,38.019256591796875,39.042327880859375,31.17037582397461,1010439
2008-11-19,38.97412109375,39.32489013671875,37.61002731323242,38.555152893066406,30.781415939331055,1584199
2008-11-20,38.555152893066406,38.555152893066406,38.555152893066406,38.555152893066406,30.781415939331055,0
2008-11-21,37.9023323059082,38.77925109863281,37.23003005981445,38.02899932861328,30.361358642578125,1728736
2008-11-24,36.63567352294922,39.41258239746094,36.63567352294922,38.019256591796875,30.35357093811035,1404172
2008-11-25,38.19464111328125,40.922828674316406,38.19464111328125,38.876686096191406,31.038129806518555,658590
2008-11-26,37.61002731323242,40.338218688964844,37.22028732299805,38.98386764526367,31.123701095581055,1050553
2008-11-27,38.98386764526367,38.98386764526367,38.98386764526367,38.98386764526367,31.123701095581055,0
2008-11-28,37.99977111816406,44.0407600402832,37.99977111816406,43.31973648071289,34.58534622192383,129254
2008-12-01,43.82640075683594,44.43050003051758,41.43923568725586,42.257694244384766,33.73744583129883,249350
2008-12-02,40.56231689453125,42.67666244506836,39.55873489379883,40.36744689941406,32.22832107543945,137342
2008-12-03,39.9484748840332,40.53308868408203,38.97412109375,40.15309143066406,32.057193756103516,283536
2008-12-04,40.89360046386719,40.89360046386719,38.77925109863281,39.256683349609375,31.341510772705078,3105096
2008-12-05,38.97412109375,39.90950012207031,38.22386932373047,39.01309585571289,31.147037506103516,1194654
2008-12-08,39.55873489379883,41.507442474365234,38.63309860229492,39.35411834716797,31.419282913208008,787163
2008-12-10,40.922828674316406,40.922828674316406,38.24335861206055,38.72079086303711,30.913663864135742,1964000
2008-12-11,38.058231353759766,38.52592086791992,35.85619354248047,37.08387756347656,29.606800079345703,548122
2008-12-12,36.62593078613281,37.21054458618164,35.232608795166016,36.96695327758789,29.51344108581543,705632
2008-12-15,38.97412109375,38.97412109375,37.10336685180664,38.90591812133789,31.06147003173828,106034
2008-12-16,38.21412658691406,39.85103988647461,37.99977111816406,38.623355865478516,30.83587646484375,100964
2008-12-17,39.55873489379883,39.8412971496582,37.80489730834961,38.964378356933594,31.10813331604004,98244
2008-12-18,38.64284133911133,39.36386489868164,37.28849411010742,38.730533599853516,30.92145347595215,9667799
2008-12-19,38.94489288330078,39.61719512939453,38.02899932861328,38.584381103515625,30.804758071899414,8686076
2008-12-22,38.95463562011719,39.55873489379883,37.99977111816406,38.19464111328125,30.493595123291016,151166
2008-12-23,37.99977111816406,38.857200622558594,37.7366943359375,38.399253845214844,30.656957626342773,66546
2008-12-24,38.77925109863281,38.77925109863281,37.39567184448242,38.00951385498047,30.345802307128906,96941
2008-12-26,38.00951385498047,38.94489288330078,37.80489730834961,37.99977111816406,30.338027954101562,34448
2008-12-29,37.99977111816406,38.584381103515625,37.82438659667969,37.99977111816406,30.338027954101562,35367
2008-12-30,38.097206115722656,38.7110481262207,37.639259338378906,38.07771682739258,30.400251388549805,69025
2008-12-31,38.19464111328125,38.57463836669922,37.5223388671875,37.99002456665039,30.330238342285156,39693
2009-01-02,37.80489730834961,38.17515182495117,37.61002731323242,37.93156433105469,30.283565521240234,727087
2009-01-05,38.77925109863281,39.461299896240234,37.99977111816406,38.67207336425781,30.874774932861328,3849738
2009-01-06,38.38951110839844,38.555152893066406,37.951053619384766,38.00951385498047,30.345802307128906,2648634
2009-01-07,38.52592086791992,38.52592086791992,36.889007568359375,37.64900207519531,30.057987213134766,208779
2009-01-09,36.30439376831055,38.19464111328125,36.30439376831055,37.99977111816406,30.338027954101562,3662347
2009-01-12,37.99977111816406,38.759765625,37.035160064697266,37.99977111816406,30.338027954101562,55708
2009-01-13,37.980281829833984,38.19464111328125,37.81464385986328,38.00951385498047,30.345802307128906,71057
2009-01-14,37.99977111816406,38.935150146484375,37.43464660644531,37.97053909301758,30.31468391418457,82921
2009-01-15,37.02541732788086,37.99977111816406,37.02541732788086,37.88284683227539,30.244674682617188,1606296
2009-01-16,37.99977111816406,38.35053634643555,37.6295166015625,37.980281829833984,30.322467803955078,157314
2009-01-19,38.77925109863281,38.77925109863281,37.65874481201172,37.86336135864258,30.229135513305664,378071
2009-01-20,37.93156433105469,37.99002456665039,37.61002731323242,37.9023323059082,30.260236740112305,121034
2009-01-21,38.019256591796875,38.019256591796875,37.415157318115234,37.82438659667969,30.197998046875,493932
2009-01-22,37.92182159423828,38.19464111328125,36.051063537597656,36.16798782348633,28.875572204589844,5519872
2009-01-23,36.83054733276367,37.7854118347168,33.51774597167969,37.532081604003906,29.964632034301758,317774
2009-01-27,37.02541732788086,37.80489730834961,34.90132522583008,37.17156982421875,29.676803588867188,3162908
2009-01-28,37.22028732299805,37.39567184448242,36.051063537597656,37.035160064697266,29.567909240722656,28511
2009-01-29,37.200801849365234,37.385929107666016,36.19721603393555,36.431060791015625,29.08560562133789,39821
2009-01-30,37.415157318115234,38.46746063232422,34.735687255859375,36.6649055480957,29.27231216430664,606771
2009-02-02,35.95362854003906,37.21054458618164,35.758758544921875,36.07054901123047,28.797779083251953,89572
2009-02-03,37.00592803955078,37.00592803955078,36.051063537597656,36.596702575683594,29.217844009399414,61009
2009-02-04,35.85619354248047,37.22028732299805,35.680809020996094,36.616188049316406,29.233413696289062,51146
2009-02-05,37.22028732299805,37.22028732299805,35.758758544921875,36.69413757324219,29.29564666748047,37768
2009-02-06,36.09978103637695,37.02541732788086,36.08029556274414,36.98644256591797,29.529010772705078,4687243
2009-02-09,36.07054901123047,37.61002731323242,36.07054901123047,36.499267578125,29.140056610107422,2998327
2009-02-10,36.34336853027344,37.57105255126953,36.138755798339844,37.23977279663086,29.73126220703125,75054
2009-02-11,36.97669982910156,36.98644256591797,35.56388854980469,36.216705322265625,28.914466857910156,3778178
2009-02-12,36.34336853027344,37.02541732788086,35.85619354248047,36.09978103637695,28.82111930847168,69040
2009-02-13,36.957210540771484,37.765926361083984,35.904911041259766,37.6782341003418,30.08131980895996,87206
2009-02-16,36.6649055480957,37.415157318115234,35.904911041259766,36.401832580566406,29.062278747558594,26340
2009-02-17,35.27157974243164,36.97669982910156,35.27157974243164,36.10952377319336,28.82890510559082,9724
2009-02-18,35.758758544921875,36.83054733276367,35.378761291503906,35.84645080566406,28.61886978149414,80976
2009-02-19,36.63567352294922,36.63567352294922,35.466453552246094,35.98286056518555,28.727771759033203,14727
2009-02-20,34.881839752197266,36.63567352294922,34.881839752197266,36.138755798339844,28.852230072021484,36721
2009-02-24,36.04132080078125,36.47977828979492,35.4274787902832,35.84645080566406,28.61886978149414,3529557
2009-02-25,36.051063537597656,36.41157531738281,35.5833740234375,36.09003829956055,28.813344955444336,43854
2009-02-26,35.67106628417969,37.40541458129883,35.67106628417969,36.07054901123047,28.797779083251953,15836
2009-02-27,36.051063537597656,36.392086029052734,35.5346565246582,36.16798782348633,28.875572204589844,27726
2009-03-02,36.04132080078125,36.44080352783203,35.485939025878906,36.012088775634766,28.75111198425293,34669
2009-03-03,35.85619354248047,36.245933532714844,35.50542449951172,36.03157424926758,28.76666831970215,87021
2009-03-04,37.02541732788086,37.02541732788086,35.515167236328125,36.00234603881836,28.743331909179688,387385
2009-03-05,36.04132080078125,36.22644805908203,35.485939025878906,35.943885803222656,28.696659088134766,181043
2009-03-06,35.85619354248047,36.20695877075195,35.369014739990234,35.95362854003906,28.70444107055664,197572
2009-03-09,35.85619354248047,36.051063537597656,35.50542449951172,35.66132354736328,28.471071243286133,433626
2009-03-12,36.00234603881836,36.03157424926758,35.49568176269531,35.66132354736328,28.471071243286133,202719
2009-03-13,36.051063537597656,36.22644805908203,35.573631286621094,35.865936279296875,28.63442039489746,360244
2009-03-16,36.051063537597656,36.09978103637695,35.593116760253906,35.98286056518555,28.727771759033203,154615
2009-03-17,35.95362854003906,36.245933532714844,35.71004104614258,35.99260330200195,28.735551834106445,98270
2009-03-18,35.95362854003906,36.09003829956055,35.54439926147461,35.91465377807617,28.67332649230957,148390
2009-03-19,35.95362854003906,36.051063537597656,35.466453552246094,35.934139251708984,28.688879013061523,153250
2009-03-20,36.00234603881836,36.04132080078125,35.38850402832031,35.82696533203125,28.603313446044922,161676
2009-03-23,35.95362854003906,36.051063537597656,35.81721878051758,36.051063537597656,28.78223991394043,43988
2009-03-24,36.051063537597656,36.051063537597656,35.81721878051758,36.012088775634766,28.75111198425293,43090
2009-03-25,36.245933532714844,36.245933532714844,35.56388854980469,35.80747604370117,28.587749481201172,149027
2009-03-26,36.03157424926758,36.051063537597656,35.81721878051758,36.02183532714844,28.758888244628906,155595
2009-03-27,36.051063537597656,36.216705322265625,35.87567901611328,36.06080627441406,28.790006637573242,31318
2009-03-30,36.83054733276367,36.83054733276367,35.81721878051758,35.95362854003906,28.70444107055664,137126
2009-03-31,36.00234603881836,36.051063537597656,35.797733306884766,35.89516830444336,28.657760620117188,158546
2009-04-01,35.95362854003906,36.051063537597656,35.758758544921875,35.88542175292969,28.649974822998047,34730
2009-04-02,35.87567901611328,36.051063537597656,35.81721878051758,36.012088775634766,28.75111198425293,116497
2009-04-06,35.95362854003906,36.051063537597656,35.29106903076172,35.63209533691406,28.447738647460938,524820
2009-04-08,35.95362854003906,36.20695877075195,35.07670974731445,35.700294494628906,28.502180099487305,178841
2009-04-09,36.012088775634766,36.012088775634766,35.56388854980469,35.84645080566406,28.61886978149414,153045
2009-04-13,36.051063537597656,37.02541732788086,35.369014739990234,36.09003829956055,28.813344955444336,77312
2009-04-15,36.09978103637695,42.48179244995117,36.051063537597656,36.38234329223633,29.046716690063477,908217
2009-04-16,37.00592803955078,43.660762786865234,36.83054733276367,41.43923568725586,33.08399963378906,9450957
2009-04-17,42.87153625488281,45.30741882324219,39.987449645996094,42.053077697753906,33.574073791503906,689139
2009-04-20,42.87153625488281,44.60588455200195,42.12128448486328,43.943321228027344,35.08319854736328,394903
2009-04-21,42.822818756103516,43.26127624511719,41.507442474365234,42.84230422973633,34.20417785644531,256123
2009-04-22,43.06640625,43.43666076660156,41.70231246948242,41.906925201416016,33.45738983154297,67773
2009-04-23,41.31256866455078,42.46230697631836,38.97412109375,40.776676177978516,32.55503463745117,41755140
2009-04-24,42.1505126953125,43.456146240234375,41.36128616333008,42.257694244384766,33.73744583129883,970238
2009-04-27,42.48179244995117,42.53050994873047,40.36744689941406,40.9618034362793,32.70283508300781,280519
2009-04-28,40.74744415283203,41.89718246459961,40.338218688964844,40.922828674316406,32.67171096801758,249237
2009-04-29,40.57206344604492,44.23563003540039,40.57206344604492,43.15409851074219,34.45309829711914,255672
2009-04-30,43.15409851074219,43.15409851074219,43.15409851074219,43.15409851074219,34.45309829711914,0
2009-05-04,44.82024002075195,46.28177261352539,43.06640625,45.1710090637207,36.063350677490234,365817
2009-05-05,46.28177261352539,48.327911376953125,44.72280502319336,44.829986572265625,35.79108810424805,68070
2009-05-06,45.59972381591797,45.59972381591797,44.23563003540039,44.82024002075195,35.783302307128906,902947
2009-05-07,44.82024002075195,45.57049560546875,44.72280502319336,45.122291564941406,36.02445602416992,60799
2009-05-08,45.40485382080078,49.08790969848633,44.82024002075195,47.35355758666992,37.80583572387695,409579
2009-05-11,47.74330139160156,48.30842590332031,46.564334869384766,47.840736389160156,38.194793701171875,168835
2009-05-12,47.723812103271484,48.30842590332031,47.158687591552734,47.79201889038086,38.1558952331543,80166
2009-05-13,48.707908630371094,50.56892395019531,47.480224609375,49.730979919433594,39.70391845703125,436094
2009-05-14,57.233497619628906,57.233497619628906,47.75304412841797,48.79560089111328,38.957122802734375,1150065
2009-05-15,50.15969467163086,51.6212272644043,47.947914123535156,49.312007904052734,39.3693962097168,234843
2009-05-18,52.8586540222168,52.8586540222168,52.8586540222168,52.8586540222168,42.200965881347656,51
2009-05-19,56.415042877197266,60.02014923095703,52.8099365234375,56.38581466674805,45.0169563293457,56271582
2009-05-20,58.461185455322266,59.98117446899414,56.53196334838867,58.948360443115234,47.06282424926758,187729
2009-05-21,59.4355354309082,60.409889221191406,55.73299789428711,58.461185455322266,46.673892974853516,192573
2009-05-22,57.70118713378906,57.70118713378906,56.13248062133789,56.580684661865234,45.172542572021484,68994
2009-05-25,56.53196334838867,56.902217864990234,54.368900299072266,55.771968841552734,44.526885986328125,872501
2009-05-26,58.461185455322266,62.35859680175781,55.849918365478516,56.23965835571289,44.900264739990234,148647
2009-05-27,58.26631546020508,58.65605545043945,57.291961669921875,58.28580093383789,46.53386306762695,166300
2009-05-28,58.26631546020508,58.461185455322266,56.70734786987305,56.999656677246094,45.507041931152344,111566
2009-05-29,56.51247787475586,58.44169616699219,55.9278678894043,56.17145538330078,44.84581756591797,110555
2009-06-01,58.461185455322266,66.645751953125,56.81452560424805,58.32477569580078,46.56496810913086,394389
2009-06-02,58.461185455322266,58.461185455322266,56.92170715332031,57.214012145996094,45.67816925048828,353444
2009-06-03,57.48683166503906,58.071441650390625,55.73299789428711,57.0093994140625,45.51481246948242,275254
2009-06-04,55.771968841552734,57.857086181640625,55.73299789428711,56.97042465209961,45.48369598388672,282597
2009-06-05,56.51247787475586,58.061702728271484,54.953514099121094,56.580684661865234,45.172542572021484,12980135
2009-06-08,58.461185455322266,62.35859680175781,57.48683166503906,57.89605712890625,46.22269821166992,707597
2009-06-09,58.071441650390625,58.85092544555664,57.38939666748047,58.36375045776367,46.5960807800293,331414
2009-06-10,59.2211799621582,60.400150299072266,56.73657989501953,58.246826171875,46.50273895263672,5153013
2009-06-11,58.071441650390625,58.25657272338867,55.9278678894043,56.55145263671875,45.149200439453125,214757
2009-06-12,57.48683166503906,59.41604995727539,55.771968841552734,58.36375045776367,46.5960807800293,475115
2009-06-15,58.071441650390625,58.45144271850586,57.09709167480469,57.749908447265625,46.10601806640625,87550
2009-06-16,56.902217864990234,58.071441650390625,56.726837158203125,57.438114166259766,45.857086181640625,267849
2009-06-17,57.48683166503906,57.87657165527344,56.31760787963867,56.55145263671875,45.149200439453125,1418130
2009-06-18,57.08734893798828,57.477088928222656,55.73299789428711,56.48324966430664,45.09475326538086,202026
2009-06-19,56.31760787963867,57.09709167480469,55.71350860595703,55.976585388183594,44.690242767333984,328879
2009-06-22,56.337093353271484,56.902217864990234,55.75248336791992,56.25914764404297,44.915828704833984,137229
2009-06-23,56.307865142822266,56.50273513793945,55.0704345703125,56.06427764892578,44.76024627685547,238276
2009-06-24,56.122737884521484,56.69760513305664,55.538124084472656,56.02530288696289,44.72914505004883,86041
2009-06-25,56.51247787475586,58.44169616699219,55.73299789428711,56.999656677246094,45.507041931152344,217144
2009-06-26,58.85092544555664,59.240665435791016,57.48683166503906,58.37349319458008,46.6038703918457,254861
2009-06-29,58.44169616699219,59.4355354309082,56.911964416503906,57.262733459472656,45.71706771850586,106681
2009-06-30,57.2237548828125,60.02014923095703,56.337093353271484,58.82169723510742,46.96170425415039,800279
2009-07-01,59.299129486083984,60.79963302612305,57.477088928222656,57.53554916381836,45.934871673583984,258289
2009-07-02,57.467342376708984,58.25657272338867,55.557613372802734,56.71709060668945,45.281436920166016,233267
2009-07-03,56.53196334838867,63.332950592041016,56.35658264160156,59.78630447387695,47.73181915283203,2515079
2009-07-06,61.38424301147461,61.38424301147461,56.902217864990234,57.99349594116211,46.30048370361328,324451
2009-07-07,57.233497619628906,59.04579544067383,55.79145812988281,58.246826171875,46.50273895263672,363651
2009-07-08,57.233497619628906,60.409889221191406,56.74632263183594,58.65605545043945,46.82945251464844,574612
2009-07-09,58.071441650390625,59.04579544067383,57.99349594116211,58.568363189697266,46.75944519042969,252931
2009-07-10,60.195533752441406,60.390403747558594,58.47092819213867,59.57194519042969,47.56068420410156,248749
2009-07-13,59.04579544067383,59.14323043823242,57.60375213623047,57.83759689331055,46.176025390625,286959
2009-07-14,58.149391174316406,59.805789947509766,58.149391174316406,59.45502471923828,47.46733856201172,395441
2009-07-15,59.630409240722656,59.630409240722656,59.04579544067383,59.30887222290039,47.35064697265625,452171
2009-07-16,59.4355354309082,60.302711486816406,57.09709167480469,59.474510192871094,48.115272521972656,330850
2009-07-17,59.825279235839844,60.89706802368164,58.85092544555664,60.400150299072266,48.864112854003906,127530
2009-07-20,60.78014373779297,61.871421813964844,59.260154724121094,60.468353271484375,48.91929244995117,911338
2009-07-21,60.02014923095703,60.75091552734375,58.77297592163086,59.15297317504883,47.855140686035156,757210
2009-07-22,60.13706970214844,60.75091552734375,59.25040817260742,60.10784149169922,48.62763214111328,1132997
2009-07-23,60.409889221191406,60.79963302612305,58.695030212402344,59.68886947631836,48.288665771484375,85369
2009-07-24,60.78989028930664,60.89706802368164,56.902217864990234,57.82785415649414,46.783103942871094,1021493
2009-07-27,57.87657165527344,59.57194519042969,57.48683166503906,59.055538177490234,47.77631378173828,544268
2009-07-28,58.714515686035156,59.13349151611328,57.72067642211914,58.461185455322266,47.29549026489258,274946
2009-07-29,57.545291900634766,59.4355354309082,57.545291900634766,59.18220520019531,47.87877655029297,288016
2009-07-30,59.230926513671875,59.230926513671875,58.28580093383789,58.47092819213867,47.30335235595703,75147
2009-07-31,58.48067092895508,59.796051025390625,58.48067092895508,59.54271697998047,48.17044448852539,174485
2009-08-03,59.72784423828125,61.15039825439453,58.52939224243164,60.429378509521484,48.887752532958984,732778
2009-08-04,60.409889221191406,60.409889221191406,57.87657165527344,58.47092819213867,47.30335235595703,43269915
2009-08-05,58.85092544555664,62.329368591308594,58.45144271850586,60.575531005859375,49.00598907470703,3372129
2009-08-06,60.955528259277344,69.16932678222656,60.59502029418945,64.09294128417969,51.851593017578125,2896886
2009-08-07,64.09294128417969,68.584716796875,64.09294128417969,67.59087371826172,54.68146514892578,1292390
2009-08-10,70.54315948486328,77.8313217163086,65.88575744628906,67.45446014404297,54.57109069824219,1870595
2009-08-11,75.80467224121094,75.80467224121094,65.67139434814453,66.30472564697266,53.64094543457031,311550
2009-08-12,66.83087921142578,66.83087921142578,63.91756057739258,65.29139709472656,52.8211555480957,286061
2009-08-13,65.85652923583984,68.2047119140625,65.85652923583984,66.645751953125,53.91683578491211,410426
2009-08-14,65.28165435791016,68.2047119140625,64.9113998413086,67.79548645019531,54.846981048583984,148755
2009-08-17,66.5288314819336,66.84062194824219,66.08062744140625,66.25601196289062,53.60152816772461,127130
2009-08-18,66.0611343383789,68.5944595336914,65.28165435791016,66.34370422363281,53.67249298095703,360736
2009-08-19,67.9903564453125,68.00984191894531,66.25601196289062,67.62984466552734,54.712974548339844,129075
2009-08-20,67.62010192871094,67.62010192871094,66.645751953125,66.9770278930664,54.18484878540039,192886
2009-08-21,67.23036193847656,68.2047119140625,66.49959564208984,67.91240692138672,54.941566467285156,239897
2009-08-24,68.21446228027344,69.1303482055664,66.860107421875,67.61035919189453,54.697227478027344,388447
2009-08-25,68.85753631591797,68.85753631591797,67.24984741210938,67.85395050048828,54.8942985534668,130573
2009-08-26,67.23036193847656,75.58056640625,67.23036193847656,72.84263610839844,58.93016815185547,2480286
2009-08-27,72.84263610839844,74.05083465576172,68.98419952392578,69.18881225585938,55.97419738769531,4639965
2009-08-28,70.11444854736328,70.1534194946289,69.17906951904297,69.227783203125,56.00571823120117,187934
2009-08-31,69.12060546875,71.32264709472656,67.34728240966797,70.83546447753906,57.30634689331055,205423
2009-09-01,71.10828399658203,71.84879302978516,68.63343048095703,70.22162628173828,56.809749603271484,154810
2009-09-02,68.22420501708984,70.50418853759766,68.2047119140625,70.0267562866211,56.65208053588867,85636
2009-09-03,70.1534194946289,72.67699432373047,70.1534194946289,71.40059661865234,57.7635383605957,219986
2009-09-04,71.69290161132812,72.66725158691406,70.75752258300781,72.10212707519531,58.33110427856445,80417
2009-09-07,72.68673706054688,72.68673706054688,70.1534194946289,70.2605972290039,56.84126663208008,637694
2009-09-08,71.82930755615234,71.82930755615234,69.37393951416016,69.52983856201172,56.25007247924805,51177
2009-09-09,70.93290710449219,72.2969970703125,69.19855499267578,71.76110076904297,58.05519485473633,165602
2009-09-10,72.2969970703125,72.58930206298828,70.46521759033203,71.166748046875,57.57434844970703,166243
2009-09-11,72.0826416015625,73.3103256225586,71.32264709472656,73.06674194335938,59.111473083496094,31605139
2009-09-14,72.88160705566406,72.88160705566406,70.1534194946289,70.69905853271484,57.19598388671875,186431
2009-09-15,71.83905029296875,73.07647705078125,70.99136352539062,72.85237884521484,58.93804168701172,309400
2009-09-16,71.12777709960938,76.58415222167969,70.54315948486328,74.83031463623047,60.5382080078125,467325
2009-09-17,75.02518463134766,77.14927673339844,73.66109466552734,76.1749267578125,61.625999450683594,813416
2009-09-18,75.02518463134766,79.70207977294922,74.05083465576172,78.52311706542969,63.52571105957031,17940154
2009-09-22,78.3379898071289,79.8774642944336,76.58415222167969,77.2077407836914,62.461585998535156,368044
2009-09-23,77.93850708007812,78.37696075439453,76.23338317871094,77.84107208251953,62.97392272949219,753366
2009-09-24,76.40876770019531,78.92259979248047,76.40876770019531,77.24671173095703,62.49309539794922,164442
2009-09-25,77.74363708496094,78.14311981201172,76.11646270751953,76.33081817626953,61.75210952758789,347440
2009-09-29,77.55850219726562,77.55850219726562,74.83031463623047,75.07390594482422,60.73527145385742,93277
2009-09-30,75.41492462158203,75.80467224121094,73.33956146240234,74.16775512695312,60.002201080322266,189012
2009-10-01,75.39543914794922,76.77902221679688,74.2457046508789,74.5574951171875,60.317474365234375,200291
2009-10-05,75.5903091430664,75.5903091430664,72.1995620727539,73.15442657470703,59.18241500854492,138681
2009-10-06,73.93391418457031,73.93391418457031,70.66008758544922,71.42008209228516,57.779319763183594,111463
2009-10-07,73.03750610351562,73.07647705078125,70.75752258300781,71.4785385131836,57.826602935791016,186498
2009-10-08,72.16059112548828,72.16059112548828,71.03034210205078,71.18623352050781,57.59012222290039,178718
2009-10-09,71.41033935546875,73.83647918701172,71.39085388183594,73.45648193359375,59.42676544189453,294179
2009-10-12,75.02518463134766,75.22005462646484,72.13135528564453,74.69390869140625,60.42784881591797,194795
2009-10-13,74.69390869140625,74.69390869140625,74.69390869140625,74.69390869140625,60.42784881591797,0
2009-10-14,75.79492950439453,75.79492950439453,73.46622467041016,74.70365142822266,60.435726165771484,901798
2009-10-15,75.5708236694336,76.77902221679688,74.06057739257812,75.10313415527344,60.75892639160156,2420441
2009-10-16,76.24312591552734,80.67643737792969,76.05799865722656,78.02619171142578,63.123687744140625,1599825
2009-10-20,78.20157623291016,78.91285705566406,75.30775451660156,76.6036376953125,61.97283935546875,165904
2009-10-21,76.97389221191406,80.82258605957031,76.05799865722656,79.22464752197266,64.09324645996094,4567918
2009-10-22,79.8969497680664,79.8969497680664,74.05083465576172,75.32723236083984,60.94021224975586,224713
2009-10-23,75.03492736816406,78.72772979736328,74.92774963378906,77.35388946533203,62.579795837402344,233929
2009-10-26,77.16876220703125,78.3379898071289,74.30416870117188,76.98363494873047,62.2802619934082,168881
2009-10-27,76.0774917602539,77.73388671875,74.6549301147461,76.00928497314453,61.49199295043945,4074057
2009-10-28,76.22364044189453,77.92875671386719,75.23954772949219,77.34414672851562,62.57190704345703,360469
2009-10-29,77.55850219726562,77.55850219726562,75.90210723876953,76.00928497314453,61.49199295043945,5493373
2009-10-30,76.97389221191406,78.14311981201172,75.51235961914062,76.00928497314453,61.49199295043945,6821757
2009-11-03,76.01902770996094,76.3892822265625,74.07032012939453,74.92774963378906,60.6170539855957,296237
2009-11-04,76.97389221191406,76.97389221191406,73.29084014892578,73.88519287109375,59.77359390258789,2755084
2009-11-05,74.08006286621094,76.66210174560547,73.33956146240234,76.00928497314453,61.49199295043945,196884
2009-11-06,75.98979949951172,77.55850219726562,75.02518463134766,76.0774917602539,61.54719924926758,95494
2009-11-09,74.4405746459961,79.70207977294922,74.4405746459961,76.3990249633789,62.12556457519531,299660
2009-11-10,76.3892822265625,79.85797882080078,75.99954223632812,78.49388122558594,63.82904815673828,540312
2009-11-11,79.83849334716797,83.15129089355469,79.11746978759766,81.88462829589844,66.5863037109375,766472
2009-11-12,81.8359146118164,86.71742248535156,81.6215591430664,84.28153991699219,68.53541564941406,427109
2009-11-13,83.40462493896484,88.55895233154297,81.86514282226562,82.90770721435547,67.41825103759766,842815
2009-11-16,83.01488494873047,86.91229248046875,83.01488494873047,85.811279296875,69.77935791015625,592341
2009-11-17,85.74307250976562,86.50306701660156,83.46308135986328,84.76871490478516,68.93157958984375,345398
2009-11-18,86.52255249023438,87.4774169921875,83.81385040283203,85.96717071533203,69.90611267089844,547091
2009-11-19,85.93794250488281,86.70767974853516,85.37281799316406,85.74307250976562,69.72389221191406,893813
2009-11-20,84.82717895507812,85.74307250976562,84.23282623291016,85.37281799316406,69.42280578613281,475274
2009-11-23,85.34358978271484,86.52255249023438,84.57384490966797,84.91487121582031,69.0504150390625,147913
2009-11-24,84.32051849365234,86.71742248535156,84.32051849365234,85.17794799804688,69.26435089111328,486358
2009-11-25,85.74307250976562,87.30203247070312,85.15846252441406,86.16204071044922,70.06458282470703,202052
2009-11-26,87.49690246582031,87.49690246582031,84.77845764160156,85.36307525634766,69.41488647460938,267521
2009-11-27,86.3569107055664,86.3569107055664,81.31950378417969,82.8589859008789,67.37862396240234,158038
2009-11-30,83.79436492919922,85.70409393310547,82.06975555419922,82.87847137451172,67.39447784423828,155031
2009-12-01,83.40462493896484,83.75538635253906,81.45591735839844,81.68975830078125,66.42784881591797,337752
2009-12-02,83.46308135986328,91.19944763183594,81.84565734863281,88.74407958984375,72.16423034667969,837971
2009-12-03,88.66613006591797,90.58560943603516,86.71742248535156,87.63331604003906,71.26095581054688,337069
2009-12-04,86.38614654541016,88.47126007080078,85.75281524658203,86.50306701660156,70.34188842773438,159870
2009-12-07,87.39946746826172,89.4066390991211,85.16820526123047,87.80870056152344,71.40360260009766,264565
2009-12-08,88.57843780517578,92.56354522705078,88.57843780517578,91.40406036376953,74.32723999023438,703682
2009-12-09,91.58918762207031,91.58918762207031,87.70152282714844,88.6174087524414,72.06120300292969,692967
2009-12-10,87.00972747802734,91.19944763183594,87.00972747802734,90.35176086425781,73.4715347290039,282602
2009-12-11,91.19944763183594,92.32969665527344,89.65997314453125,90.7707290649414,73.81222534179688,231143
2009-12-14,90.61483764648438,92.13482666015625,86.73690795898438,87.33126831054688,71.01536560058594,1921351
2009-12-15,88.47126007080078,88.66613006591797,87.10716247558594,87.9548568725586,71.52245330810547,1515759
2009-12-16,87.39946746826172,87.39946746826172,86.71742248535156,86.73690795898438,70.53205108642578,60229
2009-12-17,87.08767700195312,87.30203247070312,85.37281799316406,85.91845703125,69.86651611328125,1598537
2009-12-18,86.4446029663086,87.06819152832031,84.96358489990234,85.74307250976562,69.72389221191406,1418135
2009-12-21,85.07077026367188,87.10716247558594,84.01846313476562,84.32051849365234,68.56710052490234,554655
2009-12-22,84.76871490478516,89.0948486328125,83.9892349243164,85.73332977294922,69.71595764160156,2537555
2009-12-23,85.74307250976562,87.30203247070312,84.76871490478516,85.35333251953125,69.4069595336914,366499
2009-12-24,87.63331604003906,92.50508117675781,86.71742248535156,91.21893310546875,74.17670440673828,2868990
2009-12-29,91.58918762207031,92.88507843017578,87.30203247070312,88.30561828613281,71.80767822265625,510810
2009-12-30,89.59176635742188,89.6404800415039,87.32152557373047,88.73433685302734,72.15630340576172,911276
2009-12-31,90.49790954589844,98.40966033935547,88.88048553466797,95.0773696899414,77.31426239013672,1258019
2010-01-04,90.61483764648438,95.48660278320312,90.61483764648438,92.89482116699219,75.53949737548828,1520526
2010-01-05,93.14815521240234,97.43531036376953,92.78764343261719,93.52815246582031,76.05449676513672,1630959
2010-01-06,93.54763793945312,94.31737518310547,88.71484375,92.1640625,74.94525909423828,7871171
2010-01-07,92.17379760742188,98.21479034423828,90.63432312011719,94.99942779541016,77.25090789794922,1655226
2010-01-08,94.51224517822266,98.3511962890625,94.51224517822266,96.9968490600586,78.87516784667969,1652963
2010-01-11,96.46095275878906,100.35836791992188,95.92505645751953,97.73735809326172,79.47731018066406,2338746
2010-01-12,100.03682708740234,101.13784790039062,97.09428405761719,98.11735534667969,79.78633117675781,2105715
2010-01-13,97.43531036376953,101.33271789550781,97.43531036376953,98.97478485107422,80.4835433959961,1690408
2010-01-14,99.18914031982422,100.55323791503906,98.40966033935547,99.35478210449219,80.79256439208984,922832
2010-01-15,100.35836791992188,101.13784790039062,98.99427032470703,100.5045166015625,81.72747802734375,427842
2010-01-18,100.16349792480469,101.9075927734375,99.3645248413086,101.07939147949219,82.19496154785156,1093120
2010-01-19,101.72245788574219,102.19014739990234,99.89067840576172,100.99169921875,82.12364196777344,2562228
2010-01-20,101.66400146484375,101.68348693847656,99.5788803100586,100.45580291748047,81.68787384033203,1740134
2010-01-21,100.94297790527344,101.13784790039062,96.71428680419922,97.99069213867188,79.68331146240234,1281629
2010-01-22,95.50608825683594,99.32555389404297,95.48660278320312,97.64966583251953,79.40601348876953,1782079
2010-01-25,98.60453033447266,98.60453033447266,96.48043823242188,97.24044036865234,79.07322692871094,845437
2010-01-27,96.57787322998047,98.21479034423828,93.7327651977539,95.34044647216797,77.5282211303711,1898280
2010-01-28,95.68147277832031,97.8250503540039,95.48660278320312,96.31480407714844,78.32052612304688,394533
2010-01-29,95.49634552001953,97.18197631835938,95.10660552978516,95.44762420654297,77.61536407470703,1166738
2010-02-01,97.1235122680664,97.1235122680664,94.57070922851562,95.94454956054688,78.01947021484375,660258
2010-02-02,96.46095275878906,98.21479034423828,95.9737777709961,97.44505310058594,79.2396240234375,250874
2010-02-03,98.21479034423828,102.50194549560547,97.63992309570312,100.9819564819336,82.11573791503906,1551762
2010-02-04,101.72245788574219,102.09271240234375,99.20863342285156,100.03682708740234,81.34718322753906,741733
2010-02-05,98.40966033935547,98.40966033935547,92.56354522705078,93.0117416381836,75.6345443725586,983154
2010-02-08,94.90199279785156,94.90199279785156,88.11074829101562,90.00099182128906,73.18634033203125,2323752
2010-02-09,91.49175262451172,94.51224517822266,89.6404800415039,91.91072845458984,74.7392578125,1978866
2010-02-10,93.14815521240234,96.46095275878906,91.62816619873047,94.36609649658203,76.73590850830078,354640
2010-02-11,94.00558471679688,95.4573745727539,94.00558471679688,95.02865600585938,77.27466583251953,495159
2010-02-15,95.02865600585938,95.09686279296875,91.7840576171875,92.36866760253906,75.11162567138672,456554
2010-02-16,92.36866760253906,92.56354522705078,90.84867858886719,91.43328857421875,74.35102844238281,118232
2010-02-17,91.82303619384766,93.53789520263672,91.19944763183594,92.1640625,74.94525909423828,247451
2010-02-18,93.44046020507812,93.44046020507812,90.03022766113281,91.72560119628906,74.58871459960938,248441
2010-02-19,91.01432037353516,92.34918212890625,89.6404800415039,89.8353500366211,73.05162811279297,121809
2010-02-22,91.97892761230469,92.56354522705078,89.88407135009766,90.332275390625,73.45571899414062,375798
2010-02-23,91.58918762207031,91.58918762207031,87.91587829589844,88.69535827636719,72.12458801269531,556995
2010-02-24,88.76356506347656,88.86100006103516,85.76255798339844,86.69793701171875,70.50035858154297,2269038
2010-02-25,86.32768249511719,87.69178009033203,83.11231994628906,83.9892349243164,68.29772186279297,1250845
2010-02-26,83.9892349243164,91.20919036865234,83.9892349243164,89.75740814208984,72.98820495605469,4669749
2010-03-02,91.97892761230469,94.12250518798828,90.71227264404297,91.99842071533203,74.81055450439453,1950817
2010-03-03,91.58918762207031,93.5184097290039,88.98766326904297,89.95227813720703,73.14669799804688,1269575
2010-03-04,88.393310546875,91.38457489013672,88.393310546875,90.24458312988281,73.38436889648438,742420
2010-03-05,89.8353500366211,91.19944763183594,88.393310546875,89.98150634765625,73.17046356201172,581067
2010-03-08,91.00457763671875,93.63533020019531,90.07894134521484,92.6902084350586,75.37312316894531,1053278
2010-03-09,93.53789520263672,99.13068389892578,93.14815521240234,98.32196807861328,79.95268249511719,1807512
2010-03-10,98.32196807861328,99.3645248413086,96.53890228271484,97.79582214355469,79.52486419677734,3791931
2010-03-11,96.57787322998047,99.5788803100586,95.60352325439453,98.06863403320312,79.7466812133789,925609
2010-03-12,99.1696548461914,99.37427520751953,96.46095275878906,97.33787536621094,79.15245819091797,8041155
2010-03-15,97.43531036376953,98.0199203491211,93.54763793945312,95.95429229736328,78.02738189697266,796882
2010-03-16,96.55838775634766,97.43531036376953,96.45121002197266,97.04556274414062,78.91474151611328,156016
2010-03-17,96.12967681884766,99.9686279296875,96.12967681884766,99.159912109375,80.63408660888672,373601
2010-03-18,99.77375793457031,100.35836791992188,97.43531036376953,99.6470947265625,81.03024291992188,948413
2010-03-19,98.60453033447266,100.14401245117188,97.33787536621094,98.81888580322266,80.35678100585938,2899944
2010-03-22,98.07837677001953,98.31222534179688,95.70095825195312,97.18197631835938,79.02568054199219,536407
2010-03-23,96.85069274902344,97.9224853515625,95.49634552001953,96.45121002197266,78.43144989013672,5651662
2010-03-25,95.48660278320312,100.94297790527344,95.48660278320312,99.14042663574219,80.61825561523438,1001397
2010-03-26,99.9686279296875,101.70297241210938,98.99427032470703,100.91374206542969,82.06025695800781,1276026
2010-03-29,101.33271789550781,106.6332015991211,100.94297790527344,105.405517578125,85.71285247802734,6087639
2010-03-30,106.57473754882812,108.34806060791016,99.77375793457031,101.58605194091797,82.6069564819336,882154
2010-03-31,102.83322143554688,105.81474304199219,101.6250228881836,102.62861633300781,83.45475006103516,1450511
2010-04-01,101.72245788574219,103.4762954711914,101.72245788574219,102.19989776611328,83.10612487792969,369573
2010-04-05,102.19989776611328,105.23013305664062,98.99427032470703,103.0475845336914,83.7954330444336,816629
2010-04-06,103.28142547607422,105.23013305664062,102.31681823730469,105.16193389892578,85.51476287841797,610481
2010-04-07,105.23013305664062,107.17884063720703,105.03526306152344,106.60397338867188,86.6874008178711,3867437
2010-04-08,108.00703430175781,108.00703430175781,104.31423950195312,107.08140563964844,87.07563018798828,415367
2010-04-09,108.00703430175781,109.8095932006836,105.619873046875,108.9034423828125,88.5572738647461,2966984
2010-04-12,108.15319061279297,109.88754272460938,106.20448303222656,109.03984832763672,88.66817474365234,1473295
2010-04-13,110.06291961669922,110.06291961669922,105.66859436035156,108.17267608642578,87.9630355834961,1756237
2010-04-15,108.73780059814453,111.8557357788086,108.73780059814453,110.47215270996094,89.83287811279297,2864105
2010-04-16,110.80342864990234,111.6608657836914,108.15319061279297,108.85472869873047,88.51761627197266,358396
2010-04-19,108.1921615600586,109.51728820800781,107.17884063720703,108.4844741821289,88.216552734375,236988
2010-04-20,108.1921615600586,111.46599578857422,107.19832611083984,109.56600189208984,89.09603881835938,223173
2010-04-21,108.73780059814453,112.05060577392578,107.45166015625,108.54293060302734,88.26412200927734,318965
2010-04-22,108.54293060302734,108.54293060302734,107.17884063720703,107.92908477783203,87.76493072509766,250817
2010-04-23,109.0008773803711,109.0008773803711,101.35220336914062,102.47270965576172,83.3279800415039,1176000
2010-04-26,104.22654724121094,109.08856964111328,102.30707550048828,107.32498931884766,87.27369689941406,900366
2010-04-27,108.1921615600586,108.99113464355469,104.25577545166016,105.22039031982422,85.56229400634766,3037225
2010-04-28,104.0511703491211,104.64552307128906,102.89168548583984,103.466552734375,84.1361312866211,2951522
2010-04-29,104.2752685546875,105.99987030029297,101.72245788574219,102.59938049316406,83.43096923828125,488893
2010-04-30,104.4896240234375,112.24547576904297,104.19731903076172,110.58907318115234,89.92797088623047,3714941
2010-05-03,113.0054702758789,114.29161834716797,109.47830963134766,111.94342803955078,91.02928924560547,1431678
2010-05-04,113.80443572998047,117.87723541259766,109.712158203125,115.59725189208984,94.00050354003906,2695018
2010-05-05,114.58392333984375,117.78954315185547,111.30035400390625,116.62032318115234,94.83240509033203,406900
2010-05-06,116.53263092041016,119.82594299316406,114.99314880371094,118.6372299194336,96.47250366210938,801485
2010-05-07,117.13672637939453,117.67261505126953,111.69009399414062,113.47315979003906,92.2732162475586,1286715
2010-05-10,112.44034576416016,115.93827056884766,109.1275405883789,109.99472045898438,89.44463348388672,1230914
2010-05-11,109.69267272949219,112.59624481201172,104.30449676513672,105.834228515625,86.06146240234375,12036473
2010-05-12,108.73780059814453,125.69154357910156,102.52143096923828,103.95372772216797,84.53229522705078,6834026
2010-05-13,104.73321533203125,108.9131851196289,104.73321533203125,106.97422790527344,86.98849487304688,2453766
2010-05-14,108.11421966552734,112.05060577392578,105.6296157836914,110.9593276977539,90.22904968261719,1959022
2010-05-17,110.88137817382812,111.0567626953125,106.80858612060547,107.6757583618164,87.55894470214844,504155
2010-05-18,106.20448303222656,108.15319061279297,105.23013305664062,106.91576385498047,86.94091796875,1247063
2010-05-19,107.17884063720703,107.17884063720703,102.71630096435547,104.01219177246094,84.579833984375,1001361
2010-05-20,102.94039916992188,106.19474029541016,102.94039916992188,104.56757354736328,85.03144836425781,2257544
2010-05-21,103.2424545288086,107.17884063720703,102.89168548583984,105.74654388427734,85.99017333984375,1240397
2010-05-24,108.93267059326172,108.93267059326172,104.25577545166016,106.16551208496094,86.33082580566406,412268
2010-05-25,103.6906509399414,106.20448303222656,102.30707550048828,104.09988403320312,84.6511459350586,454855
2010-05-26,105.75628662109375,105.75628662109375,102.30707550048828,103.1352767944336,83.86673736572266,766395
2010-05-27,102.89168548583984,105.19115447998047,102.89168548583984,103.93423461914062,84.51644134521484,279867
2010-05-28,106.00961303710938,111.83624267578125,104.4993667602539,108.65985870361328,88.35918426513672,1417904
2010-05-31,108.65985870361328,112.05060577392578,107.7829360961914,111.5536880493164,90.71236419677734,504893
2010-06-01,111.6608657836914,114.73981475830078,111.32958221435547,112.63521575927734,91.59182739257812,3799033
2010-06-02,113.0054702758789,114.97366333007812,111.2711181640625,113.74597930908203,92.49505615234375,1719068
2010-06-03,114.67161560058594,114.76905059814453,112.294189453125,113.14187622070312,92.63867950439453,1042122
2010-06-04,113.77520751953125,113.99931335449219,112.34291076660156,113.94084930419922,93.29287719726562,702768
2010-06-07,111.2711181640625,113.51213073730469,111.07624816894531,112.83982849121094,92.391357421875,163123
2010-06-08,111.61214447021484,114.58392333984375,111.61214447021484,113.85315704345703,93.2210464477539,1683255
2010-06-09,114.38905334472656,114.38905334472656,111.46599578857422,113.34649658203125,92.80620574951172,3498464
2010-06-10,114.91519927978516,116.82493591308594,113.2198257446289,113.9213638305664,93.27688598632812,214737
2010-06-11,108.4747314453125,115.3634033203125,108.4747314453125,114.82750701904297,94.01882934570312,1036297
2010-06-14,114.82750701904297,114.97366333007812,112.63521575927734,113.38545989990234,92.838134765625,228192
2010-06-15,113.60956573486328,114.58392333984375,112.63521575927734,113.75572204589844,93.14128875732422,209077
2010-06-16,113.99931335449219,114.97366333007812,113.2198257446289,114.7105941772461,93.92311096191406,154928
2010-06-17,114.77879333496094,115.55827331542969,114.0285415649414,115.06135559082031,94.2103042602539,1060719
2010-06-18,114.97366333007812,117.3121109008789,113.51213073730469,115.90904235839844,94.90438079833984,1005657
2010-06-21,107.17884063720703,117.85774993896484,107.17884063720703,116.5033950805664,95.39102172851562,1557736
2010-06-22,115.94801330566406,117.89672088623047,115.3731460571289,116.600830078125,95.4708251953125,1188624
2010-06-23,116.92237091064453,117.87723541259766,116.33775329589844,116.55211639404297,95.43090057373047,685177
2010-06-24,116.92237091064453,117.70185089111328,115.55827331542969,117.05877685546875,95.84577178955078,206742
2010-06-25,115.19776916503906,116.72750091552734,112.24547576904297,112.84957122802734,92.39934539794922,875375
2010-06-28,111.2711181640625,114.25263977050781,109.43933868408203,112.1967544555664,91.86483001708984,749179
2010-06-29,112.45008850097656,115.94801330566406,111.12496948242188,113.80443572998047,93.18115997314453,1599143
2010-06-30,111.07624816894531,114.60340881347656,111.07624816894531,112.32342529296875,91.96855163574219,1059082
2010-07-01,111.6608657836914,115.73365783691406,111.6608657836914,115.52903747558594,94.59322357177734,488257
2010-07-02,114.58392333984375,116.0551986694336,113.80443572998047,114.06751251220703,93.39656066894531,140606
2010-07-05,112.24547576904297,116.49365234375,112.24547576904297,113.7947006225586,93.17320251464844,111232
2010-07-06,114.73007202148438,114.73007202148438,113.3270034790039,113.86289978027344,93.22904205322266,74244
2010-07-07,113.99931335449219,116.12339782714844,113.46341705322266,115.41212463378906,94.49750518798828,975005
2010-07-08,116.53263092041016,117.67261505126953,115.4608383178711,116.46442413330078,95.3591079711914,291767
2010-07-09,115.38288879394531,116.7080078125,114.77879333496094,115.41212463378906,94.49750518798828,1614112
2010-07-12,113.25880432128906,116.6982650756836,113.25880432128906,116.08442687988281,95.0479965209961,351679
2010-07-13,116.33775329589844,116.89313507080078,114.21366882324219,116.30852508544922,95.23148345947266,383202
2010-07-14,116.82493591308594,117.89672088623047,115.16853332519531,116.23058319091797,95.16764068603516,1850012
2010-07-15,117.70185089111328,117.77980041503906,115.16853332519531,115.3731460571289,94.46558380126953,368916
2010-07-16,115.3731460571289,116.53263092041016,114.97366333007812,116.13314819335938,95.0878677368164,604472
2010-07-19,115.0516128540039,117.5069808959961,115.0516128540039,116.96134185791016,95.7659912109375,254476
2010-07-20,117.67261505126953,117.89672088623047,115.41212463378906,117.60441589355469,96.29254150390625,2104755
2010-07-21,114.018798828125,118.48133087158203,114.018798828125,116.95160675048828,95.75801086425781,1724267
2010-07-22,116.93211364746094,118.13056945800781,115.16853332519531,116.35724639892578,95.2713851928711,1925056
2010-07-23,117.91620635986328,126.76333618164062,117.89672088623047,123.32386779785156,100.97553253173828,8185159
2010-07-26,124.69770812988281,126.66590118408203,123.74284362792969,124.9023208618164,102.26790618896484,1259492
2010-07-27,125.10693359375,129.74485778808594,123.74284362792969,129.4915313720703,106.02550506591797,1894349
2010-07-28,129.67665100097656,130.93356323242188,127.73768615722656,129.3258819580078,105.8898696899414,1399338
2010-07-29,129.6084442138672,129.6084442138672,123.25566101074219,126.60743713378906,103.66407012939453,748624
2010-07-30,127.9520492553711,129.735107421875,125.69154357910156,128.8971710205078,105.53882598876953,1445959
2010-08-02,129.0043487548828,136.409423828125,127.65973663330078,135.01609802246094,110.54891967773438,1978235
2010-08-03,137.1889190673828,141.44683837890625,136.03916931152344,138.45556640625,113.36511993408203,4286859
2010-08-04,137.4032745361328,139.61505126953125,134.8699493408203,135.8930206298828,111.26692962646484,1572227
2010-08-05,135.43507385253906,136.93557739257812,133.4863739013672,135.62994384765625,111.05149841308594,1986302
2010-08-06,135.62994384765625,141.08631896972656,133.98329162597656,138.14378356933594,113.10979461669922,4070875
2010-08-09,139.52735900878906,141.08631896972656,137.75404357910156,140.72581481933594,115.22393035888672,1219896
2010-08-10,141.57350158691406,141.6514434814453,136.61404418945312,137.33506774902344,112.44768524169922,1651736
2010-08-11,139.29351806640625,145.66578674316406,137.39352416992188,141.32017517089844,115.71062469482422,2415197
2010-08-12,141.32017517089844,145.76321411132812,141.32017517089844,143.9314422607422,117.84864044189453,4916780
2010-08-13,144.593994140625,144.6719512939453,138.95249938964844,139.7709503173828,114.44209289550781,1361421
2010-08-16,139.33248901367188,140.24838256835938,133.58380126953125,135.29867553710938,110.7802734375,1823738
2010-08-17,136.3899383544922,138.35813903808594,131.8397216796875,137.490966796875,112.57530975341797,1619433
2010-08-18,138.7478790283203,140.3068389892578,137.6858367919922,138.62120056152344,113.50069427490234,827261
2010-08-19,139.33248901367188,143.61964416503906,139.14736938476562,142.6355438232422,116.78759002685547,3332103
2010-08-20,143.6099090576172,151.80421447753906,141.1837615966797,150.196533203125,122.97843170166016,3340693
2010-08-23,150.2452392578125,151.99908447265625,146.64988708496094,149.55345153808594,122.45182037353516,3395878
2010-08-24,149.07601928710938,155.45803833007812,149.07601928710938,154.06471252441406,126.14561462402344,10441502
2010-08-25,155.0195770263672,155.31187438964844,146.1529541015625,146.69859313964844,120.11436462402344,1808502
2010-08-26,147.2344970703125,147.90679931640625,141.47605895996094,143.5417022705078,117.529541015625,3337753
2010-08-27,143.61964416503906,146.26988220214844,143.2299041748047,145.2955322265625,118.96554565429688,667725
2010-08-30,146.1529541015625,147.27346801757812,141.30068969726562,143.3760528564453,117.3938980102539,2521293
2010-08-31,141.66119384765625,142.06068420410156,138.76736450195312,139.91709899902344,114.5617446899414,4121883
2010-09-01,140.501708984375,141.8463134765625,139.93658447265625,141.33966064453125,115.7265396118164,1179125
2010-09-02,144.10682678222656,146.68885803222656,141.6709442138672,145.56834411621094,119.18892669677734,766108
2010-09-03,147.1078338623047,149.03704833984375,142.7816925048828,143.34681701660156,117.3699951171875,1073773
2010-09-06,147.1078338623047,147.1078338623047,143.71707153320312,145.7437286376953,119.33253479003906,300645
2010-09-07,145.76321411132812,146.50372314453125,144.3991241455078,145.2078399658203,118.89373016357422,377029
2010-09-08,146.0262908935547,146.89346313476562,144.593994140625,145.4221954345703,119.06926727294922,406433
2010-09-09,147.1273193359375,151.04421997070312,146.1529541015625,149.65089416503906,122.5316390991211,1804802
2010-09-13,149.65089416503906,156.870849609375,149.65089416503906,154.85394287109375,126.79179382324219,3771979
2010-09-14,156.6759796142578,156.6857147216797,152.38882446289062,153.9088134765625,126.01793670654297,18034376
2010-09-15,154.66880798339844,155.78932189941406,152.992919921875,155.2826385498047,127.1427993774414,781000
2010-09-16,153.94778442382812,155.83802795410156,152.82728576660156,153.207275390625,125.44353485107422,1895760
2010-09-17,153.94778442382812,155.50674438476562,149.6898651123047,150.94677734375,123.59270477294922,1818344
2010-09-20,151.99908447265625,157.65032958984375,150.4401092529297,155.67239379882812,127.46192169189453,1267574
2010-09-21,156.11085510253906,156.8318634033203,150.2452392578125,151.6288299560547,124.1511459350586,3176117
2010-09-22,153.3534393310547,153.3534393310547,149.12474060058594,150.2647247314453,123.03424835205078,648378
2010-09-23,150.0503692626953,150.9175567626953,145.9580841064453,148.14064025878906,121.29512786865234,813965
2010-09-24,147.1468048095703,149.8165283203125,146.1529541015625,147.6826934814453,120.92008209228516,3967468
2010-09-27,148.1990966796875,151.74574279785156,148.1990966796875,150.08935546875,122.89060974121094,858908
2010-09-28,150.82984924316406,152.62266540527344,149.50473022460938,150.3037109375,123.066162109375,1244892
2010-09-29,150.63497924804688,151.60934448242188,148.4914093017578,150.3037109375,123.066162109375,968981
2010-09-30,150.3037109375,151.96011352539062,148.29653930664062,151.1806182861328,123.78413391113281,1959048
2010-10-01,151.4144744873047,155.7016143798828,151.0247344970703,154.5323944091797,126.52850341796875,1401494
2010-10-04,153.55804443359375,155.06829833984375,151.29754638671875,152.72984313964844,125.0526351928711,838951
2010-10-05,153.26573181152344,156.6759796142578,152.5934295654297,154.7370147705078,126.69609832763672,5519534
2010-10-06,154.92213439941406,156.656494140625,152.5934295654297,152.96368408203125,125.24408721923828,545423
2010-10-07,154.1426544189453,156.09136962890625,152.25241088867188,152.68112182617188,125.01272583007812,855737
2010-10-08,152.68112182617188,155.0195770263672,151.42420959472656,152.349853515625,124.7414779663086,3726380
2010-10-11,153.5093231201172,156.28623962402344,153.3534393310547,155.4385528564453,127.27050018310547,5040082
2010-10-12,155.896484375,156.07186889648438,150.08935546875,151.87240600585938,124.35057830810547,968894
2010-10-13,152.9734344482422,152.9734344482422,147.51705932617188,148.2770538330078,121.40674591064453,2555326
2010-10-14,148.92987060546875,150.4303741455078,148.10166931152344,149.80677795410156,122.65931701660156,786696
2010-10-15,152.85650634765625,152.85650634765625,147.71192932128906,148.37448120117188,121.48655700683594,723772
2010-10-18,149.27088928222656,150.5472869873047,146.1529541015625,149.99191284179688,122.81085205078125,567068
2010-10-19,150.63497924804688,151.01498413085938,147.90679931640625,148.20884704589844,121.35091400146484,326011
2010-10-20,151.0247344970703,151.0247344970703,147.1273193359375,147.54629516601562,120.80841064453125,292922
2010-10-21,147.3221893310547,150.4401092529297,147.1273193359375,149.6021728515625,122.49176025390625,886557
2010-10-22,150.0308837890625,150.0503692626953,147.56576538085938,147.9555206298828,121.14350891113281,1141280
2010-10-25,149.85549926757812,150.0503692626953,148.1114044189453,149.37806701660156,122.30824279785156,232954
2010-10-26,150.2452392578125,152.2913818359375,149.27088928222656,151.42420959472656,123.98358917236328,2346854
2010-10-27,153.55804443359375,159.28724670410156,152.38882446289062,157.8744354248047,129.2649688720703,8488385
2010-10-28,158.81954956054688,166.4195098876953,158.81954956054688,164.2661895751953,134.49839782714844,10096129
2010-10-29,165.4256591796875,172.85023498535156,162.7072296142578,171.7589569091797,140.6333770751953,3028163
2010-11-01,173.8245849609375,174.99380493164062,166.6143798828125,168.50462341308594,137.96875,1240643
2010-11-02,170.3071746826172,170.3071746826172,161.06056213378906,165.3964385986328,135.423828125,1166343
2010-11-03,166.60462951660156,172.0707550048828,165.3964385986328,170.71640014648438,139.77975463867188,2445617
2010-11-04,173.43484497070312,174.40919494628906,171.48614501953125,174.08766174316406,142.54006958007812,767637
2010-11-08,172.10972595214844,174.21432495117188,169.5374298095703,170.07333374023438,139.6439666748047,1565808
2010-11-09,170.07333374023438,170.47280883789062,166.02976989746094,169.52769470214844,139.19593811035156,1326382
2010-11-10,169.52769470214844,172.63587951660156,167.82257080078125,169.52769470214844,139.19593811035156,226586
2010-11-11,171.0574188232422,171.44717407226562,166.6338653564453,168.3682098388672,138.24392700195312,4219810
2010-11-12,166.22463989257812,170.6871795654297,164.29541015625,165.88360595703125,136.20384216308594,3172181
2010-11-15,166.4195098876953,166.4195098876953,160.0082550048828,163.01901245117188,133.851806640625,1031838
2010-11-16,164.66566467285156,166.02976989746094,159.89134216308594,162.74620056152344,133.6278076171875,580302
2010-11-18,163.49644470214844,165.3964385986328,159.01441955566406,162.39541625976562,133.33978271484375,1824169
2010-11-19,161.74261474609375,161.74261474609375,156.28623962402344,156.9390411376953,128.8596649169922,1297979
2010-11-22,156.63699340820312,164.41233825683594,154.72726440429688,163.2236328125,134.0198516845703,3018618
2010-11-23,163.6718292236328,163.68157958984375,157.84519958496094,161.56723022460938,132.65977478027344,4417371
2010-11-24,162.38568115234375,166.01028442382812,161.95697021484375,163.28208923339844,134.0677947998047,1581962
2010-11-25,163.51593017578125,163.61337280273438,148.686279296875,150.88832092285156,123.89154815673828,2794418
2010-11-26,150.1770477294922,154.5323944091797,146.1529541015625,147.09808349609375,120.77946472167969,2225507
2010-11-29,152.46676635742188,152.778564453125,147.99449157714844,150.25498962402344,123.37149047851562,1799573
2010-11-30,150.4401092529297,162.49285888671875,149.07601928710938,158.3421173095703,130.01168823242188,3940383
2010-12-01,158.6441650390625,162.13235473632812,158.6246795654297,159.95953369140625,131.33973693847656,1030884
2010-12-02,161.34312438964844,165.64002990722656,160.963134765625,165.33798217773438,135.755859375,2311928
2010-12-03,166.22463989257812,168.53384399414062,163.30157470703125,166.7507781982422,136.91587829589844,2622278
2010-12-06,169.34255981445312,169.34255981445312,159.0728759765625,161.6256866455078,132.70774841308594,1368774
2010-12-07,159.81338500976562,164.0810546875,151.80421447753906,153.62625122070312,126.13955688476562,2415330
2010-12-08,151.60934448242188,153.94778442382812,142.45042419433594,143.88272094726562,118.13935089111328,3524569
2010-12-09,147.1273193359375,147.1273193359375,136.41917419433594,140.7550506591797,115.5712890625,2453068
2010-12-10,140.3068389892578,146.1529541015625,133.505859375,139.81967163085938,114.80326843261719,8028137
2010-12-13,142.91810607910156,143.81451416015625,137.5786590576172,140.27760314941406,115.17925262451172,6126028
2010-12-14,140.3068389892578,152.9734344482422,139.40069580078125,151.1319122314453,124.09151458740234,4566517
2010-12-15,151.47293090820312,153.9088134765625,148.3939666748047,151.3267822265625,124.25155639648438,2379286
2010-12-16,151.99908447265625,151.99908447265625,147.24423217773438,150.14781188964844,123.28350830078125,1019799
2010-12-20,150.0503692626953,150.59600830078125,141.48580932617188,149.114990234375,122.43548583984375,2537493
2010-12-21,149.27088928222656,150.0503692626953,145.22732543945312,145.94834899902344,119.83540344238281,2476956
2010-12-22,145.94834899902344,151.20010375976562,145.39295959472656,149.95294189453125,123.12350463867188,1063808
2010-12-23,151.80421447753906,164.61695861816406,150.25498962402344,151.81394958496094,124.65155029296875,1848077
2010-12-24,155.7016143798828,155.7016143798828,149.5826873779297,151.69703674316406,124.5555419921875,1884019
2010-12-27,151.99908447265625,151.99908447265625,149.68011474609375,150.9272918701172,123.92352294921875,422706
2010-12-28,151.0247344970703,151.99908447265625,150.08935546875,150.89805603027344,123.89949035644531,983421
2010-12-29,151.70677185058594,151.78472900390625,150.06011962890625,150.60574340820312,123.65953063964844,208800
2010-12-30,151.60934448242188,151.97959899902344,150.67396545410156,151.04421997070312,124.01953125,800295
2010-12-31,151.0247344970703,153.421630859375,150.6544647216797,152.2036895751953,124.9715576171875,2446997
2011-01-03,152.0965118408203,156.41290283203125,151.09292602539062,152.60317993164062,125.29955291748047,268044
2011-01-04,154.70777893066406,154.70777893066406,151.0247344970703,151.94061279296875,124.75553131103516,870110
2011-01-05,152.65188598632812,152.65188598632812,148.10166931152344,148.91038513183594,122.26747131347656,661279
2011-01-06,148.8811492919922,148.8811492919922,140.6965789794922,144.21400451660156,118.41136932373047,2080749
2011-01-07,144.21400451660156,144.21400451660156,137.0914764404297,138.86480712890625,114.01924133300781,3682884
2011-01-10,138.7478790283203,140.11196899414062,137.5786590576172,139.8391571044922,114.81928253173828,1546261
2011-01-11,140.11196899414062,141.86581420898438,137.3837890625,138.2606964111328,113.52318572998047,713247
2011-01-12,138.2606964111328,141.57350158691406,138.2606964111328,140.82325744628906,115.62728881835938,3371283
2011-01-13,140.6965789794922,147.01039123535156,139.21556091308594,144.15553283691406,118.36335754394531,2806231
2011-01-14,144.15553283691406,145.15911865234375,140.501708984375,141.44683837890625,116.1392822265625,439045
2011-01-17,141.47605895996094,145.9580841064453,139.91709899902344,145.5391082763672,119.49935913085938,584864
2011-01-18,146.1529541015625,148.95909118652344,145.76321411132812,148.48167419433594,121.91545867919922,584054
2011-01-19,148.4914093017578,149.85549926757812,143.2493896484375,145.55860900878906,119.51537322998047,1686909
2011-01-20,140.6965789794922,146.0847625732422,140.6965789794922,144.6816864013672,118.79540252685547,576993
2011-01-21,142.64529418945312,144.3991241455078,140.3750457763672,140.82325744628906,115.62728881835938,399059
2011-01-24,140.3068389892578,141.6709442138672,139.33248901367188,140.9109344482422,115.6992416381836,735831
2011-01-25,142.08016967773438,142.08016967773438,140.501708984375,141.24221801757812,115.9713134765625,1287792
2011-01-27,141.5052947998047,141.5052947998047,139.7709503173828,140.59915161132812,115.4432601928711,1268959
2011-01-28,142.02169799804688,142.02169799804688,129.0043487548828,136.30226135253906,111.91521453857422,4080250
2011-01-31,136.2145538330078,139.33248901367188,132.31715393066406,133.827392578125,109.88311767578125,1911057
2011-02-01,135.81507873535156,136.31199645996094,129.5987091064453,131.53765869140625,108.00308227539062,1072044
2011-02-02,136.2145538330078,136.2145538330078,127.17256164550781,128.91665649414062,105.85103607177734,1107309
2011-02-03,128.61460876464844,131.53765869140625,126.66590118408203,130.50485229492188,107.1550521850586,725835
2011-02-04,132.51202392578125,133.43765258789062,130.36843872070312,131.43048095703125,107.9150619506836,2020412
2011-02-07,131.4402313232422,133.47662353515625,130.61203002929688,132.74586486816406,108.99510192871094,4245704
2011-02-08,134.46072387695312,134.46072387695312,132.1807403564453,133.17457580566406,109.34712982177734,2320052
2011-02-09,134.46072387695312,134.46072387695312,126.66590118408203,132.79458618164062,109.03509521484375,1546544
2011-02-10,132.79458618164062,134.55816650390625,132.51202392578125,133.46688842773438,109.58711242675781,3155350
2011-02-11,133.49610900878906,136.409423828125,132.51202392578125,134.49969482421875,110.43513488769531,4566655
2011-02-14,135.7858428955078,137.1889190673828,134.80174255371094,136.09764099121094,111.74722290039062,910491
2011-02-15,137.16943359375,139.6248016357422,136.409423828125,138.71864318847656,113.89927673339844,1677682
2011-02-16,138.42633056640625,140.11196899414062,137.82223510742188,139.80992126464844,114.7952651977539,596570
2011-02-17,139.72222900390625,147.90679931640625,138.39710998535156,146.4062957763672,120.21141815185547,1170925
2011-02-18,146.5524444580078,147.7898712158203,144.41860961914062,146.61090087890625,120.37939453125,1856667
2011-02-21,145.56834411621094,150.63497924804688,144.21400451660156,148.94935607910156,122.29949951171875,2280164
2011-02-22,149.85549926757812,151.0247344970703,145.39295959472656,147.71192932128906,121.283447265625,926450
2011-02-23,144.22373962402344,149.0272979736328,144.22373962402344,148.1309051513672,121.62742614746094,1510822
2011-02-24,148.51089477539062,149.45602416992188,143.81451416015625,146.9129638671875,120.62748718261719,4157897
2011-02-25,149.05653381347656,149.54371643066406,141.32017517089844,146.59141540527344,120.36341094970703,808356
2011-02-28,146.59141540527344,151.0247344970703,142.08016967773438,145.33450317382812,119.33139038085938,1839050
2011-03-01,147.00064086914062,151.3072967529297,145.17860412597656,150.38165283203125,123.47551727294922,992715
2011-03-03,148.29653930664062,153.16830444335938,147.90679931640625,151.5411376953125,124.42754364013672,1314692
2011-03-04,155.50674438476562,160.2615966796875,152.01856994628906,155.96469116210938,128.0596466064453,4627906
2011-03-07,154.6395721435547,155.0877685546875,151.60934448242188,152.49600219726562,125.21153259277344,645761
2011-03-08,152.778564453125,152.778564453125,150.1185760498047,151.97959899902344,124.78752136230469,887209
2011-03-09,153.36317443847656,153.6944580078125,151.2196044921875,152.2913818359375,125.04354858398438,544376
2011-03-10,153.16830444335938,153.16830444335938,151.053955078125,151.99908447265625,124.80357360839844,324369
2011-03-11,153.635986328125,153.9088134765625,150.2452392578125,151.20010375976562,124.14755249023438,1213384
2011-03-14,150.2452392578125,150.2452392578125,146.747314453125,147.65345764160156,121.23542022705078,629838
2011-03-15,142.5673370361328,145.9580841064453,140.501708984375,141.37863159179688,116.08328247070312,1755026
2011-03-16,141.68067932128906,143.20066833496094,138.57249450683594,140.287353515625,115.18724822998047,3913088
2011-03-17,138.78684997558594,142.8206787109375,138.35813903808594,140.6965789794922,115.52326965332031,1209279
2011-03-18,140.9011993408203,145.37347412109375,140.287353515625,143.58067321777344,117.89134216308594,5855331
2011-03-21,144.5063018798828,145.75347900390625,143.42477416992188,144.17501831054688,118.37935638427734,257370
2011-03-22,145.2078399658203,151.80421447753906,144.3991241455078,151.1611328125,124.11548614501953,2027735
2011-03-23,151.4144744873047,152.564208984375,150.2452392578125,151.2390899658203,124.17953491210938,573247
2011-03-24,153.10984802246094,153.10984802246094,145.47091674804688,148.62782287597656,122.03546142578125,1580238
2011-03-25,148.67654418945312,151.99908447265625,146.1334686279297,150.88832092285156,123.89154815673828,1200565
2011-03-28,152.87599182128906,155.19496154785156,151.053955078125,154.54214477539062,126.89158630371094,1375215
2011-03-29,155.49700927734375,155.50674438476562,151.12216186523438,152.13548278808594,124.91551971435547,1819858
2011-03-30,154.88316345214844,154.88316345214844,149.5826873779297,150.4303741455078,123.5155258178711,614366
2011-03-31,147.15655517578125,156.6759796142578,147.15655517578125,155.11700439453125,127.36360931396484,5625722
2011-04-01,157.84519958496094,157.84519958496094,153.59701538085938,153.96726989746094,126.41957092285156,2232563
2011-04-04,157.84519958496094,165.58155822753906,154.72726440429688,155.94520568847656,128.0436248779297,1999598
2011-04-05,155.94520568847656,159.20928955078125,155.94520568847656,158.57595825195312,130.20372009277344,1972103
2011-04-06,158.7221221923828,159.7938995361328,157.28982543945312,158.3031463623047,129.97967529296875,1606163
2011-04-07,158.3031463623047,159.28724670410156,156.96827697753906,158.74160766601562,130.3396759033203,1061268
2011-04-08,157.84519958496094,159.59902954101562,156.28623962402344,159.46263122558594,130.93167114257812,2498139
2011-04-11,159.69647216796875,159.7744140625,157.2800750732422,158.1959686279297,129.89169311523438,1453513
2011-04-13,159.38467407226562,159.38467407226562,156.8903350830078,158.58570861816406,130.21168518066406,858405
2011-04-15,159.01441955566406,162.5220947265625,157.26058959960938,160.74876403808594,131.9877471923828,3816398
2011-04-18,160.68057250976562,161.50875854492188,158.0887908935547,159.9010772705078,131.2917022705078,1115406
2011-04-19,159.78416442871094,160.33953857421875,157.86468505859375,158.6636505126953,130.27565002441406,1031530
2011-04-20,158.25442504882812,161.35287475585938,158.25442504882812,160.85595703125,132.07569885253906,369316
2011-04-21,161.72312927246094,161.72312927246094,157.84519958496094,158.7318572998047,130.3317108154297,716916
2011-04-25,158.6246795654297,159.76466369628906,157.1728973388672,157.63084411621094,129.42767333984375,371128
2011-04-26,154.94161987304688,159.7938995361328,154.3570098876953,155.94520568847656,128.0436248779297,2748936
2011-04-27,159.76466369628906,159.76466369628906,156.01341247558594,157.66006469726562,129.45162963867188,1736470
2011-04-28,159.58929443359375,159.58929443359375,153.0124053955078,155.6139373779297,127.77163696289062,1759695
2011-04-29,159.345703125,159.345703125,150.48883056640625,151.00523376464844,123.98753356933594,3234469
2011-05-02,153.26573181152344,153.36317443847656,142.6258087158203,143.50271606445312,117.82737731933594,2351226
2011-05-03,146.1334686279297,146.1334686279297,138.9427490234375,139.3714599609375,114.43524932861328,2701992
2011-05-04,136.85763549804688,140.3068389892578,129.35511779785156,130.61203002929688,107.24304962158203,4880971
2011-05-05,130.6217803955078,130.9530487060547,118.25723266601562,118.59825897216797,97.37876892089844,11798946
2011-05-06,121.79413604736328,128.13717651367188,119.40696716308594,127.24076843261719,104.4749755859375,12045433
2011-05-09,127.153076171875,131.51817321777344,125.77924346923828,126.87051391601562,104.17096710205078,7234348
2011-05-10,127.10436248779297,128.7899932861328,126.08129119873047,126.65615844726562,103.99495697021484,5011694
2011-05-11,131.34278869628906,143.7852783203125,125.2238540649414,126.2274398803711,103.6429672241211,2028007
2011-05-12,122.36900329589844,126.66590118408203,122.36900329589844,125.78897857666016,103.28292846679688,1921551
2011-05-13,125.78897857666016,126.66590118408203,119.71875762939453,124.69770812988281,102.38692474365234,2151940
2011-05-16,127.62076568603516,127.62076568603516,118.87107849121094,120.15721893310547,98.65882873535156,5885099
2011-05-17,121.95977020263672,126.98744201660156,121.91105651855469,124.54180908203125,102.2589111328125,10109666
2011-05-18,124.95103454589844,132.84329223632812,124.95103454589844,129.83255004882812,106.60303497314453,9492159
2011-05-19,132.64842224121094,133.66175842285156,129.6084442138672,130.66075134277344,107.28305053710938,4176222
2011-05-20,130.8458709716797,134.84072875976562,130.5438232421875,133.75918579101562,109.82711791992188,2757208
2011-05-23,133.87611389160156,139.1376190185547,133.7007293701172,137.7248077392578,113.0832290649414,5579481
2011-05-24,138.348388671875,147.4683380126953,138.348388671875,145.54885864257812,119.50740814208984,7114392
2011-05-25,146.532958984375,152.87599182128906,135.4643096923828,136.45814514160156,112.0431900024414,14715440
2011-05-26,136.62379455566406,141.86581420898438,131.9663848876953,140.4335174560547,115.30731964111328,9210316
2011-05-27,137.3837890625,140.501708984375,135.24020385742188,136.50686645507812,112.08317565917969,7346228
2011-05-30,137.1889190673828,139.90736389160156,134.67507934570312,136.409423828125,112.00318145751953,10007830
2011-05-31,133.15509033203125,140.11196899414062,132.76535034179688,137.0232696533203,112.50719451904297,46269623
2011-06-01,137.4324951171875,139.4786376953125,136.41917419433594,136.9160919189453,112.4192123413086,2994674
2011-06-02,136.79917907714844,138.16326904296875,132.72637939453125,137.1109619140625,112.57920837402344,1916055
2011-06-03,138.55300903320312,139.0499267578125,135.43507385253906,136.64328002929688,112.1951904296875,3382028
2011-06-06,136.409423828125,137.44224548339844,135.7468719482422,136.84788513183594,112.36322784423828,2682005
2011-06-07,137.3837890625,137.88070678710938,132.90176391601562,133.34022521972656,109.4831314086914,2249949
2011-06-08,133.30123901367188,134.26585388183594,130.3099822998047,131.36228942871094,107.85906219482422,1330985
2011-06-09,131.6253662109375,131.73252868652344,123.21669006347656,124.80488586425781,102.47492218017578,3594174
2011-06-10,124.70745086669922,130.17356872558594,123.25566101074219,126.40282440185547,104.43922424316406,8183522
2011-06-13,126.40282440185547,126.40282440185547,122.39823150634766,123.67463684082031,102.18508911132812,5175926
2011-06-14,124.12284088134766,126.42230987548828,123.25566101074219,125.14591217041016,103.40071868896484,3307425
2011-06-15,125.30180358886719,125.56488037109375,122.83668518066406,123.71360778808594,102.2173080444336,2406129
2011-06-16,123.5479736328125,123.5479736328125,120.33260345458984,122.11567687988281,100.89703369140625,4417490
2011-06-17,122.2520751953125,124.30796813964844,120.43003845214844,120.86849975585938,99.8665542602539,1731040
2011-06-20,121.65772247314453,121.65772247314453,115.4803237915039,118.37416076660156,97.80561065673828,4510218
2011-06-21,122.7490005493164,124.71719360351562,114.94442749023438,117.35108184814453,96.9603042602539,2993545
2011-06-22,119.77722930908203,119.77722930908203,116.00647735595703,117.3023681640625,96.92007446289062,1273788
2011-06-23,116.52288818359375,118.87107849121094,115.3634033203125,115.76288604736328,95.64806365966797,4000562
2011-06-24,115.95775604248047,118.09159088134766,114.6521224975586,116.81519317626953,96.51753997802734,6623220
2011-06-27,115.94801330566406,117.91620635986328,114.0090560913086,117.06851959228516,96.72686004638672,3094894
2011-06-28,117.70185089111328,117.84800720214844,114.78853607177734,116.0551986694336,95.88957977294922,4112934
2011-06-29,117.14647674560547,119.63107299804688,115.49980926513672,117.28287506103516,96.90396118164062,2822529
2011-06-30,118.87107849121094,121.73567199707031,118.87107849121094,120.1669692993164,99.28691864013672,4480624
2011-07-01,122.35926055908203,129.91049194335938,118.28646087646484,127.60128021240234,105.42945098876953,9888684
2011-07-04,127.0556411743164,133.68124389648438,127.0556411743164,130.2222900390625,107.59504699707031,4254520
2011-07-05,131.50843811035156,133.78842163085938,130.5633087158203,132.70689392089844,109.64789581298828,3667689
2011-07-06,133.3791961669922,134.45098876953125,132.7848358154297,133.26226806640625,110.1068115234375,3087843
2011-07-07,134.26585388183594,134.6361083984375,128.82896423339844,131.77151489257812,108.87508392333984,2739391
2011-07-08,131.82997131347656,133.45713806152344,130.36843872070312,131.0504913330078,108.27933502197266,1433787
2011-07-11,126.66590118408203,131.27459716796875,126.3443603515625,128.00076293945312,105.7595443725586,1566095
2011-07-12,126.85102844238281,130.17356872558594,124.70745086669922,128.31256103515625,106.01715850830078,3271196
2011-07-13,130.55357360839844,133.68124389648438,129.3940887451172,132.96995544433594,109.86528015136719,1598111
2011-07-14,132.90176391601562,134.8309783935547,131.8592071533203,132.5022735595703,109.47884368896484,2438125
2011-07-15,132.32688903808594,134.64585876464844,131.14791870117188,133.14535522460938,110.01018524169922,1813146
2011-07-18,134.26585388183594,136.1073760986328,131.53765869140625,132.42433166503906,109.41447448730469,2153331
2011-07-19,132.9894561767578,133.9540557861328,132.41458129882812,132.93099975585938,109.83307647705078,581596
2011-07-20,134.46072387695312,134.46072387695312,132.7166290283203,133.2135467529297,110.06653594970703,679430
2011-07-21,131.00177001953125,134.69456481933594,130.7581787109375,134.09046936035156,110.79109191894531,1121929
2011-07-22,133.24278259277344,136.409423828125,133.24278259277344,136.18531799316406,112.52193450927734,2165662
2011-07-25,136.2145538330078,137.96839904785156,135.2791748046875,136.73097229003906,112.97274780273438,992237
2011-07-26,136.90635681152344,137.77352905273438,129.53050231933594,132.12228393554688,109.1648941040039,3594959
2011-07-27,133.08688354492188,133.08688354492188,127.20179748535156,129.949462890625,107.36961364746094,2936738
2011-07-28,127.60128021240234,132.0345916748047,126.04231262207031,129.7935791015625,107.2408447265625,4097159
2011-07-29,130.15408325195312,130.15408325195312,123.7525863647461,124.82437133789062,103.13506317138672,4430796
2011-08-01,126.26641845703125,127.58179473876953,121.4043960571289,122.30079650878906,101.04999542236328,3081778
2011-08-02,122.19361877441406,123.1582260131836,120.09876251220703,120.7028579711914,99.72967529296875,5956459
2011-08-03,118.48133087158203,119.79670715332031,114.74955749511719,115.90904235839844,95.7688217163086,4386715
2011-08-04,116.93211364746094,119.4556884765625,114.62289428710938,115.18801879882812,95.17310333251953,8377820
2011-08-05,113.99931335449219,119.26081848144531,108.26036834716797,118.73466491699219,98.10350036621094,2919480
2011-08-08,117.89672088623047,118.96851348876953,114.59366607666016,116.89313507080078,96.5819320678711,1082287
2011-08-09,113.02495574951172,117.78954315185547,109.712158203125,116.53263092041016,96.28407287597656,2445330
2011-08-10,118.87107849121094,128.99459838867188,117.5069808959961,126.69513702392578,104.68074798583984,5258211
2011-08-11,122.9633560180664,129.15049743652344,122.78797149658203,127.24076843261719,105.13157653808594,2556450
2011-08-12,128.22486877441406,129.42332458496094,120.13773345947266,121.0146484375,99.98729705810547,3084631
2011-08-16,122.95361328125,123.93771362304688,114.98340606689453,116.43518829345703,96.20357513427734,4945912
2011-08-17,118.48133087158203,121.10234832763672,116.73724365234375,120.60542297363281,99.649169921875,1833324
2011-08-18,121.4043960571289,121.79413604736328,116.14288330078125,118.56902313232422,97.96664428710938,1369616
2011-08-19,118.09159088134766,119.84542846679688,116.32801818847656,119.11466217041016,98.41744995117188,781344
2011-08-22,119.4459457397461,119.4459457397461,114.5546875,116.80545043945312,96.5094985961914,3253209
2011-08-23,116.91262817382812,118.754150390625,115.75314331054688,117.43878173828125,97.03277587890625,1918016
2011-08-24,117.43878173828125,119.80645751953125,116.25006866455078,118.29620361328125,97.7412109375,826014
2011-08-25,118.48133087158203,119.38748931884766,114.40853881835938,115.38288879394531,95.3341293334961,1515215
2011-08-26,116.52288818359375,117.87723541259766,111.28086853027344,115.38288879394531,95.3341293334961,1739405
2011-08-29,116.5033950805664,121.48233795166016,115.59725189208984,119.58235931396484,98.80390167236328,4111764
2011-08-30,122.18387603759766,123.74284362792969,119.99158477783203,123.37258911132812,101.93555450439453,2456984
2011-09-02,117.33159637451172,135.43507385253906,117.33159637451172,131.4792022705078,108.63353729248047,7640459
2011-09-05,130.55357360839844,134.26585388183594,127.12384033203125,131.3720245361328,108.54500579833984,3124596
2011-09-06,130.3489532470703,137.39352416992188,129.0043487548828,134.87969970703125,111.44319152832031,3414445
2011-09-07,135.44482421875,138.09506225585938,130.91407775878906,133.68124389648438,110.45296478271484,3809912
2011-09-08,135.43507385253906,135.90277099609375,131.5474090576172,132.06381225585938,109.11660766601562,2126303
2011-09-09,132.8920135498047,134.3340606689453,127.65973663330078,129.8812713623047,107.31327819824219,1511330
2011-09-12,126.95820617675781,129.78382873535156,126.76333618164062,127.8643569946289,105.64681243896484,826286
2011-09-13,128.41973876953125,132.49253845214844,128.2541046142578,130.2417755126953,107.61112976074219,1819402
2011-09-14,130.59254455566406,131.50843811035156,128.6438446044922,130.3489532470703,107.6996841430664,928344
2011-09-15,129.58895874023438,131.4402313232422,126.89974212646484,127.83512115478516,105.6226577758789,1469344
2011-09-16,129.06280517578125,133.29150390625,125.78897857666016,131.53765869140625,108.68184661865234,4267308
2011-09-19,132.53150939941406,132.53150939941406,126.67564392089844,127.4648666381836,105.31673431396484,2593094
2011-09-20,127.64025115966797,129.37460327148438,125.10693359375,126.87051391601562,104.82567596435547,2324583
2011-09-21,127.93255615234375,128.22486877441406,124.13258361816406,124.43463134765625,102.81302642822266,1136215
2011-09-22,122.86592102050781,123.73310089111328,117.3121109008789,118.46184539794922,97.87806701660156,2602968
2011-09-23,117.35108184814453,120.81977844238281,116.34750366210938,117.5069808959961,97.08911895751953,1759295
2011-09-26,118.27672576904297,119.3387680053711,114.77879333496094,117.01980590820312,96.68659210205078,1028497
2011-09-27,118.87107849121094,120.23516845703125,117.90646362304688,119.32901763916016,98.59458923339844,830751
2011-09-28,118.14031219482422,121.5018310546875,117.58493041992188,119.85517120361328,99.02930450439453,1850817
2011-09-29,119.08543395996094,121.38490295410156,116.55211639404297,120.05004119873047,99.19029998779297,2356117
2011-09-30,119.75773620605469,120.72234344482422,117.5264663696289,119.3387680053711,98.60262298583984,1465326
2011-10-03,117.45825958251953,120.61516571044922,116.93211364746094,119.82594299316406,99.00515747070312,1392990
2011-10-04,117.42903137207031,123.3433609008789,117.42903137207031,119.97209930419922,99.12590026855469,1766695
2011-10-05,118.91004943847656,120.60542297363281,115.0321273803711,116.14288330078125,95.96205139160156,2664239
2011-10-07,117.89672088623047,118.87107849121094,111.67060852050781,112.4013671875,92.87065887451172,5786449
2011-10-10,112.9859848022461,113.23931121826172,103.73936462402344,112.3916244506836,92.86261749267578,6343870
2011-10-11,113.02495574951172,118.13056945800781,113.02495574951172,116.42545318603516,96.1955337524414,6266131
2011-10-12,117.89672088623047,122.37874603271484,115.99673461914062,121.9305419921875,100.74407196044922,2883877
2011-10-13,121.98900604248047,124.42488861083984,118.48133087158203,119.29005432128906,98.56236267089844,1106759
2011-10-14,118.86133575439453,121.10234832763672,117.3998031616211,120.3813247680664,99.46401977539062,570855
2011-10-17,120.65414428710938,121.3946533203125,118.27672576904297,118.59825897216797,97.99079132080078,974497
2011-10-18,118.07210540771484,118.07210540771484,115.55827331542969,116.14288330078125,95.96205139160156,945617
2011-10-19,115.3731460571289,118.24748992919922,115.3731460571289,116.47416687011719,96.23577880859375,1238262
2011-10-20,115.94801330566406,118.94902038574219,115.5777587890625,118.51056671142578,97.9183349609375,1114323
2011-10-21,118.89056396484375,120.19619750976562,117.32185363769531,118.09159088134766,97.57215881347656,1377026
2011-10-24,118.67620086669922,119.37773895263672,113.02495574951172,113.48290252685547,93.7642593383789,1486134
2011-10-25,113.75572204589844,117.0977554321289,112.05060577392578,116.58134460449219,96.32432556152344,3124144
2011-10-28,118.09159088134766,120.7905502319336,117.0977554321289,120.3033676147461,99.39962005615234,4345914
2011-10-31,119.89414978027344,119.89414978027344,117.05877685546875,119.5531234741211,98.77973937988281,772799
2011-11-01,117.36082458496094,121.0146484375,117.36082458496094,118.46184539794922,97.87806701660156,953181
2011-11-02,117.27313232421875,118.67620086669922,115.97724914550781,116.3767318725586,96.15525817871094,832762
2011-11-03,115.86032104492188,117.78954315185547,114.63263702392578,115.3731460571289,95.32606506347656,1039838
2011-11-04,116.73724365234375,118.70543670654297,116.63980865478516,117.82852172851562,97.35480499267578,2810613
2011-11-08,117.89672088623047,118.81261444091797,114.09674835205078,114.5644302368164,94.65786743164062,2148045
2011-11-09,115.38288879394531,115.94801330566406,111.8557357788086,112.0895767211914,92.61302947998047,2622191
2011-11-11,111.6608657836914,112.6644515991211,102.42399597167969,108.08499145507812,89.30429077148438,4171177
2011-11-14,109.1275405883789,110.25779724121094,106.59422302246094,107.93883514404297,89.18354034423828,3576285
2011-11-15,107.82191467285156,109.5952377319336,106.93524932861328,107.52960205078125,88.84541320800781,2613190
2011-11-16,107.92908477783203,107.92908477783203,99.24760437011719,106.70140838623047,88.16110229492188,4664443
2011-11-17,103.86603546142578,106.93524932861328,102.50194549560547,104.41167449951172,86.26925659179688,2809833
2011-11-18,103.65167999267578,104.00244903564453,101.33271789550781,102.20964050292969,84.44982147216797,1317197
2011-11-21,101.83938598632812,101.83938598632812,97.63992309570312,98.39991760253906,81.69144439697266,1888976
2011-11-22,99.18914031982422,100.16349792480469,96.65582275390625,98.78965759277344,82.01502227783203,3091035
2011-11-23,95.50608825683594,98.65325164794922,95.50608825683594,97.55223083496094,80.98771667480469,3474387
2011-11-24,97.44505310058594,100.90400695800781,97.35736083984375,99.7640151977539,82.82392883300781,3114445
2011-11-25,98.0199203491211,101.71272277832031,97.46453857421875,98.22453308105469,81.54586791992188,1468045
2011-11-28,99.10144805908203,100.94297790527344,97.98094177246094,98.55581665039062,81.82087707519531,2044248
2011-11-29,98.99427032470703,99.5788803100586,97.59120178222656,97.90299987792969,81.27892303466797,4821999
2011-11-30,98.62401580810547,98.99427032470703,96.64608001708984,97.42556762695312,80.88255310058594,3733159
2011-12-01,101.13784790039062,106.78910064697266,99.3840103149414,101.5373306274414,84.29615020751953,1893384
2011-12-02,101.33271789550781,106.90602111816406,99.71529388427734,105.57115936279297,87.64503479003906,2051022
2011-12-05,105.22039031982422,112.3916244506836,104.25577545166016,111.13471221923828,92.26387023925781,2311205
2011-12-07,111.84599304199219,113.60956573486328,110.17984771728516,111.07624816894531,92.21533203125,3069744
2011-12-08,111.2711181640625,111.2711181640625,105.23013305664062,107.53934478759766,89.27899169921875,1273075
2011-12-09,107.37371063232422,108.95216369628906,102.94039916992188,103.30091094970703,85.76026153564453,3889991
2011-12-12,103.76860046386719,106.08756256103516,101.91732788085938,102.42399597167969,85.0322494506836,1580643
2011-12-13,102.4434814453125,103.28142547607422,101.12810516357422,102.18040466308594,84.83001708984375,1402864
2011-12-14,102.51168823242188,103.05731964111328,99.03324890136719,100.7188720703125,83.61663818359375,4885610
2011-12-15,98.41940307617188,102.50194549560547,98.41940307617188,101.50810241699219,84.27188110351562,2446223
2011-12-16,102.20964050292969,102.48245239257812,99.4814453125,100.83580017089844,83.7137451171875,2870078
2011-12-19,98.75068664550781,99.5788803100586,95.89582824707031,97.25992584228516,80.74505615234375,1360933
2011-12-20,96.01274871826172,97.80555725097656,88.7051010131836,91.15072631835938,75.67318725585938,2585746
2011-12-21,93.52815246582031,93.53789520263672,87.88665008544922,89.90355682373047,74.63780212402344,8505612
2011-12-22,90.59535217285156,90.59535217285156,85.93794250488281,87.20459747314453,72.39714050292969,10696702
2011-12-23,87.69178009033203,87.69178009033203,85.87947845458984,86.70767974853516,71.98455810546875,3143218
2011-12-26,86.81485748291016,87.4676742553711,85.32410430908203,85.45076751708984,70.94111633300781,1442598
2011-12-27,86.81485748291016,87.22409057617188,84.22308349609375,84.94409942626953,70.52046203613281,4408663
2011-12-28,86.10358428955078,86.10358428955078,83.0733413696289,83.33641815185547,69.18575286865234,2793643
2011-12-29,83.00514221191406,83.41436767578125,81.30001831054688,81.41694641113281,67.59222412109375,6342151
2011-12-30,81.49488830566406,84.83692169189453,81.19284057617188,82.01129913330078,68.08566284179688,8412356
2012-01-02,82.27437591552734,83.40462493896484,81.13438415527344,81.84565734863281,67.94813537597656,1304588
2012-01-03,82.47898864746094,85.93794250488281,82.19642639160156,85.38256072998047,70.88449096679688,990334
2012-01-04,85.73332977294922,88.2763900756836,84.05744171142578,87.11690521240234,72.32433319091797,9190087
2012-01-05,88.22766876220703,96.87018585205078,87.87690734863281,95.40865325927734,79.20812225341797,8505689
2012-01-06,94.90199279785156,95.51583099365234,92.82662200927734,93.68405151367188,77.77635192871094,2568093
2012-01-09,94.99942779541016,96.26608276367188,92.17379760742188,95.31121826171875,79.1272201538086,1662846
2012-01-10,95.90557098388672,97.63018035888672,95.74967956542969,97.15274810791016,80.65605926513672,2088354
2012-01-11,97.43531036376953,101.313232421875,96.8896713256836,99.9686279296875,82.99380493164062,2832859
2012-01-12,100.8942642211914,101.96604919433594,99.59837341308594,101.37169647216797,84.15861511230469,1734494
2012-01-13,101.35220336914062,105.619873046875,100.4947738647461,104.34347534179688,86.62577819824219,2007157
2012-01-16,104.25577545166016,110.94957733154297,102.68707275390625,109.88754272460938,91.22846221923828,2523582
2012-01-17,110.33573913574219,112.05060577392578,105.79525756835938,106.46755981445312,88.3891830444336,1436486
2012-01-18,106.88653564453125,107.95832061767578,103.08655548095703,103.53475952148438,85.95439910888672,4684205
2012-01-19,103.96347045898438,107.7634506225586,101.6250228881836,106.7501220703125,88.6238021850586,1013416
2012-01-20,107.05216979980469,111.3685531616211,107.04242706298828,109.8193359375,91.1718521118164,2102225
2012-01-23,110.0434341430664,111.3685531616211,107.49063110351562,108.4747314453125,90.0555648803711,1047197
2012-01-24,108.64036560058594,111.70957946777344,105.7367935180664,110.94957733154297,92.11015319824219,5032426
2012-01-25,110.92035675048828,114.75930786132812,109.42959594726562,113.49264526367188,94.22139739990234,1308750
2012-01-27,113.49264526367188,119.84542846679688,111.7485580444336,116.47416687011719,96.6966781616211,3222250
2012-01-30,114.29161834716797,117.3121109008789,110.10189819335938,111.68035125732422,92.71685791015625,2032127
2012-01-31,111.68035125732422,115.80186462402344,107.49063110351562,113.5998306274414,94.3104248046875,3447307
2012-02-01,112.99571990966797,115.16853332519531,111.6608657836914,113.84341430664062,94.51262664794922,1823476
2012-02-02,114.17469024658203,117.46800994873047,114.04802703857422,116.32801818847656,96.5753402709961,2008517
2012-02-03,115.19776916503906,119.4556884765625,115.19776916503906,117.5264663696289,97.5702896118164,2393434
2012-02-06,119.62132263183594,119.9818344116211,115.58750915527344,117.05877685546875,97.18202209472656,3516851
2012-02-07,118.1597900390625,118.48133087158203,113.04444122314453,114.36956024169922,94.94943237304688,2915308
2012-02-08,115.3634033203125,115.75314331054688,113.03469848632812,114.30136108398438,94.89280700683594,2061172
2012-02-09,114.19418334960938,116.14288330078125,108.76703643798828,110.87163543701172,92.04544830322266,5166956
2012-02-10,109.7024154663086,114.4572525024414,109.7024154663086,111.84599304199219,92.85436248779297,3182080
2012-02-13,111.81675720214844,111.81675720214844,106.45781707763672,107.98755645751953,89.65110778808594,2391961
2012-02-14,107.6757583618164,109.03010559082031,106.60397338867188,107.23729705810547,89.02824401855469,1830701
2012-02-15,107.5685806274414,109.8095932006836,106.71115112304688,107.33473205566406,89.10913848876953,4994575
2012-02-16,107.5685806274414,113.02495574951172,106.30191802978516,111.71932220458984,92.74921417236328,2648382
2012-02-17,112.63521575927734,114.95417785644531,111.07624816894531,112.44034576416016,93.3478012084961,1783691
2012-02-21,113.01521301269531,116.53263092041016,112.63521575927734,115.5777587890625,95.95247650146484,4045715
2012-02-22,114.78853607177734,118.67620086669922,111.6608657836914,114.36956024169922,94.94943237304688,1656991
2012-02-23,113.04444122314453,117.11724090576172,113.02495574951172,114.15520477294922,94.77146911621094,3606823
2012-02-24,114.14546203613281,115.55827331542969,110.20907592773438,111.22240447998047,92.33667755126953,873184
2012-02-27,109.712158203125,110.7449722290039,104.30449676513672,106.03884887695312,88.03327941894531,1150476
2012-02-28,96.46095275878906,112.02136993408203,96.46095275878906,110.92035675048828,92.08590698242188,1199441
2012-02-29,112.35265350341797,114.58392333984375,104.89884948730469,106.69166564941406,88.57526397705078,3176543
2012-03-01,102.91117095947266,108.6793441772461,102.91117095947266,106.55525207519531,88.46200561523438,1022314
2012-03-02,106.60397338867188,108.32857513427734,103.72962951660156,105.32756805419922,87.44279479980469,1748057
2012-03-05,104.85013580322266,106.88653564453125,100.35836791992188,104.00244903564453,86.3426513671875,642431
2012-03-06,104.84039306640625,107.5685806274414,102.5409164428711,104.16808319091797,86.48019409179688,680410
2012-03-07,104.16808319091797,107.08140563964844,102.31681823730469,106.13628387451172,88.11419677734375,827949
2012-03-09,107.38345336914062,110.00446319580078,106.78910064697266,109.46856689453125,90.88064575195312,1123504
2012-03-12,110.29676818847656,113.78495025634766,110.248046875,113.06393432617188,93.86551666259766,1050255
2012-03-13,113.697265625,114.7105941772461,113.05419158935547,113.78495025634766,94.4640884399414,435042
2012-03-14,114.59366607666016,116.03571319580078,113.3075180053711,114.7105941772461,95.23257446289062,934183
2012-03-15,115.32443237304688,115.32443237304688,112.05060577392578,113.97007751464844,94.61778259277344,921667
2012-03-16,114.17469024658203,115.55827331542969,112.99571990966797,114.14546203613281,94.76339721679688,792674
2012-03-19,115.22699737548828,115.90904235839844,112.45983123779297,113.3075180053711,94.06769561767578,926599
2012-03-20,113.8141860961914,116.68852233886719,113.4244384765625,115.79212188720703,96.13045501708984,927158
2012-03-21,115.79212188720703,118.09159088134766,115.79212188720703,116.85417175292969,97.01214599609375,1476477
2012-03-22,116.72750091552734,120.03055572509766,113.2198257446289,114.74955749511719,95.2649154663086,2928579
2012-03-23,114.98340606689453,117.5069808959961,114.80802917480469,116.72750091552734,96.90699768066406,744996
2012-03-26,116.85417175292969,117.89672088623047,111.13471221923828,111.41727447509766,92.49845123291016,1266383
2012-03-27,112.44034576416016,117.3023681640625,111.6608657836914,116.78595733642578,96.95552062988281,1516211
2012-03-28,116.91262817382812,116.91262817382812,112.76188659667969,114.14546203613281,94.76339721679688,558560
2012-03-29,113.02495574951172,116.90288543701172,113.02495574951172,115.0321273803711,95.49949645996094,2536416
2012-03-30,116.89313507080078,117.5069808959961,113.07367706298828,117.06851959228516,97.19011688232422,817634
2012-04-02,117.69210815429688,117.69210815429688,114.81776428222656,115.27571105957031,95.70172882080078,248133
2012-04-03,115.1587905883789,118.19876861572266,114.04802703857422,117.55569458007812,97.59455108642578,1647467
2012-04-04,116.85417175292969,120.62490844726562,116.85417175292969,119.32901763916016,99.06678771972656,2759882
2012-04-09,119.08543395996094,120.81977844238281,115.94801330566406,116.40596008300781,96.64005279541016,1261714
2012-04-10,114.04802703857422,117.89672088623047,98.39017486572266,117.44851684570312,97.50555419921875,3585532
2012-04-11,117.5069808959961,118.16954040527344,115.21725463867188,116.71775817871094,96.89888000488281,4217121
2012-04-12,117.5069808959961,119.26081848144531,116.74698638916016,118.86133575439453,98.67850494384766,2389241
2012-04-13,119.82594299316406,119.90389251708984,115.59725189208984,117.69210815429688,97.70782470703125,1916979
2012-04-16,115.80186462402344,117.69210815429688,115.80186462402344,116.81519317626953,96.97978973388672,234268
2012-04-17,117.89672088623047,119.60183715820312,116.45468139648438,116.73724365234375,96.91506958007812,752170
2012-04-18,117.77005004882812,118.81261444091797,116.62032318115234,116.87364959716797,97.02832794189453,1429271
2012-04-19,116.92237091064453,117.5069808959961,115.55827331542969,115.88955688476562,96.21134948730469,241524
2012-04-20,115.75314331054688,117.3121109008789,114.97366333007812,116.66903686523438,96.85845947265625,454475
2012-04-23,115.3634033203125,117.25364685058594,115.07109832763672,115.63622283935547,96.00102233886719,824731
2012-04-24,115.3731460571289,116.93211364746094,115.02237701416016,116.84442138671875,97.00405883789062,521592
2012-04-25,115.78237915039062,116.90288543701172,115.43160247802734,116.19160461425781,96.46209716796875,370799
2012-04-26,116.6105728149414,116.63006591796875,112.05060577392578,112.53778076171875,93.42870330810547,1248905
2012-04-27,113.05419158935547,114.9346923828125,112.09931945800781,112.9859848022461,93.80081939697266,851416
2012-04-30,112.84957122802734,113.02495574951172,111.2711181640625,111.60240173339844,92.65215301513672,699269
2012-05-02,112.03111267089844,113.08341979980469,110.40394592285156,111.13471221923828,92.26387023925781,1435316
2012-05-03,103.99270629882812,111.1736831665039,103.99270629882812,108.66960144042969,90.21733093261719,711302
2012-05-04,108.54293060302734,108.73780059814453,106.22396850585938,107.26653289794922,89.05252075195312,752083
2012-05-07,107.26653289794922,107.26653289794922,103.49578094482422,106.14602661132812,88.12227630615234,580908
2012-05-08,103.28142547607422,106.68192291259766,98.40966033935547,99.17939758300781,82.3386001586914,3229994
2012-05-09,99.18914031982422,101.76143646240234,97.63018035888672,100.33888244628906,83.30117797851562,829139
2012-05-10,99.9686279296875,102.28758239746094,99.9686279296875,101.313232421875,84.11007690429688,1096040
2012-05-11,100.67015838623047,101.13784790039062,98.98452758789062,99.11119842529297,82.28195190429688,1235424
2012-05-14,99.18914031982422,100.16349792480469,98.99427032470703,99.35478210449219,82.48417663574219,4510125
2012-05-15,98.45838165283203,100.33888244628906,98.4486312866211,98.9358139038086,82.13636016845703,2046901
2012-05-16,98.78965759277344,98.96504211425781,92.5830307006836,93.38199615478516,77.52558135986328,2873480
2012-05-17,93.55738067626953,98.10761260986328,92.95328521728516,97.49376678466797,80.93917846679688,4280922
2012-05-18,97.03582763671875,97.03582763671875,94.31737518310547,95.50608825683594,79.28900909423828,675797
2012-05-21,94.51224517822266,98.0199203491211,93.53789520263672,97.05531311035156,80.5751724243164,497740
2012-05-22,95.7789077758789,97.8250503540039,95.7789077758789,96.54864501953125,80.15452575683594,307265
2012-05-23,95.70095825195312,96.26608276367188,94.71686553955078,95.50608825683594,79.28900909423828,456071
2012-05-24,97.43531036376953,97.43531036376953,94.90199279785156,95.9835205078125,79.68536376953125,1195901
2012-05-25,95.37942504882812,98.97478485107422,93.74250793457031,98.21479034423828,81.53777313232422,1903262
2012-05-28,98.77017211914062,101.313232421875,98.77017211914062,100.73836517333984,83.63285064697266,552751
2012-05-29,101.85887145996094,101.85887145996094,98.74093627929688,100.63118743896484,83.54385375976562,559930
2012-05-30,98.0296630859375,100.82605743408203,98.0296630859375,99.73477935791016,82.79966735839844,813662
2012-05-31,97.83479309082031,105.619873046875,97.8250503540039,102.70655822753906,85.26683044433594,1431113
2012-06-01,102.30707550048828,102.31681823730469,98.63375854492188,100.73836517333984,83.63285064697266,620529
2012-06-04,97.63018035888672,99.77375793457031,97.63018035888672,99.32555389404297,82.45991516113281,188550
2012-06-05,99.77375793457031,101.098876953125,97.53274536132812,97.83479309082031,81.22229766845703,1883849
2012-06-06,98.40966033935547,104.08039855957031,97.63018035888672,101.10861206054688,83.94020080566406,2137187
2012-06-07,100.73836517333984,103.99270629882812,100.6799087524414,102.1122055053711,84.77340698242188,537808
2012-06-08,101.12810516357422,102.42399597167969,99.3840103149414,100.11477661132812,83.11514282226562,454126
2012-06-11,100.34862518310547,102.1122055053711,99.82247161865234,100.6799087524414,83.58430480957031,737140
2012-06-12,99.9588851928711,101.527587890625,99.63734436035156,100.59220886230469,83.51148223876953,443976
2012-06-13,101.098876953125,103.08655548095703,99.88093566894531,102.1122055053711,84.77340698242188,839947
2012-06-14,101.54707336425781,102.58963775634766,99.54965209960938,101.55682373046875,84.31231689453125,815397
2012-06-15,100.94297790527344,103.08655548095703,100.76759338378906,101.89784240722656,84.59545135498047,691325
2012-06-18,102.89168548583984,103.61270904541016,97.45479583740234,98.2342758178711,81.55394744873047,1151138
2012-06-19,98.0199203491211,98.65325164794922,96.49993133544922,97.55223083496094,80.98771667480469,4434937
2012-06-20,98.0199203491211,98.39991760253906,96.50967407226562,98.10761260986328,81.44879150390625,620740
2012-06-21,97.90299987792969,101.13784790039062,97.47428131103516,100.47528839111328,84.08248901367188,684094
2012-06-22,99.32555389404297,100.35836791992188,98.50709533691406,100.04657745361328,83.72372436523438,161255
2012-06-25,100.01734161376953,102.1122055053711,99.8711929321289,100.56298065185547,84.15586853027344,459499
2012-06-26,100.01734161376953,103.4762954711914,100.01734161376953,102.16091918945312,85.49308776855469,1546030
2012-06-27,103.29116821289062,104.24604034423828,100.0660629272461,100.72862243652344,84.29449462890625,526190
2012-06-28,100.93323516845703,101.2157974243164,96.85069274902344,100.63118743896484,84.21294403076172,1958340
2012-06-29,100.94297790527344,103.74911499023438,100.56298065185547,103.28142547607422,86.43079376220703,723341
2012-07-02,102.81373596191406,104.97679901123047,102.81373596191406,104.31423950195312,87.29512786865234,617383
2012-07-03,104.8111572265625,108.15319061279297,104.8111572265625,107.5490951538086,90.00220489501953,1185278
2012-07-04,107.5490951538086,112.1967544555664,107.5490951538086,111.73880767822266,93.5083236694336,1643218
2012-07-05,112.01162719726562,112.83008575439453,109.63420867919922,110.09215545654297,92.13031768798828,1921228
2012-07-06,110.49163818359375,111.80701446533203,107.84140014648438,108.71831512451172,90.98062133789062,453151
2012-07-09,99.68606567382812,108.53318786621094,99.68606567382812,107.32498931884766,89.81463623046875,497812
2012-07-10,107.86088562011719,111.07624816894531,107.83164978027344,110.46240234375,92.44017791748047,354491
2012-07-11,110.35523223876953,110.44292449951172,108.73780059814453,109.27369689941406,91.44542694091797,515891
2012-07-12,108.15319061279297,109.99472045898438,106.8475570678711,107.62704467773438,90.06742095947266,442652
2012-07-13,108.52344512939453,111.84599304199219,107.7634506225586,110.4234390258789,92.40760040283203,3191779
2012-07-16,111.09573364257812,111.60240173339844,109.17626190185547,109.49779510498047,91.63294982910156,524435
2012-07-17,110.77420043945312,110.80342864990234,105.01577758789062,106.79884338378906,89.37432098388672,837319
2012-07-18,106.77935791015625,107.94857788085938,104.75270080566406,105.54192352294922,88.32247924804688,628642
2012-07-19,103.6711654663086,107.7634506225586,103.6711654663086,106.5357666015625,89.1541748046875,408943
2012-07-20,106.59422302246094,106.59422302246094,104.45064544677734,104.77218627929688,87.6783218383789,382002
2012-07-23,104.79167175292969,123.00233459472656,104.23628997802734,109.03984832763672,91.24971771240234,2903911
2012-07-24,109.79985046386719,111.07624816894531,106.89627838134766,109.6147232055664,91.73080444335938,1877835
2012-07-25,110.81317901611328,110.82292175292969,107.61729431152344,109.5952377319336,91.71448516845703,377301
2012-07-26,110.78394317626953,111.21266174316406,109.49779510498047,110.0239486694336,92.0732421875,1165060
2012-07-27,109.32241821289062,110.98855590820312,108.85472869873047,109.13729095458984,91.33125305175781,1212142
2012-07-30,110.3649673461914,113.02495574951172,107.98755645751953,112.21623992919922,93.90784454345703,1577800
2012-07-31,112.54752349853516,113.35623931884766,111.67060852050781,112.64495849609375,94.26666259765625,1102608
2012-08-01,110.16036224365234,112.44034576416016,110.16036224365234,111.92393493652344,93.66325378417969,456354
2012-08-02,111.6608657836914,112.49880981445312,109.64395141601562,111.95317077636719,93.68771362304688,367987
2012-08-03,111.78752899169922,112.24547576904297,110.69625091552734,111.70957946777344,93.48387145996094,233714
2012-08-06,112.05060577392578,113.02495574951172,108.6793441772461,110.19933319091797,92.22001647949219,552556
2012-08-07,111.25163269042969,112.05060577392578,109.55625915527344,110.93009948730469,92.83158111572266,220859
2012-08-08,111.1541976928711,111.46599578857422,108.73780059814453,109.83882904052734,91.91832733154297,302806
2012-08-09,111.07624816894531,116.72750091552734,109.1275405883789,109.65369415283203,91.7634048461914,170302
2012-08-10,109.88754272460938,111.69983673095703,109.13729095458984,110.58907318115234,92.5461654663086,652720
2012-08-13,110.68650817871094,111.75830078125,109.8095932006836,110.66702270507812,92.61138916015625,454773
2012-08-14,110.57933044433594,111.04701232910156,108.3772964477539,109.56600189208984,91.69003295898438,253209
2012-08-16,109.13729095458984,110.8326644897461,109.1275405883789,110.43317413330078,92.41571807861328,476808
2012-08-17,110.87163543701172,116.89313507080078,110.49163818359375,115.9675064086914,97.0470962524414,2010872
2012-08-21,116.33775329589844,117.89672088623047,116.14288330078125,117.68236541748047,98.48218536376953,882575
2012-08-22,116.04544830322266,117.90646362304688,116.04544830322266,116.66903686523438,97.6341781616211,274069
2012-08-23,116.97108459472656,117.84800720214844,116.55211639404297,117.01006317138672,97.9195556640625,1342849
2012-08-24,117.34134674072266,121.30696105957031,116.19160461425781,119.64081573486328,100.12109375,1496551
2012-08-27,120.05004119873047,120.64440155029297,117.12698364257812,118.01364135742188,98.75940704345703,834605
2012-08-28,119.17312622070312,120.80029296875,117.3121109008789,120.52747344970703,100.86309051513672,2719820
2012-08-29,120.14747619628906,121.79413604736328,119.85517120361328,120.05004119873047,100.46355438232422,1847246
2012-08-30,117.38031005859375,121.79413604736328,117.38031005859375,121.27772521972656,101.4909439086914,3322204
2012-08-31,121.42388153076172,124.86334228515625,121.20951843261719,123.7720718383789,103.57833099365234,4030161
2012-09-03,122.76848602294922,123.37258911132812,119.3582534790039,120.5761947631836,100.90386199951172,3178508
2012-09-04,121.34593200683594,122.57361602783203,120.9172134399414,121.7161865234375,101.85786437988281,2433979
2012-09-05,121.2972183227539,123.03156280517578,120.75157928466797,122.4079818725586,102.43680572509766,3371637
2012-09-06,122.9633560180664,124.2982177734375,122.57361602783203,123.71360778808594,103.52941131591797,777521
2012-09-07,124.71719360351562,125.69154357910156,121.95002746582031,123.27515411376953,103.16251373291016,447789
2012-09-10,123.1582260131836,124.69770812988281,122.57361602783203,123.94745635986328,103.72509765625,330296
2012-09-11,124.32745361328125,125.65257263183594,121.80387878417969,122.23258972167969,102.29003143310547,1828833
2012-09-12,123.69412231445312,125.16539764404297,122.50541687011719,122.83668518066406,102.79557037353516,1402309
2012-09-13,123.89873504638672,123.89873504638672,121.79413604736328,122.35926055908203,102.3960189819336,841440
2012-09-14,122.91464233398438,125.49667358398438,121.96952056884766,122.7490005493164,102.72217559814453,2218420
2012-09-17,121.4043960571289,123.74284362792969,119.5726089477539,121.09259796142578,101.3360366821289,545864
2012-09-18,120.66388702392578,122.09618377685547,118.88082122802734,121.07311248779297,101.31971740722656,486461
2012-09-20,119.26081848144531,121.96952056884766,116.1818618774414,120.55670928955078,100.88758087158203,531557
2012-09-21,116.92237091064453,121.98900604248047,116.92237091064453,121.30696105957031,101.51541900634766,393953
2012-09-24,120.72234344482422,122.76848602294922,120.62490844726562,121.57003021240234,101.7355728149414,1171254
2012-09-25,121.84284973144531,122.18387603759766,120.27413940429688,120.81977844238281,101.10769653320312,3989816
2012-09-26,120.43003845214844,121.98900604248047,119.54338073730469,121.7064437866211,101.84972381591797,339219
2012-09-27,121.75515747070312,121.79413604736328,116.92237091064453,117.83826446533203,98.61265563964844,3718698
2012-09-28,117.89672088623047,121.20951843261719,117.89672088623047,120.7905502319336,101.083251953125,1102988
2012-10-01,120.81977844238281,122.22284698486328,120.34234619140625,121.45310974121094,101.63770294189453,584793
2012-10-03,122.01824188232422,124.78539276123047,121.87208557128906,123.5479736328125,103.39080047607422,1688099
2012-10-04,123.74284362792969,124.65872955322266,122.99259185791016,123.80130004882812,103.6028060913086,2539813
2012-10-05,124.55155944824219,126.70487213134766,122.58335876464844,125.98385620117188,105.42924499511719,3154056
2012-10-08,127.02640533447266,128.663330078125,126.29564666748047,127.51358032226562,106.70939636230469,5782446
2012-10-09,127.85460662841797,130.46588134765625,126.92897033691406,128.34178161621094,107.4024887084961,3394518
2012-10-10,127.76692199707031,127.76692199707031,123.78181457519531,126.98744201660156,106.26911926269531,1111219
2012-10-11,127.13359069824219,128.33204650878906,125.17513275146484,127.1433334350586,106.39958190917969,1260128
2012-10-12,127.0361557006836,127.2699966430664,124.91206359863281,125.45770263671875,104.98896789550781,1288690
2012-10-15,127.18231201171875,127.62076568603516,123.22643280029297,126.86077117919922,106.16312408447266,749225
2012-10-16,128.02999877929688,128.02999877929688,122.98284149169922,124.46385955810547,104.15725708007812,603908
2012-10-17,124.50283813476562,125.03873443603516,122.76848602294922,123.6648941040039,103.48863983154297,307101
2012-10-18,123.5382308959961,123.7525863647461,122.87566375732422,123.37258911132812,103.2440414428711,3894111
2012-10-19,123.6454086303711,124.91206359863281,122.89515686035156,123.7623291015625,103.57017517089844,370307
2012-10-22,123.46028137207031,124.69770812988281,122.82695007324219,123.11925506591797,103.03202819824219,397248
2012-10-23,123.42130279541016,123.74284362792969,120.85875701904297,121.12183380126953,101.36050415039062,350068
2012-10-25,120.81977844238281,122.75874328613281,119.27056121826172,120.03055572509766,100.447265625,1887272
2012-10-29,117.1951904296875,119.12440490722656,115.94801330566406,118.15005493164062,98.87357330322266,537336
2012-10-30,118.73466491699219,120.56645202636719,115.97724914550781,120.00132751464844,100.42279815673828,2747807
2012-10-31,119.28030395507812,122.1448974609375,119.28030395507812,121.82337188720703,101.94754791259766,2248902
2012-11-01,121.82337188720703,124.56129455566406,121.79413604736328,123.3433609008789,103.21957397460938,2116132
2012-11-02,124.64899444580078,125.78897857666016,122.00849151611328,122.64181518554688,102.63248443603516,1534951
2012-11-05,123.4407958984375,124.27873229980469,121.04388427734375,122.4274673461914,102.45311737060547,738259
2012-11-06,123.18746185302734,123.6551513671875,121.43362426757812,121.67721557617188,101.82527160644531,417610
2012-11-07,122.7295150756836,122.7295150756836,121.03414154052734,121.67721557617188,101.82527160644531,742133
2012-11-08,121.79413604736328,121.98900604248047,120.09876251220703,121.79413604736328,101.923095703125,2695383
2012-11-09,120.82952880859375,122.66130828857422,120.23516845703125,120.93670654296875,101.20556640625,1599512
2012-11-12,121.1120834350586,121.79413604736328,120.04029846191406,121.38490295410156,101.58063507080078,1898208
2012-11-15,121.97926330566406,123.73310089111328,119.85517120361328,122.98284149169922,103.41593170166016,3247411
2012-11-16,124.64899444580078,127.82537841796875,120.8977279663086,122.00849151611328,102.59660339355469,3564760
2012-11-19,122.38848876953125,122.89515686035156,120.04029846191406,121.7064437866211,102.34263610839844,428622
2012-11-20,120.81977844238281,123.57720184326172,120.44952392578125,120.99516296386719,101.74451446533203,2915046
2012-11-21,124.11309814453125,124.11309814453125,117.46800994873047,118.68595123291016,99.80268859863281,1653379
2012-11-22,119.29978942871094,121.76490020751953,119.26081848144531,121.17054748535156,101.8919906616211,1183457
2012-11-23,121.4043960571289,123.40181732177734,121.4043960571289,123.0510482788086,103.47327423095703,1728716
2012-11-26,124.0936050415039,124.23976135253906,122.08644104003906,122.45669555664062,102.97351837158203,1711556
2012-11-27,122.54438018798828,124.32745361328125,120.71260070800781,123.56745910644531,103.90753173828125,1539026
2012-11-29,125.10693359375,127.83512115478516,123.59668731689453,126.92897033691406,106.73422241210938,3905827
2012-11-30,127.84486389160156,132.12228393554688,127.84486389160156,130.61203002929688,109.831298828125,2854473
2012-12-03,131.53765869140625,132.51202392578125,130.3002471923828,131.3330535888672,110.43761444091797,2991872
2012-12-04,128.02999877929688,134.26585388183594,128.02999877929688,133.42791748046875,112.19916534423828,1119589
2012-12-05,133.505859375,135.337646484375,133.38893127441406,134.46072387695312,113.06765747070312,1658172
2012-12-06,134.8504638671875,137.97813415527344,133.49610900878906,137.16943359375,115.34540557861328,2419841
2012-12-07,137.4324951171875,139.33248901367188,136.7699432373047,137.98788452148438,116.03361511230469,468264
2012-12-10,138.59197998046875,138.9427490234375,135.01609802246094,136.20481872558594,114.53429412841797,1753122
2012-12-11,136.7894287109375,138.45556640625,135.6591796875,137.6176300048828,115.7222900390625,3227536
2012-12-12,137.54942321777344,140.4530029296875,136.1463623046875,137.73455810546875,115.82062530517578,3726267
2012-12-13,136.62379455566406,140.29710388183594,134.28533935546875,139.5858154296875,117.3773422241211,4132049
2012-12-14,139.72222900390625,144.8278350830078,138.35813903808594,142.68426513671875,119.98279571533203,2736795
2012-12-17,142.6355438232422,144.20425415039062,140.11196899414062,142.58682250976562,119.90086364746094,1020425
2012-12-18,144.593994140625,149.85549926757812,142.41143798828125,147.97499084472656,124.4317626953125,2766327
2012-12-19,150.06011962890625,152.778564453125,118.39363861083984,149.18319702148438,125.4477310180664,4893067
2012-12-20,149.0272979736328,149.93345642089844,145.022705078125,146.9811553955078,123.59602355957031,1638379
2012-12-21,146.747314453125,146.747314453125,145.4221954345703,146.05552673339844,122.81770324707031,754013
2012-12-24,148.0919189453125,150.1185760498047,146.36732482910156,147.0201416015625,123.62882995605469,1313035
2012-12-26,147.13705444335938,147.9555206298828,145.54885864257812,146.1334686279297,122.88321685791016,438978
2012-12-27,146.2309112548828,148.53038024902344,141.4955596923828,143.06427001953125,120.30233001708984,1115622
2012-12-28,144.0873260498047,147.1273193359375,143.4929656982422,146.2991180419922,123.02252960205078,4463941
2012-12-31,148.33551025390625,150.3231964111328,146.1529541015625,147.59500122070312,124.11223602294922,1317597
2013-01-01,148.86166381835938,149.05653381347656,146.75706481933594,147.3221893310547,123.88284301757812,355543
2013-01-02,147.40013122558594,148.4914093017578,147.33192443847656,148.0626983642578,124.50553131103516,596816
2013-01-03,148.3452606201172,148.9785919189453,146.30885314941406,147.54629516601562,124.07129669189453,976642
2013-01-04,147.54629516601562,147.54629516601562,141.47605895996094,146.1529541015625,122.89962005615234,2945256
2013-01-07,146.35757446289062,147.18577575683594,143.81451416015625,146.41603088378906,123.1208267211914,1645117
2013-01-08,146.69859313964844,151.08319091796875,146.26014709472656,149.85549926757812,126.01309204101562,1063654
2013-01-09,151.99908447265625,154.29855346679688,150.55703735351562,152.3790740966797,128.1352081298828,2357897
2013-01-10,152.01856994628906,154.2498321533203,148.31602478027344,150.60574340820312,126.6439437866211,1747513
2013-01-11,149.66062927246094,151.74574279785156,148.69602966308594,150.34268188476562,126.42279052734375,514197
2013-01-14,150.34268188476562,155.00009155273438,148.69602966308594,154.717529296875,130.1015625,840947
2013-01-15,153.0806121826172,155.896484375,153.0806121826172,155.64315795898438,130.87989807128906,1455478
2013-01-16,155.7016143798828,156.88058471679688,151.3949737548828,152.14523315429688,127.93852233886719,671424
2013-01-17,148.20884704589844,153.24624633789062,148.20884704589844,150.02113342285156,126.1523666381836,1886492
2013-01-18,150.0308837890625,150.0308837890625,146.81552124023438,148.36474609375,124.75955200195312,1131196
2013-01-21,149.95294189453125,149.96267700195312,146.8350067138672,148.0919189453125,124.53006744384766,1522661
2013-01-22,148.65704345703125,148.6667938232422,146.59141540527344,147.40013122558594,123.9483642578125,478897
2013-01-23,148.02371215820312,148.03346252441406,144.6134796142578,145.65603637695312,122.48177337646484,870818
2013-01-24,143.4442596435547,146.03604125976562,143.2493896484375,145.11041259765625,122.02296447753906,899114
2013-01-25,145.0616912841797,148.78372192382812,142.55760192871094,147.8580780029297,124.33343505859375,1621439
2013-01-28,150.0016632080078,151.8821563720703,148.26730346679688,150.0503692626953,126.17691040039062,1986282
2013-01-29,150.06985473632812,151.36575317382812,149.57293701171875,150.69345092773438,126.71772766113281,1335681
2013-01-30,151.29754638671875,152.95394897460938,149.67037963867188,150.57652282714844,126.619384765625,671260
2013-01-31,151.33651733398438,154.3375244140625,151.33651733398438,153.9088134765625,129.42152404785156,1912663
2013-02-01,154.18162536621094,155.31187438964844,148.94935607910156,151.482666015625,127.38130950927734,787604
2013-02-04,152.0770263671875,155.79905700683594,149.71910095214844,151.10267639160156,127.06180572509766,2127555
2013-02-05,151.37548828125,151.38523864746094,147.16629028320312,148.3062744140625,124.71034240722656,1104958
2013-02-06,148.0724334716797,152.72010803222656,144.41860961914062,150.25498962402344,126.3489761352539,3105506
2013-02-07,150.4303741455078,151.99908447265625,149.07601928710938,150.8590850830078,126.85699462890625,1014267
2013-02-08,150.07960510253906,152.9734344482422,145.2955322265625,147.62423706054688,124.1368408203125,1924369
2013-02-11,147.07859802246094,148.0626983642578,145.60733032226562,147.2344970703125,123.80908203125,910250
2013-02-12,147.01039123535156,148.37448120117188,144.40887451171875,145.2760467529297,122.1622085571289,362358
2013-02-13,145.48065185546875,146.79603576660156,144.40887451171875,145.92886352539062,122.7112045288086,545854
2013-02-14,148.471923828125,149.4073028564453,141.87554931640625,142.5478515625,119.86811828613281,915941
2013-02-15,142.43093872070312,146.1529541015625,138.57249450683594,143.1616973876953,120.38424682617188,1016720
2013-02-18,142.45042419433594,146.28936767578125,142.26528930664062,146.1237335205078,122.87505340576172,580241
2013-02-19,146.64013671875,148.686279296875,145.50015258789062,146.47450256347656,123.16998291015625,1560117
2013-02-20,148.10166931152344,150.0503692626953,146.36732482910156,147.31243896484375,123.87467193603516,1052960
2013-02-21,144.20425415039062,146.73757934570312,133.505859375,136.26327514648438,114.58340454101562,144750032
2013-02-22,138.1535186767578,139.80992126464844,136.92584228515625,139.2447967529297,117.0905532836914,9377693
2013-02-25,142.06068420410156,142.06068420410156,137.4032745361328,138.97198486328125,116.8611831665039,6758792
2013-02-26,138.35813903808594,139.02069091796875,136.01968383789062,136.41917419433594,114.7145004272461,6636285
2013-02-27,137.39352416992188,139.33248901367188,136.7017364501953,137.39352416992188,115.53384399414062,6274681
2013-02-28,136.43865966796875,140.18992614746094,131.39151000976562,135.56175231933594,113.9935073852539,9013082
2013-03-01,134.0612335205078,138.3191680908203,132.00535583496094,136.39968872070312,114.69813537597656,1610093
2013-03-04,136.65301513671875,139.33248901367188,134.47047424316406,138.8355712890625,116.74647521972656,1182733
2013-03-05,139.33248901367188,141.0765838623047,139.0304412841797,140.0437774658203,117.76240539550781,2373651
2013-03-06,140.63812255859375,141.5247802734375,137.77352905273438,138.14378356933594,116.16472625732422,1397983
2013-03-07,137.92942810058594,140.4822235107422,137.0037841796875,139.92684936523438,117.66413116455078,1101992
2013-03-08,140.15093994140625,142.93759155273438,139.40069580078125,140.31658935546875,117.99185943603516,1572284
2013-03-11,140.501708984375,141.13504028320312,138.7478790283203,140.18992614746094,117.88531494140625,788235
2013-03-12,140.1996612548828,140.32632446289062,135.73712158203125,136.4484100341797,114.73912048339844,1195377
2013-03-13,136.2145538330078,136.8771209716797,133.88584899902344,134.26585388183594,112.90380096435547,453208
2013-03-14,136.7894287109375,136.7894287109375,130.7581787109375,133.4181671142578,112.19098663330078,811630
2013-03-15,133.85662841796875,138.06582641601562,133.49610900878906,136.0684051513672,114.4195785522461,3731593
2013-03-18,136.01968383789062,140.15093994140625,131.25509643554688,139.8391571044922,117.59036254882812,1198261
2013-03-19,139.90736389160156,140.6965789794922,134.67507934570312,135.766357421875,114.1655502319336,927261
2013-03-20,135.6396942138672,139.1376190185547,130.9530487060547,133.46688842773438,112.23194885253906,3775515
2013-03-21,136.2145538330078,137.16943359375,132.51202392578125,135.6786651611328,114.09180450439453,1351168
2013-03-22,136.0586700439453,138.35813903808594,134.8504638671875,136.1755828857422,114.50967407226562,2178784
2013-03-25,137.39352416992188,137.48121643066406,130.1443328857422,131.4402313232422,110.52774047851562,1983557
2013-03-26,131.66433715820312,133.97354125976562,129.44281005859375,131.5863800048828,110.65059661865234,2578423
2013-03-28,130.58279418945312,136.1755828857422,129.58895874023438,135.32789611816406,113.79685974121094,1330954
2013-04-01,135.2596893310547,141.0765838623047,134.84072875976562,139.81967163085938,117.57398223876953,969084
2013-04-02,139.5176239013672,141.1740264892578,138.0073699951172,139.3909454345703,117.2134780883789,2201234
2013-04-03,138.87454223632812,140.4822235107422,135.84429931640625,137.8319854736328,115.90254974365234,1115745
2013-04-04,137.77352905273438,137.77352905273438,130.816650390625,132.20997619628906,111.17501068115234,2306956
2013-04-05,132.5704803466797,134.8504638671875,132.13201904296875,133.613037109375,112.3548583984375,730997
2013-04-08,131.55715942382812,135.43507385253906,131.55715942382812,133.15509033203125,111.96976470947266,424071
2013-04-09,133.4863739013672,133.4863739013672,129.05307006835938,130.16383361816406,109.45442199707031,1479925
2013-04-10,128.7315216064453,132.31715393066406,126.08129119873047,128.6048583984375,108.1434555053711,5316727
2013-04-11,128.82896423339844,135.02584838867188,124.34693908691406,134.1684112548828,112.82185363769531,5373950
2013-04-12,134.17816162109375,136.31199645996094,132.541259765625,135.766357421875,114.1655502319336,1322929
2013-04-15,134.6555938720703,135.82481384277344,129.1115264892578,129.6864013671875,109.05294036865234,1510160
2013-04-16,129.02383422851562,129.97869873046875,127.93255615234375,129.1797332763672,108.62686920166016,3991381
2013-04-17,130.55357360839844,132.3950958251953,129.3940887451172,130.74844360351562,109.94602966308594,8396448
2013-04-18,132.20997619628906,135.62994384765625,131.00177001953125,134.49969482421875,113.10042572021484,5527251
2013-04-22,134.51918029785156,136.7894287109375,134.51918029785156,135.6591796875,114.07542419433594,2239870
2013-04-23,135.73712158203125,135.97097778320312,131.63510131835938,132.51202392578125,111.42901611328125,1759567
2013-04-25,131.55715942382812,139.11813354492188,131.55715942382812,138.01712036132812,116.05821228027344,7616782
2013-04-26,139.33248901367188,140.27760314941406,136.99404907226562,138.18275451660156,116.19749450683594,1942006
2013-04-29,138.348388671875,140.11196899414062,136.1073760986328,137.60789489746094,115.71408081054688,1990341
2013-04-30,137.5396728515625,146.64013671875,136.88687133789062,145.26629638671875,122.15401458740234,5925254
2013-05-02,145.17860412597656,149.07601928710938,142.3140106201172,148.4524383544922,124.83326721191406,4061161
2013-05-03,148.46217346191406,151.0247344970703,144.66220092773438,147.92628479003906,124.39081573486328,3905452
2013-05-06,146.6596221923828,148.32577514648438,142.25555419921875,144.7888641357422,121.7525405883789,1706763
2013-05-07,147.1273193359375,147.28321838378906,143.08375549316406,144.51605224609375,121.52314758300781,3263626
2013-05-08,144.20425415039062,148.10166931152344,141.72940063476562,144.09707641601562,121.17084503173828,4086850
2013-05-09,143.0545196533203,144.31143188476562,141.86581420898438,143.1227264404297,120.35153198242188,1856298
2013-05-10,143.43450927734375,151.31703186035156,141.42735290527344,148.2867889404297,124.69396209716797,10298279
2013-05-13,149.46575927734375,150.81036376953125,144.92527770996094,146.66937255859375,123.33390808105469,2373246
2013-05-14,145.6365509033203,148.2867889404297,145.19808959960938,145.57809448242188,122.41624450683594,1702847
2013-05-15,146.68885803222656,151.01498413085938,145.03245544433594,150.14781188964844,126.25888061523438,4264439
2013-05-16,150.0503692626953,153.9282989501953,150.02113342285156,153.09036254882812,128.73324584960938,2067510
2013-05-17,152.778564453125,154.86367797851562,151.36575317382812,154.19137573242188,129.6591033935547,989897
2013-05-20,153.94778442382812,157.24110412597656,152.98316955566406,156.2959747314453,131.42886352539062,3264135
2013-05-21,156.90008544921875,157.84519958496094,152.38882446289062,153.6749725341797,129.224853515625,6750910
2013-05-22,153.75291442871094,154.67855834960938,152.9734344482422,153.75291442871094,129.29039001464844,3137989
2013-05-23,153.17803955078125,153.94778442382812,150.48883056640625,153.24624633789062,128.86436462402344,4365332
2013-05-24,154.88316345214844,154.88316345214844,152.76881408691406,153.16830444335938,128.79884338378906,2556814
2013-05-27,153.94778442382812,159.7938995361328,153.38265991210938,158.7708282470703,133.50991821289062,1515851
2013-05-28,158.809814453125,164.21746826171875,158.0010986328125,162.79490661621094,136.8937530517578,3650776
2013-05-29,161.74261474609375,162.13235473632812,157.65032958984375,160.8169708251953,135.23056030273438,1354139
2013-05-30,159.0533905029297,161.68414306640625,155.7211151123047,157.1144256591797,132.1171112060547,2409526
2013-05-31,158.58570861816406,160.963134765625,157.66006469726562,158.94622802734375,133.65745544433594,5816654
2013-06-03,158.81954956054688,160.76824951171875,156.28623962402344,157.20211791992188,132.1908416748047,626821
2013-06-04,155.896484375,159.39442443847656,152.9734344482422,157.18263244628906,132.17445373535156,2914816
2013-06-05,155.9354705810547,158.56622314453125,152.9734344482422,156.21803283691406,131.3633270263672,2003693
2013-06-06,155.04881286621094,156.6759796142578,151.4339599609375,152.33035278320312,128.0941925048828,8166197
2013-06-07,152.24266052246094,154.85394287109375,151.4144744873047,152.01856994628906,127.83200073242188,1697197
2013-06-10,153.75291442871094,154.51290893554688,150.25498962402344,151.81394958496094,127.65994262695312,2546992
2013-06-11,151.78472900390625,153.68470764160156,148.29653930664062,151.92112731933594,127.75003814697266,2494234
2013-06-12,148.686279296875,151.3462677001953,148.33551025390625,149.22216796875,125.48054504394531,1120892
2013-06-13,148.16012573242188,149.4073028564453,142.76220703125,143.96066284179688,121.05611419677734,1917554
2013-06-14,143.81451416015625,146.34783935546875,142.64529418945312,145.32476806640625,122.20319366455078,1511089
2013-06-17,143.8242645263672,150.8590850830078,143.8242645263672,150.0016632080078,126.13602447509766,2708725
2013-06-18,150.3231964111328,151.20985412597656,147.7509002685547,148.99807739257812,125.29202270507812,910316
2013-06-19,148.8811492919922,149.85549926757812,147.4683380126953,149.0272979736328,125.316650390625,1041932
2013-06-20,148.12115478515625,148.12115478515625,141.87554931640625,143.30784606933594,120.5071792602539,2479624
2013-06-21,142.64529418945312,142.85964965820312,138.82582092285156,140.27760314941406,118.60420227050781,4415401
2013-06-24,138.7478790283203,139.22531127929688,123.56745910644531,130.9530487060547,110.72029876708984,3306404
2013-06-25,132.31715393066406,133.86636352539062,130.21253967285156,132.41458129882812,111.95602416992188,5149036
2013-06-26,134.26585388183594,134.8504638671875,132.2976531982422,134.10995483398438,113.38941955566406,3936309
2013-06-27,134.32431030273438,141.47605895996094,133.7007293701172,140.25811767578125,118.58768463134766,2550697
2013-06-28,141.45657348632812,142.6063232421875,136.02943420410156,138.05609130859375,116.72587585449219,2218656
2013-07-01,139.71249389648438,141.1740264892578,136.2145538330078,137.04275512695312,115.86912536621094,2063466
2013-07-02,136.0586700439453,136.5555877685547,130.88485717773438,132.1612548828125,111.74180603027344,1346888
2013-07-03,130.5633087158203,133.68124389648438,129.80331420898438,132.51202392578125,112.03842163085938,1049060
2013-07-04,135.80532836914062,135.80532836914062,132.1417694091797,132.6776580810547,112.17845153808594,1241285
2013-07-05,133.85662841796875,135.20123291015625,132.4633026123047,134.27560424804688,113.52950286865234,843759
2013-07-08,131.78125,134.24636840820312,131.28433227539062,132.3561248779297,111.9066162109375,1146632
2013-07-09,132.51202392578125,140.7745361328125,132.27816772460938,139.4494171142578,117.90394592285156,2164995
2013-07-10,138.2412109375,140.59915161132812,134.46072387695312,134.97714233398438,114.1226577758789,1715302
2013-07-11,136.6042938232422,137.3643035888672,133.29150390625,134.15867614746094,113.43063354492188,2654915
2013-07-12,134.07098388671875,135.337646484375,132.31715393066406,133.0186767578125,112.46676635742188,798488
2013-07-15,133.19406127929688,134.62635803222656,131.84945678710938,132.2489471435547,111.81597900390625,1179762
2013-07-16,130.5633087158203,130.5633087158203,125.10693359375,125.67205810546875,106.2552490234375,2776857
2013-07-17,123.74284362792969,126.82179260253906,121.4043960571289,122.68079376220703,103.72615051269531,5283751
2013-07-18,123.47002410888672,128.67306518554688,122.91464233398438,127.64999389648438,107.92755889892578,4802822
2013-07-19,128.63409423828125,130.3489532470703,126.06179809570312,128.5853729248047,108.71843719482422,3026243
2013-07-22,126.72435760498047,130.7386932373047,126.72435760498047,129.10177612304688,109.1550521850586,884325
2013-07-23,129.55972290039062,133.25253295898438,127.39666748046875,131.12843322753906,110.86858367919922,3970603
2013-07-24,131.53765869140625,131.53765869140625,118.91979217529297,126.51974487304688,106.97196197509766,12024809
2013-07-25,125.62334442138672,129.69613647460938,125.0094985961914,128.63409423828125,108.75963592529297,2954319
2013-07-26,125.88641357421875,129.29664611816406,123.74284362792969,124.93154907226562,105.6291275024414,1061648
2013-07-29,123.74284362792969,126.08129119873047,121.62849426269531,122.7295150756836,103.767333984375,1330277
2013-07-30,121.79413604736328,124.71719360351562,121.6187515258789,123.62591552734375,104.52523040771484,981948
2013-07-31,122.2131118774414,126.08129119873047,121.79413604736328,123.23617553710938,104.1957015991211,3253086
2013-08-01,123.93771362304688,125.69154357910156,115.40237426757812,116.76647186279297,98.72560119628906,3726575
2013-08-02,116.56185913085938,122.57361602783203,115.98699188232422,121.56028747558594,102.77873992919922,2331008
2013-08-05,123.93771362304688,126.92897033691406,120.96593475341797,126.0228271484375,106.55181884765625,2354008
2013-08-06,125.55513763427734,125.69154357910156,122.50541687011719,124.66847229003906,105.4067153930664,1723358
2013-08-07,124.81462860107422,127.64025115966797,121.28746795654297,126.57820892333984,107.0213851928711,847906
2013-08-08,124.74642944335938,127.1433334350586,124.48335266113281,125.38949584960938,106.01631164550781,1353231
2013-08-12,125.53565216064453,127.37718200683594,119.91362762451172,121.65772247314453,102.86112976074219,2918490
2013-08-13,122.76848602294922,124.71719360351562,120.82952880859375,124.2884750366211,105.08541870117188,1767218
2013-08-14,124.31771087646484,124.53206634521484,122.91464233398438,124.2592544555664,105.06072998046875,1220917
2013-08-16,124.40540313720703,124.40540313720703,115.5777587890625,120.87824249267578,102.20208740234375,2623109
2013-08-19,119.84542846679688,120.80029296875,114.19418334960938,115.73365783691406,97.85236358642578,2565168
2013-08-20,114.6131591796875,114.6131591796875,102.95014953613281,106.61371612548828,90.14147186279297,4295424
2013-08-21,108.83523559570312,113.03469848632812,108.65010833740234,111.69983673095703,94.44178771972656,2887264
2013-08-22,111.13471221923828,112.07984161376953,104.01219177246094,108.16293334960938,91.45133972167969,2511707
2013-08-23,107.37371063232422,110.78394317626953,105.87320709228516,109.21524047851562,92.34107971191406,2100383
2013-08-26,108.15319061279297,110.29676818847656,104.4993667602539,105.24961853027344,88.9881362915039,1085689
2013-08-27,104.6065444946289,104.6065444946289,96.94812774658203,97.63018035888672,82.54594421386719,2493367
2013-08-28,95.8763427734375,100.48503875732422,90.439453125,99.0624771118164,83.75691986083984,3466428
2013-08-29,98.4486312866211,101.94656372070312,95.49634552001953,99.11119842529297,83.79812622070312,6872082
2013-08-30,99.11119842529297,102.2388687133789,94.1419906616211,101.03067016601562,85.42102813720703,3221824
2013-09-02,99.77375793457031,102.77476501464844,98.21479034423828,100.79682159423828,85.22333526611328,2219031
2013-09-03,101.0014419555664,102.69681549072266,97.24044036865234,98.17581939697266,83.00727081298828,1746825
2013-09-04,97.24044036865234,99.31581115722656,95.50608825683594,97.48402404785156,82.42237854003906,2658507
2013-09-05,99.3840103149414,100.94297790527344,96.46095275878906,97.35736083984375,82.31527709960938,4600544
2013-09-06,97.63018035888672,101.23528289794922,97.26966857910156,100.64093017578125,85.09151458740234,3645228
2013-09-10,102.87220001220703,111.46599578857422,101.14759063720703,110.6377944946289,93.54383850097656,3020075
2013-09-11,109.8290786743164,112.63521575927734,109.07882690429688,111.58291625976562,94.34291076660156,1557654
2013-09-12,111.44650268554688,111.8557357788086,105.90243530273438,107.29576110839844,90.71815490722656,1026983
2013-09-13,106.23371887207031,110.19933319091797,106.20448303222656,109.1275405883789,92.26691436767578,1065142
2013-09-16,111.6608657836914,112.89828491210938,108.39678192138672,110.7254867553711,93.61798095703125,1439211
2013-09-17,110.7254867553711,111.03727722167969,108.12395477294922,109.8193359375,92.85183715820312,638623
2013-09-18,107.773193359375,110.06291961669922,106.80858612060547,108.5136947631836,91.74790954589844,978567
2013-09-19,110.68650817871094,118.34492492675781,110.68650817871094,116.5033950805664,98.50318908691406,2917797
2013-09-20,116.72750091552734,126.39308166503906,113.14187622070312,123.90847778320312,104.76414489746094,4655068
2013-09-23,121.20951843261719,125.08744812011719,118.86133575439453,124.27873229980469,105.0771713256836,1594273
2013-09-24,121.5992660522461,124.30796813964844,115.41212463378906,116.71775817871094,98.6844253540039,1863492
2013-09-25,117.90646362304688,119.29978942871094,112.25521850585938,113.07367706298828,95.6033706665039,3643360
2013-09-26,113.4146957397461,114.77879333496094,110.68650817871094,112.12855529785156,94.80426025390625,1718617
2013-09-27,112.44034576416016,113.61930847167969,110.5306167602539,112.04086303710938,94.73011016845703,1003583
2013-09-30,110.10189819335938,113.55110931396484,110.10189819335938,111.82649993896484,94.54888153076172,1593590
2013-10-01,112.24547576904297,112.90803527832031,110.54035949707031,110.8424072265625,93.716796875,893023
2013-10-03,110.140869140625,112.37214660644531,110.140869140625,111.31009674072266,94.11224365234375,1168246
2013-10-04,111.07624816894531,111.7680435180664,107.47114562988281,108.64036560058594,91.85501861572266,1571848
2013-10-07,107.58806610107422,109.51728820800781,106.61371612548828,108.84497833251953,92.02802276611328,1436994
2013-10-08,111.651123046875,112.03111267089844,106.72089385986328,107.28601837158203,90.70991516113281,1941052
2013-10-09,106.73063659667969,109.90702819824219,106.60397338867188,109.13729095458984,92.27515411376953,2795449
2013-10-10,108.15319061279297,111.32958221435547,107.60755157470703,108.81575012207031,92.0032958984375,2280862
2013-10-11,110.5306167602539,111.46599578857422,108.93267059326172,110.7254867553711,93.61798095703125,3335777
2013-10-14,112.05060577392578,112.9859848022461,110.7449722290039,111.11522674560547,93.94747924804688,1193679
2013-10-15,111.48548126220703,111.98240661621094,108.98139190673828,109.54651641845703,92.62113952636719,1713829
2013-10-17,109.32241821289062,111.0665054321289,107.18858337402344,108.76703643798828,91.96209716796875,1873401
2013-10-18,107.7634506225586,109.11780548095703,106.8572998046875,107.36396789550781,90.77581024169922,2816386
2013-10-21,107.37371063232422,109.1275405883789,106.20448303222656,108.43575286865234,91.68201446533203,1621414
2013-10-22,108.71831512451172,112.24547576904297,107.74396514892578,108.82550048828125,92.01152038574219,1995790
2013-10-23,109.03984832763672,110.10189819335938,106.98397064208984,107.6562728881836,91.02293395996094,1920782
2013-10-24,107.5685806274414,108.98139190673828,106.4188461303711,107.07166290283203,90.52867889404297,4074010
2013-10-25,106.39935302734375,110.88137817382812,106.39935302734375,110.30651092529297,93.26372528076172,2625249
2013-10-28,111.18342590332031,111.2711181640625,107.17884063720703,108.6890869140625,91.89620208740234,1098924
2013-10-29,108.11421966552734,112.81060028076172,107.37371063232422,111.6608657836914,94.40882873535156,3081285
2013-10-30,112.6644515991211,121.19003295898438,112.4695816040039,120.39106750488281,101.7901840209961,2566995
2013-10-31,119.84542846679688,121.75515747070312,116.04544830322266,119.13414764404297,100.72747802734375,4150918
2013-11-01,119.84542846679688,126.66590118408203,119.84542846679688,125.70128631591797,106.27996063232422,3076497
2013-11-05,125.69154357910156,126.18846893310547,117.3121109008789,117.94544219970703,99.72239685058594,2081283
2013-11-06,118.84184265136719,120.32286071777344,116.92237091064453,117.34134674072266,99.21165466308594,641815
2013-11-07,117.3121109008789,117.89672088623047,110.35523223876953,110.60855865478516,93.51911926269531,3243105
2013-11-08,111.62188720703125,111.62188720703125,107.49063110351562,109.55625915527344,92.62938690185547,4762672
2013-11-11,111.44650268554688,111.44650268554688,105.89269256591797,106.7403793334961,90.24857330322266,1374358
2013-11-12,109.1275405883789,109.90702819824219,107.01319885253906,107.7829360961914,91.13004302978516,1636655
2013-11-13,108.15319061279297,110.06291961669922,107.37371063232422,107.93883514404297,91.75957489013672,1098020
2013-11-14,107.58806610107422,111.07624816894531,107.58806610107422,110.31625366210938,93.7806167602539,937945
2013-11-18,111.64137268066406,116.63980865478516,109.89728546142578,115.41212463378906,98.11265563964844,1795093
2013-11-19,115.92852783203125,115.94801330566406,112.65470123291016,114.15520477294922,97.04413604736328,678445
2013-11-20,113.23931121826172,114.68135833740234,111.07624816894531,112.05060577392578,95.25499725341797,791207
2013-11-21,112.05060577392578,112.05060577392578,108.73780059814453,109.41011047363281,93.01030731201172,668499
2013-11-22,109.51728820800781,112.44034576416016,108.73780059814453,110.96907043457031,94.33560180664062,690704
2013-11-25,111.54393768310547,113.0054702758789,111.07624816894531,111.80701446533203,95.0479507446289,541328
2013-11-26,111.46599578857422,113.38545989990234,110.69625091552734,111.31009674072266,94.62549591064453,944344
2013-11-27,110.68650817871094,114.29161834716797,110.27728271484375,113.74597930908203,96.6962661743164,619303
2013-11-28,112.25521850585938,115.3634033203125,111.18342590332031,112.09931945800781,95.29641723632812,3238143
2013-11-29,111.2711181640625,116.32801818847656,111.2711181640625,115.21725463867188,97.94700622558594,1305691
2013-12-02,115.21725463867188,117.87723541259766,113.99931335449219,117.12698364257812,99.57048034667969,1105528
2013-12-03,117.21467590332031,118.7444076538086,115.85057830810547,116.25006866455078,98.82498168945312,2348060
2013-12-04,114.09674835205078,117.43878173828125,113.35623931884766,114.29161834716797,97.16012573242188,1549746
2013-12-05,117.5069808959961,117.5069808959961,114.08700561523438,115.17827606201172,97.91386413574219,1368215
2013-12-06,114.25263977050781,116.92237091064453,114.25263977050781,114.90546417236328,97.68195343017578,1523580
2013-12-09,116.14288330078125,119.15364074707031,115.94801330566406,116.96134185791016,99.42967224121094,2574148
2013-12-10,117.11724090576172,117.88697814941406,115.55827331542969,116.86390686035156,99.3468246459961,4314683
2013-12-11,115.94801330566406,118.754150390625,114.34033203125,117.90646362304688,100.23310852050781,1900953
2013-12-12,118.6567153930664,120.21568298339844,117.70185089111328,118.38389587402344,100.63897705078125,1431390
2013-12-13,118.38389587402344,118.48133087158203,115.94801330566406,116.35724639892578,98.9161148071289,1191164
2013-12-16,116.1818618774414,121.4043960571289,115.31468963623047,120.17670440673828,102.16307067871094,2200362
2013-12-17,121.13157653808594,122.26182556152344,119.60183715820312,120.85875701904297,102.74288940429688,2546966
2013-12-18,121.00491333007812,123.93771362304688,118.93927764892578,123.11925506591797,104.66455841064453,2241230
2013-12-19,123.25566101074219,126.26641845703125,122.20336151123047,124.64899444580078,105.96499633789062,2787146
2013-12-20,124.73667907714844,129.37460327148438,124.73667907714844,128.6048583984375,109.327880859375,2330192
2013-12-23,127.83512115478516,129.96896362304688,125.5843734741211,126.20795440673828,107.29026794433594,1396259
2013-12-24,125.96436309814453,131.25509643554688,124.7951431274414,130.12484741210938,110.62004089355469,1309417
2013-12-26,130.5633087158203,132.45355224609375,127.67922973632812,129.04331970214844,109.70065307617188,1262047
2013-12-27,130.47561645507812,132.51202392578125,127.83512115478516,131.5863800048828,111.86251068115234,642015
2013-12-30,131.73252868652344,132.70689392089844,129.78382873535156,131.82997131347656,112.06958770751953,540009
2013-12-31,131.92739868164062,132.2976531982422,129.25767517089844,131.06997680664062,111.42352294921875,942789
2014-01-01,131.92739868164062,132.02484130859375,130.36843872070312,130.9920196533203,111.35723114013672,262702
2014-01-02,130.9920196533203,132.0735626220703,127.2505111694336,128.3710174560547,109.12908935546875,524306
2014-01-03,128.22486877441406,132.51202392578125,127.3771743774414,131.43048095703125,111.72997283935547,834250
2014-01-06,131.5863800048828,132.2879180908203,127.49410247802734,128.13717651367188,108.9303207397461,1117659
2014-01-07,129.19921875,129.19921875,122.01823425292969,123.67463684082031,105.13668060302734,1614563
2014-01-08,121.98900604248047,125.30180358886719,120.88798522949219,122.32028198242188,103.98531341552734,2560052
2014-01-09,122.18387603759766,122.18387603759766,117.44851684570312,118.77364349365234,100.9703140258789,3638450
2014-01-10,118.77364349365234,120.80029296875,117.11724090576172,117.84800720214844,100.18342590332031,1418320
2014-01-13,118.86133575439453,120.39106750488281,116.5910873413086,118.62748718261719,100.84605407714844,1016264
2014-01-14,117.11724090576172,119.84542846679688,116.86390686035156,118.02339172363281,100.33251953125,3524389
2014-01-15,117.5264663696289,122.37874603271484,117.5264663696289,120.82952880859375,102.71802520751953,1411249
2014-01-16,121.0146484375,122.9633560180664,117.3121109008789,117.92595672607422,100.24967956542969,1649802
2014-01-17,117.58493041992188,118.58851623535156,115.78237915039062,116.85416412353516,99.33855438232422,1289953
2014-01-20,116.92237091064453,119.5531234741211,115.94801330566406,118.95877075195312,101.12769317626953,453860
2014-01-21,117.3121109008789,121.34593200683594,117.3121109008789,120.27413940429688,102.24591064453125,584972
2014-01-22,119.84542846679688,122.18387603759766,119.37773895263672,121.66746520996094,103.43037414550781,432825
2014-01-23,121.66746520996094,122.75874328613281,119.6603012084961,120.3813247680664,102.33702850341797,597899
2014-01-24,119.4556884765625,121.58952331542969,117.99415588378906,120.66388702392578,102.57721710205078,1053514
2014-01-27,119.84542846679688,119.84542846679688,116.93211364746094,117.59467315673828,99.96805572509766,864902
2014-01-28,116.92237091064453,120.45927429199219,116.33775329589844,118.52030944824219,100.75495910644531,1022396
2014-01-29,120.04029846191406,124.11309814453125,118.57876586914062,119.97209167480469,101.98912811279297,2971602
2014-01-30,118.5495376586914,119.18286895751953,115.98699188232422,118.11107635498047,100.40705108642578,3651227
2014-01-31,118.88082122802734,123.16796875,118.00389862060547,121.8331069946289,103.57118225097656,1113405
2014-02-03,122.09618377685547,123.1582260131836,119.28030395507812,120.74183654785156,102.64350891113281,1613116
2014-02-04,119.73825073242188,121.1120834350586,117.4095458984375,119.92337799072266,101.94770050048828,1761686
2014-02-05,120.7028579711914,120.7028579711914,118.66645812988281,118.95877075195312,101.12769317626953,2689707
2014-02-06,117.89672088623047,119.64081573486328,114.06751251220703,116.53263092041016,99.06520080566406,2843409
2014-02-07,118.48133087158203,118.48133087158203,114.72032928466797,115.2464828491211,97.97183990478516,1093705
2014-02-10,115.18801879882812,116.92237091064453,114.0090560913086,115.11981964111328,97.86420440673828,844570
2014-02-11,116.14288330078125,116.14288330078125,113.29777526855469,114.0090560913086,96.9198989868164,825003
2014-02-12,114.38905334472656,114.76905059814453,113.04444122314453,113.66802978515625,96.6300048828125,1710776
2014-02-13,113.57059478759766,114.07725524902344,112.06034851074219,112.61573028564453,95.73542022705078,1062279
2014-02-14,112.60598754882812,113.02495574951172,107.49063110351562,108.52344512939453,92.25653839111328,3524471
2014-02-17,109.34190368652344,111.14445495605469,107.27627563476562,108.00703430175781,91.81755065917969,1153242
2014-02-18,107.11063385009766,110.08241271972656,106.92550659179688,108.97164916992188,92.63758087158203,2743204
2014-02-19,108.95216369628906,109.94599914550781,107.61729431152344,108.30908966064453,92.07432556152344,1859033
2014-02-20,108.15319061279297,112.69367980957031,108.15319061279297,111.71932220458984,94.97340393066406,4417156
2014-02-21,112.41111755371094,114.97366333007812,112.05060577392578,114.66187286376953,97.4748764038086,1328614
2014-02-24,114.77879333496094,115.55827331542969,111.55368041992188,112.43060302734375,95.57805633544922,712960
2014-02-25,113.95059204101562,115.89929962158203,112.49880981445312,115.07109832763672,97.82276153564453,1075816
2014-02-26,115.74340057373047,117.3121109008789,114.77879333496094,115.0516128540039,97.80619049072266,2198535
2014-02-28,116.86390686035156,116.86390686035156,114.58392333984375,115.21725463867188,97.94700622558594,4698296
2014-03-03,116.71775817871094,116.71775817871094,112.47931671142578,112.85931396484375,95.94248962402344,3742272
2014-03-04,113.80443572998047,113.80443572998047,110.29676818847656,112.84957122802734,95.9342269897461,3116929
2014-03-05,114.68135833740234,115.94801330566406,112.34291076660156,115.61673736572266,98.28660583496094,1350814
2014-03-06,116.51313781738281,121.69670104980469,114.97366333007812,120.80029296875,102.69317626953125,2544606
2014-03-07,118.18902587890625,124.57103729248047,118.18902587890625,121.20951843261719,103.04107666015625,7419599
2014-03-10,119.06594848632812,130.9530487060547,119.06594848632812,129.47203063964844,110.06510162353516,3914515
2014-03-11,129.6279296875,131.73252868652344,125.30180358886719,126.52948760986328,107.56361389160156,2759928
2014-03-12,126.0228271484375,127.83512115478516,124.17155456542969,125.70128631591797,106.85955047607422,2702639
2014-03-13,125.69154357910156,127.83512115478516,124.54180908203125,125.47718811035156,106.66905975341797,2696522
2014-03-14,125.10693359375,125.10693359375,121.24849700927734,122.6223373413086,104.24214172363281,1924841
2014-03-18,122.75874328613281,131.99560546875,121.42388153076172,127.64025115966797,108.50787353515625,7413816
2014-03-19,127.83512115478516,135.123291015625,127.50384521484375,132.22946166992188,112.4092025756836,4897485
2014-03-20,130.89459228515625,130.89459228515625,126.83154296875,127.53307342529297,108.41676330566406,2322351
2014-03-21,128.55615234375,131.98587036132812,127.66947937011719,130.0079345703125,110.52067565917969,4446688
2014-03-24,129.6084442138672,135.72738647460938,129.5987091064453,134.48020935058594,114.32256317138672,2266293
2014-03-25,134.46072387695312,146.14321899414062,133.0186767578125,137.2960968017578,116.71636199951172,8242304
2014-03-26,136.26327514648438,139.91709899902344,135.123291015625,138.38735961914062,117.6440658569336,5189422
2014-03-27,138.55300903320312,143.2299041748047,136.41917419433594,139.5858154296875,118.66291046142578,4934166
2014-03-28,139.91709899902344,145.17860412597656,138.7576141357422,143.9314422607422,122.35712432861328,3281151
2014-03-31,144.593994140625,151.92112731933594,143.9314422607422,149.56320190429688,127.14473724365234,3946515
2014-04-01,149.05653381347656,149.05653381347656,144.33091735839844,147.09808349609375,125.04914093017578,3025520
2014-04-02,148.58883666992188,151.7554931640625,146.80577087402344,149.0857696533203,126.73886108398438,2469125
2014-04-03,146.1529541015625,147.71192932128906,139.1376190185547,142.64529418945312,121.2637710571289,3158541
2014-04-04,142.64529418945312,144.1847686767578,139.61505126953125,142.53811645507812,121.17267608642578,1145667
2014-04-07,143.6975860595703,146.54270935058594,139.72222900390625,144.21400451660156,122.59734344482422,2374544
2014-04-09,146.9129638671875,154.5323944091797,144.65245056152344,153.3339385986328,130.35031127929688,4932323
2014-04-10,153.76266479492188,154.92213439941406,150.47909545898438,152.32061767578125,129.48880004882812,3922751
2014-04-11,151.04421997070312,151.5606231689453,147.73141479492188,149.97242736816406,127.49266815185547,2083777
2014-04-15,149.29037475585938,149.29037475585938,141.66119384765625,142.8498992919922,121.43773651123047,1555734
2014-04-16,143.51246643066406,144.20425415039062,140.6965789794922,141.46632385253906,120.26151275634766,2594926
2014-04-17,144.41860961914062,146.71807861328125,141.87554931640625,145.7242431640625,123.88121795654297,2824063
2014-04-21,145.17860412597656,148.900634765625,144.3601531982422,148.31602478027344,126.08451843261719,1676722
2014-04-22,149.27088928222656,153.65548706054688,147.88731384277344,152.4765167236328,129.62135314941406,1680278
2014-04-23,152.5836944580078,162.5026092529297,152.5836944580078,158.09852600097656,134.40066528320312,3500399
2014-04-24,158.09852600097656,158.09852600097656,158.09852600097656,158.09852600097656,134.40066528320312,0
2014-04-25,158.7708282470703,161.54774475097656,155.11700439453125,156.8513641357422,133.34046936035156,1420265
2014-04-28,156.870849609375,157.71853637695312,150.14781188964844,151.09292602539062,128.44520568847656,1411377
2014-04-29,151.12216186523438,153.55804443359375,143.5904083251953,145.2078399658203,123.44220733642578,2106895
2014-04-30,145.22732543945312,145.37347412109375,138.6017303466797,143.19093322753906,121.72766876220703,4404414
2014-05-02,144.19451904296875,145.56834411621094,141.7781219482422,144.35040283203125,122.71331024169922,1378258
2014-05-05,145.76321411132812,145.8509063720703,141.7781219482422,142.5673370361328,121.19749450683594,1248002
2014-05-06,142.2458038330078,143.0350341796875,140.11196899414062,140.6868438720703,119.598876953125,853130
2014-05-07,139.33248901367188,142.61605834960938,135.82481384277344,137.06224060058594,116.51758575439453,3261579
2014-05-08,137.25711059570312,140.65760803222656,137.25711059570312,139.09864807128906,118.24873352050781,3569383
2014-05-09,139.04017639160156,151.2390899658203,139.04017639160156,150.2647247314453,127.7411117553711,4571017
2014-05-12,150.82984924316406,153.93804931640625,146.25039672851562,151.15139770507812,128.494873046875,2701761
2014-05-13,151.3267822265625,154.7467498779297,148.3842315673828,153.6165008544922,130.5904541015625,2483966
2014-05-14,154.90264892578125,157.26058959960938,150.0503692626953,156.69546508789062,133.2079620361328,3121625
2014-05-15,156.8513641357422,159.59902954101562,155.91598510742188,158.78057861328125,134.9805145263672,3815100
2014-05-16,160.76824951171875,180.9665985107422,159.80364990234375,165.98104858398438,141.10166931152344,6997935
2014-05-19,170.10255432128906,180.21633911132812,167.80308532714844,177.7902069091797,151.14068603515625,4811089
2014-05-20,177.43943786621094,178.3845672607422,169.5374298095703,171.5835723876953,145.86439514160156,3520120
2014-05-21,170.7748565673828,173.4153594970703,168.17333984375,170.14154052734375,144.63851928710938,4037509
2014-05-22,172.4604949951172,186.68605041503906,171.48614501953125,183.7142791748047,156.17681884765625,7351400
2014-05-23,182.04812622070312,185.54605102539062,175.05227661132812,178.4527587890625,151.70396423339844,5833603
2014-05-26,182.97377014160156,185.45835876464844,175.6368865966797,182.47683715820312,155.12484741210938,1661599
2014-05-27,182.98350524902344,184.11375427246094,176.2799530029297,178.26763916015625,151.5465545654297,8715690
2014-05-28,178.26763916015625,182.5645294189453,177.13739013671875,181.19070434570312,154.03147888183594,4978179
2014-05-29,181.99940490722656,181.99940490722656,176.3871307373047,177.9363555908203,151.2649383544922,2841536
2014-05-30,177.9168701171875,187.79681396484375,172.21690368652344,184.58145141601562,156.91403198242188,6262231
2014-06-02,186.06246948242188,186.2963104248047,181.42454528808594,183.45120239257812,155.95315551757812,1158009
2014-06-03,185.9065704345703,188.63475036621094,182.80812072753906,186.59835815429688,158.62857055664062,2563388
2014-06-04,188.3814239501953,188.3814239501953,178.71583557128906,179.7681427001953,152.82215881347656,3197388
2014-06-05,180.2650604248047,185.87733459472656,179.57327270507812,185.13682556152344,157.38607788085938,2240953
2014-06-06,185.9065704345703,193.70138549804688,184.8932342529297,191.5675506591797,162.85293579101562,4154997
2014-06-09,193.94497680664062,198.7680206298828,191.9865264892578,196.28343200683594,166.86195373535156,2345150
2014-06-10,197.07264709472656,199.35264587402344,191.6649932861328,196.380859375,166.94476318359375,2238167
2014-06-11,196.17625427246094,196.17625427246094,190.98294067382812,193.9936981201172,164.91543579101562,1901707
2014-06-12,193.89625549316406,195.04600524902344,191.967041015625,194.2275390625,165.11424255371094,1156654
2014-06-13,194.64651489257812,194.67575073242188,180.06045532226562,181.7168426513672,154.47877502441406,2692930
2014-06-16,181.61941528320312,182.6230010986328,174.98406982421875,177.4004669189453,150.80941772460938,1959387
2014-06-17,177.17636108398438,180.24557495117188,176.3773956298828,177.73175048828125,151.0910186767578,4536168
2014-06-18,179.99224853515625,179.99224853515625,170.53128051757812,171.46665954589844,145.76502990722656,4148537
2014-06-19,171.68101501464844,174.0389404296875,168.7677001953125,170.6676788330078,145.08578491210938,3328182
2014-06-20,170.71640014648438,170.71640014648438,167.19898986816406,168.29026794433594,143.0647735595703,2095954
2014-06-23,168.39744567871094,169.63487243652344,164.509765625,165.55233764648438,140.7372283935547,5359073
2014-06-24,164.0810546875,168.92359924316406,164.0810546875,165.55233764648438,140.7372283935547,5637617
2014-06-25,167.19898986816406,167.19898986816406,164.73387145996094,165.64002990722656,141.47787475585938,5140302
2014-06-26,165.4451446533203,173.8050994873047,165.4451446533203,172.51895141601562,147.3533477783203,7668955
2014-06-27,175.169189453125,176.0558624267578,171.52511596679688,174.5066375732422,149.05111694335938,1925836
2014-06-30,173.6297149658203,177.52713012695312,172.7528076171875,176.36764526367188,150.6406707763672,1421461
2014-07-01,177.31277465820312,177.9168701171875,175.38356018066406,176.26046752929688,150.54908752441406,872173
2014-07-02,176.35791015625,184.34759521484375,176.1630401611328,183.6071014404297,156.82408142089844,2549163
2014-07-03,184.7373504638672,187.97219848632812,181.03480529785156,182.3501739501953,155.75045776367188,2897481
2014-07-04,181.03480529785156,186.88092041015625,181.03480529785156,185.92605590820312,158.80479431152344,1578011
2014-07-07,187.07579040527344,189.4044952392578,185.65322875976562,186.9783477783203,159.7035675048828,2284787
2014-07-08,185.12709045410156,188.99526977539062,176.3773956298828,178.67686462402344,152.613037109375,1902657
2014-07-09,178.7061004638672,182.0286407470703,171.8563995361328,175.3153533935547,149.74185180664062,2299284
2014-07-10,173.6297149658203,184.15272521972656,172.4604949951172,176.679443359375,150.90696716308594,1760737
2014-07-11,176.74765014648438,183.85067749023438,165.24053955078125,168.00770568847656,143.50018310546875,2090956
2014-07-14,167.58872985839844,172.65536499023438,165.65951538085938,171.1548614501953,146.1882781982422,618836
2014-07-15,171.52511596679688,177.52713012695312,169.74205017089844,176.9132843017578,151.10667419433594,1406374
2014-07-16,179.0178985595703,181.99940490722656,170.53128051757812,179.2322540283203,153.08741760253906,2047810
2014-07-17,177.44918823242188,182.59376525878906,176.41636657714844,177.4686737060547,151.58106994628906,1429235
2014-07-18,177.13739013671875,177.13739013671875,173.04510498046875,174.60406494140625,149.13430786132812,1194956
2014-07-21,173.56150817871094,177.95584106445312,171.57383728027344,174.5066375732422,149.05111694335938,2306915
2014-07-22,173.6297149658203,176.92303466796875,173.6297149658203,175.19842529296875,149.64198303222656,825460
2014-07-23,176.35791015625,177.95584106445312,170.04409790039062,171.20358276367188,146.2298583984375,1609201
2014-07-24,172.40203857421875,174.19483947753906,169.7128143310547,170.9405059814453,146.00514221191406,1347473
2014-07-25,170.8430633544922,173.70767211914062,165.49386596679688,172.52870178222656,147.3616943359375,3087915
2014-07-28,174.40919494628906,178.67686462402344,174.40919494628906,176.88406372070312,151.0817108154297,5713339
2014-07-30,177.108154296875,179.9630126953125,175.69534301757812,178.1117401123047,152.13031005859375,6601646
2014-07-31,178.30661010742188,179.11532592773438,173.6297149658203,175.39329528808594,149.8084259033203,4128087
2014-08-01,173.87330627441406,174.66253662109375,171.29127502441406,172.53843688964844,147.3699951171875,1564843
2014-08-04,172.73330688476562,172.73330688476562,168.82615661621094,170.005126953125,145.2062530517578,3152383
2014-08-05,172.0707550048828,174.3312530517578,168.56307983398438,173.2107391357422,147.94427490234375,2185757
2014-08-06,173.33741760253906,175.9486846923828,173.11331176757812,174.67227172851562,149.19256591796875,8227125
2014-08-07,175.77330017089844,178.89122009277344,174.40919494628906,176.6599578857422,150.890380859375,3720458
2014-08-08,174.8184356689453,175.47125244140625,169.93692016601562,171.7492218017578,146.6959228515625,1163156
2014-08-11,171.7492218017578,175.51995849609375,171.7492218017578,174.34100341796875,148.90966796875,2190725
2014-08-12,175.19842529296875,176.0850830078125,172.9866485595703,175.15945434570312,149.60873413085938,1409058
2014-08-13,176.893798828125,179.16404724121094,172.0707550048828,174.64305114746094,149.16763305664062,1784147
2014-08-14,176.3384246826172,176.3384246826172,171.8856201171875,173.81484985351562,148.46026611328125,1280588
2014-08-18,174.0194549560547,174.5066375732422,171.20358276367188,172.7528076171875,147.5530548095703,1712361
2014-08-19,174.78919982910156,181.3855743408203,173.42510986328125,180.80096435546875,154.42726135253906,5299593
2014-08-20,182.14556884765625,183.7629852294922,181.7168426513672,182.603515625,155.96690368652344,5651190
2014-08-21,181.22967529296875,185.02964782714844,178.79379272460938,181.8240203857422,155.30108642578125,4201074
2014-08-22,182.2040252685547,182.98350524902344,181.15171813964844,182.5645294189453,155.93357849121094,3529233
2014-08-25,182.5645294189453,186.86143493652344,179.86558532714844,180.86915588378906,154.48550415039062,4107422
2014-08-26,182.0091552734375,182.0091552734375,175.7830352783203,177.71224975585938,151.78912353515625,1379730
2014-08-27,179.25173950195312,179.8558349609375,176.61123657226562,179.154296875,153.02084350585938,1439514
2014-08-28,179.475830078125,180.23582458496094,175.5297088623047,176.1922607421875,150.49085998535156,1989617
2014-09-01,175.0133056640625,184.93222045898438,175.0133056640625,183.7629852294922,156.95721435546875,2238813
2014-09-02,185.12709045410156,188.64450073242188,183.3732452392578,187.20245361328125,159.89498901367188,3942061
2014-09-03,188.24501037597656,191.9475555419922,187.07579040527344,189.57012939453125,161.91726684570312,7382180
2014-09-04,190.73936462402344,190.73936462402344,186.73477172851562,189.9014129638672,162.20025634765625,1302412
2014-09-05,191.89883422851562,193.7793426513672,189.54090881347656,192.94139099121094,164.79678344726562,4716159
2014-09-08,193.3116455078125,194.07164001464844,187.56297302246094,189.05372619628906,161.47618103027344,2453135
2014-09-09,190.349609375,190.95372009277344,187.08554077148438,190.12551879882812,162.3916473388672,1199852
2014-09-10,190.77833557128906,192.0937042236328,188.81988525390625,190.20346069335938,162.45819091796875,2646940
2014-09-11,190.95372009277344,191.752685546875,188.30348205566406,189.170654296875,161.5760498046875,3694097
2014-09-12,190.76858520507812,191.65524291992188,188.0696258544922,190.27166748046875,162.51649475097656,2390052
2014-09-15,191.5188446044922,191.5188446044922,188.47886657714844,189.3655242919922,161.7425079345703,1196003
2014-09-16,188.63475036621094,189.96961975097656,180.2553253173828,181.19070434570312,154.7601318359375,1480510
2014-09-17,181.65838623046875,186.27682495117188,177.65379333496094,185.33169555664062,158.29713439941406,2339259
2014-09-18,185.12709045410156,188.0404052734375,185.12709045410156,187.55322265625,160.19459533691406,1789566
2014-09-19,187.07579040527344,190.028076171875,184.19171142578125,188.22552490234375,160.76881408691406,3274495
2014-09-22,188.22552490234375,191.93780517578125,186.1306610107422,190.71986389160156,162.89927673339844,2488979
2014-09-23,192.4834442138672,194.61727905273438,189.43373107910156,190.41781616210938,162.64129638671875,6054011
2014-09-24,190.98294067382812,190.98294067382812,183.0127410888672,183.85067749023438,157.03213500976562,2038845
2014-09-25,186.0819549560547,186.0819549560547,173.44459533691406,179.2127685546875,153.0707244873047,5276680
2014-09-26,178.51123046875,186.34503173828125,178.19943237304688,184.60093688964844,157.67295837402344,2435323
2014-09-29,184.5717010498047,191.7332000732422,183.17837524414062,190.07679748535156,162.3500213623047,1266763
2014-09-30,190.09628295898438,191.538330078125,180.35275268554688,181.67787170410156,155.17625427246094,2849916
2014-10-01,182.3306884765625,182.47683715820312,176.35791015625,177.4102020263672,151.5311279296875,3589304
2014-10-07,177.4881591796875,183.7532501220703,171.50563049316406,172.91844177246094,147.69461059570312,2897702
2014-10-08,175.37380981445312,180.01173400878906,172.52870178222656,175.2081756591797,149.6503143310547,3628915
2014-10-09,175.18869018554688,178.50148010253906,174.62355041503906,175.66612243652344,150.04144287109375,4957863
2014-10-10,175.38356018066406,175.38356018066406,169.14768981933594,170.8430633544922,145.92198181152344,1358804
2014-10-13,169.34255981445312,170.89178466796875,166.67283630371094,170.39486694335938,145.53907775878906,1412696
2014-10-14,171.8174285888672,177.5076446533203,171.48614501953125,176.21176147460938,150.50755310058594,4973007
2014-10-15,176.21176147460938,176.21176147460938,176.21176147460938,176.21176147460938,150.50755310058594,0
2014-10-16,173.6297149658203,179.03738403320312,167.0625762939453,170.0343475341797,145.23117065429688,2123875
2014-10-17,170.42410278320312,176.6989288330078,170.31692504882812,175.38356018066406,149.80010986328125,2938057
2014-10-20,176.1630401611328,183.5486297607422,176.1630401611328,180.1968536376953,153.91128540039062,3655538
2014-10-21,179.2809600830078,179.2809600830078,173.85382080078125,175.39329528808594,149.8084259033203,2410209
2014-10-22,175.7830352783203,179.8558349609375,175.58816528320312,178.3845672607422,152.3633575439453,1527197
2014-10-27,180.2650604248047,182.44761657714844,174.1168975830078,174.9061279296875,149.392333984375,1038350
2014-10-28,173.56150817871094,176.2994384765625,170.12203979492188,173.67843627929688,148.34371948242188,3068317
2014-10-29,174.21432495117188,175.77330017089844,171.87588500976562,174.16561889648438,148.75982666015625,1311382
2014-10-30,173.6297149658203,178.28712463378906,172.47998046875,176.8061065673828,151.694091796875,10730940
2014-10-31,178.1020050048828,185.721435546875,174.47740173339844,185.19528198242188,158.8917236328125,9353606
2014-11-03,185.9065704345703,186.86143493652344,182.0091552734375,182.61325073242188,156.67640686035156,3748795
2014-11-05,181.8142852783203,187.8552703857422,181.8142852783203,184.7860565185547,158.54058837890625,5213500
2014-11-07,185.54605102539062,190.3885955810547,185.1660614013672,189.1901397705078,162.3191680908203,5552094
2014-11-10,189.9988555908203,191.36294555664062,187.660400390625,188.61526489257812,161.8259735107422,4379510
2014-11-11,188.82962036132812,204.029541015625,188.82962036132812,197.85214233398438,169.75091552734375,15191577
2014-11-12,198.79725646972656,205.0526123046875,197.01419067382812,202.50953674316406,173.74679565429688,6687406
2014-11-13,203.63978576660156,206.9525909423828,200.71673583984375,204.53619384765625,175.4856414794922,5330054
2014-11-14,204.53619384765625,207.53720092773438,200.71673583984375,203.26954650878906,174.3988494873047,20736533
2014-11-17,204.49722290039062,208.4920654296875,202.34390258789062,204.98440551757812,175.8701629638672,6181224
2014-11-18,205.7833709716797,207.49822998046875,202.66543579101562,204.46798706054688,175.42706298828125,3651427
2014-11-19,203.5618438720703,211.90231323242188,203.5618438720703,207.51771545410156,178.04364013671875,3527073
2014-11-20,210.18743896484375,210.26539611816406,202.66543579101562,204.59466552734375,175.53575134277344,1109253
2014-11-21,205.5885009765625,208.03411865234375,203.87364196777344,206.397216796875,177.08229064941406,1832231
2014-11-24,205.00389099121094,206.85516357421875,202.38287353515625,204.68235778808594,175.6110076904297,5744626
2014-11-25,204.0587615966797,206.79669189453125,194.87062072753906,199.70339965820312,171.33924865722656,3234925
2014-11-26,198.7680206298828,203.60081481933594,196.17625427246094,202.25621032714844,173.52940368652344,2657994
2014-11-27,202.27569580078125,203.44491577148438,197.98854064941406,202.15878295898438,173.44586181640625,3076779
2014-11-28,204.19517517089844,214.16281127929688,203.63978576660156,210.44078063964844,180.5515594482422,5666477
2014-12-01,211.23974609375,221.95762634277344,207.5566864013672,217.63150024414062,186.7209930419922,3988436
2014-12-02,218.26483154296875,220.90533447265625,211.65872192382812,216.4622802734375,185.71783447265625,2074838
2014-12-03,217.86534118652344,228.29092407226562,216.29664611816406,226.53709411621094,194.36167907714844,3375321
2014-12-04,227.57965087890625,238.24880981445312,226.4396514892578,234.6339569091797,201.30853271484375,5386994
2014-12-05,236.96266174316406,238.52163696289062,228.69041442871094,229.5965576171875,196.98660278320312,2657722
2014-12-08,230.726806640625,235.20883178710938,225.0755615234375,229.6160430908203,197.0033416748047,3005527
2014-12-09,229.3627166748047,231.07757568359375,218.64483642578125,223.29249572753906,191.57789611816406,3265402
2014-12-10,223.12686157226562,232.65602111816406,221.33404541015625,231.5550079345703,198.6669464111328,2563434
2014-12-11,233.05551147460938,233.05551147460938,220.69097900390625,223.8576202392578,192.0627899169922,3970336
2014-12-12,223.8576202392578,226.89759826660156,216.82278442382812,218.89816284179688,187.80775451660156,2692345
2014-12-15,218.25509643554688,223.19505310058594,217.47560119628906,218.98585510253906,187.88294982910156,1561441
2014-12-16,219.42431640625,222.67864990234375,209.77821350097656,211.30795288085938,181.29554748535156,4450819
2014-12-17,209.23257446289062,211.73666381835938,197.93983459472656,206.6407928466797,177.29129028320312,5825768
2014-12-18,209.4664306640625,219.42431640625,209.4664306640625,218.58636474609375,187.54022216796875,3869362
2014-12-19,218.65457153320312,220.20379638671875,211.07411193847656,213.6269073486328,183.28518676757812,1944125
2014-12-22,214.04588317871094,218.71302795410156,208.75514221191406,217.41714477539062,186.5370330810547,2567893
2014-12-23,219.03457641601562,219.2294464111328,211.93153381347656,214.7376708984375,184.23817443847656,1696618
2014-12-24,214.78639221191406,216.2479248046875,211.5320587158203,213.70486450195312,183.3520050048828,1027907
2014-12-26,212.62332153320312,216.11151123046875,210.24591064453125,212.68179321289062,182.47427368164062,716064
2014-12-29,213.39306640625,216.3551025390625,212.8181915283203,214.1822967529297,183.76165771484375,1032269
2014-12-30,212.80845642089844,217.0761260986328,212.1556396484375,215.57562255859375,184.95709228515625,1115632
2014-12-31,216.50125122070312,217.86534118652344,212.6720428466797,215.97509765625,185.2998504638672,1910549
2015-01-01,217.47560119628906,217.47560119628906,213.5782012939453,214.8156280517578,184.3050537109375,230491
2015-01-02,213.7730712890625,217.86534118652344,213.7730712890625,215.54638671875,184.9320068359375,1170068
2015-01-05,216.19920349121094,219.1709747314453,207.45925903320312,208.82334899902344,179.16384887695312,2785715
2015-01-06,208.4920654296875,211.5125732421875,201.73980712890625,203.72747802734375,174.791748046875,2699693
2015-01-07,202.27569580078125,204.44850158691406,199.4695587158203,202.66543579101562,173.88058471679688,3076271
2015-01-08,204.61415100097656,207.48849487304688,202.36338806152344,205.27670288085938,176.12091064453125,2178650
2015-01-09,206.56285095214844,209.29104614257812,204.36080932617188,206.77720642089844,177.40830993652344,1674675
2015-01-12,206.56285095214844,208.5115509033203,201.5839080810547,202.83108520507812,174.02268981933594,1716246
2015-01-13,203.05517578125,205.2474822998047,201.16493225097656,202.56800842285156,173.7969512939453,1377123
2015-01-14,202.090576171875,205.55926513671875,198.7680206298828,201.53518676757812,172.91085815429688,1767193
2015-01-15,206.1243896484375,218.7422637939453,206.1243896484375,216.47201538085938,185.72613525390625,6809123
2015-01-16,216.8909912109375,227.9791259765625,216.8909912109375,227.0437469482422,194.79637145996094,6657545
2015-01-19,228.2324676513672,229.3822021484375,217.69970703125,222.65916442871094,191.0345458984375,3690936
2015-01-20,221.18789672851562,223.87710571289062,216.1602325439453,219.09303283691406,187.97488403320312,4134071
2015-01-21,221.5581512451172,226.04991149902344,213.78280639648438,215.61459350585938,184.99050903320312,4073851
2015-01-22,217.47560119628906,219.81405639648438,214.8448486328125,218.8104705810547,187.7324676513672,2308772
2015-01-23,220.7884063720703,222.46429443359375,210.0900115966797,213.47100830078125,183.15138244628906,4504014
2015-01-27,212.19461059570312,217.62176513671875,211.7464141845703,214.67921447753906,184.18800354003906,6903221
2015-01-28,214.55255126953125,226.79042053222656,213.7730712890625,225.8258056640625,193.75143432617188,2941577
2015-01-29,224.10121154785156,227.83297729492188,221.1781463623047,226.03042602539062,193.927001953125,1557536
2015-01-30,226.8293914794922,227.7842559814453,220.2622528076172,222.61044311523438,190.99278259277344,2126303
2015-02-02,222.15249633789062,228.144775390625,221.4314727783203,225.83555603027344,193.75979614257812,1948508
2015-02-03,227.7842559814453,234.819091796875,226.04991149902344,228.60272216796875,196.13394165039062,3615060
2015-02-04,227.80374145507812,229.3627166748047,220.8566131591797,222.31814575195312,190.74203491210938,1380007
2015-02-05,222.3473663330078,231.6427001953125,222.3473663330078,225.49453735351562,193.46717834472656,2562464
2015-02-06,224.10121154785156,229.54783630371094,220.21353149414062,222.17198181152344,190.61659240722656,1398887
2015-02-09,222.17198181152344,226.8293914794922,220.39866638183594,223.61402893066406,191.85382080078125,1226844
2015-02-10,224.0719757080078,227.80374145507812,221.6653289794922,223.3704376220703,191.64476013183594,1861388
2015-02-11,222.542236328125,227.86221313476562,222.542236328125,225.8258056640625,193.75143432617188,1074969
2015-02-12,227.98887634277344,237.74215698242188,224.49095153808594,236.21241760253906,202.66282653808594,2390468
2015-02-13,237.71292114257812,247.87542724609375,237.01138305664062,245.53697204589844,210.66297912597656,4031423
2015-02-16,246.3164520263672,250.3015594482422,236.08575439453125,238.0149688720703,204.20936584472656,2120725
2015-02-18,237.15753173828125,246.51132202148438,236.76779174804688,243.72467041015625,209.10812377929688,2952112
2015-02-19,244.5626220703125,246.12158203125,234.23448181152344,239.26214599609375,205.27935791015625,1494519
2015-02-20,241.44468688964844,241.44468688964844,234.68267822265625,236.64112854003906,203.0306396484375,2492402
2015-02-23,237.73240661621094,239.43753051757812,232.03244018554688,235.89088439941406,202.386962890625,2295374
2015-02-24,236.3780517578125,236.3780517578125,224.10121154785156,226.10836791992188,193.9938507080078,5105274
2015-02-25,226.8293914794922,232.19808959960938,226.80990600585938,229.98629760742188,197.32095336914062,2783097
2015-02-26,229.94732666015625,234.390380859375,224.33505249023438,228.11553955078125,195.71592712402344,3584111
2015-02-27,227.99862670898438,229.71348571777344,222.3473663330078,225.5237579345703,193.49224853515625,4603259
2015-03-02,240.6652069091797,242.0682830810547,233.95191955566406,236.972412109375,203.31484985351562,4132172
2015-03-03,237.92727661132812,242.8087921142578,237.92727661132812,241.69802856445312,207.36929321289062,2346556
2015-03-04,244.5626220703125,250.9348907470703,234.03961181640625,235.6472930908203,202.177978515625,1953306
2015-03-05,236.1831817626953,236.1831817626953,228.51502990722656,231.5355224609375,198.6501922607422,1946594
2015-03-09,231.50628662109375,239.30111694335938,228.4857940673828,232.87039184570312,199.79544067382812,3558391
2015-03-10,233.12371826171875,236.70933532714844,228.77810668945312,232.2565460205078,199.26878356933594,2014418
2015-03-11,233.0652618408203,234.3026885986328,225.66017150878906,227.3360595703125,195.04718017578125,2329848
2015-03-12,228.19349670410156,237.34266662597656,227.6575927734375,234.93601989746094,201.56771850585938,2436780
2015-03-13,234.04934692382812,241.6005859375,229.67449951171875,231.50628662109375,198.6250762939453,3695934
2015-03-16,232.2857666015625,232.38320922851562,222.4155731201172,223.6432647705078,191.87884521484375,1917959
2015-03-17,224.61761474609375,232.87039184570312,224.22787475585938,229.4698944091797,196.87794494628906,3004531
2015-03-18,229.94732666015625,231.88629150390625,227.98887634277344,229.62579345703125,197.01170349121094,502969
2015-03-19,232.1298828125,236.53395080566406,228.9827117919922,231.0191192626953,198.2071075439453,2149251
2015-03-20,229.67449951171875,234.55601501464844,227.0437469482422,232.39295959472656,199.38584899902344,1250439
2015-03-23,233.84474182128906,234.6242218017578,229.05091857910156,233.93243408203125,200.70663452148438,853355
2015-03-24,234.819091796875,235.0139617919922,225.08529663085938,226.19606018066406,194.06912231445312,1470447
2015-03-25,226.19606018066406,226.89759826660156,216.42330932617188,218.235595703125,187.2392578125,3466992
2015-03-26,217.1053466796875,218.94688415527344,209.00848388671875,213.40281677246094,183.09288024902344,4203081
2015-03-27,215.867919921875,215.867919921875,203.63978576660156,211.12281799316406,181.13674926757812,4265342
2015-03-30,211.4541015625,218.78123474121094,211.4541015625,218.3232879638672,187.3144989013672,1693385
2015-03-31,221.2755889892578,221.2755889892578,213.78280639648438,217.15406799316406,186.31134033203125,3356729
2015-04-01,219.2099609375,225.85504150390625,214.8448486328125,223.86737060546875,192.07113647460938,1503520
2015-04-06,225.0755615234375,228.34938049316406,219.638671875,226.10836791992188,193.9938507080078,1652388
2015-04-07,226.35195922851562,232.83140563964844,224.10121154785156,231.3211669921875,198.46629333496094,2022624
2015-04-08,233.62063598632812,235.2185821533203,225.08529663085938,226.42991638183594,194.26971435546875,1822676
2015-04-09,228.36888122558594,228.36888122558594,222.95147705078125,225.46530151367188,193.44210815429688,1741883
2015-04-10,225.46530151367188,226.24478149414062,219.66790771484375,221.44122314453125,189.9895782470703,2068038
2015-04-13,221.95762634277344,225.4847869873047,221.1781463623047,222.95147705078125,191.28530883789062,1598162
2015-04-15,224.10121154785156,224.6760711669922,212.42845153808594,214.2212677001953,183.7950897216797,4035764
2015-04-16,215.90689086914062,216.2674102783203,200.91160583496094,204.73106384277344,175.65281677246094,5112751
2015-04-17,205.5885009765625,205.74440002441406,197.6572723388672,199.83981323242188,171.4562530517578,4230088
2015-04-20,200.91160583496094,204.14645385742188,194.87062072753906,197.17982482910156,169.174072265625,3625000
2015-04-21,198.34906005859375,202.6069793701172,196.81932067871094,200.2587890625,171.8157196044922,2088883
2015-04-22,201.3013458251953,205.5885009765625,197.85214233398438,203.01620483398438,174.18153381347656,2823914
2015-04-23,203.6690216064453,206.56285095214844,198.962890625,200.71673583984375,172.20863342285156,2679408
2015-04-24,201.6910858154297,204.14645385742188,192.92190551757812,202.65570068359375,173.87222290039062,2299094
2015-04-27,203.18185424804688,205.5690155029297,191.9475555419922,194.27626037597656,166.68289184570312,3282403
2015-04-28,194.4613800048828,196.0398406982422,187.34860229492188,193.16549682617188,165.72991943359375,6243368
2015-04-29,193.64292907714844,196.0398406982422,189.41424560546875,191.81114196777344,164.56790161132812,4024885
2015-04-30,191.36294555664062,191.36294555664062,184.32810974121094,188.99526977539062,162.1519775390625,6497726
2015-05-04,181.46351623535156,184.15272521972656,159.3262176513672,161.35287475585938,138.43572998046875,28038429
2015-05-05,159.80364990234375,165.97129821777344,155.56521606445312,164.9969482421875,141.5621795654297,30906640
2015-05-06,165.25027465820312,167.14053344726562,157.95237731933594,158.71237182617188,136.170166015625,11106009
2015-05-07,156.870849609375,160.14466857910156,148.3062744140625,150.2257537841797,128.8889923095703,8459448
2015-05-08,151.2196044921875,156.3641815185547,149.3098602294922,153.95753479003906,132.09072875976562,8135095
2015-05-11,155.77957153320312,161.1580047607422,153.7139434814453,160.41749572753906,137.63316345214844,6004394
2015-05-12,160.37850952148438,160.37850952148438,156.11085510253906,157.24110412597656,134.90789794921875,5675252
2015-05-13,157.32879638671875,160.01800537109375,154.1426544189453,158.4492950439453,135.94451904296875,6032361
2015-05-14,158.04006958007812,161.74261474609375,156.31546020507812,159.30673217773438,136.68014526367188,4437703
2015-05-15,160.57337951660156,164.86053466796875,159.59902954101562,163.61337280273438,140.37509155273438,3439210
2015-05-18,162.8436279296875,165.05540466308594,162.1810760498047,164.5487518310547,141.17764282226562,2299433
2015-05-19,165.00669860839844,166.90667724609375,163.30157470703125,164.7825927734375,141.3782501220703,2779141
2015-05-20,166.51693725585938,167.9784698486328,161.70362854003906,162.94107055664062,139.7982940673828,7249338
2015-05-21,163.30157470703125,163.30157470703125,158.809814453125,160.66107177734375,137.84219360351562,3625908
2015-05-22,161.35287475585938,162.55133056640625,159.2190399169922,160.70005798339844,137.87559509277344,1985671
2015-05-25,160.66107177734375,163.2236328125,160.1836395263672,161.44056701660156,138.5108642578125,1513937
2015-05-26,163.30157470703125,164.47079467773438,161.02159118652344,162.88259887695312,139.74813842773438,2185501
2015-05-27,162.5220947265625,163.2041473388672,159.98876953125,162.57081604003906,139.4806365966797,3322399
2015-05-28,162.38568115234375,164.4415740966797,161.38209533691406,162.31747436523438,139.26327514648438,4665962
2015-05-29,162.3954315185547,165.64002990722656,159.72569274902344,160.4954376220703,137.7000274658203,7732469
2015-06-01,161.9862060546875,161.9862060546875,159.14108276367188,160.41749572753906,137.63316345214844,3210581
2015-06-02,160.4759521484375,161.25543212890625,156.28623962402344,157.3190460205078,134.9747772216797,5707915
2015-06-03,158.2349395751953,161.177490234375,157.01699829101562,159.92056274414062,137.20680236816406,6616980
2015-06-04,159.3262176513672,160.9046630859375,158.20570373535156,159.03390502929688,136.4460906982422,3890684
2015-06-05,159.7744140625,162.83389282226562,158.29339599609375,160.8754425048828,138.02606201171875,1693508
2015-06-08,160.8754425048828,162.6292724609375,156.870849609375,158.81954956054688,136.2621612548828,1433715
2015-06-09,159.7938995361328,161.14825439453125,156.71495056152344,159.24826049804688,136.6299591064453,2460925
2015-06-10,160.71954345703125,163.1651611328125,160.1836395263672,162.23953247070312,139.1964111328125,2127770
2015-06-11,162.7169647216797,163.28208923339844,151.60934448242188,154.29855346679688,132.38328552246094,3669188
2015-06-12,152.9734344482422,159.7451934814453,151.15139770507812,158.79031372070312,136.23707580566406,4681696
2015-06-15,159.40415954589844,160.76824951171875,156.31546020507812,160.03749084472656,137.30715942382812,3611267
2015-06-16,159.7938995361328,161.93748474121094,159.20928955078125,160.3882598876953,137.60806274414062,6024156
2015-06-17,161.7328643798828,164.4415740966797,159.89134216308594,161.9472198486328,138.9456024169922,6614963
2015-06-18,162.5220947265625,174.9743194580078,161.9472198486328,170.15127563476562,145.9844207763672,8024596
2015-06-19,170.9015350341797,179.9824981689453,170.5117950439453,172.47998046875,147.98240661621094,17643527
2015-06-22,173.04510498046875,176.74765014648438,170.0246124267578,173.67843627929688,149.01060485839844,6526509
2015-06-23,172.76254272460938,178.30661010742188,172.76254272460938,175.3640594482422,150.45681762695312,5831012
2015-06-24,175.96817016601562,176.1630401611328,172.7722930908203,173.78561401367188,149.10256958007812,2786859
2015-06-25,174.60406494140625,175.05227661132812,166.02976989746094,171.28152465820312,146.95413208007812,9090226
2015-06-26,172.3922882080078,174.1851043701172,170.40460205078125,172.10972595214844,147.66473388671875,4014001
2015-06-29,169.5374298095703,171.4763946533203,166.27334594726562,169.27435302734375,145.2321014404297,2348573
2015-06-30,169.27435302734375,170.67742919921875,165.2989959716797,166.3123321533203,142.69073486328125,4430385
2015-07-01,169.5374298095703,174.40919494628906,169.29385375976562,173.56150817871094,148.91029357910156,8333549
2015-07-02,175.38356018066406,181.52197265625,174.42868041992188,180.83018493652344,155.14657592773438,6562733
2015-07-03,180.2553253173828,182.2040252685547,175.83175659179688,176.68919372558594,151.59378051757812,3373510
2015-07-06,173.6297149658203,179.27122497558594,173.6297149658203,175.71482849121094,150.75779724121094,3526586
2015-07-07,176.35791015625,184.7178497314453,176.35791015625,183.31478881835938,157.2783203125,4248352
2015-07-08,178.30661010742188,187.99168395996094,178.30661010742188,184.65939331054688,158.43191528320312,5325117
2015-07-09,184.10401916503906,184.10401916503906,179.2809600830078,181.02505493164062,155.31378173828125,2272784
2015-07-10,182.53530883789062,184.92247009277344,181.3271026611328,183.10043334960938,157.0944061279297,2198027
2015-07-13,184.7373504638672,186.49118041992188,179.68045043945312,180.1773681640625,154.58648681640625,2700360
2015-07-14,180.4501953125,181.0737762451172,175.77330017089844,176.83534240722656,151.71914672851562,2865337
2015-07-15,178.24815368652344,178.75482177734375,171.3497314453125,173.00613403320312,148.4337921142578,4638857
2015-07-16,173.43484497070312,175.50047302246094,172.4604949951172,173.2692108154297,148.6595001220703,3358956
2015-07-17,174.311767578125,176.35791015625,173.1035614013672,175.11073303222656,150.239501953125,1629901
2015-07-20,176.1630401611328,177.33226013183594,173.04510498046875,173.4835662841797,148.84344482421875,1648103
2015-07-21,174.19483947753906,175.75381469726562,169.790771484375,171.18409729003906,146.8705596923828,1736849
2015-07-22,170.9015350341797,172.85023498535156,169.5374298095703,171.48614501953125,148.1415252685547,1514538
2015-07-23,173.29843139648438,176.02662658691406,170.5117950439453,171.33998107910156,148.01527404785156,1729214
2015-07-24,171.48614501953125,172.79177856445312,169.576416015625,171.41793823242188,148.08262634277344,1093597
2015-07-27,170.5117950439453,172.158447265625,164.77284240722656,165.2892608642578,142.78823852539062,2372830
2015-07-28,166.02976989746094,166.8092498779297,163.69131469726562,164.188232421875,141.83712768554688,2257851
2015-07-29,166.01028442382812,169.7322998046875,165.25027465820312,166.1466827392578,143.52899169921875,2152756
2015-07-30,166.6143798828125,172.20716857910156,166.4292449951172,167.86154174804688,145.01036071777344,2602126
2015-07-31,169.24513244628906,174.99380493164062,167.84205627441406,173.70767211914062,150.06063842773438,3393795
2015-08-03,175.38356018066406,179.4563446044922,169.9271697998047,178.832763671875,154.48806762695312,4049030
2015-08-04,179.2809600830078,179.86558532714844,175.38356018066406,176.893798828125,152.8130645751953,2313417
2015-08-05,178.1117401123047,179.2809600830078,175.3153533935547,176.0558624267578,152.08920288085938,1742356
2015-08-06,177.13739013671875,178.1117401123047,174.0194549560547,175.09124755859375,151.25587463378906,2250272
2015-08-07,175.77330017089844,176.22149658203125,173.9707489013672,175.06201171875,151.23065185546875,1733847
2015-08-10,174.99380493164062,176.74765014648438,171.48614501953125,172.93792724609375,149.3957061767578,1414225
2015-08-11,173.43484497070312,174.79893493652344,169.94667053222656,171.12562561035156,147.830078125,1042173
2015-08-12,171.12562561035156,171.12562561035156,171.12562561035156,171.12562561035156,147.830078125,0
2015-08-13,168.1928253173828,169.5374298095703,159.667236328125,160.74876403808594,138.8658447265625,4621353
2015-08-14,161.35287475585938,169.61538696289062,161.35287475585938,169.04051208496094,146.02882385253906,2216301
2015-08-17,169.14768981933594,172.36305236816406,165.56207275390625,166.5266876220703,143.85723876953125,1457726
2015-08-18,167.58872985839844,170.648193359375,166.6143798828125,166.97488403320312,144.24444580078125,1210906
2015-08-19,168.17333984375,170.49229431152344,166.6143798828125,168.11488342285156,145.2292022705078,1175656
2015-08-20,167.851806640625,170.12203979492188,164.3733673095703,165.79591369628906,143.22592163085938,2092285
2015-08-21,162.7169647216797,167.78359985351562,161.35287475585938,165.41592407226562,142.8976593017578,3609918
2015-08-24,161.54774475097656,163.4574737548828,154.00624084472656,160.62210083007812,138.75645446777344,3941322
2015-08-25,160.74876403808594,163.30157470703125,153.94778442382812,158.5175018310547,136.93832397460938,5423932
2015-08-26,158.80006408691406,161.35287475585938,156.7928924560547,158.29339599609375,136.74476623535156,3446994
2015-08-27,162.91183471679688,162.91183471679688,158.68313598632812,159.667236328125,137.93153381347656,2083084
2015-08-28,160.76824951171875,162.6097869873047,158.25442504882812,159.452880859375,137.74636840820312,2107849
2015-08-31,159.56980895996094,161.25543212890625,157.65032958984375,158.43955993652344,136.87103271484375,3307738
2015-09-01,158.70262145996094,163.10670471191406,157.84519958496094,159.53082275390625,137.813720703125,1821280
2015-09-02,160.1836395263672,170.4143524169922,159.93031311035156,167.86154174804688,145.01036071777344,6938013
2015-09-03,168.95281982421875,170.29742431640625,165.76669311523438,168.75794982910156,145.7847137451172,2154008
2015-09-04,170.49229431152344,170.49229431152344,165.4451446533203,167.01385498046875,144.278076171875,3299784
2015-09-07,165.64002990722656,167.58872985839844,156.0621337890625,156.5688018798828,135.2549285888672,1403459
2015-09-08,156.870849609375,162.3272247314453,156.4713592529297,159.9692840576172,138.19248962402344,2161085
2015-09-09,161.54774475097656,165.54258728027344,160.1836395263672,163.55490112304688,141.29000854492188,1586149
2015-09-10,162.5220947265625,172.06100463867188,159.24826049804688,169.7322998046875,146.62644958496094,4797537
2015-09-11,172.265625,175.28611755371094,170.33641052246094,171.31076049804688,147.9900360107422,2102128
2015-09-14,173.015869140625,173.015869140625,168.56307983398438,168.97230529785156,145.96990966796875,1092396
2015-09-15,168.97230529785156,168.97230529785156,168.97230529785156,168.97230529785156,145.96990966796875,0
2015-09-16,169.0892333984375,171.87588500976562,166.6143798828125,170.1999969482422,147.03048706054688,1464802
2015-09-18,173.04510498046875,177.9168701171875,170.9015350341797,177.03994750976562,152.9392852783203,5423829
2015-09-21,176.90354919433594,181.01531982421875,174.08766174316406,177.1861114501953,153.06556701660156,2436719
2015-09-22,177.7220001220703,179.86558532714844,172.14869689941406,173.46408081054688,149.85020446777344,1612120
2015-09-23,173.4153594970703,173.8050994873047,168.56307983398438,171.71998596191406,148.3435516357422,1776727
2015-09-24,172.4604949951172,175.48098754882812,168.67025756835938,170.82357788085938,147.56918334960938,9689824
2015-09-28,170.88204956054688,177.54661560058594,169.94667053222656,173.23023986816406,149.648193359375,1767670
2015-09-29,171.28152465820312,183.68504333496094,169.75180053710938,182.44761657714844,157.61083984375,4597204
2015-09-30,183.31478881835938,184.1429901123047,176.35791015625,180.2650604248047,155.72540283203125,3881970
2015-10-01,180.2650604248047,183.27581787109375,177.7220001220703,181.17120361328125,156.5081787109375,2499689
2015-10-05,181.5999298095703,185.1075897216797,180.74249267578125,184.15272521972656,159.0838165283203,3572252
2015-10-06,185.51683044433594,190.3885955810547,183.99684143066406,186.27682495117188,160.91876220703125,3277774
2015-10-07,186.2963104248047,190.70037841796875,182.88607788085938,189.67730712890625,163.85633850097656,1893061
2015-10-08,187.4655303955078,189.41424560546875,183.9286346435547,184.90298461914062,159.73193359375,3201011
2015-10-09,185.71170043945312,188.63475036621094,183.66555786132812,186.7639923095703,161.33956909179688,1296870
2015-10-12,186.9783477783203,191.33370971679688,185.32196044921875,190.47628784179688,164.54656982421875,1277899
2015-10-13,189.64808654785156,197.4039306640625,188.18655395507812,196.32240295410156,169.59678649902344,2510486
2015-10-14,197.4234161376953,198.5536651611328,189.2193603515625,192.9901123046875,166.71817016601562,2056282
2015-10-15,195.26036071777344,195.844970703125,192.14242553710938,194.51010131835938,168.0312042236328,1508816
2015-10-16,194.51010131835938,194.51010131835938,194.51010131835938,194.51010131835938,168.0312042236328,0
2015-10-19,187.9527130126953,190.01834106445312,184.41580200195312,188.53732299804688,162.87152099609375,1954476
2015-10-20,189.78448486328125,190.56398010253906,187.4655303955078,189.66757202148438,163.847900390625,1546210
2015-10-21,189.0244903564453,189.0244903564453,176.94252014160156,181.87274169921875,157.11415100097656,7413144
2015-10-23,189.0244903564453,189.0244903564453,182.78863525390625,184.5911865234375,159.4626007080078,4200058
2015-10-26,184.85426330566406,186.37425231933594,181.69735717773438,184.1819610595703,159.10903930664062,2538571
2015-10-27,183.7532501220703,185.9065704345703,180.8983917236328,184.08453369140625,159.02493286132812,2125256
2015-10-28,183.6265869140625,185.22451782226562,180.2553253173828,181.8142852783203,157.063720703125,3206573
2015-10-29,182.08709716796875,184.15272521972656,175.77330017089844,183.47068786621094,158.49464416503906,6574300
2015-10-30,181.61941528320312,185.9065704345703,181.33685302734375,183.83119201660156,158.80604553222656,2435128
2015-11-02,185.02964782714844,188.05014038085938,181.51223754882812,183.19786071777344,158.25897216796875,2628379
2015-11-03,184.12350463867188,186.47169494628906,182.23326110839844,185.51683044433594,160.26220703125,1455581
2015-11-04,186.30604553222656,187.6409149169922,185.03939819335938,186.4229736328125,161.0449981689453,864640
2015-11-05,185.9065704345703,185.9065704345703,175.0327911376953,178.08251953125,154.48590087890625,1997823
2015-11-06,177.88763427734375,182.9542694091797,177.31277465820312,181.6681365966797,157.596435546875,1603489
2015-11-09,179.6707000732422,180.2553253173828,172.29486083984375,173.3958740234375,150.4202117919922,4726931
2015-11-10,171.48614501953125,173.03536987304688,167.58872985839844,168.69949340820312,146.34619140625,2205863
2015-11-13,170.7066650390625,173.8050994873047,166.43899536132812,173.06459045410156,150.13287353515625,7325419
2015-11-16,172.47998046875,172.47998046875,167.3646240234375,170.53128051757812,147.93524169921875,2322730
2015-11-17,172.44100952148438,172.44100952148438,168.82615661621094,169.55691528320312,147.08998107910156,2160243
2015-11-18,170.31692504882812,170.99896240234375,165.64002990722656,165.912841796875,143.92874145507812,1505311
2015-11-19,166.68258666992188,168.5533447265625,164.12002563476562,166.05899047851562,144.05552673339844,7560046
2015-11-20,166.6436004638672,168.34872436523438,165.16258239746094,165.6205291748047,143.6751708984375,2281580
2015-11-23,166.22463989257812,166.5364227294922,161.74261474609375,162.37594604492188,140.8605499267578,2081812
2015-11-24,162.2297821044922,166.11746215820312,162.13235473632812,164.8897705078125,143.04122924804688,3175558
2015-11-26,165.64002990722656,166.3220672607422,164.0810546875,165.1820831298828,143.29483032226562,6051394
2015-11-27,165.56207275390625,172.265625,165.22105407714844,171.33998107910156,148.63677978515625,3165823
2015-11-30,171.33998107910156,171.33998107910156,171.33998107910156,171.33998107910156,148.63677978515625,0
2015-12-01,171.5348663330078,172.61639404296875,170.219482421875,171.57383728027344,148.83966064453125,1386022
2015-12-02,172.65536499023438,173.98048400878906,169.7322998046875,172.86972045898438,149.96380615234375,4608663
2015-12-03,171.31076049804688,172.34356689453125,166.71180725097656,167.56924438476562,145.36566162109375,2458580
2015-12-04,168.50462341308594,168.50462341308594,162.7169647216797,164.72413635253906,142.89752197265625,4087712
2015-12-07,165.83489990234375,168.27078247070312,164.9969482421875,166.94566345214844,144.82472229003906,1584153
2015-12-08,166.02976989746094,168.5533447265625,165.73745727539062,166.86770629882812,144.75709533691406,2643353
2015-12-09,166.5948944091797,168.16358947753906,165.11387634277344,166.30258178710938,144.266845703125,2167540
2015-12-10,167.00411987304688,167.00411987304688,160.31031799316406,160.68057250976562,139.38975524902344,11353882
2015-12-11,160.76824951171875,161.42108154296875,156.4908447265625,157.40673828125,136.54971313476562,4855200
2015-12-14,157.26058959960938,157.26058959960938,152.82728576660156,155.24366760253906,134.6732635498047,4046346
2015-12-15,156.28623962402344,156.77340698242188,152.06729125976562,154.1036834716797,133.68434143066406,4814671
2015-12-16,155.6529083251953,156.63699340820312,152.5836944580078,154.89291381835938,134.36903381347656,4180727
2015-12-17,156.22776794433594,157.84519958496094,155.31187438964844,156.50059509277344,135.763671875,2765162
2015-12-18,157.299560546875,161.33338928222656,155.39956665039062,160.0472412109375,138.84033203125,6228712
2015-12-21,159.98876953125,164.64617919921875,159.40415954589844,164.32464599609375,142.5509796142578,2651318
2015-12-22,165.25027465820312,166.56565856933594,164.0810546875,165.60104370117188,143.65821838378906,2533994
2015-12-23,165.94207763671875,167.39385986328125,163.94464111328125,165.86412048339844,143.88644409179688,1134640
2015-12-24,164.86053466796875,168.17333984375,164.5682373046875,166.3123321533203,144.2752685546875,1161452
2015-12-28,166.02976989746094,166.85797119140625,165.11387634277344,165.97129821777344,143.97946166992188,857302
2015-12-29,166.8092498779297,167.91026306152344,164.5974578857422,165.25027465820312,143.35398864746094,1575234
2015-12-30,166.02976989746094,168.1538543701172,164.77284240722656,165.75694274902344,143.79348754882812,1654015
2015-12-31,165.64002990722656,170.31692504882812,164.86053466796875,167.3354034423828,145.16281127929688,2754591
2016-01-01,167.39385986328125,169.5179443359375,166.6143798828125,168.69949340820312,146.34619140625,596924
2016-01-04,166.9359130859375,171.0574188232422,162.55133056640625,163.86669921875,142.1537322998047,1399774
2016-01-05,165.43540954589844,169.790771484375,163.17491149902344,168.54359436035156,146.21092224121094,1721152
2016-01-06,168.54359436035156,173.72715759277344,168.25128173828125,170.04409790039062,147.5126190185547,3760259
2016-01-07,168.56307983398438,168.7677001953125,158.8975067138672,160.095947265625,138.88259887695312,1288331
2016-01-08,161.1580047607422,166.8092498779297,161.1580047607422,164.07131958007812,142.3312225341797,2641604
2016-01-11,163.10670471191406,164.02259826660156,158.2349395751953,159.40415954589844,138.28248596191406,1796073
2016-01-12,160.57337951660156,160.71954345703125,157.0657196044922,157.45545959472656,136.59201049804688,1066143
2016-01-13,158.04006958007812,159.70620727539062,153.24624633789062,157.1923828125,136.36375427246094,3291686
2016-01-14,155.4677734375,157.56263732910156,153.16830444335938,155.85751342773438,135.205810546875,6189014
2016-01-15,155.88674926757812,158.7221221923828,148.4914093017578,149.05653381347656,129.3059539794922,1213979
2016-01-18,149.85549926757812,151.4144744873047,144.7888641357422,149.5144805908203,129.70318603515625,2506047
2016-01-19,151.4144744873047,152.778564453125,147.19552612304688,151.0734405517578,131.0555877685547,2222289
2016-01-20,150.25498962402344,150.25498962402344,145.1006622314453,146.18218994140625,126.81248474121094,2095852
2016-01-21,147.1273193359375,148.686279296875,143.60989379882812,144.40887451171875,125.27410888671875,3613536
2016-01-22,146.34783935546875,149.5144805908203,145.39295959472656,146.6596221923828,127.22666931152344,2694921
2016-01-25,147.48782348632812,149.4755096435547,145.56834411621094,146.0165557861328,126.66878509521484,1070756
2016-01-27,146.1529541015625,147.71192932128906,144.0873260498047,145.6170654296875,126.32221984863281,2180128
2016-01-28,145.37347412109375,147.30270385742188,143.63912963867188,146.2991180419922,126.91387939453125,4055896
2016-01-29,146.17245483398438,167.4523162841797,146.17245483398438,164.51951599121094,142.7200469970703,7232947
2016-02-01,165.24053955078125,165.484130859375,156.11085510253906,157.76724243164062,136.86248779296875,2799672
2016-02-02,157.76724243164062,164.1687469482422,154.3375244140625,156.12059020996094,135.43399047851562,2754381
2016-02-03,154.92213439941406,161.70362854003906,152.778564453125,156.7052001953125,135.94114685058594,2549040
2016-02-04,158.70262145996094,163.71080017089844,158.1277618408203,162.25901794433594,140.75912475585938,3193185
2016-02-05,163.69131469726562,165.2307891845703,161.78158569335938,163.96414184570312,142.23826599121094,2799057
2016-02-08,165.58155822753906,169.5374298095703,164.4805450439453,166.89694213867188,144.782470703125,2050924
2016-02-09,165.64002990722656,165.64002990722656,158.1959686279297,159.39442443847656,138.27406311035156,1966243
2016-02-10,157.84519958496094,159.5405731201172,155.7016143798828,157.93289184570312,137.00616455078125,1370760
2016-02-11,157.84519958496094,158.2154541015625,149.9237060546875,151.90164184570312,131.77410888671875,2650840
2016-02-12,152.2913818359375,154.6590576171875,145.76321411132812,153.2949676513672,132.98280334472656,5211483
2016-02-15,158.6246795654297,160.19338989257812,151.82369995117188,158.46878051757812,137.47103881835938,1713085
2016-02-16,159.7938995361328,164.07131958007812,156.97802734375,157.6795654296875,136.78640747070312,1991110
2016-02-17,158.0498046875,163.10670471191406,155.91598510742188,162.5026092529297,140.97036743164062,2015557
2016-02-18,163.69131469726562,165.2113037109375,160.86569213867188,162.69747924804688,141.13941955566406,1179151
2016-02-19,162.69747924804688,164.23695373535156,158.0887908935547,161.00210571289062,139.66867065429688,1655318
2016-02-22,163.1456756591797,165.4451446533203,159.2580108642578,163.98362731933594,142.25511169433594,1376138
2016-02-23,165.6790008544922,166.28309631347656,156.28623962402344,157.71853637695312,136.82025146484375,2754448
2016-02-24,156.09136962890625,160.27133178710938,155.21444702148438,158.8292999267578,137.78382873535156,1674495
2016-02-25,160.1739044189453,160.1739044189453,152.5057373046875,155.10726928710938,134.55494689941406,4054700
2016-02-26,155.29238891601562,157.15341186523438,151.12216186523438,155.91598510742188,135.25648498535156,2486624
2016-02-29,156.5785369873047,158.4103240966797,150.66421508789062,156.97802734375,136.17787170410156,3836247
2016-03-01,156.8903350830078,168.34872436523438,156.31546020507812,165.65951538085938,143.708984375,5025524
2016-03-02,166.24412536621094,172.0317840576172,166.24412536621094,169.0697479248047,146.66737365722656,3735745
2016-03-03,172.25587463378906,172.65536499023438,167.41334533691406,171.1548614501953,148.4761962890625,2736856
2016-03-04,171.1158905029297,178.33584594726562,169.15744018554688,177.52713012695312,154.00408935546875,2475457
2016-03-08,177.52713012695312,181.21018981933594,174.51637268066406,179.68045043945312,155.87203979492188,2656136
2016-03-09,177.13739013671875,182.98350524902344,174.9061279296875,182.44761657714844,158.27261352539062,2620841
2016-03-10,182.78863525390625,183.91888427734375,179.2809600830078,180.1773681640625,156.3031768798828,1963287
2016-03-11,181.03480529785156,183.39273071289062,179.2809600830078,180.5768585205078,156.64971923828125,1695750
2016-03-14,180.83993530273438,185.3122100830078,180.83993530273438,183.55838012695312,159.23622131347656,1587561
2016-03-15,183.7629852294922,184.864013671875,179.475830078125,180.2553253173828,156.37078857421875,1087634
2016-03-16,180.44044494628906,180.86915588378906,173.1035614013672,177.58558654785156,154.05479431152344,2872572
2016-03-17,178.98866271972656,180.3917236328125,176.43585205078125,177.75123596191406,154.1985321044922,2240332
2016-03-18,178.1117401123047,179.0666046142578,173.85382080078125,177.322509765625,153.82659912109375,1779621
2016-03-21,177.13739013671875,182.39889526367188,175.7830352783203,181.53172302246094,157.4780731201172,1735135
2016-03-22,182.2040252685547,183.139404296875,179.69020080566406,181.9214630126953,157.81619262695312,2122146
2016-03-23,180.2553253173828,182.39889526367188,175.38356018066406,176.6599578857422,153.25184631347656,1398143
2016-03-28,174.13638305664062,179.9435272216797,174.13638305664062,176.4943084716797,153.10812377929688,1523580
2016-03-29,177.24456787109375,183.17837524414062,176.61123657226562,179.89480590820312,156.05804443359375,1709010
2016-03-30,181.96043395996094,186.43272399902344,181.26864624023438,184.7763214111328,160.29273986816406,2979433
2016-03-31,184.54248046875,188.05014038085938,183.47068786621094,185.7409210205078,161.12954711914062,4096518
2016-04-01,186.1209259033203,186.6373291015625,179.2809600830078,180.52813720703125,156.60743713378906,2158622
2016-04-04,180.2650604248047,180.81069946289062,177.74148559570312,179.93377685546875,156.09181213378906,1937598
2016-04-05,179.6707000732422,182.15530395507812,177.58558654785156,180.11891174316406,156.25247192382812,1651018
2016-04-06,180.93736267089844,182.0091552734375,176.64047241210938,180.5183868408203,156.5989990234375,1918267
2016-04-07,181.22967529296875,185.9065704345703,179.49533081054688,184.44503784179688,160.00534057617188,1901420
2016-04-08,185.71170043945312,186.6568145751953,181.7168426513672,184.33786010742188,159.91236877441406,1834714
2016-04-11,183.3732452392578,186.66656494140625,182.82760620117188,185.68246459960938,161.07882690429688,822822
2016-04-12,183.568115234375,191.752685546875,183.18812561035156,188.32296752929688,163.3694610595703,1734499
2016-04-13,190.1060333251953,195.8254852294922,189.7942352294922,192.1521759033203,166.69126892089844,3274295
2016-04-18,192.14242553710938,196.5659942626953,191.63575744628906,194.88035583496094,169.05796813964844,2767102
2016-04-20,193.5065155029297,195.64035034179688,191.36294555664062,193.54550170898438,167.8999481201172,2264184
2016-04-21,192.4737091064453,194.2470245361328,187.56297302246094,188.2352752685547,163.29336547851562,2387214
2016-04-22,187.8455352783203,189.65782165527344,185.1660614013672,186.0137481689453,161.36619567871094,1690044
2016-04-25,186.17938232421875,192.6685791015625,186.17938232421875,190.87576293945312,165.583984375,2513575
2016-04-26,190.06704711914062,193.70138549804688,189.9988555908203,192.61012268066406,167.0885467529297,1753984
2016-04-27,191.36294555664062,194.64651489257812,191.36294555664062,193.7793426513672,168.1028289794922,2351041
2016-04-28,193.798828125,193.95472717285156,186.1014404296875,187.90399169921875,163.00596618652344,4287839
2016-04-29,187.9527130126953,188.05014038085938,180.2553253173828,183.7337646484375,159.3883514404297,2788439
2016-05-02,187.6409149169922,212.8376922607422,187.6409149169922,211.0448760986328,183.08058166503906,18431080
2016-05-03,212.4479522705078,219.71661376953125,201.57415771484375,203.18185424804688,176.25946044921875,13290100
2016-05-04,203.05517578125,210.28488159179688,201.23313903808594,203.1428680419922,176.22564697265625,6394037
2016-05-05,204.2244110107422,207.1474609375,199.5572509765625,200.51211547851562,173.94346618652344,4850895
2016-05-06,202.95774841308594,206.2900390625,201.1551971435547,204.78953552246094,177.65415954589844,1939261
2016-05-09,205.3936309814453,206.17311096191406,202.8603057861328,204.42901611328125,177.34140014648438,2483858
2016-05-10,205.5885009765625,209.93411254882812,204.52645874023438,207.21566772460938,179.75880432128906,3880528
2016-05-11,203.63978576660156,211.99974060058594,201.9833984375,211.31768798828125,183.3172607421875,3293174
2016-05-12,213.38333129882812,218.97610473632812,211.65872192382812,218.1868896484375,189.2763214111328,5036623
2016-05-13,217.47560119628906,218.06021118164062,206.182861328125,208.5115509033203,180.8829345703125,3168851
2016-05-16,209.11566162109375,211.9607696533203,206.2900390625,208.83309936523438,181.1619415283203,2694372
2016-05-17,208.92079162597656,216.10177612304688,208.92079162597656,214.1238250732422,185.7515869140625,3717800
2016-05-18,214.2212677001953,223.52633666992188,209.01821899414062,221.33404541015625,192.0064239501953,4373209
2016-05-19,221.33404541015625,222.4740447998047,210.85000610351562,214.5233154296875,186.09815979003906,3193837
2016-05-20,217.27099609375,218.5279083251953,208.01463317871094,209.01821899414062,181.322509765625,2995772
2016-05-23,212.40896606445312,218.83970642089844,210.05104064941406,217.30996704101562,188.5155487060547,4039505
2016-05-24,218.64483642578125,226.77093505859375,215.90689086914062,225.3776092529297,195.5142059326172,6325355
2016-05-25,227.02426147460938,230.2786102294922,221.04173278808594,222.59095764160156,193.09677124023438,3594436
2016-05-26,220.41815185546875,234.57550048828125,220.41815185546875,233.1821746826172,202.2846221923828,4595495
2016-05-27,232.87039184570312,237.7031707763672,228.4857940673828,232.6852569580078,201.8535614013672,3826266
2016-05-30,231.92526245117188,237.7031707763672,229.09963989257812,233.87396240234375,202.88475036621094,2653848
2016-05-31,232.71449279785156,234.3124237060547,228.67092895507812,230.0252685546875,199.54600524902344,4411660
2016-06-01,230.0447540283203,232.55859375,225.2704315185547,226.51760864257812,196.50315856933594,2813400
2016-06-02,226.73196411132812,227.99862670898438,223.74069213867188,225.38735961914062,195.52268981933594,2896239
2016-06-03,226.04991149902344,230.298095703125,226.04991149902344,228.32989501953125,198.07533264160156,3185431
2016-06-06,228.32989501953125,230.76577758789062,221.13917541503906,224.12069702148438,194.42384338378906,2723212
2016-06-07,226.04017639160156,230.2104034423828,223.623779296875,228.38836669921875,198.1260223388672,5231861
2016-06-08,230.45399475097656,236.65087890625,228.54425048828125,235.70574951171875,204.4738006591797,6409267
2016-06-09,235.79344177246094,238.7165069580078,231.9350128173828,233.2796173095703,202.369140625,4718233
2016-06-10,233.84474182128906,235.15037536621094,230.0252685546875,230.86322021484375,200.27294921875,1690059
2016-06-13,228.9729766845703,232.67552185058594,224.10121154785156,225.89401245117188,195.962158203125,2410153
2016-06-14,227.49195861816406,229.34323120117188,224.8806915283203,226.51760864257812,196.50315856933594,1834093
2016-06-15,227.02426147460938,229.53810119628906,225.0950469970703,226.05966186523438,196.10589599609375,1490501
2016-06-16,225.777099609375,227.30682373046875,223.3314666748047,226.04991149902344,196.09742736816406,3224483
2016-06-17,226.2252960205078,226.2252960205078,221.37301635742188,222.44480895996094,192.97000122070312,1990412
2016-06-20,221.0027618408203,223.63351440429688,219.92123413085938,221.9186553955078,192.51356506347656,2468478
2016-06-21,221.76275634765625,226.7806854248047,219.9796905517578,225.2704315185547,195.42123413085938,4015772
2016-06-22,225.44581604003906,226.66375732421875,222.93199157714844,225.17298889160156,195.3367156982422,1195146
2016-06-23,225.0560760498047,225.89401245117188,222.3863525390625,223.89659118652344,194.22940063476562,2122813
2016-06-24,221.13917541503906,224.6760711669922,213.5879364013672,223.4971160888672,193.88287353515625,2862360
2016-06-27,221.95762634277344,226.67349243164062,220.72994995117188,225.35812377929688,195.49728393554688,1445749
2016-06-28,225.46530151367188,225.85504150390625,222.48377990722656,224.6760711669922,194.90560913085938,1846830
2016-06-29,224.6663360595703,225.62120056152344,221.37301635742188,223.09762573242188,193.5363311767578,3078745
2016-06-30,224.68582153320312,236.70933532714844,224.47146606445312,234.604736328125,203.51869201660156,14278735
2016-07-01,236.70933532714844,242.61392211914062,235.4426727294922,239.0380401611328,207.36459350585938,3597017
2016-07-04,239.39854431152344,245.9267120361328,239.39854431152344,241.73699951171875,209.70594787597656,2843035
2016-07-05,241.6005859375,244.1533966064453,238.7165069580078,239.8564910888672,208.07456970214844,1700584
2016-07-07,241.6200714111328,241.6882781982422,235.5693359375,236.3780517578125,205.0570526123047,2740926
2016-07-08,236.94317626953125,240.1682891845703,233.65960693359375,235.9493408203125,204.68515014648438,1596474
2016-07-11,240.43136596679688,251.72412109375,237.7811279296875,249.36618041992188,216.32420349121094,3171145
2016-07-12,253.32205200195312,255.2415313720703,251.0420684814453,253.53640747070312,219.94187927246094,4302326
2016-07-13,251.8118133544922,253.3025665283203,248.0313262939453,250.65232849121094,217.4398956298828,1941175
2016-07-14,250.65232849121094,251.97744750976562,246.7159423828125,248.1482391357422,215.26763916015625,1956626
2016-07-15,250.2333526611328,251.9384765625,247.095947265625,247.77798461914062,214.94642639160156,2636882
2016-07-18,247.69029235839844,249.14207458496094,237.7616424560547,239.48623657226562,208.7383575439453,4999224
2016-07-19,237.93702697753906,240.26573181152344,231.2139892578125,234.3124237060547,204.22886657714844,5073715
2016-07-20,235.51087951660156,236.13446044921875,230.9216766357422,232.38320922851562,202.5473175048828,2279009
2016-07-21,233.43551635742188,237.9954833984375,226.21556091308594,227.3360595703125,198.14817810058594,4602089
2016-07-22,227.80374145507812,232.4806365966797,225.0755615234375,229.54783630371094,200.07595825195312,2687880
2016-07-25,230.9216766357422,234.46832275390625,228.99246215820312,233.6011505126953,203.60891723632812,2718757
2016-07-26,233.6011505126953,240.60675048828125,233.6011505126953,236.3585662841797,206.0122833251953,4409017
2016-07-27,237.72267150878906,248.05081176757812,235.20883178710938,245.31288146972656,213.8169403076172,7732469
2016-07-28,245.0692901611328,245.55645751953125,238.7165069580078,240.24623107910156,209.4008026123047,4616411
2016-07-29,240.99649047851562,257.61895751953125,239.9344482421875,249.47335815429688,217.4432373046875,9217649
2016-08-01,249.62925720214844,258.0866394042969,244.5626220703125,253.0492401123047,220.5600128173828,5786680
2016-08-02,253.31231689453125,254.83230590820312,246.51132202148438,250.15541076660156,218.03773498535156,2611927
2016-08-03,250.4087371826172,251.18821716308594,240.2754669189453,241.5713653564453,210.5557861328125,3511678
2016-08-04,244.5626220703125,247.42721557617188,239.19393920898438,246.1800537109375,214.57272338867188,2451041
2016-08-05,248.4600372314453,253.91641235351562,246.51132202148438,253.21487426757812,220.7044219970703,2490447
2016-08-08,254.40359497070312,256.2646179199219,247.68055725097656,251.24668884277344,218.98892211914062,2007691
2016-08-09,252.35745239257812,254.85179138183594,248.87901306152344,251.12001037597656,218.8784942626953,2207787
2016-08-10,251.58770751953125,253.40000915527344,244.06570434570312,248.82054138183594,216.874267578125,2209820
2016-08-11,250.6230926513672,251.96771240234375,243.97801208496094,249.20054626464844,217.2054443359375,1618335
2016-08-12,248.8887481689453,254.89076232910156,247.48568725585938,252.5523223876953,220.12689208984375,2580938
2016-08-16,255.28050231933594,255.28050231933594,246.21902465820312,247.84619140625,216.02496337890625,3839752
2016-08-17,249.04464721679688,250.79847717285156,246.9010772705078,248.93746948242188,216.97613525390625,2156466
2016-08-18,249.73643493652344,251.77284240722656,247.92413330078125,250.106689453125,217.99525451660156,1727197
2016-08-19,251.1297607421875,251.1297607421875,246.0923614501953,247.6318359375,215.83816528320312,1137780
2016-08-22,247.48568725585938,250.38925170898438,246.32620239257812,248.81080627441406,216.86578369140625,1472510
2016-08-23,249.54156494140625,249.54156494140625,243.8415985107422,246.78414916992188,215.09927368164062,1236050
2016-08-24,247.85594177246094,247.85594177246094,243.432373046875,246.47235107421875,214.82752990722656,1360374
2016-08-25,247.48568725585938,249.43438720703125,241.66879272460938,243.37391662597656,212.12689208984375,1711304
2016-08-26,244.23133850097656,246.3749237060547,241.171875,245.156982421875,213.68106079101562,909521
2016-08-29,244.5626220703125,246.2092742919922,241.97084045410156,245.0985107421875,213.63009643554688,1716944
2016-08-30,246.0338897705078,248.6354217529297,245.36158752441406,247.3297882080078,215.5749053955078,1581413
2016-08-31,247.48568725585938,249.30772399902344,239.75906372070312,241.064697265625,210.1141815185547,4097949
2016-09-01,240.69444274902344,241.62982177734375,232.1103973388672,234.14678955078125,204.08448791503906,3642324
2016-09-02,234.93601989746094,239.1062469482422,232.61705017089844,237.0601043701172,206.62371826171875,2902428
2016-09-06,237.6739501953125,242.029296875,236.74830627441406,241.23033142089844,210.258544921875,3612176
2016-09-07,241.24981689453125,241.7272491455078,234.29293823242188,235.23806762695312,205.03561401367188,2648762
2016-09-08,235.23806762695312,238.30728149414062,234.48780822753906,237.05035400390625,206.615234375,1270771
2016-09-09,237.74215698242188,240.4703369140625,234.55601501464844,238.25856018066406,207.66835021972656,2220221
2016-09-12,236.00779724121094,236.00779724121094,227.99862670898438,229.01194763183594,199.60890197753906,1663047
2016-09-14,229.75245666503906,229.75245666503906,221.1781463623047,225.2022247314453,196.28829956054688,3623794
2016-09-15,225.25094604492188,225.62120056152344,220.4766082763672,223.3704376220703,194.6916961669922,2561715
2016-09-16,226.4396514892578,227.02426147460938,219.4438018798828,220.8955841064453,192.5346221923828,4755652
2016-09-19,220.8955841064453,223.23403930664062,217.60226440429688,220.24276733398438,191.9656219482422,3717097
2016-09-20,222.15249633789062,225.54324340820312,217.98226928710938,222.113525390625,193.59617614746094,3047047
2016-09-21,223.7114715576172,226.16683959960938,220.50584411621094,222.43505859375,193.87640380859375,3963558
2016-09-22,225.46530151367188,232.46115112304688,224.93914794921875,231.28219604492188,201.58770751953125,7891692
2016-09-23,233.2601318359375,236.66061401367188,229.92784118652344,231.26271057128906,201.5706787109375,6342433
2016-09-26,230.9216766357422,233.0457763671875,224.10121154785156,225.96221923828125,196.95071411132812,2133718
2016-09-27,226.55657958984375,227.45298767089844,221.93814086914062,223.70172119140625,194.98043823242188,2449194
2016-09-28,224.12069702148438,230.9606475830078,224.12069702148438,229.92784118652344,200.40721130371094,2054496
2016-09-29,231.00936889648438,233.33807373046875,214.77664184570312,218.9371337890625,190.82760620117188,3766186
2016-09-30,218.83970642089844,227.99862670898438,218.7032928466797,226.56631469726562,197.47726440429688,2608387
2016-10-03,228.71963500976562,239.69085693359375,224.10121154785156,237.57650756835938,207.0738525390625,3611729
2016-10-04,238.26829528808594,240.6652069091797,234.14678955078125,236.44625854492188,206.08872985839844,2542091
2016-10-05,236.5729217529297,242.029296875,235.3062744140625,240.11956787109375,209.29042053222656,2329386
2016-10-06,240.2754669189453,244.5626220703125,233.32833862304688,235.09190368652344,204.9082489013672,3952063
2016-10-07,235.09190368652344,237.5667724609375,230.8047637939453,232.0908966064453,202.29254150390625,3060297
2016-10-10,234.3026885986328,234.61447143554688,229.07040405273438,229.56732177734375,200.0929718017578,1053930
2016-10-13,227.88169860839844,227.88169860839844,222.1330108642578,224.3545379638672,195.54945373535156,2308875
2016-10-14,225.0755615234375,226.420166015625,222.69813537597656,225.45555114746094,196.50909423828125,2497487
2016-10-17,224.54940795898438,227.6381072998047,218.99559020996094,220.49609375,192.18641662597656,2345202
2016-10-18,220.59353637695312,226.04017639160156,216.75457763671875,224.83197021484375,195.965576171875,4104974
2016-10-19,226.634521484375,228.9729766845703,220.95404052734375,222.48377990722656,193.91885375976562,3278616
2016-10-20,225.0755615234375,225.95248413085938,220.7494354248047,222.04531860351562,193.5366973876953,5234108
2016-10-21,221.2755889892578,225.0755615234375,220.65199279785156,224.38377380371094,195.57493591308594,1974818
2016-10-24,225.7576141357422,227.99862670898438,223.78941345214844,224.99761962890625,196.10995483398438,2500859
2016-10-25,224.91966247558594,226.8293914794922,222.75660705566406,225.49453735351562,196.54307556152344,2477561
2016-10-26,225.13401794433594,225.13401794433594,218.17713928222656,219.80430603027344,191.58346557617188,3567715
2016-10-27,220.00892639160156,220.00892639160156,210.66488647460938,212.61358642578125,185.31591796875,3206389
2016-10-28,211.4346160888672,216.20895385742188,208.31668090820312,210.42129516601562,183.4051055908203,3092698
2016-11-01,210.703857421875,214.0751190185547,204.63363647460938,205.34490966796875,178.98048400878906,2938087
2016-11-02,204.41928100585938,208.10232543945312,201.50596618652344,207.13772583007812,180.54312133789062,4529384
2016-11-03,205.101318359375,209.4859161376953,202.87979125976562,203.96133422851562,178.446044921875,2413298
2016-11-04,204.0490264892578,205.59823608398438,197.8034210205078,200.8823699951172,175.75225830078125,2313242
2016-11-07,202.4998016357422,206.9136199951172,198.48545837402344,201.70083618164062,176.46835327148438,1898469
2016-11-08,202.46083068847656,207.6541290283203,202.26596069335938,205.87106323242188,180.11691284179688,2757470
2016-11-09,196.81932067871094,196.81932067871094,164.70465087890625,192.52243041992188,168.4381866455078,8264976
2016-11-10,194.87062072753906,202.18800354003906,186.802978515625,188.33270263671875,164.7725830078125,8335376
2016-11-11,186.37425231933594,186.37425231933594,160.27133178710938,171.8856201171875,150.38299560546875,12489415
2016-11-15,174.60406494140625,174.60406494140625,156.870849609375,163.1846466064453,142.7705078125,11453974
2016-11-16,167.58872985839844,172.64561462402344,163.90567016601562,166.06874084472656,145.2937774658203,6927570
2016-11-17,167.3841094970703,172.45074462890625,163.19439697265625,164.6754150390625,144.07473754882812,7936424
2016-11-18,165.05540466308594,166.7020721435547,161.40158081054688,162.08363342285156,141.80722045898438,4764027
2016-11-21,163.66207885742188,163.66207885742188,154.92213439941406,161.46005249023438,141.26165771484375,6931445
2016-11-22,164.66566467285156,166.2148895263672,156.96827697753906,160.86569213867188,140.74163818359375,2800771
2016-11-23,163.68157958984375,167.3841094970703,159.20928955078125,166.09796142578125,145.31936645507812,6883567
2016-11-24,165.98104858398438,172.06100463867188,164.4805450439453,169.85897827148438,148.60986328125,8630192
2016-11-25,171.48614501953125,182.18453979492188,170.9015350341797,178.1312255859375,155.8472442626953,6862563
2016-11-28,177.31277465820312,182.78863525390625,176.36764526367188,180.83993530273438,158.2171173095703,3789268
2016-11-29,181.03480529785156,182.97377014160156,176.1240692138672,177.04969787597656,154.90101623535156,4271085
2016-11-30,178.8132781982422,178.8132781982422,175.0327911376953,176.250732421875,154.2019805908203,4627218
2016-12-01,176.74765014648438,178.80352783203125,173.43484497070312,175.69534301757812,153.71609497070312,2797882
2016-12-02,171.70050048828125,176.20201110839844,171.70050048828125,174.51637268066406,152.6846466064453,3054580
2016-12-05,174.526123046875,176.74765014648438,173.72715759277344,174.70150756835938,152.8466033935547,4534916
2016-12-06,176.31893920898438,181.01531982421875,175.5686798095703,179.3881378173828,156.9469757080078,3098394
2016-12-07,180.2553253173828,180.2553253173828,173.6102294921875,175.0327911376953,153.1364288330078,11337784
2016-12-08,177.7220001220703,178.50148010253906,174.79893493652344,177.2932891845703,155.11415100097656,9262961
2016-12-09,174.99380493164062,177.8096923828125,170.99896240234375,173.38612365722656,151.69573974609375,6154493
2016-12-12,173.02561950683594,175.96817016601562,168.03692626953125,169.1087188720703,147.95347595214844,2340183
2016-12-13,169.34255981445312,171.09640502929688,163.3600311279297,164.4415740966797,143.8701934814453,2962950
2016-12-14,166.4195098876953,168.3682098388672,163.30157470703125,163.85696411132812,143.35874938964844,3539692
2016-12-15,164.47079467773438,168.8553924560547,161.9862060546875,166.09796142578125,145.31936645507812,3498895
2016-12-16,168.27078247070312,168.63128662109375,164.57797241210938,165.3184814453125,144.63735961914062,3533200
2016-12-19,166.02976989746094,166.02976989746094,160.76824951171875,161.56723022460938,141.35540771484375,3044055
2016-12-20,160.20314025878906,161.24569702148438,156.870849609375,157.97186279296875,138.20980834960938,5575668
2016-12-21,158.81954956054688,160.6708221435547,157.14366149902344,157.77699279785156,138.03933715820312,4070521
2016-12-22,157.96212768554688,159.9595489501953,153.55804443359375,154.2303466796875,134.93637084960938,5642513
2016-12-23,154.3375244140625,159.39442443847656,153.94778442382812,156.60777282714844,137.01638793945312,6656755
2016-12-26,156.12059020996094,156.28623962402344,151.61907958984375,153.02215576171875,133.8793182373047,2708597
2016-12-27,154.1426544189453,158.22518920898438,152.9734344482422,157.52366638183594,137.81768798828125,1643233
2016-12-28,157.84519958496094,161.63543701171875,156.60777282714844,158.7513427734375,138.8917694091797,2557830
2016-12-29,158.9364776611328,163.49644470214844,158.9364776611328,162.14208984375,141.8583526611328,4180040
2016-12-30,163.49644470214844,168.280517578125,162.91183471679688,166.3123321533203,145.5068817138672,3989431
2017-01-02,166.9359130859375,173.43484497070312,166.6143798828125,172.34356689453125,150.7836456298828,4089087
2017-01-03,173.43484497070312,176.92303466796875,171.5446014404297,174.0097198486328,152.24136352539062,3296058
2017-01-04,172.65536499023438,178.35533142089844,172.65536499023438,177.6830291748047,155.45513916015625,3478759
2017-01-05,179.22250366210938,180.06045532226562,177.13739013671875,178.2773895263672,155.97515869140625,6718411
2017-01-06,180.2553253173828,183.93836975097656,178.7255859375,180.81069946289062,158.19151306152344,4834792
2017-01-09,181.61941528320312,183.8604278564453,177.76097106933594,181.13223266601562,158.4728546142578,1909903
2017-01-10,182.37940979003906,183.568115234375,180.4501953125,183.07119750976562,160.16925048828125,1544619
2017-01-11,183.17837524414062,192.3275604248047,181.72659301757812,188.20603942871094,164.6617431640625,5868883
2017-01-12,189.41424560546875,190.3301239013672,181.8142852783203,183.68504333496094,160.70632934570312,5475864
2017-01-13,184.9127197265625,186.8711700439453,183.27581787109375,186.15989685058594,162.87158203125,1453615
2017-01-16,187.4655303955078,188.74192810058594,184.0552978515625,187.231689453125,163.8092803955078,2129274
2017-01-17,187.4655303955078,190.2814178466797,184.93222045898438,186.14041137695312,162.85452270507812,1763775
2017-01-18,185.12709045410156,188.40090942382812,183.7142791748047,184.63015747070312,161.53318786621094,2074047
2017-01-19,184.93222045898438,184.98092651367188,182.80812072753906,183.7532501220703,160.76597595214844,2369171
2017-01-20,183.66555786132812,183.66555786132812,176.88406372070312,177.77072143554688,155.5318603515625,3239641
2017-01-23,177.81944274902344,181.3076171875,176.35791015625,179.3394317626953,156.9043426513672,2751343
2017-01-24,180.54762268066406,184.4840087890625,179.48558044433594,183.83119201660156,160.83419799804688,2810546
2017-01-25,184.1624755859375,186.06246948242188,182.3501739501953,185.39016723632812,162.19813537597656,3935267
2017-01-27,186.04296875,190.97320556640625,184.5619659423828,187.3583526611328,163.9200897216797,4225680
2017-01-30,187.56297302246094,191.5578155517578,182.55479431152344,190.59320068359375,166.7502899169922,2756849
2017-01-31,192.49319458007812,194.21780395507812,181.93121337890625,186.05271911621094,162.77784729003906,5109780
2017-02-01,184.87374877929688,191.9475555419922,182.2040252685547,190.9244842529297,167.0401153564453,4743988
2017-02-02,190.97320556640625,191.88909912109375,187.98193359375,189.16090393066406,165.49713134765625,2198633
2017-02-03,189.95986938476562,191.1388397216797,187.11476135253906,187.8455352783203,164.34632873535156,2287420
2017-02-06,189.0244903564453,190.95372009277344,186.1014404296875,187.91372680664062,164.406005859375,1756976
2017-02-07,188.43988037109375,189.0244903564453,182.86659240722656,185.01991271972656,161.8742218017578,1627515
2017-02-08,185.9065704345703,187.65066528320312,182.96401977539062,186.03323364257812,162.76075744628906,2288400
2017-02-09,185.68246459960938,187.3583526611328,183.17837524414062,185.6142578125,162.39422607421875,7107120
2017-02-10,185.71170043945312,190.7490997314453,185.71170043945312,187.98193359375,164.46563720703125,5721442
2017-02-13,188.50808715820312,189.39474487304688,186.1014404296875,188.30348205566406,164.74700927734375,1452317
2017-02-14,188.71270751953125,188.71270751953125,184.54248046875,185.34144592285156,162.155517578125,2947155
2017-02-15,182.2235107421875,187.660400390625,180.2553253173828,181.9214630126953,159.16336059570312,3353609
2017-02-16,182.59376525878906,185.49734497070312,180.70352172851562,183.59735107421875,160.62960815429688,2041580
2017-02-17,184.93222045898438,186.8711700439453,181.05429077148438,183.11016845703125,160.203369140625,2290381
2017-02-20,183.61683654785156,184.30862426757812,182.0091552734375,183.5194091796875,160.56143188476562,1518612
2017-02-21,183.568115234375,185.47784423828125,182.23326110839844,184.83477783203125,161.7122344970703,1934278
2017-02-22,185.51683044433594,185.6727294921875,182.496337890625,184.04554748535156,161.02174377441406,3018259
2017-02-23,184.15272521972656,185.9552764892578,180.8594207763672,181.93121337890625,159.17185974121094,12154238
2017-02-27,181.91171264648438,183.52914428710938,181.2783966064453,181.9214630126953,159.16336059570312,1943556
2017-02-28,182.2040252685547,182.77890014648438,180.3722381591797,181.0737762451172,158.42172241210938,2763844
2017-03-01,181.42454528808594,182.29171752929688,177.6148223876953,180.38198852539062,157.81646728515625,3549047
2017-03-02,180.62557983398438,182.03839111328125,174.4189453125,175.2276611328125,153.3069305419922,2525778
2017-03-03,173.51280212402344,180.93736267089844,173.08407592773438,179.20301818847656,156.7849578857422,5167341
2017-03-06,178.52096557617188,182.78863525390625,178.52096557617188,181.95069885253906,159.1889190673828,2474077
2017-03-07,182.59376525878906,186.49118041992188,182.01889038085938,185.55580139160156,162.34307861328125,4526870
2017-03-08,186.1014404296875,188.33270263671875,183.8604278564453,187.13424682617188,163.72402954101562,3899099
2017-03-09,186.81271362304688,188.74192810058594,186.16964721679688,187.26092529296875,163.83485412597656,6747512
2017-03-10,186.78347778320312,188.1768035888672,186.07220458984375,186.94912719726562,163.5620880126953,2097519
2017-03-14,190.87576293945312,199.50852966308594,190.87576293945312,197.5111083984375,172.80276489257812,12343066
2017-03-15,195.8644561767578,212.40896606445312,195.8644561767578,208.16079711914062,182.12020874023438,7548013
2017-03-16,208.83309936523438,209.65155029296875,202.4315948486328,204.62388610839844,179.02574157714844,3872081
2017-03-17,205.97824096679688,206.6407928466797,203.65928649902344,205.90029907226562,180.14247131347656,5706314
2017-03-20,207.53720092773438,207.71258544921875,203.5423583984375,205.33517456054688,179.64805603027344,1778764
2017-03-21,205.91978454589844,207.05003356933594,198.962890625,204.5459442138672,178.95753479003906,2941803
2017-03-22,202.47056579589844,202.8992919921875,199.7910919189453,201.56442260742188,176.34901428222656,3606146
2017-03-23,201.6910858154297,204.62388610839844,199.07008361816406,201.2818603515625,176.10182189941406,2868836
2017-03-24,202.27569580078125,204.029541015625,200.37571716308594,201.0869903564453,175.93128967285156,3652018
2017-03-27,200.52186584472656,204.44850158691406,198.0177764892578,198.92391967773438,174.038818359375,2886761
2017-03-28,200.71673583984375,210.37257385253906,199.937255859375,209.2130889892578,183.04080200195312,6314600
2017-03-29,210.07052612304688,210.07052612304688,203.91261291503906,206.99156188964844,181.0972137451172,3298116
2017-03-30,207.92694091796875,211.4346160888672,202.98696899414062,205.1403045654297,179.47756958007812,7316854
2017-03-31,207.05003356933594,211.26898193359375,205.00389099121094,210.07052612304688,183.79103088378906,3644028
2017-04-03,211.4346160888672,216.11151123046875,211.24949645996094,215.15664672851562,188.24085998535156,2805410
2017-04-05,215.33203125,218.15765380859375,212.14588928222656,215.82894897460938,188.82904052734375,3777511
2017-04-06,212.40896606445312,215.34176635742188,210.95718383789062,213.18844604492188,186.51893615722656,3173074
2017-04-07,211.82435607910156,214.77664184570312,210.47000122070312,212.0484619140625,185.521484375,1640360
2017-04-10,214.35768127441406,216.30638122558594,210.0023193359375,212.30178833007812,185.74313354492188,3987235
2017-04-11,212.40896606445312,214.35768127441406,209.31053161621094,211.2592315673828,184.83102416992188,2903777
2017-04-12,211.23974609375,212.08743286132812,206.50439453125,207.88796997070312,181.8815155029297,3952889
2017-04-13,207.53720092773438,208.4920654296875,203.85415649414062,204.77978515625,179.16212463378906,1472648
2017-04-17,206.17311096191406,210.96693420410156,202.77261352539062,210.15821838378906,183.86776733398438,1479166
2017-04-18,210.46026611328125,212.08743286132812,205.85157775878906,206.65054321289062,180.79885864257812,1304368
2017-04-19,205.00389099121094,214.04588317871094,203.63978576660156,213.3735809326172,186.68087768554688,3492312
2017-04-20,213.38333129882812,213.76332092285156,208.71617126464844,209.47616577148438,183.27098083496094,1904869
2017-04-21,211.62948608398438,211.62948608398438,204.6531219482422,205.2961883544922,179.61395263671875,3075214
2017-04-24,206.17311096191406,206.4167022705078,203.19158935546875,205.30593872070312,179.62246704101562,2118313
2017-04-25,207.08900451660156,213.18844604492188,206.26080322265625,212.52589416503906,185.93922424316406,3497643
2017-04-26,213.38333129882812,213.38333129882812,204.029541015625,205.33517456054688,179.64805603027344,4352292
2017-04-27,205.1792755126953,208.8915557861328,200.1321258544922,202.76287841796875,177.39755249023438,10449718
2017-04-28,203.05517578125,204.14645385742188,197.94956970214844,202.40235900878906,177.08213806152344,3570871
2017-05-02,203.4156951904297,203.92234802246094,195.99111938476562,196.55624389648438,171.96730041503906,3566458
2017-05-03,196.11778259277344,201.86647033691406,195.06549072265625,198.47572326660156,173.64671325683594,1955943
2017-05-04,200.1321258544922,200.1321258544922,197.5988006591797,198.6998291015625,173.8427734375,1845368
2017-05-05,199.54751586914062,199.54751586914062,194.57830810546875,195.04600524902344,170.6460418701172,4535799
2017-05-08,196.37112426757812,196.90701293945312,194.3054962158203,194.64651489257812,170.2965087890625,1265044
2017-05-09,195.5429229736328,196.81932067871094,193.0680694580078,195.70855712890625,171.22572326660156,3249951
2017-05-10,196.02035522460938,198.56341552734375,196.02035522460938,197.13111877441406,172.47032165527344,2288107
2017-05-11,197.783935546875,199.47930908203125,196.39060974121094,197.74496459960938,173.00738525390625,2186286
2017-05-12,197.79367065429688,198.6121368408203,191.58705139160156,192.8829345703125,168.7535400390625,2419225
2017-05-15,192.92190551757812,195.630615234375,192.92190551757812,194.13011169433594,169.84474182128906,3628956
2017-05-16,194.85113525390625,197.98854064941406,194.55882263183594,196.87777709960938,172.24867248535156,4162792
2017-05-17,196.87777709960938,198.36854553222656,196.87777709960938,197.33572387695312,172.64932250976562,2242518
2017-05-18,197.2090606689453,197.2090606689453,192.94139099121094,193.82806396484375,169.58041381835938,1260246
2017-05-19,195.06549072265625,198.25161743164062,192.93165588378906,194.68548583984375,170.3306427001953,1960146
2017-05-22,195.26036071777344,197.24803161621094,193.3116455078125,194.36395263671875,170.04931640625,1809600
2017-05-23,195.77676391601562,195.77676391601562,186.15989685058594,186.91989135742188,163.53648376464844,1766972
2017-05-24,186.68605041503906,187.80654907226562,181.97018432617188,184.09426879882812,161.06439208984375,3189731
2017-05-25,183.25633239746094,189.2583465576172,182.57427978515625,187.77732849121094,164.28665161132812,3845294
2017-05-26,189.0244903564453,194.08139038085938,188.60552978515625,192.2398681640625,168.19091796875,3896677
2017-05-29,192.53216552734375,196.15675354003906,189.60911560058594,193.63319396972656,169.40997314453125,3185693
2017-05-30,193.84754943847656,197.19932556152344,191.5578155517578,195.78651428222656,171.29388427734375,1914223
2017-05-31,201.4962158203125,203.05517578125,197.94956970214844,198.7680206298828,173.90245056152344,8968289
2017-06-01,197.22854614257812,202.37313842773438,197.22854614257812,200.1808319091797,175.13851928710938,3958939
2017-06-02,200.40493774414062,201.5839080810547,195.21163940429688,199.92750549316406,174.9168701171875,2758250
2017-06-05,201.0869903564453,201.32083129882812,197.6377716064453,198.99212646484375,174.09848022460938,2418974
2017-06-06,199.35264587402344,200.50238037109375,193.0095977783203,194.25677490234375,169.9555206298828,2002533
2017-06-07,196.0398406982422,197.39419555664062,194.23728942871094,194.89984130859375,170.5181884765625,1887524
2017-06-08,196.42958068847656,196.71214294433594,193.6136932373047,194.88035583496094,170.5011444091797,1911683
2017-06-09,195.06549072265625,195.45523071289062,191.85986328125,193.2921600341797,169.11160278320312,3022620
2017-06-12,191.9475555419922,195.08497619628906,191.09986877441406,192.31781005859375,168.25914001464844,1509165
2017-06-13,192.53216552734375,193.89625549316406,188.63475036621094,189.22911071777344,165.55679321289062,2386578
2017-06-14,190.3301239013672,190.3301239013672,185.13682556152344,186.04296875,162.76922607421875,3317975
2017-06-15,185.12709045410156,190.86602783203125,184.15272521972656,189.813720703125,166.0683135986328,3225042
2017-06-16,190.4080810546875,192.92190551757812,190.4080810546875,191.80140686035156,167.80735778808594,2165693
2017-06-19,193.70138549804688,195.6111297607422,192.38601684570312,193.76959228515625,169.529296875,1647139
2017-06-20,193.1167755126953,194.87062072753906,191.0706329345703,193.4188232421875,169.22244262695312,2566015
2017-06-21,192.9024200439453,196.3516387939453,192.07421875,194.77317810058594,171.44374084472656,1971877
2017-06-22,194.99728393554688,199.33314514160156,192.14242553710938,193.3701171875,170.20867919921875,2741429
2017-06-23,194.64651489257812,195.26036071777344,187.231689453125,188.51783752441406,165.9376220703125,1587910
2017-06-27,189.98910522460938,193.798828125,189.2193603515625,192.81472778320312,169.71981811523438,3347734
2017-06-28,193.68190002441406,196.41983032226562,191.67474365234375,194.8218994140625,171.48658752441406,2340245
2017-06-29,195.15318298339844,196.82907104492188,191.9475555419922,192.5419158935547,169.47970581054688,1687653
2017-06-30,192.92190551757812,195.49420166015625,192.35678100585938,194.83163452148438,171.49520874023438,3232313
2017-07-03,194.9290771484375,201.4962158203125,193.8183135986328,200.4926300048828,176.47811889648438,16628617
2017-07-04,202.4315948486328,205.7833709716797,198.86546325683594,203.79568481445312,179.38555908203125,17248239
2017-07-05,205.97824096679688,214.55255126953125,204.7602996826172,213.52947998046875,187.9534454345703,21040596
2017-07-06,214.16281127929688,221.56788635253906,213.46127319335938,216.51100158691406,190.57786560058594,8835216
2017-07-07,217.28073120117188,221.0709686279297,211.4541015625,212.3505096435547,186.91566467285156,6835017
2017-07-10,200.50238037109375,208.00489807128906,200.50238037109375,205.68592834472656,181.04940795898438,1134521
2017-07-11,207.1474609375,207.1474609375,196.059326171875,197.57931518554688,173.91371154785156,6893230
2017-07-12,197.5988006591797,202.85057067871094,195.844970703125,201.33058166503906,177.21572875976562,6961706
2017-07-13,199.937255859375,203.0259552001953,198.75828552246094,199.99571228027344,176.04071044921875,3977382
2017-07-14,200.71673583984375,201.77877807617188,197.71572875976562,201.21365356445312,177.11276245117188,2663485
2017-07-17,201.77877807617188,203.6300506591797,195.6501007080078,196.53675842285156,172.99607849121094,3848348
2017-07-18,196.81932067871094,198.56341552734375,186.9783477783203,187.97219848632812,165.45733642578125,7108111
2017-07-19,190.46653747558594,191.323974609375,187.3583526611328,188.84910583496094,166.22921752929688,5631228
2017-07-20,190.3885955810547,190.77833557128906,186.1014404296875,187.02706909179688,164.6254425048828,3281603
2017-07-21,187.8552703857422,189.80398559570312,185.85784912109375,188.47886657714844,165.90335083007812,2467098
2017-07-24,188.82962036132812,190.27166748046875,187.3193817138672,187.88450622558594,165.38015747070312,1821239
2017-07-25,188.0404052734375,195.6501007080078,187.36810302734375,194.51010131835938,171.21214294433594,5595610
2017-07-26,195.26036071777344,195.80599975585938,190.03782653808594,191.38243103027344,168.4591064453125,3350787
2017-07-27,192.12294006347656,194.47113037109375,189.34603881835938,191.1973114013672,168.29617309570312,7354746
2017-07-28,189.78448486328125,190.6224365234375,188.2547607421875,189.0439910888672,166.40078735351562,2737262
2017-07-31,190.3885955810547,199.54751586914062,187.67015075683594,198.18341064453125,174.44549560546875,19179223
2017-08-01,199.9567413330078,203.05517578125,197.4039306640625,201.45724487304688,177.3271942138672,9605691
2017-08-02,201.44749450683594,202.1100616455078,196.52700805664062,198.43675231933594,174.66851806640625,2726542
2017-08-03,197.6182861328125,200.33673095703125,192.53216552734375,194.07164001464844,170.82620239257812,4064578
2017-08-04,194.68548583984375,196.42958068847656,191.58705139160156,193.34088134765625,170.18299865722656,2929317
2017-08-07,193.32139587402344,195.844970703125,191.97679138183594,192.55165100097656,169.48826599121094,2126462
2017-08-08,192.91217041015625,196.10804748535156,188.82962036132812,189.1901397705078,166.5294189453125,5401327
2017-08-09,189.9988555908203,189.9988555908203,182.30145263671875,183.7142791748047,161.70941162109375,4879011
2017-08-10,182.2040252685547,186.55938720703125,178.832763671875,181.96043395996094,160.1656494140625,5277896
2017-08-11,179.3199462890625,186.66656494140625,179.3199462890625,185.5265655517578,163.30465698242188,4238976
2017-08-14,186.1014404296875,191.83062744140625,186.1014404296875,189.6870574951172,166.96681213378906,4039126
2017-08-16,190.87576293945312,192.61985778808594,186.0234832763672,190.6029510498047,167.7729949951172,2323654
2017-08-17,191.00242614746094,194.67575073242188,188.4886016845703,190.33987426757812,167.54144287109375,3173834
2017-08-18,189.9014129638672,190.07679748535156,186.07220458984375,189.48243713378906,166.7866973876953,1646584
2017-08-21,189.48243713378906,192.53216552734375,185.32196044921875,186.98809814453125,164.59109497070312,2695901
2017-08-22,189.20962524414062,190.2132110595703,185.51683044433594,186.7639923095703,164.39385986328125,2711701
2017-08-23,188.22552490234375,190.86602783203125,187.17323303222656,189.27783203125,166.60659790039062,2250919
2017-08-24,189.20962524414062,192.62960815429688,188.83937072753906,189.9988555908203,167.2412567138672,2318266
2017-08-28,190.7490997314453,192.4347381591797,189.2193603515625,191.25576782226562,168.34762573242188,1271654
2017-08-29,189.9988555908203,191.752685546875,188.1475830078125,189.33628845214844,166.6580352783203,1895324
2017-08-30,190.57371520996094,191.90858459472656,189.41424560546875,190.05731201171875,167.29269409179688,1267856
2017-08-31,190.31063842773438,193.89625549316406,190.12551879882812,191.9475555419922,168.95654296875,3458818
2017-09-01,194.47113037109375,200.12237548828125,191.9475555419922,198.6998291015625,174.9000701904297,7154090
2017-09-04,199.7423858642578,210.22642517089844,194.9290771484375,208.66744995117188,183.6737518310547,7904141
2017-09-05,209.39822387695312,211.05462646484375,204.03927612304688,209.193603515625,184.1368865966797,5116528
2017-09-06,207.47874450683594,209.34950256347656,204.886962890625,206.5238800048828,181.78689575195312,2272107
2017-09-07,208.30694580078125,213.9679412841797,207.8295135498047,209.8951416015625,184.75442504882812,5683961
2017-09-08,212.39923095703125,215.12741088867188,204.994140625,205.4813232421875,180.8692626953125,5054055
2017-09-11,207.1474609375,208.4628448486328,204.63363647460938,205.97824096679688,181.30667114257812,1515887
2017-09-12,207.2741241455078,210.24591064453125,205.00389099121094,209.03770446777344,183.9996795654297,2573076
2017-09-13,209.4859161376953,212.01922607421875,205.11106872558594,206.51412963867188,181.77838134765625,1992593
2017-09-14,206.77720642089844,211.2202606201172,206.77720642089844,209.77821350097656,184.65147399902344,1869070
2017-09-15,210.07052612304688,213.88998413085938,208.7843780517578,210.9376983642578,185.672119140625,3310612
2017-09-18,212.9935760498047,217.28073120117188,210.46026611328125,211.346923828125,186.0323028564453,3354471
2017-09-19,211.0448760986328,212.40896606445312,207.0597686767578,208.3556671142578,183.3993682861328,1530400
2017-09-20,206.9525909423828,212.01922607421875,205.59823608398438,208.0633544921875,183.14205932617188,2380030
2017-09-21,209.64181518554688,210.46026611328125,205.00389099121094,207.68336486816406,182.8075714111328,4701611
2017-09-22,206.83567810058594,206.83567810058594,192.4152374267578,195.09471130371094,171.72674560546875,5796225
2017-09-25,196.21522521972656,196.21522521972656,188.72244262695312,191.3726806640625,168.45053100585938,3948394
2017-09-26,192.52243041992188,199.4305877685547,191.5188446044922,196.16650390625,172.67018127441406,2944322
2017-09-27,202.66543579101562,209.9146270751953,200.19058227539062,204.52645874023438,180.02877807617188,13730033
2017-09-28,204.61415100097656,208.2777099609375,201.31109619140625,205.44235229492188,180.83497619628906,10357898
2017-09-29,206.56285095214844,208.3556671142578,204.87722778320312,205.47157287597656,180.8606719970703,3314368
2017-10-03,206.75772094726562,211.55154418945312,205.84182739257812,206.83567810058594,182.06141662597656,2913743
2017-10-04,208.39463806152344,208.39463806152344,202.68492126464844,204.31210327148438,179.84010314941406,2466641
2017-10-05,204.41928100585938,208.90130615234375,203.7372283935547,206.05618286132812,181.3752899169922,3832147
2017-10-06,208.70643615722656,209.20335388183594,203.85415649414062,205.27670288085938,180.6891632080078,2102436
2017-10-09,205.2961883544922,209.7002716064453,202.733642578125,207.71258544921875,182.8332977294922,3352373
2017-10-10,208.31668090820312,212.7987060546875,207.05003356933594,210.6843719482422,185.44911193847656,3477296
2017-10-11,210.46026611328125,219.03457641601562,209.39822387695312,214.29920959472656,188.63095092773438,4544589
2017-10-12,214.9033203125,216.79356384277344,210.08026123046875,215.28330993652344,189.4971923828125,1685497
2017-10-13,215.27357482910156,217.47560119628906,212.32127380371094,213.49050903320312,187.91915893554688,3695405
2017-10-16,213.78280639648438,216.2284393310547,213.1592254638672,214.44537353515625,188.75965881347656,2499581
2017-10-17,214.34793090820312,217.55355834960938,213.93870544433594,215.90689086914062,190.0460968017578,4069910
2017-10-18,216.0627899169922,216.70587158203125,211.90231323242188,215.18588256835938,189.41140747070312,1924913
2017-10-19,215.15664672851562,215.87767028808594,208.96949768066406,211.39564514160156,186.0751953125,147887
2017-10-23,212.3505096435547,221.67506408691406,211.30795288085938,216.52073669433594,190.5863800048828,7115782
2017-10-24,219.1709747314453,220.37918090820312,216.30638122558594,217.51458740234375,191.46124267578125,2278788
2017-10-25,218.83970642089844,219.90174865722656,204.73106384277344,212.3699951171875,186.9328155517578,3580401
2017-10-26,210.5382080078125,219.48277282714844,210.11924743652344,218.021240234375,191.90721130371094,6765170
2017-10-27,219.42431640625,228.4857940673828,219.42431640625,225.95248413085938,198.888427734375,4265235
2017-10-30,226.06939697265625,233.69857788085938,226.06939697265625,230.15194702148438,202.58489990234375,6147022
2017-10-31,233.84474182128906,234.48780822753906,226.04991149902344,227.60887145996094,200.34642028808594,5589467
2017-11-01,227.60887145996094,236.1831817626953,227.4627227783203,233.31858825683594,205.37225341796875,12831713
2017-11-02,235.40370178222656,260.46405029296875,235.40370178222656,253.70205688476562,223.3142547607422,26418605
2017-11-03,251.5779571533203,255.10511779785156,250.43797302246094,253.40000915527344,223.0484161376953,5615525
2017-11-06,251.38308715820312,255.76768493652344,250.16514587402344,254.89076232910156,224.36058044433594,8552900
2017-11-07,254.9005126953125,257.4435729980469,248.77182006835938,249.62925720214844,219.7292938232422,4606954
2017-11-08,249.81439208984375,250.2138671875,246.85235595703125,248.12875366210938,218.40850830078125,4644558
2017-11-09,247.48568725585938,250.54515075683594,244.3287811279297,246.1995391845703,216.71034240722656,5720924
2017-11-10,245.52723693847656,248.34310913085938,243.1985321044922,244.67955017089844,216.22817993164062,2885314
2017-11-13,246.51132202148438,251.5779571533203,244.67955017089844,249.4246368408203,220.42152404785156,2179122
2017-11-14,249.4246368408203,249.73643493652344,242.82827758789062,243.5200653076172,215.20355224609375,2041929
2017-11-15,239.0380401611328,244.7574920654297,236.7385711669922,237.5862579345703,209.95968627929688,3407450
2017-11-16,237.96624755859375,242.41905212402344,234.6924285888672,238.9308624267578,211.14797973632812,2502460
2017-11-17,242.61392211914062,255.9528045654297,242.61392211914062,253.5169219970703,224.03793334960938,9805044
2017-11-20,253.2830810546875,253.2830810546875,245.9949188232422,249.36618041992188,220.36985778808594,3790920
2017-11-21,248.8497772216797,251.16873168945312,245.2446746826172,246.9010772705078,218.19140625,3042690
2017-11-22,248.84002685546875,248.84002685546875,242.56520080566406,243.60775756835938,215.28102111816406,2383304
2017-11-23,243.6272430419922,245.04005432128906,239.97341918945312,240.50930786132812,212.54287719726562,1729860
2017-11-24,242.0098114013672,242.99391174316406,240.1682891845703,241.56161499023438,213.47279357910156,2323105
2017-11-27,241.24981689453125,246.9108123779297,238.52163696289062,246.29696655273438,217.6575164794922,4576770
2017-11-28,244.7574920654297,250.55490112304688,244.7574920654297,248.64515686035156,219.732666015625,5231820
2017-11-29,248.5477294921875,262.3348083496094,248.27490234375,261.05841064453125,230.70248413085938,9091447
2017-11-30,260.8343200683594,265.9204406738281,257.2292175292969,258.7004699707031,228.61874389648438,9147064
2017-12-01,260.3471374511719,264.9168701171875,256.8394775390625,258.7394714355469,228.6531982421875,4501258
2017-12-04,260.9317626953125,264.34197998046875,249.82412719726562,252.14308166503906,222.82388305664062,3395848
2017-12-05,253.33180236816406,268.5317077636719,252.2405242919922,267.4891357421875,236.38546752929688,6558515
2017-12-06,267.36248779296875,267.36248779296875,259.372802734375,261.6430358886719,231.21914672851562,5207716
2017-12-07,260.3471374511719,264.0886535644531,256.9856262207031,262.5881652832031,232.0543975830078,3401929
2017-12-08,262.1009826660156,271.4937438964844,262.1009826660156,268.0347900390625,236.86769104003906,3943380
2017-12-11,268.92144775390625,272.96502685546875,266.5927429199219,271.1527099609375,239.62306213378906,3023467
2017-12-12,271.8445129394531,271.8639831542969,265.0240478515625,265.7353210449219,234.8355712890625,2526106
2017-12-13,265.608642578125,273.7737121582031,262.6855773925781,267.1286315917969,236.06683349609375,3615224
2017-12-14,267.7814636230469,270.26605224609375,263.86456298828125,266.1835021972656,235.2316131591797,1949934
2017-12-15,269.3306884765625,275.1573181152344,269.3306884765625,274.14398193359375,242.26644897460938,5049940
2017-12-18,276.2875671386719,278.0803527832031,266.9727478027344,276.0926818847656,243.9886016845703,3138903
2017-12-19,275.9367980957031,284.3649597167969,274.767578125,283.6049499511719,250.6272735595703,4091704
2017-12-20,283.58544921875,285.0567321777344,278.66497802734375,279.63934326171875,247.12281799316406,3260927
2017-12-21,281.549072265625,284.4916076660156,278.9183044433594,280.2044677734375,247.6222381591797,2785976
2017-12-22,280.4188232421875,286.74237060546875,278.8890686035156,285.4854431152344,252.28921508789062,2036915
2017-12-26,286.4598083496094,288.1551818847656,284.0044250488281,284.988525390625,251.85000610351562,1330015
2017-12-27,284.988525390625,287.01519775390625,280.6136779785156,283.263916015625,250.325927734375,3015097
2017-12-28,284.85211181640625,286.6254577636719,280.4772644042969,283.3126525878906,250.3690643310547,6809436
2017-12-29,282.9521179199219,291.6238708496094,282.5623779296875,288.68133544921875,255.1134033203125,2645924
2018-01-01,290.6300354003906,291.3315734863281,285.1931457519531,287.1321105957031,253.744384765625,1092642
2018-01-02,288.9931335449219,289.4608154296875,282.97161865234375,285.1639099121094,252.00502014160156,1420686
2018-01-03,283.7121276855469,286.1675109863281,281.5880432128906,282.97161865234375,250.067626953125,2552621
2018-01-04,283.5367431640625,288.9931335449219,282.4747009277344,286.2357177734375,252.9521484375,2673614
2018-01-05,286.4598083496094,290.7469482421875,284.37469482421875,288.4182434082031,254.8809356689453,3591100
2018-01-08,289.3633728027344,296.10589599609375,288.4182434082031,294.2351379394531,260.0214538574219,2865039
2018-01-09,296.2033386230469,296.59307861328125,292.9684753417969,295.3848876953125,261.0375061035156,1356269
2018-01-10,296.7879333496094,301.25048828125,294.80999755859375,296.4176940917969,261.95013427734375,4224151
2018-01-11,295.2289733886719,295.2289733886719,291.4972229003906,293.26080322265625,259.1603698730469,3373802
2018-01-12,293.26080322265625,298.9704895019531,289.5777282714844,294.2351379394531,260.0214538574219,5079960
2018-01-15,294.97564697265625,296.9243469238281,291.6531066894531,292.2474670410156,258.2649230957031,1097143
2018-01-16,294.254638671875,298.346923828125,290.8249206542969,294.43975830078125,260.2022399902344,3112203
2018-01-17,295.61871337890625,295.61871337890625,290.3572082519531,293.2997741699219,259.19482421875,2041133
2018-01-18,293.3192443847656,295.3166809082031,281.68548583984375,283.7900695800781,250.7908935546875,4088661
2018-01-19,286.84954833984375,286.84954833984375,274.4265441894531,278.2752380371094,245.9173583984375,2842840
2018-01-22,279.824462890625,290.152587890625,275.0403747558594,287.677734375,254.22647094726562,2549347
2018-01-23,286.30389404296875,291.21466064453125,284.1116027832031,286.2259521484375,252.94349670410156,4602802
2018-01-24,286.4598083496094,287.0249328613281,277.56396484375,280.2044677734375,247.6222381591797,2453361
2018-01-25,276.7747497558594,283.9264831542969,276.7747497558594,281.8218688964844,249.0515594482422,3041705
2018-01-29,287.4536437988281,295.4238586425781,277.16448974609375,278.9475402832031,246.511474609375,4027800
2018-01-30,280.4188232421875,280.4188232421875,265.6281433105469,267.9178771972656,236.7642822265625,3896036
2018-01-31,263.6891784667969,273.793212890625,263.2799377441406,268.87274169921875,237.60813903808594,3878060
2018-02-01,267.57684326171875,277.10601806640625,265.6573791503906,268.9311828613281,237.6598358154297,3704257
2018-02-02,263.5235290527344,267.8301696777344,250.1846466064453,257.5994567871094,227.64576721191406,4947754
2018-02-05,253.33180236816406,264.6343078613281,253.33180236816406,262.2568664550781,231.7615966796875,3432728
2018-02-06,249.4441375732422,269.1650390625,248.5672149658203,265.48199462890625,234.6117401123047,6417617
2018-02-07,269.3111877441406,271.0455322265625,255.8651123046875,258.2425537109375,228.2140655517578,5578095
2018-02-08,258.3009948730469,264.34197998046875,258.3009948730469,260.658935546875,230.3494415283203,1806177
2018-02-09,259.372802734375,265.4137878417969,252.35745239257812,255.53384399414062,225.82032775878906,4429421
2018-02-12,255.6702423095703,261.4189147949219,252.50360107421875,258.3789367675781,228.33457946777344,3403232
2018-02-14,260.1327819824219,268.1614685058594,258.20355224609375,262.73431396484375,232.18350219726562,2747145
2018-02-15,264.0301818847656,270.8701477050781,262.4322509765625,265.0532531738281,234.23284912109375,2899436
2018-02-16,264.66351318359375,267.94708251953125,255.709228515625,256.9271545410156,227.0516357421875,2640490
2018-02-19,256.9271545410156,257.99896240234375,246.014404296875,251.3441162109375,222.11778259277344,3849579
2018-02-20,249.83387756347656,254.4912872314453,248.91798400878906,251.89950561523438,222.6085968017578,1846609
2018-02-21,253.52667236328125,254.03334045410156,244.5626220703125,245.89749145507812,217.3044891357422,3182881
2018-02-22,247.87542724609375,254.1112823486328,245.53697204589844,253.02975463867188,223.60743713378906,4378238
2018-02-23,252.64974975585938,260.3179016113281,252.35745239257812,257.78460693359375,227.80938720703125,2295230
2018-02-26,259.93792724609375,264.7901916503906,259.17791748046875,262.8609619140625,232.29542541503906,2170506
2018-02-27,262.5881652832031,264.4394226074219,260.5420227050781,262.7732849121094,232.21795654296875,2722072
2018-02-28,256.5569152832031,264.536865234375,256.5569152832031,259.92816162109375,229.7036590576172,2520667
2018-03-01,261.1266174316406,262.67584228515625,258.3984375,260.84405517578125,230.5130615234375,2687957
2018-03-05,260.73687744140625,267.74249267578125,259.9768981933594,266.8558349609375,235.82579040527344,3061852
2018-03-06,269.2137451171875,273.5885925292969,255.7774200439453,264.24456787109375,233.51817321777344,4767060
2018-03-07,263.6599426269531,265.6281433105469,255.6702423095703,258.21331787109375,228.1881866455078,3559079
2018-03-08,258.7881774902344,261.4286804199219,254.42308044433594,258.4471435546875,228.3948516845703,2593325
2018-03-09,259.5676574707031,264.93634033203125,259.5676574707031,260.873291015625,230.53887939453125,3048119
2018-03-12,262.19842529296875,266.9532470703125,260.2204895019531,261.84765625,231.3999786376953,6199010
2018-03-13,264.4394226074219,266.76812744140625,262.4517517089844,264.34197998046875,233.604248046875,5220114
2018-03-14,262.705078125,269.3111877441406,262.705078125,268.17120361328125,236.9882049560547,3842929
2018-03-15,266.9922180175781,285.9433898925781,266.9922180175781,284.63775634765625,251.5399932861328,7293100
2018-03-16,284.5013427734375,287.2392883300781,279.8731689453125,281.7439270019531,248.98268127441406,6334331
2018-03-19,284.4136657714844,284.4136657714844,272.4486083984375,273.5983581542969,241.78428649902344,3397141
2018-03-20,269.5255432128906,272.81884765625,266.1932678222656,268.5024719238281,237.28094482421875,4886549
2018-03-21,269.5060729980469,275.41064453125,269.3111877441406,272.2245178222656,240.57022094726562,3219433
2018-03-22,271.3280944824219,274.7091064453125,269.51580810546875,273.0332336425781,241.28489685058594,2718095
2018-03-23,270.8896484375,274.9916687011719,265.0240478515625,271.66912841796875,240.07940673828125,2143596
2018-03-26,270.8701477050781,277.96343994140625,270.8701477050781,276.5408935546875,244.3846893310547,3634483
2018-03-27,278.66497802734375,292.0818176269531,278.2460021972656,283.2834167480469,250.34315490722656,6723183
2018-03-28,282.8936767578125,286.070068359375,279.41522216796875,280.5357360839844,247.91502380371094,3016155
2018-04-02,280.8085632324219,289.6751708984375,272.3511657714844,286.1187744140625,252.8488311767578,5422680
2018-04-03,286.1869812011719,289.6751708984375,282.3675231933594,288.5546569824219,255.00143432617188,1854599
2018-04-04,288.7982482910156,290.88336181640625,280.6136779785156,283.56597900390625,250.5928497314453,4543132
2018-04-05,284.2967529296875,301.46484375,284.0823974609375,299.740234375,264.8863830566406,7311810
2018-04-06,298.561279296875,309.9222412109375,293.47515869140625,308.9478759765625,273.0234069824219,11137441
2018-04-09,307.4571228027344,313.74169921875,302.8094482421875,303.8422546386719,268.5113525390625,7944789
2018-04-10,305.36224365234375,309.6104431152344,303.4135437011719,304.2027587890625,268.830078125,2221884
2018-04-11,304.582763671875,307.8858337402344,301.0751037597656,305.3525085449219,269.8460693359375,3178745
2018-04-12,303.9981689453125,313.49810791015625,302.35150146484375,310.2729797363281,274.1943664550781,4046710
2018-04-13,310.6237487792969,315.6708984375,308.4801940917969,313.1473388671875,276.7345275878906,4123135
2018-04-16,310.2729797363281,311.1986389160156,303.43304443359375,304.3879089355469,268.9936828613281,4714728
2018-04-17,306.9212341308594,308.8017272949219,303.00433349609375,304.7094421386719,269.2778015136719,3149977
2018-04-18,304.93353271484375,308.86993408203125,303.082275390625,305.878662109375,270.3110046386719,3401200
2018-04-19,305.9955749511719,310.32171630859375,305.1673889160156,307.6909484863281,271.91259765625,2191607
2018-04-20,307.6714782714844,309.35711669921875,304.2027587890625,306.38531494140625,270.75885009765625,1139627
2018-04-23,306.5314636230469,314.1314392089844,304.4171447753906,309.72735595703125,273.71221923828125,1939143
2018-04-24,313.9365539550781,322.86163330078125,313.7806701660156,316.83038330078125,279.9893493652344,6402273
2018-04-25,317.4344787597656,321.3416442871094,311.052490234375,314.2678527832031,277.72479248046875,3789801
2018-04-26,317.6293640136719,323.3390808105469,314.7160339355469,319.3929443359375,282.2538146972656,6552111
2018-04-27,324.3621520996094,325.1903381347656,299.12640380859375,317.10321044921875,280.23040771484375,12501612
2018-04-30,317.05450439453125,322.9590759277344,309.66888427734375,313.8099060058594,277.3200378417969,5017703
2018-05-02,315.00836181640625,316.2652587890625,296.91461181640625,302.67303466796875,267.4781799316406,4929429
2018-05-03,302.6340637207031,309.2109375,301.572021484375,306.7555847167969,271.0860595703125,3481617
2018-05-04,309.7955627441406,313.1083679199219,306.5314636230469,311.7442626953125,275.49456787109375,4245375
2018-05-07,311.7929992675781,311.7929992675781,304.7873840332031,305.95660400390625,270.3798828125,4344646
2018-05-08,305.1673889160156,306.3463439941406,299.71099853515625,300.94842529296875,265.95404052734375,3004403
2018-05-09,301.4551086425781,302.322265625,295.0438537597656,299.01922607421875,264.249267578125,3097870
2018-05-10,301.25048828125,302.1566467285156,291.3315734863281,292.2669372558594,258.2820739746094,4231782
2018-05-11,290.7664489746094,293.4069519042969,287.12237548828125,289.8700256347656,256.1639404296875,8049048
2018-05-14,288.40850830078125,289.8797912597656,280.2726745605469,281.51983642578125,248.7847137451172,5931571
2018-05-15,284.95928955078125,292.305908203125,278.7624206542969,286.6546630859375,253.32244873046875,5304411
2018-05-16,284.2187805175781,288.8079833984375,277.242431640625,279.8049621582031,247.26918029785156,3548852
2018-05-17,282.16290283203125,286.1675109863281,280.2336730957031,282.4162292480469,249.5768280029297,4832965
2018-05-18,282.2408447265625,284.0141906738281,274.11474609375,274.9916687011719,243.0155487060547,3312341
2018-05-21,274.9624328613281,279.63934326171875,269.7691345214844,274.4557800292969,242.5420379638672,1684025
2018-05-22,277.018310546875,282.75726318359375,274.57269287109375,282.0264892578125,249.23239135742188,2264641
2018-05-23,281.2567443847656,285.6803283691406,280.896240234375,282.7864990234375,249.904052734375,2858435
2018-05-24,283.2054748535156,289.38287353515625,282.9521179199219,288.02850341796875,254.5364990234375,2622555
2018-05-25,288.3987731933594,293.0854187011719,286.7521057128906,291.77001953125,257.8429260253906,2817479
2018-05-28,293.2802734375,303.0238037109375,291.6823425292969,300.2371520996094,265.3255310058594,2396975
2018-05-29,301.7668762207031,302.0397033691406,291.79925537109375,297.4115295410156,262.82843017578125,2395522
2018-05-30,294.4494934082031,298.15203857421875,287.570556640625,289.7628479003906,256.06915283203125,3256181
2018-05-31,287.0444030761719,294.27410888671875,281.46136474609375,283.40032958984375,250.44650268554688,4799594
2018-06-01,284.31622314453125,288.03826904296875,278.3629150390625,284.3357238769531,251.27308654785156,3072731
2018-06-04,284.5111083984375,287.0444030761719,279.2496032714844,281.67572021484375,248.9224090576172,2475493
2018-06-05,280.4188232421875,280.60394287109375,264.0496826171875,269.08709716796875,237.79759216308594,4782711
2018-06-06,269.1065673828125,280.4188232421875,268.7850341796875,278.742919921875,246.33065795898438,3776197
2018-06-07,280.06805419921875,287.1808166503906,276.9111328125,284.5695495605469,251.47976684570312,3717348
2018-06-08,284.31622314453125,286.52801513671875,278.3726806640625,281.79266357421875,249.02581787109375,1601185
2018-06-11,282.1726379394531,287.1321105957031,278.2752380371094,284.9982604980469,251.8585968017578,2601100
2018-06-12,285.01776123046875,295.112060546875,285.01776123046875,293.30950927734375,259.2033996582031,4555509
2018-06-13,294.2936096191406,297.9571838378906,291.6823425292969,293.7284851074219,259.5736999511719,5680327
2018-06-14,295.61871337890625,295.61871337890625,288.9346618652344,289.40234375,255.75059509277344,2923088
2018-06-15,289.96746826171875,291.8479919433594,284.1213684082031,285.5439147949219,252.34078979492188,3110171
2018-06-18,284.9008483886719,290.7469482421875,282.75726318359375,285.9531555175781,252.70245361328125,1939184
2018-06-19,284.2187805175781,289.38287353515625,282.91314697265625,285.845947265625,252.6077423095703,2260510
2018-06-20,286.4598083496094,291.8674621582031,286.4598083496094,290.5325927734375,256.7493896484375,2305750
2018-06-21,292.1110534667969,292.6956787109375,286.4890441894531,289.0710754394531,255.45791625976562,1471956
2018-06-22,289.00286865234375,292.5787353515625,284.7351989746094,291.1366882324219,257.28326416015625,1974161
2018-06-25,288.40850830078125,291.2926025390625,284.63775634765625,286.1187744140625,252.8488311767578,1751895
2018-06-26,285.5828857421875,287.22955322265625,277.69061279296875,279.8341979980469,247.29501342773438,2829456
2018-06-27,277.885498046875,280.0583190917969,264.34197998046875,267.9081115722656,236.75572204589844,3435212
2018-06-28,266.5635070800781,268.64862060546875,247.94363403320312,254.04307556152344,224.5028839111328,8389628
2018-06-29,253.33180236816406,262.0425109863281,249.82412719726562,253.22462463378906,223.77963256835938,7740956
2018-07-02,255.06614685058594,256.81024169921875,249.6584930419922,250.5938720703125,221.45480346679688,2366970
2018-07-03,251.33438110351562,259.4215087890625,251.0030975341797,252.7471923828125,223.35772705078125,4844362
2018-07-04,238.5313720703125,238.5313720703125,204.2244110107422,223.17556762695312,197.2246551513672,94382685
2018-07-05,231.89602661132812,232.74371337890625,222.3473663330078,224.51043701171875,198.40432739257812,34745494
2018-07-06,221.95762634277344,223.90634155273438,215.46844482421875,216.6571502685547,191.46421813964844,15112463
2018-07-09,218.25509643554688,223.69198608398438,216.6961212158203,222.327880859375,196.4755401611328,8817804
2018-07-10,223.12686157226562,237.5277862548828,222.542236328125,235.033447265625,207.7037353515625,24899736
2018-07-11,234.21499633789062,238.7165069580078,231.1262969970703,235.0139617919922,207.68650817871094,11767351
2018-07-12,236.82626342773438,241.05494689941406,235.0139617919922,236.4657440185547,208.96949768066406,8097701
2018-07-13,237.74215698242188,245.86825561523438,236.6313934326172,244.3287811279297,215.918212890625,12773701
2018-07-16,243.58827209472656,249.23951721191406,226.6053009033203,236.23190307617188,208.7628173828125,17408971
2018-07-17,235.79344177246094,248.26516723632812,235.59857177734375,246.83287048339844,218.131103515625,9442367
2018-07-18,247.2908172607422,251.38308715820312,236.8847198486328,241.30828857421875,214.2638397216797,9496824
2018-07-19,239.75906372070312,241.34725952148438,228.6806640625,230.44424438476562,204.61740112304688,7133415
2018-07-20,227.99862670898438,230.95091247558594,223.9647979736328,228.51502990722656,202.9044189453125,7256671
2018-07-23,229.1678466796875,237.5472869873047,228.02784729003906,236.44625854492188,209.94674682617188,6771893
2018-07-24,237.44984436035156,247.1836395263672,236.3780517578125,246.47235107421875,218.84915161132812,7229643
2018-07-25,243.6662139892578,252.16258239746094,243.6662139892578,250.14566040039062,222.1107635498047,5297674
2018-07-26,250.14566040039062,282.1531677246094,249.0543975830078,274.9624328613281,244.14622497558594,49192337
2018-07-27,275.9367980957031,281.3931579589844,273.44244384765625,275.6932067871094,244.79513549804688,11182517
2018-07-30,275.54705810546875,280.5942077636719,269.3209228515625,275.9367980957031,245.01138305664062,6928838
2018-07-31,275.76141357421875,275.76141357421875,268.08349609375,269.3404235839844,239.1543731689453,5306177
2018-08-01,270.96759033203125,277.3008728027344,270.3342590332031,271.7665710449219,241.30860900878906,6558705
2018-08-02,272.935791015625,274.5921936035156,269.6034851074219,271.3670654296875,240.9538116455078,4168822
2018-08-03,273.5983581542969,286.070068359375,272.6434631347656,279.20086669921875,247.90966796875,8814715
2018-08-06,279.9706115722656,287.87261962890625,276.7162780761719,277.47625732421875,246.3783721923828,5730879
2018-08-07,278.0803527832031,282.5623779296875,274.2706604003906,275.9952392578125,245.06336975097656,3583002
2018-08-08,277.69061279296875,281.56854248046875,274.864990234375,278.0316467285156,246.87147521972656,3484214
2018-08-09,279.71728515625,280.798828125,274.2414245605469,275.9075622558594,244.98548889160156,2160972
2018-08-10,275.54705810546875,278.55780029296875,271.9516906738281,275.59576416015625,244.70864868164062,4832709
2018-08-13,272.81884765625,272.81884765625,260.0743103027344,262.8804626464844,233.41836547851562,5204571
2018-08-14,262.08148193359375,264.0301818847656,252.57180786132812,257.2486877441406,228.4177703857422,5916186
2018-08-16,256.6640930175781,263.0753173828125,254.67640686035156,257.18048095703125,228.35720825195312,7434774
2018-08-17,259.0999755859375,262.3640441894531,254.56922912597656,258.5640869140625,229.5857391357422,3665991
2018-08-20,259.17791748046875,261.9060974121094,255.9430694580078,259.45074462890625,230.37303161621094,4924539
2018-08-21,260.15228271484375,263.4942932128906,257.2486877441406,258.505615234375,229.5338134765625,6445107
2018-08-23,255.9430694580078,261.6430358886719,255.08563232421875,257.1025390625,228.28797912597656,3208590
2018-08-24,258.3984375,259.6358642578125,251.38308715820312,253.94564819335938,225.4849090576172,6090020
2018-08-27,257.2292175292969,265.9983825683594,255.8651123046875,264.6245422363281,234.96697998046875,8459643
2018-08-28,264.0496826171875,266.8070983886719,257.2486877441406,260.3471374511719,231.16896057128906,9222118
2018-08-29,261.11688232421875,264.5173645019531,259.1389465332031,262.8707275390625,233.40975952148438,4552651
2018-08-30,265.20916748046875,265.20916748046875,259.47998046875,261.5358581542969,232.22447204589844,3433406
2018-08-31,260.15228271484375,263.0655822753906,257.61895751953125,260.30816650390625,231.13438415527344,4061433
2018-09-03,262.8804626464844,266.49530029296875,254.5010223388672,255.99179077148438,227.30174255371094,7170424
2018-09-04,256.4497375488281,259.8891906738281,250.76925659179688,252.7958984375,224.46400451660156,5663434
2018-09-05,250.60360717773438,256.05023193359375,244.95236206054688,245.51748657226562,218.00132751464844,9941827
2018-09-06,246.12158203125,246.70619201660156,231.89602661132812,233.4939727783203,207.3253631591797,11319074
2018-09-07,235.79344177246094,239.30111694335938,230.05450439453125,236.2903594970703,209.80831909179688,10278912
2018-09-10,236.1831817626953,239.67137145996094,230.298095703125,232.34423828125,206.30447387695312,4161545
2018-09-11,233.84474182128906,235.87139892578125,229.01194763183594,231.2432098388672,205.3268280029297,4803889
2018-09-12,233.4550018310547,233.94216918945312,226.80990600585938,229.43092346191406,203.7176513671875,5043551
2018-09-14,222.93199157714844,238.911376953125,222.15249633789062,236.78729248046875,210.2495574951172,12712337
2018-09-17,236.758056640625,236.758056640625,230.64886474609375,233.29910278320312,207.15231323242188,4678555
2018-09-18,233.84474182128906,237.2939453125,230.0642547607422,231.6427001953125,205.68154907226562,3461702
2018-09-19,234.8385772705078,236.758056640625,227.66734313964844,232.29551696777344,206.26119995117188,3415512
2018-09-21,232.4806365966797,236.2903594970703,189.05372619628906,226.26426696777344,200.90589904785156,13499218
2018-09-24,224.90017700195312,226.38119506835938,217.68995666503906,221.22686767578125,196.4330596923828,10206751
2018-09-25,218.25509643554688,234.23448181152344,215.28330993652344,229.33348083496094,203.63113403320312,8261024
2018-09-26,231.04833984375,234.7996063232422,226.14735412597656,231.69142150878906,205.72479248046875,3074634
2018-09-27,230.58065795898438,231.50628662109375,221.76275634765625,224.0719757080078,198.9592742919922,8999668
2018-09-28,226.26426696777344,230.833984375,220.84686279296875,224.2863311767578,199.14964294433594,6487437
2018-10-01,224.10121154785156,224.68582153320312,215.60484313964844,222.0258331298828,197.14247131347656,9647088
2018-10-03,222.15249633789062,224.7735137939453,206.28028869628906,210.05104064941406,186.50978088378906,6883803
2018-10-04,216.30638122558594,219.80430603027344,206.0366973876953,213.22743225097656,189.33016967773438,11774976
2018-10-05,210.16795349121094,213.7730712890625,199.7423858642578,203.44491577148438,180.64401245117188,9027353
2018-10-08,200.48289489746094,202.412109375,175.83175659179688,183.28555297851562,162.74398803710938,19862204
2018-10-09,182.18453979492188,193.93524169921875,180.3722381591797,186.26707458496094,165.39132690429688,15524521
2018-10-10,188.24501037597656,214.2017822265625,188.24501037597656,210.4505157470703,186.86444091796875,15875774
2018-10-11,195.844970703125,210.85000610351562,193.9936981201172,203.90286254882812,181.05059814453125,13326113
2018-10-12,205.88079833984375,223.12686157226562,199.9567413330078,202.65570068359375,179.94322204589844,10744765
2018-10-15,205.3936309814453,205.3936309814453,194.00344848632812,203.21107482910156,180.43637084960938,7609849
2018-10-16,205.5885009765625,211.98025512695312,203.63978576660156,209.00848388671875,185.5840606689453,6028015
2018-10-17,213.38333129882812,213.99716186523438,194.4808807373047,196.08856201171875,174.11207580566406,7263167
2018-10-19,195.26036071777344,200.52186584472656,191.3044891357422,196.77059936523438,174.7176971435547,10247640
2018-10-22,200.31724548339844,205.00389099121094,195.844970703125,198.26136779785156,176.04136657714844,4845574
2018-10-23,198.26136779785156,201.59365844726562,193.42857360839844,195.90342712402344,173.94773864746094,8332877
2018-10-24,198.7680206298828,207.3423309326172,196.5075225830078,205.19876098632812,182.2012939453125,8718877
2018-10-25,201.3013458251953,213.23716735839844,199.47930908203125,211.3664093017578,187.67771911621094,7812265
2018-10-26,214.48434448242188,217.06637573242188,202.8603057861328,208.8525848388672,185.44561767578125,8670737
2018-10-29,206.51412963867188,213.4807586669922,200.61929321289062,211.2202606201172,187.5479278564453,9130324
2018-10-30,208.5115509033203,221.14891052246094,208.12181091308594,218.2063751220703,193.7510986328125,8506172
2018-10-31,219.745849609375,227.99862670898438,208.90130615234375,226.98529052734375,201.54611206054688,10557584
2018-11-01,227.60887145996094,237.74215698242188,226.66375732421875,236.44625854492188,209.94674682617188,8677039
2018-11-02,236.5924072265625,246.5210723876953,236.5924072265625,244.3677520751953,216.98043823242188,6976439
2018-11-05,241.64930725097656,244.28005981445312,234.93601989746094,242.76007080078125,216.41583251953125,3512058
2018-11-06,241.63955688476562,244.62107849121094,234.819091796875,236.44625854492188,210.78721618652344,3907331
2018-11-07,237.74215698242188,240.6554718017578,235.77395629882812,238.38522338867188,212.51573181152344,610558
2018-11-09,237.93702697753906,242.59442138671875,235.53036499023438,239.66162109375,213.6536407470703,4325670
2018-11-12,239.69085693359375,243.92929077148438,236.2903594970703,237.0990753173828,211.36917114257812,4586817
2018-11-13,235.79344177246094,239.71034240722656,227.99862670898438,237.0601043701172,211.33445739746094,5590976
2018-11-14,240.10008239746094,247.85594177246094,239.30111694335938,241.5128936767578,215.3040008544922,6399025
2018-11-15,241.63955688476562,246.5210723876953,235.98831176757812,245.63441467285156,218.978271484375,4266610
2018-11-16,246.99850463867188,248.4600372314453,237.35240173339844,240.7041778564453,214.5830535888672,5781220
2018-11-19,243.58827209472656,243.58827209472656,235.79344177246094,237.82009887695312,212.011962890625,3847280
2018-11-20,239.59341430664062,239.59341430664062,230.33706665039062,232.40269470214844,207.18243408203125,4371500
2018-11-21,230.9216766357422,235.59857177734375,226.9268341064453,231.0288543701172,205.95770263671875,5482981
2018-11-22,232.2857666015625,234.32217407226562,222.66891479492188,225.1632537841797,200.7286376953125,3726205
2018-11-26,225.0755615234375,229.52835083007812,211.0448760986328,216.19920349121094,192.7373504638672,10256482
2018-11-27,214.16281127929688,217.4853515625,210.5187225341797,214.4356231689453,191.1651611328125,6747959
2018-11-28,214.91305541992188,222.0940399169922,212.40896606445312,220.82737731933594,196.86329650878906,6108884
2018-11-29,221.1781463623047,231.09706115722656,221.1781463623047,229.54783630371094,204.63739013671875,8401543
2018-11-30,231.155517578125,232.58782958984375,223.69198608398438,225.17298889160156,200.73731994628906,6394550
2018-12-03,225.7576141357422,229.26527404785156,221.8114776611328,226.64427185058594,202.0489501953125,4716442
2018-12-04,226.6540069580078,228.6806640625,223.18531799316406,224.052490234375,199.73838806152344,4616278
2018-12-05,222.542236328125,223.90634155273438,216.3356170654297,218.88841247558594,195.1347198486328,5904856
2018-12-06,215.3515167236328,219.0150909423828,213.22743225097656,215.34176635742188,191.9729766845703,5089381
2018-12-07,216.8909912109375,217.58277893066406,210.67462158203125,213.16896057128906,190.03594970703125,3415024
2018-12-10,205.0526123046875,214.74742126464844,205.0526123046875,212.65255737304688,189.5756072998047,3850560
2018-12-11,208.5310516357422,226.9950408935547,208.09259033203125,223.03916931152344,198.8350830078125,6164310
2018-12-12,223.1171112060547,228.19349670410156,220.24276733398438,225.13401794433594,200.7025604248047,4379572
2018-12-13,226.80990600585938,238.47291564941406,225.95248413085938,228.38836669921875,203.60374450683594,11112393
2018-12-14,229.8109130859375,234.819091796875,226.4396514892578,229.67449951171875,204.7503204345703,10781517
2018-12-17,229.94732666015625,234.6242218017578,227.60887145996094,233.1139678955078,207.81651306152344,3868243
2018-12-18,233.43551635742188,235.40370178222656,229.96681213378906,233.87396240234375,208.49404907226562,3732953
2018-12-19,235.97857666015625,250.4087371826172,235.033447265625,248.4697723388672,221.50595092773438,13579209
2018-12-20,246.51132202148438,251.62667846679688,244.03646850585938,246.92056274414062,220.12486267089844,5238824
2018-12-21,247.1154327392578,248.09951782226562,232.38320922851562,233.94216918945312,208.55484008789062,12211271
2018-12-24,235.5401153564453,235.79344177246094,229.41143798828125,233.78627014160156,208.41590881347656,5704189
2018-12-26,233.64987182617188,239.49598693847656,229.69400024414062,237.75189208984375,211.951171875,5992586
2018-12-27,238.52163696289062,243.3251953125,236.865234375,239.04779052734375,213.10641479492188,4243266
2018-12-28,238.52163696289062,240.0611114501953,237.01138305664062,238.6093292236328,212.71551513671875,2729031
2018-12-31,239.768798828125,245.14723205566406,239.768798828125,241.62982177734375,215.40826416015625,5858538
2019-01-01,242.6041717529297,242.95494079589844,237.5862579345703,239.6421356201172,213.63626098632812,2801058
2019-01-02,239.71034240722656,243.97801208496094,229.2750244140625,232.94833374023438,207.66883850097656,8150541
2019-01-03,232.87039184570312,235.0139617919922,222.39608764648438,224.6663360595703,200.28565979003906,7929492
2019-01-04,224.10121154785156,228.3786163330078,220.7884063720703,226.56631469726562,201.97943115234375,8526785
2019-01-07,228.7001495361328,231.50628662109375,225.8258056640625,229.22630310058594,204.35076904296875,4619126
2019-01-08,229.3627166748047,233.2211456298828,227.18016052246094,232.4319305419922,207.2085418701172,3904257
2019-01-09,232.4319305419922,237.15753173828125,231.61346435546875,235.78370666503906,210.19654846191406,4281943
2019-01-10,235.40370178222656,237.9077911376953,229.94732666015625,231.18475341796875,206.09669494628906,4499231
2019-01-11,233.3965301513672,233.3965301513672,228.21298217773438,231.8375701904297,206.67864990234375,3453973
2019-01-14,232.0519256591797,232.10064697265625,223.07814025878906,227.81349182128906,203.09127807617188,2841326
2019-01-15,228.19349670410156,232.38320922851562,227.11195373535156,231.54525756835938,206.4180908203125,3991299
2019-01-16,231.89602661132812,233.78627014160156,228.9729766845703,231.54525756835938,206.4180908203125,6081029
2019-01-17,231.50628662109375,235.3257598876953,222.7371063232422,224.00376892089844,199.69497680664062,10575083
2019-01-18,225.85504150390625,227.49195861816406,220.4668731689453,221.33404541015625,197.31497192382812,5531054
2019-01-21,221.95762634277344,222.2986602783203,215.70228576660156,217.22227478027344,193.6494140625,5588102
2019-01-22,216.50125122070312,218.76174926757812,212.23358154296875,213.607421875,190.4268035888672,7498811
2019-01-23,213.5782012939453,215.72177124023438,210.47000122070312,212.0289764404297,189.01968383789062,6367122
2019-01-24,214.1238250732422,218.44996643066406,211.6489715576172,217.1930389404297,193.6233367919922,4188091
2019-01-25,218.25509643554688,220.81764221191406,216.11151123046875,218.28431701660156,194.59620666503906,6112994
2019-01-28,219.03457641601562,219.03457641601562,203.27928161621094,205.72491455078125,183.3997344970703,12306863
2019-01-29,205.5885009765625,205.77362060546875,193.89625549316406,200.05416870117188,178.34439086914062,19258629
2019-01-30,199.7423858642578,202.0028839111328,195.3772735595703,197.73521423339844,176.277099609375,8838910
2019-01-31,197.98854064941406,199.73263549804688,193.1849822998047,197.86187744140625,176.3899688720703,10373175
2019-02-01,197.98854064941406,206.36798095703125,196.81932067871094,204.0490264892578,181.90570068359375,10270101
2019-02-04,202.66543579101562,203.44491577148438,196.81932067871094,199.69366455078125,178.02297973632812,3978152
2019-02-05,198.7680206298828,209.2812957763672,198.4075164794922,208.14129638671875,185.55389404296875,5716008
2019-02-06,209.4859161376953,210.04129028320312,204.72132873535156,208.14129638671875,185.55389404296875,5796923
2019-02-07,208.12181091308594,216.30638122558594,208.12181091308594,214.5233154296875,191.24334716796875,7851650
2019-02-08,213.38333129882812,213.38333129882812,207.26438903808594,208.82334899902344,186.16188049316406,3361425
2019-02-11,211.82435607910156,211.82435607910156,204.63363647460938,205.83209228515625,183.4952850341797,2335482
2019-02-12,206.36798095703125,208.5115509033203,201.39878845214844,203.18185424804688,181.13262939453125,6049757
2019-02-14,203.05517578125,205.68592834472656,201.4962158203125,204.01004028320312,181.87095642089844,5375222
2019-02-15,202.8603057861328,203.68850708007812,194.28599548339844,195.26036071777344,174.07078552246094,6374788
2019-02-18,195.88394165039062,197.783935546875,193.85728454589844,195.4357452392578,174.22714233398438,5008784
2019-02-19,195.6501007080078,199.39161682128906,194.1398468017578,195.0557403564453,173.8883819580078,4985020
2019-02-20,196.81932067871094,206.47515869140625,196.4393310546875,204.80902099609375,182.583251953125,9935782
2019-02-21,205.66644287109375,208.12181091308594,204.4777374267578,205.68592834472656,183.36497497558594,4013447
2019-02-22,206.17311096191406,210.44078063964844,204.9064483642578,209.25205993652344,186.54408264160156,2763490
2019-02-25,211.61000061035156,215.60484313964844,209.25205993652344,214.2212677001953,190.97409057617188,5280883
2019-02-26,212.40896606445312,222.4545440673828,210.5187225341797,220.1453399658203,196.25527954101562,7557686
2019-02-27,220.20379638671875,224.90992736816406,218.82022094726562,219.99917602539062,196.12493896484375,6533981
2019-02-28,219.58021545410156,223.82838439941406,219.2294464111328,222.59095764160156,198.43548583984375,4139295
2019-03-01,223.0099334716797,227.02426147460938,223.0099334716797,226.03042602539062,201.5016632080078,4289189
2019-03-05,227.02426147460938,241.1913604736328,226.83914184570312,239.45701599121094,213.47120666503906,10059761
2019-03-06,239.49598693847656,246.85235595703125,238.95034790039062,241.7272491455078,215.49513244628906,5793582
2019-03-07,242.56520080566406,243.22775268554688,237.74215698242188,239.51547241210938,213.52337646484375,2220601
2019-03-08,237.5667724609375,239.29136657714844,235.04319763183594,237.82009887695312,212.011962890625,3476265
2019-03-11,239.6129150390625,247.4661865234375,237.4595947265625,245.42979431152344,218.79586791992188,4251903
2019-03-12,247.48568725585938,250.4087371826172,245.77081298828125,247.96311950683594,221.05426025390625,4893493
2019-03-13,249.43438720703125,252.7471923828125,246.7159423828125,249.4928436279297,222.41799926757812,5038486
2019-03-14,252.0651397705078,252.0651397705078,240.69444274902344,242.9646759033203,216.59823608398438,5046199
2019-03-15,243.20826721191406,247.9728546142578,242.65289306640625,246.92056274414062,220.12486267089844,5298885
2019-03-18,249.39541625976562,250.4087371826172,239.69085693359375,241.24008178710938,215.060791015625,6658233
2019-03-19,241.63955688476562,243.17904663085938,237.30369567871094,237.91754150390625,212.0988311767578,4475985
2019-03-20,238.7165069580078,238.80419921875,232.83140563964844,235.1601104736328,209.64064025878906,6669743
2019-03-22,236.31959533691406,239.69085693359375,231.89602661132812,233.5621795654297,208.21612548828125,5917900
2019-03-25,232.1493682861328,235.78370666503906,230.18116760253906,233.78627014160156,208.41590881347656,5869540
2019-03-26,235.98831176757812,236.5729217529297,231.99346923828125,234.64370727539062,209.18028259277344,3298727
2019-03-27,235.5011444091797,246.18978881835938,233.2601318359375,242.7503204345703,216.40716552734375,15179446
2019-03-28,244.3677520751953,252.16258239746094,244.3677520751953,249.09336853027344,222.0618896484375,10449610
2019-04-01,249.43438720703125,251.38308715820312,239.1062469482422,240.8698272705078,214.73072814941406,4224828
2019-04-02,241.24981689453125,244.01698303222656,230.03501892089844,233.4939727783203,208.15533447265625,6964143
2019-04-03,233.84474182128906,238.911376953125,232.56832885742188,233.54269409179688,208.19876098632812,8845694
2019-04-04,235.79344177246094,237.72267150878906,232.99705505371094,235.40370178222656,209.8578338623047,3702230
2019-04-05,236.76779174804688,242.7503204345703,235.61805725097656,238.46316528320312,212.58523559570312,5106347
2019-04-08,239.69085693359375,243.39340209960938,235.29652404785156,241.9805908203125,215.720947265625,4072963
2019-04-09,243.10108947753906,245.08877563476562,237.2744598388672,238.3170166015625,212.45494079589844,5304853
2019-04-10,238.2293243408203,241.13290405273438,230.77552795410156,233.2406463623047,207.92945861816406,8243002
2019-04-11,233.4550018310547,238.52163696289062,233.3965301513672,235.74472045898438,210.1617889404297,6868983
2019-04-12,236.5924072265625,239.2134246826172,236.38780212402344,238.7262420654297,212.81976318359375,3316041
2019-04-15,240.1488037109375,241.23033142089844,236.972412109375,237.92727661132812,212.10748291015625,2388051
2019-04-16,237.0601043701172,243.003662109375,234.50729370117188,239.6129150390625,213.61024475097656,4376796
2019-04-18,241.05494689941406,242.029296875,234.36114501953125,236.89447021484375,211.18678283691406,3374885
2019-04-22,236.47549438476562,236.8457489013672,226.8196563720703,227.69656372070312,202.98703002929688,3383193
2019-04-23,228.2714385986328,229.4893798828125,224.481201171875,227.2093963623047,202.55271911621094,9232228
2019-04-24,227.41400146484375,230.9216766357422,224.02325439453125,229.75245666503906,204.81982421875,3740512
2019-04-25,230.9119415283203,232.67552185058594,223.3217315673828,224.70530700683594,200.3203887939453,3752869
2019-04-26,225.46530151367188,227.80374145507812,218.55714416503906,221.2755889892578,197.26284790039062,3760392
2019-04-30,220.9832763671875,221.94789123535156,211.62948608398438,216.49151611328125,192.9979705810547,6560234
2019-05-02,213.18844604492188,216.28689575195312,212.08743286132812,212.95460510253906,189.84486389160156,3274341
2019-05-03,213.67562866210938,214.16281127929688,208.22898864746094,210.39205932617188,187.56039428710938,5164642
2019-05-06,207.53720092773438,208.979248046875,204.61415100097656,206.3387451171875,183.9469451904297,4333136
2019-05-07,207.53720092773438,209.24232482910156,197.86187744140625,199.35264587402344,177.71897888183594,5189879
2019-05-08,198.18341064453125,205.0136260986328,197.2967529296875,200.1808319091797,178.45729064941406,8360644
2019-05-09,196.42958068847656,203.2500457763672,193.1167755126953,201.31109619140625,179.4648895263672,15833680
2019-05-10,199.7423858642578,204.59466552734375,197.24803161621094,198.56341552734375,177.01539611816406,6500692
2019-05-13,198.5341796875,200.73622131347656,191.0316619873047,192.44447326660156,171.56048583984375,4360539
2019-05-14,195.630615234375,202.42184448242188,193.27267456054688,198.46597290039062,176.9285125732422,6526992
2019-05-15,200.1321258544922,202.61671447753906,197.73521423339844,198.7680206298828,177.19781494140625,4689824
2019-05-16,199.7423858642578,200.1321258544922,194.3054962158203,195.3383026123047,174.1402587890625,2687968
2019-05-17,195.06549072265625,203.63978576660156,194.6952362060547,201.2623748779297,179.4214630126953,4624463
2019-05-20,208.70643615722656,218.64483642578125,208.70643615722656,213.8607635498047,190.6526641845703,5509594
2019-05-21,215.48793029785156,222.71762084960938,210.69410705566406,211.6392364501953,188.67225646972656,6271196
2019-05-22,211.4346160888672,211.4346160888672,204.12696838378906,207.49822998046875,184.9805908203125,6393878
2019-05-23,211.14231872558594,219.50225830078125,204.03927612304688,207.32284545898438,184.82424926757812,9824210
2019-05-24,208.12181091308594,216.6571502685547,202.47056579589844,215.8386993408203,192.41598510742188,10362737
2019-05-27,216.79356384277344,223.89659118652344,215.37100219726562,221.8114776611328,197.7405548095703,6234988
2019-05-28,222.3473663330078,225.9719696044922,218.85919189453125,221.34378051757812,197.32366943359375,7188785
2019-05-29,219.6191864013672,221.52891540527344,215.3515167236328,216.19920349121094,192.7373504638672,3612879
2019-05-30,217.2904815673828,220.59353637695312,215.69253540039062,219.7653350830078,195.91648864746094,3517764
2019-05-31,221.52891540527344,237.34266662597656,221.1781463623047,226.8878631591797,202.26611328125,20138264
2019-06-03,228.9145050048828,232.24679565429688,226.16683959960938,227.9109344482422,203.1781463623047,9783481
2019-06-04,228.9729766845703,231.31141662597656,226.4396514892578,227.1022186279297,202.45716857910156,5305915
2019-06-06,227.19964599609375,227.41400146484375,206.182861328125,207.6346435546875,185.10218811035156,11824928
2019-06-07,209.29104614257812,215.72177124023438,207.0110626220703,212.91563415527344,189.8101348876953,10197766
2019-06-10,213.18844604492188,217.1833038330078,204.4387664794922,209.69052124023438,186.9349822998047,6951022
2019-06-11,210.46026611328125,217.47560119628906,208.31668090820312,216.2674102783203,192.7981719970703,6925795
2019-06-12,216.8909912109375,216.8909912109375,206.2120819091797,208.16079711914062,185.5712890625,7217686
2019-06-13,206.75772094726562,213.45152282714844,202.08082580566406,211.21051025390625,188.2900390625,9565700
2019-06-14,210.46026611328125,215.57562255859375,207.58592224121094,211.4248809814453,188.4811248779297,7851963
2019-06-17,199.54751586914062,205.5885009765625,194.87062072753906,198.36854553222656,176.84164428710938,164823582
2019-06-18,199.17726135253906,208.0438690185547,199.17726135253906,204.7992706298828,182.57452392578125,29222856
2019-06-19,205.73464965820312,209.5736083984375,202.87005615234375,207.09873962402344,185.8624267578125,15773245
2019-06-20,207.1474609375,216.07254028320312,204.01979064941406,213.3053741455078,191.43263244628906,9441885
2019-06-21,214.59152221679688,216.20895385742188,212.12640380859375,214.04588317871094,192.0972137451172,12582174
2019-06-24,215.7607421875,218.0407257080078,210.6161651611328,217.1248321533203,194.8604278564453,16615737
2019-06-25,216.0140838623047,218.6350860595703,214.6110076904297,218.05047607421875,195.69114685058594,12611244
2019-06-26,218.83970642089844,219.60943603515625,211.82435607910156,214.27972412109375,192.3070526123047,10148954
2019-06-27,215.62432861328125,215.62432861328125,211.6489715576172,214.0946044921875,192.14093017578125,6149747
2019-06-28,214.94229125976562,214.94229125976562,209.39822387695312,210.54795837402344,188.95794677734375,9396727
2019-07-01,211.23974609375,213.32485961914062,204.61415100097656,205.52029418945312,184.4458465576172,7406740
2019-07-02,206.1049041748047,210.05104064941406,206.1049041748047,208.07310485839844,186.73687744140625,8987214
2019-07-03,209.45668029785156,211.99974060058594,207.9366912841797,211.4346160888672,189.7537384033203,4672613
2019-07-04,211.41513061523438,212.50640869140625,206.19259643554688,207.1182403564453,185.87991333007812,5086959
2019-07-05,206.9525909423828,213.9679412841797,206.9525909423828,209.97308349609375,188.4420166015625,10641358
2019-07-08,208.70643615722656,209.75872802734375,198.7680206298828,201.21365356445312,180.5808563232422,5804482
2019-07-09,200.71673583984375,206.36798095703125,200.71673583984375,205.0818328857422,184.05233764648438,7432608
2019-07-10,206.17311096191406,207.99514770507812,199.76187133789062,201.53518676757812,180.869384765625,6904329
2019-07-11,204.39979553222656,205.97824096679688,201.53518676757812,203.3572235107422,182.50457763671875,7196036
2019-07-12,204.886962890625,206.34849548339844,202.31466674804688,203.8638916015625,182.9592742919922,5778593
2019-07-15,205.73464965820312,207.1474609375,201.6910858154297,206.182861328125,185.04046630859375,4585909
2019-07-16,206.54336547851562,212.40896606445312,205.7833709716797,211.26898193359375,189.60507202148438,7271609
2019-07-17,211.3274383544922,215.32228088378906,209.72950744628906,211.26898193359375,189.60507202148438,8556620
2019-07-18,210.85000610351562,210.85000610351562,203.7567138671875,204.80902099609375,183.80751037597656,7643091
2019-07-19,206.2510528564453,208.70643615722656,202.66543579101562,206.87464904785156,185.6613311767578,13297269
2019-07-22,205.00389099121094,208.39463806152344,201.1162109375,202.3244171142578,181.5776824951172,3542114
2019-07-23,203.5423583984375,203.58132934570312,190.2229461669922,191.1291046142578,171.5303497314453,18067890
2019-07-24,189.60911560058594,190.3885955810547,177.1471405029297,180.32351684570312,161.8328094482422,15662058
2019-07-25,187.8552703857422,197.79367065429688,186.1014404296875,192.21063232421875,172.5009765625,53014832
2019-07-26,192.1326904296875,196.39060974121094,189.3070526123047,190.2132110595703,170.70840454101562,10405314
2019-07-29,191.1291046142578,192.92190551757812,187.5727081298828,188.52757263183594,169.19558715820312,7274703
2019-07-30,188.53732299804688,191.44088745117188,187.874755859375,188.82962036132812,169.46664428710938,7533752
2019-07-31,188.60552978515625,190.0865478515625,186.88092041015625,188.8783416748047,169.51039123535156,7845964
2019-08-01,188.82962036132812,191.88909912109375,187.71885681152344,188.50808715820312,169.17808532714844,6542499
2019-08-02,189.39474487304688,191.3434600830078,187.07579040527344,190.67115783691406,171.119384765625,6750479
2019-08-05,188.956298828125,191.3434600830078,184.38658142089844,189.13168334960938,169.7377471923828,8810194
2019-08-06,188.7906494140625,193.2239532470703,188.3424530029297,191.59678649902344,171.95010375976562,5850025
2019-08-07,191.65524291992188,196.42958068847656,191.65524291992188,194.45164489746094,174.51220703125,7077737
2019-08-08,194.87062072753906,197.77418518066406,193.4188232421875,195.36753845214844,175.33416748046875,5379035
2019-08-09,196.80958557128906,207.53720092773438,196.5075225830078,203.08441162109375,182.25973510742188,8043742
2019-08-13,202.46083068847656,204.39004516601562,190.98294067382812,192.44447326660156,172.7108154296875,5510271
2019-08-14,194.67575073242188,205.38388061523438,193.906005859375,202.9674835205078,182.15484619140625,11219639
2019-08-16,202.66543579101562,207.18643188476562,198.70956420898438,201.13571166992188,180.51089477539062,5665733
2019-08-19,202.66543579101562,206.4849090576172,200.59007263183594,202.70440673828125,181.91868591308594,5419683
2019-08-20,203.7567138671875,205.03311157226562,198.8946990966797,200.55108642578125,179.98619079589844,4748099
2019-08-21,200.71673583984375,202.16851806640625,195.5039520263672,197.17982482910156,176.9606475830078,3430214
2019-08-22,196.66342163085938,196.66342163085938,191.2362823486328,192.24960327148438,172.53594970703125,3896631
2019-08-23,191.44088745117188,197.79367065429688,186.23785400390625,196.8875274658203,176.6982879638672,10089894
2019-08-26,201.70083618164062,207.4202880859375,197.4039306640625,198.6998291015625,178.32476806640625,11003444
2019-08-27,200.71673583984375,201.39878845214844,196.52700805664062,198.69007873535156,178.3159942626953,7235462
2019-08-28,200.40493774414062,201.2039031982422,190.99269104003906,193.24343872070312,173.42787170410156,5610445
2019-08-29,190.97320556640625,192.40550231933594,187.07579040527344,188.4691162109375,169.1431121826172,5780358
2019-08-30,189.60911560058594,191.16807556152344,183.66555786132812,188.2742462158203,168.96823120117188,9502571
2019-09-03,185.12709045410156,190.1547393798828,182.35992431640625,187.63116455078125,168.39108276367188,7140142
2019-09-04,187.4655303955078,192.40550231933594,184.34759521484375,191.85986328125,172.18618774414062,6339334
2019-09-05,192.3080596923828,194.8024139404297,189.62860107421875,190.98294067382812,171.39913940429688,5086975
2019-09-06,191.38243103027344,194.5003662109375,190.50550842285156,193.87677001953125,173.99627685546875,3284543
2019-09-09,191.99627685546875,197.4916229248047,191.99627685546875,196.66342163085938,176.49716186523438,5141257
2019-09-11,197.75469970703125,202.1100616455078,196.66342163085938,201.54493713378906,180.87811279296875,5666852
2019-09-12,202.412109375,206.55311584472656,201.1941680908203,202.25621032714844,181.5164794921875,5902152
2019-09-13,202.65570068359375,206.0172119140625,202.25621032714844,205.06234741210938,184.03482055664062,4125491
2019-09-16,202.68492126464844,208.5115509033203,202.38287353515625,205.30593872070312,184.2534942626953,4621276
2019-09-17,204.2633819580078,207.49822998046875,197.52085876464844,199.16751098632812,178.74449157714844,3374403
2019-09-18,201.65211486816406,203.08441162109375,199.37213134765625,202.06134033203125,181.3415985107422,2772306
2019-09-19,202.45108032226562,203.63978576660156,200.0736541748047,201.8372344970703,181.1404571533203,5004330
2019-09-20,203.46441650390625,226.6053009033203,197.6182861328125,222.42532348632812,199.61737060546875,11252943
2019-09-23,223.3217315673828,233.7765350341797,222.31814575195312,227.47247314453125,204.14700317382812,7884154
2019-09-24,224.68582153320312,228.4468231201172,220.39866638183594,227.15093994140625,203.85845947265625,5953226
2019-09-25,224.19863891601562,226.39093017578125,214.45510864257812,217.23202514648438,194.95664978027344,7060423
2019-09-26,217.67047119140625,220.69097900390625,213.714599609375,214.796142578125,192.77052307128906,7645657
2019-09-27,212.40896606445312,217.74842834472656,211.98025512695312,213.38333129882812,191.50257873535156,5833398
2019-09-30,213.38333129882812,215.1371612548828,205.72491455078125,208.70643615722656,187.30526733398438,5723515
2019-10-01,209.4859161376953,212.63307189941406,200.03468322753906,203.6690216064453,182.784423828125,5988891
2019-10-03,204.61415100097656,206.3582305908203,196.81932067871094,201.1551971435547,180.52833557128906,4077079
2019-10-04,202.412109375,203.40594482421875,197.4039306640625,198.69007873535156,178.3159942626953,3631106
2019-10-07,196.64393615722656,209.5736083984375,196.64393615722656,206.94285583496094,185.7225341796875,8758749
2019-10-09,207.3423309326172,222.15249633789062,205.00389099121094,218.94688415527344,196.4956512451172,8480201
2019-10-10,217.47560119628906,217.47560119628906,209.24232482910156,210.8305206298828,189.2115478515625,4090924
2019-10-11,212.14588928222656,212.51614379882812,205.6956787109375,206.6992645263672,185.50393676757812,3797288
2019-10-14,208.12181091308594,209.15463256835938,202.02236938476562,203.57159423828125,182.6969757080078,3214928
2019-10-15,203.57159423828125,205.57875061035156,200.32699584960938,204.64337158203125,183.65884399414062,4158564
2019-10-16,205.91978454589844,207.06951904296875,200.61929321289062,202.57774353027344,181.8050079345703,4055470
2019-10-17,202.47056579589844,209.4859161376953,199.07981872558594,208.56027221679688,187.17410278320312,6022883
2019-10-18,206.97207641601562,215.60484313964844,206.19259643554688,213.6269073486328,191.72117614746094,5404154
2019-10-22,211.5417938232422,219.77508544921875,210.47975158691406,217.77764892578125,195.44630432128906,6801276
2019-10-23,218.25509643554688,219.42431640625,207.69309997558594,209.9828338623047,188.45079040527344,4962297
2019-10-24,211.62948608398438,213.13973999023438,206.56285095214844,208.66744995117188,187.27027893066406,4476831
2019-10-25,209.4859161376953,220.84686279296875,207.6151580810547,219.2586669921875,196.7754669189453,6992747
2019-10-27,220.20379638671875,220.20379638671875,215.1371612548828,216.4817657470703,194.28329467773438,353460
2019-10-29,203.74697875976562,225.66017150878906,203.74697875976562,223.82838439941406,200.8765869140625,7662863
2019-10-30,224.90017700195312,231.79859924316406,220.20379638671875,225.13401794433594,202.04832458496094,9194870
2019-10-31,227.21913146972656,227.41400146484375,220.00892639160156,221.88941955566406,199.13645935058594,5135479
2019-11-01,223.27301025390625,227.00477600097656,221.67506408691406,222.95147705078125,200.08956909179688,3906042
2019-11-04,223.12686157226562,224.72479248046875,220.7884063720703,221.9868621826172,199.22390747070312,3056248
2019-11-05,221.95762634277344,224.52992248535156,219.81405639648438,221.99661254882812,199.23263549804688,2709536
2019-11-06,221.5971221923828,224.61761474609375,220.20379638671875,222.04531860351562,199.2763671875,5050915
2019-11-07,224.58837890625,230.24937438964844,221.76275634765625,224.57864379882812,202.43821716308594,8534909
2019-11-08,224.57864379882812,226.53709411621094,216.50125122070312,217.54380798339844,196.09695434570312,4506343
2019-11-11,217.22227478027344,223.41915893554688,216.73509216308594,218.24534606933594,196.7292938232422,4200525
2019-11-13,218.24534606933594,224.481201171875,218.24534606933594,220.50584411621094,198.76693725585938,5654659
2019-11-14,221.67506408691406,222.4740447998047,216.64739990234375,221.61660766601562,199.76821899414062,4486181
2019-11-15,221.37301635742188,223.6529998779297,218.88841247558594,219.86277770996094,198.1873016357422,2426784
2019-11-18,220.20379638671875,221.54840087890625,218.8299560546875,219.49252319335938,197.85353088378906,3133894
2019-11-19,219.3463592529297,220.20379638671875,217.84585571289062,219.4438018798828,197.8096160888672,3009047
2019-11-20,220.20379638671875,221.85044860839844,218.44996643066406,219.52174377441406,197.8798828125,2028043
2019-11-21,220.88584899902344,223.0294189453125,218.26483154296875,219.9796905517578,198.29266357421875,3518950
2019-11-22,219.98944091796875,223.48736572265625,218.35252380371094,222.3863525390625,200.46206665039062,2384474
2019-11-25,223.1171112060547,225.0755615234375,221.0709686279297,223.38018798828125,201.35794067382812,4926325
2019-11-26,224.8417205810547,224.8806915283203,215.36126708984375,217.3586883544922,195.9300537109375,8024647
2019-11-27,217.86534118652344,223.74069213867188,217.86534118652344,221.470458984375,199.63645935058594,4949935
2019-11-28,221.74327087402344,225.85504150390625,219.96995544433594,223.05865478515625,201.068115234375,6922362
2019-11-29,222.33763122558594,223.90634155273438,217.378173828125,219.6581573486328,198.00283813476562,2544555
2019-12-02,220.20379638671875,220.2622528076172,212.6720428466797,213.85101318359375,192.7681884765625,3904811
2019-12-03,213.38333129882812,214.91305541992188,209.5736083984375,212.4771728515625,191.52978515625,4261966
2019-12-04,211.82435607910156,216.11151123046875,209.622314453125,212.23358154296875,191.3102264404297,2325399
2019-12-05,212.23358154296875,219.00534057617188,211.8828125,216.07254028320312,194.77072143554688,5689924
2019-12-06,215.9556121826172,216.07254028320312,208.31668090820312,209.1059112548828,188.49093627929688,2565148
2019-12-09,208.7454071044922,215.33203125,206.9525909423828,213.071533203125,192.06552124023438,3430871
2019-12-10,211.0448760986328,212.40896606445312,208.22898864746094,209.08642578125,188.47335815429688,2276700
2019-12-11,208.5115509033203,211.6489715576172,207.29360961914062,210.05104064941406,189.3428497314453,3173849
2019-12-12,211.3274383544922,216.30638122558594,210.85000610351562,214.3966522216797,193.26004028320312,4246899
2019-12-13,215.66331481933594,218.19662475585938,214.26998901367188,215.37100219726562,194.1383514404297,4505517
2019-12-16,214.94229125976562,216.9981689453125,213.83152770996094,214.56228637695312,193.4093475341797,2925115
2019-12-17,211.22999572753906,216.11151123046875,208.12181091308594,212.96435546875,191.96896362304688,8021666
2019-12-18,214.35768127441406,219.5607147216797,210.66488647460938,217.00791931152344,195.6138916015625,4286141
2019-12-19,217.00791931152344,221.5581512451172,216.92996215820312,220.62277221679688,198.87232971191406,5028238
2019-12-20,220.61302185058594,231.79859924316406,218.44996643066406,230.35655212402344,207.6465301513672,10163215
2019-12-23,229.92784118652344,230.69757080078125,225.6114501953125,226.56631469726562,204.22994995117188,3996030
2019-12-24,225.85504150390625,226.7124786376953,223.61402893066406,224.8806915283203,202.71051025390625,2931863
2019-12-26,224.08172607421875,227.5309295654297,223.69198608398438,225.29966735839844,203.08819580078125,2699586
2019-12-27,226.6929931640625,227.94015502929688,224.6760711669922,226.9560546875,204.5812530517578,2672291
2019-12-30,227.80374145507812,229.1678466796875,225.51402282714844,226.59555053710938,204.2563018798828,2195656
2019-12-31,226.0206756591797,229.45040893554688,224.90017700195312,228.21298217773438,205.71426391601562,3703482
2020-01-01,228.9145050048828,229.45040893554688,222.17198181152344,222.6299285888672,200.68161010742188,2196560
2020-01-02,223.12686157226562,226.8001708984375,223.12686157226562,226.13760375976562,203.84349060058594,3168384
2020-01-03,226.03042602539062,227.41400146484375,224.29608154296875,226.03042602539062,203.74688720703125,2353761
2020-01-06,224.33505249023438,224.49095153808594,216.73509216308594,217.68995666503906,196.22866821289062,5609275
2020-01-07,218.55714416503906,224.29608154296875,216.8715057373047,219.08328247070312,197.4846649169922,2259925
2020-01-08,214.35768127441406,220.97354125976562,213.6269073486328,220.2622528076172,198.54737854003906,2488271
2020-01-09,221.97711181640625,224.90992736816406,218.66432189941406,223.5360870361328,201.49844360351562,4429857
2020-01-10,224.06224060058594,224.9683837890625,219.50225830078125,220.3694305419922,198.6439971923828,3238158
2020-01-13,221.37301635742188,228.36888122558594,219.26841735839844,227.6283721923828,205.1873016357422,4603870
2020-01-14,226.848876953125,236.4560089111328,216.61817932128906,220.67147827148438,198.91624450683594,11214451
2020-01-15,219.69712829589844,219.81405639648438,210.47975158691406,214.13357543945312,193.02288818359375,9560897
2020-01-16,214.94229125976562,216.79356384277344,213.03256225585938,214.19203186035156,193.07557678222656,3540302
2020-01-17,214.26023864746094,216.68638610839844,211.3664093017578,211.9705047607422,191.0730743408203,4240326
2020-01-20,213.9679412841797,217.04689025878906,207.99514770507812,209.1741180419922,188.5523681640625,6226911
2020-01-21,208.70643615722656,215.0981903076172,207.1182403564453,212.29205322265625,191.36297607421875,5697452
2020-01-22,213.61717224121094,213.61717224121094,208.83309936523438,209.4956512451172,188.84219360351562,2393511
2020-01-23,210.80128479003906,212.20436096191406,209.58334350585938,211.24949645996094,190.42312622070312,2333040
2020-01-24,211.0448760986328,214.94229125976562,210.66488647460938,211.2202606201172,190.3968048095703,2219067
2020-01-27,209.8756561279297,213.5782012939453,208.77462768554688,210.47000122070312,189.7205352783203,2957203
2020-01-28,210.46026611328125,214.33819580078125,205.93927001953125,210.4310302734375,189.68539428710938,5549276
2020-01-29,211.82435607910156,218.44996643066406,211.39564514160156,215.77049255371094,194.4984588623047,6731533
2020-01-30,215.72177124023438,215.98484802246094,200.72647094726562,203.37672424316406,183.32652282714844,9032875
2020-01-31,199.4305877685547,205.57875061035156,198.11520385742188,198.87521362304688,179.26882934570312,10177347
2020-02-03,192.92190551757812,195.844970703125,188.15731811523438,192.52243041992188,173.54232788085938,6463098
2020-02-04,205.5885009765625,217.27099609375,200.91160583496094,204.51670837402344,184.35414123535156,31528888
2020-02-05,205.7833709716797,222.15249633789062,205.5885009765625,220.77867126464844,199.01290893554688,23348512
2020-02-06,220.69097900390625,240.56777954101562,220.28173828125,237.49856567382812,214.0843963623047,31541240
2020-02-07,238.96983337402344,239.49598693847656,232.5780792236328,238.34625244140625,214.8485565185547,7724083
2020-02-10,236.3780517578125,239.08676147460938,233.5621795654297,235.18934631347656,212.0028533935547,4832770
2020-02-11,236.65087890625,245.8877410888672,234.85806274414062,237.50830078125,214.0932159423828,11631840
2020-02-12,237.35240173339844,242.82827758789062,236.81651306152344,237.4790802001953,214.06686401367188,8940845
2020-02-13,240.6652069091797,249.82412719726562,236.38780212402344,246.00466918945312,221.751953125,12410234
2020-02-14,247.53439331054688,252.4548797607422,245.3518524169922,250.6815643310547,225.96775817871094,8635663
2020-02-17,251.18821716308594,253.33180236816406,247.59286499023438,249.2784881591797,224.70298767089844,5306659
2020-02-18,248.8497772216797,249.77540588378906,242.68211364746094,248.26516723632812,223.78956604003906,5270296
2020-02-19,247.49542236328125,254.12103271484375,246.61849975585938,251.58770751953125,226.78456115722656,6498152
2020-02-20,249.62925720214844,264.9071044921875,248.8497772216797,261.37994384765625,235.6114044189453,17032706
2020-02-24,261.1266174316406,266.38812255859375,256.10870361328125,260.25946044921875,234.60142517089844,11650874
2020-02-25,261.11688232421875,262.73431396484375,255.28050231933594,257.7943420410156,232.3793182373047,9680263
2020-02-26,256.2353820800781,256.8394775390625,247.10568237304688,248.84002685546875,224.30776977539062,9315406
2020-02-27,248.84002685546875,248.84002685546875,241.84417724609375,245.10826110839844,220.94390869140625,11647620
2020-02-28,236.76779174804688,245.91697692871094,227.39451599121094,233.12371826171875,210.140869140625,68263144
2020-03-02,238.7165069580078,264.66351318359375,238.7165069580078,250.13592529296875,225.4759063720703,13413992
2020-03-03,250.55490112304688,254.25743103027344,243.78314208984375,244.9718475341797,220.82095336914062,8501584
2020-03-04,247.4661865234375,247.4661865234375,219.5607147216797,227.09246826171875,204.70425415039062,26657015
2020-03-05,229.3627166748047,233.64987182617188,219.68739318847656,228.90476989746094,206.33786010742188,18451432
2020-03-06,219.42431640625,220.00892639160156,194.6075439453125,215.39048767089844,194.15591430664062,17605691
2020-03-09,204.029541015625,206.22183227539062,190.39833068847656,192.46395874023438,173.48960876464844,18188971
2020-03-11,187.09527587890625,197.88136291503906,185.3804168701172,192.5614013671875,173.5774383544922,14345210
2020-03-12,186.68605041503906,186.68605041503906,161.85952758789062,163.96414184570312,147.79949951171875,15827157
2020-03-13,148.686279296875,171.18409729003906,139.6929931640625,160.963134765625,145.0943603515625,14103988
2020-03-16,153.55804443359375,166.2538604736328,145.92886352539062,148.8129425048828,134.14199829101562,15813430
2020-03-17,149.07601928710938,161.61595153808594,148.686279296875,151.3949737548828,136.46946716308594,17656438
2020-03-18,155.79905700683594,155.79905700683594,131.9468994140625,133.9345703125,120.73043060302734,17477319
2020-03-19,128.61460876464844,142.48939514160156,114.19418334960938,121.33618927001953,109.37409973144531,18719938
2020-03-20,124.13258361816406,129.5402374267578,111.03727722167969,113.2003402709961,102.04031372070312,21766088
2020-03-23,101.88809967041016,107.17884063720703,85.74307250976562,88.09126281738281,79.40665435791016,11334920
2020-03-24,87.30203247070312,101.05015563964844,85.94768524169922,94.49275970458984,85.17704010009766,18324009
2020-03-25,89.6404800415039,113.02495574951172,88.35433959960938,110.49163818359375,99.59868621826172,13457734
2020-03-26,114.77879333496094,132.5899658203125,108.34806060791016,126.938720703125,114.42427825927734,19072393
2020-03-27,132.7848358154297,158.67340087890625,132.55099487304688,141.32017517089844,127.38793182373047,20152971
2020-03-30,134.46072387695312,135.60072326660156,113.06393432617188,118.754150390625,107.0466079711914,18705667
2020-03-31,125.30180358886719,130.6217803955078,117.89672088623047,128.74127197265625,116.04911804199219,19371894
2020-04-01,125.7110366821289,130.3489532470703,118.29620361328125,121.14131927490234,109.19842529296875,14566228
2020-04-03,123.68437957763672,123.68437957763672,100.35836791992188,101.45938873291016,91.45687103271484,26790698
2020-04-07,104.3727035522461,109.98497772216797,97.45479583740234,104.88910675048828,94.5484619140625,34760386
2020-04-08,102.30707550048828,118.67620086669922,100.00759887695312,116.03570556640625,104.59615325927734,26753505
2020-04-09,121.98900604248047,132.64842224121094,118.49107360839844,131.72279357910156,118.7367172241211,17482271
2020-04-13,127.82537841796875,135.79559326171875,120.85875701904297,125.7110366821289,113.31763458251953,15848592
2020-04-15,126.86077117919922,137.77352905273438,124.82437133789062,129.15049743652344,116.41801452636719,16997200
2020-04-16,126.86077117919922,136.3899383544922,125.28231811523438,132.75559997558594,119.66767120361328,22650772
2020-04-17,141.28118896484375,159.30673217773438,137.3837890625,156.2959747314453,140.88729858398438,22884553
2020-04-20,157.84519958496094,160.37850952148438,132.90176391601562,133.49610900878906,120.335205078125,38988900
2020-04-21,127.0556411743164,131.4792022705078,112.69367980957031,114.70084381103516,103.39289855957031,37973339
2020-04-22,116.72750091552734,121.38490295410156,110.29676818847656,118.10133361816406,106.4581527709961,47074891
2020-04-23,119.4556884765625,128.61460876464844,119.4556884765625,125.41873168945312,113.05414581298828,25187388
2020-04-24,118.87107849121094,136.2145538330078,112.8788070678711,130.21253967285156,117.37535095214844,66007078
2020-04-27,130.7581787109375,133.66175842285156,124.13258361816406,125.1166763305664,112.78186798095703,30305312
2020-04-28,128.41973876953125,136.79917907714844,126.91922760009766,135.49354553222656,122.13571166992188,24649950
2020-04-29,136.99404907226562,139.60531616210938,132.8920135498047,135.8540496826172,122.46070098876953,24473248
2020-04-30,139.3519744873047,155.80880737304688,138.35813903808594,152.19395446777344,137.18971252441406,34771661
2020-05-04,144.20425415039062,148.86166381835938,134.49969482421875,145.64630126953125,131.2875518798828,29957456
2020-05-05,149.78729248046875,153.47035217285156,141.4955596923828,144.12631225585938,129.9174041748047,26163924
2020-05-06,143.02528381347656,154.92213439941406,140.6478729248047,152.24266052246094,137.23361206054688,25532074
2020-05-07,150.2452392578125,157.26058959960938,145.2078399658203,147.24423217773438,132.7279510498047,20184197
2020-05-08,150.9272918701172,153.75291442871094,142.9083709716797,145.0616912841797,130.76058959960938,15570361
2020-05-11,148.0626983642578,149.64114379882812,141.48580932617188,143.45401000976562,129.3114013671875,13766164
2020-05-12,138.16326904296875,138.23147583007812,125.49667358398438,130.58279418945312,117.70911407470703,38395737
2020-05-13,137.01353454589844,140.8817138671875,129.31614685058594,130.8848419189453,117.98136901855469,30865033
2020-05-14,135.44482421875,140.3068389892578,125.13616180419922,126.31513214111328,113.86217498779297,51965854
2020-05-15,125.05821990966797,128.59512329101562,122.0377197265625,124.98027038574219,112.65892791748047,32669666
2020-05-18,125.30180358886719,125.57462310791016,111.77778625488281,112.27470397949219,101.20594024658203,36118323
2020-05-19,114.58392333984375,121.0146484375,112.35265350341797,114.40853881835938,103.12940216064453,46902063
2020-05-20,114.38905334472656,117.3023681640625,111.07624816894531,112.7911148071289,101.67143249511719,31786880
2020-05-21,113.2198257446289,116.11365509033203,111.11522674560547,112.06034851074219,101.0127182006836,23458867
2020-05-22,111.6608657836914,113.73623657226562,102.84296417236328,105.45423126220703,95.05787658691406,44794085
2020-05-26,107.19832611083984,108.8936996459961,103.6711654663086,104.84039306640625,94.50454711914062,21553675
2020-05-27,105.81474304199219,110.37471771240234,104.5870590209961,108.15319061279297,97.49075317382812,35686663
2020-05-28,110.10189819335938,113.59008026123047,109.03010559082031,110.58907318115234,99.68647766113281,35909718
2020-05-29,110.29676818847656,112.49880981445312,106.59422302246094,111.52445220947266,100.52965545654297,52742343
2020-06-01,113.99931335449219,117.76031494140625,112.14804077148438,113.01521301269531,101.87344360351562,47660217
2020-06-02,113.01521301269531,115.61673736572266,109.7219009399414,114.19418334960938,102.93617248535156,43884702
2020-06-03,117.11724090576172,124.91206359863281,116.47416687011719,120.20594024658203,108.35526275634766,64900364
2020-06-04,120.17670440673828,124.12284088134766,118.14031219482422,119.4556884765625,107.67897033691406,43446986
2020-06-05,121.48233795166016,122.0279769897461,117.00032043457031,119.82594299316406,108.01273345947266,34226016
2020-06-08,121.79413604736328,127.64025115966797,121.79413604736328,123.10951232910156,110.97258758544922,42807428
2020-06-09,124.11309814453125,126.85102844238281,119.4556884765625,120.74183654785156,108.83831787109375,33829097
2020-06-10,121.32644653320312,125.04847717285156,119.28030395507812,123.74284362792969,111.5434799194336,29463487
2020-06-11,119.89414978027344,131.73252868652344,119.89414978027344,124.30796813964844,112.05288696289062,78834902
2020-06-12,119.84542846679688,135.18174743652344,118.09159088134766,133.36944580078125,120.22103881835938,62866209
2020-06-15,134.46072387695312,137.88070678710938,129.3940887451172,131.10894775390625,118.18338775634766,58269452
2020-06-16,136.01968383789062,136.2145538330078,124.41514587402344,127.72794342041016,115.13571166992188,49514874
2020-06-17,126.47103118896484,129.69613647460938,124.91206359863281,126.28590393066406,113.83583068847656,32228040
2020-06-18,126.26641845703125,130.71920776367188,124.91206359863281,129.9007568359375,117.09429168701172,20756310
2020-06-19,130.01766967773438,134.87969970703125,127.74742889404297,128.3905029296875,115.7329330444336,35029627
2020-06-22,131.2258758544922,133.86636352539062,129.6864013671875,131.00177001953125,118.08676147460938,22841765
2020-06-23,133.0966339111328,133.68124389648438,130.57305908203125,133.28175354003906,120.14197540283203,17707425
2020-06-24,134.46072387695312,140.03402709960938,132.12228393554688,132.95046997070312,119.84335327148438,47148729
2020-06-25,131.64483642578125,135.3668670654297,130.17356872558594,134.5484161376953,121.28375244140625,20789342
2020-06-26,136.79917907714844,143.0350341796875,136.03916931152344,137.3643035888672,123.8220443725586,46059822
2020-06-29,136.37045288085938,136.75045776367188,133.33047485351562,134.57765197753906,121.31012725830078,19406481
2020-06-30,137.22789001464844,138.05609130859375,133.398681640625,134.38278198242188,121.13446044921875,14633073
2020-07-01,134.9771270751953,138.35813903808594,133.49610900878906,136.67250061035156,123.19845581054688,19160826
2020-07-02,137.8319854736328,139.04017639160156,134.70431518554688,136.00994873046875,122.6011962890625,13257540
2020-07-03,137.3253173828125,137.96839904785156,134.27560424804688,135.62994384765625,122.25867462158203,14183569
2020-07-06,137.48121643066406,138.93299865722656,134.6555938720703,135.94174194335938,122.53973388671875,13310118
2020-07-07,136.409423828125,141.9924774169922,135.40585327148438,141.05709838867188,127.1507797241211,48060904
2020-07-08,142.25555419921875,152.84677124023438,142.25555419921875,147.69244384765625,133.1319580078125,69896387
2020-07-09,149.60000610351562,153.8000030517578,142.8000030517578,144.27999877929688,130.0559539794922,30924865
2020-07-10,143.8000030517578,145.75999450683594,138.72000122070312,139.77999877929688,125.99956512451172,25107850
2020-07-13,141.1999969482422,142.57000732421875,136.39999389648438,137.8300018310547,124.24183654785156,19801490
2020-07-14,136.8000030517578,139.57000732421875,131.5,134.99000549316406,121.68181610107422,22900460
2020-07-15,136.39999389648438,137.60000610351562,130.1300048828125,130.91000366210938,118.00406646728516,20145055
2020-07-16,132.3800048828125,135.9199981689453,128.89999389648438,134.8000030517578,121.51055145263672,18430920
2020-07-17,135.8000030517578,139.17999267578125,135.2899932861328,137.64999389648438,124.0795669555664,15845655
2020-07-20,139.07000732421875,141.39999389648438,136.25,138.16000366210938,124.53929138183594,15304000
2020-07-21,140.60000610351562,140.77999877929688,135.41000366210938,135.88999938964844,122.49308776855469,11892635
2020-07-22,137.3800048828125,140.7899932861328,135.36000061035156,139.02000427246094,125.31449127197266,22858225
2020-07-23,139.52000427246094,142.6999969482422,138.58999633789062,140.6300048828125,126.76575469970703,20176900
2020-07-24,139.74000549316406,142.1999969482422,137.0,141.3699951171875,127.43280792236328,15248350
2020-07-27,142.39999389648438,142.58999633789062,135.8800048828125,136.5399932861328,123.0790023803711,14390240
2020-07-28,137.47999572753906,139.72000122070312,134.13999938964844,139.05999755859375,125.3505630493164,17310970
2020-07-29,139.0,145.91000366210938,138.32000732421875,144.91000366210938,130.6238555908203,28290470
2020-07-30,146.0,147.36000061035156,136.0,136.72000122070312,123.24125671386719,25095445
2020-07-31,137.0,138.99000549316406,134.44000244140625,138.25999450683594,124.62946319580078,18297860
2020-08-03,138.47999572753906,140.89999389648438,133.6999969482422,134.1999969482422,120.96968841552734,15999280
2020-08-04,134.60000610351562,135.5399932861328,129.1999969482422,130.94000244140625,118.0311050415039,21306715
2020-08-05,131.67999267578125,133.89999389648438,127.22000122070312,128.4600067138672,115.79560089111328,24257215
2020-08-06,128.8000030517578,133.1999969482422,128.61000061035156,132.14999389648438,119.12181091308594,21276985
2020-08-07,132.60000610351562,136.0,131.8000030517578,135.35000610351562,122.0063247680664,14479860
2020-08-10,135.60000610351562,137.32000732421875,134.02000427246094,134.8699951171875,121.57363891601562,13149795
2020-08-11,136.0,136.39999389648438,133.10000610351562,135.07000732421875,121.7539291381836,10408940
2020-08-12,134.0,134.39999389648438,130.0,132.97000122070312,119.86097717285156,20110705
2020-08-13,133.67999267578125,141.10000610351562,132.8800048828125,140.4600067138672,126.61256408691406,27781705
2020-08-14,141.60000610351562,146.1199951171875,135.33999633789062,137.27000427246094,123.73704528808594,60667095
2020-08-17,139.60000610351562,141.77999877929688,135.11000061035156,135.8000030517578,122.4119644165039,21394200
2020-08-18,136.89999389648438,138.8000030517578,134.6199951171875,138.25999450683594,124.62946319580078,22155020
2020-08-19,139.60000610351562,141.5800018310547,137.17999267578125,137.7899932861328,124.20573425292969,19863345
2020-08-20,137.27999877929688,139.3000030517578,135.61000061035156,137.55999755859375,123.99845123291016,14624945
2020-08-21,139.39999389648438,139.8000030517578,136.80999755859375,137.3000030517578,123.76409912109375,9103730
2020-08-24,138.0,138.1999969482422,136.11000061035156,136.86000061035156,123.36743927001953,11317105
2020-08-25,137.72000122070312,141.36000061035156,137.60000610351562,138.99000549316406,125.28746032714844,21874405
2020-08-26,140.0,146.1999969482422,138.6300048828125,145.27000427246094,130.9483642578125,42148055
2020-08-27,147.0,149.60000610351562,143.4199981689453,144.0800018310547,129.87564086914062,34442525
2020-08-28,145.74000549316406,156.74000549316406,145.0,154.5500030517578,139.3134765625,67783000
2020-08-31,156.0399932861328,158.5800018310547,139.60000610351562,140.49000549316406,126.63957214355469,47226170
2020-09-01,141.8000030517578,144.0,135.47999572753906,141.25999450683594,127.33367919921875,33124360
2020-09-02,142.0,142.6300048828125,136.52999877929688,138.47999572753906,124.82777404785156,18654170
2020-09-03,139.99000549316406,142.47000122070312,138.60000610351562,139.5399932861328,125.783203125,18043260
2020-09-04,137.8000030517578,139.61000061035156,133.80999755859375,137.49000549316406,123.93533325195312,19787000
2020-09-07,138.60000610351562,138.74000549316406,135.10000610351562,137.50999450683594,123.9533462524414,13560900
2020-09-08,137.9600067138672,138.0,131.60000610351562,132.52999877929688,119.46434020996094,17598430
2020-09-09,131.1999969482422,131.1999969482422,126.0199966430664,127.7699966430664,115.17361450195312,28371765
2020-09-10,129.0,130.69000244140625,124.12999725341797,125.91000366210938,113.49698638916016,29577885
2020-09-11,126.5999984741211,129.5,125.38999938964844,128.72999572753906,116.03897094726562,18580305
2020-09-14,130.0,130.10000610351562,126.29000091552734,127.29000091552734,114.74092864990234,18452905
2020-09-15,127.81999969482422,131.0,127.05000305175781,130.47000122070312,117.607421875,15997600
2020-09-16,130.8699951171875,133.14999389648438,129.1199951171875,131.6699981689453,118.68913269042969,19950565
2020-09-17,130.8699951171875,132.1999969482422,129.3300018310547,130.8699951171875,117.9679946899414,13616760
2020-09-18,131.19000244140625,132.3300018310547,126.80000305175781,129.32000732421875,116.57080841064453,14308610
2020-09-21,129.8800048828125,130.57000732421875,126.19999694824219,127.48999786376953,114.92121887207031,16103830
2020-09-22,127.5,129.39999389648438,122.61000061035156,128.1300048828125,115.49811553955078,20122560
2020-09-23,129.0399932861328,130.10000610351562,121.38999938964844,122.62000274658203,110.53132629394531,17343095
2020-09-24,120.0,120.0,111.11000061035156,112.7699966430664,101.65240478515625,44394795
2020-09-25,114.4000015258789,118.76000213623047,114.22000122070312,118.05999755859375,106.42088317871094,21093985
2020-09-28,119.80000305175781,125.31999969482422,119.4000015258789,123.02999877929688,110.9009017944336,18254035
2020-09-29,124.41000366210938,125.2300033569336,120.83999633789062,121.9000015258789,109.88231658935547,14131620
2020-09-30,123.0,126.69999694824219,120.87999725341797,123.87000274658203,111.6580810546875,21418750
2020-10-01,125.4000015258789,132.92999267578125,125.02999877929688,131.74000549316406,118.7522201538086,31031565
2020-10-05,132.39999389648438,135.1999969482422,129.63999938964844,131.02000427246094,118.10321044921875,14426150
2020-10-06,132.39999389648438,132.99000549316406,129.2100067138672,130.89999389648438,117.99503326416016,12240375
2020-10-07,130.6199951171875,130.6999969482422,125.26000213623047,126.76000213623047,114.26319122314453,17276795
2020-10-08,128.0,130.63999938964844,126.61000061035156,127.80999755859375,115.20967102050781,16935265
2020-10-09,126.69999694824219,130.0,126.06999969482422,128.22000122070312,115.57925415039062,17527430
2020-10-12,129.0,133.36000061035156,128.33999633789062,132.3300018310547,119.28404998779297,30896760
2020-10-13,132.58999633789062,133.55999755859375,129.63999938964844,130.35000610351562,117.49925994873047,14237305
2020-10-14,129.8000030517578,134.39999389648438,127.97000122070312,133.0399932861328,119.92405700683594,16828665
2020-10-15,134.0,134.8000030517578,125.66999816894531,126.43000030517578,113.96570587158203,15350725
2020-10-16,127.4000015258789,129.80999755859375,125.30000305175781,129.4199981689453,116.66094970703125,13772355
2020-10-19,129.44000244140625,132.97999572753906,128.83999633789062,131.5500030517578,118.5809555053711,12763000
2020-10-20,130.8000030517578,132.35000610351562,129.39999389648438,131.72999572753906,118.74321746826172,8548565
2020-10-21,132.5800018310547,136.60000610351562,129.47999572753906,133.19000244140625,120.05925750732422,31740925
2020-10-22,132.94000244140625,140.74000549316406,131.25,140.02000427246094,126.21591186523438,28175610
2020-10-23,140.86000061035156,143.5800018310547,139.86000061035156,142.00999450683594,128.00973510742188,21913570
2020-10-26,141.39999389648438,141.60000610351562,137.2899932861328,138.0,124.39507293701172,10113485
2020-10-27,138.0,149.75999450683594,136.63999938964844,147.42999267578125,132.8953857421875,40165905
2020-10-28,145.8000030517578,146.0,141.39999389648438,142.44000244140625,128.39736938476562,17774320
2020-10-29,140.0,141.13999938964844,136.4499969482422,139.82000732421875,126.03565216064453,14687575
2020-10-30,141.39999389648438,146.0,134.0,138.69000244140625,125.01702880859375,42892115
2020-11-02,138.77999877929688,153.1699981689453,138.77999877929688,150.80999755859375,135.9421844482422,58773715
2020-11-03,150.8000030517578,154.55999755859375,150.0,152.57000732421875,137.52865600585938,16268300
2020-11-04,152.1999969482422,158.60000610351562,150.39999389648438,157.7899932861328,142.23403930664062,22749125
2020-11-05,158.63999938964844,164.97999572753906,155.89999389648438,163.0800018310547,147.00250244140625,26335845
2020-11-06,163.1999969482422,172.39999389648438,160.60000610351562,169.27999877929688,152.59129333496094,34200000
2020-11-09,169.61000061035156,171.75,165.1999969482422,167.05999755859375,151.665283203125,24006055
2020-11-10,167.99000549316406,174.57000732421875,166.1999969482422,171.5500030517578,155.74151611328125,23825835
2020-11-11,171.5500030517578,178.10000610351562,169.4199981689453,176.6300048828125,160.35340881347656,31631290
2020-11-12,175.39999389648438,175.52999877929688,167.63999938964844,172.22999572753906,156.3588409423828,20465145
2020-11-13,170.8000030517578,176.0,169.49000549316406,175.2100067138672,159.0642547607422,18289185
2020-11-14,176.39999389648438,176.8699951171875,172.4199981689453,174.4600067138672,158.3833465576172,1279465
2020-11-17,174.66000366210938,175.9499969482422,171.39999389648438,172.1999969482422,156.3316192626953,15728460
2020-11-18,171.39999389648438,186.1999969482422,169.75999450683594,185.05999755859375,168.006591796875,35810375
2020-11-19,183.44000244140625,199.67999267578125,180.27000427246094,182.36000061035156,165.55538940429688,63358800
2020-11-20,183.6199951171875,190.0,180.86000061035156,186.77999877929688,169.5680389404297,43910455
2020-11-23,188.5,195.91000366210938,188.17999267578125,194.92999267578125,176.967041015625,33172945
2020-11-24,196.5399932861328,207.89999389648438,194.8000030517578,205.83999633789062,186.87167358398438,39408005
2020-11-25,206.9600067138672,217.52000427246094,206.60000610351562,213.0,193.37188720703125,43692190
2020-11-26,211.8699951171875,212.0,204.47999572753906,210.33999633789062,190.95700073242188,25519515
2020-11-27,212.0,218.3800048828125,210.82000732421875,214.0399932861328,194.31605529785156,67609335
2020-12-01,215.97999572753906,216.0,203.74000549316406,204.7100067138672,185.84580993652344,19857690
2020-12-02,206.74000549316406,209.0,204.0,206.10000610351562,187.1077117919922,18406465
2020-12-03,208.0,211.77999877929688,205.66000366210938,206.72999572753906,187.67965698242188,16262005
2020-12-04,208.1999969482422,209.05999755859375,197.25,200.6199951171875,182.13267517089844,25299565
2020-12-07,202.1999969482422,217.39999389648438,202.00999450683594,212.67999267578125,193.08132934570312,34630940
2020-12-08,215.0,216.05999755859375,209.14999389648438,213.35000610351562,193.68960571289062,20765030
2020-12-09,214.39999389648438,215.64999389648438,209.8000030517578,212.4600067138672,192.88165283203125,12326970
2020-12-10,210.39999389648438,212.39999389648438,205.0,209.9499969482422,190.60289001464844,13328860
2020-12-11,212.0,215.02000427246094,207.0,208.64999389648438,189.42271423339844,17879175
2020-12-14,212.0,214.75999450683594,209.27999877929688,214.0,194.27972412109375,14980145
2020-12-15,214.39999389648438,220.33999633789062,210.72000122070312,218.47999572753906,198.34686279296875,18580105
2020-12-16,220.57000732421875,221.60000610351562,213.0,214.61000061035156,194.83351135253906,17984290
2020-12-17,214.39999389648438,215.22000122070312,210.2899932861328,211.3000030517578,191.8285369873047,10168720
2020-12-18,211.3800048828125,212.33999633789062,203.2100067138672,205.55999755859375,186.61746215820312,17274385
2020-12-21,206.02000427246094,206.1999969482422,188.8800048828125,193.3699951171875,175.55079650878906,18966675
2020-12-22,193.77999877929688,195.22999572753906,183.6199951171875,187.58999633789062,170.30340576171875,22851915
2020-12-23,187.55999755859375,193.97999572753906,185.39999389648438,192.3300018310547,174.60662841796875,22133360
2020-12-24,194.8699951171875,205.9199981689453,194.02000427246094,199.32000732421875,180.95248413085938,33020905
2020-12-28,200.97000122070312,205.9600067138672,199.63999938964844,203.2100067138672,184.48403930664062,21567085
2020-12-29,205.5399932861328,209.9199981689453,204.39999389648438,206.97999572753906,187.9066162109375,20672180
2020-12-30,208.60000610351562,211.0,206.47999572753906,207.80999755859375,188.66014099121094,20204065
2020-12-31,208.60000610351562,210.1999969482422,206.6199951171875,209.3000030517578,190.01280212402344,11010990
2021-01-01,209.5800018310547,215.3800048828125,209.3000030517578,214.1699981689453,194.43405151367188,12981435
2021-01-04,216.8000030517578,217.60000610351562,212.72000122070312,215.35000610351562,195.50534057617188,11008350
2021-01-05,213.99000549316406,223.8800048828125,211.77000427246094,222.8300018310547,202.29600524902344,15930660
2021-01-06,223.58999633789062,241.6999969482422,223.3000030517578,239.44000244140625,217.37538146972656,44538525
2021-01-07,240.0,263.3800048828125,239.60000610351562,261.3599853515625,237.27542114257812,45813230
2021-01-08,261.239990234375,262.6700134277344,253.0,259.1400146484375,235.26007080078125,31324270
2021-01-11,260.8999938964844,262.9200134277344,248.1999969482422,250.3300018310547,227.26185607910156,15045560
2021-01-12,249.0,261.9800109863281,246.0399932861328,252.52000427246094,229.25009155273438,24395200
2021-01-13,254.8000030517578,256.1600036621094,235.50999450683594,243.3699951171875,220.94322204589844,26536710
2021-01-14,243.97999572753906,248.8000030517578,236.83999633789062,243.69000244140625,221.23377990722656,21198275
2021-01-15,243.8000030517578,250.50999450683594,238.24000549316406,240.91000366210938,218.70994567871094,17385480
2021-01-18,242.0,242.5500030517578,232.8300018310547,234.75999450683594,213.1266632080078,14423695
2021-01-19,236.60000610351562,248.6999969482422,235.0,245.6699981689453,223.03134155273438,21867515
2021-01-20,245.94000244140625,252.39999389648438,244.11000061035156,249.5399932861328,226.54466247558594,17042230
2021-01-21,251.13999938964844,255.27000427246094,238.83999633789062,241.2899932861328,219.05491638183594,16461875
2021-01-22,242.39999389648438,244.85000610351562,228.39999389648438,230.1300048828125,208.92332458496094,18964880
2021-01-25,237.60000610351562,252.9600067138672,237.60000610351562,240.2100067138672,218.07449340820312,36180365
2021-01-27,235.9600067138672,236.0,226.39999389648438,230.2100067138672,208.99598693847656,19598860
2021-01-28,220.8000030517578,230.57000732421875,219.49000549316406,222.22000122070312,201.7422332763672,24702255
2021-01-29,237.8000030517578,263.79998779296875,233.6199951171875,258.2699890136719,234.47019958496094,90681265
2021-02-01,256.5199890136719,268.9599914550781,253.25,266.3999938964844,241.85101318359375,30395260
2021-02-02,272.0,286.0,269.3399963378906,273.3299865722656,248.14239501953125,30730610
2021-02-03,274.20001220703125,295.2300109863281,271.3999938964844,293.05999755859375,266.0542907714844,28518195
2021-02-04,290.0400085449219,290.94000244140625,279.0,284.1300048828125,257.94720458984375,21005115
2021-02-05,285.7900085449219,294.20001220703125,274.4100036621094,276.8900146484375,251.37432861328125,16549455
2021-02-08,283.0,295.79998779296875,281.57000732421875,283.8999938964844,257.7383728027344,18317310
2021-02-09,286.0,288.75,278.0,282.6199951171875,256.5763244628906,11093915
2021-02-10,280.2200012207031,291.20001220703125,278.1600036621094,285.6199951171875,259.2998962402344,19081675
2021-02-11,284.0,289.6000061035156,281.6600036621094,288.25,261.6875,8878860
2021-02-12,285.0199890136719,292.25,284.0,287.6499938964844,261.142822265625,11134020
2021-02-15,290.0,306.989990234375,289.0,302.6700134277344,274.7787170410156,24556900
2021-02-16,301.6000061035156,303.79998779296875,292.2799987792969,295.55999755859375,268.3238830566406,11625195
2021-02-17,296.7900085449219,301.739990234375,289.6300048828125,291.94000244140625,265.0375061035156,13152705
2021-02-18,292.0,295.6000061035156,285.6700134277344,287.739990234375,261.2244873046875,9516035
2021-02-19,286.57000732421875,289.20001220703125,276.2099914550781,280.9200134277344,255.032958984375,10103260
2021-02-22,282.79998779296875,284.9800109863281,269.6000061035156,272.0299987792969,246.9622039794922,12281580
2021-02-23,274.0,279.0,267.239990234375,275.489990234375,250.10333251953125,10273085
2021-02-24,275.6000061035156,281.20001220703125,274.010009765625,275.5899963378906,250.19418334960938,5331875
2021-02-25,278.3999938964844,280.95001220703125,274.30999755859375,276.05999755859375,250.62086486816406,10532480
2021-02-26,269.79998779296875,269.79998779296875,254.0,256.5899963378906,232.9450225830078,21843070
2021-03-01,261.0,269.1600036621094,260.6300048828125,266.7200012207031,242.14158630371094,9162830
2021-03-02,269.29998779296875,275.20001220703125,266.19000244140625,270.1099853515625,245.2191162109375,8570450
2021-03-03,273.0,275.7799987792969,266.260009765625,272.42999267578125,247.32533264160156,9383425
2021-03-04,269.3900146484375,274.3699951171875,266.20001220703125,267.8699951171875,243.18556213378906,8576470
2021-03-05,265.79998779296875,267.1400146484375,254.39999389648438,257.8399963378906,234.0797882080078,11926800
2021-03-08,261.3599853515625,267.3999938964844,251.02000427246094,253.1699981689453,229.84014892578125,19094895
2021-03-09,256.0,260.3399963378906,251.0,254.0500030517578,230.6390838623047,10348870
2021-03-10,258.2300109863281,265.9599914550781,257.989990234375,263.0799865722656,238.83692932128906,15206235
2021-03-12,268.20001220703125,268.3999938964844,262.1099853515625,265.0899963378906,240.66172790527344,12544700
2021-03-15,267.5899963378906,268.3699951171875,247.6300048828125,255.32000732421875,231.7920684814453,18506180
2021-03-16,257.79998779296875,266.3599853515625,256.1099853515625,264.5899963378906,240.20779418945312,12723425
2021-03-17,265.5899963378906,265.7900085449219,258.0,264.32000732421875,239.96270751953125,11266530
2021-03-18,267.6000061035156,273.5400085449219,260.6099853515625,265.1499938964844,240.71621704101562,14562505
2021-03-19,262.54998779296875,275.9100036621094,260.1199951171875,274.7900085449219,249.46792602539062,14402385
2021-03-22,273.7799987792969,277.989990234375,269.4100036621094,276.2799987792969,250.820556640625,9335185
2021-03-23,279.79998779296875,286.79998779296875,278.29998779296875,281.260009765625,255.34164428710938,14529820
2021-03-24,282.6000061035156,285.3999938964844,274.55999755859375,280.3599853515625,254.52462768554688,10501700
2021-03-25,281.3800048828125,281.5199890136719,270.30999755859375,274.3999938964844,249.11383056640625,10425355
2021-03-26,276.0,294.29998779296875,276.0,285.8299865722656,259.49053955078125,18748345
2021-03-30,288.69000244140625,289.0,282.2200012207031,284.1199951171875,257.9380798339844,11173995
2021-03-31,284.6199951171875,288.6600036621094,282.8999938964844,284.4599914550781,258.24676513671875,8632980
2021-04-01,289.0,295.79998779296875,285.1000061035156,294.5400085449219,267.39788818359375,12254460
2021-04-05,292.989990234375,295.6600036621094,278.1099853515625,284.0299987792969,258.9112548828125,10865445
2021-04-06,286.3999938964844,291.79998779296875,283.0,287.8399963378906,262.3843078613281,9011680
2021-04-07,288.0,300.5,282.6400146484375,297.1199951171875,270.8435974121094,14184300
2021-04-08,297.9800109863281,302.0,294.6499938964844,298.8399963378906,272.4114685058594,11186950
2021-04-09,297.79998779296875,299.3599853515625,291.0,293.9200134277344,267.92657470703125,10218235
2021-04-12,282.0,283.17999267578125,258.5899963378906,260.17999267578125,237.1704559326172,24289800
2021-04-13,263.0,279.7200012207031,262.20001220703125,276.4599914550781,252.0106658935547,21252365
2021-04-15,275.0,277.6600036621094,262.20001220703125,276.1300048828125,251.7099151611328,17951785
2021-04-16,275.05999755859375,278.989990234375,273.1199951171875,275.6000061035156,251.2267303466797,12006190
2021-04-19,260.3999938964844,270.6700134277344,257.4599914550781,268.5299987792969,244.78199768066406,14272335
2021-04-20,275.79998779296875,277.20001220703125,264.5199890136719,269.010009765625,245.21957397460938,12498725
2021-04-22,263.6199951171875,266.3999938964844,258.239990234375,265.25,241.79208374023438,19593930
2021-04-23,263.0,277.57000732421875,262.29998779296875,276.1300048828125,251.7099151611328,17606370
2021-04-26,275.79998779296875,275.9100036621094,265.32000732421875,267.82000732421875,244.13479614257812,13382655
2021-04-27,270.8999938964844,271.57000732421875,263.82000732421875,265.0,241.56419372558594,8343800
2021-04-28,265.6000061035156,282.9599914550781,265.0,280.9599914550781,256.11273193359375,17059815
2021-04-29,284.20001220703125,286.8999938964844,278.0,283.260009765625,258.2093505859375,14470055
2021-04-30,286.0,289.0,267.1499938964844,269.010009765625,245.21957397460938,20775365
2021-05-03,266.79998779296875,266.8800048828125,255.1300048828125,259.7699890136719,236.79672241210938,14320405
2021-05-04,265.0,269.8399963378906,257.1099853515625,258.239990234375,235.40203857421875,13762810
2021-05-05,262.0,262.0,254.4199981689453,257.4100036621094,234.6454315185547,12337230
2021-05-06,259.20001220703125,263.3999938964844,254.60000610351562,262.2799987792969,239.08474731445312,11816670
2021-05-07,263.0,264.6000061035156,258.5,259.5299987792969,236.57794189453125,6920815
2021-05-10,259.79998779296875,268.20001220703125,259.2699890136719,266.54998779296875,242.97711181640625,9092755
2021-05-11,264.79998779296875,269.70001220703125,262.4800109863281,268.5,244.7546844482422,7293410
2021-05-12,269.0,271.20001220703125,265.7300109863281,268.7900085449219,245.01905822753906,7632385
2021-05-14,269.20001220703125,274.3999938964844,264.79998779296875,265.29998779296875,241.837646484375,9702620
2021-05-17,265.8999938964844,279.6000061035156,264.04998779296875,277.80999755859375,253.24134826660156,9550025
2021-05-18,281.0,293.0,281.0,290.0400085449219,264.3896789550781,15594255
2021-05-19,287.6000061035156,291.9599914550781,281.0,282.2699890136719,257.306884765625,6901040
2021-05-20,283.0,285.7200012207031,279.20001220703125,283.19000244140625,258.1455078125,6123645
2021-05-21,286.6000061035156,297.6000061035156,284.010009765625,295.75,269.5947570800781,11258915
2021-05-24,295.20001220703125,296.6000061035156,289.4100036621094,291.8299865722656,266.0214538574219,6487950
2021-05-25,293.0,295.32000732421875,285.44000244140625,286.8599853515625,261.490966796875,5680010
2021-05-26,287.6000061035156,291.1499938964844,285.70001220703125,286.54998779296875,261.2084045410156,6131915
2021-05-27,287.0799865722656,289.94000244140625,283.0,288.2900085449219,262.7945251464844,8648350
2021-05-28,289.489990234375,302.8800048828125,289.20001220703125,291.010009765625,265.27392578125,17020950
2021-05-31,293.20001220703125,293.20001220703125,283.79998779296875,285.9599914550781,260.6705322265625,7634365
2021-06-01,287.0,287.0400085449219,277.6700134277344,282.260009765625,257.2977600097656,9322935
2021-06-02,280.0,287.2900085449219,278.0,286.010009765625,260.7161560058594,6900620
2021-06-03,287.0,289.20001220703125,282.0,283.5400085449219,258.46453857421875,5219995
2021-06-04,285.0199890136719,287.0,281.54998779296875,284.6400146484375,259.4673156738281,6313570
2021-06-07,284.5,302.8900146484375,282.3500061035156,297.489990234375,271.1808166503906,23267725
2021-06-08,301.20001220703125,305.9200134277344,294.30999755859375,297.82000732421875,271.481689453125,20367070
2021-06-09,296.9800109863281,297.79998779296875,284.80999755859375,287.4100036621094,261.99237060546875,16223270
2021-06-10,288.0,294.9800109863281,286.6300048828125,294.0,267.99957275390625,9991650
2021-06-11,294.3999938964844,298.79998779296875,292.0,295.07000732421875,268.9748840332031,8790865
2021-06-14,294.0,296.7799987792969,285.4100036621094,295.3999938964844,269.27569580078125,8612805
2021-06-15,295.0,295.0,288.5,290.1300048828125,264.47174072265625,11778790
2021-06-16,291.29998779296875,292.79998779296875,285.2699890136719,286.7699890136719,262.4945983886719,9827690
2021-06-17,280.3999938964844,287.3999938964844,278.6000061035156,282.2799987792969,258.38470458984375,12356210
2021-06-18,284.7900085449219,284.7900085449219,268.79998779296875,276.0,252.6362762451172,14779290
2021-06-21,271.0,277.9800109863281,267.6700134277344,276.5799865722656,253.16717529296875,7416025
2021-06-22,278.0,280.3900146484375,272.20001220703125,274.3399963378906,251.1168670654297,7917570
2021-06-23,274.9800109863281,277.20001220703125,272.2300109863281,273.3599853515625,250.2197723388672,4924915
2021-06-24,274.20001220703125,275.20001220703125,270.67999267578125,272.7799987792969,249.68890380859375,4667625
2021-06-25,272.7799987792969,275.6000061035156,271.1300048828125,273.6199951171875,250.45777893066406,6516880
2021-06-28,276.3900146484375,277.79998779296875,272.5,274.510009765625,251.27247619628906,4102820
2021-06-29,274.4800109863281,279.20001220703125,269.6400146484375,271.57000732421875,248.5813446044922,5875000
2021-06-30,273.0,274.55999755859375,267.3900146484375,268.5299987792969,245.7986602783203,6968565
2021-07-01,269.94000244140625,273.04998779296875,266.0,271.1199951171875,248.16940307617188,5444075
2021-07-02,271.8999938964844,274.5199890136719,269.20001220703125,272.44000244140625,249.37762451171875,4228550
2021-07-05,273.0,275.6000061035156,272.5,274.9100036621094,251.6385955810547,2911235
2021-07-06,275.1000061035156,286.9599914550781,275.1000061035156,282.7300109863281,258.7966613769531,12255020
2021-07-07,283.989990234375,290.0,282.45001220703125,288.8699951171875,264.4168395996094,7910955
2021-07-08,289.07000732421875,289.4200134277344,284.44000244140625,286.30999755859375,262.07354736328125,6176635
2021-07-09,285.82000732421875,292.0,283.6000061035156,291.1400146484375,266.4947204589844,5637260
2021-07-12,292.7799987792969,293.5299987792969,289.3999938964844,290.4800109863281,265.8905944824219,4330990
2021-07-13,293.0,293.0,284.6099853515625,286.3599853515625,262.1193542480469,5529040
2021-07-14,287.0,287.3699951171875,283.0,284.17999267578125,260.1238708496094,6477460
2021-07-15,285.0,293.0,283.25,291.5799865722656,266.8974609375,7322970
2021-07-16,292.0,294.1000061035156,288.79998779296875,289.8699951171875,265.3321533203125,3058730
2021-07-19,285.0,288.0,276.3800048828125,277.9700012207031,254.43959045410156,8523350
2021-07-20,279.6000061035156,281.9800109863281,270.20001220703125,279.17999267578125,255.5471649169922,6350305
2021-07-22,279.7799987792969,280.510009765625,274.0,279.05999755859375,255.43731689453125,8748020
2021-07-23,279.3999938964844,281.3900146484375,273.79998779296875,277.1199951171875,253.66152954101562,5276030
2021-07-26,276.9599914550781,281.0,265.1499938964844,274.0799865722656,250.8788604736328,4858020
2021-07-27,275.82000732421875,282.3999938964844,270.489990234375,273.1400146484375,250.01844787597656,8150250
2021-07-28,275.1000061035156,275.6000061035156,270.0199890136719,274.5899963378906,251.3456573486328,6667670
2021-07-29,272.79998779296875,276.70001220703125,270.79998779296875,274.20001220703125,250.98867797851562,3888435
2021-07-30,275.6000061035156,282.0199890136719,272.0199890136719,278.0199890136719,254.4853515625,7132000
2021-08-02,279.20001220703125,286.0,267.1400146484375,275.1700134277344,251.8766326904297,16937480
2021-08-03,275.5199890136719,277.6000061035156,266.6000061035156,267.6700134277344,245.01150512695312,10852865
2021-08-04,270.0,271.739990234375,263.0199890136719,264.29998779296875,241.9267120361328,12098915
2021-08-05,264.44000244140625,267.54998779296875,262.0400085449219,266.3900146484375,243.8397674560547,7443930
2021-08-06,266.6000061035156,268.82000732421875,262.489990234375,263.19000244140625,240.91070556640625,6201995
2021-08-09,264.0,264.0799865722656,259.0,260.54998779296875,238.49417114257812,5444400
2021-08-10,262.42999267578125,262.42999267578125,254.07000732421875,255.10000610351562,233.5055389404297,6656495
2021-08-11,255.39999389648438,259.5899963378906,248.75999450683594,259.0,237.07540893554688,7777460
2021-08-12,260.29998779296875,263.8999938964844,257.45001220703125,261.8800048828125,239.7115936279297,4144010
2021-08-13,262.20001220703125,262.9599914550781,257.6600036621094,259.010009765625,237.0845489501953,4393670
2021-08-16,258.20001220703125,261.0,256.3699951171875,259.3299865722656,237.37744140625,4215450
2021-08-17,259.3299865722656,259.3999938964844,253.0,256.07000732421875,234.39340209960938,5186305
2021-08-18,257.6000061035156,260.9700012207031,255.2899932861328,258.7699890136719,236.86483764648438,4998005
2021-08-20,256.0,257.20001220703125,250.0,250.89999389648438,229.6610565185547,4362450
2021-08-23,255.0800018310547,255.0800018310547,243.1999969482422,249.13999938964844,228.050048828125,5190075
2021-08-24,248.0,256.3999938964844,246.25999450683594,255.91000366210938,234.24693298339844,4803725
2021-08-25,256.20001220703125,259.04998779296875,251.8800048828125,253.47000122070312,232.0135040283203,5152555
2021-08-26,255.1999969482422,259.42999267578125,251.38999938964844,253.08999633789062,231.66566467285156,6567660
2021-08-27,253.99000549316406,258.20001220703125,251.52999877929688,256.2799987792969,234.58563232421875,3930010
2021-08-30,258.79998779296875,267.8500061035156,256.6400146484375,266.989990234375,244.3890380859375,7071320
2021-08-31,267.0,271.3999938964844,264.1000061035156,270.5400085449219,247.6385040283203,7881915
2021-09-01,270.4800109863281,271.04998779296875,264.5400085449219,265.9800109863281,243.46453857421875,6179385
2021-09-02,266.3999938964844,269.79998779296875,265.32000732421875,268.6099853515625,245.87185668945312,3818570
2021-09-03,269.79998779296875,277.7200012207031,266.6199951171875,270.010009765625,247.1533966064453,8012625
2021-09-06,271.20001220703125,275.3999938964844,268.010009765625,269.2900085449219,246.49435424804688,3295350
2021-09-07,269.5,273.7900085449219,265.20001220703125,268.9599914550781,246.19224548339844,6181705
2021-09-08,268.7799987792969,276.2799987792969,267.6700134277344,273.010009765625,249.8994140625,8546425
2021-09-09,272.6000061035156,272.6000061035156,267.0899963378906,269.6700134277344,246.84217834472656,3792220
2021-09-13,269.20001220703125,269.6700134277344,262.1499938964844,268.3399963378906,245.6247100830078,3625345
2021-09-14,269.6000061035156,274.20001220703125,268.8399963378906,270.55999755859375,247.6568145751953,3353550
2021-09-15,270.79998779296875,275.8699951171875,268.3999938964844,273.3599853515625,250.2197723388672,5161840
2021-09-16,273.3599853515625,282.3800048828125,272.6199951171875,281.2799987792969,257.46942138671875,10142820
2021-09-17,284.0,285.17999267578125,271.1199951171875,272.1600036621094,249.1213836669922,9870725
2021-09-20,270.0,274.30999755859375,262.1499938964844,264.0199890136719,241.67042541503906,4788450
2021-09-21,266.0,267.17999267578125,257.1499938964844,264.75,242.338623046875,4585140
2021-09-22,265.3999938964844,270.7799987792969,265.3999938964844,269.29998779296875,246.50344848632812,3449740
2021-09-23,270.0,277.0,269.30999755859375,276.6199951171875,253.20387268066406,5925930
2021-09-24,279.0,281.3599853515625,270.2099914550781,271.1400146484375,248.18777465820312,5655830
2021-09-27,271.8999938964844,272.489990234375,262.79998779296875,264.8299865722656,242.41183471679688,5489955
2021-09-28,267.0,269.1300048828125,258.5199890136719,262.6400146484375,240.4072723388672,4231635
2021-09-29,260.0,262.239990234375,257.20001220703125,260.07000732421875,238.0548095703125,4532205
2021-09-30,260.3999938964844,265.3999938964844,258.6000061035156,259.7699890136719,237.78021240234375,7981880
2021-10-01,258.7699890136719,259.9100036621094,254.66000366210938,258.9100036621094,236.99301147460938,4632325
2021-10-04,260.2799987792969,270.79998779296875,259.2099914550781,270.1499938964844,247.28147888183594,6773440
2021-10-05,268.0,271.5,264.8599853515625,267.04998779296875,244.4439239501953,4110305
2021-10-06,268.6499938964844,268.8999938964844,259.69000244140625,260.6400146484375,238.57655334472656,3570155
2021-10-07,264.6400146484375,269.2799987792969,263.1600036621094,268.6400146484375,245.8993682861328,3739840
2021-10-08,268.6400146484375,270.67999267578125,264.69000244140625,266.19000244140625,243.65676879882812,2327330
2021-10-11,267.17999267578125,268.3800048828125,265.17999267578125,266.9800109863281,244.37986755371094,2474965
2021-10-12,267.3999938964844,268.3900146484375,264.0,264.92999267578125,242.50344848632812,2928570
2021-10-13,267.6000061035156,274.9599914550781,265.2099914550781,273.2799987792969,250.1465606689453,7442435
2021-10-14,275.69000244140625,279.82000732421875,271.3599853515625,276.7099914550781,253.2861785888672,8878410
2021-10-18,280.739990234375,283.3399963378906,276.04998779296875,279.0400085449219,255.41897583007812,5899405
2021-10-19,280.0400085449219,291.6000061035156,276.739990234375,285.489990234375,261.3229675292969,14910045
2021-10-20,287.55999755859375,294.92999267578125,281.3599853515625,287.739990234375,263.3824768066406,10061990
2021-10-21,290.30999755859375,300.0,288.2300109863281,298.1700134277344,272.9296569824219,11697925
2021-10-22,299.79998779296875,311.760009765625,297.07000732421875,303.7200012207031,278.0097961425781,19446090
2021-10-25,308.04998779296875,308.04998779296875,295.7099914550781,303.3800048828125,277.6985778808594,8858895
2021-10-26,300.0199890136719,317.6000061035156,299.32000732421875,305.17999267578125,279.34619140625,9988515
2021-10-27,307.79998779296875,311.6000061035156,303.3999938964844,305.6700134277344,279.79473876953125,4678970
2021-10-28,305.5899963378906,305.5899963378906,293.9100036621094,297.739990234375,272.5359802246094,5604320
2021-10-29,300.0,300.0,285.0,287.239990234375,262.9248352050781,6972315
2021-11-01,291.0,291.0,277.8699951171875,286.1400146484375,261.9179992675781,8517215
2021-11-02,288.0,324.94000244140625,286.45001220703125,315.239990234375,288.5546569824219,16632400
2021-11-03,315.79998779296875,328.75,311.75,320.5299987792969,293.39678955078125,15816895
2021-11-04,322.0,325.19000244140625,321.6000061035156,323.42999267578125,296.05133056640625,1071505
2021-11-08,325.0400085449219,334.0,324.2099914550781,332.94000244140625,304.7562561035156,8351745
2021-11-09,335.3399963378906,339.2799987792969,316.2099914550781,323.2099914550781,297.278564453125,12628955
2021-11-10,323.2099914550781,328.6000061035156,319.8999938964844,326.239990234375,300.06549072265625,6427920
2021-11-11,326.239990234375,328.6000061035156,320.239990234375,327.260009765625,301.0036315917969,5065025
2021-11-12,329.3800048828125,329.79998779296875,323.19000244140625,324.4800109863281,298.4466552734375,5511415
2021-11-15,324.0,325.20001220703125,315.5299987792969,323.32000732421875,297.3797607421875,3522305
2021-11-16,323.55999755859375,332.6000061035156,321.6199951171875,327.7900085449219,301.4911193847656,5549900
2021-11-17,325.6000061035156,329.9800109863281,322.1099853515625,326.1700134277344,300.0010986328125,3780655
2021-11-18,326.4200134277344,328.8800048828125,317.0400085449219,320.2799987792969,294.5836486816406,4825755
2021-11-22,321.8800048828125,321.9599914550781,309.6300048828125,312.3299865722656,287.2714538574219,5279665
2021-11-23,309.20001220703125,320.6300048828125,308.75,317.5899963378906,292.1094665527344,3311240
2021-11-24,317.760009765625,320.19000244140625,314.0,317.3800048828125,291.91632080078125,2310765
2021-11-25,318.0,318.0,306.010009765625,314.19000244140625,288.98223876953125,4290100
2021-11-26,308.3999938964844,311.3999938964844,286.8900146484375,289.3399963378906,266.1259765625,6705735
2021-11-29,286.7099914550781,289.0,277.7099914550781,280.6499938964844,258.1331481933594,4893890
2021-11-30,280.6000061035156,289.2900085449219,279.0799865722656,281.3399963378906,258.7678527832031,8840830
2021-12-01,286.0,289.7900085449219,279.95001220703125,288.75,265.58331298828125,5539860
2021-12-02,288.0,291.989990234375,285.239990234375,289.7900085449219,266.5399169921875,3870920
2021-12-03,289.3399963378906,295.7799987792969,287.7699890136719,289.42999267578125,266.2087707519531,3863635
2021-12-06,290.0,295.0,288.3800048828125,290.0299987792969,266.7606201171875,2886375
2021-12-07,292.6000061035156,295.260009765625,288.3599853515625,292.7099914550781,269.2255859375,3802710
2021-12-08,294.0,299.3699951171875,292.82000732421875,298.4700012207031,274.5234680175781,4314475
2021-12-09,300.0,301.8999938964844,297.3599853515625,298.80999755859375,274.8361511230469,2145005
2021-12-10,300.0,303.4100036621094,295.1099853515625,300.8699951171875,276.73089599609375,2745385
2021-12-13,304.0,306.3500061035156,281.82000732421875,295.1300048828125,271.4514465332031,9169260
2021-12-14,292.20001220703125,292.7300109863281,274.010009765625,276.82000732421875,254.6104278564453,9079580
2021-12-15,277.20001220703125,278.1300048828125,270.0,271.57000732421875,249.78172302246094,4271675
2021-12-16,274.2799987792969,276.54998779296875,265.20001220703125,266.3599853515625,244.9896697998047,6199315
2021-12-17,265.0,266.760009765625,253.14999389648438,254.74000549316406,234.30197143554688,5310545
2021-12-20,250.0,252.67999267578125,231.75999450683594,240.1199951171875,220.85494995117188,8903280
2021-12-21,245.0,245.0,233.2100067138672,234.75,215.91580200195312,6125145
2021-12-22,236.41000366210938,238.39999389648438,231.44000244140625,234.49000549316406,215.67665100097656,4092265
2021-12-23,236.39999389648438,243.97999572753906,235.72999572753906,242.05999755859375,222.63931274414062,6141175
2021-12-24,244.0,244.0,233.16000366210938,235.50999450683594,216.6148223876953,5577935
2021-12-27,235.50999450683594,245.60000610351562,234.22999572753906,243.74000549316406,224.18447875976562,8997655
2021-12-28,245.0,249.3699951171875,240.97999572753906,242.36000061035156,222.91522216796875,4005800
2021-12-29,243.25,244.99000549316406,240.4499969482422,242.3300018310547,222.8876495361328,5363660
2021-12-30,242.39999389648438,243.0,237.02000427246094,239.63999938964844,220.41346740722656,4008980
2021-12-31,240.94000244140625,246.3000030517578,240.3800048828125,243.39999389648438,223.87179565429688,5290815
2022-01-03,244.36000061035156,251.63999938964844,243.50999450683594,250.14999389648438,230.08021545410156,2860025
2022-01-04,251.39999389648438,255.24000549316406,246.25,250.58999633789062,230.48497009277344,6387390
2022-01-05,250.58999633789062,255.35000610351562,249.0,249.9600067138672,229.90550231933594,4206620
2022-01-06,249.8000030517578,249.8000030517578,241.8000030517578,243.25999450683594,223.74301147460938,4892065
2022-01-07,243.24000549316406,246.27000427246094,240.77999877929688,243.10000610351562,223.59585571289062,4311580
2022-01-10,244.02000427246094,248.60000610351562,241.63999938964844,244.5800018310547,224.95709228515625,4850740
2022-01-11,244.5,246.36000061035156,241.60000610351562,244.72000122070312,225.0858917236328,3000215
2022-01-12,245.22000122070312,249.8000030517578,244.8000030517578,249.0500030517578,229.06851196289062,6283615
2022-01-13,250.75999450683594,251.39999389648438,246.8000030517578,249.49000549316406,229.4731903076172,3167295
2022-01-14,248.10000610351562,252.9600067138672,245.82000732421875,248.05999755859375,228.15792846679688,4270915
2022-01-17,248.39999389648438,250.97999572753906,247.3800048828125,247.80999755859375,227.927978515625,2446195
2022-01-18,247.0,253.39999389648438,237.25,240.77999877929688,221.46200561523438,7134135
2022-01-19,241.0,241.3000030517578,234.19000244140625,239.05999755859375,219.8800048828125,5312500
2022-01-20,239.60000610351562,246.85000610351562,239.41000366210938,244.19000244140625,224.59841918945312,6465015
2022-01-21,242.8000030517578,244.75999450683594,237.0,239.6999969482422,220.46864318847656,5834040
2022-01-24,239.02000427246094,240.60000610351562,228.17999267578125,230.9199981689453,212.39306640625,9353860
2022-01-25,228.0,240.55999755859375,220.63999938964844,233.33999633789062,214.61891174316406,10473610
2022-01-27,235.99000549316406,249.52999877929688,234.02000427246094,248.22000122070312,228.3050537109375,14742195
2022-01-28,250.0,259.9700012207031,247.2100067138672,248.57000732421875,228.62701416015625,9290465
2022-01-31,251.8000030517578,254.39999389648438,245.0,245.67999267578125,225.96885681152344,4867125
2022-02-01,249.72000122070312,258.0,246.91000366210938,256.04998779296875,235.5068817138672,5528990
2022-02-02,258.20001220703125,260.8699951171875,254.1999969482422,256.760009765625,236.15994262695312,4547020
2022-02-03,257.3999938964844,257.3999938964844,251.0,252.63999938964844,232.37045288085938,2367305
2022-02-04,252.0,253.52000427246094,245.80999755859375,246.63999938964844,226.85183715820312,2633985
2022-02-07,247.0,250.1999969482422,242.1999969482422,243.75999450683594,224.20291137695312,2030295
2022-02-08,245.1199951171875,249.07000732421875,241.3300018310547,248.0500030517578,228.14871215820312,3807905
2022-02-09,248.0,250.8000030517578,246.60000610351562,249.02999877929688,229.05007934570312,2220130
2022-02-10,249.0,255.0,246.4199981689453,253.1199951171875,232.81192016601562,3166790
2022-02-11,250.60000610351562,252.8000030517578,245.63999938964844,247.11000061035156,227.2841339111328,2919870
2022-02-14,241.1999969482422,241.1999969482422,230.72000122070312,232.1699981689453,213.54278564453125,6578230
2022-02-15,234.1999969482422,244.17999267578125,228.6300048828125,241.60000610351562,222.21621704101562,4886570
2022-02-16,244.80999755859375,254.8800048828125,243.22000122070312,244.1199951171875,224.53399658203125,9347585
2022-02-17,246.39999389648438,256.4700012207031,245.8800048828125,255.49000549316406,234.99179077148438,11096160
2022-02-18,253.8000030517578,258.3900146484375,250.0800018310547,251.6199951171875,231.43228149414062,6084335
2022-02-21,248.8000030517578,250.50999450683594,242.02000427246094,244.0399932861328,224.46044921875,4546015
2022-02-22,240.0,243.1999969482422,235.27000427246094,240.83999633789062,221.51715087890625,4408165
2022-02-23,243.60000610351562,244.36000061035156,234.30999755859375,235.02000427246094,216.1641387939453,4670295
2022-02-24,228.0,230.88999938964844,212.0,213.72000122070312,196.57305908203125,7525505
2022-02-25,223.1199951171875,231.8800048828125,220.4499969482422,225.5,207.40792846679688,9287685
2022-02-28,221.8000030517578,225.60000610351562,216.1999969482422,224.83999633789062,206.80087280273438,6854355
2022-03-02,220.60000610351562,229.4600067138672,213.1999969482422,219.11000061035156,201.53060913085938,8430100
2022-03-03,223.39999389648438,227.1999969482422,218.8000030517578,221.08999633789062,203.3517303466797,5518095
2022-03-04,219.8000030517578,223.3000030517578,216.1999969482422,217.8300018310547,200.35328674316406,5340955
2022-03-07,211.0,211.97000122070312,203.25999450683594,204.25999450683594,187.8720245361328,4901560
2022-03-08,203.1999969482422,209.9600067138672,200.39999389648438,208.32000732421875,191.6062774658203,12217785
2022-03-09,212.24000549316406,214.47000122070312,208.24000549316406,212.3699951171875,195.33132934570312,6415045
2022-03-10,219.60000610351562,220.0,211.02000427246094,215.89999389648438,198.57814025878906,8349665
2022-03-11,211.66000366210938,218.91000366210938,211.3000030517578,218.19000244140625,202.9403533935547,5890485
2022-03-14,218.99000549316406,223.1999969482422,215.52000427246094,222.5399932861328,206.98631286621094,6630425
2022-03-15,223.0,227.39999389648438,216.0,218.02999877929688,202.79153442382812,7772955
2022-03-16,221.74000549316406,226.0,219.0399932861328,221.89999389648438,206.39105224609375,7527250
2022-03-17,225.0,228.8800048828125,224.1300048828125,225.91000366210938,210.12078857421875,5977670
2022-03-21,226.11000061035156,228.27999877929688,216.9600067138672,217.27999877929688,202.09393310546875,6308350
2022-03-22,216.39999389648438,221.0,213.1999969482422,219.6300048828125,204.27972412109375,8069535
2022-03-23,220.60000610351562,222.0,217.6199951171875,219.24000549316406,203.9169921875,4335075
2022-03-24,218.7899932861328,220.32000732421875,217.32000732421875,218.47999572753906,203.2100830078125,3329035
2022-03-25,219.97000122070312,222.47999572753906,217.2100067138672,220.60000610351562,205.18191528320312,3234280
2022-03-28,221.6999969482422,224.11000061035156,216.75,223.11000061035156,207.5164794921875,7168470
2022-03-29,223.11000061035156,225.39999389648438,219.8000030517578,224.67999267578125,208.9767303466797,6632010
2022-03-30,225.39999389648438,227.75999450683594,223.8000030517578,224.88999938964844,209.17210388183594,2494090
2022-03-31,225.39999389648438,228.8800048828125,223.8000030517578,226.97000122070312,211.10670471191406,4371685
2022-04-01,227.0,239.8000030517578,225.5800018310547,236.27000427246094,219.7567138671875,4473460
2022-04-04,236.8000030517578,238.0,234.0,235.8000030517578,219.31954956054688,2766255
2022-04-05,236.8000030517578,237.49000549316406,233.11000061035156,234.10000610351562,217.7383575439453,7478890
2022-04-06,231.8000030517578,236.0,231.00999450683594,233.41000366210938,217.0966339111328,5148520
2022-04-07,232.1999969482422,236.99000549316406,231.60000610351562,234.82000732421875,218.40806579589844,10215730
2022-04-08,237.8699951171875,242.6999969482422,233.36000061035156,241.44000244140625,224.5653839111328,12013760
2022-04-11,243.0,247.60000610351562,239.61000061035156,244.72000122070312,227.61611938476562,5541150
2022-04-12,244.99000549316406,244.99000549316406,234.02000427246094,236.17999267578125,219.67298889160156,5301495
2022-04-13,238.39999389648438,239.42999267578125,235.69000244140625,236.7899932861328,220.2403564453125,2337810
2022-04-18,232.39999389648438,234.9600067138672,224.22000122070312,232.85000610351562,216.57579040527344,7199895
2022-04-19,235.85000610351562,237.8000030517578,220.39999389648438,223.72000122070312,208.0838623046875,7289265
2022-04-20,222.5,226.75,218.41000366210938,222.85000610351562,207.274658203125,3195385
2022-04-21,224.8000030517578,230.7899932861328,223.6199951171875,230.1699981689453,214.08303833007812,3891400
2022-04-22,228.0,228.0,220.08999633789062,221.60000610351562,206.11203002929688,4432385
2022-04-25,219.0,220.8000030517578,215.27000427246094,219.32000732421875,203.9913787841797,5391300
2022-04-26,221.58999633789062,232.1999969482422,220.60000610351562,231.4499969482422,215.27359008789062,7799210
2022-04-27,228.39999389648438,233.33999633789062,226.8000030517578,228.25,212.2972412109375,5002305
2022-04-28,229.60000610351562,232.60000610351562,227.1199951171875,228.36000061035156,212.39955139160156,12255960
2022-04-29,238.8800048828125,247.8000030517578,234.8300018310547,240.41000366210938,223.60736083984375,30651345
2022-05-02,237.94000244140625,247.39999389648438,236.99000549316406,246.0500030517578,228.85317993164062,9994595
2022-05-04,246.39999389648438,251.49000549316406,226.22000122070312,229.77999877929688,213.72032165527344,9729470
2022-05-05,233.97999572753906,238.99000549316406,229.6300048828125,232.30999755859375,216.073486328125,5106630
2022-05-06,226.60000610351562,238.60000610351562,226.60000610351562,236.75999450683594,220.2124481201172,9524820
2022-05-09,235.60000610351562,235.60000610351562,227.1199951171875,231.39999389648438,215.22708129882812,7602625
2022-05-10,231.39999389648438,235.58999633789062,229.0,232.07000732421875,215.85028076171875,4513380
2022-05-11,231.0,232.8699951171875,219.44000244140625,224.0,208.3442840576172,8918120
2022-05-12,224.0,224.0,209.4199981689453,212.9499969482422,198.0666046142578,9397425
2022-05-13,216.39999389648438,218.97999572753906,209.52000427246094,212.32000732421875,197.48065185546875,8482405
2022-05-16,212.0,219.5,210.36000061035156,218.11000061035156,202.86595153808594,6833390
2022-05-17,219.39999389648438,224.16000366210938,216.39999389648438,221.75,206.25155639648438,4101275
2022-05-18,224.0,225.36000061035156,217.44000244140625,219.5399932861328,204.1959991455078,4296340
2022-05-19,213.8000030517578,217.32000732421875,212.8000030517578,215.6999969482422,200.62437438964844,8110880
2022-05-20,219.39999389648438,221.8000030517578,216.72000122070312,219.1999969482422,203.8797607421875,3296315
2022-05-23,220.0,229.5800018310547,220.0,227.3300018310547,211.44154357910156,6070490
2022-05-24,226.77000427246094,228.97999572753906,220.61000061035156,225.5500030517578,209.7859649658203,8069565
2022-05-25,227.1999969482422,229.27000427246094,220.5500030517578,223.44000244140625,207.82342529296875,5017540
2022-05-26,224.1999969482422,230.1999969482422,220.52000427246094,229.3300018310547,213.3017578125,3514895
2022-05-27,232.3000030517578,232.3000030517578,226.24000549316406,228.49000549316406,212.52047729492188,2271910
2022-05-30,231.39999389648438,237.0,228.3800048828125,234.3800048828125,217.99880981445312,4176795
2022-05-31,234.3800048828125,239.13999938964844,229.0,235.24000549316406,218.79869079589844,13941420
2022-06-01,235.0399932861328,240.0,233.1999969482422,236.99000549316406,220.4263916015625,5176220
2022-06-02,237.10000610351562,239.1999969482422,235.0500030517578,238.5800018310547,221.90528869628906,2790370
2022-06-03,239.10000610351562,239.58999633789062,233.6699981689453,235.6999969482422,219.22654724121094,5396720
2022-06-06,235.1999969482422,238.94000244140625,230.89999389648438,237.16000366210938,220.5845184326172,2524525
2022-06-07,234.30999755859375,236.66000366210938,228.50999450683594,235.86000061035156,219.3753662109375,4116090
2022-06-08,236.0,239.42999267578125,232.44000244140625,235.0500030517578,218.62197875976562,3753885
2022-06-09,233.60000610351562,234.52999877929688,231.0,233.55999755859375,217.23611450195312,4476645
2022-06-10,231.60000610351562,233.52000427246094,230.52999877929688,233.05999755859375,216.77105712890625,2121945
2022-06-13,229.0,231.97999572753906,223.10000610351562,226.77999877929688,210.9299774169922,4399480
2022-06-14,224.77999877929688,229.72000122070312,224.1999969482422,227.88999938964844,211.96240234375,3860780
2022-06-15,229.02000427246094,230.60000610351562,226.32000732421875,230.0,213.92494201660156,3345520
2022-06-16,231.60000610351562,235.0,224.72999572753906,228.5500030517578,212.5762939453125,6698850
2022-06-17,227.3000030517578,230.89999389648438,222.50999450683594,229.80999755859375,213.74822998046875,6730740
2022-06-20,230.0,232.3699951171875,223.2899932861328,227.77999877929688,211.86012268066406,4386785
2022-06-21,229.39999389648438,236.66000366210938,225.75999450683594,234.7899932861328,218.38015747070312,4280930
2022-06-22,233.5,239.8000030517578,233.00999450683594,234.32000732421875,217.94300842285156,4890975
2022-06-23,232.25,243.44000244140625,232.02000427246094,239.55999755859375,222.81675720214844,3954310
2022-06-24,242.08999633789062,251.14999389648438,240.60000610351562,249.05999755859375,231.65281677246094,4996020
2022-06-27,253.8000030517578,253.8000030517578,249.0800018310547,250.49000549316406,232.98284912109375,4127285
2022-06-28,248.60000610351562,252.69000244140625,247.86000061035156,250.2100067138672,232.722412109375,3527135
2022-06-29,248.0,251.9600067138672,243.60000610351562,244.82000732421875,227.70912170410156,2727410
2022-06-30,247.0,259.44000244140625,245.8300018310547,256.2699890136719,238.35888671875,9956150
2022-07-01,253.24000549316406,254.9600067138672,247.6999969482422,253.13999938964844,235.44764709472656,5358285
2022-07-04,250.1999969482422,257.82000732421875,250.0,252.97000122070312,235.28952026367188,2008615
2022-07-05,253.77000427246094,262.0899963378906,252.2100067138672,255.47999572753906,237.62408447265625,6272225
2022-07-06,254.6300048828125,259.260009765625,254.02000427246094,256.80999755859375,238.86111450195312,3157810
2022-07-07,256.0,264.30999755859375,251.60000610351562,261.6499938964844,243.3628387451172,4945940
2022-07-08,263.9599914550781,264.7099914550781,254.1999969482422,256.0899963378906,238.1914520263672,3652815
2022-07-11,255.1300048828125,256.0,248.02000427246094,251.22999572753906,233.67112731933594,3691540
2022-07-12,249.8000030517578,251.5,246.74000549316406,247.25999450683594,229.97862243652344,3442455
2022-07-13,248.82000732421875,254.97999572753906,248.07000732421875,253.77999877929688,236.04287719726562,3151325
2022-07-14,254.8000030517578,259.8900146484375,254.00999450683594,258.989990234375,240.88873291015625,3203265
2022-07-15,260.0,263.6000061035156,255.17999267578125,262.92999267578125,244.5533905029297,2703045
2022-07-18,266.3999938964844,283.7900085449219,264.6000061035156,279.4200134277344,259.8908996582031,5420345
2022-07-19,276.44000244140625,279.79998779296875,271.4700012207031,278.30999755859375,258.85845947265625,4993150
2022-07-20,282.0,286.25,280.30999755859375,281.6099853515625,261.9278259277344,4629925
2022-07-21,280.6000061035156,293.69000244140625,279.0799865722656,292.3800048828125,271.94512939453125,4855305
2022-07-22,293.3999938964844,299.9800109863281,291.29998779296875,299.2200012207031,278.3070068359375,4810415
2022-07-25,294.6000061035156,301.79998779296875,294.6000061035156,299.29998779296875,278.38140869140625,4721665
2022-07-26,299.20001220703125,301.7799987792969,294.739990234375,295.6700134277344,275.0051574707031,4102640
2022-07-27,292.20001220703125,294.79998779296875,287.0,290.1600036621094,269.8802795410156,6702695
2022-07-28,295.6000061035156,301.239990234375,288.6000061035156,292.19000244140625,271.76837158203125,8557735
2022-07-29,296.0,296.0,274.1000061035156,275.95001220703125,256.6634216308594,9296570
2022-08-01,276.0,279.6000061035156,272.2200012207031,274.9700012207031,255.75192260742188,4709025
2022-08-02,275.3999938964844,280.6700134277344,272.6300048828125,275.82000732421875,256.54248046875,4861880
2022-08-03,277.0,279.2900085449219,269.6199951171875,272.04998779296875,253.03598022460938,3733035
2022-08-04,275.3999938964844,275.3999938964844,266.7099914550781,271.9800109863281,252.97093200683594,4646770
2022-08-05,273.92999267578125,275.760009765625,270.80999755859375,272.489990234375,253.44522094726562,3153135
2022-08-08,274.0,280.79998779296875,271.20001220703125,278.45001220703125,258.98870849609375,4775785
2022-08-10,279.0,281.9200134277344,277.0400085449219,279.2799987792969,259.76068115234375,4003980
2022-08-11,281.1300048828125,285.05999755859375,278.239990234375,281.2099914550781,261.5557556152344,5658525
2022-08-12,281.20001220703125,281.2099914550781,272.510009765625,273.5899963378906,254.4683074951172,5225265
2022-08-16,273.0,277.3999938964844,270.55999755859375,272.94000244140625,253.86378479003906,6555990
2022-08-17,272.79998779296875,273.79998779296875,270.20001220703125,271.1099853515625,252.1616973876953,6599875
2022-08-18,270.04998779296875,273.04998779296875,265.4100036621094,269.69000244140625,250.84092712402344,4383855
2022-08-19,270.010009765625,272.9800109863281,268.0,269.3699951171875,250.5432891845703,3815695
2022-08-22,272.9700012207031,272.9700012207031,261.0,262.57000732421875,244.2185516357422,4246725
2022-08-23,261.0899963378906,271.32000732421875,259.6400146484375,267.32000732421875,248.6365966796875,4383165
2022-08-24,269.20001220703125,269.94000244140625,265.4200134277344,268.6099853515625,249.83642578125,2029850
2022-08-25,269.79998779296875,272.739990234375,264.0,264.94000244140625,246.4229278564453,3292195
2022-08-26,267.0,269.489990234375,264.8299865722656,266.6700134277344,248.0320281982422,2107620
2022-08-29,260.45001220703125,266.3599853515625,260.0,264.9800109863281,246.4601287841797,2128080
2022-08-30,266.3999938964844,271.80999755859375,266.0899963378906,270.92999267578125,251.9942626953125,5142225
2022-09-01,268.3999938964844,271.6000061035156,264.6000061035156,265.8500061035156,247.2693328857422,2217970
2022-09-02,268.0,268.0,261.32000732421875,261.7200012207031,243.42799377441406,2321585
2022-09-05,264.17999267578125,267.6000061035156,262.010009765625,264.1600036621094,245.69741821289062,2988435
2022-09-06,266.760009765625,278.30999755859375,263.489990234375,276.95001220703125,257.5935974121094,8058715
2022-09-07,275.20001220703125,278.1700134277344,272.20001220703125,273.32000732421875,254.21722412109375,3464835
2022-09-08,274.79998779296875,277.17999267578125,271.20001220703125,272.2900085449219,253.25924682617188,3184610
2022-09-09,273.989990234375,275.0,264.0,264.82000732421875,246.31130981445312,3022760
2022-09-12,266.25,266.8699951171875,262.0,265.70001220703125,247.1298065185547,4745365
2022-09-13,267.0,270.0,264.7300109863281,266.5199890136719,247.8925323486328,3598305
2022-09-14,264.6700134277344,270.8900146484375,263.0199890136719,266.92999267578125,248.2738494873047,3689160
2022-09-15,268.2699890136719,274.79998779296875,262.6000061035156,265.19000244140625,246.6554718017578,4760095
2022-09-16,265.9599914550781,267.6000061035156,253.60000610351562,256.80999755859375,238.86111450195312,5117185
2022-09-19,257.3999938964844,261.6600036621094,256.0199890136719,257.3800048828125,239.3913116455078,1969205
2022-09-20,259.0400085449219,263.70001220703125,258.0,259.2200012207031,241.10269165039062,3808500
2022-09-21,259.95001220703125,261.989990234375,252.60000610351562,254.55999755859375,236.7683868408203,3779985
2022-09-22,252.60000610351562,255.1999969482422,248.25,251.44000244140625,233.86648559570312,4041540
2022-09-23,251.0,251.3800048828125,239.30999755859375,240.6300048828125,223.81198120117188,5578410
2022-09-26,238.22999572753906,240.44000244140625,229.64999389648438,234.99000549316406,218.56617736816406,3960710
2022-09-27,236.02000427246094,237.8300018310547,229.1999969482422,233.00999450683594,216.7245635986328,3060765
2022-09-28,231.9499969482422,238.6999969482422,231.0,234.97999572753906,218.55686950683594,7037355
2022-09-29,238.0,242.52999877929688,237.39999389648438,241.85000610351562,224.94674682617188,8863220
2022-09-30,240.0,244.5500030517578,237.8000030517578,239.50999450683594,222.770263671875,3689185
2022-10-03,240.0,243.39999389648438,231.52999877929688,233.92999267578125,217.5802764892578,3393565
2022-10-04,236.02000427246094,240.75,235.0800018310547,239.97000122070312,223.1981201171875,2886230
2022-10-06,242.16000366210938,243.60000610351562,238.39999389648438,239.5500030517578,222.80747985839844,4285510
2022-10-07,239.39999389648438,241.92999267578125,234.1199951171875,239.82000732421875,223.05860900878906,5047815
2022-10-10,236.7899932861328,238.5399932861328,232.8000030517578,235.5500030517578,219.0870361328125,3026365
2022-10-11,235.0,238.85000610351562,233.99000549316406,234.77000427246094,218.36155700683594,2086380
2022-10-12,235.9499969482422,243.57000732421875,234.3300018310547,242.39999389648438,225.45828247070312,2322665
2022-10-13,242.17999267578125,242.17999267578125,235.00999450683594,237.8000030517578,221.17977905273438,2016655
2022-10-14,240.0,243.16000366210938,236.07000732421875,236.77999877929688,220.23106384277344,3429520
2022-10-17,236.0399932861328,239.47000122070312,234.39999389648438,238.47999572753906,221.812255859375,1567175
2022-10-18,241.9600067138672,246.1699981689453,240.32000732421875,244.8300018310547,227.71844482421875,4394830
2022-10-19,245.0,246.8000030517578,241.02999877929688,242.91000366210938,225.93264770507812,1833905
2022-10-20,242.55999755859375,245.69000244140625,239.0,243.16000366210938,226.1651611328125,3339120
2022-10-21,245.0,246.5500030517578,236.67999267578125,239.5399932861328,222.7981719970703,5002910
2022-10-24,243.0,243.0,238.4199981689453,239.8000030517578,223.0399932861328,395760
2022-10-25,240.0,248.0,237.0399932861328,243.4199981689453,226.406982421875,4718435
2022-10-27,245.0,250.74000549316406,242.2100067138672,249.3800048828125,231.95042419433594,4543535
2022-10-28,250.6300048828125,256.7699890136719,248.80999755859375,254.94000244140625,237.12185668945312,2765695
2022-10-31,254.7899932861328,254.7899932861328,245.0,245.8300018310547,228.64854431152344,3104155
2022-11-01,246.3000030517578,247.25999450683594,240.60000610351562,241.5399932861328,224.6583709716797,6675575
2022-11-02,241.60000610351562,244.55999755859375,240.0,241.55999755859375,224.67698669433594,2733960
2022-11-03,240.39999389648438,248.6699981689453,239.1699981689453,248.0500030517578,230.71339416503906,3636250
2022-11-04,249.0,252.86000061035156,248.0800018310547,251.91000366210938,234.3036346435547,3337760
2022-11-07,252.8699951171875,258.79998779296875,251.33999633789062,257.8299865722656,239.80984497070312,2258285
2022-11-09,252.8000030517578,259.79998779296875,252.8000030517578,255.05999755859375,237.23345947265625,1989790
2022-11-10,253.9600067138672,258.0,247.49000549316406,249.02999877929688,231.62489318847656,3089160
2022-11-11,250.39999389648438,257.3999938964844,250.39999389648438,255.35000610351562,237.50320434570312,2488040
2022-11-14,255.97999572753906,257.1000061035156,251.0800018310547,253.14999389648438,235.45693969726562,1655990
2022-11-15,253.99000549316406,254.02000427246094,249.2100067138672,250.5399932861328,233.0293731689453,1474635
2022-11-16,250.39999389648438,250.9600067138672,245.05999755859375,246.72999572753906,229.48562622070312,2486780
2022-11-17,246.39999389648438,261.9599914550781,246.39999389648438,255.1300048828125,237.298583984375,10895855
2022-11-18,255.10000610351562,256.8900146484375,248.39999389648438,250.25,232.7596435546875,5665580
2022-11-21,250.49000549316406,261.0,248.60000610351562,260.0299987792969,241.85610961914062,11427320
2022-11-22,260.989990234375,270.989990234375,258.20001220703125,269.29998779296875,250.47813415527344,9851655
2022-11-23,270.0,272.5899963378906,265.04998779296875,266.8500061035156,248.199462890625,6956495
2022-11-24,268.19000244140625,268.19000244140625,261.0,262.3399963378906,244.004638671875,3504165
2022-11-25,263.0,264.3999938964844,255.0399932861328,256.0299987792969,238.1356658935547,4325525
2022-11-28,254.8000030517578,258.9599914550781,249.39999389648438,252.9499969482422,235.2709197998047,22810780
2022-11-29,250.5500030517578,256.20001220703125,250.3000030517578,254.05999755859375,236.30332946777344,8742450
2022-11-30,254.49000549316406,275.0,254.39999389648438,270.0,251.12924194335938,11378515
2022-12-01,269.2900085449219,269.2900085449219,255.39999389648438,257.3699951171875,239.3820037841797,8011285
2022-12-02,257.3299865722656,259.6400146484375,253.60000610351562,258.07000732421875,240.03309631347656,5168550
2022-12-05,259.20001220703125,260.0,255.8000030517578,258.9700012207031,240.8701629638672,4417660
2022-12-06,259.0,267.79998779296875,258.0400085449219,265.30999755859375,246.76705932617188,10171880
2022-12-07,265.6000061035156,273.3500061035156,265.3999938964844,267.0400085449219,248.3761749267578,6943485
2022-12-08,266.9800109863281,271.0,265.0,267.6400146484375,248.93421936035156,2846375
2022-12-09,269.67999267578125,270.82000732421875,263.2900085449219,268.80999755859375,250.0224609375,3202765
2022-12-12,268.0,275.19000244140625,265.6499938964844,272.7099914550781,253.6498565673828,5938835
2022-12-13,272.20001220703125,274.19000244140625,268.0,273.1700134277344,254.07777404785156,1977965
2022-12-14,273.19000244140625,276.0,271.0799865722656,275.7099914550781,256.4402160644531,4138030
2022-12-15,275.0799865722656,280.8399963378906,274.010009765625,278.6400146484375,259.1653747558594,3778060
2022-12-16,275.3999938964844,280.79998779296875,267.6199951171875,274.0899963378906,254.9334259033203,9071230
2022-12-19,274.7900085449219,277.3699951171875,272.3999938964844,274.45001220703125,255.268310546875,3297195
2022-12-20,273.9800109863281,279.79998779296875,270.4800109863281,277.8500061035156,258.43060302734375,2851545
2022-12-21,277.3599853515625,283.8999938964844,272.04998779296875,273.8800048828125,254.73809814453125,4286630
2022-12-22,275.0,277.3999938964844,265.6700134277344,267.8800048828125,249.157470703125,1549960
2022-12-23,265.3900146484375,265.3900146484375,258.1199951171875,260.29998779296875,242.10720825195312,1564975
2022-12-26,260.30999755859375,273.3999938964844,259.010009765625,270.2300109863281,251.3432159423828,1606850
2022-12-27,272.3999938964844,278.0,265.9100036621094,275.7799987792969,256.5052795410156,2420365
2022-12-28,272.7099914550781,279.3999938964844,270.5,277.7200012207031,258.3096923828125,2201075
2022-12-29,269.79998779296875,269.79998779296875,250.27000427246094,262.45001220703125,244.10696411132812,19945730
2022-12-30,266.0,276.9599914550781,265.0299987792969,275.3800048828125,256.1332702636719,7329350
2023-01-02,276.20001220703125,278.0,272.3999938964844,277.1600036621094,257.788818359375,2184945
2023-01-03,273.760009765625,275.3900146484375,267.1199951171875,269.92999267578125,253.81146240234375,2678225
2023-01-04,269.6000061035156,270.5799865722656,263.57000732421875,265.6700134277344,249.80581665039062,2709675
2023-01-05,267.19000244140625,268.0,262.25,263.9800109863281,248.21676635742188,2309935
2023-01-06,264.9800109863281,265.1499938964844,257.3999938964844,258.92999267578125,243.46826171875,1599915
2023-01-09,260.0,264.94000244140625,259.8999938964844,263.7200012207031,247.97230529785156,2348255
2023-01-10,264.5299987792969,267.5199890136719,263.7200012207031,266.7799987792969,250.8495330810547,2849300
2023-01-11,266.79998779296875,268.7699890136719,263.82000732421875,266.8999938964844,250.96234130859375,1445245
2023-01-12,268.29998779296875,268.45001220703125,261.0400085449219,262.5299987792969,246.85330200195312,2259350
2023-01-13,262.0,262.6000061035156,253.52000427246094,256.6400146484375,241.31504821777344,4597480
2023-01-16,257.79998779296875,260.30999755859375,253.8000030517578,254.5399932861328,239.34042358398438,2549280
2023-01-17,255.5500030517578,256.1300048828125,252.5800018310547,254.3300018310547,239.1429901123047,3167635
2023-01-18,255.60000610351562,258.3500061035156,251.22999572753906,256.79998779296875,241.46546936035156,2375830
2023-01-19,256.79998779296875,259.4700012207031,254.4600067138672,258.9599914550781,243.4965057373047,2489795
2023-01-20,258.79998779296875,258.79998779296875,253.27999877929688,255.4600067138672,240.2054901123047,1984570
2023-01-23,256.4200134277344,259.3900146484375,254.97999572753906,256.9200134277344,241.5783233642578,1269830
2023-01-24,257.5799865722656,258.55999755859375,252.60000610351562,253.05999755859375,237.94879150390625,1061495
2023-01-25,253.7100067138672,254.1300048828125,246.0,250.83999633789062,235.8613739013672,2130930
2023-01-27,251.0,256.79998779296875,246.00999450683594,248.2100067138672,233.38844299316406,2410525
2023-01-30,247.8000030517578,252.97999572753906,245.47999572753906,248.77000427246094,233.91497802734375,5905675
2023-01-31,249.52000427246094,259.0799865722656,246.67999267578125,257.32000732421875,241.95443725585938,6053500
2023-02-01,265.6000061035156,273.3800048828125,255.63999938964844,259.4700012207031,243.97605895996094,7936630
2023-02-02,258.5799865722656,259.9200134277344,250.60000610351562,252.89999389648438,237.79835510253906,2552580
2023-02-03,254.24000549316406,256.8399963378906,250.0,255.80999755859375,240.53460693359375,2600590
2023-02-06,252.0,259.5199890136719,252.0,258.7300109863281,243.28024291992188,2088355
2023-02-07,258.7799987792969,260.6000061035156,255.8000030517578,258.260009765625,242.8383026123047,1940780
2023-02-08,259.55999755859375,262.1600036621094,258.010009765625,261.5299987792969,245.9130401611328,1715770
2023-02-09,261.70001220703125,263.489990234375,259.7099914550781,263.010009765625,247.3046417236328,1437655
2023-02-10,264.0,264.0,253.5399932861328,255.72000122070312,240.449951171875,3358630
2023-02-13,255.72000122070312,256.94000244140625,250.60000610351562,251.22000122070312,236.21868896484375,1789390
2023-02-14,252.39999389648438,254.89999389648438,249.97999572753906,254.0399932861328,238.87026977539062,1050085
2023-02-15,253.10000610351562,255.5800018310547,251.39999389648438,254.5399932861328,239.34042358398438,1236070
2023-02-16,256.3999938964844,256.4599914550781,249.27000427246094,251.74000549316406,236.7076416015625,3304915
2023-02-17,249.97999572753906,252.25999450683594,246.10000610351562,246.82000732421875,232.0814208984375,2077315
2023-02-20,251.75999450683594,251.75999450683594,246.83999633789062,247.44000244140625,232.66439819335938,2309105
2023-02-21,249.39999389648438,250.52999877929688,242.1999969482422,242.99000549316406,228.4801483154297,2163550
2023-02-22,242.1999969482422,244.25999450683594,239.02000427246094,241.61000061035156,227.18252563476562,3253235
2023-02-23,241.99000549316406,243.0500030517578,239.02000427246094,240.05999755859375,225.72509765625,1641205
2023-02-24,240.55999755859375,244.39999389648438,240.17999267578125,243.69000244140625,229.13832092285156,2464105
2023-02-27,243.69000244140625,244.1199951171875,238.39999389648438,240.5800018310547,226.21405029296875,1437525
2023-02-28,241.0,242.52999877929688,238.0,240.6699981689453,226.29867553710938,13260610
2023-03-01,241.39999389648438,246.2899932861328,241.0,244.3300018310547,229.74012756347656,2913235
2023-03-02,244.60000610351562,244.97999572753906,238.60000610351562,241.9199981689453,227.4739990234375,2720640
2023-03-03,243.1300048828125,245.8000030517578,242.07000732421875,243.3800048828125,228.8468475341797,1836725
2023-03-06,244.0,249.80999755859375,244.0,249.3699951171875,234.4791259765625,3145920
2023-03-08,249.0,258.9800109863281,244.22000122070312,254.08999633789062,238.91729736328125,51702925
2023-03-09,255.99000549316406,262.94000244140625,255.0,258.0799865722656,242.66905212402344,8022010
2023-03-10,256.989990234375,257.0,251.69000244140625,253.92999267578125,238.766845703125,1446625
2023-03-13,254.14999389648438,256.7699890136719,250.33999633789062,251.61000061035156,236.5853729248047,3683830
2023-03-14,250.2100067138672,251.60000610351562,244.60000610351562,247.8000030517578,233.00289916992188,3141790
2023-03-15,250.1999969482422,250.80999755859375,245.0800018310547,245.91000366210938,231.2257537841797,1987050
2023-03-16,246.39999389648438,252.1699981689453,245.74000549316406,250.0399932861328,235.10916137695312,3988570
2023-03-17,251.3000030517578,253.58999633789062,247.36000061035156,249.1999969482422,234.31930541992188,4182610
2023-03-20,254.97999572753906,254.97999572753906,240.7100067138672,243.94000244140625,229.37342834472656,3402415
2023-03-21,246.67999267578125,257.7300109863281,243.6199951171875,252.10000610351562,237.046142578125,5079360
2023-03-22,252.38999938964844,252.9600067138672,248.33999633789062,249.22999572753906,234.34750366210938,1814750
2023-03-23,248.39999389648438,252.8300018310547,246.8000030517578,252.11000061035156,237.05555725097656,2141185
2023-03-24,250.86000061035156,251.86000061035156,245.0,246.63999938964844,231.91217041015625,4290270
2023-03-27,246.39999389648438,246.60000610351562,241.1300048828125,241.8800048828125,227.43641662597656,1948390
2023-03-28,242.2100067138672,246.86000061035156,240.42999267578125,245.17999267578125,230.53936767578125,2605125
2023-03-29,245.17999267578125,252.0,244.3000030517578,250.36000061035156,235.41004943847656,1649135
2023-03-31,250.60000610351562,256.3800048828125,250.60000610351562,251.8800048828125,236.8392791748047,4489935
2023-04-03,253.1999969482422,258.20001220703125,253.1999969482422,257.2900085449219,241.9262237548828,2297460
2023-04-05,256.20001220703125,258.8399963378906,254.88999938964844,257.80999755859375,242.41517639160156,1710530
2023-04-06,257.20001220703125,261.3999938964844,256.0299987792969,260.7699890136719,245.19837951660156,1428390
2023-04-10,260.7699890136719,261.3999938964844,257.010009765625,260.95001220703125,245.36769104003906,630385
2023-04-11,260.95001220703125,262.0,255.39999389648438,259.05999755859375,243.5904998779297,2316150
2023-04-12,259.79998779296875,262.3999938964844,257.7099914550781,261.79998779296875,246.16690063476562,2680600
2023-04-13,261.7900085449219,261.7900085449219,258.3999938964844,259.32000732421875,243.8350067138672,774615
2023-04-17,260.0,265.3999938964844,259.17999267578125,264.2699890136719,248.4893798828125,2927410
2023-04-18,265.45001220703125,269.0,263.79998779296875,267.8399963378906,251.84625244140625,2602290
2023-04-19,269.4700012207031,273.9800109863281,267.510009765625,273.30999755859375,256.9895935058594,2649705
2023-04-20,274.010009765625,274.7099914550781,267.1700134277344,267.8699951171875,251.8744354248047,1972785
2023-04-21,271.0799865722656,272.3500061035156,268.2099914550781,271.7699890136719,255.5415496826172,1533610
2023-04-24,272.20001220703125,282.3599853515625,271.239990234375,278.5199890136719,261.8884582519531,3484290
2023-04-25,279.94000244140625,293.8599853515625,279.0199890136719,286.54998779296875,269.43896484375,11463135
2023-04-26,287.9700012207031,287.9700012207031,276.3999938964844,281.2300109863281,264.4366760253906,4680385
2023-04-27,280.0,282.3999938964844,276.3999938964844,281.1099853515625,264.3238525390625,5355815
2023-04-28,270.0,273.0,261.79998779296875,266.5199890136719,250.60508728027344,15378245
2023-05-02,269.7799987792969,270.6600036621094,264.3299865722656,265.05999755859375,249.2322540283203,4445290
2023-05-03,264.6099853515625,267.1400146484375,263.25,263.80999755859375,248.05685424804688,2404405
2023-05-04,265.20001220703125,266.20001220703125,263.20001220703125,265.5400085449219,249.68356323242188,2605540
2023-05-05,265.6000061035156,269.4700012207031,263.25,263.7699890136719,248.01925659179688,1867575
2023-05-08,265.79998779296875,271.0,263.7699890136719,269.5799865722656,253.48231506347656,3146345
2023-05-09,271.739990234375,280.0,269.1400146484375,269.6499938964844,253.54818725585938,4717955
2023-05-10,272.20001220703125,272.20001220703125,266.1000061035156,270.6099853515625,254.45082092285156,2721495
2023-05-11,270.2200012207031,273.9800109863281,268.010009765625,272.8599853515625,256.56646728515625,1675840
2023-05-12,272.989990234375,274.92999267578125,268.20001220703125,269.95001220703125,253.8302459716797,1868500
2023-05-15,270.6000061035156,273.5199890136719,267.2099914550781,268.1199951171875,252.1095428466797,3314115
2023-05-16,270.0,272.05999755859375,265.0,265.7200012207031,249.85284423828125,5037130
2023-05-17,265.79998779296875,270.1199951171875,265.0199890136719,268.8399963378906,252.78651428222656,1876620
2023-05-18,270.489990234375,271.3999938964844,265.8900146484375,269.2200012207031,253.1438446044922,3189190
2023-05-19,271.3800048828125,271.3800048828125,266.6000061035156,267.8599853515625,251.8650360107422,3457825
2023-05-22,267.20001220703125,267.5799865722656,261.20001220703125,263.8599853515625,248.10389709472656,3724060
2023-05-23,264.7900085449219,276.07000732421875,264.07000732421875,272.6600036621094,256.3783874511719,3621815
2023-05-24,272.5400085449219,278.0,271.239990234375,273.92999267578125,257.57257080078125,4991420
2023-05-25,273.92999267578125,277.6000061035156,271.6700134277344,275.07000732421875,258.64453125,2376370
2023-05-26,275.07000732421875,277.2300109863281,273.0,276.7200012207031,260.196044921875,2622815
2023-05-29,277.6000061035156,284.67999267578125,276.7200012207031,281.760009765625,264.9350891113281,5878845
2023-05-30,282.29998779296875,284.239990234375,281.1400146484375,283.3599853515625,266.4394836425781,3948785
2023-05-31,283.5299987792969,283.9800109863281,278.2799987792969,279.95001220703125,263.2331237792969,6080605
2023-06-01,279.95001220703125,283.70001220703125,279.95001220703125,282.04998779296875,265.2076721191406,2902875
2023-06-02,283.07000732421875,284.8399963378906,280.8399963378906,282.6700134277344,265.7906799316406,3680045
2023-06-05,284.20001220703125,285.42999267578125,279.5299987792969,280.19000244140625,263.4587707519531,2510040
2023-06-06,281.489990234375,283.95001220703125,277.1499938964844,281.7799987792969,264.95379638671875,1777200
2023-06-07,280.0,285.20001220703125,278.0,281.6700134277344,264.8504638671875,3799040
2023-06-08,282.6000061035156,289.79998779296875,280.0,282.19000244140625,265.33929443359375,4030580
2023-06-09,282.0,287.760009765625,281.79998779296875,283.44000244140625,266.5147399902344,2435880
2023-06-12,285.0,292.25,283.3999938964844,290.4700012207031,273.1248779296875,2951100
2023-06-13,291.6199951171875,292.20001220703125,287.0,288.67999267578125,271.4418029785156,3300860
2023-06-14,290.0,290.0,280.45001220703125,281.55999755859375,264.7469787597656,3617290
2023-06-15,282.79998779296875,284.0,280.79998779296875,282.8399963378906,265.9505615234375,2747890
2023-06-16,281.29998779296875,282.20001220703125,278.0199890136719,280.29998779296875,267.3430480957031,6897545
2023-06-19,294.6000061035156,300.17999267578125,290.55999755859375,293.9700012207031,280.3811340332031,15970295
2023-06-20,294.0,314.5400085449219,291.2099914550781,311.92999267578125,297.5109558105469,13814600
2023-06-21,343.1199951171875,358.7099914550781,335.0,346.8699951171875,330.8358154296875,67327115
2023-06-22,353.0,353.0,338.3399963378906,343.75,327.86004638671875,20695285
2023-06-23,338.6099853515625,341.7099914550781,328.3699951171875,335.3299865722656,319.8292541503906,26775580
2023-06-26,333.739990234375,342.69000244140625,328.45001220703125,340.6700134277344,324.92242431640625,9027690
2023-06-27,340.79998779296875,345.7099914550781,332.0,339.2300109863281,323.54901123046875,9250910
2023-06-28,342.0,343.6700134277344,337.8299865722656,340.20001220703125,324.47418212890625,9058510
2023-06-30,340.2200012207031,353.3900146484375,339.55999755859375,347.0400085449219,330.99798583984375,13348225
2023-07-03,350.5400085449219,355.5799865722656,348.6199951171875,351.5899963378906,335.337646484375,7848930
2023-07-04,354.3999938964844,358.6400146484375,348.0,355.5400085449219,339.1050720214844,8948575
2023-07-05,355.6000061035156,365.6000061035156,353.7799987792969,360.45001220703125,343.7880859375,13158105
2023-07-06,360.32000732421875,360.32000732421875,353.45001220703125,354.2699890136719,337.8937683105469,4616375
2023-07-07,355.0,355.79998779296875,342.3999938964844,343.7200012207031,327.8314208984375,6705130
2023-07-10,345.7900085449219,346.0799865722656,340.7699890136719,344.6400146484375,328.70892333984375,6425075
2023-07-11,345.9800109863281,355.510009765625,345.2300109863281,352.1400146484375,335.8622741699219,6085610
2023-07-12,352.0199890136719,363.5899963378906,351.94000244140625,361.1000061035156,344.40802001953125,6537300
2023-07-13,363.5,365.8399963378906,356.6000061035156,357.79998779296875,341.26055908203125,6218315
2023-07-14,360.0,362.2699890136719,354.5299987792969,356.7799987792969,340.2877502441406,4492200
2023-07-17,357.2200012207031,358.4100036621094,351.0400085449219,353.8999938964844,337.54083251953125,4223875
2023-07-18,355.760009765625,360.239990234375,354.0,356.8299865722656,340.33538818359375,7805875
2023-07-19,356.79998779296875,358.94000244140625,354.55999755859375,357.1499938964844,340.640625,5968125
2023-07-20,357.0,359.70001220703125,355.6000061035156,356.57000732421875,340.0874328613281,2878425
2023-07-21,355.69000244140625,373.6300048828125,355.0,366.29998779296875,349.36767578125,15551270
2023-07-24,368.1600036621094,369.5899963378906,356.0,359.260009765625,342.6531066894531,30150490
2023-07-25,366.17999267578125,366.19000244140625,359.20001220703125,364.70001220703125,347.8416442871094,7020285
2023-07-26,365.20001220703125,367.0799865722656,361.739990234375,363.8299865722656,347.0118408203125,3995010
2023-07-27,367.6000061035156,369.82000732421875,357.30999755859375,362.3299865722656,345.5811462402344,11626560
2023-07-28,365.2099914550781,367.6600036621094,358.0,363.57000732421875,346.7638854980469,5905730
2023-07-31,366.2900085449219,379.6000061035156,363.6099853515625,378.6300048828125,361.12774658203125,7778860
2023-08-01,378.6300048828125,380.20001220703125,369.0,370.739990234375,353.6024169921875,5345210
2023-08-02,372.0,373.25,360.3299865722656,366.6300048828125,349.68243408203125,7630985
2023-08-03,365.79998779296875,367.7200012207031,358.29998779296875,363.69000244140625,346.8783264160156,3816705
2023-08-04,365.0,368.739990234375,360.4100036621094,367.3999938964844,350.41680908203125,5455600
2023-08-07,368.17999267578125,372.0,366.6300048828125,370.9599914550781,353.8122863769531,4926185
2023-08-08,370.9800109863281,374.95001220703125,368.0,372.2799987792969,355.07122802734375,9859755
2023-08-09,374.6000061035156,375.17999267578125,368.0,369.7799987792969,352.6867980957031,6340300
2023-08-10,370.92999267578125,374.7799987792969,368.0,370.1400146484375,353.03021240234375,5397960
2023-08-11,370.0,370.010009765625,360.82000732421875,361.5899963378906,344.8753967285156,5133290
2023-08-14,361.5899963378906,363.8599853515625,354.9100036621094,362.7099914550781,345.9436340332031,4598320
2023-08-16,362.760009765625,363.3299865722656,352.0199890136719,359.20001220703125,342.5958557128906,9040420
2023-08-17,362.3900146484375,374.0,362.3900146484375,368.8800048828125,351.8283996582031,6805160
2023-08-18,370.3999938964844,370.3999938964844,361.6099853515625,364.0899963378906,347.25982666015625,4286650
2023-08-21,364.0,371.0,362.92999267578125,368.6499938964844,351.6089782714844,6865250
2023-08-22,370.7900085449219,370.7900085449219,366.1400146484375,369.010009765625,351.9524230957031,4892080
2023-08-23,369.79998779296875,371.2699890136719,364.2300109863281,370.44000244140625,353.3162841796875,2475480
2023-08-24,371.0,386.3500061035156,371.0,375.1000061035156,357.76092529296875,8085270
2023-08-25,373.0,375.94000244140625,367.3999938964844,372.8299865722656,355.5958557128906,4806385
2023-08-28,373.989990234375,374.19000244140625,369.2300109863281,372.3699951171875,355.1570739746094,4670145
2023-08-29,373.3999938964844,375.6000061035156,369.3599853515625,374.45001220703125,357.1408996582031,2919905
2023-08-30,374.3999938964844,384.0,373.55999755859375,376.82000732421875,359.40142822265625,3644915
2023-08-31,379.0,387.79998779296875,377.82000732421875,385.6600036621094,367.83270263671875,12639870
2023-09-01,386.0,387.19000244140625,381.3699951171875,382.4100036621094,364.7330322265625,3756035
2023-09-04,383.3999938964844,389.0,377.8500061035156,378.7799987792969,361.2707824707031,7899565
2023-09-05,380.760009765625,385.989990234375,376.0400085449219,382.70001220703125,365.00958251953125,6793595
2023-09-06,383.9800109863281,385.3999938964844,376.3999938964844,378.5199890136719,361.02276611328125,6908360
2023-09-07,379.0,380.1600036621094,374.1300048828125,378.739990234375,361.23260498046875,6035475
2023-09-08,382.0,391.989990234375,380.55999755859375,390.7699890136719,372.70654296875,7287555
2023-09-11,394.3599853515625,394.3599853515625,387.6300048828125,391.44000244140625,373.3455810546875,6565460
2023-09-12,393.9700012207031,393.9700012207031,378.2699890136719,382.2300109863281,364.561279296875,6903070
2023-09-13,380.4100036621094,384.0,375.44000244140625,382.07000732421875,364.40869140625,6517920
2023-09-14,384.0,385.54998779296875,381.1199951171875,383.0799865722656,365.3719787597656,5225585
2023-09-15,385.5899963378906,386.7300109863281,381.20001220703125,384.45001220703125,366.6786804199219,6773145
2023-09-18,383.2300109863281,384.9200134277344,380.2900085449219,382.5,364.8188171386719,3166810
2023-09-20,380.0,389.0,378.5899963378906,383.5799865722656,365.8489074707031,4028295
2023-09-21,382.94000244140625,384.79998779296875,378.20001220703125,380.05999755859375,362.4915466308594,2504980
2023-09-22,380.05999755859375,385.94000244140625,376.20001220703125,378.19000244140625,360.70806884765625,2804785
2023-09-25,378.19000244140625,391.8699951171875,372.1300048828125,389.1099853515625,371.12322998046875,10327105
2023-09-26,388.3999938964844,388.6199951171875,374.20001220703125,376.9200134277344,359.4967956542969,5973300
2023-09-27,379.6000061035156,382.67999267578125,376.04998779296875,378.4800109863281,360.98468017578125,3216495
2023-09-28,381.8599853515625,382.4800109863281,371.2699890136719,374.2900085449219,356.9883728027344,21636670
2023-09-29,374.5400085449219,386.19000244140625,373.1199951171875,383.8699951171875,366.12548828125,6908925
2023-10-03,387.6000061035156,387.9800109863281,376.20001220703125,384.3900146484375,366.6214294433594,11039535
2023-10-04,381.79998779296875,383.989990234375,368.29998779296875,370.1199951171875,353.0110778808594,6700835
2023-10-05,370.3999938964844,374.5899963378906,364.6000061035156,367.5,350.51220703125,7397385
2023-10-06,370.19000244140625,372.6000061035156,367.0,369.7699890136719,352.67724609375,6311950
2023-10-09,368.010009765625,368.1700134277344,360.7300109863281,364.17999267578125,347.34564208984375,5354120
2023-10-10,368.0,379.3500061035156,363.0400085449219,378.57000732421875,361.07049560546875,8377560
2023-10-11,381.4100036621094,384.1000061035156,377.1099853515625,379.7200012207031,362.1673278808594,4561415
2023-10-12,381.7099914550781,381.7099914550781,375.0,375.6199951171875,358.2568359375,3313985
2023-10-13,374.9700012207031,377.3500061035156,374.0799865722656,376.19000244140625,358.800537109375,2983920
2023-10-16,376.19000244140625,377.0,371.1199951171875,373.510009765625,356.244384765625,2463960
2023-10-17,375.69000244140625,378.5799865722656,374.3999938964844,377.69000244140625,360.231201171875,3378270
2023-10-18,377.67999267578125,378.1700134277344,370.510009765625,373.239990234375,355.9868469238281,2524565
2023-10-19,367.3999938964844,378.0,364.69000244140625,375.7699890136719,358.3998718261719,3099700
2023-10-20,375.29998779296875,377.1499938964844,373.20001220703125,375.3399963378906,357.9897766113281,2206225
2023-10-23,374.9599914550781,383.20001220703125,373.20001220703125,376.0,358.6192932128906,10365280
2023-10-25,374.30999755859375,377.3699951171875,358.3999938964844,363.2300109863281,346.4395751953125,6849205
2023-10-26,363.2300109863281,363.7699890136719,352.1700134277344,359.5199890136719,342.9010925292969,4792965
2023-10-27,370.20001220703125,405.94000244140625,370.20001220703125,387.0400085449219,369.14898681640625,25056665
2023-10-30,387.0,387.0400085449219,373.04998779296875,378.44000244140625,360.946533203125,10187990
2023-10-31,380.3999938964844,381.3900146484375,374.1400146484375,375.9700012207031,358.5906982421875,8455335
2023-11-01,376.79998779296875,381.3999938964844,375.2300109863281,380.45001220703125,362.86358642578125,3794295
2023-11-02,382.70001220703125,393.0,380.55999755859375,390.9700012207031,372.8973083496094,4288760
2023-11-03,392.5,405.5899963378906,390.4100036621094,402.7099914550781,384.09454345703125,9322270
2023-11-06,401.7900085449219,402.4800109863281,396.3999938964844,398.29998779296875,383.69964599609375,5634155
2023-11-07,399.9800109863281,401.0799865722656,390.8500061035156,397.44000244140625,382.87115478515625,8807090
2023-11-08,397.44000244140625,398.5299987792969,394.25,395.92999267578125,381.4164733886719,3525375
2023-11-09,394.0,394.0,388.0,388.67999267578125,374.4322814941406,4975345
2023-11-10,388.0,393.19000244140625,385.3800048828125,390.44000244140625,376.12774658203125,2430100
2023-11-13,391.4800109863281,394.6000061035156,386.0400085449219,393.55999755859375,379.1333312988281,2779500
2023-11-15,397.04998779296875,408.239990234375,395.0199890136719,407.1499938964844,392.2251892089844,6346865
2023-11-16,407.3599853515625,410.20001220703125,403.1000061035156,407.1499938964844,392.2251892089844,3184495
2023-11-17,403.7900085449219,403.7900085449219,396.2200012207031,398.9599914550781,384.3354797363281,5468870
2023-11-20,399.0,401.9599914550781,395.55999755859375,397.7900085449219,383.2083740234375,2862980
2023-11-21,400.0,403.9599914550781,396.0400085449219,399.9700012207031,385.30841064453125,5089455
2023-11-22,400.989990234375,402.0,390.6499938964844,395.4200134277344,380.9252014160156,2639075
2023-11-23,395.6000061035156,399.7799987792969,394.0,394.9700012207031,380.49169921875,1529325
2023-11-24,394.9700012207031,396.0,388.2200012207031,389.5,375.22222900390625,2379295
2023-11-28,390.3599853515625,394.0,386.9100036621094,393.1400146484375,378.7287902832031,3604165
2023-11-29,393.1400146484375,396.2799987792969,392.0,394.8699951171875,380.3953552246094,3299720
2023-11-30,394.6099853515625,404.0,394.260009765625,401.44000244140625,386.72454833984375,11002290
2023-12-01,402.79998779296875,405.9800109863281,399.3999938964844,400.6499938964844,385.96343994140625,3034950
2023-12-04,405.0,421.6000061035156,401.45001220703125,418.8900146484375,403.5348815917969,9360830
2023-12-05,418.8900146484375,419.7699890136719,408.6099853515625,413.989990234375,398.81451416015625,8296900
2023-12-06,415.3999938964844,416.82000732421875,409.0,411.1400146484375,396.0689697265625,3598450
2023-12-07,412.19000244140625,414.0,406.0,406.9599914550781,392.04217529296875,3904160
2023-12-08,410.0,411.5,402.94000244140625,406.32000732421875,391.4256286621094,4218365
2023-12-11,406.32000732421875,413.5799865722656,403.0899963378906,409.4200134277344,394.4120178222656,4948465
2023-12-12,413.0,413.0,397.6099853515625,399.04998779296875,384.4220886230469,7159045
2023-12-13,401.989990234375,402.3399963378906,395.2099914550781,399.05999755859375,384.4317321777344,7973270
2023-12-14,401.20001220703125,426.0,401.0199890136719,423.6600036621094,408.1300048828125,11924520
2023-12-15,423.3999938964844,424.32000732421875,414.0199890136719,415.5400085449219,400.3076477050781,11228265
2023-12-18,415.3599853515625,415.7099914550781,408.5799865722656,409.6000061035156,394.58538818359375,4203410
2023-12-19,411.760009765625,416.5299987792969,408.0,411.9100036621094,396.81072998046875,11070960
2023-12-20,412.20001220703125,422.3900146484375,398.0,399.75,385.09649658203125,9435625
2023-12-21,399.4599914550781,409.5799865722656,394.3999938964844,403.3699951171875,388.58380126953125,9405990
2023-12-22,405.9800109863281,413.79998779296875,403.29998779296875,411.0899963378906,396.02081298828125,6928875
2023-12-26,414.3999938964844,415.3599853515625,405.6199951171875,407.1499938964844,392.2251892089844,4822975
2023-12-27,408.2099914550781,413.1000061035156,407.1600036621094,409.9800109863281,394.95147705078125,3750095
2023-12-28,412.9599914550781,412.9599914550781,407.2200012207031,409.1300048828125,394.13262939453125,3288345
2023-12-29,410.5,413.6000061035156,407.5899963378906,410.6600036621094,395.6065673828125,5291010
2024-01-01,411.1099853515625,412.0,408.2200012207031,409.7699890136719,394.7491455078125,1523610
2024-01-02,410.0,411.95001220703125,403.20001220703125,406.010009765625,391.1269836425781,5389635
2024-01-03,407.0,419.6000061035156,405.79998779296875,418.010009765625,402.6871643066406,6787670
2024-01-04,420.0,430.5,418.0400085449219,429.6300048828125,413.88116455078125,7695105
2024-01-05,430.6000061035156,435.3500061035156,423.8900146484375,434.4800109863281,418.55340576171875,8114435
2024-01-08,436.79998779296875,445.0,432.7099914550781,439.2699890136719,423.1677551269531,7487975
2024-01-09,441.32000732421875,444.6099853515625,430.1199951171875,433.57000732421875,417.6767578125,5463445
2024-01-10,436.0,437.57000732421875,427.1400146484375,430.0,414.2376403808594,2470725
2024-01-11,443.5899963378906,457.9700012207031,440.79998779296875,455.95001220703125,439.23638916015625,14663945
2024-01-12,458.55999755859375,460.6199951171875,452.0199890136719,458.55999755859375,441.7507019042969,5187280
2024-01-15,458.55999755859375,458.55999755859375,458.55999755859375,458.55999755859375,441.7507019042969,0
2024-01-16,465.0,466.989990234375,459.010009765625,461.94000244140625,445.0068054199219,6647950
2024-01-17,458.79998779296875,463.57000732421875,448.0,457.6000061035156,440.825927734375,5308645
2024-01-18,454.20001220703125,457.4599914550781,439.30999755859375,451.0799865722656,434.54486083984375,7883550
2024-01-19,454.20001220703125,464.3900146484375,454.20001220703125,460.3699951171875,443.494384765625,5296785
2024-01-23,457.4100036621094,462.7900085449219,449.5199890136719,455.8999938964844,439.18817138671875,10999270
2024-01-24,446.7699890136719,463.0,441.9100036621094,460.489990234375,443.6099548339844,8501730
2024-01-25,463.55999755859375,470.5899963378906,458.3999938964844,461.42999267578125,444.5154724121094,5327820
2024-01-29,486.3999938964844,488.3999938964844,460.42999267578125,481.79998779296875,464.1387634277344,17895075
2024-01-30,481.79998779296875,499.30999755859375,481.79998779296875,490.5899963378906,472.6065673828125,14238795
2024-01-31,490.0,495.9200134277344,480.1000061035156,493.3599853515625,475.2750244140625,9573360
2024-02-01,482.20001220703125,487.7900085449219,477.7200012207031,479.44000244140625,461.86529541015625,10601720
2024-02-02,479.5,484.2300109863281,477.1199951171875,481.1000061035156,463.46441650390625,4405185
2024-02-05,483.79998779296875,486.4800109863281,469.44000244140625,471.4200134277344,454.1393127441406,1993400
2024-02-06,472.0,480.7799987792969,464.7300109863281,479.2900085449219,463.6880187988281,7511415
2024-02-07,479.5899963378906,491.8299865722656,479.2900085449219,482.7300109863281,467.0160217285156,5230250
2024-02-08,485.0,485.0,468.1600036621094,469.5899963378906,454.3037414550781,4430985
2024-02-09,469.5899963378906,470.80999755859375,458.29998779296875,466.82000732421875,451.6239318847656,2903050
2024-02-12,467.0,470.5899963378906,450.9700012207031,452.45001220703125,437.7217102050781,2845040
2024-02-13,453.3999938964844,468.70001220703125,447.04998779296875,466.1300048828125,450.9564208984375,8984610
2024-02-14,457.0,480.9200134277344,456.0400085449219,478.6600036621094,463.0784912109375,3686385
2024-02-15,487.44000244140625,492.67999267578125,482.3999938964844,487.5199890136719,471.65008544921875,5721585
2024-02-16,488.0,491.9599914550781,486.7699890136719,489.8800048828125,473.9332580566406,4596560
2024-02-19,489.8800048828125,492.3900146484375,483.30999755859375,487.9800109863281,472.0951232910156,3451410
2024-02-20,487.9800109863281,488.9700012207031,479.05999755859375,483.3299865722656,467.596435546875,4396705
2024-02-21,482.760009765625,483.010009765625,469.010009765625,471.19000244140625,455.8516845703125,3665875
2024-02-22,471.82000732421875,479.94000244140625,466.6099853515625,479.0400085449219,463.4461364746094,2571220
2024-02-23,479.70001220703125,491.3999938964844,477.6199951171875,489.0899963378906,473.1689758300781,5723325
2024-02-26,489.9800109863281,507.0,489.5899963378906,497.0299987792969,480.85052490234375,5989015
2024-02-27,495.0,501.8699951171875,451.3999938964844,474.4800109863281,459.03460693359375,20513770
2024-02-28,478.3999938964844,487.5899963378906,461.5799865722656,469.760009765625,454.46820068359375,11119410
2024-02-29,479.79998779296875,491.0199890136719,470.2300109863281,487.7200012207031,471.84356689453125,20232355
2024-03-01,493.8999938964844,494.7699890136719,487.0,490.0899963378906,474.13641357421875,5500370
2024-03-04,492.0,493.0,483.79998779296875,489.29998779296875,473.37213134765625,2666695
2024-03-05,482.20001220703125,491.1700134277344,482.20001220703125,486.29998779296875,470.4698181152344,6190170
2024-03-06,488.79998779296875,490.6000061035156,469.7799987792969,474.9200134277344,459.4602355957031,6744720
2024-03-07,474.9200134277344,491.0799865722656,474.9200134277344,489.9100036621094,473.9623107910156,5963990
2024-03-11,489.20001220703125,499.9800109863281,484.1300048828125,496.19000244140625,480.0378723144531,11377355
2024-03-12,496.79998779296875,496.79998779296875,482.0400085449219,484.3500061035156,468.5832824707031,7206710
2024-03-13,486.9800109863281,487.94000244140625,460.0199890136719,464.2799987792969,449.1665954589844,8118855
2024-03-14,463.0,465.5899963378906,453.2300109863281,458.29998779296875,443.3812255859375,10111785
2024-03-15,458.79998779296875,463.0,450.20001220703125,453.3599853515625,438.6020202636719,7257360
2024-03-18,453.0,466.5799865722656,452.95001220703125,461.7900085449219,446.7576599121094,5870405
2024-03-19,464.6000061035156,468.5799865722656,455.510009765625,457.3999938964844,442.5105895996094,6619825
2024-03-20,458.0,465.5799865722656,456.0,462.8399963378906,447.7734680175781,4526425
2024-03-21,464.5400085449219,470.989990234375,458.0,462.1600036621094,447.1156311035156,8698620
2024-03-22,467.79998779296875,471.739990234375,461.0299987792969,466.1400146484375,450.966064453125,6367775
2024-03-26,456.20001220703125,477.8800048828125,455.989990234375,474.510009765625,459.0635986328125,10693585
2024-03-27,482.0,486.0,469.0,477.2699890136719,461.7337341308594,77232200
2024-03-28,474.80999755859375,478.9100036621094,467.6499938964844,471.9599914550781,456.5965576171875,11625440
2024-04-01,474.20001220703125,487.3999938964844,473.2099914550781,486.3500061035156,470.5181884765625,4228910
2024-04-02,486.0,494.260009765625,485.989990234375,493.19000244140625,477.13555908203125,4433110
2024-04-03,495.3999938964844,513.3599853515625,491.760009765625,511.2900085449219,494.6463623046875,11588495
2024-04-04,514.989990234375,514.989990234375,497.20001220703125,499.8599853515625,483.58837890625,7019985
2024-04-05,502.1099853515625,506.3999938964844,499.6199951171875,503.7699890136719,487.3711242675781,3253480
2024-04-08,508.5899963378906,516.0599975585938,505.3999938964844,513.8400268554688,497.1133728027344,3678905
2024-04-09,518.0,521.1300048828125,504.6199951171875,510.0799865722656,493.4756774902344,4766875
2024-04-10,511.989990234375,513.25,503.8999938964844,505.6099853515625,489.1512145996094,3504425
2024-04-12,503.989990234375,503.989990234375,495.7799987792969,497.1199951171875,480.9375915527344,4144555
2024-04-15,498.6000061035156,498.6000061035156,481.6099853515625,482.92999267578125,467.2095031738281,4750690
2024-04-16,480.0,484.79998779296875,473.6700134277344,480.1499938964844,464.5199890136719,4033025
2024-04-18,483.9800109863281,488.45001220703125,472.2200012207031,474.2900085449219,458.8507385253906,6791185
2024-04-19,469.9700012207031,475.7300109863281,465.0199890136719,473.30999755859375,457.9026794433594,4797160
2024-04-22,478.0,486.4599914550781,474.79998779296875,484.92999267578125,469.1444091796875,3489700
2024-04-23,488.3900146484375,491.2799987792969,483.4200134277344,485.3900146484375,469.5894470214844,2892585
2024-04-24,485.3999938964844,496.3399963378906,483.6000061035156,492.2099914550781,476.18743896484375,8459300
2024-04-25,491.79998779296875,500.8599853515625,484.45001220703125,498.3699951171875,482.14691162109375,14587660
2024-04-26,502.5,507.3900146484375,467.3999938964844,499.7200012207031,483.4529724121094,20810260
2024-04-29,513.989990234375,515.3900146484375,486.04998779296875,498.44000244140625,482.214599609375,11904615
2024-04-30,498.6000061035156,515.760009765625,496.79998779296875,510.3399963378906,493.72723388671875,13426225
2024-05-02,509.30999755859375,519.7999877929688,507.0,516.4199829101562,499.60931396484375,9243475
2024-05-03,520.0,531.5999755859375,515.030029296875,517.7100219726562,500.8572998046875,7622145
2024-05-06,520.0,521.7899780273438,499.7699890136719,509.510009765625,492.9242858886719,4326785
2024-05-07,509.510009765625,513.0,488.3299865722656,497.1600036621094,480.9762878417969,7825870
2024-05-08,496.70001220703125,499.6000061035156,486.54998779296875,489.6000061035156,473.6623840332031,7324775
2024-05-09,489.6000061035156,494.8299865722656,470.8399963378906,472.17999267578125,456.8094177246094,4104015
2024-05-10,474.79998779296875,481.3399963378906,466.2200012207031,468.8699951171875,453.607177734375,10984650
2024-05-13,469.0,470.92999267578125,455.75,460.3599853515625,445.37420654296875,8390345
2024-05-14,469.0,483.57000732421875,463.3599853515625,466.07000732421875,450.8983154296875,12376035
2024-05-15,467.6000061035156,468.3999938964844,460.6099853515625,464.0,448.8957214355469,4269680
2024-05-16,467.3999938964844,469.1600036621094,453.0,467.739990234375,452.51397705078125,12445545
2024-05-17,468.79998779296875,477.3299865722656,464.20001220703125,474.32000732421875,458.8797912597656,4729135
2024-05-21,474.0,477.8999938964844,469.7300109863281,474.6499938964844,459.1990051269531,3935580
2024-05-22,474.6499938964844,475.9700012207031,466.4200134277344,467.3500061035156,452.13665771484375,3465540
2024-05-23,469.20001220703125,481.94000244140625,465.70001220703125,480.0899963378906,464.4619445800781,5512760
2024-05-24,479.9700012207031,485.7900085449219,472.5400085449219,479.5,463.8911437988281,4877325
2024-05-27,482.0,484.70001220703125,475.20001220703125,476.0,460.505126953125,3398210
2024-05-28,478.0,486.6000061035156,475.0,478.739990234375,463.1558532714844,6493910
2024-05-29,475.010009765625,479.5299987792969,471.6000061035156,474.92999267578125,459.4698791503906,2197930
2024-05-30,473.20001220703125,476.0,458.3999938964844,460.5400085449219,445.54833984375,6688165
2024-05-31,463.7799987792969,477.4700012207031,462.7300109863281,470.80999755859375,455.4840393066406,12916455
2024-06-03,490.0,509.3900146484375,485.04998779296875,501.8299865722656,485.4942321777344,15161795
2024-06-04,508.0,508.0,438.6000061035156,452.1400146484375,437.42181396484375,17788625
2024-06-05,448.3800048828125,479.5799865722656,446.0,477.489990234375,461.9465637207031,7114095
2024-06-06,486.0,507.0,480.010009765625,494.9599914550781,478.847900390625,10501485
2024-06-07,495.8699951171875,501.3900146484375,492.010009765625,499.5899963378906,483.3271484375,3706890
2024-06-10,502.0,510.5,497.0400085449219,503.82000732421875,487.4195251464844,4849020
2024-06-11,502.989990234375,510.4100036621094,498.0,506.6000061035156,490.1089782714844,4681350
2024-06-12,506.95001220703125,516.6900024414062,506.1099853515625,513.3900146484375,496.6780090332031,3510365
2024-06-13,518.4000244140625,539.530029296875,516.219970703125,536.8599853515625,519.3839111328125,10022455
2024-06-14,542.4000244140625,549.4000244140625,539.010009765625,546.4299926757812,528.6424560546875,15318425
2024-06-18,549.7899780273438,568.22998046875,546.469970703125,565.9500122070312,547.5270385742188,12393205
2024-06-19,565.9600219726562,566.2000122070312,552.0,558.25,540.07763671875,9175135
2024-06-20,560.9099731445312,570.9000244140625,552.9500122070312,561.0399780273438,542.77685546875,6948810
2024-06-21,562.0,568.4000244140625,559.0,564.3300170898438,545.9597778320312,9672340
2024-06-24,563.8599853515625,578.0,555.969970703125,576.4500122070312,557.6851806640625,5367855
2024-06-25,576.6500244140625,600.0,572.3300170898438,597.969970703125,578.5046997070312,15844875
2024-06-26,597.1599731445312,611.8900146484375,591.719970703125,597.8099975585938,578.349853515625,9032225
2024-06-27,597.4099731445312,599.3300170898438,584.7899780273438,590.2100219726562,570.997314453125,12298175
2024-06-28,590.2100219726562,593.8599853515625,580.0,582.2999877929688,563.3447265625,6005455
2024-07-01,580.4099731445312,588.4000244140625,580.4099731445312,584.8499755859375,565.811767578125,6673330
2024-07-02,585.4000244140625,588.0,563.1300048828125,564.97998046875,546.5885620117188,12638725
2024-07-03,568.0,577.0,561.1099853515625,570.0900268554688,551.5322265625,7945600
2024-07-04,573.5900268554688,573.5999755859375,564.0,566.75,548.3009643554688,3958315
2024-07-05,567.0,574.4500122070312,562.8599853515625,573.1699829101562,554.5119018554688,6163345
2024-07-08,571.2000122070312,571.2000122070312,559.219970703125,561.6199951171875,543.3379516601562,4065755
2024-07-09,561.780029296875,562.7899780273438,555.030029296875,558.4000244140625,540.2227783203125,6359760
2024-07-10,558.7899780273438,560.9299926757812,541.0,552.4199829101562,534.4375,8300735
2024-07-11,552.4199829101562,557.0900268554688,542.8300170898438,547.7999877929688,529.9678344726562,5689115
2024-07-12,550.0,572.0,550.0,558.8800048828125,540.6870727539062,9030805
2024-07-15,562.5999755859375,577.7999877929688,561.4400024414062,576.4600219726562,557.6948852539062,7400215
2024-07-16,577.3800048828125,580.0,560.4000244140625,562.7000122070312,544.3828125,4907090
2024-07-18,555.4000244140625,574.7899780273438,555.4000244140625,573.4600219726562,554.7926635742188,4119020
2024-07-19,572.0,575.1699829101562,557.8699951171875,562.1699829101562,543.8699951171875,3677715
2024-07-22,559.97998046875,569.5900268554688,552.8099975585938,565.47998046875,547.0723266601562,2717785
2024-07-23,565.4000244140625,565.4000244140625,532.6799926757812,547.8400268554688,532.8333740234375,12227465
2024-07-24,547.7999877929688,552.0,533.0599975585938,544.8499755859375,529.9251708984375,5130575
2024-07-25,539.9000244140625,542.0,527.0999755859375,535.7999877929688,521.1231079101562,10445410
2024-07-26,541.1599731445312,608.7999877929688,538.0,585.0,568.9754638671875,32196680
2024-07-29,594.0,607.1500244140625,581.0,588.5999755859375,572.476806640625,12753435
2024-07-30,588.5999755859375,596.280029296875,578.4000244140625,582.4099731445312,566.4563598632812,9486875
2024-07-31,586.780029296875,589.4099731445312,583.2100219726562,586.3900146484375,570.3273315429688,4655790
2024-08-01,586.5800170898438,599.7999877929688,583.989990234375,597.8499755859375,581.473388671875,8859720
2024-08-02,589.0,604.5800170898438,584.0,598.4199829101562,582.0277709960938,8905205
2024-08-05,575.2000122070312,588.3699951171875,561.6199951171875,578.2899780273438,562.4491577148438,9480440
2024-08-06,584.030029296875,588.0900268554688,565.0,567.3599853515625,551.8186645507812,5917390
2024-08-07,578.02001953125,586.4199829101562,574.1099853515625,585.010009765625,568.9852294921875,3986695
2024-08-08,584.0,584.0,571.719970703125,574.4400024414062,558.7047119140625,4434050
2024-08-09,582.0,594.6699829101562,576.02001953125,591.6199951171875,575.4140625,4568775
2024-08-12,589.989990234375,603.0,585.52001953125,595.219970703125,578.9154052734375,5709795
2024-08-13,596.0,599.0900268554688,572.0999755859375,578.27001953125,562.4298095703125,7249815
2024-08-14,580.2000122070312,583.3200073242188,572.7999877929688,579.02001953125,563.1592407226562,3626125
2024-08-16,582.5999755859375,598.3800048828125,580.4099731445312,596.2999877929688,579.9659423828125,4976095
2024-08-19,605.5999755859375,617.0,602.6099853515625,615.1199951171875,598.2703247070312,9092170
2024-08-20,623.5999755859375,635.4000244140625,610.4600219726562,631.969970703125,614.6587524414062,12149555
2024-08-21,627.989990234375,638.0,623.3699951171875,631.8099975585938,614.503173828125,5227030
2024-08-22,633.0,633.3900146484375,624.6599731445312,628.719970703125,611.497802734375,4610695
2024-08-23,632.0,632.4600219726562,623.5399780273438,625.3099975585938,608.1812133789062,2466965
2024-08-26,628.0,635.9500122070312,622.2000122070312,632.4299926757812,615.106201171875,3366050
2024-08-27,630.780029296875,653.780029296875,623.2000122070312,645.8900146484375,628.197509765625,9915805
2024-08-28,645.0,649.5999755859375,638.3499755859375,640.3699951171875,622.8287353515625,3352220
2024-08-29,639.7999877929688,652.4000244140625,634.9099731445312,640.0999755859375,622.5660400390625,5976425
2024-08-30,640.1500244140625,644.8800048828125,635.4000244140625,640.9000244140625,623.3441772460938,11026125
2024-09-02,643.989990234375,651.6799926757812,642.8099975585938,645.0499877929688,627.3805541992188,3165735
2024-09-03,642.2000122070312,656.6099853515625,638.010009765625,654.3200073242188,636.3966064453125,7181415
2024-09-04,647.4099731445312,656.3900146484375,645.2000122070312,648.7899780273438,631.01806640625,3467420
2024-09-05,649.3900146484375,658.7999877929688,645.8300170898438,649.0999755859375,631.319580078125,3368300
2024-09-06,650.780029296875,653.3900146484375,644.0399780273438,647.1300048828125,629.403564453125,3058060
2024-09-09,658.0,664.6400146484375,643.219970703125,663.1400146484375,644.9750366210938,8095085
2024-09-10,665.5800170898438,667.5800170898438,646.030029296875,652.010009765625,634.14990234375,6190070
2024-09-11,653.010009765625,659.5999755859375,650.8200073242188,655.97998046875,638.0111083984375,2946285
2024-09-12,660.0,682.47998046875,659.1099853515625,680.1500244140625,661.5191040039062,9163615
2024-09-13,679.9400024414062,685.0,673.0,673.6500244140625,655.1971435546875,4786700
2024-09-16,675.5999755859375,687.969970703125,672.52001953125,683.7899780273438,665.0592651367188,4724820
2024-09-17,683.0,693.3499755859375,681.489990234375,684.9199829101562,666.1583251953125,8030320
2024-09-18,688.9000244140625,717.989990234375,688.0,714.9400024414062,695.3560180664062,10582475
2024-09-19,714.3099975585938,724.72998046875,700.0,705.0700073242188,685.7564697265625,6428925
2024-09-20,707.7999877929688,717.2000122070312,703.4000244140625,706.4199829101562,687.0693969726562,6407140
2024-09-23,710.1900024414062,722.4000244140625,708.0,713.5399780273438,693.994384765625,2935070
2024-09-24,716.2999877929688,716.2999877929688,700.4000244140625,703.260009765625,683.9960327148438,6681865
2024-09-25,703.260009765625,707.9600219726562,691.5999755859375,704.8099975585938,685.5035400390625,3801635
2024-09-26,707.4199829101562,727.4000244140625,705.9099731445312,725.6900024414062,705.8115844726562,5359390
2024-09-27,723.5999755859375,730.4500122070312,719.1599731445312,724.2100219726562,704.3721313476562,4967200
2024-09-30,722.7899780273438,728.989990234375,713.5999755859375,715.3900146484375,695.7937622070312,4405700
2024-10-01,715.4000244140625,725.5599975585938,711.5599975585938,714.0800170898438,694.5195922851562,3381135
2024-10-03,714.0,714.97998046875,680.010009765625,681.9000244140625,663.2211303710938,8036680
2024-10-04,681.4000244140625,682.9000244140625,663.0999755859375,667.260009765625,648.9821166992188,8827525
2024-10-07,673.9600219726562,682.5999755859375,651.2000122070312,659.8699951171875,641.7945556640625,5480765
2024-10-08,655.5999755859375,674.6099853515625,655.5999755859375,665.8599853515625,647.6204223632812,9122180
2024-10-09,670.9000244140625,696.0,668.0,677.5900268554688,659.0292358398438,6569580
2024-10-10,680.0,683.1900024414062,665.1799926757812,667.530029296875,649.2446899414062,3740385
2024-10-11,670.0,671.5800170898438,661.6099853515625,668.239990234375,649.935302734375,1799620
2024-10-14,673.5999755859375,686.0,670.75,679.0599975585938,660.4589233398438,3844085
2024-10-15,684.0,687.719970703125,673.719970703125,680.22998046875,661.5968627929688,5209855
2024-10-16,683.4000244140625,684.4000244140625,673.4199829101562,678.0800170898438,659.5057983398438,1607350
2024-10-17,675.7999877929688,677.1900024414062,649.1900024414062,651.719970703125,633.8677978515625,8237815
2024-10-18,637.5499877929688,674.780029296875,629.1500244140625,668.9299926757812,650.6063842773438,9380205
2024-10-21,671.3900146484375,676.7000122070312,654.4000244140625,662.6599731445312,644.5081176757812,5627980
2024-10-22,662.6599731445312,678.2000122070312,648.0,650.9000244140625,633.0703125,19691260
2024-10-23,640.0,652.0999755859375,634.010009765625,639.5499877929688,622.0311889648438,9660305
2024-10-24,638.0,653.2000122070312,637.1099853515625,649.02001953125,631.2417602539062,7501270
2024-10-25,650.8599853515625,650.8599853515625,605.5999755859375,618.530029296875,601.5869750976562,15251890
2024-10-28,632.7999877929688,668.8300170898438,628.7999877929688,651.8599853515625,634.00390625,21602980
2024-10-29,648.4199829101562,657.1300048828125,632.47998046875,653.1599731445312,635.2683715820312,10906400
2024-10-30,643.4099731445312,651.9400024414062,635.3900146484375,637.1599731445312,619.7066040039062,6964385
2024-10-31,637.0,637.0,617.52001953125,627.780029296875,610.5836791992188,8075010
2024-11-01,631.7999877929688,632.7999877929688,628.0,630.1900024414062,612.9276123046875,286730
2024-11-04,631.0800170898438,633.9299926757812,621.7899780273438,629.5800170898438,612.3343505859375,4842960
2024-11-05,631.52001953125,635.2000122070312,611.0,632.4600219726562,615.1354370117188,7606175
2024-11-06,637.4000244140625,640.0,627.260009765625,637.3400268554688,619.8817749023438,4294660
2024-11-07,638.780029296875,638.780029296875,611.5999755859375,614.030029296875,601.3619384765625,5846920
2024-11-08,617.0,617.0,599.4099731445312,601.5900268554688,589.178466796875,3851745
2024-11-11,602.0,611.4099731445312,591.5599975585938,599.8900146484375,587.5135498046875,4101875
2024-11-12,602.8900146484375,605.0700073242188,584.530029296875,586.239990234375,574.1451416015625,5430660
2024-11-13,586.0999755859375,586.0999755859375,567.8499755859375,570.77001953125,558.994384765625,6755505
2024-11-14,570.5599975585938,573.4000244140625,556.5999755859375,564.52001953125,552.873291015625,7172685
2024-11-18,564.52001953125,573.3599853515625,560.0,569.6300048828125,557.8778686523438,4841895
2024-11-19,569.5999755859375,573.2000122070312,560.3400268554688,564.9500122070312,553.29443359375,5942545
2024-11-21,567.1900024414062,567.4000244140625,553.5999755859375,560.4400024414062,548.87744140625,4777400
2024-11-22,550.0,573.0,549.1099853515625,570.010009765625,558.2500610351562,8194990
2024-11-25,585.3900146484375,603.0,585.3900146484375,589.5599975585938,577.3966674804688,13791540
2024-11-26,592.9500122070312,615.8599853515625,589.7999877929688,609.27001953125,596.7000732421875,10105100
2024-11-27,605.780029296875,613.3400268554688,601.469970703125,603.7999877929688,591.3428955078125,4064750
2024-11-28,608.0,615.0,598.25,608.739990234375,596.1809692382812,12057145
2024-11-29,611.5,613.3099975585938,598.4400024414062,603.9299926757812,591.4701538085938,5600545
2024-12-02,603.9299926757812,622.969970703125,602.1400146484375,618.8400268554688,606.0726318359375,5433440
2024-12-03,626.2000122070312,641.3800048828125,625.010009765625,631.1099853515625,618.0894775390625,9872220
2024-12-04,629.1099853515625,634.6900024414062,623.9400024414062,626.4600219726562,613.535400390625,5743725
2024-12-05,630.489990234375,631.8099975585938,614.5999755859375,625.260009765625,612.3602294921875,7117350
2024-12-06,625.4000244140625,629.6500244140625,618.719970703125,625.27001953125,612.3699951171875,3193785
2024-12-09,620.1199951171875,632.6699829101562,619.0999755859375,621.3800048828125,608.5601806640625,3963995
2024-12-10,625.0900268554688,639.4299926757812,621.7999877929688,637.2999877929688,624.1517944335938,5630900
2024-12-11,639.0999755859375,653.52001953125,635.5999755859375,649.6500244140625,636.2470092773438,7350105
2024-12-12,647.9000244140625,653.0,644.3099975585938,649.6199951171875,636.2175903320312,5108345
2024-12-13,648.4099731445312,650.9299926757812,623.52001953125,632.510009765625,619.4605712890625,6003130
2024-12-16,634.7999877929688,639.4000244140625,625.4000244140625,627.489990234375,614.5441284179688,2943305
2024-12-17,627.0,627.0,593.0499877929688,595.3800048828125,583.0966186523438,10413170
2024-12-18,595.3800048828125,606.5999755859375,581.77001953125,586.280029296875,574.1843872070312,7447675
2024-12-19,574.0,590.5,570.6599731445312,589.0900268554688,576.9364013671875,7354675
2024-12-20,590.6500244140625,592.1400146484375,568.72998046875,575.4500122070312,563.5778198242188,12499100
2024-12-23,581.2000122070312,590.7999877929688,574.5599975585938,576.5800170898438,564.6845092773438,4691250
2024-12-24,576.5999755859375,579.52001953125,571.02001953125,576.5900268554688,564.6942749023438,2020780
2024-12-26,578.4600219726562,587.1900024414062,574.22998046875,585.3800048828125,573.302978515625,4462340
2024-12-27,587.3800048828125,587.969970703125,578.0999755859375,579.780029296875,567.8185424804688,1524915
2024-12-30,582.5599975585938,593.77001953125,579.0599975585938,583.7999877929688,571.7555541992188,3452720
2024-12-31,579.5800170898438,582.5399780273438,576.2100219726562,577.8300170898438,565.9087524414062,4075070
2025-01-01,579.7999877929688,586.2000122070312,576.5800170898438,583.72998046875,571.6869506835938,1297175
2025-01-02,587.4600219726562,613.780029296875,586.3200073242188,612.010009765625,599.383544921875,7297085
2025-01-03,612.0,619.5999755859375,607.22998046875,609.6699829101562,597.091796875,3652225
2025-01-06,606.2000122070312,616.27001953125,591.0,593.9099731445312,581.6569213867188,5430225
2025-01-07,595.4099731445312,604.4000244140625,590.0,591.6799926757812,579.472900390625,2781710
2025-01-08,594.0,594.0,568.1699829101562,579.75,567.7890625,4976035
2025-01-09,580.75,584.8300170898438,560.2000122070312,561.969970703125,550.3759155273438,5408205
2025-01-10,566.0,566.0,529.0,532.0,521.024169921875,5999299
2025-01-13,530.0499877929688,540.7000122070312,518.75,521.0999755859375,510.3490905761719,5558523
2025-01-14,526.9500122070312,547.5,518.2999877929688,544.0999755859375,532.87451171875,6987503
2025-01-15,545.0,545.9500122070312,529.0999755859375,533.2000122070312,522.1995239257812,4072535
2025-01-16,535.5499877929688,553.75,535.5499877929688,546.7999877929688,535.5188598632812,6194466
2025-01-17,546.5499877929688,547.5499877929688,523.8499755859375,526.5,515.6376953125,5347916
2025-01-20,511.0,521.5,493.3500061035156,516.7000122070312,506.0398864746094,12701612
2025-01-21,518.0,530.75,513.4500122070312,520.2999877929688,509.5656433105469,7753705
2025-01-22,520.3499755859375,528.3499755859375,513.0499877929688,518.6500244140625,507.9497375488281,5895189
2025-01-23,518.6500244140625,533.4500122070312,511.6000061035156,529.7999877929688,518.8695678710938,5150004
2025-01-24,531.9500122070312,541.7999877929688,509.1499938964844,527.4500122070312,516.568115234375,7602501
2025-01-27,525.9000244140625,530.6500244140625,508.1499938964844,511.6499938964844,501.0940856933594,8523575
2025-01-28,520.0499877929688,541.7999877929688,508.6000061035156,530.0999755859375,519.1633911132812,16222471
2025-01-29,531.1500244140625,555.6500244140625,530.25,553.5,542.0806884765625,9135552
2025-01-30,553.5,560.0,536.8499755859375,538.2999877929688,527.1942749023438,7172857
2025-01-31,546.4000244140625,550.9000244140625,536.2000122070312,543.75,535.0166015625,4058608
2025-02-01,547.9000244140625,549.6500244140625,518.0,531.7999877929688,523.2584838867188,3874882
2025-02-03,525.0,558.0,516.0,546.1500244140625,537.3780517578125,7442129
2025-02-04,556.0,579.9000244140625,545.4000244140625,576.75,567.486572265625,12290382
2025-02-05,577.0,590.7999877929688,568.4000244140625,571.2999877929688,562.1240844726562,6953215
2025-02-06,570.0,570.0,554.3499755859375,566.3499755859375,557.2536010742188,6345455
2025-02-07,567.9000244140625,579.0999755859375,554.8499755859375,559.5499877929688,550.5628051757812,5747620
2025-02-10,561.7000122070312,566.5999755859375,546.5,560.7999877929688,551.7926635742188,4253881
2025-02-11,566.0,566.0,534.0,538.5499877929688,529.9000854492188,6416783
2025-02-12,538.5499877929688,551.5,527.0,547.1500244140625,538.3619384765625,5467745
2025-02-13,547.0,560.25,538.0,548.6500244140625,539.837890625,5723009
2025-02-14,550.9500122070312,554.9500122070312,526.7999877929688,539.1500244140625,530.490478515625,6763071
2025-02-17,537.0,553.0,525.0999755859375,550.3499755859375,541.5105590820312,4397756
2025-02-18,550.9500122070312,554.4500122070312,539.0999755859375,553.3499755859375,544.46240234375,2988732
2025-02-19,547.7999877929688,559.75,546.5,557.7999877929688,548.8408813476562,4066886
2025-02-20,557.0,582.25,557.0,580.8499755859375,571.5206298828125,7590778
2025-02-21,580.8499755859375,594.7000122070312,576.7000122070312,585.0999755859375,575.7024536132812,9328402
2025-02-24,576.0,581.75,568.7999877929688,577.2000122070312,567.9293212890625,4523171
2025-02-25,581.7999877929688,586.75,571.5,574.25,565.0267333984375,6222936
2025-02-27,581.2999877929688,608.7999877929688,580.2999877929688,606.7999877929688,597.0538940429688,17099035
2025-02-28,609.9500122070312,620.0,602.25,617.2999877929688,607.3851928710938,23771834
2025-03-03,625.2999877929688,630.0,614.9000244140625,621.2999877929688,611.3209838867188,10284029
2025-03-04,618.5999755859375,635.4000244140625,613.4000244140625,632.9000244140625,622.7347412109375,5369562
2025-03-05,626.5999755859375,637.5,621.5,631.2999877929688,621.160400390625,9532495
2025-03-06,638.7999877929688,650.7999877929688,637.0,644.3499755859375,634.000732421875,8075827
2025-03-07,644.3499755859375,647.6500244140625,627.4500122070312,630.8499755859375,620.7175903320312,5829062
2025-03-10,631.5499877929688,641.5,622.8499755859375,625.5999755859375,615.5518798828125,4906168
2025-03-11,624.2000122070312,640.0,615.5499877929688,638.25,627.998779296875,6734891
2025-03-12,639.0,647.25,629.0999755859375,636.9500122070312,626.7196044921875,5378060
2025-03-13,638.0,644.0,617.5,619.5499877929688,609.59912109375,5273706
2025-03-17,613.4000244140625,629.5,613.4000244140625,623.25,613.2396850585938,4548324
2025-03-18,623.25,623.25,623.25,623.25,613.2396850585938,0
2025-03-19,645.7000122070312,677.5999755859375,637.6500244140625,667.9500122070312,657.2217407226562,9823834
2025-03-20,690.0,695.0,665.0,667.9000244140625,657.1725463867188,8747482
2025-03-21,669.0499877929688,679.0,667.6500244140625,676.7999877929688,665.9295654296875,6365496
2025-03-24,677.0,694.9000244140625,674.0,682.0,671.0460815429688,4983671
2025-03-25,688.0,688.0,667.7000122070312,678.3499755859375,667.4546508789062,5257157
2025-03-26,678.7999877929688,680.9000244140625,669.25,672.0,661.2067260742188,4792266
2025-03-27,670.0,684.4000244140625,666.2000122070312,678.5,667.6022338867188,4628163
2025-03-28,682.0,685.0,650.1500244140625,656.0,645.4636840820312,6806264
2025-04-01,652.0,653.9000244140625,633.9000244140625,637.4500122070312,627.2116088867188,7600903
2025-04-02,640.0,644.0,630.5,639.4000244140625,629.1303100585938,4387926
2025-04-03,633.0,660.5499877929688,632.0,654.1500244140625,643.6433715820312,3704676
2025-04-04,655.5,665.0,649.5,653.5999755859375,643.1021728515625,5191619
2025-04-07,596.0,629.9500122070312,589.25,614.0,604.1382446289062,15188995
2025-04-08,623.7000122070312,648.2999877929688,623.0499877929688,641.4500122070312,631.1473999023438,10415072
2025-04-09,647.9500122070312,647.9500122070312,619.0,624.5499877929688,614.518798828125,9235529
2025-04-11,627.0,648.6500244140625,627.0,638.7999877929688,628.5399169921875,7102851
2025-04-15,651.9500122070312,674.5499877929688,649.1500244140625,672.0,661.2067260742188,6085948
2025-04-16,672.6500244140625,678.0,662.4500122070312,676.0499877929688,665.191650390625,6571065
2025-04-17,677.0,695.6500244140625,668.5499877929688,691.75,680.6394653320312,5771289
2025-04-21,698.75,717.5,690.5,703.0,691.7088012695312,6740583
2025-04-22,703.0,709.9500122070312,700.0,703.5,692.2007446289062,3672514
2025-04-23,709.5,713.7999877929688,685.9000244140625,703.9000244140625,692.5944213867188,5442424
2025-04-24,704.0,705.5,694.5,696.6500244140625,685.4608154296875,5010172
2025-04-25,698.9000244140625,705.5999755859375,635.0,655.2000122070312,644.676513671875,9784886
2025-04-28,622.7000122070312,630.4000244140625,596.1500244140625,622.0,612.0097045898438,32221482
2025-04-29,625.0,630.7999877929688,610.2000122070312,614.7000122070312,604.8270263671875,10387632
2025-04-30,614.7000122070312,621.7999877929688,606.5,611.7000122070312,601.8751831054688,7374108
2025-05-02,611.7000122070312,616.2999877929688,599.5,603.5999755859375,593.9052734375,7749204
2025-05-05,610.1500244140625,630.9000244140625,607.2000122070312,628.8499755859375,618.7496948242188,8616953
2025-05-06,628.7999877929688,631.8499755859375,617.0499877929688,623.4500122070312,613.4365234375,5098276
2025-05-07,618.2000122070312,638.0,617.25,636.6500244140625,626.4244995117188,5983998
2025-05-08,635.0,640.7999877929688,607.0,615.7999877929688,605.9093627929688,10052396
2025-05-09,600.0,612.3499755859375,596.6500244140625,601.4500122070312,591.7898559570312,5637324
2025-05-12,611.0499877929688,648.0,611.0,645.9500122070312,635.5750732421875,9560644
2025-05-13,641.5999755859375,647.7999877929688,631.9500122070312,633.5999755859375,623.4234619140625,5748439
2025-05-14,639.5,655.2999877929688,637.5999755859375,651.9500122070312,641.4786987304688,9324793
2025-05-15,654.7999877929688,679.9500122070312,644.1500244140625,674.7999877929688,663.961669921875,9817422
2025-05-16,674.0,674.7999877929688,660.0499877929688,665.5,654.8110961914062,5415727
2025-05-19,670.0,683.9000244140625,666.0,677.7999877929688,666.9135131835938,4356035
2025-05-20,682.0499877929688,682.0499877929688,656.2000122070312,658.3499755859375,647.7759399414062,7035801
2025-05-21,658.3499755859375,661.6500244140625,638.7000122070312,658.0,647.4315795898438,7986603
2025-05-22,652.0,654.7000122070312,640.2999877929688,649.75,639.3140869140625,6840583
2025-05-23,651.0,663.5999755859375,646.1500244140625,659.8499755859375,649.2518310546875,3128629
2025-05-26,664.8499755859375,667.7999877929688,652.0999755859375,664.5,653.8272094726562,2963171
2025-05-27,667.7999877929688,670.0,657.0,661.9000244140625,651.2689208984375,2493252
2025-05-28,661.9000244140625,663.9000244140625,654.0,655.7000122070312,645.1685180664062,3244100
2025-05-29,655.7000122070312,659.7000122070312,648.0999755859375,652.25,641.7738647460938,4173868
2025-05-30,643.0999755859375,654.9500122070312,637.25,639.3499755859375,629.0810546875,6693573
2025-06-02,638.2999877929688,647.9000244140625,625.0,642.5499877929688,632.2296752929688,4344402
2025-06-03,648.0,658.75,642.0999755859375,648.25,637.838134765625,5336167
2025-06-04,649.9500122070312,661.8499755859375,640.0,641.2000122070312,630.9014282226562,6290382
2025-06-05,647.0,654.7999877929688,638.0999755859375,651.4500122070312,640.9867553710938,4542850
2025-06-06,654.0,690.9000244140625,644.2999877929688,688.25,677.1956787109375,20115034
2025-06-09,700.0,715.9000244140625,692.25,698.0,686.7890625,11413586
2025-06-10,705.0,705.9500122070312,690.7000122070312,700.4000244140625,689.1505737304688,6453133
2025-06-11,702.0999755859375,702.0999755859375,684.3499755859375,686.0499877929688,675.031005859375,4586055
2025-06-12,689.0,690.0,666.5999755859375,668.0499877929688,657.320068359375,4970089
2025-06-13,651.8499755859375,670.3499755859375,643.5,667.1500244140625,656.4345703125,4687026
2025-06-16,669.0,681.25,668.5999755859375,676.1500244140625,665.2900390625,6882573
2025-06-17,679.7999877929688,679.7999877929688,662.0,665.0,654.319091796875,2390137
2025-06-18,663.0499877929688,673.5,659.1500244140625,662.0999755859375,651.4656372070312,3352972
2025-06-19,660.75,669.0,648.0,652.2000122070312,641.7246704101562,3342726
2025-06-20,652.0,670.9000244140625,650.5,666.3499755859375,655.6473999023438,7441267
2025-06-23,661.7999877929688,666.2000122070312,648.2999877929688,661.6500244140625,651.02294921875,4243520
2025-06-24,674.0,682.0,673.4000244140625,676.0499877929688,665.191650390625,4823566
2025-06-25,676.0499877929688,678.0,671.0,675.0999755859375,664.2568969726562,3211981
2025-06-26,675.1500244140625,707.5499877929688,674.25,703.2000122070312,691.9055786132812,19068571
2025-06-27,703.0499877929688,706.9000244140625,696.5999755859375,699.9500122070312,688.7078247070312,7554681
2025-06-30,700.0,714.0,699.9000244140625,706.8499755859375,695.4969482421875,3721603
2025-07-01,708.0,710.5499877929688,694.0,696.4500122070312,685.2639770507812,3524637
2025-07-02,695.75,698.8499755859375,675.0,676.9000244140625,666.0280151367188,3288839
2025-07-03,681.5999755859375,684.25,672.9500122070312,675.4000244140625,664.5521240234375,6014549
2025-07-04,675.9500122070312,684.4000244140625,670.0,676.1500244140625,665.2900390625,3843226
2025-07-07,676.1500244140625,680.0,669.0,671.2999877929688,660.5179443359375,1770086
2025-07-08,672.0,677.4000244140625,667.2999877929688,668.9500122070312,658.2056884765625,2820100
2025-07-09,671.25,683.0,671.0,681.0499877929688,670.111328125,3560120
2025-07-10,684.0,687.3499755859375,671.0,671.75,660.960693359375,3035156
2025-07-11,676.0,676.7000122070312,662.4000244140625,668.25,660.466552734375,4931083
2025-07-14,670.0,672.9000244140625,662.5,669.75,661.9490966796875,2832157
2025-07-15,674.9000244140625,688.0,670.7000122070312,684.4500122070312,676.4778442382812,3786182
2025-07-16,674.0,674.0,654.5,668.3499755859375,660.5653686523438,9358644
2025-07-17,670.0,672.0,664.8499755859375,665.4500122070312,657.6991577148438,2671888
2025-07-18,670.0,670.5,644.5,645.5,637.9815673828125,6570609
2025-07-21,645.5,658.0,637.5,655.6500244140625,648.0133056640625,4980207
2025-07-22,658.0,659.9000244140625,639.0,640.1500244140625,632.69384765625,4671422
2025-07-23,642.0,654.75,638.0499877929688,654.0499877929688,646.4319458007812,5191770
2025-07-24,660.0,660.0,631.75,633.5499877929688,626.1707153320312,7248079
2025-07-25,625.0,629.9500122070312,601.7000122070312,615.8499755859375,608.6768188476562,16922561
2025-07-28,615.8499755859375,638.8499755859375,611.0499877929688,633.4500122070312,626.0718994140625,11583112
2025-07-29,632.0,643.3499755859375,626.5499877929688,638.3499755859375,630.9147338867188,6858651
2025-07-30,635.0,638.3499755859375,626.0999755859375,632.7999877929688,625.429443359375,6024759
2025-07-31,625.0,639.4500122070312,623.0499877929688,630.8499755859375,623.5021362304688,6481051
2025-08-01,630.0,632.0,612.25,614.2000122070312,607.0460815429688,3528632
2025-08-04,615.9000244140625,626.7999877929688,615.9000244140625,624.9000244140625,617.6214599609375,2955463
2025-08-05,630.5,633.2000122070312,621.1500244140625,630.0999755859375,622.7608642578125,3996694
2025-08-06,634.0,639.7999877929688,622.4000244140625,630.5999755859375,623.2550659179688,4763826
2025-08-07,626.8499755859375,629.7999877929688,618.2999877929688,627.3499755859375,620.0428466796875,3482599
2025-08-08,623.2999877929688,626.8499755859375,607.9500122070312,609.6500244140625,602.549072265625,5493423
2025-08-11,610.4500122070312,623.5,609.1500244140625,617.5999755859375,610.406494140625,3348109
2025-08-12,616.0,619.0,611.0,611.9000244140625,604.7728881835938,2787285
2025-08-13,612.0499877929688,621.3499755859375,610.3499755859375,619.25,612.0372924804688,5325700
2025-08-14,614.2999877929688,622.9000244140625,611.5,616.4500122070312,609.2698974609375,4279172
2025-08-18,627.0,637.5,625.4500122070312,626.7999877929688,619.4993286132812,5265058
2025-08-19,626.0,630.5499877929688,615.0999755859375,626.3499755859375,619.0545043945312,4765094
2025-08-20,623.3499755859375,624.9500122070312,613.2999877929688,616.2999877929688,609.1216430664062,5710611
2025-08-21,618.0,622.0,615.7999877929688,619.7999877929688,612.580810546875,3993795
2025-08-22,619.7999877929688,622.0,612.5499877929688,615.8499755859375,608.6768188476562,3496256
2025-08-25,620.0,623.7999877929688,616.4000244140625,620.8499755859375,613.6185913085938,6850166
2025-08-26,619.9000244140625,620.4500122070312,593.0999755859375,594.7000122070312,587.773193359375,18048586
2025-08-28,576.75,587.9500122070312,570.0,571.6500244140625,564.99169921875,20025147
2025-08-29,570.5,588.6500244140625,566.5,580.25,573.4915161132812,12236788
2025-09-01,580.0,590.2000122070312,578.5999755859375,588.5999755859375,581.7442016601562,3886326
2025-09-02,590.0,596.4000244140625,582.25,584.5999755859375,577.7908325195312,4136915
2025-09-03,585.0,588.9000244140625,580.0,586.2999877929688,579.4710083007812,6612194
2025-09-04,596.0,596.0,583.9000244140625,585.7999877929688,578.976806640625,5054056
2025-09-05,589.0,596.0,585.5999755859375,592.5,585.5988159179688,4166734
2025-09-08,596.0,604.0,592.8499755859375,596.75,589.79931640625,2968301
2025-09-09,598.0,598.9500122070312,590.8499755859375,595.0,588.0697021484375,3947645
2025-09-10,598.5999755859375,606.7999877929688,596.7000122070312,604.7999877929688,597.7555541992188,4708224
2025-09-11,604.7999877929688,622.9000244140625,602.7999877929688,620.0499877929688,612.8279418945312,8412580
2025-09-12,623.2000122070312,633.7000122070312,619.25,632.8499755859375,625.4788208007812,10816255
2025-09-15,630.7999877929688,631.5999755859375,620.2000122070312,623.6500244140625,616.3860473632812,3643666
2025-09-16,623.6500244140625,628.4000244140625,614.0999755859375,618.0999755859375,610.900634765625,4759255
2025-09-17,620.0,626.0,617.75,623.25,615.9906616210938,4633747
2025-09-18,620.0,631.0,620.0,626.9000244140625,619.5982055664062,4675034
2025-09-19,630.0,637.2999877929688,627.0999755859375,633.2000122070312,625.8247680664062,6415748
2025-09-22,638.0,638.0,625.4500122070312,627.8499755859375,620.5370483398438,2712596
2025-09-23,628.0,634.4000244140625,624.5,628.7999877929688,621.4760131835938,3586451
2025-09-24,628.2000122070312,630.0,620.2999877929688,625.1500244140625,617.8685913085938,2129098
2025-09-25,625.1500244140625,626.0,610.7999877929688,612.7000122070312,605.5635375976562,4280161
2025-09-26,610.0,617.4000244140625,603.75,606.0499877929688,598.990966796875,3958021
2025-09-29,608.9000244140625,615.5,603.1500244140625,611.7999877929688,604.6740112304688,4098133
2025-09-30,611.7999877929688,620.7000122070312,611.1500244140625,616.0999755859375,608.9239501953125,5882401
2025-10-01,616.0499877929688,649.9500122070312,616.0499877929688,648.7000122070312,641.144287109375,15107673
2025-10-03,645.0,650.0,636.0,645.7999877929688,638.2780151367188,7200543
2025-10-06,646.5,675.5,646.5,671.4500122070312,663.6292724609375,10343487
2025-10-07,670.2000122070312,673.0,663.5,666.7999877929688,659.033447265625,3729360
2025-10-08,662.0,673.2999877929688,662.0,666.9000244140625,659.1322631835938,2870458
2025-10-09,666.9000244140625,672.0,660.0,669.0499877929688,661.2572021484375,2274108
2025-10-10,669.0,671.4000244140625,663.0,665.0499877929688,657.3037719726562,2480723
2025-10-13,660.0,674.2000122070312,658.75,672.1500244140625,664.3211669921875,2469940
2025-10-14,675.0499877929688,680.9500122070312,667.0,674.4500122070312,666.5943603515625,4731724
2025-10-15,675.5,682.4000244140625,672.5499877929688,677.1500244140625,669.2628784179688,4687947
2025-10-16,676.8499755859375,683.75,662.25,672.5,664.6669921875,5309779
2025-10-17,672.2000122070312,679.6500244140625,670.0999755859375,675.5,667.632080078125,3516617
2025-10-20,678.4000244140625,698.6500244140625,678.0999755859375,693.9500122070312,685.8671875,6170486
2025-10-21,695.5,697.5,690.2999877929688,695.25,687.1520385742188,674998
2025-10-23,695.25,717.75,695.25,709.6500244140625,701.3843383789062,8911040
2025-10-24,711.0499877929688,723.3499755859375,711.0499877929688,715.4500122070312,707.1167602539062,6036751
2025-10-27,721.0,730.2999877929688,718.25,719.5999755859375,711.2184448242188,8133230
2025-10-28,719.5,726.8499755859375,710.25,723.7000122070312,715.2706909179688,7071903
2025-10-29,723.7000122070312,741.9000244140625,717.4000244140625,738.4500122070312,729.848876953125,10246214
2025-10-30,738.5,747.8499755859375,733.1500244140625,738.25,729.6511840820312,6357608
2025-10-31,733.4500122070312,769.7999877929688,727.0,748.9000244140625,740.1771240234375,18363853
2025-11-03,762.7999877929688,799.9000244140625,758.5,796.4500122070312,787.1732788085938,26222030
2025-11-04,792.4500122070312,814.1500244140625,792.25,796.5,787.2227172851562,8543137
2025-11-06,792.5999755859375,800.5999755859375,785.0,792.5,783.269287109375,10930939
2025-11-07,792.5,820.0,780.7999877929688,816.3499755859375,811.7581176757812,9765252
2025-11-10,822.0,830.7000122070312,816.6500244140625,821.0999755859375,816.4814453125,8623863
2025-11-11,821.0999755859375,833.2999877929688,804.0499877929688,832.2999877929688,827.6184692382812,7336169
2025-11-12,832.2999877929688,838.6500244140625,821.4000244140625,822.5,817.8735961914062,4239741
2025-11-13,826.0,826.3499755859375,809.75,814.0,809.42138671875,6048569
2025-11-14,809.5,817.9500122070312,803.9000244140625,809.2999877929688,804.747802734375,5672058
2025-11-17,809.0,828.3499755859375,808.5999755859375,817.9000244140625,813.2994995117188,7386312
2025-11-18,820.0,827.7000122070312,810.0,820.2000122070312,815.5865478515625,6684086
2025-11-19,824.1500244140625,826.7000122070312,815.7999877929688,818.0499877929688,813.4486083984375,3711577
2025-11-20,822.0,828.7000122070312,816.5,826.5999755859375,821.9505004882812,3187958
2025-11-21,825.0,832.0,810.5999755859375,823.2999877929688,818.6690673828125,3831244
2025-11-24,825.0,839.5,821.0999755859375,828.2000122070312,823.54150390625,8140579
2025-11-25,828.2000122070312,841.8499755859375,827.2000122070312,838.25,833.5349731445312,5418151
2025-11-26,841.9500122070312,858.8499755859375,838.2999877929688,856.5999755859375,851.78173828125,7052927
2025-11-27,860.0,869.5,857.25,867.6500244140625,862.7696533203125,6752154
2025-11-28,870.0499877929688,872.0,848.75,851.6500244140625,846.859619140625,8198342
2025-12-01,857.8499755859375,865.0,849.4500122070312,851.5499877929688,846.7601928710938,6330770
2025-12-02,855.75,855.9500122070312,840.7999877929688,843.4000244140625,838.6560668945312,5587375
2025-12-03,843.4000244140625,846.4500122070312,818.9500122070312,828.0999755859375,823.4420776367188,9931005
2025-12-04,830.4500122070312,836.0,821.0,828.1500244140625,823.4918212890625,11436899
2025-12-05,828.1500244140625,857.0,828.1500244140625,854.9000244140625,850.0913696289062,12137708
2025-12-08,858.5,858.8499755859375,831.0,834.25,829.5574951171875,4117973
2025-12-09,830.0,849.0,817.7999877929688,846.7000122070312,841.9374389648438,5737027
2025-12-10,846.0,855.7999877929688,833.2999877929688,837.25,832.5405883789062,3699625
2025-12-11,841.7999877929688,850.5999755859375,835.7000122070312,847.1500244140625,842.3849487304688,4213992
2025-12-12,852.0,854.75,841.5,848.0,843.2301635742188,6036788
2025-12-15,852.0,870.5999755859375,845.8499755859375,855.3499755859375,850.5387573242188,7193809
2025-12-16,855.3499755859375,856.6500244140625,843.0,848.4000244140625,843.6279296875,5171831
2025-12-17,856.0,875.4500122070312,855.0,864.2000122070312,859.3390502929688,11621162
2025-12-18,868.5,876.9000244140625,861.7999877929688,869.4500122070312,864.5595092773438,12481529
2025-12-19,869.0,913.5,850.5,901.7000122070312,896.6281127929688,35297309
2025-12-22,919.0,949.7999877929688,915.0,934.8499755859375,929.5916137695312,31894463
2025-12-23,938.7000122070312,959.9500122070312,931.7000122070312,957.7999877929688,952.4125366210938,14632455
2025-12-24,958.0,983.7000122070312,958.0,973.7000122070312,968.22314453125,10574513
2025-12-26,976.5499877929688,978.75,956.7000122070312,960.25,954.8487548828125,4739099
2025-12-29,963.0,966.0,949.2000122070312,955.5,950.12548828125,4897735
2025-12-30,960.9500122070312,984.5999755859375,960.9500122070312,979.4000244140625,973.8910522460938,17757531
2025-12-31,983.0,1000.2000122070312,979.4000244140625,996.2000122070312,990.5965576171875,9795995
2026-01-01,996.2000122070312,1025.5999755859375,996.0,1019.7000122070312,1013.96435546875,4289057
2026-01-02,1024.75,1025.0,1007.2000122070312,1010.3499755859375,1004.6669311523438,5264026
2026-01-05,1013.5,1014.7999877929688,994.6500244140625,1003.3499755859375,997.706298828125,4603571
2026-01-06,1002.5,1011.75,992.4500122070312,1002.6500244140625,997.0103149414062,4352915
2026-01-07,996.0499877929688,1003.0999755859375,990.25,995.8499755859375,990.2484741210938,4191098
2026-01-08,1001.4000244140625,1002.5499877929688,981.0999755859375,992.9000244140625,987.3151245117188,3804564
2026-01-09,987.0,993.2000122070312,961.0,975.4000244140625,969.91357421875,6949168
2026-01-12,979.0,985.6500244140625,962.4500122070312,972.7999877929688,967.328125,5510203
2026-01-13,975.0,987.6500244140625,969.2000122070312,979.0499877929688,973.54296875,3860197
2026-01-14,980.0,990.5,970.4000244140625,981.0999755859375,975.5814819335938,3846614
2026-01-15,981.0999755859375,981.0999755859375,981.0999755859375,981.0999755859375,975.5814819335938,0
2026-01-16,981.0,1022.0,981.0,995.4500122070312,989.8507690429688,13316550
2026-01-19,1002.0,1014.5,991.2000122070312,1010.3499755859375,1004.6669311523438,4908985
2026-01-20,1005.0,1008.0499877929688,983.0,987.5,981.9454956054688,6129218
2026-01-21,982.5499877929688,997.5,972.5499877929688,986.0,980.4539184570312,7042588
2026-01-22,995.0499877929688,1009.7000122070312,986.0999755859375,1005.5,999.84423828125,7210572
2026-01-23,1010.0,1020.8499755859375,973.6500244140625,1003.5499877929688,997.9052124023438,9023942
2026-01-27,1011.2000122070312,1019.9500122070312,984.2000122070312,1001.0499877929688,995.4192504882812,7984660
2026-01-28,1002.0,1020.7000122070312,999.5,1018.7999877929688,1013.0693969726562,5587231
2026-01-29,1022.4000244140625,1028.4000244140625,1006.1500244140625,1022.7999877929688,1017.0469360351562,6653822
2026-01-30,1025.0,1029.300048828125,1010.1500244140625,1020.0,1014.2626953125,6464610
2026-02-02,990.2000122070312,992.7000122070312,939.0,962.0999755859375,956.6883544921875,13566710
2026-02-03,1013.0,1041.5,997.2000122070312,1000.4000244140625,994.77294921875,9880727
2026-02-04,1010.4000244140625,1011.2000122070312,995.5,998.7999877929688,993.181884765625,4402517
2026-02-05,995.5,998.0,972.4000244140625,992.0,986.420166015625,5775866
2026-02-06,994.0,1005.0,972.9000244140625,1002.5,996.861083984375,3270421
2026-02-09,1005.0,1067.800048828125,1003.4000244140625,1062.699951171875,1056.722412109375,8667620
2026-02-10,1064.9000244140625,1066.800048828125,1036.5,1048.5999755859375,1042.7017822265625,4345362
2026-02-11,1053.0,1059.300048828125,1041.5,1056.800048828125,1050.855712890625,4898578
2026-02-12,1053.5,1087.0999755859375,1049.699951171875,1082.800048828125,1076.70947265625,8462756
2026-02-13,1081.800048828125,1086.0,1060.0,1065.800048828125,1059.8050537109375,4555743
2026-02-16,1065.800048828125,1088.300048828125,1052.800048828125,1085.4000244140625,1079.2947998046875,5096496
2026-02-17,1080.0,1081.9000244140625,1060.0,1075.0,1068.9532470703125,2832145
2026-02-18,1076.199951171875,1087.0999755859375,1072.0999755859375,1076.199951171875,1070.146484375,2470593
2026-02-19,1078.0,1078.0,1048.0999755859375,1054.699951171875,1048.7674560546875,2576169
2026-02-20,1056.800048828125,1066.0,1044.5999755859375,1059.300048828125,1053.3416748046875,2295049
2026-02-23,1072.800048828125,1077.5,1056.9000244140625,1064.699951171875,1058.711181640625,2423932
2026-02-24,1064.699951171875,1066.0,1050.199951171875,1061.699951171875,1055.72802734375,2464507
2026-02-25,1065.0,1095.0,1055.800048828125,1085.9000244140625,1079.7919921875,3115583
2026-02-26,1089.0,1108.0,1085.0999755859375,1104.5999755859375,1098.3868408203125,5231414
2026-02-27,1099.0,1103.9000244140625,1073.300048828125,1079.4000244140625,1073.32861328125,5601117
2026-03-02,1044.0,1071.0,1038.0,1052.5,1046.579833984375,6717872
2026-03-04,1042.300048828125,1042.5,987.4000244140625,1010.0,1004.3189086914062,9200897
2026-03-05,1022.2999877929688,1046.4000244140625,1018.2999877929688,1039.5,1033.6529541015625,5051614
2026-03-06,1043.9000244140625,1052.0,1000.0,1007.5,1001.8330078125,8166989
2026-03-09,957.5,993.0,934.2000122070312,987.2000122070312,981.6471557617188,11999852
2026-03-10,1010.0,1068.300048828125,1006.7000122070312,1062.9000244140625,1056.92138671875,14297519
2026-03-11,1062.9000244140625,1077.9000244140625,1028.699951171875,1031.699951171875,1025.8968505859375,10731059
2026-03-12,1021.0999755859375,1046.699951171875,1006.0999755859375,1031.699951171875,1025.8968505859375,7054662
2026-03-13,1021.2999877929688,1028.0,994.7000122070312,1003.5999755859375,997.9548950195312,6562852
2026-03-16,990.0,1002.9000244140625,969.2999877929688,992.0,986.420166015625,10476354
2026-03-17,999.9000244140625,1012.0,983.2000122070312,1004.5999755859375,998.9492797851562,4175225
2026-03-18,1013.2999877929688,1028.9000244140625,1008.5,1021.5999755859375,1015.8536376953125,3915253
2026-03-19,1000.0,1000.0,946.2999877929688,949.7999877929688,944.45751953125,11956347
2026-03-20,962.0,966.9000244140625,922.2999877929688,938.5999755859375,933.3204956054688,28550627
2026-03-23,930.0,930.0999755859375,870.2000122070312,877.7000122070312,872.7631225585938,10556865
2026-03-24,907.0,931.9000244140625,896.2000122070312,903.5999755859375,898.5173950195312,13359073
2026-03-25,919.0,965.0,917.2999877929688,956.0,950.6226806640625,14265748
2026-03-27,950.0,951.0,900.0,903.7999877929688,898.7162475585938,12238678
2026-03-30,888.0,896.2999877929688,867.0,872.0999755859375,867.194580078125,10949179
2026-04-01,915.5999755859375,926.2999877929688,895.75,900.5499877929688,895.4845581054688,11752172
2026-04-02,876.0,895.0,863.4500122070312,891.5999755859375,886.5848999023438,7230236
2026-04-06,895.0,931.0,885.6500244140625,928.0,922.7801513671875,5898399
2026-04-07,920.0,932.4000244140625,910.0499877929688,930.6500244140625,925.415283203125,5503677
2026-04-08,975.0,1035.449951171875,975.0,1023.2000122070312,1017.4447021484375,18256527
2026-04-09,1010.0999755859375,1015.0,990.4500122070312,996.2999877929688,990.6959838867188,7668209
2026-04-10,1016.0999755859375,1031.0,1011.25,1027.550048828125,1021.770263671875,8048521
2026-04-13,1000.1500244140625,1015.5,988.7999877929688,1004.0999755859375,998.4520874023438,8242484
2026-04-15,1030.0,1043.5,1016.4500122070312,1020.9500122070312,1015.2073364257812,7869459
2026-04-16,1026.0999755859375,1034.3499755859375,1015.3499755859375,1022.75,1016.9971923828125,5716035
2026-04-17,1022.0,1039.5,1013.1500244140625,1036.949951171875,1031.1173095703125,4345572
2026-04-20,1040.0,1049.949951171875,1026.0,1045.1500244140625,1039.271240234375,4670588
2026-04-21,1054.0,1062.699951171875,1039.25,1045.300048828125,1039.42041015625,5699181
2026-04-22,1050.0,1053.699951171875,1029.4000244140625,1044.550048828125,1038.6746826171875,4404420
2026-04-23,1044.9000244140625,1044.9000244140625,1006.3499755859375,1009.2999877929688,1003.6228637695312,4658783
2026-04-24,1006.9500122070312,1030.4000244140625,983.5499877929688,1011.2999877929688,1005.611572265625,9263466
2026-04-27,1011.2999877929688,1012.0,963.75,974.6500244140625,969.1677856445312,15096574
2026-04-28,974.5,979.75,949.2999877929688,953.25,947.8881225585938,6752420
2026-04-29,965.0,975.2999877929688,954.9000244140625,956.8499755859375,951.4678344726562,5829309
2026-04-30,945.2000122070312,950.0,921.0,937.3499755859375,932.0775146484375,5990764
2026-05-01,937.3499755859375,937.3499755859375,937.3499755859375,937.3499755859375,932.0775146484375,0
2026-05-04,942.0,969.0,942.0,960.4500122070312,955.0476684570312,4018048
2026-05-05,955.6500244140625,966.9000244140625,937.2999877929688,964.4000244140625,958.9754638671875,4029508
2026-05-06,980.0,1007.4500122070312,976.0499877929688,1004.0999755859375,998.4520874023438,5858946
2026-05-07,1009.0,1023.75,1002.0499877929688,1015.6500244140625,1009.9371948242188,4848929
2026-05-08,1013.0,1013.3499755859375,1001.25,1007.75,1002.0816040039062,5755029
2026-05-11,990.0,990.8499755859375,970.4500122070312,975.9500122070312,970.46044921875,5927270
2026-05-12,971.0,979.9500122070312,925.9500122070312,930.4500122070312,925.2163696289062,8674062
2026-05-13,925.2000122070312,938.4000244140625,915.0,920.5499877929688,915.3720703125,10747950
2026-05-14,929.9000244140625,941.6500244140625,901.2999877929688,935.0999755859375,929.8402099609375,9220462
2026-05-15,921.0,945.9000244140625,921.0,937.9000244140625,932.62451171875,5759607
2026-05-18,923.7999877929688,937.6500244140625,911.0,933.7000122070312,928.4481201171875,5232089
2026-05-19,940.0,941.8499755859375,924.7000122070312,927.3499755859375,922.1337890625,3216479
2026-05-20,920.0,925.4500122070312,913.0,923.4500122070312,918.2557373046875,5764449
2026-05-21,935.0,941.9000244140625,910.0,914.75,909.6046752929688,4598094
2026-05-22,916.25,944.25,913.1500244140625,941.0,935.70703125,5414742
2026-05-25,956.9500122070312,970.5,956.9000244140625,961.9500122070312,956.5391845703125,6256205
2026-05-26,961.0,965.5999755859375,948.5999755859375,952.1500244140625,946.7943115234375,4350923
2026-05-27,947.0499877929688,968.0999755859375,946.5999755859375,963.2000122070312,957.7821655273438,3592277
2026-05-28,963.2000122070312,963.2000122070312,963.2000122070312,963.2000122070312,957.7821655273438,0
2026-05-29,961.0,975.5499877929688,942.9000244140625,947.1500244140625,941.8224487304688,11248568
2026-06-01,950.0499877929688,953.8499755859375,916.4000244140625,919.0499877929688,913.8804931640625,8308513
2026-06-02,908.5999755859375,917.9500122070312,900.2000122070312,911.7000122070312,906.5718383789062,7610958
2026-06-03,912.6500244140625,915.9000244140625,888.9000244140625,912.9500122070312,907.8148193359375,6951317
2026-06-04,907.9500122070312,919.9000244140625,903.0499877929688,915.7999877929688,910.6487426757812,3666582
2026-06-05,920.0999755859375,944.9000244140625,916.1500244140625,923.2999877929688,918.1065673828125,5769377
2026-06-08,909.0,911.3499755859375,892.0999755859375,896.6500244140625,891.6065063476562,4584431
2026-06-09,908.4000244140625,915.0,896.75,911.7000122070312,906.5718383789062,5892611
2026-06-10,907.8499755859375,914.75,894.2000122070312,897.3499755859375,892.3025512695312,4026258
2026-06-11,893.9500122070312,896.2999877929688,879.0999755859375,886.25,881.2650146484375,4640157
2026-06-12,908.0,959.0999755859375,901.5999755859375,954.9500122070312,949.5785522460938,9760441
2026-06-15,1005.0,1009.5,988.0,1000.6500244140625,995.0215454101562,12251483
2026-06-16,998.0,1010.0499877929688,992.0499877929688,1005.75,1000.0928344726562,4544903
2026-06-17,1005.0,1015.75,1001.9500122070312,1007.5,1001.8330078125,4353419
2026-06-18,1010.0,1017.2999877929688,998.25,1002.7000122070312,997.0599975585938,3364449
2026-06-19,1001.6500244140625,1007.7000122070312,992.2999877929688,1001.9000244140625,996.2645263671875,2611538
2026-06-22,1003.9500122070312,1005.75,983.7999877929688,992.8499755859375,987.265380859375,4287218
2026-06-23,984.5,1007.7000122070312,984.5,993.3499755859375,987.7625732421875,2904186
2026-06-24,993.3499755859375,1029.3499755859375,980.5499877929688,1019.0,1013.268310546875,7885319
2026-06-25,1030.0,1052.0,1026.0,1031.800048828125,1025.996337890625,8924791
2026-06-26,1031.800048828125,1031.800048828125,1031.800048828125,1031.800048828125,1025.996337890625,0
2026-06-29,1036.949951171875,1055.4000244140625,1029.75,1032.6500244140625,1026.841552734375,11369236
2026-06-30,1032.6500244140625,1048.0,1030.25,1042.1500244140625,1036.2880859375,5218792
2026-07-01,1050.0,1058.5999755859375,1038.0,1048.0999755859375,1042.20458984375,4722961
2026-07-02,1052.0,1071.0,1048.199951171875,1066.699951171875,1060.699951171875,5736423
2026-07-03,1081.5,1081.5,1060.0999755859375,1063.5999755859375,1063.5999755859375,3603167
2026-07-06,1065.9000244140625,1076.0,1057.800048828125,1062.300048828125,1062.300048828125,4018215
2026-07-07,1070.0,1087.300048828125,1058.699951171875,1066.800048828125,1066.800048828125,8356697
2026-07-08,1058.0,1058.0,1005.0,1014.4000244140625,1014.4000244140625,6535773
2026-07-09,1019.4000244140625,1039.800048828125,1015.0,1031.699951171875,1031.699951171875,3984489
2026-07-10,1049.0,1052.0,1039.0,1044.0999755859375,1044.0999755859375,2773485
2026-07-13,1019.9000244140625,1053.0999755859375,1017.0,1048.0999755859375,1048.0999755859375,3212203
2026-07-14,1040.0,1042.300048828125,1007.0,1013.9000244140625,1013.9000244140625,6517181
2026-07-15,1028.0,1049.0,1025.199951171875,1033.800048828125,1033.800048828125,7089054
2026-07-16,1035.800048828125,1040.0,1020.0999755859375,1024.4000244140625,1024.4000244140625,2703222
2026-07-17,1025.4000244140625,1038.9000244140625,1022.0,1034.9000244140625,1034.9000244140625,3328041
2026-07-20,1040.0,1040.0,1018.0,1035.4000244140625,1035.4000244140625,3238784
2026-07-21,1036.0,1067.4000244140625,1031.0,1061.5,1061.5,7633092
2026-07-22,1058.0,1065.0,1046.800048828125,1058.800048828125,1058.800048828125,3460386
2026-07-23,1057.800048828125,1079.0,1022.2999877929688,1025.800048828125,1025.800048828125,6335830
2026-07-24,1018.0999755859375,1051.0,992.9000244140625,1005.0999755859375,1005.0999755859375,11775846
2026-07-27,1020.0,1040.0,1002.2000122070312,1038.199951171875,1038.199951171875,9459410
2026-07-28,1045.0,1049.9000244140625,1036.4000244140625,1040.9000244140625,1040.9000244140625,7160194
2026-07-29,1050.0,1052.800048828125,1034.0999755859375,1044.699951171875,1044.699951171875,4160322
2026-07-30,1038.0,1051.0,1019.5,1027.199951171875,1027.199951171875,5425880
2026-07-31,1029.199951171875,1054.5999755859375,1029.0999755859375,1046.699951171875,1046.699951171875,6318223
2026-08-03,1058.0,1095.0,1051.5999755859375,1090.199951171875,1090.199951171875,7047761
2026-08-04,1080.0,1091.699951171875,1075.0999755859375,1087.300048828125,1087.300048828125,3516949
2026-08-05,1097.699951171875,1122.4000244140625,1092.699951171875,1122.4000244140625,1122.4000244140625,6684889
2026-08-06,1130.0,1153.699951171875,1120.0,1141.0,1141.0,12605459
2026-08-07,1134.0,1134.0,1109.0,1115.0,1115.0,3239689
2026-08-10,1115.0,1127.5,1106.0999755859375,1127.300048828125,1127.300048828125,1604810
