Date,Open,High,Low,Close,Adjusted Close,Volume
1996-01-01,28.0,28.219999313354492,27.799999237060547,27.80500030517578,16.243120193481445,23500
1996-01-02,27.80500030517578,28.0,27.30500030517578,27.344999313354492,15.974393844604492,23000
1996-01-03,27.344999313354492,27.700000762939453,27.5,27.545000076293945,16.091230392456055,21000
1996-01-04,27.545000076293945,27.549999237060547,27.0,27.4950008392334,16.06201934814453,133000
1996-01-05,27.5,27.5,27.299999237060547,27.3799991607666,15.994839668273926,114500
1996-01-08,27.155000686645508,27.5,26.700000762939453,26.875,15.69983196258545,211000
1996-01-09,26.875,26.600000381469727,26.0,26.364999771118164,15.401902198791504,32500
1996-01-10,26.100000381469727,26.700000762939453,26.100000381469727,26.385000228881836,15.413581848144531,12500
1996-01-11,26.594999313354492,26.700000762939453,26.204999923706055,26.625,15.55378532409668,28000
1996-01-12,26.625,26.979999542236328,26.700000762939453,26.895000457763672,15.711512565612793,9500
1996-01-15,26.895000457763672,26.725000381469727,26.200000762939453,26.5,15.480762481689453,10500
1996-01-16,26.5,26.600000381469727,26.209999084472656,26.405000686645508,15.425264358520508,17500
1996-01-17,26.405000686645508,26.5,26.30500030517578,26.354999542236328,15.396055221557617,17000
1996-01-18,26.354999542236328,26.399999618530273,26.100000381469727,26.209999084472656,15.311354637145996,65000
1996-01-19,26.209999084472656,26.299999237060547,26.0,26.049999237060547,15.217875480651855,183000
1996-01-22,25.899999618530273,26.25,25.825000762939453,25.825000762939453,15.086445808410645,10500
1996-01-23,25.825000762939453,26.200000762939453,24.0,24.545000076293945,14.338690757751465,35500
1996-01-24,24.700000762939453,25.0,24.299999237060547,24.684999465942383,14.420479774475098,57500
1996-01-25,24.5,24.899999618530273,24.350000381469727,24.899999618530273,14.546075820922852,36000
1996-01-26,24.899999618530273,24.899999618530273,24.899999618530273,24.899999618530273,14.546075820922852,0
1996-01-29,25.0,25.690000534057617,24.829999923706055,25.65999984741211,14.9900541305542,25000
1996-01-30,25.65999984741211,26.5,25.510000228881836,25.799999237060547,15.071834564208984,41000
1996-01-31,25.799999237060547,26.299999237060547,25.799999237060547,25.899999618530273,15.130254745483398,12000
1996-02-01,25.899999618530273,26.700000762939453,26.204999923706055,26.5,15.480762481689453,80500
1996-02-02,26.5,27.950000762939453,26.799999237060547,27.81999969482422,16.25187873840332,134000
1996-02-05,28.450000762939453,29.5,27.399999618530273,27.725000381469727,16.196382522583008,58000
1996-02-06,27.725000381469727,28.799999237060547,26.459999084472656,26.959999084472656,15.74948501586914,101000
1996-02-07,26.799999237060547,28.0,26.799999237060547,27.709999084472656,16.187618255615234,31500
1996-02-08,27.709999084472656,29.0,27.649999618530273,28.889999389648438,16.876951217651367,109000
1996-02-09,28.889999389648438,30.5,29.024999618530273,30.09000015258789,17.577972412109375,79000
1996-02-12,30.09000015258789,32.0,29.100000381469727,31.209999084472656,18.232248306274414,263000
1996-02-13,31.209999084472656,32.470001220703125,30.5,31.959999084472656,18.670381546020508,205500
1996-02-14,31.959999084472656,33.099998474121094,32.150001525878906,32.4900016784668,18.979997634887695,167500
1996-02-15,32.4900016784668,32.5,31.950000762939453,32.224998474121094,18.8251895904541,27500
1996-02-16,32.224998474121094,31.75,30.700000762939453,31.0,18.109569549560547,32000
1996-02-19,31.0,31.0,30.100000381469727,30.149999618530273,17.613014221191406,25500
1996-02-20,30.149999618530273,30.5,29.0049991607666,29.030000686645508,16.958736419677734,79000
1996-02-21,29.030000686645508,29.030000686645508,29.030000686645508,29.030000686645508,16.958736419677734,0
1996-02-22,29.030000686645508,30.799999237060547,30.024999618530273,30.690000534057617,17.928476333618164,59000
1996-02-23,30.690000534057617,30.899999618530273,30.399999618530273,30.770000457763672,17.9752140045166,46000
1996-02-26,30.770000457763672,31.5,30.514999389648438,30.594999313354492,17.872974395751953,131000
1996-02-27,30.594999313354492,30.799999237060547,30.100000381469727,30.290000915527344,17.694805145263672,34000
1996-02-28,30.290000915527344,31.0,30.0,30.0,17.525392532348633,40000
1996-02-29,30.0,29.600000381469727,29.0,29.399999618530273,17.174888610839844,42000
1996-03-01,29.399999618530273,29.700000762939453,29.299999237060547,29.53499984741211,17.25374984741211,11500
1996-03-04,29.53499984741211,29.649999618530273,29.299999237060547,29.53499984741211,17.25374984741211,38500
1996-03-05,29.53499984741211,29.53499984741211,29.53499984741211,29.53499984741211,17.25374984741211,0
1996-03-06,29.53499984741211,29.7450008392334,29.600000381469727,29.7450008392334,17.376426696777344,17000
1996-03-07,29.7450008392334,30.125,29.700000762939453,29.860000610351562,17.443613052368164,23000
1996-03-08,29.860000610351562,29.704999923706055,29.424999237060547,29.704999923706055,17.353059768676758,40500
1996-03-11,29.704999923706055,29.5,29.024999618530273,29.5,17.233304977416992,29500
1996-03-12,29.5,30.0,28.530000686645508,29.100000381469727,16.999629974365234,36500
1996-03-13,29.100000381469727,29.799999237060547,29.225000381469727,29.75,17.37934684753418,12500
1996-03-14,29.75,29.549999237060547,29.25,29.25,17.087255477905273,2500
1996-03-15,29.25,29.200000762939453,28.799999237060547,28.799999237060547,16.824373245239258,6000
1996-03-18,28.799999237060547,28.5,27.5,27.5,16.064945220947266,24000
1996-03-19,27.5,27.5,27.100000381469727,27.3799991607666,15.994839668273926,48000
1996-03-20,27.3799991607666,27.3799991607666,27.3799991607666,27.3799991607666,15.994839668273926,0
1996-03-21,27.3799991607666,28.389999389648438,28.0,28.0,16.357038497924805,8500
1996-03-22,28.0,28.0,27.459999084472656,27.700000762939453,16.181781768798828,43000
1996-03-25,27.700000762939453,28.25,27.405000686645508,27.704999923706055,16.1846981048584,37000
1996-03-26,27.704999923706055,28.299999237060547,27.5049991607666,27.5049991607666,16.06786346435547,124000
1996-03-27,27.5049991607666,28.59000015258789,27.899999618530273,28.094999313354492,16.41252899169922,13500
1996-03-28,28.094999313354492,28.575000762939453,28.299999237060547,28.325000762939453,16.546890258789062,24000
1996-03-29,28.325000762939453,28.600000381469727,27.704999923706055,27.71500015258789,16.19054412841797,13500
1996-04-01,27.71500015258789,28.43000030517578,28.049999237060547,28.149999618530273,16.444664001464844,8500
1996-04-02,28.149999618530273,28.4950008392334,27.899999618530273,27.899999618530273,16.298616409301758,42000
1996-04-03,27.899999618530273,29.0049991607666,28.5,28.850000381469727,16.85359001159668,21000
1996-04-04,28.850000381469727,31.8799991607666,27.049999237060547,31.614999771118164,18.468841552734375,248000
1996-04-05,31.614999771118164,31.614999771118164,31.614999771118164,31.614999771118164,18.468841552734375,0
1996-04-08,31.614999771118164,33.5,31.7549991607666,31.84000015258789,18.600284576416016,246000
1996-04-09,31.84000015258789,32.689998626708984,30.549999237060547,30.889999389648438,18.045307159423828,237500
1996-04-10,30.889999389648438,32.0,31.0,31.2450008392334,18.252696990966797,377500
1996-04-11,31.2450008392334,30.959999084472656,30.600000381469727,30.790000915527344,17.986896514892578,102000
1996-04-12,30.790000915527344,30.389999389648438,29.700000762939453,29.9950008392334,17.52247428894043,140500
1996-04-15,29.9950008392334,30.399999618530273,29.860000610351562,29.94499969482422,17.49326515197754,89000
1996-04-16,29.94499969482422,30.200000762939453,29.2549991607666,29.440000534057617,17.198253631591797,156000
1996-04-17,30.5,31.200000762939453,30.5,30.635000228881836,17.896343231201172,298500
1996-04-18,30.635000228881836,32.14500045776367,30.899999618530273,31.540000915527344,18.42502784729004,546000
1996-04-19,31.540000915527344,31.700000762939453,30.899999618530273,31.239999771118164,18.249780654907227,173500
1996-04-22,31.239999771118164,31.75,30.25,30.434999465942383,17.779512405395508,158500
1996-04-23,30.434999465942383,30.389999389648438,29.899999618530273,30.155000686645508,17.615943908691406,300500
1996-04-24,30.155000686645508,31.5,30.75,31.125,18.182594299316406,94000
1996-04-25,31.125,31.799999237060547,30.700000762939453,30.895000457763672,18.04823112487793,163000
1996-04-26,30.895000457763672,31.0,30.100000381469727,30.3799991607666,17.747377395629883,86500
1996-04-29,30.3799991607666,30.399999618530273,30.125,30.264999389648438,17.680194854736328,49500
1996-04-30,30.264999389648438,30.25,29.0,29.530000686645508,17.250829696655273,98500
1996-05-01,29.530000686645508,30.5,30.0,30.344999313354492,17.7269344329834,39500
1996-05-02,30.344999313354492,30.0,29.700000762939453,29.885000228881836,17.458213806152344,37000
1996-05-03,29.885000228881836,30.049999237060547,29.100000381469727,29.229999542236328,17.07556915283203,91500
1996-05-06,29.229999542236328,29.110000610351562,28.600000381469727,28.8700008392334,16.86526870727539,77000
1996-05-07,28.8700008392334,29.899999618530273,29.0,29.524999618530273,17.247901916503906,54000
1996-05-08,29.524999618530273,29.700000762939453,28.600000381469727,29.559999465942383,17.268352508544922,48500
1996-05-09,29.559999465942383,29.700000762939453,29.0,29.0049991607666,16.944133758544922,67000
1996-05-10,29.0049991607666,28.700000762939453,27.600000381469727,28.579999923706055,16.69585418701172,36000
1996-05-13,28.579999923706055,29.0,28.385000228881836,28.415000915527344,16.599468231201172,74500
1996-05-14,28.415000915527344,28.795000076293945,28.299999237060547,28.545000076293945,16.675411224365234,56000
1996-05-15,28.545000076293945,30.899999618530273,29.399999618530273,30.15999984741211,17.61885643005371,261000
1996-05-16,30.15999984741211,31.399999618530273,30.375,30.655000686645508,17.908029556274414,363000
1996-05-17,30.655000686645508,30.649999618530273,29.850000381469727,30.059999465942383,17.560447692871094,147500
1996-05-20,29.905000686645508,29.905000686645508,28.799999237060547,28.8700008392334,16.86526870727539,126500
1996-05-21,28.8700008392334,29.0,28.600000381469727,28.969999313354492,16.923683166503906,174500
1996-05-22,28.969999313354492,29.0,28.774999618530273,28.864999771118164,16.862350463867188,75000
1996-05-23,28.864999771118164,28.969999313354492,28.600000381469727,28.635000228881836,16.727985382080078,68500
1996-05-24,28.635000228881836,28.78499984741211,28.55500030517578,28.700000762939453,16.765958786010742,40500
1996-05-27,28.700000762939453,28.5,27.799999237060547,28.03499984741211,16.377477645874023,131000
1996-05-28,28.03499984741211,28.0,27.524999618530273,27.905000686645508,16.30153465270996,169000
1996-05-29,27.905000686645508,28.795000076293945,28.200000762939453,28.665000915527344,16.745513916015625,154000
1996-05-30,28.665000915527344,28.9950008392334,28.024999618530273,28.135000228881836,16.43589973449707,86500
1996-05-31,28.135000228881836,28.200000762939453,27.350000381469727,27.6299991607666,16.140888214111328,643000
1996-06-03,27.6299991607666,28.0,27.424999237060547,27.8799991607666,16.286924362182617,315500
1996-06-04,27.8799991607666,28.309999465942383,27.924999237060547,28.149999618530273,16.444664001464844,297500
1996-06-05,28.200000762939453,28.469999313354492,28.0049991607666,28.399999618530273,16.590700149536133,495000
1996-06-06,28.399999618530273,29.149999618530273,28.399999618530273,28.875,16.868188858032227,516000
1996-06-07,28.700000762939453,29.045000076293945,28.655000686645508,28.9950008392334,16.938295364379883,291500
1996-06-10,29.100000381469727,30.75,29.100000381469727,30.415000915527344,17.76782989501953,1101000
1996-06-11,30.200000762939453,30.799999237060547,30.0,30.645000457763672,17.902193069458008,538500
1996-06-12,30.950000762939453,31.280000686645508,30.549999237060547,30.950000762939453,18.080360412597656,646500
1996-06-13,31.09000015258789,31.5,30.809999465942383,31.260000228881836,18.261455535888672,565500
1996-06-14,31.010000228881836,32.185001373291016,31.0,31.725000381469727,18.53310203552246,903500
1996-06-17,32.0,32.39500045776367,31.579999923706055,31.68000030517578,18.506816864013672,926500
1996-06-18,31.405000686645508,31.575000762939453,30.799999237060547,31.045000076293945,18.1358585357666,771000
1996-06-19,31.19499969482422,31.489999771118164,30.524999618530273,30.719999313354492,17.946002960205078,159000
1996-06-20,30.5049991607666,31.049999237060547,30.5,31.024999618530273,18.124177932739258,141500
1996-06-21,30.700000762939453,31.299999237060547,30.700000762939453,30.959999084472656,18.08620262145996,148500
1996-06-24,30.799999237060547,30.799999237060547,30.575000762939453,30.6200008392334,17.887584686279297,103500
1996-06-25,30.600000381469727,30.975000381469727,30.5,30.825000762939453,18.007341384887695,259000
1996-06-26,30.549999237060547,31.0,30.5,30.674999237060547,17.91971206665039,229500
1996-06-27,30.575000762939453,31.0,30.514999389648438,30.959999084472656,18.08620262145996,259000
1996-06-28,30.9950008392334,31.290000915527344,30.905000686645508,30.975000381469727,18.094968795776367,230000
1996-07-01,30.8700008392334,31.0,30.71500015258789,30.774999618530273,17.978132247924805,139500
1996-07-02,30.84000015258789,30.950000762939453,29.5049991607666,30.204999923706055,17.6451473236084,270000
1996-07-03,29.5,30.100000381469727,29.5,29.770000457763672,17.391029357910156,76500
1996-07-04,29.174999237060547,30.200000762939453,29.104999542236328,29.93000030517578,17.48450469970703,144000
1996-07-05,29.9950008392334,30.200000762939453,29.90999984741211,30.030000686645508,17.542917251586914,35500
1996-07-08,30.014999389648438,30.670000076293945,30.0,30.4950008392334,17.814565658569336,116000
1996-07-09,30.104999542236328,30.30500030517578,29.739999771118164,29.790000915527344,17.4027156829834,79000
1996-07-10,29.5,30.4950008392334,29.5,29.959999084472656,17.50201988220215,73000
1996-07-11,30.100000381469727,30.260000228881836,30.0,30.18000030517578,17.63054656982422,95500
1996-07-12,30.100000381469727,30.100000381469727,29.649999618530273,29.774999618530273,17.393943786621094,52500
1996-07-15,29.354999542236328,29.899999618530273,29.354999542236328,29.864999771118164,17.446529388427734,33000
1996-07-16,29.424999237060547,29.850000381469727,27.024999618530273,28.864999771118164,16.862350463867188,137000
1996-07-17,29.25,29.799999237060547,29.200000762939453,29.635000228881836,17.312166213989258,37500
1996-07-18,29.9950008392334,29.9950008392334,29.600000381469727,29.799999237060547,17.408554077148438,61500
1996-07-19,29.950000762939453,30.0049991607666,29.635000228881836,29.975000381469727,17.51078987121582,114500
1996-07-22,29.729999542236328,29.850000381469727,29.704999923706055,29.799999237060547,17.408554077148438,19000
1996-07-23,29.9950008392334,30.0,29.200000762939453,29.450000762939453,17.20409393310547,71500
1996-07-24,29.299999237060547,29.385000228881836,28.399999618530273,29.145000457763672,17.02591896057129,104000
1996-07-25,29.0,29.299999237060547,28.549999237060547,29.149999618530273,17.028837203979492,38500
1996-07-26,29.104999542236328,29.200000762939453,28.899999618530273,28.915000915527344,16.891557693481445,51000
1996-07-29,29.450000762939453,29.450000762939453,28.299999237060547,28.309999465942383,16.538131713867188,56500
1996-07-30,27.600000381469727,28.0,27.0,27.68000030517578,16.17009162902832,77000
1996-07-31,27.795000076293945,28.0,27.299999237060547,27.979999542236328,16.34535026550293,84000
1996-08-01,27.899999618530273,28.5,27.725000381469727,27.799999237060547,16.240196228027344,134000
1996-08-02,27.725000381469727,28.0,27.405000686645508,27.5049991607666,16.06786346435547,69500
1996-08-05,27.850000381469727,27.850000381469727,27.110000610351562,27.19499969482422,15.886765480041504,34500
1996-08-06,26.989999771118164,27.399999618530273,26.825000762939453,26.924999237060547,15.72904109954834,34500
1996-08-07,27.5,27.5,27.155000686645508,27.295000076293945,15.945191383361816,41000
1996-08-08,27.5,27.5,27.0049991607666,27.014999389648438,15.781614303588867,35500
1996-08-09,27.100000381469727,27.399999618530273,27.100000381469727,27.28499984741211,15.939340591430664,40000
1996-08-12,27.600000381469727,27.75,27.450000762939453,27.475000381469727,16.050338745117188,52500
1996-08-13,27.299999237060547,27.34000015258789,27.0,27.139999389648438,15.85463809967041,65500
1996-08-14,27.450000762939453,27.450000762939453,27.0,27.19499969482422,15.886765480041504,26500
1996-08-15,27.19499969482422,27.19499969482422,27.19499969482422,27.19499969482422,15.886765480041504,0
1996-08-16,27.100000381469727,27.2450008392334,26.899999618530273,26.90999984741211,15.720277786254883,27000
1996-08-19,25.725000381469727,26.049999237060547,25.200000762939453,25.399999618530273,14.83816146850586,22000
1996-08-20,25.899999618530273,25.899999618530273,24.799999237060547,25.065000534057617,14.642464637756348,75500
1996-08-21,26.4950008392334,26.4950008392334,25.600000381469727,25.71500015258789,15.022183418273926,43000
1996-08-22,25.9950008392334,26.375,25.9950008392334,26.03499984741211,15.209118843078613,60000
1996-08-23,26.100000381469727,26.19499969482422,25.889999389648438,26.075000762939453,15.232487678527832,27000
1996-08-26,26.0,26.28499984741211,25.71500015258789,25.940000534057617,15.1536226272583,60500
1996-08-27,26.100000381469727,27.0,25.71500015258789,26.46500015258789,15.460319519042969,72000
1996-08-28,26.899999618530273,26.899999618530273,26.399999618530273,26.78499984741211,15.647256851196289,50000
1996-08-29,26.700000762939453,27.100000381469727,26.299999237060547,26.575000762939453,15.524578094482422,60000
1996-08-30,26.5,26.78499984741211,26.350000381469727,26.415000915527344,15.431110382080078,62000
1996-09-02,26.600000381469727,26.600000381469727,26.395000457763672,26.479999542236328,15.469085693359375,24500
1996-09-03,26.510000228881836,26.799999237060547,25.43000030517578,25.80500030517578,15.074758529663086,114500
1996-09-04,26.100000381469727,26.190000534057617,25.5,26.149999618530273,15.2763032913208,25000
1996-09-05,26.299999237060547,26.3799991607666,26.225000381469727,26.239999771118164,15.328873634338379,13500
1996-09-06,26.299999237060547,26.5,26.299999237060547,26.364999771118164,15.401902198791504,60000
1996-09-09,26.165000915527344,26.684999465942383,26.149999618530273,26.53499984741211,15.50121021270752,76500
1996-09-10,26.170000076293945,26.594999313354492,26.170000076293945,26.454999923706055,15.454476356506348,77500
1996-09-11,26.4950008392334,26.549999237060547,26.125,26.299999237060547,15.363927841186523,64500
1996-09-12,25.799999237060547,26.290000915527344,25.799999237060547,26.274999618530273,15.349327087402344,32000
1996-09-13,25.860000610351562,26.190000534057617,25.860000610351562,26.155000686645508,15.279221534729004,23000
1996-09-16,25.854999542236328,26.104999542236328,25.854999542236328,26.0049991607666,15.1915922164917,48500
1996-09-17,26.190000534057617,26.190000534057617,26.0,26.094999313354492,15.244169235229492,45000
1996-09-18,26.200000762939453,26.399999618530273,26.049999237060547,26.385000228881836,15.413581848144531,19000
1996-09-19,26.44499969482422,26.44499969482422,26.1200008392334,26.34000015258789,15.387295722961426,43000
1996-09-20,26.200000762939453,26.399999618530273,26.200000762939453,26.399999618530273,15.422344207763672,15500
1996-09-23,26.100000381469727,26.315000534057617,26.03499984741211,26.204999923706055,15.308432579040527,33000
1996-09-24,26.0049991607666,26.200000762939453,25.93000030517578,25.9950008392334,15.185749053955078,20500
1996-09-25,26.0,26.049999237060547,25.899999618530273,26.0,15.188671112060547,11000
1996-09-26,25.899999618530273,25.899999618530273,25.524999618530273,25.854999542236328,15.103970527648926,26000
1996-09-27,25.600000381469727,25.600000381469727,24.315000534057617,24.78499984741211,14.478896141052246,75000
1996-09-30,24.399999618530273,24.700000762939453,23.40999984741211,23.920000076293945,13.973580360412598,169000
1996-10-01,23.604999542236328,23.850000381469727,23.260000228881836,23.575000762939453,13.772040367126465,414500
1996-10-02,23.575000762939453,23.575000762939453,23.575000762939453,23.575000762939453,13.772040367126465,0
1996-10-03,23.299999237060547,23.799999237060547,23.204999923706055,23.43000030517578,13.687329292297363,294000
1996-10-04,23.024999618530273,23.125,22.424999237060547,22.649999618530273,13.231673240661621,131500
1996-10-07,22.354999542236328,22.5,21.799999237060547,22.200000762939453,12.968793869018555,151500
1996-10-08,22.0,22.28499984741211,21.825000762939453,22.155000686645508,12.942505836486816,117000
1996-10-09,21.799999237060547,22.364999771118164,21.5,22.280000686645508,13.015527725219727,125500
1996-10-10,23.200000762939453,23.399999618530273,22.299999237060547,23.2549991607666,13.585099220275879,85500
1996-10-11,23.670000076293945,23.979999542236328,22.80500030517578,23.4950008392334,13.725302696228027,67500
1996-10-14,23.549999237060547,23.549999237060547,22.649999618530273,22.670000076293945,13.243352890014648,33500
1996-10-15,22.5,23.375,22.075000762939453,23.045000076293945,13.462420463562012,84000
1996-10-16,23.299999237060547,23.299999237060547,22.600000381469727,22.600000381469727,13.202463150024414,35000
1996-10-17,22.5,22.75,22.5,22.700000762939453,13.260880470275879,20500
1996-10-18,22.600000381469727,22.889999389648438,22.600000381469727,22.700000762939453,13.260880470275879,11000
1996-10-21,22.700000762939453,22.700000762939453,22.700000762939453,22.700000762939453,13.260880470275879,0
1996-10-22,22.899999618530273,23.0,22.600000381469727,22.8700008392334,13.360189437866211,67500
1996-10-23,23.4950008392334,24.200000762939453,23.4950008392334,24.010000228881836,14.026154518127441,81000
1996-10-24,24.594999313354492,24.799999237060547,23.5,23.610000610351562,13.792487144470215,99500
1996-10-25,23.399999618530273,23.799999237060547,23.100000381469727,23.184999465942383,13.544211387634277,55500
1996-10-28,22.975000381469727,24.0,22.975000381469727,23.280000686645508,13.599702835083008,38500
1996-10-29,22.905000686645508,23.2450008392334,22.125,22.485000610351562,13.135283470153809,77000
1996-10-30,22.485000610351562,22.485000610351562,22.485000610351562,22.485000610351562,13.135283470153809,0
1996-10-31,22.0,22.975000381469727,22.0,22.854999542236328,13.351425170898438,76000
1996-11-01,22.799999237060547,22.950000762939453,22.510000228881836,22.59000015258789,13.196621894836426,16000
1996-11-04,22.149999618530273,22.895000457763672,22.075000762939453,22.514999389648438,13.152807235717773,33500
1996-11-05,22.235000610351562,22.700000762939453,21.834999084472656,22.389999389648438,13.079785346984863,114000
1996-11-06,22.200000762939453,22.389999389648438,22.100000381469727,22.184999465942383,12.960026741027832,30000
1996-11-07,22.25,22.5,22.25,22.5,13.144044876098633,5000
1996-11-08,22.5,22.6200008392334,22.405000686645508,22.405000686645508,13.088544845581055,7000
1996-11-11,22.059999465942383,22.594999313354492,22.059999465942383,22.489999771118164,13.138202667236328,16000
1996-11-12,22.489999771118164,22.489999771118164,22.489999771118164,22.489999771118164,13.138202667236328,0
1996-11-13,22.329999923706055,22.600000381469727,22.329999923706055,22.485000610351562,13.135283470153809,11500
1996-11-14,22.399999618530273,22.75,22.15999984741211,22.190000534057617,12.962945938110352,47000
1996-11-15,22.399999618530273,22.399999618530273,21.924999237060547,22.204999923706055,12.971709251403809,61000
1996-11-18,22.350000381469727,22.5,21.709999084472656,21.799999237060547,12.735118865966797,84500
1996-11-19,21.209999084472656,21.700000762939453,21.100000381469727,21.434999465942383,12.521896362304688,66500
1996-11-20,21.0,21.0,20.604999542236328,20.739999771118164,12.115885734558105,52500
1996-11-21,20.395000457763672,20.56999969482422,19.299999237060547,20.110000610351562,11.747855186462402,432000
1996-11-22,19.399999618530273,20.170000076293945,19.399999618530273,19.729999542236328,11.52586555480957,270000
1996-11-25,19.549999237060547,19.795000076293945,19.450000762939453,19.709999084472656,11.514180183410645,130500
1996-11-26,19.7549991607666,19.9950008392334,18.905000686645508,19.290000915527344,11.26882553100586,126000
1996-11-27,19.0,19.0,18.700000762939453,18.950000762939453,11.070205688476562,36500
1996-11-28,18.700000762939453,19.0,18.700000762939453,18.725000381469727,10.938764572143555,33500
1996-11-29,18.875,19.295000076293945,18.799999237060547,19.024999618530273,11.114020347595215,63000
1996-12-02,19.0,19.235000610351562,18.924999237060547,19.014999389648438,11.108177185058594,46500
1996-12-03,19.149999618530273,19.9950008392334,18.514999389648438,19.200000762939453,11.216252326965332,153500
1996-12-04,18.899999618530273,19.094999313354492,18.559999465942383,18.96500015258789,11.078969955444336,83000
1996-12-05,18.75,19.200000762939453,18.75,19.024999618530273,11.114020347595215,32000
1996-12-06,19.5,19.5,18.94499969482422,19.325000762939453,11.289273262023926,49000
1996-12-09,19.395000457763672,19.475000381469727,19.200000762939453,19.364999771118164,11.312640190124512,53000
1996-12-10,19.315000534057617,19.479999542236328,19.0,19.415000915527344,11.341848373413086,75000
1996-12-11,19.5,20.299999237060547,19.5,20.204999923706055,11.803352355957031,46000
1996-12-12,20.100000381469727,20.299999237060547,19.25,19.489999771118164,11.385662078857422,87000
1996-12-13,19.25,19.459999084472656,18.93000030517578,19.010000228881836,11.10525894165039,97500
1996-12-16,19.31999969482422,19.31999969482422,18.625,18.850000381469727,11.011788368225098,89500
1996-12-17,18.844999313354492,18.844999313354492,18.389999389648438,18.469999313354492,10.789800643920898,118000
1996-12-18,19.139999389648438,19.299999237060547,18.799999237060547,18.950000762939453,11.070205688476562,180500
1996-12-19,18.809999465942383,19.200000762939453,18.799999237060547,19.0,11.099413871765137,70000
1996-12-20,19.5,19.5,19.0,19.399999618530273,11.333086967468262,223500
1996-12-23,19.5,19.795000076293945,19.25,19.334999084472656,11.295111656188965,137000
1996-12-24,19.299999237060547,20.200000762939453,19.200000762939453,19.334999084472656,11.295111656188965,423000
1996-12-25,19.334999084472656,19.334999084472656,19.334999084472656,19.334999084472656,11.295111656188965,0
1996-12-26,19.8799991607666,20.299999237060547,19.8799991607666,20.1200008392334,11.753698348999023,210500
1996-12-27,20.1200008392334,20.1200008392334,20.1200008392334,20.1200008392334,11.753698348999023,0
1996-12-30,20.1200008392334,20.1200008392334,20.1200008392334,20.1200008392334,11.753698348999023,0
1996-12-31,20.024999618530273,20.375,19.899999618530273,19.9950008392334,11.680675506591797,215500
1997-01-01,20.600000381469727,21.395000457763672,20.450000762939453,21.395000457763672,12.498526573181152,416500
1997-01-02,22.0,22.100000381469727,21.44499969482422,21.520000457763672,12.571549415588379,334000
1997-01-03,21.690000534057617,22.0,21.309999465942383,21.59000015258789,12.612439155578613,210500
1997-01-06,21.549999237060547,21.850000381469727,21.350000381469727,21.399999618530273,12.501443862915039,94000
1997-01-07,21.584999084472656,21.59000015258789,20.25,20.559999465942383,12.010734558105469,241500
1997-01-08,21.389999389648438,21.950000762939453,21.209999084472656,21.30500030517578,12.445952415466309,169500
1997-01-09,21.2549991607666,22.450000762939453,21.2549991607666,22.280000686645508,13.015527725219727,456000
1997-01-10,22.200000762939453,23.649999618530273,22.200000762939453,22.94499969482422,13.40400505065918,662000
1997-01-13,22.84000015258789,24.55500030517578,22.5,24.344999313354492,14.221858978271484,828500
1997-01-14,24.649999618530273,24.649999618530273,24.399999618530273,24.649999618530273,14.400029182434082,223000
1997-01-15,26.299999237060547,26.375,25.899999618530273,26.375,15.407739639282227,298500
1997-01-16,27.014999389648438,27.604999542236328,24.600000381469727,24.969999313354492,14.586970329284668,366500
1997-01-17,24.5049991607666,24.799999237060547,23.600000381469727,24.2450008392334,14.16343879699707,281500
1997-01-20,24.100000381469727,24.674999237060547,23.010000228881836,23.55500030517578,13.760356903076172,131000
1997-01-21,22.524999618530273,23.725000381469727,22.149999618530273,22.415000915527344,13.094389915466309,288000
1997-01-22,23.114999771118164,23.690000534057617,23.100000381469727,23.450000762939453,13.699014663696289,146000
1997-01-23,23.450000762939453,23.450000762939453,23.450000762939453,23.450000762939453,13.699014663696289,0
1997-01-24,23.149999618530273,23.600000381469727,22.200000762939453,22.6299991607666,13.21998405456543,175500
1997-01-27,23.0,23.700000762939453,22.989999771118164,23.389999389648438,13.663963317871094,319000
1997-01-28,23.649999618530273,23.799999237060547,23.200000762939453,23.6299991607666,13.804165840148926,243000
1997-01-29,24.200000762939453,24.5,23.725000381469727,23.934999465942383,13.982339859008789,258500
1997-01-30,23.5,23.8700008392334,23.049999237060547,23.350000381469727,13.64059829711914,175500
1997-01-31,23.0,23.149999618530273,22.424999237060547,22.549999237060547,13.17325210571289,125500
1997-02-03,22.5,22.5,22.0,22.014999389648438,12.860716819763184,131500
1997-02-04,21.915000915527344,22.625,21.799999237060547,22.049999237060547,12.881163597106934,161500
1997-02-05,22.989999771118164,22.989999771118164,22.0,22.15999984741211,12.94542121887207,170000
1997-02-06,22.0,22.5,21.950000762939453,22.389999389648438,13.079785346984863,66000
1997-02-07,22.030000686645508,23.899999618530273,22.030000686645508,23.110000610351562,13.500394821166992,217500
1997-02-10,23.700000762939453,23.899999618530273,23.280000686645508,23.395000457763672,13.666888236999512,111500
1997-02-11,23.2549991607666,23.645000457763672,23.2549991607666,23.395000457763672,13.666888236999512,129500
1997-02-12,23.700000762939453,23.950000762939453,23.649999618530273,23.899999618530273,13.961896896362305,198500
1997-02-13,23.950000762939453,23.950000762939453,23.299999237060547,23.479999542236328,13.71654224395752,116500
1997-02-14,23.4950008392334,23.4950008392334,23.059999465942383,23.1200008392334,13.506235122680664,123000
1997-02-17,23.600000381469727,23.600000381469727,23.010000228881836,23.065000534057617,13.474106788635254,93500
1997-02-18,22.905000686645508,23.0,22.299999237060547,22.375,13.071022033691406,183500
1997-02-19,22.600000381469727,23.0,22.299999237060547,22.670000076293945,13.243352890014648,116500
1997-02-20,22.5,22.795000076293945,22.5,22.69499969482422,13.257960319519043,87500
1997-02-21,22.354999542236328,22.549999237060547,22.350000381469727,22.40999984741211,13.091468811035156,133500
1997-02-24,22.225000381469727,22.225000381469727,21.114999771118164,21.600000381469727,12.6182861328125,74500
1997-02-25,21.049999237060547,21.799999237060547,21.049999237060547,21.299999237060547,12.443028450012207,123000
1997-02-26,21.4950008392334,21.850000381469727,21.4950008392334,21.774999618530273,12.720511436462402,54500
1997-02-27,21.899999618530273,22.375,21.899999618530273,22.325000762939453,13.041812896728516,139000
1997-02-28,23.5,24.100000381469727,23.0,23.489999771118164,13.722383499145508,124000
1997-03-03,24.899999618530273,26.399999618530273,24.899999618530273,25.489999771118164,14.890741348266602,559500
1997-03-04,26.170000076293945,26.604999542236328,24.600000381469727,25.219999313354492,14.733009338378906,785500
1997-03-05,26.899999618530273,26.985000610351562,26.0,26.344999313354492,15.390213012695312,388000
1997-03-06,26.299999237060547,26.700000762939453,26.1200008392334,26.559999465942383,15.515811920166016,199500
1997-03-07,26.559999465942383,26.559999465942383,26.559999465942383,26.559999465942383,15.515811920166016,0
1997-03-10,26.700000762939453,26.700000762939453,25.0049991607666,25.959999084472656,15.165306091308594,591500
1997-03-11,25.200000762939453,25.690000534057617,25.014999389648438,25.190000534057617,14.715490341186523,184500
1997-03-12,25.899999618530273,26.0,25.325000762939453,25.600000381469727,14.954999923706055,72500
1997-03-13,25.700000762939453,25.75,25.200000762939453,25.334999084472656,14.800191879272461,40500
1997-03-14,25.024999618530273,25.600000381469727,25.024999618530273,25.440000534057617,14.861532211303711,107000
1997-03-17,25.780000686645508,25.875,25.364999771118164,25.56999969482422,14.937478065490723,87000
1997-03-18,25.30500030517578,26.5,25.30500030517578,26.059999465942383,15.223726272583008,204500
1997-03-19,25.549999237060547,26.299999237060547,25.360000610351562,25.399999618530273,14.83816146850586,124000
1997-03-20,25.100000381469727,25.549999237060547,25.0,25.155000686645508,14.695042610168457,70500
1997-03-21,25.049999237060547,25.5,25.049999237060547,25.165000915527344,14.700881958007812,43000
1997-03-24,25.165000915527344,25.165000915527344,25.165000915527344,25.165000915527344,14.700881958007812,0
1997-03-25,25.399999618530273,25.399999618530273,24.700000762939453,24.854999542236328,14.519787788391113,99000
1997-03-26,25.700000762939453,25.799999237060547,25.100000381469727,25.309999465942383,14.7855863571167,94500
1997-03-27,25.114999771118164,25.2549991607666,24.899999618530273,25.110000610351562,14.66875171661377,39000
1997-03-28,25.110000610351562,25.110000610351562,25.110000610351562,25.110000610351562,14.66875171661377,0
1997-03-31,23.399999618530273,23.5,23.354999542236328,23.354999542236328,13.643516540527344,48000
1997-04-01,22.5,23.0,22.5,22.825000762939453,13.333901405334473,152500
1997-04-02,23.225000381469727,24.30500030517578,23.225000381469727,24.049999237060547,14.049518585205078,29500
1997-04-03,24.0,24.0049991607666,23.700000762939453,23.829999923706055,13.921002388000488,41000
1997-04-04,23.399999618530273,23.795000076293945,23.299999237060547,23.434999465942383,13.690252304077148,28000
1997-04-07,23.3799991607666,23.3799991607666,22.510000228881836,22.684999465942383,13.252117156982422,41000
1997-04-08,22.684999465942383,22.684999465942383,22.684999465942383,22.684999465942383,13.252117156982422,0
1997-04-09,23.5,24.2450008392334,23.5,24.204999923706055,14.1400728225708,82000
1997-04-10,23.799999237060547,24.0,23.399999618530273,23.579999923706055,13.774956703186035,54500
1997-04-11,22.5,23.69499969482422,22.450000762939453,23.604999542236328,13.789566040039062,63000
1997-04-14,23.604999542236328,23.604999542236328,23.604999542236328,23.604999542236328,13.789566040039062,0
1997-04-15,23.55500030517578,23.674999237060547,23.25,23.424999237060547,13.684412956237793,60500
1997-04-16,23.424999237060547,23.424999237060547,23.424999237060547,23.424999237060547,13.684412956237793,0
1997-04-17,23.510000228881836,23.600000381469727,23.30500030517578,23.559999465942383,13.763275146484375,16000
1997-04-18,23.559999465942383,23.559999465942383,23.559999465942383,23.559999465942383,13.763275146484375,0
1997-04-21,24.100000381469727,24.100000381469727,23.704999923706055,23.8799991607666,13.950207710266113,406500
1997-04-22,24.200000762939453,24.200000762939453,23.299999237060547,23.350000381469727,13.64059829711914,142000
1997-04-23,23.700000762939453,23.850000381469727,22.399999618530273,23.344999313354492,13.637674331665039,134500
1997-04-24,23.299999237060547,23.700000762939453,23.204999923706055,23.489999771118164,13.722383499145508,43000
1997-04-25,23.395000457763672,23.450000762939453,23.0,23.274999618530273,13.596783638000488,40500
1997-04-28,23.155000686645508,23.375,22.934999465942383,22.934999465942383,13.398161888122559,75500
1997-04-29,22.899999618530273,22.899999618530273,22.010000228881836,22.295000076293945,13.024288177490234,140500
1997-04-30,23.290000915527344,23.799999237060547,22.799999237060547,22.950000762939453,13.406927108764648,105000
1997-05-01,22.950000762939453,22.950000762939453,22.950000762939453,22.950000762939453,13.406927108764648,0
1997-05-02,22.5,23.0,22.5,22.850000381469727,13.348509788513184,91500
1997-05-05,22.799999237060547,22.799999237060547,22.200000762939453,22.44499969482422,13.11191177368164,108500
1997-05-06,22.010000228881836,22.4950008392334,21.200000762939453,22.43000030517578,13.10315227508545,155000
1997-05-07,22.21500015258789,22.725000381469727,22.21500015258789,22.334999084472656,13.047652244567871,43000
1997-05-08,22.200000762939453,23.895000457763672,22.200000762939453,23.875,13.947291374206543,154000
1997-05-09,23.799999237060547,24.790000915527344,23.299999237060547,23.665000915527344,13.824615478515625,169000
1997-05-12,23.600000381469727,23.639999389648438,23.280000686645508,23.485000610351562,13.719462394714355,212000
1997-05-13,23.204999923706055,25.104999542236328,23.204999923706055,24.510000228881836,14.318243980407715,371500
1997-05-14,24.700000762939453,26.229999542236328,24.700000762939453,26.229999542236328,15.32303524017334,1042000
1997-05-15,27.165000915527344,28.059999465942383,26.104999542236328,27.56999969482422,16.105833053588867,1880000
1997-05-16,27.350000381469727,29.385000228881836,27.100000381469727,29.350000381469727,17.14567756652832,4222500
1997-05-19,29.385000228881836,29.385000228881836,28.899999618530273,29.165000915527344,17.037601470947266,1308500
1997-05-20,28.850000381469727,29.024999618530273,28.454999923706055,28.795000076293945,16.82145881652832,1288000
1997-05-21,28.65999984741211,30.299999237060547,28.5049991607666,29.2450008392334,17.084339141845703,2950500
1997-05-22,29.209999084472656,29.549999237060547,28.600000381469727,29.104999542236328,17.002548217773438,1435000
1997-05-23,28.905000686645508,29.100000381469727,28.649999618530273,28.770000457763672,16.806852340698242,809000
1997-05-26,28.524999618530273,29.075000762939453,28.100000381469727,28.30500030517578,16.535202026367188,843500
1997-05-27,28.15999984741211,28.469999313354492,27.350000381469727,27.454999923706055,16.03865623474121,1537000
1997-05-28,27.709999084472656,28.649999618530273,27.709999084472656,28.045000076293945,16.38332176208496,1215000
1997-05-29,28.110000610351562,28.375,28.0049991607666,28.325000762939453,16.546890258789062,467000
1997-05-30,28.200000762939453,29.5,28.125,29.28499984741211,17.10770606994629,1550500
1997-06-02,29.670000076293945,31.334999084472656,29.424999237060547,31.334999084472656,18.30527114868164,5636000
1997-06-03,32.20000076293945,32.91999816894531,31.600000381469727,31.81999969482422,18.588598251342773,4477000
1997-06-04,32.20000076293945,34.04499816894531,31.799999237060547,33.82500076293945,19.759878158569336,9704000
1997-06-05,34.279998779296875,34.69499969482422,33.30500030517578,33.974998474121094,19.847501754760742,7355000
1997-06-06,33.849998474121094,33.939998626708984,33.17499923706055,33.28499984741211,19.44442367553711,3521000
1997-06-09,33.125,33.189998626708984,32.20500183105469,32.33000183105469,18.88652992248535,3212500
1997-06-10,32.400001525878906,32.78499984741211,31.739999771118164,31.899999618530273,18.635332107543945,3969500
1997-06-11,32.70000076293945,33.29999923706055,31.899999618530273,32.084999084472656,18.743406295776367,7167000
1997-06-12,32.400001525878906,34.09000015258789,32.11000061035156,33.88999938964844,19.797853469848633,13416000
1997-06-13,34.185001373291016,35.900001525878906,34.0,35.08000183105469,20.493022918701172,14749000
1997-06-16,34.900001525878906,37.29999923706055,34.45500183105469,36.04499816894531,21.05675506591797,17411000
1997-06-17,36.5,38.20000076293945,36.150001525878906,37.45000076293945,21.87752914428711,14135000
1997-06-18,39.900001525878906,40.0,38.83000183105469,39.11000061035156,22.847267150878906,10326000
1997-06-19,38.599998474121094,39.244998931884766,38.415000915527344,39.01499938964844,22.791770935058594,7361500
1997-06-20,39.209999084472656,40.5,38.80500030517578,39.64500045776367,23.159805297851562,17188000
1997-06-23,39.685001373291016,40.20000076293945,39.310001373291016,39.459999084472656,23.05173110961914,5344000
1997-06-24,39.42499923706055,39.6349983215332,39.13999938964844,39.4900016784668,23.069255828857422,3034500
1997-06-25,39.56999969482422,39.79999923706055,38.810001373291016,39.14500045776367,22.867719650268555,7938500
1997-06-26,39.125,39.45000076293945,38.79999923706055,38.939998626708984,22.747953414916992,4730500
1997-06-27,38.79999923706055,39.599998474121094,38.599998474121094,39.040000915527344,22.806379318237305,7253000
1997-06-30,39.04999923706055,39.400001525878906,38.70500183105469,39.150001525878906,22.870637893676758,8091500
1997-07-01,39.16999816894531,40.220001220703125,39.099998474121094,40.1150016784668,23.434371948242188,18505000
1997-07-02,40.380001068115234,41.07500076293945,40.0,40.26499938964844,23.521995544433594,17996500
1997-07-03,40.209999084472656,40.48500061035156,39.45500183105469,39.56999969482422,23.115985870361328,9443000
1997-07-04,39.5,39.94499969482422,39.20500183105469,39.630001068115234,23.15104103088379,6314500
1997-07-07,39.654998779296875,40.08000183105469,39.51499938964844,39.6150016784668,23.14227867126465,4061000
1997-07-08,39.5,39.974998474121094,39.25,39.83000183105469,23.267881393432617,5101500
1997-07-09,40.25,42.29999923706055,40.20000076293945,42.10499954223633,24.596893310546875,43325500
1997-07-10,42.400001525878906,43.375,41.79999923706055,42.60499954223633,24.888980865478516,32088000
1997-07-11,42.400001525878906,43.099998474121094,42.10499954223633,42.880001068115234,25.049631118774414,21952500
1997-07-14,42.5,43.66999816894531,41.79999923706055,42.28499984741211,24.702045440673828,36233000
1997-07-15,42.290000915527344,42.95000076293945,42.06999969482422,42.505001068115234,24.830554962158203,11830500
1997-07-16,42.75,42.900001525878906,39.529998779296875,39.599998474121094,23.133512496948242,49130000
1997-07-17,39.45000076293945,40.29999923706055,38.43000030517578,39.724998474121094,23.206541061401367,33865500
1997-07-18,39.724998474121094,39.724998474121094,39.724998474121094,39.724998474121094,23.206541061401367,0
1997-07-21,38.505001068115234,39.0,37.82500076293945,38.53499984741211,22.511363983154297,20260500
1997-07-22,38.70500183105469,39.9900016784668,38.35499954223633,39.03499984741211,22.8034610748291,29885000
1997-07-23,39.599998474121094,40.25,39.400001525878906,39.67499923706055,23.177331924438477,11444000
1997-07-24,39.779998779296875,40.099998474121094,38.79999923706055,39.099998474121094,22.841428756713867,11805500
1997-07-25,38.9900016784668,39.099998474121094,38.064998626708984,38.25,22.34487533569336,11396500
1997-07-28,38.57500076293945,39.59000015258789,37.90999984741211,39.36000061035156,22.99330711364746,15955500
1997-07-29,39.79999923706055,41.29499816894531,39.314998626708984,41.25,24.097414016723633,23246000
1997-07-30,41.400001525878906,41.75,40.560001373291016,40.67499923706055,23.76151466369629,23440000
1997-07-31,40.529998779296875,41.47999954223633,40.529998779296875,41.21500015258789,24.07697105407715,13866000
1997-08-01,41.099998474121094,42.275001525878906,40.95000076293945,42.084999084472656,24.585201263427734,17229000
1997-08-04,43.54999923706055,45.03499984741211,43.279998779296875,44.9900016784668,26.28225326538086,28722500
1997-08-05,45.5,45.584999084472656,44.20000076293945,44.58000183105469,26.04273223876953,19830000
1997-08-06,44.7400016784668,47.400001525878906,44.5,46.915000915527344,27.40679168701172,7100500
1997-08-07,46.01499938964844,46.849998474121094,44.400001525878906,45.09000015258789,26.34066390991211,26266500
1997-08-08,45.0,46.845001220703125,44.79999923706055,46.619998931884766,27.234464645385742,33131000
1997-08-11,46.900001525878906,48.099998474121094,46.78499984741211,47.790000915527344,27.917949676513672,28087500
1997-08-12,47.98500061035156,48.13999938964844,46.209999084472656,46.7400016784668,27.3045654296875,23533000
1997-08-13,46.79999923706055,47.290000915527344,46.224998474121094,47.13999938964844,27.538230895996094,15429000
1997-08-14,47.099998474121094,47.63999938964844,46.529998779296875,46.970001220703125,27.43892478942871,20402000
1997-08-15,46.970001220703125,46.970001220703125,46.970001220703125,46.970001220703125,27.43892478942871,0
1997-08-18,46.404998779296875,46.79499816894531,45.2599983215332,45.779998779296875,26.743749618530273,19787000
1997-08-19,45.709999084472656,45.849998474121094,44.29999923706055,44.494998931884766,25.993080139160156,21031000
1997-08-20,44.70000076293945,45.875,42.900001525878906,45.334999084472656,26.483787536621094,56237500
1997-08-21,45.91999816894531,47.29999923706055,43.09000015258789,44.630001068115234,26.071941375732422,43628000
1997-08-22,44.79999923706055,45.42499923706055,44.029998779296875,44.709999084472656,26.11867332458496,40233000
1997-08-25,45.20000076293945,45.20000076293945,42.79999923706055,43.8849983215332,25.636730194091797,35504500
1997-08-26,44.0,44.53499984741211,43.04999923706055,43.44499969482422,25.37968635559082,28240500
1997-08-27,45.0,46.474998474121094,44.75,46.125,26.945293426513672,61699500
1997-08-28,46.0,46.20000076293945,44.099998474121094,44.290000915527344,25.873313903808594,55644500
1997-08-29,43.85499954223633,44.244998931884766,42.099998474121094,42.56999969482422,24.868532180786133,40985500
1997-09-01,42.310001373291016,43.400001525878906,41.31999969482422,41.85499954223633,24.450841903686523,38348000
1997-09-02,42.29499816894531,43.375,41.755001068115234,42.8650016784668,25.040870666503906,36769500
1997-09-03,43.89500045776367,45.0,42.9900016784668,43.1349983215332,25.198593139648438,25380500
1997-09-04,43.0,43.75,42.75,43.630001068115234,25.48775863647461,25770500
1997-09-05,43.790000915527344,46.5,43.790000915527344,46.36000061035156,27.082569122314453,84658000
1997-09-08,46.005001068115234,46.79499816894531,44.599998474121094,46.564998626708984,27.202320098876953,58143500
1997-09-09,46.900001525878906,47.279998779296875,45.79999923706055,46.220001220703125,27.000789642333984,56499000
1997-09-10,45.10499954223633,46.63999938964844,45.099998474121094,46.29499816894531,27.044607162475586,61619500
1997-09-11,46.209999084472656,46.779998779296875,45.904998779296875,46.3650016784668,27.085498809814453,31733500
1997-09-12,46.20500183105469,46.599998474121094,45.875,46.38999938964844,27.10009765625,40122000
1997-09-15,46.275001525878906,46.349998474121094,44.849998474121094,45.119998931884766,26.358192443847656,42345000
1997-09-16,45.04999923706055,45.904998779296875,44.51499938964844,45.564998626708984,26.618152618408203,36360500
1997-09-17,45.5099983215332,45.75,45.060001373291016,45.19499969482422,26.40200424194336,4533000
1997-09-18,44.20000076293945,44.275001525878906,43.21500015258789,43.650001525878906,25.499446868896484,29203500
1997-09-19,43.7400016784668,43.935001373291016,41.92499923706055,42.119998931884766,24.605648040771484,50257500
1997-09-22,41.724998474121094,42.39500045776367,40.20000076293945,40.61000061035156,23.723533630371094,53564000
1997-09-23,40.10499954223633,41.15999984741211,39.95000076293945,40.755001068115234,23.808244705200195,53923000
1997-09-24,41.79999923706055,42.150001525878906,40.85499954223633,41.05500030517578,23.98349380493164,46754500
1997-09-25,40.900001525878906,41.5,40.51499938964844,41.17499923706055,24.053600311279297,39667000
1997-09-26,41.25,42.04999923706055,40.94499969482422,41.029998779296875,23.968891143798828,53580500
1997-09-29,41.70000076293945,42.61000061035156,41.459999084472656,41.73500061035156,24.3807373046875,48538000
1997-09-30,41.505001068115234,41.55500030517578,39.915000915527344,40.67499923706055,23.76151466369629,76493000
1997-10-01,40.599998474121094,40.790000915527344,39.400001525878906,40.040000915527344,23.39055633544922,42508500
1997-10-02,40.040000915527344,40.040000915527344,40.040000915527344,40.040000915527344,23.39055633544922,0
1997-10-03,40.040000915527344,40.040000915527344,40.040000915527344,40.040000915527344,23.39055633544922,0
1997-10-06,40.040000915527344,40.040000915527344,40.040000915527344,40.040000915527344,23.39055633544922,0
1997-10-07,40.040000915527344,40.040000915527344,40.040000915527344,40.040000915527344,23.39055633544922,0
1997-10-08,40.040000915527344,40.040000915527344,40.040000915527344,40.040000915527344,23.39055633544922,0
1997-10-09,39.20000076293945,40.07500076293945,39.10499954223633,39.96500015258789,23.346744537353516,19356000
1997-10-10,40.279998779296875,41.599998474121094,39.810001373291016,41.404998779296875,24.187963485717773,37394500
1997-10-13,41.5,42.20000076293945,40.40999984741211,40.560001373291016,23.694332122802734,25670500
1997-10-14,40.5,40.79999923706055,39.80500030517578,40.185001373291016,23.475265502929688,27350000
1997-10-15,40.599998474121094,42.474998474121094,40.5,42.099998474121094,24.593971252441406,46207500
1997-10-16,42.349998474121094,42.78499984741211,42.01499938964844,42.48500061035156,24.81887435913086,29340000
1997-10-17,42.599998474121094,43.79999923706055,42.25,43.60499954223633,25.473159790039062,49919500
1997-10-20,43.689998626708984,43.83000183105469,42.720001220703125,43.26499938964844,25.274539947509766,38218500
1997-10-21,43.400001525878906,43.400001525878906,41.79999923706055,42.20000076293945,24.65238380432129,32254500
1997-10-22,42.599998474121094,43.20000076293945,42.10499954223633,42.61000061035156,24.891904830932617,28676000
1997-10-23,42.70000076293945,42.88999938964844,40.654998779296875,41.1150016784668,24.018552780151367,46933000
1997-10-24,40.9900016784668,41.0,39.40999984741211,40.435001373291016,23.62131118774414,40674500
1997-10-27,40.20000076293945,41.29999923706055,39.79999923706055,40.650001525878906,23.746906280517578,33006000
1997-10-28,40.314998626708984,40.5,36.584999084472656,36.584999084472656,21.37221336364746,35808000
1997-10-29,37.76499938964844,40.099998474121094,37.76499938964844,38.86000061035156,22.70122528076172,30070000
1997-10-30,38.29999923706055,38.29999923706055,36.5,37.42499923706055,21.862924575805664,15453000
1997-10-31,37.42499923706055,37.42499923706055,37.42499923706055,37.42499923706055,21.862924575805664,0
1997-11-03,37.790000915527344,38.599998474121094,37.23500061035156,37.810001373291016,22.08783721923828,21809000
1997-11-04,37.994998931884766,39.0,37.279998779296875,38.20000076293945,22.315664291381836,32967500
1997-11-05,38.29999923706055,39.625,37.900001525878906,38.810001373291016,22.672019958496094,45073000
1997-11-06,38.709999084472656,39.025001525878906,37.849998474121094,38.790000915527344,22.660335540771484,31462000
1997-11-07,38.849998474121094,39.400001525878906,38.20500183105469,38.59000015258789,22.54349708557129,49049500
1997-11-10,38.40999984741211,38.540000915527344,37.880001068115234,38.189998626708984,22.30982208251953,27216000
1997-11-11,38.07500076293945,38.07500076293945,37.1150016784668,37.349998474121094,21.819116592407227,34493000
1997-11-12,37.625,37.775001525878906,36.76499938964844,37.04499816894531,21.64093589782715,25655000
1997-11-13,36.85499954223633,37.0,35.72999954223633,36.09000015258789,21.083049774169922,27013000
1997-11-14,36.09000015258789,36.09000015258789,36.09000015258789,36.09000015258789,21.083049774169922,0
1997-11-17,35.65999984741211,36.45000076293945,35.255001068115234,36.060001373291016,21.065523147583008,25475000
1997-11-18,36.099998474121094,36.099998474121094,35.119998931884766,35.41999816894531,20.691646575927734,25327000
1997-11-19,34.54499816894531,35.13999938964844,33.599998474121094,33.92499923706055,19.818296432495117,34573500
1997-11-20,33.45500183105469,34.900001525878906,32.66999816894531,34.54499816894531,20.18048858642578,44417000
1997-11-21,34.7400016784668,35.64500045776367,34.5,35.22999954223633,20.580650329589844,38977500
1997-11-24,35.20000076293945,35.5,34.07500076293945,34.185001373291016,19.970191955566406,26309500
1997-11-25,34.20000076293945,35.900001525878906,34.0099983215332,35.41999816894531,20.691646575927734,22715500
1997-11-26,35.54999923706055,36.779998779296875,35.54999923706055,35.9900016784668,21.024627685546875,22923000
1997-11-27,35.875,39.150001525878906,35.599998474121094,38.869998931884766,22.70706558227539,42398500
1997-11-28,38.42499923706055,38.689998626708984,36.80500030517578,36.9900016784668,21.608806610107422,61977500
1997-12-01,36.61000061035156,37.45000076293945,36.45000076293945,37.2599983215332,21.76653480529785,28904500
1997-12-02,37.29999923706055,37.54499816894531,36.029998779296875,36.2400016784668,21.170673370361328,33855000
1997-12-03,36.79999923706055,37.584999084472656,36.349998474121094,36.69499969482422,21.436473846435547,28219500
1997-12-04,36.1349983215332,37.15999984741211,35.564998626708984,35.779998779296875,20.901952743530273,28451500
1997-12-05,35.70000076293945,37.0,35.70000076293945,35.94499969482422,20.998340606689453,22638500
1997-12-08,36.0,36.849998474121094,35.95500183105469,36.505001068115234,21.32548713684082,22326500
1997-12-09,36.400001525878906,37.150001525878906,35.810001373291016,36.29999923706055,21.205720901489258,26215000
1997-12-10,36.0,37.5,35.9900016784668,36.689998626708984,21.43355941772461,41756500
1997-12-11,36.57500076293945,37.04999923706055,34.625,36.16999816894531,21.129783630371094,57873500
1997-12-12,36.20000076293945,36.97999954223633,35.83000183105469,36.29999923706055,21.205720901489258,29843500
1997-12-15,36.400001525878906,38.2400016784668,36.39500045776367,37.79999923706055,22.081993103027344,36366000
1997-12-16,38.25,40.099998474121094,37.900001525878906,39.5099983215332,23.080934524536133,68020500
1997-12-17,40.0,40.47999954223633,39.05500030517578,39.73500061035156,23.21238136291504,37855000
1997-12-18,39.88999938964844,40.279998779296875,38.630001068115234,38.81999969482422,22.6778564453125,48113000
1997-12-19,38.6150016784668,39.3849983215332,38.45000076293945,39.255001068115234,22.931976318359375,32481500
1997-12-22,39.47999954223633,40.59000015258789,39.47999954223633,40.369998931884766,23.583328247070312,36707000
1997-12-23,40.4900016784668,40.79999923706055,40.11000061035156,40.55500030517578,23.69140625,28481000
1997-12-24,40.400001525878906,40.599998474121094,39.5,40.47999954223633,23.647598266601562,27346500
1997-12-25,40.47999954223633,40.47999954223633,40.47999954223633,40.47999954223633,23.647598266601562,0
1997-12-26,40.88999938964844,42.369998931884766,40.709999084472656,42.244998931884766,24.678667068481445,49759500
1997-12-29,42.369998931884766,42.9900016784668,42.2599983215332,42.665000915527344,24.924028396606445,31443500
1997-12-30,42.54999923706055,42.54999923706055,41.30500030517578,41.60499954223633,24.30480194091797,35381000
1997-12-31,41.79999923706055,43.099998474121094,41.79999923706055,42.53499984741211,24.84808921813965,30113500
1998-01-01,42.35499954223633,43.13999938964844,42.18000030517578,42.814998626708984,25.011659622192383,28733500
1998-01-02,43.0,43.5,42.83000183105469,43.084999084472656,25.169376373291016,30450500
1998-01-05,43.32500076293945,44.04499816894531,43.32500076293945,43.70500183105469,25.53157615661621,37712000
1998-01-06,43.599998474121094,44.17499923706055,42.849998474121094,43.790000915527344,25.58123207092285,32338000
1998-01-07,44.0,44.5,43.400001525878906,44.1349983215332,25.782766342163086,41333500
1998-01-08,43.97999954223633,43.97999954223633,42.48500061035156,42.7400016784668,24.967838287353516,38421500
1998-01-09,42.45500183105469,42.45500183105469,40.314998626708984,40.90999984741211,23.898794174194336,73435500
1998-01-12,40.70500183105469,40.70500183105469,38.79999923706055,39.209999084472656,22.90568733215332,42377500
1998-01-13,39.5,40.61000061035156,39.5,39.97999954223633,23.355504989624023,46373500
1998-01-14,40.70500183105469,41.25,38.915000915527344,39.68000030517578,23.180252075195312,41604000
1998-01-15,39.43000030517578,40.4900016784668,39.1150016784668,40.2599983215332,23.519073486328125,42465000
1998-01-16,40.5,40.84000015258789,40.19499969482422,40.630001068115234,23.73522186279297,25080500
1998-01-19,40.400001525878906,41.75,40.04999923706055,41.51499938964844,24.252225875854492,35462500
1998-01-20,41.70000076293945,41.779998779296875,40.5099983215332,40.845001220703125,23.860820770263672,34690500
1998-01-21,40.95000076293945,41.2599983215332,40.560001373291016,41.03499984741211,23.97181510925293,21138000
1998-01-22,40.61000061035156,40.650001525878906,39.73500061035156,39.98500061035156,23.358428955078125,36358500
1998-01-23,39.88999938964844,40.38999938964844,39.564998626708984,40.07500076293945,23.41100311279297,25614000
1998-01-26,40.07500076293945,40.07500076293945,40.07500076293945,40.07500076293945,23.41100311279297,0
1998-01-27,40.099998474121094,40.20000076293945,39.0099983215332,39.36000061035156,22.99330711364746,22164000
1998-01-28,39.29999923706055,39.775001525878906,38.2599983215332,38.68000030517578,22.59607696533203,32579000
1998-01-29,38.5,38.79999923706055,37.7599983215332,38.349998474121094,22.403295516967773,28519000
1998-01-30,38.470001220703125,39.904998779296875,38.470001220703125,39.814998626708984,23.259122848510742,44065500
1998-02-02,39.95000076293945,41.125,39.90999984741211,41.0099983215332,23.957216262817383,54034000
1998-02-03,41.0,41.185001373291016,40.54999923706055,40.75,23.805326461791992,35280500
1998-02-04,41.25,41.689998626708984,39.720001220703125,39.96500015258789,23.346744537353516,39106500
1998-02-05,40.19499969482422,40.849998474121094,40.040000915527344,40.48500061035156,23.6505184173584,25493500
1998-02-06,40.77000045776367,41.20000076293945,40.1150016784668,41.005001068115234,23.95429039001465,39545500
1998-02-09,41.17499923706055,41.66999816894531,40.96500015258789,41.29499816894531,24.123701095581055,33575500
1998-02-10,41.099998474121094,41.099998474121094,40.525001525878906,40.61000061035156,23.723533630371094,25441500
1998-02-11,40.849998474121094,41.165000915527344,40.60499954223633,40.810001373291016,23.840375900268555,17201500
1998-02-12,40.83000183105469,40.96500015258789,40.2599983215332,40.6349983215332,23.738142013549805,20964500
1998-02-13,40.779998779296875,41.125,40.67499923706055,41.02000045776367,23.963054656982422,19397000
1998-02-16,41.02000045776367,41.02000045776367,41.02000045776367,41.02000045776367,23.963054656982422,0
1998-02-17,41.599998474121094,41.92499923706055,41.40999984741211,41.595001220703125,24.298959732055664,21321500
1998-02-18,41.54999923706055,42.290000915527344,41.32500076293945,41.63999938964844,24.32524299621582,30718000
1998-02-19,41.650001525878906,42.39500045776367,41.650001525878906,42.28499984741211,24.702045440673828,33301500
1998-02-20,42.349998474121094,42.400001525878906,41.80500030517578,41.89500045776367,24.474218368530273,25663500
1998-02-23,41.849998474121094,42.7400016784668,41.7400016784668,42.5,24.82763671875,18395500
1998-02-24,42.775001525878906,43.400001525878906,42.459999084472656,43.189998626708984,25.23072052001953,33336000
1998-02-25,43.53499984741211,43.92499923706055,43.40999984741211,43.71500015258789,25.537416458129883,33196500
1998-02-26,43.875,43.97999954223633,43.32500076293945,43.7599983215332,25.563703536987305,27025500
1998-02-27,43.79499816894531,44.08000183105469,43.40999984741211,43.61000061035156,25.47608184814453,30607500
1998-03-02,43.79999923706055,44.67499923706055,43.599998474121094,44.46500015258789,25.975547790527344,36697500
1998-03-03,44.400001525878906,44.63999938964844,42.505001068115234,42.974998474121094,25.10512924194336,30716500
1998-03-04,42.900001525878906,44.04499816894531,42.900001525878906,43.84000015258789,25.61043930053711,25775000
1998-03-05,43.505001068115234,43.88999938964844,43.04999923706055,43.17499923706055,25.22195816040039,16763500
1998-03-06,42.97999954223633,43.099998474121094,42.25,42.5099983215332,24.83348274230957,24106500
1998-03-09,42.849998474121094,43.5,42.7599983215332,43.22999954223633,25.254087448120117,21301000
1998-03-10,43.20000076293945,43.4900016784668,42.310001373291016,42.599998474121094,24.886056900024414,23912000
1998-03-11,42.650001525878906,42.900001525878906,41.42499923706055,41.77000045776367,24.40119171142578,28941500
1998-03-12,41.70000076293945,42.244998931884766,41.505001068115234,41.73500061035156,24.3807373046875,22025000
1998-03-13,41.73500061035156,41.73500061035156,41.73500061035156,41.73500061035156,24.3807373046875,0
1998-03-16,42.09000015258789,42.69499969482422,42.040000915527344,42.244998931884766,24.678667068481445,21531000
1998-03-17,42.150001525878906,43.20000076293945,41.79999923706055,42.72999954223633,24.96199607849121,27517500
1998-03-18,43.7599983215332,44.13999938964844,43.42499923706055,43.61000061035156,25.47608184814453,27102000
1998-03-19,43.900001525878906,43.974998474121094,43.224998474121094,43.44499969482422,25.37968635559082,20576000
1998-03-20,43.25,43.55500030517578,42.92499923706055,43.30500030517578,25.297901153564453,17777000
1998-03-23,43.400001525878906,43.5,43.0099983215332,43.28499984741211,25.286222457885742,4542000
1998-03-24,43.59000015258789,43.75,41.599998474121094,42.21500015258789,24.661148071289062,24375000
1998-03-25,42.689998626708984,42.900001525878906,42.224998474121094,42.79999923706055,25.002887725830078,15896000
1998-03-26,42.89500045776367,43.34000015258789,42.1150016784668,42.220001220703125,24.66407012939453,23738500
1998-03-27,42.125,42.599998474121094,41.900001525878906,42.525001525878906,24.842248916625977,17614000
1998-03-30,42.724998474121094,42.724998474121094,41.650001525878906,41.72999954223633,24.377817153930664,11891000
1998-03-31,41.70000076293945,41.970001220703125,41.150001525878906,41.439998626708984,24.208406448364258,20322000
1998-04-01,42.099998474121094,42.79999923706055,42.0,42.71500015258789,24.953237533569336,12519000
1998-04-02,42.90999984741211,43.28499984741211,42.150001525878906,42.42499923706055,24.783824920654297,14801000
1998-04-03,42.20000076293945,42.58000183105469,42.099998474121094,42.314998626708984,24.71957015991211,12705000
1998-04-06,42.5,43.29999923706055,42.5,42.849998474121094,25.032102584838867,16180000
1998-04-07,43.099998474121094,43.099998474121094,42.099998474121094,42.279998779296875,24.699119567871094,14630500
1998-04-08,42.279998779296875,42.279998779296875,42.279998779296875,42.279998779296875,24.699119567871094,0
1998-04-09,43.0,44.7599983215332,42.20000076293945,43.66999816894531,25.511127471923828,53207000
1998-04-10,43.650001525878906,43.95500183105469,43.005001068115234,43.185001373291016,25.22780418395996,20509500
1998-04-13,42.720001220703125,42.720001220703125,41.310001373291016,41.474998474121094,24.228851318359375,32160500
1998-04-14,41.474998474121094,41.474998474121094,41.474998474121094,41.474998474121094,24.228851318359375,0
1998-04-15,42.5,43.5,42.025001525878906,43.084999084472656,25.169376373291016,32108500
1998-04-16,42.904998779296875,43.099998474121094,42.310001373291016,42.43000030517578,24.7867488861084,17139500
1998-04-17,42.220001220703125,42.724998474121094,42.150001525878906,42.6349983215332,24.906509399414062,14566500
1998-04-20,42.70000076293945,42.849998474121094,41.93000030517578,42.07500076293945,24.579370498657227,10171500
1998-04-21,42.20000076293945,42.54999923706055,41.834999084472656,42.22999954223633,24.669910430908203,18861500
1998-04-22,43.0,45.81999969482422,42.369998931884766,42.45500183105469,24.80135154724121,18593000
1998-04-23,42.20000076293945,42.64500045776367,41.91999816894531,42.025001525878906,24.55015754699707,10758500
1998-04-24,42.400001525878906,42.400001525878906,41.29999923706055,42.07500076293945,24.579370498657227,12869500
1998-04-27,42.29999923706055,42.29999923706055,41.57500076293945,41.70500183105469,24.36321449279785,7088000
1998-04-28,41.685001373291016,41.849998474121094,41.400001525878906,41.709999084472656,24.36613655090332,11303500
1998-04-29,42.29999923706055,42.57500076293945,40.85499954223633,41.02000045776367,23.963054656982422,15848000
1998-04-30,40.88999938964844,41.40999984741211,40.435001373291016,41.03499984741211,23.97181510925293,15715000
1998-05-01,41.03499984741211,41.03499984741211,41.03499984741211,41.03499984741211,23.97181510925293,0
1998-05-04,41.290000915527344,41.470001220703125,39.65999984741211,40.01499938964844,23.37594985961914,15756000
1998-05-05,39.90999984741211,40.4900016784668,39.224998474121094,40.314998626708984,23.551204681396484,17297000
1998-05-06,40.70000076293945,40.70000076293945,39.70000076293945,39.76499938964844,23.22991180419922,10323000
1998-05-07,39.76499938964844,39.76499938964844,39.76499938964844,39.76499938964844,23.22991180419922,0
1998-05-08,39.73500061035156,39.73500061035156,38.25,38.3849983215332,22.423738479614258,14425500
1998-05-11,38.099998474121094,38.970001220703125,37.96500015258789,38.8650016784668,22.70414924621582,15119500
1998-05-12,38.61000061035156,38.70000076293945,36.68000030517578,37.345001220703125,21.81619644165039,16897500
1998-05-13,36.5,38.0,36.5,36.75,21.468608856201172,14924500
1998-05-14,36.41999816894531,37.70000076293945,36.41999816894531,37.564998626708984,21.94471549987793,11640000
1998-05-15,37.66999816894531,38.47999954223633,37.5,37.685001373291016,22.01481819152832,15724000
1998-05-18,37.849998474121094,38.349998474121094,37.75,37.849998474121094,22.11119842529297,6677500
1998-05-19,37.88999938964844,38.5,37.88999938964844,38.20000076293945,22.315664291381836,11385500
1998-05-20,38.70000076293945,38.744998931884766,38.025001525878906,38.435001373291016,22.452945709228516,6737500
1998-05-21,38.45000076293945,38.599998474121094,37.36000061035156,37.584999084472656,21.956396102905273,4757000
1998-05-22,37.599998474121094,38.099998474121094,37.29999923706055,37.904998779296875,22.143327713012695,5117500
1998-05-25,37.099998474121094,37.95000076293945,37.0,37.70500183105469,22.0264949798584,2253500
1998-05-26,37.61000061035156,37.69499969482422,36.81999969482422,36.95500183105469,21.588363647460938,5319000
1998-05-27,37.0,37.099998474121094,36.209999084472656,36.33000183105469,21.223247528076172,4294500
1998-05-28,36.209999084472656,36.900001525878906,34.61000061035156,34.93000030517578,20.405397415161133,8449000
1998-05-29,34.5099983215332,35.0,33.564998626708984,34.13999938964844,19.943897247314453,8104000
1998-06-01,34.5,35.400001525878906,31.43000030517578,32.125,18.76677703857422,13755500
1998-06-02,32.29999923706055,32.685001373291016,31.43000030517578,31.725000381469727,18.53310203552246,9395500
1998-06-03,32.29999923706055,34.04999923706055,32.005001068115234,33.584999084472656,19.619678497314453,8017500
1998-06-04,34.290000915527344,34.290000915527344,31.46500015258789,31.690000534057617,18.51265525817871,14611500
1998-06-05,31.309999465942383,31.700000762939453,29.704999923706055,30.05500030517578,17.55752182006836,15151500
1998-06-08,29.989999771118164,30.600000381469727,28.5049991607666,29.6200008392334,17.303403854370117,13834000
1998-06-09,30.200000762939453,30.790000915527344,29.559999465942383,30.354999542236328,17.732776641845703,11143500
1998-06-10,30.600000381469727,31.100000381469727,28.850000381469727,29.079999923706055,16.987945556640625,15780000
1998-06-11,28.655000686645508,29.049999237060547,26.5049991607666,28.3799991607666,16.579017639160156,13890500
1998-06-12,28.34000015258789,29.625,28.010000228881836,28.954999923706055,16.914926528930664,15842000
1998-06-15,28.989999771118164,28.989999771118164,27.200000762939453,27.325000762939453,15.962709426879883,10461500
1998-06-16,26.75,27.299999237060547,25.649999618530273,26.889999389648438,15.708595275878906,11956000
1998-06-17,27.899999618530273,29.389999389648438,27.899999618530273,29.209999084472656,17.06389045715332,8006000
1998-06-18,29.520000457763672,29.764999389648438,28.584999084472656,28.735000610351562,16.786405563354492,8245500
1998-06-19,28.315000534057617,28.850000381469727,27.450000762939453,27.649999618530273,16.152568817138672,5435000
1998-06-22,27.459999084472656,27.5,26.0,27.114999771118164,15.840036392211914,5383000
1998-06-23,26.600000381469727,27.940000534057617,25.524999618530273,27.579999923706055,16.111675262451172,4503500
1998-06-24,27.5049991607666,28.545000076293945,27.5049991607666,28.424999237060547,16.605310440063477,6346500
1998-06-25,28.700000762939453,29.81999969482422,28.30500030517578,29.655000686645508,17.3238468170166,14304000
1998-06-26,29.299999237060547,29.600000381469727,28.809999465942383,29.075000762939453,16.985021591186523,10330000
1998-06-29,29.0,29.475000381469727,28.610000610351562,29.385000228881836,17.166126251220703,6332500
1998-06-30,29.485000610351562,30.764999389648438,29.15999984741211,30.469999313354492,17.799957275390625,20208500
1998-07-01,29.899999618530273,30.399999618530273,29.200000762939453,29.94499969482422,17.49326515197754,12956000
1998-07-02,29.5,29.825000762939453,29.155000686645508,29.274999618530273,17.10185432434082,5239500
1998-07-03,29.104999542236328,29.350000381469727,28.010000228881836,28.135000228881836,16.43589973449707,8451500
1998-07-06,28.25,29.25,28.25,29.139999389648438,17.022993087768555,8980500
1998-07-07,29.344999313354492,31.889999389648438,29.219999313354492,31.700000762939453,18.518497467041016,30867500
1998-07-08,32.0,32.025001525878906,30.704999923706055,31.06999969482422,18.15046501159668,17545000
1998-07-09,31.020000457763672,31.584999084472656,30.55500030517578,30.979999542236328,18.097881317138672,17578500
1998-07-10,31.290000915527344,31.389999389648438,30.75,31.2549991607666,18.258541107177734,12016500
1998-07-13,31.399999618530273,32.4900016784668,30.524999618530273,30.850000381469727,18.021942138671875,17927500
1998-07-14,30.790000915527344,31.100000381469727,29.649999618530273,29.969999313354492,17.507863998413086,22586500
1998-07-15,30.81999969482422,30.9950008392334,29.760000228881836,29.915000915527344,17.475738525390625,14156000
1998-07-16,30.184999465942383,31.690000534057617,30.075000762939453,31.514999389648438,18.410425186157227,22262500
1998-07-17,31.625,32.09000015258789,30.5,30.8700008392334,18.033628463745117,18825000
1998-07-20,31.5,31.59000015258789,30.450000762939453,30.575000762939453,17.86130142211914,11564500
1998-07-21,30.700000762939453,30.920000076293945,29.350000381469727,29.639999389648438,17.315088272094727,12338000
1998-07-22,29.850000381469727,30.200000762939453,28.93000030517578,29.309999465942383,17.1223087310791,14027500
1998-07-23,29.200000762939453,29.299999237060547,28.049999237060547,28.31999969482422,16.54397201538086,16258000
1998-07-24,28.25,28.25,27.1200008392334,27.5049991607666,16.06786346435547,12864500
1998-07-27,27.3799991607666,27.950000762939453,26.709999084472656,26.860000610351562,15.69106674194336,9434000
1998-07-28,26.889999389648438,28.389999389648438,26.739999771118164,28.09000015258789,16.40960693359375,10066000
1998-07-29,28.299999237060547,28.399999618530273,26.799999237060547,27.915000915527344,16.3073787689209,11815000
1998-07-30,28.0,28.299999237060547,27.5,28.059999465942383,16.392080307006836,7907000
1998-07-31,28.190000534057617,30.30500030517578,28.149999618530273,30.2450008392334,17.668519973754883,26050500
1998-08-03,29.93000030517578,30.0,29.010000228881836,29.46500015258789,17.212858200073242,12638500
1998-08-04,29.56999969482422,30.3799991607666,29.350000381469727,29.834999084472656,17.42900848388672,14018500
1998-08-05,29.5,30.389999389648438,29.100000381469727,30.040000915527344,17.548755645751953,12066500
1998-08-06,30.204999923706055,31.149999618530273,29.90999984741211,30.405000686645508,17.761987686157227,24366500
1998-08-07,30.3700008392334,31.145000457763672,30.25,30.75,17.963523864746094,16469500
1998-08-10,30.299999237060547,30.440000534057617,29.725000381469727,29.915000915527344,17.475738525390625,9751500
1998-08-11,29.75,29.75,29.049999237060547,29.229999542236328,17.07556915283203,9635000
1998-08-12,29.0,29.170000076293945,28.264999389648438,28.5049991607666,16.652040481567383,9660500
1998-08-13,28.350000381469727,29.389999389648438,27.90999984741211,29.065000534057617,16.979185104370117,10958500
1998-08-14,28.799999237060547,29.25,28.614999771118164,28.78499984741211,16.815610885620117,7494000
1998-08-17,28.84000015258789,29.55500030517578,27.6299991607666,27.774999618530273,16.22559356689453,18038000
1998-08-18,27.625,27.799999237060547,27.100000381469727,27.559999465942383,16.099994659423828,9575500
1998-08-19,27.700000762939453,28.350000381469727,27.399999618530273,27.84000015258789,16.26356315612793,9321500
1998-08-20,27.975000381469727,29.0,27.975000381469727,28.885000228881836,16.874032974243164,10816000
1998-08-21,28.795000076293945,29.040000915527344,27.844999313354492,27.975000381469727,16.342426300048828,11057500
1998-08-24,27.864999771118164,28.0049991607666,27.315000534057617,27.799999237060547,16.240196228027344,7555500
1998-08-25,27.934999465942383,28.850000381469727,27.899999618530273,28.6200008392334,16.719226837158203,9629500
1998-08-26,28.6200008392334,28.6200008392334,28.6200008392334,28.6200008392334,16.719226837158203,0
1998-08-27,28.844999313354492,28.989999771118164,27.905000686645508,28.094999313354492,16.41252899169922,12544500
1998-08-28,27.799999237060547,27.799999237060547,26.524999618530273,26.770000457763672,15.638490676879883,14753000
1998-08-31,26.399999618530273,26.940000534057617,26.219999313354492,26.3700008392334,15.40481948852539,9497000
1998-09-01,26.05500030517578,26.200000762939453,25.514999389648438,25.81999969482422,15.08352279663086,10743000
1998-09-02,25.799999237060547,26.489999771118164,25.799999237060547,26.149999618530273,15.2763032913208,7221500
1998-09-03,26.114999771118164,26.489999771118164,25.665000915527344,25.969999313354492,15.171148300170898,9628000
1998-09-04,26.149999618530273,26.690000534057617,25.799999237060547,26.530000686645508,15.498289108276367,9202000
1998-09-07,26.81999969482422,28.399999618530273,26.81999969482422,28.135000228881836,16.43589973449707,14163000
1998-09-08,27.799999237060547,28.155000686645508,27.479999542236328,27.989999771118164,16.35118865966797,10115500
1998-09-09,28.299999237060547,28.735000610351562,27.825000762939453,27.895000457763672,16.295692443847656,9806000
1998-09-10,27.850000381469727,28.3700008392334,27.7549991607666,28.1200008392334,16.427133560180664,8865500
1998-09-11,27.924999237060547,28.969999313354492,27.770000457763672,28.825000762939453,16.838979721069336,17532000
1998-09-14,29.100000381469727,29.489999771118164,29.049999237060547,29.235000610351562,17.078495025634766,7716000
1998-09-15,29.059999465942383,29.299999237060547,28.809999465942383,29.084999084472656,16.990869522094727,7144500
1998-09-16,29.100000381469727,29.600000381469727,28.600000381469727,28.770000457763672,16.806852340698242,7049500
1998-09-17,28.780000686645508,28.795000076293945,28.209999084472656,28.270000457763672,16.51476287841797,10546500
1998-09-18,28.100000381469727,28.399999618530273,27.8799991607666,28.239999771118164,16.497238159179688,6271500
1998-09-21,28.299999237060547,28.959999084472656,28.174999237060547,28.6200008392334,16.719226837158203,8191500
1998-09-22,28.600000381469727,29.450000762939453,28.360000610351562,28.854999542236328,16.85650634765625,12216000
1998-09-23,29.299999237060547,29.475000381469727,29.075000762939453,29.184999465942383,17.049280166625977,4714000
1998-09-24,29.399999618530273,30.364999771118164,29.399999618530273,30.229999542236328,17.659751892089844,9368500
1998-09-25,30.020000457763672,30.7450008392334,29.959999084472656,30.06999969482422,17.5662841796875,10210000
1998-09-28,30.399999618530273,30.844999313354492,29.700000762939453,30.045000076293945,17.55168342590332,12669500
1998-09-29,30.274999618530273,30.3700008392334,29.0,29.360000610351562,17.151517868041992,6143500
1998-09-30,29.399999618530273,29.989999771118164,29.114999771118164,29.71500015258789,17.35890007019043,7368500
1998-10-01,29.71500015258789,29.71500015258789,29.71500015258789,29.71500015258789,17.35890007019043,0
1998-10-02,29.71500015258789,29.71500015258789,29.71500015258789,29.71500015258789,17.35890007019043,0
1998-10-05,29.360000610351562,29.360000610351562,27.34000015258789,27.454999923706055,16.03865623474121,9504000
1998-10-06,26.799999237060547,28.094999313354492,26.799999237060547,27.920000076293945,16.31029510498047,6976000
1998-10-07,28.350000381469727,28.59000015258789,28.0,28.485000610351562,16.640363693237305,4023000
1998-10-08,28.760000228881836,28.799999237060547,27.5,27.614999771118164,16.132122039794922,6319500
1998-10-09,27.600000381469727,28.0,27.399999618530273,27.520000457763672,16.076629638671875,3804000
1998-10-12,27.760000228881836,28.239999771118164,26.799999237060547,27.0,15.772854804992676,5997500
1998-10-13,27.200000762939453,27.25,26.6299991607666,26.790000915527344,15.650178909301758,4036500
1998-10-14,27.100000381469727,27.989999771118164,26.700000762939453,27.78499984741211,16.231435775756836,5040000
1998-10-15,27.850000381469727,27.850000381469727,27.065000534057617,27.204999923706055,15.892610549926758,3609000
1998-10-16,27.389999389648438,27.540000915527344,25.905000686645508,26.405000686645508,15.425264358520508,11749500
1998-10-19,26.59000015258789,26.59000015258789,25.825000762939453,25.989999771118164,15.182830810546875,2832500
1998-10-20,25.924999237060547,26.450000762939453,25.40999984741211,26.274999618530273,15.349327087402344,6898000
1998-10-21,26.274999618530273,26.274999618530273,26.274999618530273,26.274999618530273,15.349327087402344,0
1998-10-22,26.600000381469727,26.604999542236328,25.75,26.135000228881836,15.267537117004395,5525500
1998-10-23,25.815000534057617,26.75,25.815000534057617,26.545000076293945,15.507051467895508,4351500
1998-10-26,27.049999237060547,28.25,27.049999237060547,27.81999969482422,16.25187873840332,5908500
1998-10-27,27.9950008392334,28.479999542236328,27.600000381469727,28.235000610351562,16.494312286376953,4763000
1998-10-28,28.600000381469727,30.139999389648438,28.399999618530273,29.30500030517578,17.119384765625,19900500
1998-10-29,29.350000381469727,30.100000381469727,28.899999618530273,29.969999313354492,17.507863998413086,12783500
1998-10-30,30.09000015258789,30.4950008392334,29.729999542236328,29.934999465942383,17.4874210357666,11500500
1998-11-02,30.2450008392334,30.290000915527344,29.415000915527344,29.815000534057617,17.41731834411621,6679500
1998-11-03,29.610000610351562,29.889999389648438,29.104999542236328,29.264999389648438,17.096019744873047,8468000
1998-11-04,29.264999389648438,29.264999389648438,29.264999389648438,29.264999389648438,17.096019744873047,0
1998-11-05,29.700000762939453,29.700000762939453,29.104999542236328,29.354999542236328,17.14859962463379,4280000
1998-11-06,29.399999618530273,29.940000534057617,29.360000610351562,29.704999923706055,17.353059768676758,5965500
1998-11-09,29.989999771118164,30.899999618530273,29.899999618530273,30.514999389648438,17.82624053955078,8339500
1998-11-10,30.649999618530273,30.860000610351562,30.264999389648438,30.690000534057617,17.928476333618164,5101000
1998-11-11,31.049999237060547,31.385000228881836,30.350000381469727,30.530000686645508,17.83500862121582,7880500
1998-11-12,30.399999618530273,30.700000762939453,30.0,30.56999969482422,17.858373641967773,6829500
1998-11-13,30.399999618530273,31.600000381469727,30.30500030517578,31.114999771118164,18.1767520904541,16635000
1998-11-16,31.0049991607666,31.3700008392334,30.510000228881836,30.6299991607666,17.893423080444336,9313000
1998-11-17,30.600000381469727,31.100000381469727,30.514999389648438,30.899999618530273,18.051158905029297,5376500
1998-11-18,31.0,31.299999237060547,30.950000762939453,31.149999618530273,18.19719696044922,4675000
1998-11-19,31.350000381469727,31.350000381469727,30.350000381469727,30.399999618530273,17.759063720703125,7138500
1998-11-20,30.350000381469727,30.700000762939453,29.510000228881836,29.610000610351562,17.297565460205078,10357000
1998-11-23,29.350000381469727,29.420000076293945,29.049999237060547,29.079999923706055,16.987945556640625,3955500
1998-11-24,29.25,29.6200008392334,29.020000457763672,29.100000381469727,16.999629974365234,5926500
1998-11-25,29.100000381469727,29.100000381469727,29.100000381469727,29.100000381469727,16.999629974365234,0
1998-11-26,29.03499984741211,30.25,29.03499984741211,29.649999618530273,17.320932388305664,13932500
1998-11-27,29.670000076293945,30.200000762939453,29.15999984741211,29.700000762939453,17.35013771057129,13378000
1998-11-30,29.09000015258789,29.459999084472656,28.530000686645508,29.399999618530273,17.174888610839844,7285000
1998-12-01,29.34000015258789,29.5,29.149999618530273,29.350000381469727,17.14567756652832,5599500
1998-12-02,29.450000762939453,29.600000381469727,29.200000762939453,29.274999618530273,17.10185432434082,2420000
1998-12-03,29.299999237060547,29.489999771118164,28.799999237060547,28.969999313354492,16.923683166503906,4832500
1998-12-04,28.899999618530273,29.1299991607666,28.575000762939453,29.049999237060547,16.970420837402344,5929000
1998-12-07,29.15999984741211,30.25,29.15999984741211,30.25,17.671436309814453,6681500
1998-12-08,30.229999542236328,30.649999618530273,30.024999618530273,30.524999618530273,17.832088470458984,4679500
1998-12-09,30.780000686645508,30.799999237060547,29.860000610351562,29.875,17.452369689941406,4667000
1998-12-10,30.040000915527344,30.375,29.8799991607666,30.100000381469727,17.583812713623047,4978500
1998-12-11,29.850000381469727,30.350000381469727,29.850000381469727,30.18000030517578,17.63054656982422,3952000
1998-12-14,30.200000762939453,30.25,29.520000457763672,29.700000762939453,17.35013771057129,4451500
1998-12-15,29.5,29.600000381469727,29.200000762939453,29.225000381469727,17.072654724121094,5173000
1998-12-16,29.299999237060547,29.549999237060547,29.100000381469727,29.549999237060547,17.262510299682617,2112500
1998-12-17,29.0,29.549999237060547,28.81999969482422,29.0,16.941211700439453,3666500
1998-12-18,29.100000381469727,29.739999771118164,28.829999923706055,29.459999084472656,17.209938049316406,7959500
1998-12-21,29.94499969482422,30.649999618530273,29.799999237060547,30.649999618530273,17.905107498168945,6120500
1998-12-22,30.690000534057617,33.099998474121094,30.399999618530273,33.099998474121094,19.336349487304688,17061500
1998-12-23,33.70000076293945,34.625,33.404998779296875,34.029998779296875,19.8796329498291,22428000
1998-12-24,33.90999984741211,35.5,33.77000045776367,35.5,20.738384246826172,17727500
1998-12-25,35.5,35.5,35.5,35.5,20.738384246826172,0
1998-12-28,35.810001373291016,36.400001525878906,35.505001068115234,36.0,21.030467987060547,18770000
1998-12-29,35.70000076293945,36.34000015258789,34.79999923706055,35.20500183105469,20.566043853759766,14101000
1998-12-30,35.79999923706055,37.900001525878906,35.70000076293945,37.005001068115234,21.617570877075195,22409500
1998-12-31,37.25,37.494998931884766,35.45000076293945,35.45000076293945,20.709169387817383,16080000
1999-01-01,36.0,36.900001525878906,34.75,35.5,20.738384246826172,23574000
1999-01-04,36.2400016784668,36.540000915527344,35.5,35.5099983215332,20.74422264099121,13442500
1999-01-05,35.834999084472656,36.349998474121094,35.099998474121094,36.0,21.030467987060547,12361000
1999-01-06,36.70000076293945,37.599998474121094,36.459999084472656,37.04999923706055,21.643857955932617,16632000
1999-01-07,37.29999923706055,37.584999084472656,36.70000076293945,36.95000076293945,21.585445404052734,14105500
1999-01-08,37.5,38.9900016784668,37.5,38.9900016784668,22.77716827392578,19645500
1999-01-11,39.79999923706055,41.189998626708984,39.025001525878906,39.5,23.075101852416992,18821000
1999-01-12,39.85499954223633,40.96500015258789,38.900001525878906,40.5099983215332,23.66511344909668,16999500
1999-01-13,42.0,42.369998931884766,39.29999923706055,39.525001525878906,23.08970832824707,31175000
1999-01-14,38.810001373291016,39.59000015258789,37.709999084472656,37.79999923706055,22.081993103027344,29784000
1999-01-15,38.20500183105469,38.875,36.5,37.099998474121094,21.673065185546875,33819000
1999-01-18,37.29999923706055,38.09000015258789,36.85499954223633,37.95000076293945,22.169620513916016,13122500
1999-01-19,38.0,38.095001220703125,36.119998931884766,36.400001525878906,21.264141082763672,22615500
1999-01-20,36.400001525878906,36.400001525878906,36.400001525878906,36.400001525878906,21.264141082763672,0
1999-01-21,37.20000076293945,37.95000076293945,36.35499954223633,37.95000076293945,22.169620513916016,21064500
1999-01-22,38.349998474121094,39.970001220703125,38.0,39.70000076293945,23.191938400268555,40222500
1999-01-25,39.42499923706055,40.470001220703125,36.849998474121094,37.470001220703125,21.889211654663086,38689000
1999-01-26,37.470001220703125,37.470001220703125,37.470001220703125,37.470001220703125,21.889211654663086,0
1999-01-27,37.70000076293945,38.63999938964844,36.415000915527344,38.400001525878906,22.432504653930664,26106000
1999-01-28,38.125,39.095001220703125,37.709999084472656,38.20500183105469,22.318586349487305,24719000
1999-01-29,38.349998474121094,39.099998474121094,37.5,37.79999923706055,22.081993103027344,17493000
1999-02-01,37.75,37.75,36.41999816894531,36.41999816894531,21.27582550048828,9592500
1999-02-02,36.52000045776367,36.75,35.45500183105469,35.685001373291016,20.846452713012695,14072000
1999-02-03,36.39500045776367,38.0,35.85499954223633,37.970001220703125,22.181310653686523,28399000
1999-02-04,38.29999923706055,38.9900016784668,37.61000061035156,37.75,22.052783966064453,34894000
1999-02-05,37.75,38.20000076293945,36.720001220703125,37.279998779296875,21.778221130371094,17621000
1999-02-08,37.5,37.9900016784668,36.95000076293945,37.20000076293945,21.731487274169922,17952500
1999-02-09,37.19499969482422,39.0,36.630001068115234,39.0,22.783010482788086,28502500
1999-02-10,40.4900016784668,42.119998931884766,39.79999923706055,42.119998931884766,24.605648040771484,37887130
1999-02-11,43.5,45.4900016784668,43.5,45.4900016784668,26.5743350982666,44967740
1999-02-12,45.599998474121094,45.790000915527344,43.76499938964844,44.275001525878906,25.86456298828125,22727080
1999-02-15,44.20000076293945,46.29499816894531,43.5,45.099998474121094,26.34650421142578,35606040
1999-02-16,45.27000045776367,46.744998931884766,44.93000030517578,45.810001373291016,26.76127815246582,32818310
1999-02-17,46.20000076293945,46.29999923706055,44.29999923706055,45.22999954223633,26.422449111938477,27992820
1999-02-18,45.5099983215332,46.880001068115234,45.32500076293945,45.32500076293945,26.477951049804688,23561530
1999-02-19,45.5,45.79999923706055,43.650001525878906,43.650001525878906,25.499446868896484,15788280
1999-02-22,43.20000076293945,43.650001525878906,41.599998474121094,41.650001525878906,24.331085205078125,18907750
1999-02-23,41.599998474121094,44.0,41.599998474121094,44.0,25.70390510559082,28960110
1999-02-24,44.400001525878906,44.66999816894531,42.66999816894531,44.224998474121094,25.83534812927246,18899060
1999-02-25,44.13999938964844,44.54499816894531,43.29999923706055,43.30500030517578,25.297901153564453,12584010
1999-02-26,43.38999938964844,43.599998474121094,42.2599983215332,42.275001525878906,24.696197509765625,12224510
1999-03-01,46.29999923706055,47.8650016784668,45.11000061035156,46.779998779296875,27.327926635742188,26230720
1999-03-02,46.779998779296875,46.779998779296875,46.779998779296875,46.779998779296875,27.327926635742188,0
1999-03-03,45.5,47.689998626708984,45.5,45.599998474121094,26.63858985900879,33038490
1999-03-04,45.72999954223633,45.72999954223633,44.0099983215332,44.095001220703125,25.7594051361084,16718170
1999-03-05,44.154998779296875,45.099998474121094,43.79999923706055,44.45000076293945,25.9667911529541,12070450
1999-03-08,45.810001373291016,46.290000915527344,44.79999923706055,45.400001525878906,26.521760940551758,14904780
1999-03-09,45.400001525878906,45.900001525878906,44.92499923706055,45.11000061035156,26.352338790893555,10506890
1999-03-10,45.70000076293945,46.70000076293945,44.0,44.4900016784668,25.990158081054688,12297540
1999-03-11,44.650001525878906,45.4900016784668,43.95000076293945,43.95000076293945,25.67470359802246,10504110
1999-03-12,44.189998626708984,44.900001525878906,44.0,44.43000030517578,25.955108642578125,7576610
1999-03-15,44.599998474121094,45.78499984741211,44.10499954223633,45.20000076293945,26.404926300048828,12899040
1999-03-16,45.20000076293945,48.81999969482422,44.71500015258789,48.81999969482422,28.5196590423584,20529740
1999-03-17,49.900001525878906,50.67499923706055,46.599998474121094,46.599998474121094,27.2227725982666,20362990
1999-03-18,47.0,47.79999923706055,46.5,47.099998474121094,27.514875411987305,11347270
1999-03-19,47.599998474121094,48.400001525878906,47.09000015258789,47.224998474121094,27.587888717651367,14421760
1999-03-22,47.099998474121094,47.79999923706055,46.060001373291016,46.54999923706055,27.193567276000977,7001590
1999-03-23,46.404998779296875,49.099998474121094,46.20000076293945,47.70000076293945,27.865381240844727,24356200
1999-03-24,48.59000015258789,48.79999923706055,44.0,46.29999923706055,27.047523498535156,11092940
1999-03-25,46.20000076293945,46.70000076293945,44.709999084472656,44.810001373291016,26.17708969116211,7630900
1999-03-26,44.709999084472656,47.95000076293945,44.709999084472656,47.29999923706055,27.631704330444336,23284320
1999-03-29,47.29999923706055,47.29999923706055,47.29999923706055,47.29999923706055,27.631704330444336,0
1999-03-30,47.599998474121094,49.66999816894531,47.5099983215332,49.20000076293945,28.741641998291016,14278160
1999-03-31,49.57500076293945,49.97999954223633,48.5,48.5,28.33271598815918,10685550
1999-04-01,48.70000076293945,49.04999923706055,47.1150016784668,47.189998626708984,27.56744384765625,7560960
1999-04-02,47.189998626708984,47.189998626708984,47.189998626708984,47.189998626708984,27.56744384765625,0
1999-04-05,46.099998474121094,46.29999923706055,44.0099983215332,44.21500015258789,25.829504013061523,9281070
1999-04-06,43.810001373291016,44.4900016784668,43.0,43.75,25.557861328125,10054720
1999-04-07,44.70000076293945,45.29499816894531,43.79999923706055,44.150001525878906,25.791536331176758,6336790
1999-04-08,44.20000076293945,44.69499969482422,43.224998474121094,43.30500030517578,25.297901153564453,4741200
1999-04-09,43.5,43.599998474121094,41.61000061035156,41.9900016784668,24.52970314025879,6211230
1999-04-12,41.845001220703125,42.79999923706055,41.29999923706055,42.33000183105469,24.72832679748535,5126550
1999-04-13,42.0,42.75,41.220001220703125,41.54999923706055,24.272663116455078,4990520
1999-04-14,41.54999923706055,41.54999923706055,41.54999923706055,41.54999923706055,24.272663116455078,0
1999-04-15,41.0,41.0,38.22999954223633,38.22999954223633,22.333194732666016,10272820
1999-04-16,38.439998626708984,41.290000915527344,38.0,41.290000915527344,24.12078285217285,7962540
1999-04-19,38.099998474121094,39.84000015258789,37.525001525878906,39.5,23.075101852416992,5470020
1999-04-20,39.88999938964844,40.900001525878906,38.8650016784668,40.900001525878906,23.8929500579834,5985930
1999-04-21,40.0,40.9900016784668,39.5,39.79999923706055,23.25035285949707,5535410
1999-04-22,39.79999923706055,40.20000076293945,37.959999084472656,38.540000915527344,22.5142879486084,6286720
1999-04-23,38.70000076293945,38.90999984741211,37.35499954223633,37.8849983215332,22.131654739379883,5491350
1999-04-26,36.29999923706055,36.400001525878906,34.85499954223633,34.85499954223633,20.361583709716797,4366490
1999-04-27,34.85499954223633,34.85499954223633,34.85499954223633,34.85499954223633,20.361583709716797,0
1999-04-28,34.5099983215332,36.4900016784668,33.70000076293945,36.0,21.030467987060547,6645510
1999-04-29,35.9900016784668,37.4900016784668,35.900001525878906,37.29999923706055,21.78990364074707,9841100
1999-04-30,37.29999923706055,38.20000076293945,36.709999084472656,37.75,22.052783966064453,7670870
1999-05-03,37.97999954223633,38.0,36.43000030517578,36.54999923706055,21.35176658630371,4882580
1999-05-04,36.45000076293945,38.73500061035156,36.45000076293945,38.70000076293945,22.607755661010742,5186500
1999-05-05,38.4900016784668,39.900001525878906,38.029998779296875,39.099998474121094,22.841428756713867,8808060
1999-05-06,39.099998474121094,41.845001220703125,39.0,41.54999923706055,24.272663116455078,15669380
1999-05-07,42.060001373291016,42.5,41.0099983215332,41.29999923706055,24.12662696838379,7022620
1999-05-10,41.79999923706055,43.029998779296875,41.310001373291016,42.189998626708984,24.646541595458984,9719380
1999-05-11,42.29499816894531,43.20000076293945,41.83000183105469,43.099998474121094,25.178144454956055,6718270
1999-05-12,43.58000183105469,44.400001525878906,40.459999084472656,41.5,24.243457794189453,10888210
1999-05-13,42.5,44.81999969482422,42.255001068115234,44.81999969482422,26.182937622070312,14946790
1999-05-14,45.900001525878906,48.40999984741211,45.599998474121094,48.40999984741211,28.2801456451416,19078010
1999-05-17,49.0,50.650001525878906,46.20000076293945,48.994998931884766,28.62188720703125,13599000
1999-05-18,49.20000076293945,49.59000015258789,47.11000061035156,47.20000076293945,27.573284149169922,11246220
1999-05-19,47.47999954223633,48.2400016784668,46.15999984741211,47.119998931884766,27.52655029296875,9309210
1999-05-20,47.4900016784668,47.9900016784668,46.400001525878906,46.5,27.16436004638672,9341210
1999-05-21,46.900001525878906,47.0,43.814998626708984,44.0,25.70390510559082,11216260
1999-05-24,42.5,43.689998626708984,42.05500030517578,42.71500015258789,24.953237533569336,6678320
1999-05-25,42.70000076293945,43.69499969482422,42.11000061035156,42.20000076293945,24.65238380432129,9520650
1999-05-26,42.849998474121094,43.20000076293945,41.22999954223633,42.099998474121094,24.593971252441406,5816430
1999-05-27,42.099998474121094,42.5,39.29999923706055,39.29999923706055,22.95826530456543,4918000
1999-05-28,39.70000076293945,40.29999923706055,37.099998474121094,38.654998779296875,22.58147430419922,7142230
1999-05-31,39.4900016784668,41.0,39.099998474121094,40.79999923706055,23.83453369140625,7939730
1999-06-01,40.20500183105469,40.70000076293945,39.2400016784668,39.5,23.075101852416992,5959160
1999-06-02,40.20000076293945,40.29999923706055,39.0,39.900001525878906,23.308767318725586,3873790
1999-06-03,40.2400016784668,40.790000915527344,39.625,40.20500183105469,23.486942291259766,5299670
1999-06-04,40.775001525878906,41.75,40.599998474121094,41.400001525878906,24.185041427612305,7970760
1999-06-07,42.099998474121094,43.755001068115234,42.099998474121094,43.755001068115234,25.560781478881836,11312350
1999-06-08,43.349998474121094,45.0,42.51499938964844,45.0,26.288089752197266,7441980
1999-06-09,43.900001525878906,43.900001525878906,42.82500076293945,43.029998779296875,25.137250900268555,3731190
1999-06-10,43.439998626708984,43.5,41.814998626708984,42.05500030517578,24.567678451538086,4228820
1999-06-11,41.95000076293945,42.0,40.900001525878906,41.13999938964844,24.033153533935547,6189380
1999-06-14,41.0,41.0,38.599998474121094,39.5099983215332,23.080934524536133,5019440
1999-06-15,39.599998474121094,39.849998474121094,38.22999954223633,38.650001525878906,22.57854652404785,5233790
1999-06-16,39.099998474121094,40.20000076293945,38.099998474121094,39.875,23.294164657592773,3995260
1999-06-17,40.099998474121094,40.46500015258789,39.20500183105469,39.3650016784668,22.996232986450195,4733770
1999-06-18,39.70000076293945,40.869998931884766,39.5,40.19499969482422,23.48110580444336,9093290
1999-06-21,40.75,42.0,40.75,41.540000915527344,24.266830444335938,5852710
1999-06-22,41.70000076293945,41.70000076293945,40.5,41.060001373291016,23.986417770385742,4575350
1999-06-23,41.099998474121094,43.0,39.5099983215332,39.720001220703125,23.2036190032959,3105080
1999-06-24,40.0099983215332,40.0099983215332,38.83000183105469,39.22999954223633,22.917369842529297,2973720
1999-06-25,38.20000076293945,39.70000076293945,38.11000061035156,38.39500045776367,22.429580688476562,5899250
1999-06-28,38.650001525878906,39.099998474121094,38.2599983215332,38.595001220703125,22.54641342163086,3054870
1999-06-29,38.79499816894531,38.79999923706055,37.7599983215332,38.095001220703125,22.254323959350586,4833880
1999-06-30,38.099998474121094,38.5099983215332,37.70000076293945,38.04499816894531,22.225116729736328,2784040
1999-07-01,38.099998474121094,38.48500061035156,37.20000076293945,37.415000915527344,21.857088088989258,3572350
1999-07-02,37.470001220703125,38.005001068115234,37.470001220703125,37.595001220703125,21.96224021911621,4540650
1999-07-05,37.83000183105469,39.244998931884766,37.83000183105469,39.04499816894531,22.809297561645508,6742650
1999-07-06,39.0,39.64500045776367,38.79999923706055,39.154998779296875,22.87355613708496,4053810
1999-07-07,41.400001525878906,41.400001525878906,39.099998474121094,39.290000915527344,22.952425003051758,3828100
1999-07-08,39.275001525878906,39.29999923706055,38.5,38.6349983215332,22.569782257080078,2264750
1999-07-09,38.42499923706055,41.59000015258789,38.400001525878906,41.01499938964844,23.96013069152832,18949490
1999-07-12,41.54999923706055,44.0,39.0099983215332,42.435001373291016,24.789663314819336,14014940
1999-07-13,42.900001525878906,43.0,40.30500030517578,40.814998626708984,23.843297958374023,10630720
1999-07-14,41.33000183105469,42.29999923706055,40.529998779296875,41.86000061035156,24.453765869140625,8334530
1999-07-15,41.775001525878906,43.38999938964844,41.29999923706055,41.529998779296875,24.26097869873047,14934710
1999-07-16,41.810001373291016,42.98500061035156,41.619998931884766,42.650001525878906,24.915264129638672,10229860
1999-07-19,42.974998474121094,43.94499969482422,42.724998474121094,42.935001373291016,25.08175277709961,10811380
1999-07-20,42.61000061035156,42.81999969482422,41.43000030517578,41.79999923706055,25.052688598632812,7543120
1999-07-21,41.28499984741211,42.099998474121094,40.70000076293945,41.904998779296875,25.115615844726562,11573540
1999-07-22,42.09000015258789,42.400001525878906,41.04999923706055,41.435001373291016,24.833919525146484,8467850
1999-07-23,41.20000076293945,41.20000076293945,39.435001373291016,39.665000915527344,23.773080825805664,15495050
1999-07-26,39.25,39.25,38.29999923706055,38.744998931884766,23.221683502197266,8168940
1999-07-27,38.5,39.20000076293945,38.20000076293945,38.51499938964844,23.083829879760742,9692450
1999-07-28,37.9900016784668,39.77000045776367,37.90999984741211,38.85499954223633,23.287607192993164,21673700
1999-07-29,38.900001525878906,41.28499984741211,38.29999923706055,40.900001525878906,24.513275146484375,22755130
1999-07-30,40.5,41.099998474121094,40.125,40.32500076293945,24.168649673461914,8735870
1999-08-02,40.099998474121094,40.400001525878906,39.30500030517578,39.53499984741211,23.69516372680664,6637030
1999-08-03,39.130001068115234,40.75,39.029998779296875,40.380001068115234,24.201608657836914,11961590
1999-08-04,40.6349983215332,41.70000076293945,40.34000015258789,41.0,24.573209762573242,17810790
1999-08-05,40.79999923706055,41.400001525878906,39.79999923706055,40.099998474121094,24.033794403076172,8610770
1999-08-06,40.02000045776367,41.0,39.80500030517578,40.54999923706055,24.303499221801758,7725490
1999-08-09,40.599998474121094,42.29999923706055,40.400001525878906,42.064998626708984,25.211505889892578,25575530
1999-08-10,42.21500015258789,42.349998474121094,40.709999084472656,41.59000015258789,24.926816940307617,15027980
1999-08-11,40.82500076293945,41.88999938964844,40.599998474121094,41.189998626708984,24.687084197998047,6233480
1999-08-12,41.099998474121094,41.48500061035156,40.11000061035156,40.189998626708984,24.087738037109375,4353330
1999-08-13,40.20000076293945,40.470001220703125,39.5099983215332,39.68000030517578,23.782072067260742,4385260
1999-08-16,40.31999969482422,40.88999938964844,39.915000915527344,40.505001068115234,24.276535034179688,4525930
1999-08-17,40.55500030517578,42.29999923706055,40.400001525878906,41.720001220703125,25.00473976135254,7218150
1999-08-18,42.79999923706055,45.060001373291016,42.29999923706055,45.060001373291016,27.006555557250977,19156860
1999-08-19,45.79999923706055,48.665000915527344,45.79999923706055,47.26499938964844,28.328115463256836,26829370
1999-08-20,47.30500030517578,51.04999923706055,47.0,50.939998626708984,30.530715942382812,27168810
1999-08-23,51.52000045776367,52.779998779296875,50.25,51.41999816894531,30.81839942932129,20686920
1999-08-24,51.5,53.94499969482422,50.7599983215332,53.185001373291016,31.876243591308594,18747850
1999-08-25,55.0,55.0,50.0,52.0099983215332,31.172008514404297,13001560
1999-08-26,52.900001525878906,56.17499923706055,52.900001525878906,56.17499923706055,33.66828918457031,15187500
1999-08-27,56.6349983215332,57.400001525878906,55.599998474121094,56.994998931884766,34.15975570678711,9566650
1999-08-30,56.18000030517578,58.29999923706055,55.20000076293945,56.439998626708984,33.827117919921875,14799770
1999-08-31,56.70000076293945,58.14500045776367,55.599998474121094,57.09000015258789,34.21669387817383,10968000
1999-09-01,56.9900016784668,57.47999954223633,54.70000076293945,55.369998931884766,33.185813903808594,7750390
1999-09-02,54.599998474121094,55.79999923706055,54.20000076293945,54.60499954223633,32.727325439453125,8292080
1999-09-03,54.689998626708984,58.974998474121094,54.525001525878906,58.11000061035156,34.82802963256836,20796480
1999-09-06,59.70000076293945,59.70000076293945,56.82500076293945,57.70500183105469,34.585296630859375,9458710
1999-09-07,58.0,58.689998626708984,56.1349983215332,57.15999984741211,34.25864791870117,8639930
1999-09-08,56.900001525878906,57.400001525878906,56.11000061035156,56.33000183105469,33.76119613647461,3329800
1999-09-09,55.974998474121094,56.400001525878906,55.5,55.775001525878906,33.42855453491211,2866690
1999-09-10,56.20000076293945,57.400001525878906,56.02000045776367,56.60499954223633,33.9260139465332,5862160
1999-09-13,56.60499954223633,56.60499954223633,56.60499954223633,56.60499954223633,33.9260139465332,0
1999-09-14,57.19499969482422,58.29999923706055,56.625,56.91999816894531,34.114810943603516,4583040
1999-09-15,56.9900016784668,57.400001525878906,56.0099983215332,56.26499938964844,33.72222900390625,3470580
1999-09-16,56.20000076293945,56.3849983215332,54.82500076293945,55.025001525878906,32.97904586791992,5085870
1999-09-17,54.900001525878906,56.900001525878906,54.099998474121094,56.45500183105469,33.83611297607422,8261810
1999-09-20,56.5,56.5,54.099998474121094,54.26499938964844,32.52354049682617,3428740
1999-09-21,54.0099983215332,54.0099983215332,52.619998931884766,53.275001525878906,31.93018341064453,5544550
1999-09-22,53.70000076293945,55.75,53.400001525878906,54.80500030517578,32.847190856933594,5122590
1999-09-23,54.42499923706055,55.279998779296875,54.0,54.849998474121094,32.874168395996094,2922160
1999-09-24,56.0,57.79999923706055,55.5,57.064998626708984,34.20170211791992,8065560
1999-09-27,57.689998626708984,58.5,54.70000076293945,55.525001525878906,33.27872085571289,4322200
1999-09-28,56.0,56.79999923706055,54.900001525878906,56.1150016784668,33.6323356628418,5518520
1999-09-29,56.70000076293945,57.095001220703125,55.75,56.095001220703125,33.6203498840332,2179110
1999-09-30,56.400001525878906,60.584999084472656,56.400001525878906,60.584999084472656,36.31140899658203,9331500
1999-10-01,61.59000015258789,62.900001525878906,60.0,61.04999923706055,36.59011459350586,10159470
1999-10-04,61.47999954223633,61.47999954223633,58.11000061035156,58.4900016784668,35.0557746887207,4205050
1999-10-05,58.5,60.08000183105469,57.8650016784668,58.61000061035156,35.1276969909668,5088720
1999-10-06,59.779998779296875,61.900001525878906,59.38999938964844,61.255001068115234,36.712982177734375,8285210
1999-10-07,60.9900016784668,66.15499877929688,60.9900016784668,65.62000274658203,39.32912063598633,10901310
1999-10-08,66.1449966430664,66.8499984741211,64.4000015258789,65.53500366210938,39.27817916870117,8460550
1999-10-11,66.0,66.5,63.5099983215332,64.05500030517578,38.39113998413086,2798560
1999-10-12,63.95000076293945,64.80000305175781,62.5,63.20000076293945,37.87870407104492,5172210
1999-10-13,63.494998931884766,64.5,62.83000183105469,63.26499938964844,37.91766357421875,2508070
1999-10-14,63.599998474121094,65.0,63.209999084472656,63.415000915527344,38.007564544677734,2203430
1999-10-15,64.0,64.0,60.79999923706055,61.255001068115234,36.712982177734375,3910970
1999-10-18,61.0,61.900001525878906,58.70000076293945,59.474998474121094,35.64613342285156,3118740
1999-10-19,59.474998474121094,59.474998474121094,59.474998474121094,59.474998474121094,35.64613342285156,0
1999-10-20,62.0,62.79999923706055,60.599998474121094,61.209999084472656,36.68600845336914,2227020
1999-10-21,62.099998474121094,66.11000061035156,61.0,63.369998931884766,37.98058319091797,7904870
1999-10-22,62.79999923706055,63.494998931884766,61.29999923706055,61.650001525878906,36.9497184753418,2680740
1999-10-25,62.38999938964844,64.0999984741211,61.099998474121094,62.380001068115234,37.387245178222656,3603650
1999-10-26,62.29999923706055,63.0099983215332,61.125,61.654998779296875,36.95270538330078,2611390
1999-10-27,62.45000076293945,63.2400016784668,59.599998474121094,60.459999084472656,36.23649978637695,2724590
1999-10-28,60.29999923706055,60.29999923706055,58.0099983215332,58.32500076293945,34.956886291503906,3234280
1999-10-29,58.45000076293945,58.5,53.70000076293945,54.279998779296875,32.53252410888672,3937610
1999-11-01,54.20000076293945,54.4900016784668,49.939998626708984,50.27000045776367,30.12915802001953,3950910
1999-11-02,49.560001373291016,54.279998779296875,48.41999816894531,53.125,31.84027671813965,3119660
1999-11-03,54.900001525878906,54.98500061035156,50.80500030517578,51.69499969482422,30.983224868774414,2710620
1999-11-04,51.06999969482422,52.59000015258789,50.560001373291016,52.349998474121094,31.37578773498535,1739400
1999-11-05,52.79999923706055,56.20000076293945,52.5,55.125,33.03897476196289,5120450
1999-11-08,55.125,55.125,55.125,55.125,33.03897476196289,0
1999-11-09,55.88999938964844,55.88999938964844,54.11000061035156,55.04999923706055,32.9940185546875,1615020
1999-11-10,55.5,56.75,54.57500076293945,55.3849983215332,33.19480895996094,1597400
1999-11-11,55.400001525878906,55.900001525878906,54.099998474121094,54.6349983215332,32.74530029296875,1246890
1999-11-12,54.5,54.790000915527344,53.625,53.98500061035156,32.35572814941406,1063350
1999-11-15,54.5,54.5,51.0,51.81999969482422,31.058134078979492,1382210
1999-11-16,51.5,52.97999954223633,51.20000076293945,52.584999084472656,31.516637802124023,1980480
1999-11-17,53.005001068115234,53.650001525878906,52.099998474121094,52.25,31.315855026245117,655910
1999-11-18,52.0,53.244998931884766,51.6150016784668,52.665000915527344,31.564584732055664,839650
1999-11-19,53.099998474121094,54.400001525878906,52.60499954223633,52.92499923706055,31.72040557861328,1388490
1999-11-22,53.189998626708984,53.189998626708984,52.20500183105469,52.630001068115234,31.543611526489258,1138910
1999-11-23,52.630001068115234,52.630001068115234,52.630001068115234,52.630001068115234,31.543611526489258,0
1999-11-24,53.0,54.0,52.599998474121094,53.5,32.065040588378906,1611840
1999-11-25,53.400001525878906,53.9900016784668,52.5,52.875,31.69044303894043,2125490
1999-11-26,52.5099983215332,53.400001525878906,52.0,52.025001525878906,31.180997848510742,1229090
1999-11-29,51.5,52.9900016784668,48.099998474121094,48.599998474121094,29.128236770629883,1608930
1999-11-30,48.22999954223633,49.900001525878906,47.904998779296875,48.36000061035156,28.984403610229492,1964960
1999-12-01,49.0,50.29499816894531,48.505001068115234,49.400001525878906,29.60771942138672,1165200
1999-12-02,49.20000076293945,50.57500076293945,49.005001068115234,49.6349983215332,29.748563766479492,753990
1999-12-03,50.5,50.689998626708984,49.21500015258789,49.42499923706055,29.62270164489746,879410
1999-12-06,49.400001525878906,49.599998474121094,47.599998474121094,48.6349983215332,29.149219512939453,1174710
1999-12-07,48.599998474121094,52.529998779296875,48.599998474121094,52.2599983215332,31.32185173034668,1854710
1999-12-08,53.79999923706055,53.79999923706055,49.0,50.064998626708984,30.00627899169922,2455440
1999-12-09,50.0,50.244998931884766,48.0,48.68000030517578,29.176191329956055,1153010
1999-12-10,49.9900016784668,52.5,49.5,49.92499923706055,29.922382354736328,2500310
1999-12-13,51.79999923706055,53.91999816894531,51.20000076293945,52.66999816894531,31.567581176757812,4941720
1999-12-14,51.5099983215332,51.70000076293945,49.20500183105469,49.55500030517578,29.70062255859375,2107740
1999-12-15,49.900001525878906,53.52000045776367,49.0,52.880001068115234,31.69344139099121,2380650
1999-12-16,53.0,54.400001525878906,51.209999084472656,52.904998779296875,31.70842742919922,2064640
1999-12-17,52.974998474121094,52.974998474121094,51.064998626708984,51.56999969482422,30.908296585083008,688990
1999-12-20,51.5,51.5,49.79999923706055,50.02000045776367,29.97931671142578,911800
1999-12-21,50.5,51.540000915527344,50.150001525878906,50.8650016784668,30.485761642456055,1850170
1999-12-22,53.0099983215332,54.935001373291016,52.11000061035156,54.6349983215332,32.74530029296875,2984420
1999-12-23,57.0,57.439998626708984,54.73500061035156,55.72999954223633,33.401573181152344,1269780
1999-12-24,55.005001068115234,55.900001525878906,53.51499938964844,54.15999984741211,32.460609436035156,1804580
1999-12-27,53.900001525878906,53.900001525878906,52.099998474121094,52.45500183105469,31.438722610473633,836770
1999-12-28,51.70000076293945,53.20000076293945,51.70000076293945,52.7599983215332,31.621524810791016,1042030
1999-12-29,53.5,54.20000076293945,53.0099983215332,53.56999969482422,32.106998443603516,294570
1999-12-30,53.70000076293945,53.900001525878906,52.45000076293945,52.79499816894531,31.64249610900879,330040
1999-12-31,52.79499816894531,52.79499816894531,52.79499816894531,52.79499816894531,31.64249610900879,0
2000-01-03,54.0,56.7400016784668,53.125,56.45000076293945,33.83311080932617,1637610
2000-01-04,56.9900016784668,56.9900016784668,54.20000076293945,55.09000015258789,33.01800537109375,837330
2000-01-05,52.5,55.20000076293945,52.0,52.79499816894531,31.64249610900879,854660
2000-01-06,53.0,56.209999084472656,53.0,54.560001373291016,32.700347900390625,1328510
2000-01-07,54.0,58.92499923706055,54.0,58.90999984741211,35.3075065612793,3353820
2000-01-10,62.5,62.79499816894531,57.900001525878906,59.43000030517578,35.619163513183594,1858870
2000-01-11,57.5,58.29999923706055,54.68000030517578,56.68000030517578,33.97096633911133,1527270
2000-01-12,58.5,58.880001068115234,56.5,57.494998931884766,34.45942306518555,410470
2000-01-13,59.400001525878906,59.400001525878906,55.599998474121094,55.84000015258789,33.46751403808594,472060
2000-01-14,56.0,56.0,54.099998474121094,54.935001373291016,32.925106048583984,372820
2000-01-17,55.5,56.70000076293945,55.0,55.755001068115234,33.41655731201172,530120
2000-01-18,55.099998474121094,55.16999816894531,53.5,53.78499984741211,32.23585891723633,783580
2000-01-19,55.0,55.4900016784668,53.150001525878906,53.79499816894531,32.24184799194336,789520
2000-01-20,53.95000076293945,54.099998474121094,52.20000076293945,52.41999816894531,31.417749404907227,443590
2000-01-21,52.5099983215332,53.900001525878906,51.81999969482422,53.125,31.84027671813965,430100
2000-01-24,53.25,53.5,52.224998474121094,52.404998779296875,31.408763885498047,436020
2000-01-25,52.0099983215332,52.400001525878906,49.099998474121094,49.47999954223633,29.655668258666992,1211950
2000-01-26,49.47999954223633,49.47999954223633,49.47999954223633,49.47999954223633,29.655668258666992,0
2000-01-27,50.0,50.0,48.29999923706055,49.07500076293945,29.41292381286621,1713620
2000-01-28,49.5,51.400001525878906,49.310001373291016,49.58000183105469,29.715606689453125,1842680
2000-01-31,49.099998474121094,49.20000076293945,47.70000076293945,48.224998474121094,28.90348243713379,873570
2000-02-01,48.5,48.900001525878906,46.55500030517578,46.970001220703125,28.15131187438965,901120
2000-02-02,49.0,49.0,43.224998474121094,43.814998626708984,26.260372161865234,2163590
2000-02-03,43.875,44.79999923706055,42.220001220703125,42.779998779296875,25.640047073364258,2588490
2000-02-04,44.900001525878906,46.20500183105469,44.88999938964844,46.20500183105469,27.692811965942383,1446730
2000-02-07,49.599998474121094,49.904998779296875,47.0,49.904998779296875,29.9103946685791,1921900
2000-02-08,53.5,53.900001525878906,50.70000076293945,51.11000061035156,30.632596969604492,2340810
2000-02-09,54.0,55.20000076293945,53.900001525878906,55.20000076293945,33.08393096923828,1022560
2000-02-10,57.0,59.619998931884766,54.209999084472656,59.01499938964844,35.37043762207031,4443300
2000-02-11,56.0,59.400001525878906,55.099998474121094,55.59000015258789,33.31767654418945,1798570
2000-02-14,56.20000076293945,56.20000076293945,53.130001068115234,54.34000015258789,32.5684928894043,1108600
2000-02-15,53.5,57.88999938964844,53.11000061035156,54.255001068115234,32.517547607421875,2245110
2000-02-16,56.5,57.790000915527344,55.79999923706055,56.040000915527344,33.58737564086914,1164040
2000-02-17,57.040000915527344,57.709999084472656,55.119998931884766,55.939998626708984,33.52744674682617,572990
2000-02-18,56.900001525878906,60.36000061035156,56.5,57.939998626708984,34.72613525390625,3356990
2000-02-21,59.494998931884766,61.5,57.11000061035156,59.55500030517578,35.6940803527832,1758160
2000-02-22,59.5,59.5,55.125,55.64500045776367,33.35064697265625,1093190
2000-02-23,58.20000076293945,59.099998474121094,52.0,52.564998626708984,31.504650115966797,1151330
2000-02-24,53.834999084472656,53.834999084472656,48.5099983215332,50.345001220703125,30.174104690551758,1026010
2000-02-25,50.0,52.70000076293945,49.5099983215332,50.60499954223633,30.32992935180664,530710
2000-02-28,53.9900016784668,54.654998779296875,52.70000076293945,54.5,32.66438674926758,1848900
2000-02-29,55.5,55.900001525878906,50.13999938964844,50.35499954223633,30.180095672607422,1838950
2000-03-01,51.28499984741211,51.28499984741211,47.525001525878906,48.5099983215332,29.07430648803711,1109310
2000-03-02,49.349998474121094,49.349998474121094,44.630001068115234,44.630001068115234,26.748836517333984,1545850
2000-03-03,42.5,43.5,41.060001373291016,41.4900016784668,24.86688995361328,1545830
2000-03-06,42.29999923706055,43.900001525878906,41.599998474121094,42.85499954223633,25.684999465942383,840840
2000-03-07,42.209999084472656,43.0,39.45000076293945,41.33000183105469,24.770998001098633,1565080
2000-03-08,42.0,42.9900016784668,40.11000061035156,42.19499969482422,25.289432525634766,671100
2000-03-09,42.79999923706055,44.5,39.599998474121094,41.654998779296875,24.96578025817871,857240
2000-03-10,41.099998474121094,41.75,38.5,39.1150016784668,23.443437576293945,905660
2000-03-13,39.5,40.599998474121094,37.599998474121094,38.334999084472656,22.975948333740234,439440
2000-03-14,37.5,41.404998779296875,36.0,41.3849983215332,24.803958892822266,1216950
2000-03-15,43.400001525878906,43.400001525878906,41.0,41.90999984741211,25.118614196777344,753460
2000-03-16,42.5,42.5,40.30500030517578,41.255001068115234,24.72603988647461,704780
2000-03-17,41.255001068115234,41.255001068115234,41.255001068115234,41.255001068115234,24.72603988647461,0
2000-03-20,41.255001068115234,41.255001068115234,41.255001068115234,41.255001068115234,24.72603988647461,0
2000-03-21,40.650001525878906,41.599998474121094,39.29999923706055,40.3849983215332,24.204608917236328,850590
2000-03-22,40.599998474121094,42.0,38.025001525878906,40.25,24.123699188232422,683960
2000-03-23,40.79999923706055,41.0,39.5,40.02000045776367,23.98584747314453,418640
2000-03-24,40.0,40.70000076293945,39.20500183105469,40.244998931884766,24.120702743530273,271310
2000-03-27,40.349998474121094,40.79999923706055,39.79999923706055,40.16999816894531,24.07575035095215,442280
2000-03-28,40.79999923706055,40.79999923706055,38.5,39.345001220703125,23.581289291381836,851600
2000-03-29,40.0,40.70000076293945,39.400001525878906,39.51499938964844,23.68317985534668,331500
2000-03-30,38.79999923706055,39.900001525878906,38.310001373291016,39.29499816894531,23.551326751708984,397210
2000-03-31,38.79999923706055,39.5,37.79999923706055,38.435001373291016,23.0358829498291,821540
2000-04-03,40.0,40.0,36.04999923706055,36.85499954223633,22.08892059326172,1049040
2000-04-04,35.5,36.5,33.90999984741211,34.560001373291016,20.713422775268555,1701100
2000-04-05,35.61000061035156,36.0,33.525001525878906,33.89500045776367,20.314849853515625,2119240
2000-04-06,34.400001525878906,34.5,32.900001525878906,33.95000076293945,20.347816467285156,933100
2000-04-07,34.4900016784668,36.66999816894531,34.4900016784668,36.66999816894531,21.97803497314453,1844810
2000-04-10,38.744998931884766,38.744998931884766,36.29999923706055,37.20000076293945,22.295692443847656,1467250
2000-04-11,36.0,37.09000015258789,35.70000076293945,36.724998474121094,22.617542266845703,713220
2000-04-12,36.5,36.79999923706055,35.5,35.90999984741211,22.115610122680664,630790
2000-04-13,35.0,35.0,33.5,34.2599983215332,21.099441528320312,1316410
2000-04-14,34.2599983215332,34.2599983215332,34.2599983215332,34.2599983215332,21.099441528320312,0
2000-04-17,32.5,36.599998474121094,31.600000381469727,34.775001525878906,21.416608810424805,2360340
2000-04-18,36.0,37.0,34.915000915527344,36.20500183105469,22.29728889465332,1372560
2000-04-19,36.5,37.0,35.0,35.61000061035156,21.930856704711914,1325680
2000-04-20,34.599998474121094,35.20000076293945,34.5,34.959999084472656,21.530542373657227,1408250
2000-04-21,34.959999084472656,34.959999084472656,34.959999084472656,34.959999084472656,21.530542373657227,0
2000-04-24,35.099998474121094,35.494998931884766,34.0,34.7599983215332,21.40736961364746,1193410
2000-04-25,34.0,35.099998474121094,32.42499923706055,34.904998779296875,21.496673583984375,1802930
2000-04-26,37.470001220703125,37.470001220703125,34.900001525878906,35.994998931884766,22.16796112060547,2820910
2000-04-27,35.29999923706055,35.45000076293945,33.40999984741211,34.10499954223633,21.003982543945312,1315680
2000-04-28,34.20000076293945,34.5,33.79999923706055,34.084999084472656,20.99166488647461,407070
2000-05-01,34.084999084472656,34.084999084472656,34.084999084472656,34.084999084472656,20.99166488647461,0
2000-05-02,34.29999923706055,34.5,31.360000610351562,33.70000076293945,20.75456428527832,1367910
2000-05-03,33.0,34.189998626708984,31.600000381469727,33.6150016784668,20.702213287353516,1071980
2000-05-04,34.29999923706055,35.974998474121094,34.11000061035156,35.41999816894531,21.813840866088867,1436370
2000-05-05,35.20000076293945,37.189998626708984,35.099998474121094,36.86000061035156,22.700685501098633,3530860
2000-05-08,37.20000076293945,38.0,36.375,36.51499938964844,22.488216400146484,594410
2000-05-09,36.20000076293945,36.400001525878906,35.23500061035156,35.78499984741211,22.038631439208984,983530
2000-05-10,35.20000076293945,37.474998474121094,35.0,35.974998474121094,22.1556453704834,1081510
2000-05-11,35.51499938964844,36.380001068115234,33.42499923706055,35.81999969482422,22.060184478759766,311720
2000-05-12,36.20000076293945,36.900001525878906,35.150001525878906,35.369998931884766,21.783042907714844,684590
2000-05-15,35.5099983215332,35.5099983215332,34.1150016784668,35.18000030517578,21.666038513183594,340740
2000-05-16,35.400001525878906,35.4900016784668,34.79999923706055,35.25,21.709136962890625,427230
2000-05-17,35.400001525878906,35.45000076293945,34.900001525878906,35.130001068115234,21.63524627685547,361330
2000-05-18,34.79999923706055,36.20000076293945,34.79999923706055,35.775001525878906,22.032472610473633,427130
2000-05-19,35.900001525878906,36.20000076293945,35.30500030517578,35.55500030517578,21.896984100341797,299820
2000-05-22,35.119998931884766,35.5,35.0,35.31999969482422,21.752254486083984,309380
2000-05-23,34.95500183105469,35.599998474121094,34.70000076293945,35.2599983215332,21.715299606323242,310910
2000-05-24,35.189998626708984,35.474998474121094,34.755001068115234,35.35499954223633,21.7738094329834,274070
2000-05-25,35.70000076293945,36.0,35.25,35.709999084472656,21.99243927001953,142970
2000-05-26,36.20000076293945,36.400001525878906,35.209999084472656,35.94499969482422,22.137165069580078,1260430
2000-05-29,35.9900016784668,37.099998474121094,35.415000915527344,36.13999938964844,22.25726318359375,384030
2000-05-30,36.099998474121094,36.79999923706055,35.54999923706055,36.36000061035156,22.392751693725586,391090
2000-05-31,36.70000076293945,37.900001525878906,36.25,36.439998626708984,22.4420223236084,1065920
2000-06-01,36.470001220703125,36.474998474121094,35.099998474121094,35.29499816894531,21.736860275268555,350340
2000-06-02,35.0099983215332,35.494998931884766,34.099998474121094,34.529998779296875,21.265724182128906,606300
2000-06-05,34.099998474121094,35.404998779296875,34.099998474121094,35.0099983215332,21.561338424682617,758250
2000-06-06,35.400001525878906,35.400001525878906,34.1150016784668,34.55500030517578,21.281118392944336,636160
2000-06-07,34.70000076293945,35.0,34.20000076293945,34.814998626708984,21.441242218017578,326420
2000-06-08,35.19499969482422,35.5,34.79999923706055,35.19499969482422,21.675270080566406,586060
2000-06-09,35.775001525878906,36.58000183105469,34.70000076293945,35.60499954223633,21.927772521972656,2042920
2000-06-12,36.900001525878906,38.45500183105469,35.900001525878906,36.220001220703125,22.306533813476562,2282100
2000-06-13,36.0,36.13999938964844,35.29999923706055,35.584999084472656,21.915462493896484,1038050
2000-06-14,36.0,36.5,34.5,35.0,21.555179595947266,1042420
2000-06-15,35.0,35.400001525878906,34.70000076293945,34.94499969482422,21.52130699157715,530580
2000-06-16,35.189998626708984,35.4900016784668,34.20000076293945,34.54499816894531,21.274959564208984,1209170
2000-06-19,32.654998779296875,34.0,32.599998474121094,33.470001220703125,20.612911224365234,1581820
2000-06-20,32.900001525878906,34.09000015258789,32.900001525878906,33.775001525878906,20.800748825073242,1383180
2000-06-21,34.9900016784668,34.9900016784668,33.29999923706055,33.61000061035156,20.699129104614258,970430
2000-06-22,33.5,33.95000076293945,33.209999084472656,33.83000183105469,20.83462142944336,272480
2000-06-23,33.52000045776367,34.099998474121094,33.29999923706055,33.3849983215332,20.560562133789062,660260
2000-06-26,33.20500183105469,33.20500183105469,32.20000076293945,32.95500183105469,20.295738220214844,499590
2000-06-27,33.4900016784668,33.79999923706055,32.59000015258789,32.81999969482422,20.21259880065918,927330
2000-06-28,33.470001220703125,33.470001220703125,32.724998474121094,33.095001220703125,20.3819637298584,376200
2000-06-29,33.69499969482422,33.69499969482422,33.099998474121094,33.26499938964844,20.48666000366211,214870
2000-06-30,33.4900016784668,33.5,32.90999984741211,33.26499938964844,20.48666000366211,385510
2000-07-03,33.584999084472656,34.380001068115234,33.29999923706055,34.084999084472656,20.99166488647461,864460
2000-07-04,33.650001525878906,34.79999923706055,33.650001525878906,34.13999938964844,21.025537490844727,793120
2000-07-05,34.5,34.900001525878906,34.099998474121094,34.220001220703125,21.074810028076172,822450
2000-07-06,34.20000076293945,34.29999923706055,33.70000076293945,34.13999938964844,21.025537490844727,536960
2000-07-07,34.27000045776367,35.900001525878906,34.0,34.689998626708984,21.364261627197266,1687560
2000-07-10,35.099998474121094,35.290000915527344,32.900001525878906,33.415000915527344,20.579038619995117,1929890
2000-07-11,33.04999923706055,33.42499923706055,32.099998474121094,32.34000015258789,19.91698455810547,1412850
2000-07-12,32.69499969482422,32.69499969482422,32.25,32.400001525878906,19.95393943786621,1654230
2000-07-13,32.59000015258789,32.689998626708984,31.704999923706055,31.889999389648438,19.639846801757812,1454130
2000-07-14,32.09000015258789,32.400001525878906,31.899999618530273,31.9950008392334,19.70451545715332,833310
2000-07-17,31.899999618530273,32.290000915527344,30.799999237060547,31.06999969482422,19.134841918945312,1673370
2000-07-18,30.649999618530273,30.9950008392334,29.31999969482422,29.584999084472656,18.220279693603516,2806940
2000-07-19,30.0,30.354999542236328,29.424999237060547,29.610000610351562,18.235681533813477,1688480
2000-07-20,29.399999618530273,29.774999618530273,28.600000381469727,28.875,17.783023834228516,1428150
2000-07-21,29.200000762939453,29.5,27.799999237060547,28.100000381469727,17.305728912353516,1885700
2000-07-24,27.600000381469727,27.600000381469727,25.5,25.739999771118164,15.852294921875,1827580
2000-07-25,24.5049991607666,26.25,24.5049991607666,25.575000762939453,15.7506742477417,2729550
2000-07-26,26.30500030517578,27.399999618530273,24.75,24.8700008392334,15.316496849060059,2141040
2000-07-27,24.5049991607666,25.389999389648438,23.5,25.079999923706055,15.445821762084961,1357550
2000-07-28,25.100000381469727,25.100000381469727,22.905000686645508,23.450000762939453,14.441969871520996,3332950
2000-07-31,23.399999618530273,23.790000915527344,22.674999237060547,23.084999084472656,14.217180252075195,1538730
2000-08-01,23.010000228881836,24.100000381469727,23.010000228881836,23.270000457763672,14.3311128616333,3282860
2000-08-02,23.989999771118164,24.395000457763672,23.600000381469727,24.135000228881836,14.863838195800781,2380200
2000-08-03,24.200000762939453,24.290000915527344,23.75,24.020000457763672,14.793011665344238,1383580
2000-08-04,24.200000762939453,24.200000762939453,23.600000381469727,23.875,14.703714370727539,1144420
2000-08-07,23.825000762939453,24.149999618530273,23.809999465942383,23.969999313354492,14.762218475341797,557590
2000-08-08,23.704999923706055,24.049999237060547,23.704999923706055,23.915000915527344,14.728346824645996,729750
2000-08-09,23.90999984741211,24.079999923706055,22.80500030517578,23.604999542236328,14.537428855895996,1156880
2000-08-10,23.5049991607666,23.799999237060547,23.200000762939453,23.6299991607666,14.552824020385742,428890
2000-08-11,23.325000762939453,23.59000015258789,23.219999313354492,23.485000610351562,14.463526725769043,511740
2000-08-14,23.700000762939453,23.700000762939453,22.649999618530273,22.934999465942383,14.124801635742188,1877480
2000-08-15,22.934999465942383,22.934999465942383,22.934999465942383,22.934999465942383,14.124801635742188,0
2000-08-16,23.424999237060547,23.424999237060547,23.125,23.344999313354492,14.377305030822754,404860
2000-08-17,23.649999618530273,23.649999618530273,22.799999237060547,22.860000610351562,14.078611373901367,851130
2000-08-18,22.850000381469727,23.100000381469727,22.204999923706055,22.424999237060547,13.810709953308105,1616180
2000-08-21,22.584999084472656,23.799999237060547,22.0,22.81999969482422,14.053972244262695,2457620
2000-08-22,22.799999237060547,23.350000381469727,22.700000762939453,23.149999618530273,14.257210731506348,1179440
2000-08-23,23.100000381469727,23.790000915527344,22.975000381469727,23.155000686645508,14.260292053222656,1714490
2000-08-24,23.145000457763672,23.389999389648438,22.46500015258789,22.674999237060547,13.964672088623047,1155830
2000-08-25,22.84000015258789,23.270000457763672,22.625,22.774999618530273,14.026260375976562,1358790
2000-08-28,23.190000534057617,24.040000915527344,22.55500030517578,23.420000076293945,14.423493385314941,2505200
2000-08-29,23.5,23.8799991607666,23.0,23.15999984741211,14.263370513916016,2127110
2000-08-30,23.280000686645508,23.600000381469727,22.799999237060547,23.139999389648438,14.251054763793945,1605520
2000-08-31,23.1200008392334,23.145000457763672,22.799999237060547,22.934999465942383,14.124801635742188,1021370
2000-09-01,22.934999465942383,22.934999465942383,22.934999465942383,22.934999465942383,14.124801635742188,0
2000-09-04,23.114999771118164,23.299999237060547,23.03499984741211,23.075000762939453,14.211019515991211,920530
2000-09-05,23.2450008392334,23.485000610351562,23.065000534057617,23.149999618530273,14.257210731506348,1850260
2000-09-06,23.485000610351562,25.440000534057617,23.399999618530273,25.200000762939453,15.519732475280762,5757470
2000-09-07,25.295000076293945,25.579999923706055,24.520000457763672,24.645000457763672,15.177923202514648,4439910
2000-09-08,24.309999465942383,24.950000762939453,24.260000228881836,24.3799991607666,15.014716148376465,1632410
2000-09-11,24.8799991607666,26.100000381469727,24.600000381469727,25.40999984741211,15.64906120300293,4773810
2000-09-12,25.549999237060547,25.790000915527344,25.065000534057617,25.31999969482422,15.593631744384766,2015570
2000-09-13,25.940000534057617,25.940000534057617,24.809999465942383,24.959999084472656,15.371920585632324,1309920
2000-09-14,25.100000381469727,25.100000381469727,24.549999237060547,24.655000686645508,15.184087753295898,646750
2000-09-15,24.55500030517578,24.875,23.649999618530273,23.799999237060547,14.657519340515137,1449580
2000-09-18,23.5,23.600000381469727,23.200000762939453,23.260000228881836,14.324957847595215,580520
2000-09-19,22.700000762939453,23.5,22.350000381469727,22.579999923706055,13.906166076660156,2129180
2000-09-20,23.399999618530273,23.399999618530273,22.510000228881836,22.975000381469727,14.149436950683594,988720
2000-09-21,22.899999618530273,23.174999237060547,22.700000762939453,22.815000534057617,14.050896644592285,663850
2000-09-22,22.600000381469727,22.649999618530273,21.655000686645508,21.950000762939453,13.518178939819336,992620
2000-09-25,22.200000762939453,22.774999618530273,21.799999237060547,22.399999618530273,13.795316696166992,513080
2000-09-26,22.4950008392334,22.5,21.920000076293945,22.190000534057617,13.665980339050293,1021620
2000-09-27,22.274999618530273,22.274999618530273,21.954999923706055,22.010000228881836,13.555129051208496,1143270
2000-09-28,22.100000381469727,22.18000030517578,20.25,20.594999313354492,12.683683395385742,1765380
2000-09-29,20.9950008392334,20.9950008392334,19.850000381469727,20.184999465942383,12.43117618560791,2623810
2000-10-02,20.184999465942383,20.184999465942383,20.184999465942383,20.184999465942383,12.43117618560791,0
2000-10-03,19.905000686645508,20.469999313354492,19.799999237060547,20.049999237060547,12.348036766052246,1976380
2000-10-04,20.4950008392334,20.700000762939453,20.190000534057617,20.479999542236328,12.612860679626465,849000
2000-10-05,20.415000915527344,20.75,20.1299991607666,20.204999923706055,12.443496704101562,465220
2000-10-06,20.0049991607666,20.149999618530273,19.674999237060547,19.889999389648438,12.249500274658203,956950
2000-10-09,19.950000762939453,20.09000015258789,19.809999465942383,19.885000228881836,12.246420860290527,617280
2000-10-10,19.985000610351562,19.985000610351562,19.5,19.600000381469727,12.070898056030273,1067910
2000-10-11,19.5,19.799999237060547,18.299999237060547,18.420000076293945,11.344182968139648,1350300
2000-10-12,18.204999923706055,18.78499984741211,18.114999771118164,18.450000762939453,11.362658500671387,1024770
2000-10-13,18.204999923706055,18.399999618530273,17.90999984741211,18.174999237060547,11.19329833984375,975580
2000-10-16,18.395000457763672,19.469999313354492,17.655000686645508,17.815000534057617,10.971585273742676,973570
2000-10-17,17.625,18.040000915527344,17.604999542236328,17.895000457763672,11.020853042602539,1140690
2000-10-18,17.895000457763672,18.360000610351562,17.700000762939453,18.100000381469727,11.147106170654297,711470
2000-10-19,18.0,18.299999237060547,17.7549991607666,18.155000686645508,11.180980682373047,665380
2000-10-20,18.395000457763672,18.5,17.989999771118164,18.110000610351562,11.153266906738281,1046860
2000-10-23,18.200000762939453,18.200000762939453,17.75,17.84000015258789,10.986979484558105,355740
2000-10-24,17.7549991607666,17.950000762939453,17.114999771118164,17.299999237060547,10.6544189453125,980420
2000-10-25,17.2450008392334,17.674999237060547,17.0,17.149999618530273,10.56203556060791,1446200
2000-10-26,17.0049991607666,17.280000686645508,16.90999984741211,17.229999542236328,10.611306190490723,152860
2000-10-27,17.225000381469727,17.344999313354492,17.100000381469727,17.229999542236328,10.611306190490723,305970
2000-10-30,17.100000381469727,17.200000762939453,16.799999237060547,16.924999237060547,10.423467636108398,431620
2000-10-31,16.80500030517578,17.049999237060547,16.729999542236328,16.860000610351562,10.383435249328613,675470
2000-11-01,17.200000762939453,19.559999465942383,17.190000534057617,18.690000534057617,11.510464668273926,4666260
2000-11-02,18.75,19.600000381469727,18.34000015258789,18.584999084472656,11.445798873901367,3160040
2000-11-03,18.610000610351562,19.399999618530273,18.399999618530273,18.4950008392334,11.390371322631836,2760690
2000-11-06,18.739999771118164,19.790000915527344,18.510000228881836,19.329999923706055,11.904618263244629,3276790
2000-11-07,19.700000762939453,20.100000381469727,19.200000762939453,19.46500015258789,11.987756729125977,2534470
2000-11-08,19.889999389648438,20.969999313354492,18.915000915527344,19.145000457763672,11.790679931640625,2013770
2000-11-09,18.709999084472656,19.059999465942383,18.56999969482422,18.924999237060547,11.655191421508789,921010
2000-11-10,19.0,19.059999465942383,18.510000228881836,18.559999465942383,11.430403709411621,1059130
2000-11-13,18.5049991607666,18.5049991607666,18.010000228881836,18.219999313354492,11.2210111618042,891520
2000-11-14,18.204999923706055,19.68000030517578,18.15999984741211,19.19499969482422,11.821476936340332,1896160
2000-11-15,20.729999542236328,20.850000381469727,19.799999237060547,20.100000381469727,12.378830909729004,4696800
2000-11-16,19.799999237060547,20.25,19.100000381469727,19.454999923706055,11.98160171508789,1914330
2000-11-17,19.274999618530273,19.584999084472656,18.809999465942383,19.459999084472656,11.984676361083984,1516870
2000-11-20,19.524999618530273,19.905000686645508,19.3799991607666,19.674999237060547,12.117087364196777,1207040
2000-11-21,19.799999237060547,20.5,19.600000381469727,19.80500030517578,12.197151184082031,3534540
2000-11-22,19.979999542236328,20.200000762939453,19.649999618530273,19.739999771118164,12.157119750976562,1441550
2000-11-23,19.649999618530273,19.700000762939453,19.350000381469727,19.4950008392334,12.00623607635498,930330
2000-11-24,19.600000381469727,20.31999969482422,19.530000686645508,19.889999389648438,12.249500274658203,3634420
2000-11-27,20.100000381469727,20.434999465942383,19.899999618530273,20.290000915527344,12.495845794677734,2631790
2000-11-28,20.469999313354492,20.950000762939453,20.25,20.75,12.77914047241211,3991410
2000-11-29,20.799999237060547,21.780000686645508,20.799999237060547,21.2549991607666,13.0901517868042,5454650
2000-11-30,21.489999771118164,21.700000762939453,20.75,20.915000915527344,12.880759239196777,3137510
2000-12-01,20.700000762939453,21.28499984741211,20.5,20.760000228881836,12.785303115844727,2677880
2000-12-04,20.799999237060547,21.299999237060547,20.709999084472656,20.78499984741211,12.800697326660156,2985030
2000-12-05,20.899999618530273,20.979999542236328,20.46500015258789,20.540000915527344,12.649812698364258,2978360
2000-12-06,21.09000015258789,21.149999618530273,20.700000762939453,20.799999237060547,12.809935569763184,2090020
2000-12-07,20.979999542236328,21.469999313354492,20.75,21.125,13.010087013244629,3829990
2000-12-08,21.350000381469727,22.0,21.200000762939453,21.5,13.241040229797363,9187590
2000-12-11,21.700000762939453,21.989999771118164,21.200000762939453,21.280000686645508,13.105549812316895,5630750
2000-12-12,21.549999237060547,21.59000015258789,21.104999542236328,21.165000915527344,13.034724235534668,3397710
2000-12-13,21.469999313354492,21.799999237060547,21.225000381469727,21.59000015258789,13.296463012695312,5390970
2000-12-14,21.850000381469727,22.389999389648438,21.600000381469727,21.790000915527344,13.419641494750977,15315360
2000-12-15,21.690000534057617,22.149999618530273,20.799999237060547,20.954999923706055,12.905393600463867,9514700
2000-12-18,20.799999237060547,21.399999618530273,20.71500015258789,21.315000534057617,13.127106666564941,5455240
2000-12-19,21.5,21.790000915527344,21.125,21.229999542236328,13.07475471496582,7326830
2000-12-20,21.290000915527344,22.549999237060547,21.0049991607666,22.299999237060547,13.733724594116211,10923800
2000-12-21,22.299999237060547,23.889999389648438,22.125,23.020000457763672,14.177148818969727,20640290
2000-12-22,23.3799991607666,23.989999771118164,22.399999618530273,22.604999542236328,13.921563148498535,15325680
2000-12-25,22.604999542236328,22.604999542236328,22.604999542236328,22.604999542236328,13.921563148498535,0
2000-12-26,22.5,23.0,20.815000534057617,21.260000228881836,13.093232154846191,10740300
2000-12-27,21.5,22.280000686645508,21.299999237060547,21.864999771118164,13.46582317352295,6113900
2000-12-28,22.170000076293945,22.5,21.959999084472656,22.065000534057617,13.58900260925293,3735960
2000-12-29,22.125,22.3799991607666,21.899999618530273,22.104999542236328,13.613637924194336,3526150
2001-01-01,22.200000762939453,23.149999618530273,21.905000686645508,22.7450008392334,14.007789611816406,6322390
2001-01-02,22.940000534057617,23.989999771118164,22.71500015258789,23.635000228881836,14.555907249450684,6502400
2001-01-03,23.795000076293945,25.239999771118164,23.75,24.979999542236328,15.384239196777344,12135730
2001-01-04,25.290000915527344,25.844999313354492,24.600000381469727,24.774999618530273,15.25798511505127,10231660
2001-01-05,24.950000762939453,25.5,24.309999465942383,25.31999969482422,15.593631744384766,8023740
2001-01-08,25.399999618530273,26.90999984741211,25.100000381469727,26.625,16.397329330444336,13433590
2001-01-09,26.510000228881836,27.3700008392334,26.149999618530273,27.024999618530273,16.6436767578125,14269160
2001-01-10,28.0,29.34000015258789,27.489999771118164,28.43000030517578,17.50896453857422,25078860
2001-01-11,28.479999542236328,28.600000381469727,27.5,27.844999313354492,17.148685455322266,11697830
2001-01-12,27.649999618530273,28.100000381469727,27.165000915527344,27.459999084472656,16.911577224731445,6268540
2001-01-15,27.799999237060547,28.350000381469727,27.350000381469727,27.68000030517578,17.04706573486328,4353090
2001-01-16,27.700000762939453,28.770000457763672,27.415000915527344,28.434999465942383,17.51204490661621,10972980
2001-01-17,28.75,28.799999237060547,27.700000762939453,27.825000762939453,17.136367797851562,4559230
2001-01-18,27.899999618530273,27.899999618530273,27.219999313354492,27.59000015258789,16.991640090942383,3212580
2001-01-19,27.8799991607666,28.295000076293945,27.299999237060547,27.864999771118164,17.16099739074707,5087100
2001-01-22,27.799999237060547,28.344999313354492,27.299999237060547,27.725000381469727,17.074779510498047,5763590
2001-01-23,27.530000686645508,29.600000381469727,25.700000762939453,28.8700008392334,17.779945373535156,14339460
2001-01-24,29.5,29.5,27.600000381469727,27.96500015258789,17.22258758544922,8845820
2001-01-25,28.100000381469727,28.100000381469727,27.059999465942383,27.3700008392334,16.856155395507812,5321740
2001-01-26,27.3700008392334,27.3700008392334,27.3700008392334,27.3700008392334,16.856155395507812,0
2001-01-29,27.049999237060547,27.049999237060547,25.5,26.530000686645508,16.33882713317871,4421280
2001-01-30,26.5,27.485000610351562,26.5,27.235000610351562,16.773006439208984,5073440
2001-01-31,27.139999389648438,28.09000015258789,27.024999618530273,27.165000915527344,16.72989273071289,5250050
2001-02-01,27.299999237060547,27.600000381469727,26.139999389648438,26.649999618530273,16.41272735595703,5802120
2001-02-02,26.600000381469727,27.100000381469727,26.350000381469727,27.010000228881836,16.634437561035156,3471600
2001-02-05,26.825000762939453,28.739999771118164,26.610000610351562,28.540000915527344,17.576709747314453,12032490
2001-02-06,28.899999618530273,30.100000381469727,28.899999618530273,29.655000686645508,18.26339340209961,10045810
2001-02-07,29.989999771118164,30.094999313354492,28.799999237060547,29.065000534057617,17.90003776550293,5975490
2001-02-08,29.0,29.799999237060547,29.0,29.704999923706055,18.294185638427734,5675660
2001-02-09,29.799999237060547,30.979999542236328,29.799999237060547,30.545000076293945,18.811511993408203,11543100
2001-02-12,30.700000762939453,31.3799991607666,30.309999465942383,30.520000457763672,18.79611587524414,9361190
2001-02-13,30.790000915527344,30.790000915527344,29.719999313354492,30.0,18.475866317749023,5256140
2001-02-14,29.899999618530273,30.690000534057617,29.149999618530273,29.690000534057617,18.28495216369629,5533820
2001-02-15,29.979999542236328,30.489999771118164,29.625,29.780000686645508,18.340375900268555,3651980
2001-02-16,30.0,30.200000762939453,28.125,28.469999313354492,17.533599853515625,5924920
2001-02-19,28.350000381469727,28.969999313354492,26.655000686645508,27.079999923706055,16.677553176879883,4382080
2001-02-20,27.100000381469727,27.579999923706055,26.325000762939453,26.53499984741211,16.341901779174805,4960840
2001-02-21,26.799999237060547,27.274999618530273,26.049999237060547,26.315000534057617,16.206418991088867,5962890
2001-02-22,26.100000381469727,26.299999237060547,24.524999618530273,25.0049991607666,15.399632453918457,5647240
2001-02-23,24.625,25.600000381469727,23.899999618530273,24.149999618530273,14.873072624206543,9607700
2001-02-26,24.334999084472656,25.135000228881836,23.825000762939453,24.735000610351562,15.23335075378418,5351430
2001-02-27,25.0,25.190000534057617,23.530000686645508,23.985000610351562,14.771456718444824,7428390
2001-02-28,24.780000686645508,27.68000030517578,24.315000534057617,26.815000534057617,16.514347076416016,17617160
2001-03-01,27.5,28.5,26.600000381469727,27.21500015258789,16.760690689086914,15526790
2001-03-02,27.9950008392334,28.1299991607666,25.5,25.954999923706055,15.98470401763916,6495980
2001-03-05,26.0,26.389999389648438,23.530000686645508,23.969999313354492,14.762218475341797,8919900
2001-03-06,23.969999313354492,23.969999313354492,23.969999313354492,23.969999313354492,14.762218475341797,0
2001-03-07,24.485000610351562,25.5,23.010000228881836,23.854999542236328,14.691391944885254,5276550
2001-03-08,24.200000762939453,24.5,23.80500030517578,24.174999237060547,14.888472557067871,3211060
2001-03-09,23.850000381469727,23.850000381469727,22.2450008392334,22.969999313354492,14.146357536315918,3418310
2001-03-12,22.850000381469727,23.0,21.165000915527344,21.434999465942383,13.201008796691895,2800750
2001-03-13,21.219999313354492,21.219999313354492,18.0049991607666,18.850000381469727,11.609004974365234,5623700
2001-03-14,18.700000762939453,21.59000015258789,18.700000762939453,21.264999389648438,13.096308708190918,3219050
2001-03-15,21.399999618530273,24.670000076293945,21.125,23.924999237060547,14.734506607055664,5661420
2001-03-16,23.594999313354492,25.104999542236328,22.510000228881836,23.424999237060547,14.426573753356934,3959980
2001-03-19,22.309999465942383,23.799999237060547,22.309999465942383,23.385000228881836,14.401942253112793,2224190
2001-03-20,23.5,23.5,22.399999618530273,22.864999771118164,14.081687927246094,2274140
2001-03-21,22.799999237060547,23.600000381469727,22.309999465942383,23.239999771118164,14.312642097473145,2037850
2001-03-22,23.200000762939453,23.5,22.709999084472656,22.875,14.087850570678711,1217360
2001-03-23,22.700000762939453,23.0,22.010000228881836,22.309999465942383,13.739889144897461,1508470
2001-03-26,22.0049991607666,22.5,21.0049991607666,21.15999984741211,13.03164291381836,1451370
2001-03-27,21.450000762939453,21.899999618530273,21.100000381469727,21.700000762939453,13.364212036132812,1638060
2001-03-28,22.100000381469727,23.799999237060547,22.100000381469727,23.575000762939453,14.518954277038574,2862800
2001-03-29,23.25,24.200000762939453,22.0,24.010000228881836,14.786850929260254,4002380
2001-03-30,23.725000381469727,24.200000762939453,23.219999313354492,23.454999923706055,14.445049285888672,2143210
2001-04-02,23.110000610351562,23.110000610351562,21.020000457763672,21.56999969482422,13.28415298461914,2473270
2001-04-03,21.200000762939453,22.299999237060547,21.200000762939453,21.94499969482422,13.515100479125977,1704940
2001-04-04,21.899999618530273,22.434999465942383,21.40999984741211,22.065000534057617,13.58900260925293,2267990
2001-04-05,22.065000534057617,22.065000534057617,22.065000534057617,22.065000534057617,13.58900260925293,0
2001-04-06,22.125,23.4950008392334,20.799999237060547,21.235000610351562,13.077836036682129,2394810
2001-04-09,21.010000228881836,21.540000915527344,20.899999618530273,21.15999984741211,13.03164291381836,1308080
2001-04-10,21.25,21.375,20.420000076293945,20.59000015258789,12.680604934692383,1885090
2001-04-11,20.850000381469727,21.100000381469727,20.149999618530273,20.530000686645508,12.64365291595459,1640910
2001-04-12,20.350000381469727,20.450000762939453,19.40999984741211,20.024999618530273,12.332642555236816,2156210
2001-04-13,20.024999618530273,20.024999618530273,20.024999618530273,20.024999618530273,12.332642555236816,0
2001-04-16,20.0,21.25,19.899999618530273,20.950000762939453,12.902316093444824,1993890
2001-04-17,21.225000381469727,21.524999618530273,20.799999237060547,21.334999084472656,13.139419555664062,1466960
2001-04-18,21.399999618530273,22.739999771118164,21.399999618530273,22.389999389648438,13.789155960083008,3203740
2001-04-19,22.600000381469727,23.3799991607666,21.600000381469727,21.78499984741211,13.416558265686035,2957840
2001-04-20,21.799999237060547,21.950000762939453,20.920000076293945,21.06999969482422,12.976216316223145,1576260
2001-04-23,21.100000381469727,21.8700008392334,21.0049991607666,21.204999923706055,13.059357643127441,2013300
2001-04-24,20.899999618530273,22.905000686645508,20.899999618530273,22.165000915527344,13.650588989257812,4283100
2001-04-25,22.299999237060547,22.895000457763672,22.149999618530273,22.584999084472656,13.909250259399414,3449570
2001-04-26,22.780000686645508,23.149999618530273,22.020000457763672,22.299999237060547,13.733724594116211,2743300
2001-04-27,21.700000762939453,21.84000015258789,20.899999618530273,21.145000457763672,13.022408485412598,2668820
2001-04-30,21.200000762939453,21.655000686645508,21.0,21.375,13.164054870605469,1542140
2001-05-01,21.375,21.375,21.375,21.375,13.164054870605469,0
2001-05-02,21.5,22.299999237060547,21.5,21.774999618530273,13.41039752960205,1649890
2001-05-03,21.899999618530273,22.0,21.239999771118164,21.364999771118164,13.157896041870117,915030
2001-05-04,21.350000381469727,21.59000015258789,21.200000762939453,21.46500015258789,13.219482421875,702790
2001-05-07,21.59000015258789,21.850000381469727,21.520000457763672,21.610000610351562,13.308780670166016,831310
2001-05-08,21.645000457763672,21.790000915527344,21.479999542236328,21.549999237060547,13.271830558776855,890680
2001-05-09,21.7450008392334,22.25,21.610000610351562,21.719999313354492,13.376526832580566,2237920
2001-05-10,21.799999237060547,21.940000534057617,21.510000228881836,21.614999771118164,13.31186294555664,476110
2001-05-11,21.5,21.545000076293945,21.100000381469727,21.225000381469727,13.071675300598145,895890
2001-05-14,21.25,21.5,21.139999389648438,21.209999084472656,13.0624361038208,527700
2001-05-15,20.825000762939453,21.05500030517578,20.010000228881836,20.84000015258789,12.834567070007324,1635010
2001-05-16,20.9950008392334,21.399999618530273,20.93000030517578,21.1299991607666,13.013171195983887,1100780
2001-05-17,21.280000686645508,22.375,21.280000686645508,21.770000457763672,13.407320022583008,3795090
2001-05-18,21.940000534057617,22.395000457763672,21.700000762939453,21.815000534057617,13.43503475189209,2422450
2001-05-21,21.989999771118164,22.489999771118164,21.889999389648438,22.040000915527344,13.573602676391602,2391400
2001-05-22,22.200000762939453,22.280000686645508,21.809999465942383,21.969999313354492,13.530491828918457,1463710
2001-05-23,22.104999542236328,23.0,22.049999237060547,22.739999771118164,14.004708290100098,3221100
2001-05-24,22.950000762939453,23.489999771118164,22.450000762939453,22.575000762939453,13.903091430664062,5766910
2001-05-25,22.770000457763672,22.84000015258789,22.110000610351562,22.270000457763672,13.715252876281738,1905080
2001-05-28,22.299999237060547,23.264999389648438,22.299999237060547,22.9950008392334,14.161750793457031,2900800
2001-05-29,23.299999237060547,24.329999923706055,23.299999237060547,23.75,14.626729011535645,7211700
2001-05-30,23.899999618530273,24.649999618530273,23.799999237060547,24.3700008392334,15.008563995361328,7181980
2001-05-31,24.100000381469727,24.299999237060547,23.510000228881836,23.760000228881836,14.63288688659668,2783920
2001-06-01,23.989999771118164,24.264999389648438,22.799999237060547,22.889999389648438,14.097087860107422,2197050
2001-06-04,23.09000015258789,23.700000762939453,22.899999618530273,23.0049991607666,14.167914390563965,1932140
2001-06-05,23.065000534057617,23.200000762939453,22.110000610351562,22.30500030517578,13.73680591583252,2117740
2001-06-06,22.59000015258789,22.799999237060547,22.299999237060547,22.344999313354492,13.761438369750977,1117960
2001-06-07,22.3700008392334,22.690000534057617,22.0,22.510000228881836,13.863057136535645,1315200
2001-06-08,22.704999923706055,23.079999923706055,22.600000381469727,22.780000686645508,14.029340744018555,1766560
2001-06-11,22.850000381469727,23.204999923706055,22.600000381469727,22.969999313354492,14.146357536315918,1916960
2001-06-12,23.049999237060547,23.049999237060547,22.649999618530273,22.90999984741211,14.10940170288086,1343670
2001-06-13,23.030000686645508,23.489999771118164,23.0,23.204999923706055,14.291081428527832,1713230
2001-06-14,23.100000381469727,23.100000381469727,22.649999618530273,22.71500015258789,13.989311218261719,1143210
2001-06-15,22.510000228881836,22.510000228881836,21.549999237060547,21.729999542236328,13.382684707641602,1726580
2001-06-18,21.530000686645508,21.889999389648438,21.200000762939453,21.614999771118164,13.31186294555664,823430
2001-06-19,21.649999618530273,22.200000762939453,21.5049991607666,21.825000762939453,13.441193580627441,1447980
2001-06-20,20.614999771118164,21.315000534057617,20.260000228881836,20.485000610351562,12.615938186645508,2446030
2001-06-21,20.645000457763672,20.84000015258789,20.420000076293945,20.579999923706055,12.674445152282715,1389770
2001-06-22,20.635000228881836,20.850000381469727,18.96500015258789,19.040000915527344,11.726016998291016,3161850
2001-06-25,18.850000381469727,19.0,18.424999237060547,18.68000030517578,11.504308700561523,1147780
2001-06-26,18.799999237060547,19.200000762939453,18.5,19.040000915527344,11.726016998291016,1713230
2001-06-27,19.280000686645508,19.549999237060547,18.959999084472656,19.219999313354492,11.836874008178711,1278010
2001-06-28,19.200000762939453,19.34000015258789,18.799999237060547,18.989999771118164,11.695223808288574,918650
2001-06-29,19.075000762939453,19.075000762939453,18.34000015258789,18.489999771118164,11.387290954589844,1206270
2001-07-02,18.885000228881836,19.385000228881836,18.600000381469727,19.0049991607666,11.704463005065918,310180
2001-07-03,18.899999618530273,19.139999389648438,18.655000686645508,19.0049991607666,11.704463005065918,424130
2001-07-04,19.280000686645508,19.440000534057617,18.809999465942383,18.954999923706055,11.67366886138916,242880
2001-07-05,19.0,19.0,18.3799991607666,18.55500030517578,11.427323341369629,487650
2001-07-06,18.600000381469727,18.899999618530273,18.450000762939453,18.485000610351562,11.384215354919434,237160
2001-07-09,18.790000915527344,18.790000915527344,18.3799991607666,18.424999237060547,11.347260475158691,246930
2001-07-10,18.43000030517578,18.889999389648438,18.299999237060547,18.434999465942383,11.35342025756836,569840
2001-07-11,18.5,18.75,18.450000762939453,18.665000915527344,11.495068550109863,344670
2001-07-12,18.799999237060547,18.850000381469727,18.40999984741211,18.469999313354492,11.374975204467773,410970
2001-07-13,19.299999237060547,19.5,18.5,18.53499984741211,11.41500473022461,549430
2001-07-16,18.799999237060547,18.799999237060547,18.600000381469727,18.719999313354492,11.52894115447998,271380
2001-07-17,18.75,18.75,18.549999237060547,18.614999771118164,11.464275360107422,75550
2001-07-18,18.684999465942383,18.700000762939453,18.209999084472656,18.290000915527344,11.264122009277344,448920
2001-07-19,18.34000015258789,18.350000381469727,16.864999771118164,16.975000381469727,10.454261779785156,983230
2001-07-20,16.899999618530273,17.399999618530273,16.549999237060547,16.774999618530273,10.331089973449707,1778110
2001-07-23,17.5,18.0,16.959999084472656,17.100000381469727,10.531245231628418,6040
2001-07-24,17.0,17.0049991607666,16.75,16.875,10.39267635345459,228930
2001-07-25,18.600000381469727,18.600000381469727,15.329999923706055,15.5,9.545866012573242,1497440
2001-07-26,15.520000457763672,15.890000343322754,15.399999618530273,15.510000228881836,9.552024841308594,1036660
2001-07-27,15.800000190734863,16.03499984741211,15.539999961853027,15.635000228881836,9.629006385803223,659960
2001-07-30,16.010000228881836,17.46500015258789,15.265000343322754,17.065000534057617,10.509692192077637,1586790
2001-07-31,17.799999237060547,17.799999237060547,16.5,16.610000610351562,10.229474067687988,899620
2001-08-01,16.700000762939453,17.049999237060547,16.399999618530273,16.454999923706055,10.134015083312988,451980
2001-08-02,16.200000762939453,16.5,16.200000762939453,16.389999389648438,10.093978881835938,332150
2001-08-03,16.549999237060547,16.690000534057617,15.925000190734863,15.979999542236328,9.841479301452637,1257590
2001-08-06,16.200000762939453,16.3700008392334,15.65999984741211,15.734999656677246,9.690593719482422,961480
2001-08-07,15.890000343322754,15.899999618530273,15.350000381469727,15.399999618530273,9.484275817871094,2185630
2001-08-08,15.399999618530273,15.699999809265137,15.100000381469727,15.130000114440918,9.317997932434082,2043970
2001-08-09,15.265000343322754,16.1200008392334,15.199999809265137,15.779999732971191,9.718303680419922,2478600
2001-08-10,15.970000267028809,16.360000610351562,15.914999961853027,15.994999885559082,9.850716590881348,1645740
2001-08-13,16.174999237060547,16.389999389648438,16.020000457763672,16.21500015258789,9.986207008361816,732930
2001-08-14,15.800000190734863,16.450000762939453,15.800000190734863,16.344999313354492,10.066268920898438,815460
2001-08-15,16.344999313354492,16.344999313354492,16.344999313354492,16.344999313354492,10.066268920898438,0
2001-08-16,15.5,16.5,15.5,16.399999618530273,10.100141525268555,513910
2001-08-17,16.03499984741211,16.850000381469727,16.03499984741211,16.670000076293945,10.854802131652832,1978470
2001-08-20,16.899999618530273,17.59000015258789,16.40999984741211,16.604999542236328,10.812475204467773,739870
2001-08-21,16.299999237060547,17.03499984741211,16.299999237060547,16.975000381469727,11.053401947021484,1961520
2001-08-22,16.975000381469727,16.975000381469727,16.975000381469727,16.975000381469727,11.053401947021484,0
2001-08-23,17.200000762939453,17.200000762939453,16.75,17.049999237060547,11.102240562438965,2626320
2001-08-24,16.190000534057617,16.190000534057617,15.854999542236328,15.989999771118164,10.412015914916992,1231700
2001-08-27,16.100000381469727,16.18000030517578,15.670000076293945,15.755000114440918,10.258991241455078,1159500
2001-08-28,15.800000190734863,15.850000381469727,15.510000228881836,15.609999656677246,10.164573669433594,861560
2001-08-29,15.5,15.699999809265137,15.5,15.645000457763672,10.18736457824707,308210
2001-08-30,15.520000457763672,15.800000190734863,15.520000457763672,15.645000457763672,10.18736457824707,365190
2001-08-31,15.550000190734863,15.6899995803833,15.5,15.529999732971191,10.112480163574219,410670
2001-09-03,15.645000457763672,15.645000457763672,15.109999656677246,15.199999809265137,9.897600173950195,897130
2001-09-04,15.199999809265137,15.199999809265137,15.0,15.050000190734863,9.799924850463867,834890
2001-09-05,15.0,15.25,14.800000190734863,14.824999809265137,9.653413772583008,1351710
2001-09-06,14.90999984741211,15.0,14.800000190734863,14.84000015258789,9.663183212280273,386970
2001-09-07,14.819999694824219,15.295000076293945,14.699999809265137,14.90999984741211,9.708763122558594,695480
2001-09-10,15.095000267028809,15.5,14.954999923706055,15.020000457763672,9.780391693115234,420600
2001-09-11,15.5,15.5,14.949999809265137,14.984999656677246,9.757600784301758,422280
2001-09-12,14.164999961853027,14.885000228881836,14.149999618530273,14.255000114440918,9.282257080078125,778070
2001-09-13,14.399999618530273,14.670000076293945,13.529999732971191,13.630000114440918,8.87528133392334,1027200
2001-09-14,13.710000038146973,13.710000038146973,12.854999542236328,12.949999809265137,8.432494163513184,1036730
2001-09-17,12.545000076293945,13.199999809265137,11.755000114440918,11.859999656677246,7.722733497619629,1118330
2001-09-18,12.399999618530273,12.779999732971191,12.024999618530273,12.25,7.976682662963867,1126330
2001-09-19,12.789999961853027,12.789999961853027,12.350000381469727,12.515000343322754,8.14924144744873,872060
2001-09-20,12.550000190734863,12.899999618530273,12.164999961853027,12.614999771118164,8.214356422424316,654530
2001-09-21,12.204999923706055,12.649999618530273,12.204999923706055,12.505000114440918,8.142730712890625,523140
2001-09-24,12.520000457763672,12.984999656677246,12.520000457763672,12.875,8.383657455444336,471290
2001-09-25,13.0,13.300000190734863,12.515000343322754,12.600000381469727,8.204588890075684,1209310
2001-09-26,12.6899995803833,12.800000190734863,12.505000114440918,12.725000381469727,8.285982131958008,270800
2001-09-27,12.600000381469727,12.979999542236328,12.539999961853027,12.65999984741211,8.243659019470215,596270
2001-09-28,13.0,13.140000343322754,12.824999809265137,12.944999694824219,8.429237365722656,1118510
2001-10-01,13.399999618530273,13.399999618530273,12.960000038146973,13.069999694824219,8.510634422302246,527490
2001-10-02,13.069999694824219,13.069999694824219,13.069999694824219,13.069999694824219,8.510634422302246,0
2001-10-03,13.100000381469727,13.274999618530273,12.65999984741211,12.729999542236328,8.289237022399902,478020
2001-10-04,13.0,13.125,12.600000381469727,12.645000457763672,8.233892440795898,350410
2001-10-05,12.6850004196167,12.774999618530273,12.5649995803833,12.614999771118164,8.214356422424316,329470
2001-10-08,12.005000114440918,12.600000381469727,12.005000114440918,12.515000343322754,8.14924144744873,461300
2001-10-09,12.6899995803833,12.8100004196167,12.5,12.78499984741211,8.325053215026855,193190
2001-10-10,12.994999885559082,12.994999885559082,12.550000190734863,12.625,8.220868110656738,677260
2001-10-11,13.489999771118164,13.489999771118164,12.699999809265137,12.890000343322754,8.393424987792969,634140
2001-10-12,12.949999809265137,13.100000381469727,12.824999809265137,12.904999732971191,8.403193473815918,571720
2001-10-15,12.899999618530273,12.989999771118164,12.824999809265137,12.875,8.383657455444336,307600
2001-10-16,13.095000267028809,13.25,12.600000381469727,12.654999732971191,8.24040412902832,942400
2001-10-17,12.800000190734863,13.100000381469727,12.675000190734863,12.75,8.302261352539062,1386070
2001-10-18,12.949999809265137,13.600000381469727,12.805000305175781,13.354999542236328,8.696211814880371,2280590
2001-10-19,13.399999618530273,14.239999771118164,13.399999618530273,13.930000305175781,9.070631980895996,2512030
2001-10-22,14.100000381469727,14.675000190734863,14.100000381469727,14.234999656677246,9.269229888916016,1517590
2001-10-23,14.65999984741211,14.65999984741211,14.010000228881836,14.234999656677246,9.269229888916016,788310
2001-10-24,14.399999618530273,14.399999618530273,14.039999961853027,14.130000114440918,9.200858116149902,564900
2001-10-25,14.210000038146973,14.399999618530273,14.149999618530273,14.295000076293945,9.308300971984863,296650
2001-10-26,14.295000076293945,14.295000076293945,14.295000076293945,14.295000076293945,9.308300971984863,0
2001-10-29,14.550000190734863,14.550000190734863,13.699999809265137,13.795000076293945,8.982723236083984,598980
2001-10-30,13.25,14.199999809265137,13.25,13.975000381469727,9.09992790222168,1591650
2001-10-31,13.899999618530273,15.375,13.550000190734863,15.34000015258789,9.988760948181152,5232190
2001-11-01,15.5,16.600000381469727,14.90999984741211,16.149999618530273,10.516199111938477,6247710
2001-11-02,16.149999618530273,16.639999389648438,15.625,16.139999389648438,10.509687423706055,4511190
2001-11-05,16.5,16.844999313354492,16.200000762939453,16.450000762939453,10.711548805236816,1739280
2001-11-06,16.200000762939453,16.790000915527344,16.100000381469727,16.200000762939453,10.548755645751953,1216280
2001-11-07,16.200000762939453,16.34000015258789,15.600000381469727,15.744999885559082,10.252481460571289,1017950
2001-11-08,15.720000267028809,16.145000457763672,15.699999809265137,15.920000076293945,10.36643123626709,866490
2001-11-09,16.100000381469727,16.399999618530273,16.0,16.03499984741211,10.441316604614258,709930
2001-11-12,16.104999542236328,17.280000686645508,16.104999542236328,17.114999771118164,11.14456558227539,2631150
2001-11-13,16.9950008392334,17.700000762939453,16.850000381469727,17.575000762939453,11.444100379943848,2579740
2001-11-14,17.770000457763672,18.299999237060547,17.600000381469727,18.079999923706055,11.772936820983887,1282700
2001-11-15,18.5,18.5,17.735000610351562,17.84000015258789,11.616655349731445,1525680
2001-11-16,17.84000015258789,17.84000015258789,17.84000015258789,17.84000015258789,11.616655349731445,0
2001-11-19,18.170000076293945,18.395000457763672,17.80500030517578,17.940000534057617,11.68177318572998,1582910
2001-11-20,17.940000534057617,18.25,17.354999542236328,17.510000228881836,11.401773452758789,731510
2001-11-21,17.0049991607666,17.80500030517578,17.0049991607666,17.354999542236328,11.30084228515625,1398720
2001-11-22,17.700000762939453,18.25,17.454999923706055,18.0049991607666,11.72409725189209,2386840
2001-11-23,18.25,18.399999618530273,18.0,18.084999084472656,11.776187896728516,2401650
2001-11-26,18.989999771118164,18.989999771118164,18.149999618530273,18.34000015258789,11.942235946655273,1121640
2001-11-27,18.799999237060547,18.799999237060547,18.25,18.450000762939453,12.013860702514648,1037520
2001-11-28,18.489999771118164,18.799999237060547,18.25,18.389999389648438,11.9747953414917,951990
2001-11-29,18.395000457763672,18.395000457763672,17.610000610351562,17.704999923706055,11.528751373291016,668710
2001-11-30,17.704999923706055,17.704999923706055,17.704999923706055,17.704999923706055,11.528751373291016,0
2001-12-03,17.815000534057617,17.950000762939453,17.604999542236328,17.670000076293945,11.505956649780273,517880
2001-12-04,17.770000457763672,17.899999618530273,17.5,17.549999237060547,11.42781925201416,804390
2001-12-05,17.700000762939453,19.200000762939453,17.649999618530273,18.684999465942383,12.166881561279297,3058260
2001-12-06,19.5,19.5,18.014999389648438,18.1200008392334,11.798980712890625,1988310
2001-12-07,18.579999923706055,19.399999618530273,18.25,18.635000228881836,12.134326934814453,2417100
2001-12-10,18.950000762939453,19.795000076293945,18.610000610351562,19.350000381469727,12.599903106689453,3437670
2001-12-11,19.5,20.530000686645508,19.30500030517578,19.84000015258789,12.91897201538086,4891920
2001-12-12,19.950000762939453,20.200000762939453,18.90999984741211,19.110000610351562,12.44362735748291,1432020
2001-12-13,19.0,19.399999618530273,17.80500030517578,18.270000457763672,11.89665412902832,2971790
2001-12-14,18.200000762939453,18.200000762939453,17.5049991607666,17.59000015258789,11.45386791229248,1830840
2001-12-17,17.59000015258789,17.59000015258789,17.59000015258789,17.59000015258789,11.45386791229248,0
2001-12-18,17.5,18.084999084472656,17.405000686645508,17.545000076293945,11.424565315246582,966020
2001-12-19,17.649999618530273,17.75,16.549999237060547,16.719999313354492,10.887356758117676,953680
2001-12-20,17.0,17.0,16.40999984741211,16.639999389648438,10.835265159606934,1011080
2001-12-21,16.690000534057617,16.790000915527344,16.309999465942383,16.59000015258789,10.802708625793457,720720
2001-12-24,16.600000381469727,16.600000381469727,16.110000610351562,16.315000534057617,10.623639106750488,523270
2001-12-25,16.315000534057617,16.315000534057617,16.315000534057617,16.315000534057617,10.623639106750488,0
2001-12-26,16.350000381469727,16.719999313354492,15.765000343322754,15.890000343322754,10.34689712524414,587070
2001-12-27,15.890000343322754,16.479999542236328,15.800000190734863,15.944999694824219,10.38271427154541,1846530
2001-12-28,15.850000381469727,16.700000762939453,15.850000381469727,16.594999313354492,10.805962562561035,553190
2001-12-31,16.899999618530273,17.0,16.424999237060547,16.8799991607666,10.99154281616211,948080
2002-01-01,17.350000381469727,17.5,16.799999237060547,16.905000686645508,11.00782585144043,722730
2002-01-02,17.0,17.184999465942383,16.799999237060547,16.850000381469727,10.972010612487793,290270
2002-01-03,16.954999923706055,17.200000762939453,16.8700008392334,17.059999465942383,11.10875415802002,360580
2002-01-04,17.270000457763672,17.299999237060547,16.809999465942383,16.954999923706055,11.04038143157959,682690
2002-01-07,17.200000762939453,17.75,17.049999237060547,17.399999618530273,11.330145835876465,840670
2002-01-08,17.5,17.75,17.100000381469727,17.270000457763672,11.245491981506348,712390
2002-01-09,17.350000381469727,17.600000381469727,17.014999389648438,17.155000686645508,11.170615196228027,494760
2002-01-10,17.200000762939453,17.389999389648438,17.05500030517578,17.1200008392334,11.147821426391602,289900
2002-01-11,17.3799991607666,17.399999618530273,16.799999237060547,17.030000686645508,11.089217185974121,537810
2002-01-14,17.5,17.5,17.200000762939453,17.350000381469727,11.297591209411621,259050
2002-01-15,17.450000762939453,17.5,16.649999618530273,16.979999542236328,11.056660652160645,1206980
2002-01-16,17.18000030517578,17.18000030517578,16.8700008392334,17.030000686645508,11.089217185974121,628960
2002-01-17,16.899999618530273,17.690000534057617,16.80500030517578,17.239999771118164,11.225959777832031,1498230
2002-01-18,17.594999313354492,17.594999313354492,17.309999465942383,17.385000228881836,11.320378303527832,643020
2002-01-21,17.399999618530273,17.799999237060547,17.399999618530273,17.59000015258789,11.45386791229248,1432230
2002-01-22,17.655000686645508,17.790000915527344,16.899999618530273,17.174999237060547,11.183634757995605,2548070
2002-01-23,17.200000762939453,17.200000762939453,16.920000076293945,16.985000610351562,11.059914588928223,852070
2002-01-24,17.190000534057617,17.200000762939453,16.549999237060547,16.610000610351562,10.815732955932617,1817170
2002-01-25,16.899999618530273,16.899999618530273,16.399999618530273,16.479999542236328,10.731080055236816,942890
2002-01-28,16.450000762939453,16.799999237060547,16.174999237060547,16.200000762939453,10.548755645751953,773490
2002-01-29,16.25,16.450000762939453,16.200000762939453,16.354999542236328,10.649686813354492,935770
2002-01-30,16.21500015258789,16.594999313354492,16.21500015258789,16.510000228881836,10.750614166259766,620960
2002-01-31,16.549999237060547,16.75,16.31999969482422,16.565000534057617,10.786430358886719,860300
2002-02-01,16.594999313354492,17.059999465942383,16.43000030517578,16.8700008392334,10.985032081604004,605510
2002-02-04,17.190000534057617,17.190000534057617,16.700000762939453,16.84000015258789,10.965497970581055,460140
2002-02-05,16.799999237060547,16.799999237060547,16.200000762939453,16.209999084472656,10.555268287658691,1413600
2002-02-06,16.389999389648438,16.690000534057617,16.299999237060547,16.53499984741211,10.76689624786377,1191180
2002-02-07,16.989999771118164,16.989999771118164,16.225000381469727,16.309999465942383,10.62038516998291,681010
2002-02-08,16.350000381469727,16.59000015258789,16.290000915527344,16.344999313354492,10.643174171447754,485180
2002-02-11,16.540000915527344,17.979999542236328,16.540000915527344,17.665000915527344,11.502705574035645,4967110
2002-02-12,17.8799991607666,17.979999542236328,17.200000762939453,17.309999465942383,11.2715425491333,1506400
2002-02-13,17.375,17.799999237060547,17.25,17.3700008392334,11.310611724853516,1532560
2002-02-14,17.399999618530273,17.575000762939453,17.200000762939453,17.25,11.232473373413086,568030
2002-02-15,17.31999969482422,17.649999618530273,17.30500030517578,17.420000076293945,11.343171119689941,631630
2002-02-18,17.424999237060547,17.75,17.40999984741211,17.635000228881836,11.483169555664062,612200
2002-02-19,17.75,18.200000762939453,17.364999771118164,17.475000381469727,11.378981590270996,2776790
2002-02-20,17.399999618530273,17.5,16.850000381469727,16.93000030517578,11.024102210998535,1169270
2002-02-21,17.219999313354492,17.299999237060547,16.950000762939453,17.014999389648438,11.079450607299805,370810
2002-02-22,17.125,17.75,17.010000228881836,17.5049991607666,11.398517608642578,2358580
2002-02-25,17.700000762939453,18.100000381469727,17.5,17.84000015258789,11.616655349731445,1739870
2002-02-26,18.030000686645508,18.270000457763672,17.924999237060547,18.045000076293945,11.750142097473145,1345670
2002-02-27,18.239999771118164,18.290000915527344,17.56999969482422,17.639999389648438,11.486421585083008,1280730
2002-02-28,17.7450008392334,18.75,17.25,17.834999084472656,11.613399505615234,12339770
2002-03-01,18.094999313354492,18.639999389648438,18.0,18.125,11.802237510681152,3270000
2002-03-04,18.190000534057617,19.940000534057617,18.190000534057617,19.8700008392334,12.938508033752441,11626640
2002-03-05,19.989999771118164,20.295000076293945,19.03499984741211,19.135000228881836,12.459904670715332,4663600
2002-03-06,19.200000762939453,19.450000762939453,18.15999984741211,18.565000534057617,12.088744163513184,4956570
2002-03-07,18.850000381469727,18.850000381469727,18.450000762939453,18.709999084472656,12.183161735534668,1054000
2002-03-08,18.975000381469727,18.975000381469727,18.325000762939453,18.459999084472656,12.020373344421387,851370
2002-03-11,18.5,18.600000381469727,18.104999542236328,18.18000030517578,11.83804988861084,749980
2002-03-12,18.239999771118164,18.389999389648438,17.65999984741211,17.739999771118164,11.55154037475586,1348210
2002-03-13,17.524999618530273,18.200000762939453,17.524999618530273,17.829999923706055,11.610147476196289,1080670
2002-03-14,17.9950008392334,17.9950008392334,17.614999771118164,17.7450008392334,11.554798126220703,527700
2002-03-15,17.940000534057617,18.454999923706055,17.75,18.020000457763672,11.733863830566406,2379440
2002-03-18,18.200000762939453,18.399999618530273,17.854999542236328,17.924999237060547,11.672004699707031,1035700
2002-03-19,18.09000015258789,18.174999237060547,17.670000076293945,17.75,11.558052062988281,1157000
2002-03-20,17.90999984741211,18.0,17.71500015258789,17.825000762939453,11.606888771057129,882050
2002-03-21,17.7549991607666,17.940000534057617,17.575000762939453,17.625,11.476654052734375,347620
2002-03-22,17.795000076293945,17.795000076293945,17.350000381469727,17.405000686645508,11.333403587341309,460440
2002-03-25,17.405000686645508,17.405000686645508,17.405000686645508,17.405000686645508,11.333403587341309,0
2002-03-26,17.450000762939453,17.450000762939453,17.020000457763672,17.1200008392334,11.147821426391602,378270
2002-03-27,17.190000534057617,17.350000381469727,17.010000228881836,17.09000015258789,11.128289222717285,569930
2002-03-28,17.295000076293945,17.350000381469727,16.899999618530273,16.96500015258789,11.046892166137695,2227720
2002-03-29,16.96500015258789,16.96500015258789,16.96500015258789,16.96500015258789,11.046892166137695,0
2002-04-01,17.079999923706055,17.184999465942383,16.905000686645508,17.030000686645508,11.089217185974121,618860
2002-04-02,17.200000762939453,17.489999771118164,17.110000610351562,17.184999465942383,11.190147399902344,722690
2002-04-03,17.350000381469727,17.350000381469727,17.0049991607666,17.05500030517578,11.10549545288086,340010
2002-04-04,17.19499969482422,17.850000381469727,17.100000381469727,17.489999771118164,11.388751029968262,1581220
2002-04-05,17.700000762939453,17.899999618530273,17.399999618530273,17.485000610351562,11.385497093200684,1014720
2002-04-08,17.625,17.84000015258789,17.399999618530273,17.459999084472656,11.369214057922363,1167160
2002-04-09,17.549999237060547,17.56999969482422,17.200000762939453,17.264999389648438,11.242239952087402,1127110
2002-04-10,17.399999618530273,17.700000762939453,17.21500015258789,17.264999389648438,11.242239952087402,450530
2002-04-11,17.40999984741211,17.489999771118164,17.30500030517578,17.375,11.31386661529541,622360
2002-04-12,17.30500030517578,17.770000457763672,17.299999237060547,17.454999923706055,11.365959167480469,877430
2002-04-15,17.364999771118164,17.649999618530273,17.21500015258789,17.290000915527344,11.25852108001709,593580
2002-04-16,17.299999237060547,17.350000381469727,17.020000457763672,17.094999313354492,11.131542205810547,446990
2002-04-17,17.25,17.350000381469727,17.110000610351562,17.174999237060547,11.183634757995605,226760
2002-04-18,17.149999618530273,17.270000457763672,17.010000228881836,17.165000915527344,11.177124977111816,405350
2002-04-19,17.399999618530273,17.399999618530273,16.90999984741211,17.024999618530273,11.085962295532227,460140
2002-04-22,17.139999389648438,17.149999618530273,16.809999465942383,16.905000686645508,11.00782585144043,300310
2002-04-23,16.899999618530273,16.950000762939453,16.799999237060547,16.905000686645508,11.00782585144043,327070
2002-04-24,16.899999618530273,17.0,16.850000381469727,16.934999465942383,11.02735710144043,565750
2002-04-25,16.899999618530273,17.190000534057617,16.5,16.559999465942383,10.783175468444824,1858890
2002-04-26,16.540000915527344,16.760000228881836,16.329999923706055,16.649999618530273,10.841775894165039,489750
2002-04-29,16.700000762939453,16.75,16.5,16.53499984741211,10.76689624786377,240830
2002-04-30,16.600000381469727,16.700000762939453,16.405000686645508,16.639999389648438,10.835265159606934,630090
2002-05-01,16.639999389648438,16.639999389648438,16.639999389648438,16.639999389648438,10.835265159606934,0
2002-05-02,16.799999237060547,17.565000534057617,16.665000915527344,17.260000228881836,11.238985061645508,3712030
2002-05-03,17.399999618530273,17.479999542236328,17.21500015258789,17.405000686645508,11.333403587341309,866420
2002-05-06,17.450000762939453,17.799999237060547,17.28499984741211,17.520000457763672,11.408284187316895,1133500
2002-05-07,17.399999618530273,17.690000534057617,17.375,17.469999313354492,11.375725746154785,678140
2002-05-08,17.530000686645508,17.600000381469727,17.399999618530273,17.489999771118164,11.388751029968262,586540
2002-05-09,17.5,17.549999237060547,17.399999618530273,17.469999313354492,11.375725746154785,349930
2002-05-10,17.299999237060547,17.450000762939453,17.100000381469727,17.295000076293945,11.261775970458984,186050
2002-05-13,17.299999237060547,17.5,17.21500015258789,17.395000457763672,11.326892852783203,329500
2002-05-14,17.799999237060547,18.0,17.43000030517578,17.5,11.39526081085205,541210
2002-05-15,17.600000381469727,17.645000457763672,17.21500015258789,17.295000076293945,11.261775970458984,263120
2002-05-16,17.309999465942383,17.350000381469727,17.049999237060547,17.135000228881836,11.15758991241455,638750
2002-05-17,17.149999618530273,17.149999618530273,16.80500030517578,16.93000030517578,11.024102210998535,694990
2002-05-20,17.0,17.0,16.614999771118164,16.764999389648438,10.916661262512207,558860
2002-05-21,16.5,16.649999618530273,16.014999389648438,16.139999389648438,10.509687423706055,673730
2002-05-22,16.209999084472656,16.424999237060547,16.0049991607666,16.219999313354492,10.561779022216797,414170
2002-05-23,16.200000762939453,16.364999771118164,16.0,16.030000686645508,10.43805980682373,517470
2002-05-24,16.200000762939453,16.75,16.200000762939453,16.65999984741211,10.848289489746094,605770
2002-05-27,16.850000381469727,17.049999237060547,16.354999542236328,16.889999389648438,10.998054504394531,940560
2002-05-28,16.600000381469727,16.600000381469727,16.0,16.049999237060547,10.89716625213623,656120
2002-05-29,16.049999237060547,16.344999313354492,16.020000457763672,16.104999542236328,10.93450927734375,814290
2002-05-30,16.100000381469727,16.34000015258789,15.529999732971191,15.654999732971191,10.628981590270996,1946940
2002-05-31,15.699999809265137,15.770000457763672,15.555000305175781,15.649999618530273,10.625588417053223,614770
2002-06-03,15.899999618530273,15.994999885559082,15.6899995803833,15.78499984741211,10.717246055603027,396550
2002-06-04,15.795000076293945,16.139999389648438,15.795000076293945,16.024999618530273,10.880191802978516,483240
2002-06-05,16.200000762939453,16.6200008392334,15.819999694824219,16.350000381469727,11.100854873657227,916250
2002-06-06,16.360000610351562,16.600000381469727,16.209999084472656,16.424999237060547,11.151772499084473,631090
2002-06-07,16.110000610351562,16.420000076293945,16.0,16.135000228881836,10.954877853393555,644750
2002-06-10,15.5,17.1299991607666,15.5,16.93000030517578,11.494644165039062,1440710
2002-06-11,17.100000381469727,18.190000534057617,16.899999618530273,17.920000076293945,12.1668062210083,4400820
2002-06-12,17.799999237060547,18.450000762939453,17.799999237060547,18.295000076293945,12.421414375305176,2854580
2002-06-13,18.44499969482422,19.0,18.44499969482422,18.665000915527344,12.672624588012695,2669780
2002-06-14,18.0,18.7549991607666,18.0,18.610000610351562,12.635282516479492,1359970
2002-06-17,18.889999389648438,20.520000457763672,18.5,20.184999465942383,13.704628944396973,9035070
2002-06-18,20.149999618530273,20.8799991607666,19.860000610351562,20.014999389648438,13.589207649230957,9917490
2002-06-19,20.0049991607666,20.09000015258789,19.200000762939453,19.295000076293945,13.100366592407227,2991700
2002-06-20,19.28499984741211,20.950000762939453,19.110000610351562,20.729999542236328,14.074657440185547,9040740
2002-06-21,20.700000762939453,20.920000076293945,20.260000228881836,20.364999771118164,13.826844215393066,4146660
2002-06-24,20.399999618530273,20.709999084472656,20.200000762939453,20.395000457763672,13.847210884094238,2520540
2002-06-25,20.4950008392334,21.424999237060547,19.899999618530273,21.2549991607666,14.431105613708496,13134790
2002-06-26,21.200000762939453,21.75,20.815000534057617,21.219999313354492,14.407346725463867,16426000
2002-06-27,21.18000030517578,21.219999313354492,20.614999771118164,20.93000030517578,14.210450172424316,6395300
2002-06-28,20.334999084472656,21.399999618530273,20.225000381469727,20.989999771118164,14.25118637084961,9818470
2002-07-01,20.5049991607666,21.389999389648438,20.5049991607666,20.825000762939453,14.13915729522705,2205190
2002-07-02,20.524999618530273,20.950000762939453,20.524999618530273,20.635000228881836,14.010159492492676,1093840
2002-07-03,20.600000381469727,20.700000762939453,20.110000610351562,20.184999465942383,13.704628944396973,1980670
2002-07-04,20.299999237060547,20.940000534057617,19.899999618530273,20.760000228881836,14.095026969909668,4427110
2002-07-05,20.0049991607666,20.899999618530273,20.0049991607666,20.68000030517578,14.040715217590332,913100
2002-07-08,20.0,20.940000534057617,20.0,20.514999389648438,13.928682327270508,2126780
2002-07-09,20.200000762939453,20.594999313354492,19.84000015258789,20.040000915527344,13.606182098388672,5457200
2002-07-10,19.0,20.18000030517578,19.0,19.524999618530273,13.256524085998535,2286180
2002-07-11,19.0,19.700000762939453,19.0,19.274999618530273,13.08678913116455,1241380
2002-07-12,18.799999237060547,19.479999542236328,18.799999237060547,19.024999618530273,12.917047500610352,1216570
2002-07-15,19.094999313354492,19.139999389648438,18.155000686645508,18.315000534057617,12.434991836547852,1499580
2002-07-16,18.40999984741211,18.4950008392334,17.809999465942383,18.014999389648438,12.231307029724121,1462370
2002-07-17,17.899999618530273,18.149999618530273,17.700000762939453,17.815000534057617,12.095516204833984,1331880
2002-07-18,17.950000762939453,18.489999771118164,17.924999237060547,18.19499969482422,12.353515625,2209490
2002-07-19,18.3700008392334,18.600000381469727,18.209999084472656,18.34000015258789,12.4519681930542,965400
2002-07-22,18.280000686645508,18.309999465942383,17.709999084472656,17.80500030517578,12.088726997375488,951130
2002-07-23,17.399999618530273,17.885000228881836,17.399999618530273,17.739999771118164,12.044594764709473,676110
2002-07-24,17.520000457763672,17.68000030517578,17.4950008392334,17.510000228881836,11.888436317443848,540990
2002-07-25,17.700000762939453,18.0,16.665000915527344,17.040000915527344,11.569332122802734,2449010
2002-07-26,16.799999237060547,16.950000762939453,16.510000228881836,16.625,11.287565231323242,1430850
2002-07-29,16.729999542236328,18.0,16.0,16.459999084472656,11.175536155700684,1069940
2002-07-30,16.594999313354492,16.790000915527344,16.100000381469727,16.25,11.032957077026367,823200
2002-07-31,16.299999237060547,16.604999542236328,15.8149995803833,16.524999618530273,11.219672203063965,998220
2002-08-01,16.5,16.75,16.350000381469727,16.485000610351562,11.192510604858398,754290
2002-08-02,16.209999084472656,16.59000015258789,16.200000762939453,16.350000381469727,11.100854873657227,535370
2002-08-05,16.395000457763672,16.739999771118164,16.309999465942383,16.670000076293945,11.31811809539795,624000
2002-08-06,16.700000762939453,16.75,16.510000228881836,16.69499969482422,11.335092544555664,466690
2002-08-07,16.795000076293945,17.094999313354492,16.795000076293945,16.844999313354492,11.436935424804688,624920
2002-08-08,16.899999618530273,16.899999618530273,16.309999465942383,16.364999771118164,11.111037254333496,441370
2002-08-09,16.5,16.600000381469727,16.299999237060547,16.440000534057617,11.161959648132324,503500
2002-08-12,16.4950008392334,16.649999618530273,16.450000762939453,16.5,11.202696800231934,288480
2002-08-13,16.600000381469727,16.75,16.5,16.565000534057617,11.246828079223633,395610
2002-08-14,16.684999465942383,16.684999465942383,16.309999465942383,16.364999771118164,11.111037254333496,538010
2002-08-15,16.364999771118164,16.364999771118164,16.364999771118164,16.364999771118164,11.111037254333496,0
2002-08-16,16.799999237060547,16.799999237060547,16.200000762939453,16.264999389648438,11.043143272399902,777590
2002-08-19,16.344999313354492,16.479999542236328,16.165000915527344,16.219999313354492,11.012588500976562,612180
2002-08-20,16.299999237060547,16.440000534057617,16.21500015258789,16.350000381469727,11.100854873657227,1110950
2002-08-21,16.43000030517578,16.43000030517578,16.200000762939453,16.235000610351562,11.022773742675781,659860
2002-08-22,16.34000015258789,16.350000381469727,16.155000686645508,16.19499969482422,10.99561882019043,520970
2002-08-23,16.239999771118164,16.239999771118164,16.020000457763672,16.084999084472656,10.920928955078125,1098480
2002-08-26,16.2450008392334,16.3700008392334,16.05500030517578,16.204999923706055,11.002406120300293,1234880
2002-08-27,16.290000915527344,16.299999237060547,15.975000381469727,15.994999885559082,10.859827995300293,1020930
2002-08-28,16.024999618530273,16.075000762939453,15.779999732971191,15.819999694824219,10.741011619567871,1007730
2002-08-29,15.949999809265137,15.949999809265137,15.234999656677246,15.329999923706055,10.408323287963867,3593600
2002-08-30,15.5,15.914999961853027,15.40999984741211,15.850000381469727,10.761375427246094,1006140
2002-09-02,16.399999618530273,16.489999771118164,15.9350004196167,16.280000686645508,11.053327560424805,2348080
2002-09-03,16.299999237060547,16.299999237060547,16.024999618530273,16.079999923706055,10.917535781860352,737420
2002-09-04,15.895000457763672,16.075000762939453,15.850000381469727,15.954999923706055,10.832666397094727,858250
2002-09-05,16.0,16.200000762939453,15.805000305175781,15.835000038146973,10.751193046569824,976620
2002-09-06,15.880000114440918,15.890000343322754,15.579999923706055,15.630000114440918,10.61201000213623,690160
2002-09-09,15.8100004196167,15.8100004196167,15.53499984741211,15.614999771118164,10.601823806762695,700970
2002-09-10,15.614999771118164,15.614999771118164,15.614999771118164,15.614999771118164,10.601823806762695,0
2002-09-11,15.779999732971191,15.899999618530273,15.574999809265137,15.774999618530273,10.710454940795898,625710
2002-09-12,15.720000267028809,16.600000381469727,15.720000267028809,16.489999771118164,11.195907592773438,3046140
2002-09-13,16.5,16.5,16.125,16.204999923706055,11.002406120300293,1114740
2002-09-16,16.350000381469727,16.350000381469727,15.914999961853027,15.949999809265137,10.829270362854004,905090
2002-09-17,16.110000610351562,16.489999771118164,16.110000610351562,16.3799991607666,11.121221542358398,3554190
2002-09-18,16.389999389648438,16.399999618530273,15.78499984741211,15.84000015258789,10.754589080810547,2047690
2002-09-19,15.850000381469727,15.989999771118164,15.729999542236328,15.789999961853027,10.720641136169434,975430
2002-09-20,15.699999809265137,15.899999618530273,15.550000190734863,15.779999732971191,10.713849067687988,656510
2002-09-23,15.899999618530273,15.899999618530273,15.710000038146973,15.765000343322754,10.703666687011719,387380
2002-09-24,16.600000381469727,16.600000381469727,15.5,15.555000305175781,10.561089515686035,874060
2002-09-25,15.725000381469727,15.725000381469727,15.425000190734863,15.5649995803833,10.567874908447266,628140
2002-09-26,15.595000267028809,15.75,15.550000190734863,15.600000381469727,10.591641426086426,469010
2002-09-27,15.520000457763672,15.744999885559082,15.505000114440918,15.5600004196167,10.564483642578125,2547190
2002-09-30,15.40999984741211,15.654999732971191,15.40999984741211,15.5,10.523744583129883,771860
2002-10-01,15.600000381469727,15.649999618530273,15.399999618530273,15.475000381469727,10.5067720413208,338970
2002-10-02,15.475000381469727,15.475000381469727,15.475000381469727,15.475000381469727,10.5067720413208,0
2002-10-03,15.529999732971191,15.529999732971191,15.404999732971191,15.4350004196167,10.479613304138184,257440
2002-10-04,15.59000015258789,15.819999694824219,15.425000190734863,15.444999694824219,10.486401557922363,374540
2002-10-07,15.5,15.734999656677246,15.460000038146973,15.6850004196167,10.6493501663208,514190
2002-10-08,15.779999732971191,15.779999732971191,15.574999809265137,15.604999542236328,10.59503173828125,300560
2002-10-09,16.649999618530273,16.799999237060547,15.25,15.579999923706055,10.578060150146484,517190
2002-10-10,15.454999923706055,15.649999618530273,15.395000457763672,15.5600004196167,10.564483642578125,361620
2002-10-11,15.604999542236328,15.739999771118164,15.524999618530273,15.640000343322754,10.618796348571777,317110
2002-10-14,15.800000190734863,15.925000190734863,15.649999618530273,15.765000343322754,10.703666687011719,546380
2002-10-15,15.765000343322754,15.765000343322754,15.765000343322754,15.765000343322754,10.703666687011719,0
2002-10-16,15.899999618530273,15.899999618530273,15.65999984741211,15.680000305175781,10.645955085754395,221710
2002-10-17,15.654999732971191,15.800000190734863,15.635000228881836,15.770000457763672,10.707061767578125,222660
2002-10-18,15.78499984741211,16.1200008392334,15.71500015258789,15.994999885559082,10.859827995300293,1215310
2002-10-21,16.239999771118164,16.239999771118164,15.9350004196167,16.024999618530273,10.880191802978516,1259680
2002-10-22,16.145000457763672,16.145000457763672,15.729999542236328,15.779999732971191,10.713849067687988,495380
2002-10-23,15.760000228881836,15.875,15.710000038146973,15.774999618530273,10.710454940795898,300970
2002-10-24,15.704999923706055,15.765000343322754,15.600000381469727,15.645000457763672,10.622194290161133,352300
2002-10-25,15.645000457763672,15.670000076293945,15.449999809265137,15.510000228881836,10.530532836914062,484620
2002-10-28,16.200000762939453,16.200000762939453,15.104999542236328,15.5,10.523744583129883,1199270
2002-10-29,15.600000381469727,15.600000381469727,15.420000076293945,15.46500015258789,10.499981880187988,387340
2002-10-30,15.199999809265137,15.350000381469727,14.600000381469727,15.100000381469727,10.25216293334961,1121230
2002-10-31,15.024999618530273,15.145000457763672,14.625,14.765000343322754,10.024715423583984,2340180
2002-11-01,14.989999771118164,14.989999771118164,14.699999809265137,14.864999771118164,10.092609405517578,656160
2002-11-04,14.989999771118164,15.125,14.859999656677246,15.055000305175781,10.221611022949219,181700
2002-11-05,15.039999961853027,15.119999885559082,15.024999618530273,15.079999923706055,10.2385835647583,218110
2002-11-06,15.079999923706055,15.079999923706055,15.079999923706055,15.079999923706055,10.2385835647583,0
2002-11-07,15.0,15.130000114440918,14.899999618530273,14.914999961853027,10.126557350158691,589910
2002-11-08,15.199999809265137,15.199999809265137,14.800000190734863,14.869999885559082,10.096003532409668,277910
2002-11-11,14.755000114440918,14.994999885559082,14.755000114440918,14.845000267028809,10.079030990600586,282800
2002-11-12,14.885000228881836,14.949999809265137,14.805000305175781,14.829999923706055,10.06884765625,195320
2002-11-13,14.90999984741211,14.979999542236328,14.75,14.770000457763672,10.028107643127441,344750
2002-11-14,14.800000190734863,15.210000038146973,14.725000381469727,15.175000190734863,10.303084373474121,1067130
2002-11-15,15.395000457763672,15.585000038146973,15.260000228881836,15.515000343322754,10.533926963806152,1675170
2002-11-18,15.600000381469727,16.100000381469727,15.520000457763672,16.014999389648438,10.873403549194336,2332860
2002-11-19,16.014999389648438,16.014999389648438,16.014999389648438,16.014999389648438,10.873403549194336,0
2002-11-20,16.125,16.270000457763672,15.904999732971191,16.040000915527344,10.890377044677734,1262660
2002-11-21,16.329999923706055,17.700000762939453,15.800000190734863,15.864999771118164,10.771561622619629,1550530
2002-11-22,16.0,16.239999771118164,15.859999656677246,16.1200008392334,10.944693565368652,1514620
2002-11-25,16.489999771118164,16.68000030517578,16.309999465942383,16.559999465942383,11.243433952331543,4428770
2002-11-26,16.704999923706055,17.049999237060547,16.625,16.915000915527344,11.484461784362793,4492120
2002-11-27,16.940000534057617,17.045000076293945,16.604999542236328,16.639999389648438,11.297748565673828,1425750
2002-11-28,16.700000762939453,16.950000762939453,16.639999389648438,16.81999969482422,11.419960021972656,3211860
2002-11-29,16.969999313354492,17.479999542236328,16.809999465942383,17.399999618530273,11.813749313354492,3757230
2002-12-02,17.600000381469727,17.780000686645508,17.454999923706055,17.510000228881836,11.888436317443848,2782670
2002-12-03,17.600000381469727,17.68000030517578,17.010000228881836,17.110000610351562,11.616856575012207,1115950
2002-12-04,16.959999084472656,17.59000015258789,16.93000030517578,17.270000457763672,11.725486755371094,2265260
2002-12-05,17.44499969482422,17.604999542236328,17.309999465942383,17.43000030517578,11.834118843078613,1614990
2002-12-06,17.545000076293945,17.700000762939453,17.350000381469727,17.5,11.881647109985352,748000
2002-12-09,17.729999542236328,17.979999542236328,17.2450008392334,17.354999542236328,11.783197402954102,1900500
2002-12-10,17.299999237060547,17.645000457763672,17.200000762939453,17.5,11.881647109985352,1240470
2002-12-11,17.399999618530273,17.729999542236328,17.299999237060547,17.56999969482422,11.929173469543457,1401820
2002-12-12,17.0,17.59000015258789,17.0,17.299999237060547,11.745858192443848,696130
2002-12-13,14.09000015258789,17.625,14.09000015258789,17.440000534057617,11.840911865234375,950070
2002-12-16,16.549999237060547,17.524999618530273,16.549999237060547,17.05500030517578,11.57951545715332,834820
2002-12-17,16.600000381469727,17.239999771118164,16.600000381469727,16.725000381469727,11.355460166931152,720320
2002-12-18,16.704999923706055,17.290000915527344,16.704999923706055,16.924999237060547,11.491250038146973,2929740
2002-12-19,16.875,17.100000381469727,16.860000610351562,17.020000457763672,11.555752754211426,666320
2002-12-20,17.020000457763672,17.19499969482422,16.979999542236328,17.1200008392334,11.623645782470703,559240
2002-12-23,17.059999465942383,17.200000762939453,16.959999084472656,17.0049991607666,11.545564651489258,597350
2002-12-24,16.920000076293945,17.200000762939453,16.860000610351562,17.059999465942383,11.582908630371094,683410
2002-12-25,17.059999465942383,17.059999465942383,17.059999465942383,17.059999465942383,11.582908630371094,0
2002-12-26,17.094999313354492,17.459999084472656,16.860000610351562,16.969999313354492,11.521801948547363,2084410
2002-12-27,17.100000381469727,17.610000610351562,16.954999923706055,17.399999618530273,11.813749313354492,4688620
2002-12-30,17.395000457763672,17.579999923706055,17.225000381469727,17.309999465942383,11.752644538879395,1355730
2002-12-31,17.424999237060547,17.489999771118164,17.329999923706055,17.395000457763672,11.810358047485352,604990
2003-01-01,17.399999618530273,17.479999542236328,17.299999237060547,17.43000030517578,11.834118843078613,402300
2003-01-02,17.44499969482422,17.610000610351562,17.170000076293945,17.2450008392334,11.708516120910645,1117400
2003-01-03,17.299999237060547,17.3799991607666,17.024999618530273,17.104999542236328,11.6134614944458,400120
2003-01-06,17.149999618530273,17.239999771118164,16.90999984741211,17.0,11.5421724319458,515770
2003-01-07,17.0,17.149999618530273,16.809999465942383,16.854999542236328,11.443723678588867,395710
2003-01-08,16.940000534057617,17.19499969482422,16.889999389648438,16.979999542236328,11.52859115600586,861960
2003-01-09,16.899999618530273,17.25,16.899999618530273,17.19499969482422,11.674567222595215,720890
2003-01-10,15.1899995803833,17.4950008392334,15.1899995803833,17.0,11.5421724319458,334120
2003-01-13,16.920000076293945,17.174999237060547,16.709999084472656,16.80500030517578,11.409775733947754,308990
2003-01-14,16.905000686645508,16.950000762939453,16.75,16.905000686645508,11.477672576904297,543290
2003-01-15,16.905000686645508,17.0,16.81999969482422,16.844999313354492,11.436935424804688,302590
2003-01-16,16.950000762939453,17.06999969482422,16.75,16.809999465942383,11.413171768188477,771260
2003-01-17,16.94499969482422,17.0,16.829999923706055,16.950000762939453,11.508224487304688,222460
2003-01-20,16.934999465942383,17.200000762939453,16.719999313354492,16.950000762939453,11.508224487304688,770260
2003-01-21,17.059999465942383,17.100000381469727,16.860000610351562,16.959999084472656,11.515012741088867,429280
2003-01-22,17.0,17.44499969482422,16.954999923706055,17.290000915527344,11.739067077636719,2215940
2003-01-23,17.489999771118164,17.645000457763672,17.200000762939453,17.28499984741211,11.735669136047363,1861240
2003-01-24,17.399999618530273,17.450000762939453,16.825000762939453,16.954999923706055,11.511617660522461,2106250
2003-01-27,16.5,16.889999389648438,16.209999084472656,16.40999984741211,11.141589164733887,601670
2003-01-28,16.899999618530273,16.899999618530273,15.755000114440918,16.155000686645508,10.968457221984863,1194510
2003-01-29,16.200000762939453,16.325000762939453,16.0,16.040000915527344,10.890377044677734,567150
2003-01-30,16.0,16.135000228881836,15.704999923706055,15.789999961853027,10.720641136169434,1702740
2003-01-31,16.489999771118164,16.489999771118164,15.75,16.084999084472656,10.920928955078125,960300
2003-02-03,16.100000381469727,16.295000076293945,16.049999237060547,16.239999771118164,11.026168823242188,305710
2003-02-04,16.399999618530273,16.639999389648438,16.209999084472656,16.420000076293945,11.148380279541016,3398210
2003-02-05,16.200000762939453,16.469999313354492,16.200000762939453,16.34000015258789,11.094061851501465,413120
2003-02-06,16.200000762939453,16.575000762939453,16.200000762939453,16.4950008392334,11.199301719665527,1564820
2003-02-07,16.479999542236328,17.0,16.405000686645508,16.479999542236328,11.189115524291992,1616710
2003-02-10,16.489999771118164,16.5,16.364999771118164,16.415000915527344,11.14498519897461,929110
2003-02-11,16.600000381469727,16.75,16.209999084472656,16.290000915527344,11.0601167678833,678500
2003-02-12,15.805000305175781,16.350000381469727,15.805000305175781,16.075000762939453,10.914141654968262,370640
2003-02-13,16.075000762939453,16.075000762939453,16.075000762939453,16.075000762939453,10.914141654968262,0
2003-02-14,16.350000381469727,16.350000381469727,15.930000305175781,16.135000228881836,10.954877853393555,377140
2003-02-17,16.600000381469727,16.600000381469727,16.209999084472656,16.475000381469727,11.185722351074219,353450
2003-02-18,16.209999084472656,16.670000076293945,16.200000762939453,16.559999465942383,11.243433952331543,514090
2003-02-19,16.790000915527344,17.600000381469727,16.65999984741211,17.510000228881836,11.888436317443848,4735130
2003-02-20,17.600000381469727,17.75,17.329999923706055,17.579999923706055,11.93596363067627,3241490
2003-02-21,17.30500030517578,17.729999542236328,17.30500030517578,17.665000915527344,11.993674278259277,1808110
2003-02-24,17.700000762939453,18.280000686645508,17.600000381469727,18.200000762939453,12.356915473937988,3605220
2003-02-25,18.1299991607666,18.1299991607666,17.799999237060547,17.8799991607666,12.1396484375,1573030
2003-02-26,17.899999618530273,18.010000228881836,17.55500030517578,17.920000076293945,12.1668062210083,2092260
2003-02-27,17.899999618530273,18.0,17.709999084472656,17.924999237060547,12.170197486877441,1840220
2003-02-28,18.100000381469727,18.2450008392334,17.610000610351562,17.764999389648438,12.061570167541504,3474930
2003-03-03,18.100000381469727,18.649999618530273,17.75,17.924999237060547,12.170197486877441,943560
2003-03-04,17.81999969482422,17.895000457763672,17.549999237060547,17.65999984741211,11.990281105041504,1260750
2003-03-05,17.299999237060547,17.579999923706055,17.100000381469727,17.34000015258789,11.773015975952148,1184740
2003-03-06,17.700000762939453,17.700000762939453,17.110000610351562,17.3700008392334,11.79338550567627,1080800
2003-03-07,17.1200008392334,17.924999237060547,17.1200008392334,17.860000610351562,12.126069068908691,2597500
2003-03-10,18.0,18.0,17.610000610351562,17.75,12.051384925842285,1145490
2003-03-11,17.18000030517578,17.75,17.18000030517578,17.530000686645508,11.90201473236084,775680
2003-03-12,17.53499984741211,17.600000381469727,17.21500015258789,17.329999923706055,11.766225814819336,529500
2003-03-13,17.5,17.639999389648438,17.204999923706055,17.30500030517578,11.749252319335938,293350
2003-03-14,17.30500030517578,17.30500030517578,17.30500030517578,17.30500030517578,11.749252319335938,0
2003-03-17,17.350000381469727,17.489999771118164,16.90999984741211,17.399999618530273,11.813749313354492,959380
2003-03-18,17.399999618530273,17.399999618530273,17.399999618530273,17.399999618530273,11.813749313354492,0
2003-03-19,17.399999618530273,17.700000762939453,17.225000381469727,17.649999618530273,11.983490943908691,545470
2003-03-20,17.600000381469727,17.809999465942383,17.415000915527344,17.760000228881836,12.058173179626465,578970
2003-03-21,17.799999237060547,17.989999771118164,17.725000381469727,17.864999771118164,12.129463195800781,508180
2003-03-24,17.5,18.1299991607666,17.5,17.979999542236328,12.20754337310791,1276370
2003-03-25,17.799999237060547,18.395000457763672,17.725000381469727,18.315000534057617,12.434991836547852,1292730
2003-03-26,18.600000381469727,19.040000915527344,18.299999237060547,18.94499969482422,12.8627347946167,2108420
2003-03-27,18.885000228881836,19.5,18.655000686645508,19.3700008392334,13.151284217834473,4888720
2003-03-28,19.399999618530273,19.5,18.719999313354492,19.010000228881836,12.906865119934082,1737150
2003-03-31,19.100000381469727,19.100000381469727,18.700000762939453,18.915000915527344,12.842365264892578,1023840
2003-04-01,18.799999237060547,19.440000534057617,18.799999237060547,19.2450008392334,13.066415786743164,1149930
2003-04-02,19.010000228881836,19.5,19.0,19.454999923706055,13.20899772644043,583380
2003-04-03,19.350000381469727,19.770000457763672,19.264999389648438,19.454999923706055,13.20899772644043,987360
2003-04-04,19.690000534057617,19.690000534057617,19.204999923706055,19.28499984741211,13.093575477600098,751190
2003-04-07,19.299999237060547,19.5,19.114999771118164,19.415000915527344,13.181840896606445,633740
2003-04-08,19.31999969482422,19.479999542236328,19.114999771118164,19.200000762939453,13.035865783691406,346420
2003-04-09,19.18000030517578,19.299999237060547,19.040000915527344,19.204999923706055,13.039258003234863,588580
2003-04-10,19.010000228881836,19.389999389648438,17.0,19.200000762939453,13.035865783691406,818890
2003-04-11,19.399999618530273,19.5,18.760000228881836,19.100000381469727,12.967967987060547,618650
2003-04-15,19.0,20.440000534057617,19.0,20.079999923706055,13.633343696594238,1709650
2003-04-16,20.100000381469727,20.28499984741211,19.864999771118164,20.045000076293945,13.609580039978027,1512550
2003-04-17,20.200000762939453,20.200000762939453,19.709999084472656,19.799999237060547,13.443235397338867,452750
2003-04-18,19.799999237060547,19.799999237060547,19.799999237060547,19.799999237060547,13.443235397338867,0
2003-04-21,19.924999237060547,21.8799991607666,19.899999618530273,20.395000457763672,13.847210884094238,1277810
2003-04-22,20.31999969482422,20.889999389648438,20.270000457763672,20.489999771118164,13.911709785461426,1604000
2003-04-23,20.600000381469727,20.649999618530273,20.149999618530273,20.274999618530273,13.765735626220703,433830
2003-04-24,20.200000762939453,20.670000076293945,19.71500015258789,19.93000030517578,13.531498908996582,758180
2003-04-25,19.600000381469727,20.229999542236328,19.5049991607666,19.969999313354492,13.558653831481934,1087160
2003-04-28,20.200000762939453,20.299999237060547,19.725000381469727,20.190000534057617,13.708023071289062,479360
2003-04-29,20.399999618530273,20.399999618530273,19.96500015258789,20.020000457763672,13.592604637145996,406380
2003-04-30,20.18000030517578,20.200000762939453,19.915000915527344,20.014999389648438,13.589207649230957,436710
2003-05-01,20.014999389648438,20.014999389648438,20.014999389648438,20.014999389648438,13.589207649230957,0
2003-05-02,19.799999237060547,20.295000076293945,19.799999237060547,20.2450008392334,13.745369911193848,756400
2003-05-05,20.450000762939453,20.674999237060547,20.149999618530273,20.299999237060547,13.782711029052734,929870
2003-05-06,20.104999542236328,20.545000076293945,20.104999542236328,20.264999389648438,13.75894832611084,762290
2003-05-07,20.010000228881836,20.899999618530273,20.010000228881836,20.770000457763672,14.101816177368164,1117310
2003-05-08,20.709999084472656,21.100000381469727,20.709999084472656,20.96500015258789,14.234210014343262,1897810
2003-05-09,20.899999618530273,21.18000030517578,20.424999237060547,20.5049991607666,13.921895027160645,1159770
2003-05-12,20.5,20.739999771118164,20.309999465942383,20.53499984741211,13.942264556884766,713440
2003-05-13,20.9950008392334,21.100000381469727,20.450000762939453,21.040000915527344,14.285131454467773,1163390
2003-05-14,20.899999618530273,21.280000686645508,20.899999618530273,20.954999923706055,14.227423667907715,617320
2003-05-15,20.9950008392334,21.639999389648438,20.829999923706055,21.55500030517578,14.634799003601074,2198420
2003-05-16,21.780000686645508,21.799999237060547,21.200000762939453,21.270000457763672,14.441292762756348,1483290
2003-05-19,21.024999618530273,22.075000762939453,21.024999618530273,21.625,14.682321548461914,2311610
2003-05-20,21.0,21.850000381469727,21.0,21.69499969482422,14.729846000671387,2112230
2003-05-21,21.809999465942383,22.450000762939453,21.809999465942383,22.059999465942383,14.977662086486816,3681010
2003-05-22,22.125,22.399999618530273,21.600000381469727,22.0049991607666,14.940321922302246,1495060
2003-05-23,22.299999237060547,22.299999237060547,21.700000762939453,21.924999237060547,14.886006355285645,1148070
2003-05-26,21.700000762939453,22.43000030517578,21.700000762939453,22.145000457763672,15.035374641418457,1175000
2003-05-27,22.25,22.600000381469727,22.110000610351562,22.209999084472656,15.079505920410156,1222430
2003-05-28,22.25,22.264999389648438,21.90999984741211,22.145000457763672,15.035374641418457,303060
2003-05-29,22.100000381469727,22.600000381469727,22.100000381469727,22.475000381469727,15.259429931640625,1492740
2003-05-30,22.649999618530273,22.915000915527344,22.514999389648438,22.674999237060547,15.39521598815918,1206730
2003-06-02,22.700000762939453,23.100000381469727,22.200000762939453,22.8799991607666,15.534402847290039,1534780
2003-06-03,22.799999237060547,22.899999618530273,22.25,22.354999542236328,15.177958488464355,731820
2003-06-04,22.30500030517578,22.924999237060547,22.299999237060547,22.645000457763672,15.374852180480957,1090330
2003-06-05,22.5,22.885000228881836,22.5,22.594999313354492,15.340904235839844,668820
2003-06-06,22.600000381469727,23.0,22.510000228881836,22.635000228881836,15.368060111999512,792530
2003-06-09,22.649999618530273,23.600000381469727,22.559999465942383,23.475000381469727,15.938380241394043,1823480
2003-06-10,24.0,26.200000762939453,22.5049991607666,22.614999771118164,15.354482650756836,904430
2003-06-11,22.610000610351562,22.985000610351562,22.510000228881836,22.579999923706055,15.330720901489258,901680
2003-06-12,22.809999465942383,23.5,22.75,23.21500015258789,15.761856079101562,2285300
2003-06-13,23.3799991607666,23.389999389648438,22.80500030517578,23.010000228881836,15.622672080993652,790840
2003-06-16,23.049999237060547,23.219999313354492,22.709999084472656,23.059999465942383,15.656614303588867,1152620
2003-06-17,23.0049991607666,24.100000381469727,23.0,23.895000457763672,16.223541259765625,3605680
2003-06-18,23.799999237060547,24.68000030517578,23.795000076293945,24.3799991607666,16.552831649780273,1943380
2003-06-19,24.114999771118164,24.700000762939453,24.049999237060547,24.145000457763672,16.393280029296875,1200460
2003-06-20,24.0049991607666,24.395000457763672,24.0,24.045000076293945,16.32538604736328,1044020
2003-06-23,24.700000762939453,24.700000762939453,23.700000762939453,24.024999618530273,16.311805725097656,1951530
2003-06-24,24.200000762939453,24.200000762939453,23.954999923706055,24.014999389648438,16.305017471313477,897970
2003-06-25,24.0,24.299999237060547,24.0,24.059999465942383,16.335569381713867,708460
2003-06-26,24.0,24.0,22.014999389648438,22.174999237060547,15.055741310119629,9339530
2003-06-27,22.309999465942383,22.889999389648438,22.0,22.40999984741211,15.215293884277344,6121900
2003-06-30,22.405000686645508,22.989999771118164,22.405000686645508,22.575000762939453,15.3273286819458,3759090
2003-07-01,22.399999618530273,22.940000534057617,22.209999084472656,22.309999465942383,15.147401809692383,2524760
2003-07-02,22.5,22.670000076293945,22.1299991607666,22.2549991607666,15.11005973815918,1853270
2003-07-03,22.299999237060547,22.9950008392334,22.299999237060547,22.600000381469727,15.344297409057617,3193490
2003-07-04,22.850000381469727,23.0,22.43000030517578,22.565000534057617,15.320537567138672,1551950
2003-07-07,22.600000381469727,22.700000762939453,22.149999618530273,22.415000915527344,15.2186918258667,919850
2003-07-08,22.434999465942383,23.0,22.354999542236328,22.75,15.44614028930664,2845220
2003-07-09,22.600000381469727,22.795000076293945,22.21500015258789,22.295000076293945,15.13722038269043,980300
2003-07-10,22.200000762939453,22.489999771118164,21.81999969482422,22.030000686645508,14.957298278808594,1103400
2003-07-11,22.0,22.200000762939453,21.799999237060547,21.829999923706055,14.821504592895508,2551160
2003-07-14,22.0,22.100000381469727,21.75,21.854999542236328,14.838480949401855,801300
2003-07-15,21.825000762939453,22.0,21.06999969482422,21.360000610351562,14.502396583557129,885510
2003-07-16,21.399999618530273,21.645000457763672,20.899999618530273,21.520000457763672,14.611031532287598,1468930
2003-07-17,21.559999465942383,22.290000915527344,21.325000762939453,21.520000457763672,14.611031532287598,2105640
2003-07-18,21.645000457763672,21.69499969482422,21.149999618530273,21.315000534057617,14.471844673156738,1029280
2003-07-21,21.200000762939453,21.690000534057617,20.899999618530273,21.020000457763672,14.27155590057373,662350
2003-07-22,19.0,21.3799991607666,19.0,19.780000686645508,13.429656028747559,3053330
2003-07-23,20.100000381469727,20.399999618530273,19.69499969482422,19.790000915527344,13.436446189880371,1700920
2003-07-24,20.100000381469727,20.424999237060547,19.799999237060547,20.354999542236328,13.820051193237305,1310110
2003-07-25,20.674999237060547,20.889999389648438,20.450000762939453,20.80500030517578,14.125579833984375,1759540
2003-07-28,21.200000762939453,21.799999237060547,20.604999542236328,20.690000534057617,14.047502517700195,1288950
2003-07-29,20.709999084472656,20.709999084472656,20.2549991607666,20.635000228881836,14.010159492492676,1307140
2003-07-30,20.700000762939453,20.8799991607666,20.5049991607666,20.709999084472656,14.061079978942871,845370
2003-07-31,21.0,21.350000381469727,20.700000762939453,20.834999084472656,14.14594841003418,3191700
2003-08-01,21.0,22.350000381469727,21.0,22.229999542236328,15.09308910369873,4606100
2003-08-04,22.479999542236328,23.100000381469727,22.2549991607666,22.940000534057617,15.575141906738281,2795420
2003-08-05,23.200000762939453,23.670000076293945,22.225000381469727,22.450000762939453,15.24245548248291,2820100
2003-08-06,22.389999389648438,22.799999237060547,21.809999465942383,22.139999389648438,15.031976699829102,1582180
2003-08-07,22.700000762939453,23.0,22.014999389648438,22.420000076293945,15.222085952758789,1430280
2003-08-08,22.649999618530273,22.989999771118164,22.5,22.799999237060547,15.480088233947754,1369480
2003-08-11,22.950000762939453,23.350000381469727,22.655000686645508,23.03499984741211,15.639643669128418,2276650
2003-08-12,23.299999237060547,23.5,23.049999237060547,23.43000030517578,15.90782642364502,2784580
2003-08-13,23.454999923706055,23.649999618530273,23.05500030517578,23.405000686645508,15.890851974487305,3668270
2003-08-14,22.739999771118164,22.850000381469727,22.315000534057617,22.415000915527344,15.681954383850098,2793320
2003-08-15,22.415000915527344,22.415000915527344,22.415000915527344,22.415000915527344,15.681954383850098,0
2003-08-18,22.530000686645508,22.530000686645508,22.25,22.405000686645508,15.674954414367676,1529040
2003-08-19,22.5,22.649999618530273,21.5,21.790000915527344,15.24468994140625,1619280
2003-08-20,21.799999237060547,22.440000534057617,21.125,22.010000228881836,15.398608207702637,1392520
2003-08-21,22.0,22.2450008392334,21.735000610351562,21.854999542236328,15.29016399383545,2622740
2003-08-22,21.950000762939453,22.184999465942383,21.600000381469727,21.68000030517578,15.167729377746582,1802760
2003-08-25,22.200000762939453,22.200000762939453,20.809999465942383,21.149999618530273,14.7969331741333,2078010
2003-08-26,21.520000457763672,21.899999618530273,20.799999237060547,21.854999542236328,15.29016399383545,1638850
2003-08-27,22.010000228881836,25.0,21.854999542236328,22.825000762939453,15.968795776367188,5057370
2003-08-28,23.299999237060547,23.69499969482422,22.80500030517578,23.135000228881836,16.1856746673584,7042980
2003-08-29,23.440000534057617,24.59000015258789,23.354999542236328,24.184999465942383,16.920276641845703,6514860
2003-09-01,24.399999618530273,25.979999542236328,24.364999771118164,24.670000076293945,17.25959014892578,5318040
2003-09-02,24.600000381469727,24.985000610351562,24.024999618530273,24.155000686645508,16.899290084838867,2724270
2003-09-03,24.44499969482422,24.44499969482422,23.354999542236328,23.540000915527344,16.469024658203125,2070850
2003-09-04,24.0,24.299999237060547,23.024999618530273,23.475000381469727,16.423551559448242,1390590
2003-09-05,23.700000762939453,24.290000915527344,23.200000762939453,24.135000228881836,16.885295867919922,2402730
2003-09-08,24.389999389648438,25.299999237060547,24.309999465942383,25.010000228881836,17.497467041015625,8652020
2003-09-09,25.489999771118164,25.579999923706055,24.719999313354492,24.895000457763672,17.41700553894043,6593510
2003-09-10,25.110000610351562,25.639999389648438,24.53499984741211,25.395000457763672,17.766815185546875,3670800
2003-09-11,25.200000762939453,25.700000762939453,25.0,25.200000762939453,17.63039207458496,2575090
2003-09-12,25.399999618530273,25.399999618530273,24.610000610351562,24.815000534057617,17.361040115356445,2737030
2003-09-15,24.799999237060547,24.989999771118164,24.0,24.125,16.878297805786133,1741400
2003-09-16,23.809999465942383,24.690000534057617,23.299999237060547,24.565000534057617,17.186134338378906,1370270
2003-09-17,24.864999771118164,24.864999771118164,23.809999465942383,24.1200008392334,16.874801635742188,1170950
2003-09-18,24.0049991607666,24.110000610351562,22.600000381469727,22.80500030517578,15.954803466796875,1704970
2003-09-19,21.040000915527344,23.200000762939453,21.040000915527344,22.65999984741211,15.85335922241211,2672560
2003-09-22,22.799999237060547,23.19499969482422,22.315000534057617,22.46500015258789,15.71692943572998,1586650
2003-09-23,22.5,23.100000381469727,22.219999313354492,23.0,16.09122657775879,1202460
2003-09-24,23.299999237060547,23.739999771118164,23.024999618530273,23.645000457763672,16.542484283447266,1541370
2003-09-25,23.399999618530273,24.200000762939453,23.014999389648438,23.229999542236328,16.252140045166016,4485770
2003-09-26,23.350000381469727,23.940000534057617,23.274999618530273,23.84000015258789,16.67890739440918,2578830
2003-09-29,23.940000534057617,24.389999389648438,23.700000762939453,24.030000686645508,16.81183433532715,1582960
2003-09-30,24.149999618530273,24.825000762939453,24.149999618530273,24.434999465942383,17.095182418823242,2196150
2003-10-01,24.514999389648438,24.645000457763672,24.059999465942383,24.19499969482422,16.927276611328125,1538530
2003-10-02,24.19499969482422,24.19499969482422,24.19499969482422,24.19499969482422,16.927276611328125,0
2003-10-03,24.024999618530273,25.139999389648438,24.024999618530273,24.96500015258789,17.465978622436523,3097380
2003-10-06,25.149999618530273,25.864999771118164,25.149999618530273,25.485000610351562,17.82978630065918,3528720
2003-10-07,25.510000228881836,27.149999618530273,25.139999389648438,26.844999313354492,18.78126335144043,9312930
2003-10-08,26.899999618530273,27.799999237060547,26.834999084472656,27.315000534057617,19.11008071899414,6697610
2003-10-09,27.510000228881836,28.0,27.25,27.81999969482422,19.463388442993164,3873900
2003-10-10,27.799999237060547,28.299999237060547,27.5,27.954999923706055,19.557838439941406,2316690
2003-10-13,28.0,29.579999923706055,27.709999084472656,29.239999771118164,20.45684814453125,3202610
2003-10-14,29.399999618530273,30.0,27.354999542236328,27.575000762939453,19.29198455810547,4049860
2003-10-15,27.739999771118164,28.344999313354492,27.020000457763672,27.90999984741211,19.52635955810547,2968800
2003-10-16,28.100000381469727,28.450000762939453,27.709999084472656,28.049999237060547,19.62430191040039,1683110
2003-10-17,29.700000762939453,29.700000762939453,27.030000686645508,27.389999389648438,19.162553787231445,1927700
2003-10-20,27.55500030517578,27.790000915527344,26.155000686645508,26.299999237060547,18.39996910095215,1499590
2003-10-21,26.600000381469727,27.0,25.80500030517578,25.934999465942383,18.144609451293945,2120550
2003-10-22,26.280000686645508,26.700000762939453,25.75,26.010000228881836,18.197080612182617,2073060
2003-10-23,25.700000762939453,26.5,25.399999618530273,25.575000762939453,17.892745971679688,1144660
2003-10-24,25.799999237060547,26.18000030517578,24.950000762939453,25.920000076293945,18.134113311767578,2493130
2003-10-27,26.399999618530273,26.690000534057617,25.149999618530273,25.235000610351562,17.654876708984375,1765350
2003-10-28,25.489999771118164,25.5,24.825000762939453,24.959999084472656,17.462478637695312,1704550
2003-10-29,21.969999313354492,25.889999389648438,21.969999313354492,25.56999969482422,17.889249801635742,892850
2003-10-30,25.450000762939453,26.75,25.415000915527344,26.475000381469727,18.52240562438965,4968440
2003-10-31,26.350000381469727,26.799999237060547,26.0,26.344999313354492,18.431455612182617,2393770
2003-11-03,27.559999465942383,27.559999465942383,26.549999237060547,27.040000915527344,18.91769027709961,2580670
2003-11-04,27.5,27.600000381469727,26.600000381469727,26.7549991607666,18.71829605102539,2668950
2003-11-05,27.0,27.290000915527344,26.209999084472656,26.454999923706055,18.50840950012207,2141310
2003-11-06,26.5,27.100000381469727,26.350000381469727,26.565000534057617,18.58537483215332,1710640
2003-11-07,26.799999237060547,26.799999237060547,25.809999465942383,25.985000610351562,18.179594039916992,1116040
2003-11-10,26.100000381469727,26.100000381469727,25.600000381469727,25.84000015258789,18.078147888183594,467340
2003-11-11,26.049999237060547,26.299999237060547,25.524999618530273,25.655000686645508,17.948719024658203,1058620
2003-11-12,25.940000534057617,27.100000381469727,25.3700008392334,26.709999084472656,18.686813354492188,4652010
2003-11-13,27.600000381469727,27.600000381469727,26.5049991607666,26.719999313354492,18.693811416625977,3739090
2003-11-14,26.799999237060547,27.280000686645508,25.950000762939453,26.155000686645508,18.298526763916016,2960140
2003-11-17,26.59000015258789,26.950000762939453,26.25,26.739999771118164,18.70780372619629,1191710
2003-11-18,26.989999771118164,27.389999389648438,26.559999465942383,26.735000610351562,18.704307556152344,2116800
2003-11-19,27.239999771118164,27.450000762939453,25.90999984741211,26.104999542236328,18.2635498046875,973260
2003-11-20,26.270000457763672,26.549999237060547,25.25,25.40999984741211,17.77730941772461,1145600
2003-11-21,25.1200008392334,25.489999771118164,24.299999237060547,24.959999084472656,17.462478637695312,1995180
2003-11-24,25.399999618530273,25.399999618530273,25.0,25.165000915527344,17.60590362548828,971560
2003-11-25,25.399999618530273,25.649999618530273,25.149999618530273,25.524999618530273,17.85776710510254,1020110
2003-11-26,25.524999618530273,25.524999618530273,25.524999618530273,25.524999618530273,17.85776710510254,0
2003-11-27,25.940000534057617,26.25,24.5,25.584999084472656,17.899742126464844,2881880
2003-11-28,25.700000762939453,26.209999084472656,25.604999542236328,25.905000686645508,18.123624801635742,1693470
2003-12-01,26.200000762939453,27.43000030517578,26.110000610351562,27.290000915527344,19.09259605407715,4671010
2003-12-02,27.0049991607666,28.135000228881836,27.0049991607666,27.665000915527344,19.35495376586914,5275940
2003-12-03,27.899999618530273,28.350000381469727,27.5049991607666,27.684999465942383,19.368942260742188,5495300
2003-12-04,27.709999084472656,29.350000381469727,27.55500030517578,28.969999313354492,20.2679500579834,9478220
2003-12-05,29.125,31.225000381469727,29.125,30.520000457763672,21.352357864379883,22440630
2003-12-08,30.600000381469727,31.844999313354492,30.565000534057617,31.075000762939453,21.74065399169922,12732260
2003-12-09,31.389999389648438,31.479999542236328,30.649999618530273,31.295000076293945,21.89456558227539,8627460
2003-12-10,31.469999313354492,31.6200008392334,30.799999237060547,31.149999618530273,21.793121337890625,4781980
2003-12-11,31.100000381469727,32.06999969482422,31.100000381469727,31.43000030517578,21.989013671875,5176440
2003-12-12,31.799999237060547,31.899999618530273,31.25,31.44499969482422,21.99951171875,3150100
2003-12-15,31.684999465942383,32.334999084472656,31.399999618530273,32.07500076293945,22.44026756286621,6935710
2003-12-16,32.439998626708984,33.09000015258789,32.099998474121094,32.790000915527344,22.940494537353516,9787870
2003-12-17,33.099998474121094,33.5,32.7400016784668,32.935001373291016,23.04193878173828,5937340
2003-12-18,32.79999923706055,33.380001068115234,32.400001525878906,33.119998931884766,23.171371459960938,6299550
2003-12-19,33.29999923706055,33.29999923706055,32.41999816894531,32.599998474121094,22.807573318481445,4027790
2003-12-22,32.79999923706055,32.9900016784668,31.53499984741211,31.84000015258789,22.275856018066406,4776870
2003-12-23,31.989999771118164,32.54999923706055,31.850000381469727,32.224998474121094,22.545209884643555,3367750
2003-12-24,32.29999923706055,32.869998931884766,31.950000762939453,32.2400016784668,22.555706024169922,7082470
2003-12-25,32.2400016784668,32.2400016784668,32.2400016784668,32.2400016784668,22.555706024169922,0
2003-12-26,32.470001220703125,33.400001525878906,32.30500030517578,33.13999938964844,23.18535804748535,5421780
2003-12-29,33.400001525878906,34.09000015258789,33.29999923706055,33.7400016784668,23.605134963989258,3544730
2003-12-30,34.38999938964844,35.150001525878906,33.79999923706055,34.52000045776367,24.150836944580078,10550040
2003-12-31,34.47999954223633,34.849998474121094,34.029998779296875,34.279998779296875,23.982927322387695,2955810
2004-01-01,34.599998474121094,35.279998779296875,34.5,35.005001068115234,24.490148544311523,2797580
2004-01-02,35.29999923706055,37.77000045776367,35.125,37.400001525878906,26.16573715209961,7369010
2004-01-05,38.0,39.47999954223633,36.709999084472656,38.970001220703125,27.26413917541504,6761930
2004-01-06,39.400001525878906,39.849998474121094,36.92499923706055,37.39500045776367,26.162240982055664,6804740
2004-01-07,37.779998779296875,38.380001068115234,36.86000061035156,37.4900016784668,26.228708267211914,5522100
2004-01-08,37.900001525878906,40.29999923706055,37.70000076293945,39.95000076293945,27.949771881103516,7390150
2004-01-09,41.0,41.20000076293945,39.20000076293945,39.72999954223633,27.79585075378418,4834040
2004-01-12,40.09000015258789,40.095001220703125,37.224998474121094,37.70500183105469,26.379119873046875,6005710
2004-01-13,37.97999954223633,38.970001220703125,36.404998779296875,38.689998626708984,27.0682430267334,6181560
2004-01-14,39.0,40.9900016784668,38.80500030517578,40.59000015258789,28.39752960205078,6822930
2004-01-15,41.0,41.95000076293945,39.20000076293945,39.915000915527344,27.92527198791504,8764420
2004-01-16,39.900001525878906,40.59000015258789,38.29999923706055,38.79999923706055,27.145206451416016,6800850
2004-01-19,39.0,39.9900016784668,37.45000076293945,39.46500015258789,27.61045265197754,4690930
2004-01-20,40.0,40.47999954223633,36.20000076293945,37.029998779296875,25.906877517700195,5435400
2004-01-21,36.474998474121094,36.66999816894531,31.524999618530273,32.34000015258789,22.62566566467285,8214950
2004-01-22,34.060001373291016,34.4900016784668,31.25,31.799999237060547,22.24786949157715,8517210
2004-01-23,32.400001525878906,34.400001525878906,31.799999237060547,34.02000045776367,23.8010311126709,6715550
2004-01-26,34.02000045776367,34.02000045776367,34.02000045776367,34.02000045776367,23.8010311126709,0
2004-01-27,34.98500061035156,40.79999923706055,32.099998474121094,35.29999923706055,24.696544647216797,10126820
2004-01-28,35.79999923706055,36.189998626708984,33.415000915527344,33.790000915527344,23.64011573791504,7005720
2004-01-29,34.099998474121094,35.0,33.650001525878906,34.51499938964844,24.147336959838867,6849490
2004-01-30,34.70000076293945,35.400001525878906,33.900001525878906,35.07500076293945,24.53912353515625,8407290
2004-02-02,35.07500076293945,35.07500076293945,35.07500076293945,35.07500076293945,24.53912353515625,0
2004-02-03,34.5,35.599998474121094,34.36000061035156,34.904998779296875,24.420194625854492,9511000
2004-02-04,35.150001525878906,36.5,34.005001068115234,36.09000015258789,25.249238967895508,7996200
2004-02-05,36.79999923706055,37.70000076293945,36.20000076293945,36.4900016784668,25.52908706665039,7124220
2004-02-06,36.70000076293945,37.39500045776367,36.099998474121094,37.1349983215332,25.980342864990234,3110980
2004-02-09,37.5,38.290000915527344,37.310001373291016,38.1150016784668,26.66596221923828,3087070
2004-02-10,38.400001525878906,38.400001525878906,37.03499984741211,37.6349983215332,26.330148696899414,2616900
2004-02-11,37.994998931884766,38.025001525878906,37.314998626708984,37.65999984741211,26.347640991210938,1696050
2004-02-12,37.70000076293945,38.5,37.5,37.69499969482422,26.372121810913086,2762840
2004-02-13,37.650001525878906,38.29999923706055,37.220001220703125,38.06999969482422,26.634483337402344,1750380
2004-02-16,38.099998474121094,39.27000045776367,38.005001068115234,38.19499969482422,26.7219295501709,2307470
2004-02-17,38.310001373291016,38.7400016784668,38.0099983215332,38.47999954223633,26.921321868896484,2615010
2004-02-18,38.75,39.29999923706055,38.21500015258789,39.040000915527344,27.3131103515625,5004650
2004-02-19,39.599998474121094,39.88999938964844,38.349998474121094,38.77000045776367,27.124216079711914,7087620
2004-02-20,38.70000076293945,38.9900016784668,37.20000076293945,37.814998626708984,26.456083297729492,6350100
2004-02-23,38.0,38.38999938964844,36.20000076293945,36.61000061035156,25.61304473876953,1923650
2004-02-24,35.849998474121094,38.099998474121094,32.2599983215332,36.959999084472656,25.857906341552734,2565630
2004-02-25,37.099998474121094,37.18000030517578,35.625,36.040000915527344,25.21425437927246,1300960
2004-02-26,36.025001525878906,37.099998474121094,34.814998626708984,35.03499984741211,24.511137008666992,3775280
2004-02-27,35.79999923706055,35.88999938964844,34.61000061035156,35.63999938964844,24.93441390991211,2178340
2004-03-01,35.5099983215332,37.0,35.5099983215332,36.744998931884766,25.70748519897461,1445970
2004-03-02,36.744998931884766,36.744998931884766,36.744998931884766,36.744998931884766,25.70748519897461,0
2004-03-03,37.099998474121094,37.595001220703125,36.70000076293945,36.96500015258789,25.861408233642578,1642810
2004-03-04,37.20000076293945,37.494998931884766,36.11000061035156,36.435001373291016,25.49060821533203,1268450
2004-03-05,36.75,37.45000076293945,36.154998779296875,37.10499954223633,25.959348678588867,2140920
2004-03-08,37.400001525878906,38.2599983215332,37.22999954223633,37.474998474121094,26.218210220336914,2315810
2004-03-09,37.4900016784668,37.5,36.599998474121094,37.029998779296875,25.906877517700195,1157240
2004-03-10,36.79999923706055,36.79999923706055,35.82500076293945,36.040000915527344,25.21425437927246,3212550
2004-03-11,35.650001525878906,36.19499969482422,35.5,35.845001220703125,25.077831268310547,1398940
2004-03-12,35.5,36.29999923706055,35.029998779296875,35.91999816894531,25.130300521850586,1078250
2004-03-15,36.400001525878906,36.599998474121094,33.525001525878906,33.84000015258789,23.675094604492188,1406150
2004-03-16,33.599998474121094,33.97999954223633,31.114999771118164,31.940000534057617,22.3458251953125,3777420
2004-03-17,32.400001525878906,32.790000915527344,31.649999618530273,32.185001373291016,22.517229080200195,2536110
2004-03-18,32.209999084472656,32.400001525878906,31.649999618530273,31.885000228881836,22.307340621948242,1616650
2004-03-19,32.0,32.185001373291016,31.700000762939453,31.889999389648438,22.31083869934082,1393940
2004-03-22,31.989999771118164,32.0,30.110000610351562,30.489999771118164,21.331375122070312,3323480
2004-03-23,30.889999389648438,31.280000686645508,30.200000762939453,30.610000610351562,21.415327072143555,4571580
2004-03-24,30.600000381469727,30.969999313354492,30.309999465942383,30.575000762939453,21.390840530395508,1745660
2004-03-25,30.790000915527344,31.239999771118164,30.625,30.825000762939453,21.565746307373047,2854080
2004-03-26,31.600000381469727,32.900001525878906,31.25,32.59000015258789,22.800573348999023,2493250
2004-03-29,32.59000015258789,33.25,32.21500015258789,32.959999084472656,23.059431076049805,660770
2004-03-30,32.95000076293945,33.19499969482422,32.38999938964844,32.75,22.912517547607422,841050
2004-03-31,32.29999923706055,33.34000015258789,31.0,33.154998779296875,23.195858001708984,897970
2004-04-01,33.400001525878906,34.25,33.099998474121094,34.02000045776367,23.8010311126709,1194190
2004-04-02,34.290000915527344,34.70000076293945,33.599998474121094,34.2400016784668,23.95494270324707,2240910
2004-04-05,34.494998931884766,34.57500076293945,33.209999084472656,33.75,23.612131118774414,1571940
2004-04-06,34.400001525878906,34.400001525878906,31.905000686645508,32.70000076293945,22.877527236938477,1954420
2004-04-07,33.040000915527344,33.29999923706055,32.6150016784668,33.06999969482422,23.13639259338379,876440
2004-04-08,33.29999923706055,33.67499923706055,32.810001373291016,33.415000915527344,23.377761840820312,893600
2004-04-09,33.415000915527344,33.415000915527344,33.415000915527344,33.415000915527344,23.377761840820312,0
2004-04-12,33.599998474121094,34.45000076293945,33.21500015258789,34.005001068115234,23.79053497314453,2124650
2004-04-13,34.400001525878906,35.97999954223633,33.91999816894531,35.720001220703125,24.990381240844727,2347630
2004-04-14,35.720001220703125,35.720001220703125,35.720001220703125,35.720001220703125,24.990381240844727,0
2004-04-15,35.51499938964844,36.599998474121094,32.2599983215332,36.400001525878906,25.466127395629883,1635620
2004-04-16,36.119998931884766,37.189998626708984,36.119998931884766,36.83000183105469,25.766958236694336,1201640
2004-04-19,36.79999923706055,37.599998474121094,36.099998474121094,36.435001373291016,25.49060821533203,1193470
2004-04-20,36.20000076293945,37.31999969482422,35.810001373291016,37.005001068115234,25.889387130737305,1054640
2004-04-21,36.5,37.5,36.5,37.03499984741211,25.910377502441406,1232560
2004-04-22,37.0,37.47999954223633,36.599998474121094,37.084999084472656,25.945356369018555,470800
2004-04-23,37.5,37.939998626708984,36.70000076293945,36.915000915527344,25.82642364501953,579800
2004-04-27,36.79999923706055,36.79999923706055,35.79999923706055,36.474998474121094,25.518592834472656,1541540
2004-04-28,36.099998474121094,36.57500076293945,35.599998474121094,35.83000183105469,25.06733512878418,835480
2004-04-29,36.099998474121094,36.5,35.5099983215332,35.93000030517578,25.137296676635742,971120
2004-04-30,36.005001068115234,38.900001525878906,36.005001068115234,38.064998626708984,26.630979537963867,3536580
2004-05-03,38.38999938964844,39.099998474121094,36.875,37.65999984741211,26.347640991210938,2788000
2004-05-04,37.70000076293945,38.54999923706055,37.150001525878906,37.599998474121094,26.305660247802734,1443980
2004-05-05,38.150001525878906,38.79999923706055,37.599998474121094,38.36000061035156,26.837373733520508,3175730
2004-05-06,39.0,39.099998474121094,38.404998779296875,38.625,27.02277183532715,2347930
2004-05-07,38.70000076293945,38.70000076293945,37.55500030517578,37.720001220703125,26.38962173461914,1782790
2004-05-10,36.5099983215332,37.29999923706055,36.0099983215332,36.755001068115234,25.714481353759766,1987520
2004-05-11,36.0,36.349998474121094,34.119998931884766,34.470001220703125,24.11585235595703,1018390
2004-05-12,34.1150016784668,35.47999954223633,34.064998626708984,34.27000045776367,23.975933074951172,844660
2004-05-13,39.43000030517578,39.43000030517578,32.0,33.31999969482422,23.311290740966797,3583910
2004-05-14,34.0,34.0,29.5,31.350000381469727,21.933042526245117,3113480
2004-05-17,29.149999618530273,30.0,25.100000381469727,29.024999618530273,20.306434631347656,2248530
2004-05-18,29.200000762939453,30.899999618530273,28.100000381469727,30.579999923706055,21.394338607788086,1164400
2004-05-19,34.0,35.400001525878906,31.489999771118164,34.45500183105469,24.105363845825195,2300040
2004-05-20,36.0,36.3849983215332,33.10499954223633,33.375,23.34977149963379,2410290
2004-05-21,33.150001525878906,35.19499969482422,32.5,34.775001525878906,24.329235076904297,3378020
2004-05-24,34.810001373291016,36.5,34.619998931884766,35.04499816894531,24.51813507080078,2622900
2004-05-25,36.05500030517578,36.05500030517578,33.810001373291016,34.334999084472656,24.021404266357422,1749760
2004-05-26,34.79999923706055,35.20000076293945,33.900001525878906,34.060001373291016,23.829010009765625,1581440
2004-05-27,33.79999923706055,34.20000076293945,33.415000915527344,33.720001220703125,23.59113883972168,1603710
2004-05-28,33.5,33.5,32.15999984741211,32.529998779296875,22.758594512939453,1520620
2004-05-31,30.65999984741211,34.70000076293945,30.6299991607666,33.040000915527344,23.115400314331055,1558130
2004-06-01,33.790000915527344,33.95000076293945,32.810001373291016,33.060001373291016,23.129392623901367,759330
2004-06-02,33.5,34.290000915527344,33.0,34.005001068115234,23.79053497314453,1044560
2004-06-03,34.70000076293945,34.875,32.54999923706055,32.915000915527344,23.027950286865234,1399480
2004-06-04,33.029998779296875,33.44499969482422,31.850000381469727,32.92499923706055,23.03494644165039,1540370
2004-06-07,33.70000076293945,33.70000076293945,32.70000076293945,33.02000045776367,23.10140609741211,750500
2004-06-08,33.4900016784668,33.5,32.900001525878906,33.18000030517578,23.21334457397461,491670
2004-06-09,33.349998474121094,34.185001373291016,33.04999923706055,33.3849983215332,23.356769561767578,1441250
2004-06-10,33.20000076293945,34.099998474121094,32.51499938964844,33.52000045776367,23.45121955871582,812210
2004-06-11,34.0,35.13999938964844,33.33000183105469,33.665000915527344,23.552661895751953,3799770
2004-06-14,33.72999954223633,33.72999954223633,32.65999984741211,33.029998779296875,23.1084041595459,775360
2004-06-15,33.29999923706055,33.8849983215332,33.0,33.244998931884766,23.258821487426758,1561820
2004-06-16,33.599998474121094,34.79999923706055,33.5,33.720001220703125,23.59113883972168,3199060
2004-06-17,34.0,34.599998474121094,33.70000076293945,34.36000061035156,24.038894653320312,1497640
2004-06-18,34.5,34.790000915527344,33.560001373291016,33.779998779296875,23.633115768432617,1788450
2004-06-21,35.0,35.0,33.255001068115234,33.380001068115234,23.353271484375,798410
2004-06-22,33.0,33.599998474121094,32.099998474121094,33.3849983215332,23.356769561767578,759210
2004-06-23,33.70000076293945,34.2400016784668,33.255001068115234,33.689998626708984,23.570148468017578,2275760
2004-06-24,34.099998474121094,34.20000076293945,33.40999984741211,33.90999984741211,23.72406768798828,2036870
2004-06-25,34.79999923706055,35.46500015258789,34.20000076293945,34.939998626708984,24.44467544555664,5192720
2004-06-28,35.20000076293945,36.96500015258789,34.900001525878906,36.84000015258789,25.773944854736328,5325340
2004-06-29,36.79999923706055,37.474998474121094,33.5,36.90999984741211,25.822921752929688,3143540
2004-06-30,36.709999084472656,37.560001373291016,36.31999969482422,36.595001220703125,25.60254669189453,3442540
2004-07-01,36.5,37.20000076293945,36.349998474121094,37.08000183105469,25.941858291625977,1312680
2004-07-02,36.900001525878906,38.45000076293945,36.70000076293945,38.1150016784668,26.66596221923828,3011900
2004-07-05,38.400001525878906,38.849998474121094,37.599998474121094,37.95000076293945,26.550527572631836,2517970
2004-07-06,38.290000915527344,38.939998626708984,37.650001525878906,38.755001068115234,27.11372947692871,2031370
2004-07-07,38.75,40.56999969482422,38.5,39.415000915527344,27.575471878051758,6938560
2004-07-08,39.599998474121094,40.47999954223633,36.904998779296875,37.48500061035156,26.225210189819336,5153910
2004-07-09,38.5,39.0,33.150001525878906,38.755001068115234,27.11372947692871,4105820
2004-07-12,39.5,39.5,37.82500076293945,38.119998931884766,26.669458389282227,3298240
2004-07-13,37.900001525878906,38.900001525878906,37.20000076293945,37.55500030517578,26.274179458618164,1601330
2004-07-14,38.0,38.165000915527344,37.290000915527344,37.63999938964844,26.333646774291992,1614880
2004-07-15,37.54999923706055,39.150001525878906,37.54999923706055,38.630001068115234,27.026273727416992,3533340
2004-07-16,38.900001525878906,39.75,38.88999938964844,39.26499938964844,27.47052764892578,5612200
2004-07-19,39.29999923706055,41.13999938964844,39.20000076293945,40.834999084472656,28.56892204284668,6883050
2004-07-20,41.0,41.20000076293945,39.814998626708984,40.005001068115234,27.988248825073242,4170780
2004-07-21,40.56999969482422,40.56999969482422,39.630001068115234,40.185001373291016,28.11418342590332,2898350
2004-07-22,41.0,41.0,39.959999084472656,40.189998626708984,28.117673873901367,2975060
2004-07-23,40.20000076293945,40.29499816894531,39.630001068115234,40.01499938964844,27.995241165161133,1343330
2004-07-26,39.29999923706055,40.939998626708984,39.29999923706055,40.494998931884766,28.331056594848633,2229840
2004-07-27,40.70000076293945,41.439998626708984,40.060001373291016,40.334999084472656,28.219118118286133,3722680
2004-07-28,40.224998474121094,40.29999923706055,38.70000076293945,39.79499816894531,27.84132957458496,3524480
2004-07-29,39.71500015258789,41.25,39.349998474121094,40.970001220703125,28.663375854492188,6090250
2004-07-30,41.0,42.630001068115234,41.0,41.95500183105469,29.352500915527344,5973680
2004-08-02,42.189998626708984,42.45000076293945,41.5,41.755001068115234,29.21257781982422,2530970
2004-08-03,42.0,42.900001525878906,41.625,41.869998931884766,29.293033599853516,4237280
2004-08-04,41.95000076293945,42.17499923706055,40.599998474121094,40.970001220703125,28.663375854492188,3464020
2004-08-05,41.0,41.5,40.25,40.73500061035156,28.49896240234375,6432280
2004-08-06,41.08000183105469,41.48500061035156,40.5099983215332,41.01499938964844,28.69485855102539,4502840
2004-08-09,40.775001525878906,40.95500183105469,40.29999923706055,40.834999084472656,28.56892204284668,2405570
2004-08-10,40.849998474121094,41.849998474121094,40.849998474121094,41.19499969482422,28.820791244506836,2933180
2004-08-11,41.095001220703125,41.5,39.755001068115234,40.005001068115234,27.988248825073242,4315860
2004-08-12,40.099998474121094,40.959999084472656,40.0,40.43000030517578,28.285587310791016,4344290
2004-08-13,40.5,40.65999984741211,39.79999923706055,40.04499816894531,28.016225814819336,3210390
2004-08-16,40.209999084472656,40.29999923706055,39.77000045776367,40.05500030517578,28.023225784301758,2271440
2004-08-17,40.099998474121094,40.099998474121094,39.15999984741211,39.42499923706055,28.172985076904297,2012960
2004-08-18,39.5,39.58000183105469,38.90999984741211,39.130001068115234,27.962169647216797,1489940
2004-08-19,39.099998474121094,39.45000076293945,39.099998474121094,39.279998779296875,28.069364547729492,937520
2004-08-20,39.400001525878906,39.400001525878906,38.2400016784668,38.3650016784668,27.415510177612305,2181680
2004-08-23,38.70000076293945,38.900001525878906,38.060001373291016,38.375,27.42265510559082,932550
2004-08-24,38.630001068115234,39.290000915527344,38.529998779296875,39.119998931884766,27.95502471923828,1376780
2004-08-25,39.29499816894531,40.20000076293945,39.165000915527344,39.974998474121094,28.566003799438477,2354080
2004-08-26,40.29999923706055,40.599998474121094,39.20000076293945,39.415000915527344,28.16583824157715,6182780
2004-08-27,39.61000061035156,40.5,39.61000061035156,40.29499816894531,28.7946720123291,4221840
2004-08-30,40.599998474121094,41.869998931884766,40.599998474121094,41.66999816894531,29.77724838256836,5542870
2004-08-31,41.70000076293945,41.70000076293945,41.099998474121094,41.369998931884766,29.562868118286133,2345790
2004-09-01,41.540000915527344,42.22999954223633,41.525001525878906,41.68000030517578,29.784385681152344,3404160
2004-09-02,41.70000076293945,42.525001525878906,41.435001373291016,42.025001525878906,30.030929565429688,4429050
2004-09-03,42.025001525878906,43.19499969482422,42.025001525878906,42.93000030517578,30.677637100219727,4550040
2004-09-06,43.20000076293945,43.67499923706055,43.15999984741211,43.349998474121094,30.97777557373047,4007710
2004-09-07,43.5,43.5,42.80500030517578,43.05500030517578,30.766969680786133,2939440
2004-09-08,43.0,43.290000915527344,42.81999969482422,42.96500015258789,30.702653884887695,2055600
2004-09-09,43.099998474121094,43.29999923706055,42.25,42.68000030517578,30.498994827270508,2629640
2004-09-10,42.790000915527344,43.189998626708984,42.334999084472656,42.880001068115234,30.64190673828125,2863310
2004-09-13,42.70500183105469,42.9900016784668,42.314998626708984,42.43000030517578,30.320341110229492,1851080
2004-09-14,42.5099983215332,42.5099983215332,41.91999816894531,42.3849983215332,30.28818702697754,1398460
2004-09-15,42.59000015258789,43.599998474121094,42.0,43.20000076293945,30.87058448791504,3609390
2004-09-16,43.41999816894531,44.16999816894531,43.22999954223633,43.720001220703125,31.24217987060547,6150930
2004-09-17,44.0,44.400001525878906,43.5,43.79499816894531,31.2957706451416,4305590
2004-09-20,43.98500061035156,44.290000915527344,43.26499938964844,43.46500015258789,31.059953689575195,2561860
2004-09-21,43.38999938964844,43.810001373291016,43.20000076293945,43.529998779296875,31.10640525817871,1784980
2004-09-22,43.70000076293945,44.400001525878906,43.404998779296875,44.125,31.531583786010742,2789680
2004-09-23,44.0,45.0,43.810001373291016,43.92499923706055,31.388662338256836,4275290
2004-09-24,43.5,44.16999816894531,43.5,43.70000076293945,31.227872848510742,1731520
2004-09-27,43.380001068115234,43.599998474121094,42.5099983215332,42.7400016784668,30.541868209838867,2511740
2004-09-28,42.70000076293945,42.70000076293945,41.505001068115234,41.6349983215332,29.752229690551758,1946270
2004-09-29,41.900001525878906,42.400001525878906,41.04999923706055,42.28499984741211,30.216726303100586,4943900
2004-09-30,42.70000076293945,42.91999816894531,42.04999923706055,42.2400016784668,30.1845703125,5445110
2004-10-01,42.400001525878906,42.97999954223633,41.935001373291016,42.71500015258789,30.524003982543945,2071710
2004-10-04,42.900001525878906,43.20000076293945,42.52000045776367,42.67499923706055,30.49541473388672,1498230
2004-10-05,42.79999923706055,43.400001525878906,42.349998474121094,43.05500030517578,30.766969680786133,3273890
2004-10-06,43.5,43.59000015258789,41.904998779296875,42.18000030517578,30.141695022583008,2830820
2004-10-07,42.29999923706055,42.66999816894531,41.814998626708984,42.165000915527344,30.130971908569336,2233850
2004-10-08,42.44499969482422,42.78499984741211,42.099998474121094,42.459999084472656,30.341781616210938,3033110
2004-10-11,43.099998474121094,43.29999923706055,42.29999923706055,42.540000915527344,30.39895248413086,1591490
2004-10-12,42.70000076293945,42.79999923706055,41.79999923706055,41.95500183105469,29.980913162231445,1135520
2004-10-14,42.0,42.79999923706055,41.0,42.51499938964844,30.381078720092773,1487180
2004-10-15,42.79999923706055,43.4900016784668,41.900001525878906,42.04999923706055,30.048799514770508,2239540
2004-10-18,42.47999954223633,42.599998474121094,41.70000076293945,41.79999923706055,29.87014389038086,1075030
2004-10-19,42.790000915527344,42.790000915527344,41.900001525878906,42.54999923706055,30.40609359741211,1407160
2004-10-20,42.779998779296875,42.779998779296875,41.900001525878906,41.970001220703125,29.99163055419922,857910
2004-10-21,42.099998474121094,42.47999954223633,41.724998474121094,41.849998474121094,29.905866622924805,1156710
2004-10-22,41.849998474121094,41.849998474121094,41.849998474121094,41.849998474121094,29.905866622924805,0
2004-10-25,41.900001525878906,41.900001525878906,40.525001525878906,40.810001373291016,29.162696838378906,736840
2004-10-26,40.900001525878906,41.619998931884766,40.599998474121094,41.275001525878906,29.494983673095703,1180410
2004-10-27,41.5,41.7599983215332,41.11000061035156,41.53499984741211,29.680784225463867,552830
2004-10-28,41.974998474121094,41.974998474121094,40.599998474121094,40.81999969482422,29.169841766357422,3275930
2004-10-29,41.20000076293945,41.435001373291016,40.75,40.994998931884766,29.294893264770508,2013840
2004-11-01,41.400001525878906,42.494998931884766,41.025001525878906,42.380001068115234,30.284610748291016,3005300
2004-11-02,42.5,42.9900016784668,42.25,42.38999938964844,30.29175567626953,2082340
2004-11-03,42.599998474121094,42.79999923706055,41.73500061035156,42.14500045776367,30.11667251586914,1527290
2004-11-04,42.20000076293945,42.400001525878906,41.75,41.880001068115234,29.927309036254883,1315340
2004-11-05,42.5,42.5,41.709999084472656,41.80500030517578,29.873714447021484,948840
2004-11-08,42.099998474121094,42.75,42.0,42.34000015258789,30.256031036376953,1477550
2004-11-09,42.400001525878906,42.75,42.150001525878906,42.2599983215332,30.19886016845703,1304890
2004-11-10,42.5,42.849998474121094,42.29999923706055,42.744998931884766,30.545446395874023,1422840
2004-11-11,42.880001068115234,42.880001068115234,42.099998474121094,42.224998474121094,30.173845291137695,854600
2004-11-12,42.66999816894531,42.69499969482422,42.14500045776367,42.43000030517578,30.320341110229492,289940
2004-11-15,42.43000030517578,42.43000030517578,42.43000030517578,42.43000030517578,30.320341110229492,0
2004-11-16,42.5,43.11000061035156,42.30500030517578,42.95500183105469,30.695507049560547,1167970
2004-11-17,43.275001525878906,43.400001525878906,42.810001373291016,42.9900016784668,30.720521926879883,1965100
2004-11-18,42.904998779296875,43.16999816894531,42.529998779296875,42.71500015258789,30.524003982543945,827180
2004-11-19,42.9900016784668,42.9900016784668,41.650001525878906,41.744998931884766,29.830842971801758,847930
2004-11-22,41.79999923706055,42.689998626708984,41.5,42.275001525878906,30.20958137512207,1695250
2004-11-23,42.68000030517578,43.150001525878906,42.41999816894531,42.83000183105469,30.60618019104004,1493300
2004-11-24,43.099998474121094,44.150001525878906,42.849998474121094,44.02000045776367,31.456558227539062,4009540
2004-11-25,44.29999923706055,45.150001525878906,44.209999084472656,44.36000061035156,31.69951820373535,5865420
2004-11-26,44.36000061035156,44.36000061035156,44.36000061035156,44.36000061035156,31.69951820373535,0
2004-11-29,44.5,45.45000076293945,44.400001525878906,45.095001220703125,32.22473907470703,1875600
2004-11-30,45.44499969482422,45.66999816894531,44.125,44.375,31.71023178100586,2873750
2004-12-01,44.400001525878906,45.0,43.63999938964844,44.564998626708984,31.846012115478516,1668500
2004-12-02,45.09000015258789,45.32500076293945,44.599998474121094,45.154998779296875,32.267616271972656,1997550
2004-12-03,45.224998474121094,47.0,45.224998474121094,45.439998626708984,32.47127914428711,3236940
2004-12-06,45.790000915527344,46.20000076293945,45.20000076293945,45.625,32.60348129272461,2119090
2004-12-07,45.654998779296875,46.59000015258789,45.5,46.31999969482422,33.100128173828125,1966120
2004-12-08,46.599998474121094,47.0,45.625,45.84000015258789,32.75712203979492,3247140
2004-12-09,45.79999923706055,46.20000076293945,45.29999923706055,46.06999969482422,32.92147445678711,1208370
2004-12-10,46.099998474121094,46.9900016784668,45.099998474121094,45.19499969482422,32.29620361328125,1382580
2004-12-13,45.29999923706055,46.20000076293945,45.209999084472656,46.040000915527344,32.900047302246094,986090
2004-12-14,46.779998779296875,46.779998779296875,45.90999984741211,46.11000061035156,32.95005798339844,964470
2004-12-15,46.439998626708984,46.45000076293945,46.0,46.09000015258789,32.935768127441406,1293700
2004-12-16,46.20000076293945,46.9900016784668,45.73500061035156,46.45000076293945,33.193023681640625,2039540
2004-12-17,46.310001373291016,47.19499969482422,46.150001525878906,46.54999923706055,33.26448059082031,3366570
2004-12-20,46.70000076293945,47.470001220703125,46.599998474121094,47.290000915527344,33.79328536987305,1191970
2004-12-21,47.5,48.04999923706055,47.5,47.814998626708984,34.1684455871582,2485680
2004-12-22,48.349998474121094,48.849998474121094,47.79499816894531,48.130001068115234,34.3935432434082,2773690
2004-12-23,48.0,48.79999923706055,47.79999923706055,48.03499984741211,34.325653076171875,861390
2004-12-24,48.47999954223633,48.47999954223633,47.599998474121094,47.709999084472656,34.093406677246094,660440
2004-12-27,47.779998779296875,48.20000076293945,47.5,48.1150016784668,34.38282012939453,902010
2004-12-28,48.189998626708984,48.470001220703125,48.025001525878906,48.2400016784668,34.47216033935547,697960
2004-12-29,48.20500183105469,48.5,47.599998474121094,47.68000030517578,34.07197570800781,701230
2004-12-30,47.79999923706055,47.79999923706055,45.900001525878906,46.375,33.139427185058594,1952370
2004-12-31,46.97999954223633,47.900001525878906,46.29999923706055,47.31999969482422,33.814727783203125,1069690
2005-01-03,47.57500076293945,48.915000915527344,47.41999816894531,48.619998931884766,34.74369430541992,1989330
2005-01-04,49.0,50.494998931884766,48.13999938964844,49.994998931884766,35.72627258300781,3942450
2005-01-05,52.20000076293945,52.20000076293945,47.099998474121094,48.6150016784668,34.7401237487793,4972610
2005-01-06,48.6150016784668,49.599998474121094,47.599998474121094,48.13999938964844,34.400691986083984,2735630
2005-01-07,48.13999938964844,49.70000076293945,47.80500030517578,49.349998474121094,35.265350341796875,3162420
2005-01-10,49.790000915527344,50.279998779296875,48.70000076293945,49.470001220703125,35.35110092163086,4244650
2005-01-11,49.69499969482422,49.69499969482422,48.0099983215332,48.584999084472656,34.71868896484375,1826940
2005-01-12,48.584999084472656,52.7400016784668,45.51499938964844,46.92499923706055,33.5324592590332,1972560
2005-01-13,47.20000076293945,48.099998474121094,47.025001525878906,47.314998626708984,33.81114959716797,1346420
2005-01-14,47.5,48.029998779296875,46.54999923706055,46.880001068115234,33.50028991699219,1155670
2005-01-17,47.0,47.0,44.525001525878906,45.73500061035156,32.682090759277344,1895540
2005-01-18,46.29999923706055,47.29499816894531,46.20000076293945,46.47999954223633,33.21445846557617,2157560
2005-01-19,46.47999954223633,47.04999923706055,46.224998474121094,46.505001068115234,33.23232650756836,1198940
2005-01-20,46.5,46.60499954223633,45.435001373291016,46.04999923706055,32.90718460083008,1059640
2005-01-24,49.400001525878906,49.5,45.599998474121094,46.13999938964844,32.97149658203125,597390
2005-01-25,48.98500061035156,48.98500061035156,45.79999923706055,48.130001068115234,34.3935432434082,3239970
2005-01-27,48.599998474121094,48.70000076293945,47.2599983215332,47.51499938964844,33.954071044921875,3485640
2005-01-28,48.09000015258789,48.79499816894531,47.86000061035156,48.435001373291016,34.61149978637695,1711910
2005-01-31,48.849998474121094,49.400001525878906,48.53499984741211,48.95000076293945,34.979515075683594,2427060
2005-02-01,49.244998931884766,49.244998931884766,48.29999923706055,48.525001525878906,34.67581558227539,1538250
2005-02-02,48.79999923706055,49.20000076293945,48.25,48.380001068115234,34.57218551635742,829180
2005-02-03,48.5,49.5,48.22999954223633,49.18000030517578,35.14387512207031,1486920
2005-02-04,49.5,51.0,49.099998474121094,50.54499816894531,36.119300842285156,3341640
2005-02-07,51.47999954223633,51.75,50.21500015258789,50.4900016784668,36.079986572265625,2536690
2005-02-08,50.400001525878906,52.400001525878906,50.35499954223633,51.93000030517578,37.10901641845703,3064040
2005-02-09,52.400001525878906,53.94499969482422,52.400001525878906,53.41999816894531,38.17375564575195,6399610
2005-02-10,53.42499923706055,53.599998474121094,52.61000061035156,52.904998779296875,37.80573654174805,1364980
2005-02-11,53.5,55.959999084472656,52.599998474121094,54.63999938964844,39.045562744140625,4840300
2005-02-14,55.0,56.599998474121094,54.29999923706055,55.915000915527344,39.956687927246094,5045470
2005-02-15,56.29999923706055,56.5,54.650001525878906,54.900001525878906,39.231361389160156,2031480
2005-02-16,55.400001525878906,55.540000915527344,53.900001525878906,54.19499969482422,38.727577209472656,2087830
2005-02-17,54.099998474121094,54.42499923706055,52.560001373291016,53.57500076293945,38.28452682495117,2543140
2005-02-18,54.0,54.650001525878906,53.70000076293945,54.32500076293945,38.82047653198242,2108850
2005-02-21,54.310001373291016,54.494998931884766,53.20000076293945,53.79999923706055,38.44529342651367,1699610
2005-02-22,53.5,54.5,53.5,54.27000045776367,38.78117370605469,2174400
2005-02-23,54.45000076293945,54.45000076293945,53.650001525878906,53.875,38.498897552490234,1130960
2005-02-24,53.900001525878906,54.3849983215332,53.40999984741211,53.564998626708984,38.27737808227539,1904170
2005-02-25,53.654998779296875,54.04999923706055,52.86000061035156,52.97999954223633,37.85934066772461,1732730
2005-02-28,53.400001525878906,54.9900016784668,53.20000076293945,54.54999923706055,38.98125457763672,6054720
2005-03-01,54.599998474121094,55.55500030517578,54.10499954223633,55.20500183105469,39.449317932128906,4843720
2005-03-02,54.400001525878906,56.220001220703125,54.400001525878906,55.7400016784668,39.83163070678711,2709800
2005-03-03,55.810001373291016,56.189998626708984,55.60499954223633,55.75,39.838775634765625,1822280
2005-03-04,55.79999923706055,56.290000915527344,55.5,55.790000915527344,39.86735153198242,1245110
2005-03-07,56.5,56.7400016784668,54.80500030517578,55.16999816894531,39.424312591552734,1321050
2005-03-08,55.0,55.5,54.310001373291016,54.66999816894531,39.06700134277344,1034410
2005-03-09,54.900001525878906,55.189998626708984,53.099998474121094,54.0,38.58822250366211,2017880
2005-03-10,54.209999084472656,55.290000915527344,54.1150016784668,54.26499938964844,38.777591705322266,3061690
2005-03-11,54.40999984741211,55.70000076293945,53.70000076293945,53.939998626708984,38.545352935791016,1034450
2005-03-14,54.900001525878906,54.900001525878906,53.1150016784668,53.38999938964844,38.15232467651367,685480
2005-03-15,53.54499816894531,53.54499816894531,51.79999923706055,52.4900016784668,37.50918960571289,1511920
2005-03-16,52.599998474121094,53.29999923706055,52.20000076293945,52.474998474121094,37.498470306396484,726820
2005-03-17,52.0,53.189998626708984,51.70000076293945,52.05500030517578,37.198333740234375,1077500
2005-03-18,52.11000061035156,52.79999923706055,50.79999923706055,52.16999816894531,37.280513763427734,1256640
2005-03-21,52.0099983215332,52.5,51.70000076293945,52.290000915527344,37.366268157958984,619200
2005-03-22,52.099998474121094,52.63999938964844,50.15999984741211,51.810001373291016,37.02326583862305,1602000
2005-03-23,52.099998474121094,52.275001525878906,50.61000061035156,51.33000183105469,36.68025207519531,1205590
2005-03-24,51.5,51.79999923706055,50.6349983215332,50.880001068115234,36.35868453979492,1102040
2005-03-28,51.0099983215332,52.20000076293945,50.5,51.90999984741211,37.09471130371094,718160
2005-03-29,51.599998474121094,52.29999923706055,50.61000061035156,51.279998779296875,36.64452362060547,822310
2005-03-30,51.0,52.0,50.119998931884766,51.63999938964844,36.90177917480469,1301560
2005-03-31,52.099998474121094,53.1349983215332,51.60499954223633,52.25,37.33768844604492,3634690
2005-04-01,54.0,54.0,52.41999816894531,53.92499923706055,38.53462600708008,2115870
2005-04-04,53.099998474121094,53.89500045776367,52.54999923706055,53.15999984741211,37.98796081542969,1470570
2005-04-05,53.0,53.595001220703125,52.20000076293945,52.94499969482422,37.834320068359375,1509550
2005-04-06,52.654998779296875,53.900001525878906,52.400001525878906,53.32500076293945,38.10587692260742,317010
2005-04-07,53.400001525878906,53.69499969482422,52.849998474121094,52.939998626708984,37.83074951171875,391940
2005-04-08,53.29999923706055,53.595001220703125,52.720001220703125,52.880001068115234,37.78788375854492,534910
2005-04-11,52.900001525878906,52.900001525878906,52.099998474121094,52.45000076293945,37.4806022644043,321260
2005-04-12,52.400001525878906,52.584999084472656,52.20000076293945,52.3849983215332,37.43415451049805,405750
2005-04-13,52.599998474121094,52.61000061035156,51.814998626708984,52.029998779296875,37.18047332763672,491380
2005-04-15,52.029998779296875,52.029998779296875,50.0,51.01499938964844,36.45515060424805,1942770
2005-04-18,50.5,52.79999923706055,50.275001525878906,51.55500030517578,36.841041564941406,1821190
2005-04-19,51.79999923706055,52.689998626708984,51.130001068115234,51.47999954223633,36.78744125366211,1118620
2005-04-20,51.400001525878906,52.38999938964844,51.0,52.095001220703125,37.22692108154297,453710
2005-04-21,52.29499816894531,52.790000915527344,51.71500015258789,52.400001525878906,37.44487380981445,463160
2005-04-22,52.400001525878906,53.20000076293945,52.15999984741211,52.84000015258789,37.75929260253906,514180
2005-04-25,50.5,53.0,50.5,52.650001525878906,37.62351608276367,477610
2005-04-26,52.5,53.80500030517578,52.5,53.32500076293945,38.10587692260742,793140
2005-04-27,53.29999923706055,54.599998474121094,52.099998474121094,52.3849983215332,37.43415451049805,1999690
2005-04-28,52.334999084472656,52.584999084472656,51.79999923706055,52.060001373291016,37.201908111572266,2135750
2005-04-29,52.060001373291016,52.29999923706055,51.20000076293945,51.255001068115234,36.62665939331055,872330
2005-05-02,51.5,52.78499984741211,50.654998779296875,52.20000076293945,37.30194854736328,1246570
2005-05-03,52.060001373291016,53.439998626708984,52.060001373291016,53.150001525878906,37.98081970214844,1459290
2005-05-04,53.400001525878906,54.16999816894531,53.20000076293945,53.935001373291016,38.541770935058594,2269120
2005-05-05,54.400001525878906,54.8650016784668,54.01499938964844,54.21500015258789,38.74186325073242,2524080
2005-05-06,54.11000061035156,54.900001525878906,53.79999923706055,54.67499923706055,39.070579528808594,993590
2005-05-09,54.67499923706055,55.75,54.05500030517578,55.290000915527344,39.510066986083984,2348240
2005-05-10,54.90999984741211,55.75,54.79999923706055,55.39500045776367,39.58509063720703,1422780
2005-05-11,55.0,55.099998474121094,54.29999923706055,54.775001525878906,39.14204406738281,980610
2005-05-12,54.599998474121094,54.9900016784668,54.400001525878906,54.61000061035156,39.02413558959961,654650
2005-05-13,54.54999923706055,55.0,54.03499984741211,54.53499984741211,38.97053527832031,6766230
2005-05-16,54.5,54.900001525878906,54.2599983215332,54.40999984741211,38.8812141418457,516180
2005-05-17,54.790000915527344,54.98500061035156,53.01499938964844,53.34000015258789,38.11659240722656,560130
2005-05-18,53.005001068115234,53.45000076293945,52.5,52.994998931884766,37.87004852294922,1427000
2005-05-19,53.689998626708984,53.79999923706055,52.810001373291016,52.98500061035156,37.862918853759766,391950
2005-05-20,52.70000076293945,54.5,52.32500076293945,53.77000045776367,38.42388153076172,728900
2005-05-23,54.404998779296875,54.4900016784668,53.5,53.709999084472656,38.38098907470703,367310
2005-05-24,54.290000915527344,54.599998474121094,53.400001525878906,54.439998626708984,38.902652740478516,383980
2005-05-25,54.5,54.880001068115234,54.099998474121094,54.755001068115234,39.12775421142578,495380
2005-05-26,54.11000061035156,56.2400016784668,54.11000061035156,55.56999969482422,39.71014404296875,3329170
2005-05-27,56.0,56.540000915527344,55.599998474121094,55.849998474121094,39.91023254394531,2363670
2005-05-30,55.900001525878906,56.44499969482422,55.5,55.790000915527344,39.86735153198242,1183970
2005-05-31,55.20500183105469,57.689998626708984,55.20500183105469,57.2599983215332,40.91780090332031,2579340
2005-06-01,57.70000076293945,58.439998626708984,57.5,57.9900016784668,41.43946838378906,2307100
2005-06-02,57.125,59.5,57.125,59.1349983215332,42.25767517089844,3339760
2005-06-03,59.0099983215332,59.29999923706055,58.16999816894531,58.564998626708984,41.85036087036133,1799420
2005-06-06,58.40999984741211,59.38999938964844,58.400001525878906,58.744998931884766,41.9789924621582,1058020
2005-06-07,59.20000076293945,60.70000076293945,58.404998779296875,60.31999969482422,43.1044807434082,1898580
2005-06-08,60.29999923706055,61.0,59.53499984741211,59.845001220703125,42.76504135131836,2714010
2005-06-09,60.20000076293945,60.349998474121094,58.619998931884766,58.915000915527344,42.100467681884766,1525810
2005-06-10,59.20000076293945,59.70000076293945,57.83000183105469,58.255001068115234,41.62883758544922,1906430
2005-06-13,59.400001525878906,59.400001525878906,57.5,58.185001373291016,41.578819274902344,1071970
2005-06-14,58.900001525878906,59.0,58.005001068115234,58.709999084472656,41.95397186279297,1420140
2005-06-15,58.70000076293945,59.400001525878906,58.61000061035156,58.775001525878906,42.00041961669922,836170
2005-06-16,58.125,59.279998779296875,58.11000061035156,58.55500030517578,41.843223571777344,471470
2005-06-17,59.099998474121094,59.099998474121094,57.599998474121094,58.244998931884766,41.6216926574707,587210
2005-06-20,58.5,58.599998474121094,57.5,57.59000015258789,41.153629302978516,294930
2005-06-21,57.20000076293945,58.599998474121094,57.025001525878906,58.099998474121094,41.5180778503418,720900
2005-06-22,58.20000076293945,59.400001525878906,58.005001068115234,58.77000045776367,41.99684524536133,1895320
2005-06-23,58.654998779296875,59.650001525878906,58.54999923706055,59.369998931884766,42.425601959228516,1083510
2005-06-24,59.470001220703125,62.97999954223633,59.0,62.45500183105469,44.63015365600586,5783410
2005-06-27,62.5,64.33999633789062,62.0,63.8849983215332,45.652015686035156,4137960
2005-06-28,63.79999923706055,63.79999923706055,61.20000076293945,61.625,44.037025451660156,1981900
2005-06-29,61.0099983215332,62.4900016784668,60.5,61.685001373291016,44.07990264892578,2119590
2005-06-30,62.400001525878906,63.0,61.224998474121094,62.0099983215332,44.3121452331543,3085890
2005-07-01,62.099998474121094,64.0,61.70000076293945,63.73500061035156,45.54482650756836,1771420
2005-07-04,63.79999923706055,64.46499633789062,63.400001525878906,63.92499923706055,45.68060302734375,2025280
2005-07-05,63.70000076293945,63.900001525878906,62.29999923706055,63.17499923706055,45.1446533203125,853850
2005-07-06,63.17499923706055,63.5,62.90999984741211,63.099998474121094,45.091064453125,2105320
2005-07-07,62.20000076293945,63.79999923706055,62.20000076293945,62.96500015258789,44.99458312988281,1771160
2005-07-08,62.96500015258789,63.79999923706055,62.505001068115234,62.869998931884766,44.926700592041016,431490
2005-07-11,62.869998931884766,66.0,62.029998779296875,64.74500274658203,46.266571044921875,2443040
2005-07-12,65.4000015258789,65.4000015258789,63.70000076293945,64.5250015258789,46.1093635559082,1861580
2005-07-13,64.9000015258789,64.9000015258789,63.20000076293945,63.875,45.644874572753906,1342560
2005-07-14,63.775001525878906,65.9000015258789,63.0,63.810001373291016,45.598419189453125,1629600
2005-07-15,64.5,66.0,64.0,64.5999984741211,46.1629524230957,1661730
2005-07-18,65.18000030517578,68.30000305175781,64.0999984741211,67.20999908447266,48.028045654296875,2257770
2005-07-19,67.5,67.61000061035156,65.21499633789062,65.66000366210938,46.9204216003418,828090
2005-07-20,65.66000366210938,66.5,64.83000183105469,65.20999908447266,46.59885787963867,1034470
2005-07-21,64.5,64.88999938964844,63.709999084472656,64.01499938964844,46.44846725463867,609120
2005-07-22,64.38500213623047,66.98500061035156,64.1500015258789,66.73999786376953,48.425682067871094,2170410
2005-07-25,66.80000305175781,67.48999786376953,65.70999908447266,66.92500305175781,48.55990982055664,727180
2005-07-26,67.98999786376953,69.9000015258789,66.0999984741211,67.44999694824219,48.94084930419922,1125790
2005-07-27,66.4000015258789,67.4000015258789,65.5,67.0199966430664,48.62885284423828,268920
2005-07-28,67.0199966430664,67.0199966430664,67.0199966430664,67.0199966430664,48.62885284423828,0
2005-07-29,68.0,69.0,66.5,67.94000244140625,49.296390533447266,1669930
2005-08-01,68.0,68.80000305175781,66.76000213623047,68.44999694824219,49.66643142700195,868160
2005-08-02,68.5,69.44999694824219,67.61499786376953,69.20500183105469,50.21425247192383,615530
2005-08-03,69.79499816894531,70.30000305175781,67.11000061035156,69.76499938964844,50.62057876586914,1429130
2005-08-04,70.69999694824219,71.06999969482422,69.0999984741211,70.71499633789062,51.309898376464844,1528360
2005-08-05,70.0,72.1500015258789,70.0,71.71499633789062,52.035484313964844,1324130
2005-08-08,71.51000213623047,73.4800033569336,71.16000366210938,73.06500244140625,53.01502227783203,892860
2005-08-09,73.5,73.5,71.9000015258789,72.69999694824219,52.75018310546875,882460
2005-08-10,73.38999938964844,75.69999694824219,73.38999938964844,75.36499786376953,54.68386459350586,2958540
2005-08-11,75.69999694824219,82.16999816894531,75.5,80.36499786376953,58.31180953979492,7456430
2005-08-12,81.0,81.5,78.11000061035156,78.93000030517578,57.270599365234375,3904590
2005-08-16,79.50499725341797,81.4800033569336,78.5,80.56999969482422,58.460540771484375,4890050
2005-08-17,81.0,82.44999694824219,80.31999969482422,82.13999938964844,59.59973907470703,2468230
2005-08-18,83.0,86.0,82.5999984741211,83.4800033569336,60.57200622558594,2350430
2005-08-19,83.19999694824219,83.91000366210938,81.80500030517578,82.375,59.77024841308594,1214740
2005-08-22,82.3499984741211,82.8949966430664,81.0999984741211,81.44999694824219,59.09906768798828,907240
2005-08-23,81.80000305175781,81.80000305175781,79.80500030517578,80.0250015258789,58.06510925292969,758590
2005-08-24,80.0999984741211,80.75,78.5,80.1500015258789,58.15581512451172,3374230
2005-08-25,80.9000015258789,83.5,80.21499633789062,82.33999633789062,59.74484634399414,2119050
2005-08-26,82.5999984741211,84.0,81.70500183105469,81.96499633789062,59.47273635864258,1656660
2005-08-29,81.11000061035156,82.48500061035156,80.2249984741211,80.81500244140625,58.63833236694336,1149960
2005-08-30,80.5999984741211,81.9000015258789,80.5,80.80000305175781,58.62744903564453,1293240
2005-08-31,81.19999694824219,82.48500061035156,80.80000305175781,81.94000244140625,59.45461654663086,1151020
2005-09-01,82.27999877929688,82.5,81.0,82.01499938964844,59.509033203125,839940
2005-09-02,82.48999786376953,83.68499755859375,82.0,83.19999694824219,60.36884689331055,1061820
2005-09-05,82.11000061035156,84.375,82.11000061035156,82.87999725341797,60.136653900146484,1335960
2005-09-06,83.0999984741211,84.0,82.44999694824219,83.12000274658203,60.310791015625,494070
2005-09-08,83.69999694824219,85.03500366210938,83.3499984741211,84.66500091552734,61.431819915771484,1675810
2005-09-09,83.01000213623047,84.9000015258789,83.01000213623047,83.8499984741211,60.840484619140625,641260
2005-09-12,83.8499984741211,84.9000015258789,83.8499984741211,84.12000274658203,61.03638458251953,514600
2005-09-13,84.19999694824219,84.5,83.50499725341797,83.94000244140625,60.90578079223633,1392090
2005-09-14,83.84500122070312,85.26000213623047,83.69999694824219,84.5250015258789,61.33024597167969,1410850
2005-09-15,84.69999694824219,87.98999786376953,84.69999694824219,85.73999786376953,62.211830139160156,1439280
2005-09-16,86.5,86.9000015258789,85.1050033569336,85.63500213623047,62.13565444946289,1088050
2005-09-19,85.4000015258789,85.79499816894531,84.20999908447266,85.34500122070312,61.92522430419922,1213890
2005-09-20,85.5,86.30999755859375,84.6050033569336,84.94000244140625,61.631370544433594,1228380
2005-09-21,86.5,87.9000015258789,85.20999908447266,86.29499816894531,62.61455154418945,5968240
2005-09-22,87.0,87.48999786376953,84.50499725341797,84.91999816894531,61.61687088012695,2973820
2005-09-23,85.5,85.69999694824219,82.5,84.61000061035156,61.39192581176758,1447200
2005-09-26,85.4000015258789,87.0,85.0999984741211,86.56999969482422,62.81407165527344,1340750
2005-09-27,86.87999725341797,87.19999694824219,85.0,85.79499816894531,62.25174331665039,1500110
2005-09-28,86.4000015258789,86.49500274658203,85.0,85.26000213623047,61.863563537597656,1158590
2005-09-29,85.51000213623047,85.9800033569336,84.20999908447266,85.30500030517578,61.89622116088867,1372380
2005-09-30,84.5250015258789,86.19499969482422,83.2249984741211,84.0999984741211,61.021888732910156,686510
2005-10-03,85.0999984741211,85.0999984741211,83.8499984741211,84.4000015258789,61.23954772949219,763190
2005-10-04,85.88500213623047,86.5,84.30000305175781,85.20500183105469,61.82365036010742,5251190
2005-10-05,85.3949966430664,85.69999694824219,84.5,84.80000305175781,61.529788970947266,1139810
2005-10-06,84.0,84.88999938964844,83.5,83.7699966430664,60.782440185546875,839890
2005-10-07,84.19000244140625,85.33999633789062,82.5,83.26000213623047,60.41238021850586,732440
2005-10-10,83.97000122070312,83.97000122070312,82.0,82.19999694824219,59.64326858520508,520610
2005-10-11,82.19999694824219,82.79000091552734,80.63999938964844,81.26499938964844,58.964839935302734,1235560
2005-10-13,81.30000305175781,83.36000061035156,81.0,81.91000366210938,59.43284606933594,1028350
2005-10-14,82.30000305175781,82.69999694824219,79.5,79.80500030517578,57.905479431152344,1152240
2005-10-17,80.80000305175781,80.80000305175781,76.5999984741211,77.4749984741211,56.214874267578125,1602320
2005-10-18,78.0,78.0,74.55000305175781,76.76499938964844,55.69969177246094,2477230
2005-10-19,75.9800033569336,75.9800033569336,72.5999984741211,74.70500183105469,54.204978942871094,2215620
2005-10-20,74.88999938964844,78.30000305175781,72.5999984741211,74.09500122070312,53.76239013671875,1093570
2005-10-21,74.0999984741211,74.9000015258789,73.0,74.06999969482422,53.74424362182617,1181910
2005-10-24,74.0999984741211,80.5,73.69999694824219,73.80000305175781,53.5483283996582,1890740
2005-10-25,74.0999984741211,74.5999984741211,72.0,73.8499984741211,53.584590911865234,767820
2005-10-26,73.8499984741211,75.38999938964844,73.5,75.02999877929688,54.4407958984375,1151510
2005-10-27,75.19999694824219,77.0,71.00499725341797,72.18000030517578,52.372886657714844,1271660
2005-10-28,72.0,73.29000091552734,71.69999694824219,71.98999786376953,52.235015869140625,1880580
2005-10-31,72.5,75.0,72.0,74.69000244140625,54.1941032409668,768810
2005-11-02,75.79000091552734,78.30000305175781,74.125,77.9000015258789,56.52322769165039,975020
2005-11-04,77.9000015258789,77.9000015258789,77.9000015258789,77.9000015258789,56.52322769165039,0
2005-11-07,78.5,79.9000015258789,77.80000305175781,78.38999938964844,56.8787727355957,757270
2005-11-08,78.44999694824219,80.0,78.0999984741211,79.47000122070312,57.66240692138672,1158870
2005-11-09,79.52999877929688,81.0,79.5250015258789,80.03500366210938,58.072383880615234,1188400
2005-11-10,80.9000015258789,80.9000015258789,79.51000213623047,80.2300033569336,58.21385955810547,634510
2005-11-11,80.68499755859375,82.38999938964844,80.30000305175781,81.83000183105469,59.37479782104492,787640
2005-11-14,82.9000015258789,83.0,80.80000305175781,81.44499969482422,59.09543991088867,481950
2005-11-16,81.8949966430664,81.98999786376953,81.19999694824219,81.72000122070312,59.29497528076172,443730
2005-11-17,81.5,82.19999694824219,81.0,81.99500274658203,59.494510650634766,380270
2005-11-18,81.95999908447266,84.0999984741211,81.95999908447266,82.95999908447266,60.19470977783203,1317250
2005-11-21,83.8949966430664,83.9000015258789,82.51000213623047,83.2300033569336,60.390625,541410
2005-11-22,83.0,84.69499969482422,82.30000305175781,83.78500366210938,60.79330825805664,3048880
2005-11-23,82.73500061035156,86.08000183105469,82.73500061035156,85.71499633789062,62.193702697753906,2039570
2005-11-24,86.48999786376953,87.80000305175781,85.80000305175781,87.375,63.3981819152832,2834240
2005-11-25,87.69999694824219,87.8499984741211,86.51000213623047,86.8550033569336,63.0208625793457,998770
2005-11-28,88.18499755859375,88.80999755859375,87.19999694824219,88.28500366210938,64.0584716796875,1630840
2005-11-29,88.30000305175781,89.5,86.0250015258789,88.47000122070312,64.19270324707031,1540950
2005-11-30,89.4000015258789,90.5,86.05000305175781,87.1050033569336,63.2022705078125,2787940
2005-12-01,88.5,88.5,80.55500030517578,88.05000305175781,63.887939453125,753240
2005-12-02,88.80000305175781,89.4000015258789,87.51000213623047,88.48500061035156,64.20358276367188,923700
2005-12-05,88.5,88.9749984741211,87.01000213623047,88.0999984741211,63.92422866821289,831280
2005-12-06,87.20999908447266,91.69000244140625,87.20999908447266,90.45500183105469,65.63297271728516,2141490
2005-12-07,91.0,93.13500213623047,90.80000305175781,91.50499725341797,66.39483642578125,3183640
2005-12-08,92.0,92.88500213623047,90.5,90.94999694824219,65.99214172363281,1560910
2005-12-09,91.98500061035156,92.19999694824219,90.76000213623047,91.7699966430664,66.5871353149414,1465660
2005-12-12,93.48999786376953,93.48999786376953,91.5,91.76499938964844,66.58348846435547,2077630
2005-12-13,91.96499633789062,92.75,90.11000061035156,92.6500015258789,67.22563934326172,3013890
2005-12-14,92.9800033569336,95.0999984741211,91.5999984741211,93.9000015258789,68.13262176513672,3168260
2005-12-15,94.0999984741211,94.80000305175781,92.0199966430664,92.56999969482422,67.16761016845703,1499860
2005-12-16,92.5,95.0999984741211,91.0999984741211,94.72000122070312,68.72760772705078,3793680
2005-12-19,95.5,96.87999725341797,94.50499725341797,94.92500305175781,68.87635803222656,2278720
2005-12-20,95.38999938964844,95.69999694824219,93.9000015258789,94.23500061035156,68.37569427490234,876550
2005-12-21,94.9000015258789,95.29000091552734,93.0,93.78500366210938,68.04917907714844,921760
2005-12-22,93.78500366210938,94.38500213623047,92.55999755859375,92.8550033569336,67.37439727783203,855100
2005-12-23,93.0,94.83999633789062,92.69999694824219,93.33000183105469,67.71903228759766,900860
2005-12-26,93.19499969482422,93.58999633789062,91.00499725341797,91.80999755859375,66.61614990234375,747010
2005-12-27,91.5,94.3499984741211,91.01499938964844,94.06999969482422,68.25599670410156,626760
2005-12-28,94.0,94.48999786376953,92.12999725341797,92.56999969482422,67.16761016845703,435980
2005-12-29,93.48999786376953,94.30000305175781,92.80000305175781,93.6050033569336,67.9185791015625,1290050
2005-12-30,93.80000305175781,95.5,93.30500030517578,94.91999816894531,68.87271881103516,903000
2006-01-02,95.5,95.5,93.125,94.5,68.5679702758789,1274400
2006-01-03,95.18499755859375,96.0,94.5,95.53500366210938,69.31897735595703,540030
2006-01-04,96.0,97.05000305175781,95.0999984741211,95.68000030517578,69.42417907714844,823680
2006-01-05,95.77999877929688,96.19999694824219,94.8499984741211,95.1050033569336,69.0069808959961,513420
2006-01-06,95.19999694824219,97.0,94.0999984741211,94.5250015258789,68.58611297607422,472140
2006-01-09,95.0999984741211,96.9000015258789,94.0,95.37999725341797,69.20649719238281,1104770
2006-01-10,96.0,96.3949966430664,94.5,94.92500305175781,68.87635803222656,806550
2006-01-12,90.16000366210938,95.0,90.16000366210938,94.4800033569336,68.55349731445312,705210
2006-01-13,94.5,95.47000122070312,94.00499725341797,94.48999786376953,68.56073760986328,392330
2006-01-16,94.38500213623047,95.49500274658203,93.2249984741211,94.5250015258789,68.58611297607422,526300
2006-01-17,95.0,95.3949966430664,92.5199966430664,93.01499938964844,67.49048614501953,681530
2006-01-18,92.80000305175781,93.19999694824219,91.0,92.95500183105469,67.44695281982422,667090
2006-01-19,93.0999984741211,94.5,93.0999984741211,94.08000183105469,68.26325225830078,289450
2006-01-20,94.0999984741211,94.8949966430664,93.30999755859375,93.73500061035156,68.01289367675781,294490
2006-01-23,93.69499969482422,94.30000305175781,92.5199966430664,93.29000091552734,67.69003295898438,517820
2006-01-24,93.41000366210938,94.9749984741211,93.41000366210938,94.32499694824219,68.44099426269531,377860
2006-01-25,94.0,94.98500061035156,92.0,93.05999755859375,67.52313995361328,1272240
2006-01-27,96.5,96.5,93.19999694824219,95.01499938964844,68.94165802001953,1663570
2006-01-30,95.9000015258789,95.96499633789062,94.00499725341797,94.51000213623047,68.57524108886719,462880
2006-01-31,95.0,95.0,92.5,93.20999908447266,67.6319580078125,1372820
2006-02-01,93.5199966430664,94.0,90.65499877929688,91.17500305175781,66.15540313720703,1118230
2006-02-02,92.0,92.0,88.0,89.125,64.6679458618164,1079550
2006-02-03,89.4000015258789,89.4000015258789,87.44999694824219,87.88999938964844,63.771854400634766,1318260
2006-02-06,88.19999694824219,91.98999786376953,87.31999969482422,87.9800033569336,63.83717727661133,5252980
2006-02-07,88.99500274658203,91.0,88.86000061035156,90.48999786376953,65.65837860107422,2680730
2006-02-08,90.48999786376953,93.47000122070312,90.0999984741211,92.91500091552734,67.41792297363281,2154160
2006-02-10,92.91500091552734,94.05500030517578,92.0,92.375,67.026123046875,2218650
2006-02-13,93.5,100.9000015258789,90.4000015258789,98.93499755859375,71.78596496582031,9124480
2006-02-14,101.5,107.80000305175781,99.12000274658203,99.99500274658203,72.55509185791016,14294580
2006-02-15,101.19999694824219,102.0,96.5,100.81500244140625,73.15006256103516,11878750
2006-02-16,101.0,101.0,94.01499938964844,95.25,69.1121826171875,9752520
2006-02-17,95.86499786376953,96.1500015258789,91.41999816894531,92.20999908447266,66.90638732910156,7903000
2006-02-20,92.0,94.9000015258789,88.15499877929688,94.02999877929688,68.22696685791016,5181800
2006-02-21,94.49500274658203,96.69999694824219,92.22000122070312,92.68000030517578,67.24740600585938,5360260
2006-02-22,92.80000305175781,94.0,91.0999984741211,91.48999786376953,66.38396453857422,4092330
2006-02-23,91.99500274658203,93.49500274658203,90.61499786376953,91.61499786376953,66.47465515136719,4698480
2006-02-24,92.5,93.5999984741211,92.19999694824219,92.6449966430664,67.2220230102539,2545800
2006-02-27,93.26000213623047,93.26000213623047,91.5999984741211,92.51000213623047,67.12406921386719,3304010
2006-02-28,93.13999938964844,94.80000305175781,91.20999908447266,92.94499969482422,67.43968963623047,11267180
2006-03-01,93.43000030517578,93.43000030517578,92.0999984741211,92.7699966430664,67.31271362304688,9054560
2006-03-02,93.0999984741211,93.5,91.05000305175781,91.44999694824219,66.35494232177734,7144730
2006-03-03,91.875,92.30000305175781,90.80000305175781,91.19000244140625,66.16629791259766,4364510
2006-03-06,91.66999816894531,93.47000122070312,91.30000305175781,92.45500183105469,67.08415985107422,4263320
2006-03-07,92.4000015258789,93.5,90.91000366210938,91.98500061035156,66.7431411743164,4623650
2006-03-08,92.87999725341797,92.87999725341797,90.6050033569336,91.11000061035156,66.10823059082031,5443100
2006-03-09,91.80000305175781,91.80000305175781,88.04000091552734,88.91999816894531,64.51921081542969,3142680
2006-03-10,89.94000244140625,92.0,89.125,90.1449966430664,65.40805053710938,4221430
2006-03-13,91.4000015258789,91.4000015258789,88.81500244140625,89.05000305175781,64.613525390625,3577990
2006-03-14,89.0999984741211,89.69000244140625,87.69999694824219,88.19499969482422,63.99314880371094,1568100
2006-03-16,88.5999984741211,88.9000015258789,86.72000122070312,87.0999984741211,63.198638916015625,3108100
2006-03-17,87.0999984741211,89.5999984741211,86.22000122070312,86.82499694824219,62.999080657958984,7162980
2006-03-20,88.30000305175781,88.30000305175781,87.01000213623047,87.24500274658203,63.30384826660156,1653440
2006-03-21,88.0,88.5999984741211,86.54000091552734,87.01000213623047,63.13333511352539,1940880
2006-03-22,87.11000061035156,87.30000305175781,85.87999725341797,86.82499694824219,62.999080657958984,2086970
2006-03-23,87.49500274658203,87.49500274658203,86.25,87.09500122070312,63.19502258300781,1917340
2006-03-24,86.4000015258789,88.80000305175781,86.4000015258789,88.44999694824219,64.17818450927734,1965050
2006-03-27,88.94999694824219,89.5,88.0,88.41500091552734,64.15279388427734,1426100
2006-03-28,88.4000015258789,89.0,87.04000091552734,88.26499938964844,64.04396057128906,2280700
2006-03-29,88.4000015258789,88.99500274658203,86.8949966430664,87.22000122070312,63.28570556640625,1762310
2006-03-30,87.4000015258789,88.3499984741211,85.4000015258789,85.80000305175781,62.255374908447266,7113210
2006-03-31,86.9000015258789,88.05000305175781,86.0999984741211,86.69000244140625,62.90114974975586,2615290
2006-04-03,87.5,88.1500015258789,86.80500030517578,87.0,63.12606430053711,3925720
2006-04-04,87.4000015258789,88.0,86.0999984741211,86.66000366210938,62.87937545776367,2676060
2006-04-05,87.13999938964844,91.25,86.69999694824219,90.48999786376953,65.65837860107422,10337610
2006-04-07,91.29000091552734,92.0,87.20999908447266,87.68499755859375,63.62310791015625,3271480
2006-04-10,88.0999984741211,88.19999694824219,86.80000305175781,87.43499755859375,63.441707611083984,1138430
2006-04-12,87.57499694824219,89.69999694824219,85.12999725341797,86.15499877929688,62.512943267822266,1080470
2006-04-13,85.69999694824219,86.5,81.5999984741211,83.78500366210938,60.79330825805664,2441510
2006-04-17,84.11000061035156,84.79499816894531,82.5,84.56500244140625,61.35926818847656,2010780
2006-04-18,86.19999694824219,87.5199966430664,84.5999984741211,86.15499877929688,62.512943267822266,2103450
2006-04-19,86.98500061035156,88.24500274658203,85.2249984741211,86.20500183105469,62.54924774169922,1779170
2006-04-20,86.5999984741211,87.88999938964844,86.0999984741211,86.30999755859375,62.62541961669922,1162480
2006-04-21,86.2750015258789,86.88999938964844,84.59500122070312,85.2750015258789,61.87445068359375,1543100
2006-04-24,83.0,85.48999786376953,83.0,84.7750015258789,61.511653900146484,822780
2006-04-25,84.5,84.5,81.86499786376953,82.20999908447266,59.650516510009766,1148740
2006-04-26,82.0,84.05000305175781,81.61000061035156,83.71499633789062,60.742523193359375,2281300
2006-04-27,84.4800033569336,85.0,81.53500366210938,82.2300033569336,59.66503143310547,3238390
2006-04-28,80.5,83.77999877929688,72.5999984741211,83.33499908447266,60.46678161621094,1944280
2006-05-02,84.01000213623047,87.77999877929688,82.5,86.6050033569336,62.8394660949707,3649250
2006-05-03,87.44000244140625,87.44000244140625,85.5,86.0199966430664,62.415000915527344,2297240
2006-05-04,86.75,86.75,84.0,84.5250015258789,61.33024597167969,653000
2006-05-05,84.625,85.78500366210938,83.5,83.79000091552734,60.79695129394531,1572890
2006-05-08,84.5,84.9000015258789,84.0,84.3499984741211,61.203269958496094,1143490
2006-05-09,84.9800033569336,87.16999816894531,83.5999984741211,86.6449966430664,62.86848068237305,2781140
2006-05-10,87.49500274658203,88.4800033569336,85.5999984741211,86.26000213623047,62.58913803100586,3731520
2006-05-11,85.30999755859375,87.02999877929688,84.70999908447266,85.21499633789062,61.830909729003906,1139390
2006-05-12,84.0,85.9800033569336,83.62000274658203,84.30999755859375,61.17424392700195,678540
2006-05-15,85.0,85.0,81.5,82.6500015258789,59.96977996826172,1545070
2006-05-16,82.19999694824219,83.19999694824219,75.80000305175781,81.62999725341797,59.22968292236328,3004500
2006-05-17,82.86000061035156,84.69999694824219,82.3499984741211,83.00499725341797,60.22736358642578,1801450
2006-05-18,82.61000061035156,83.0,75.80000305175781,77.1050033569336,55.9463996887207,2655810
2006-05-19,79.5999984741211,79.95999908447266,65.5,70.21499633789062,50.94709777832031,4243940
2006-05-22,70.21499633789062,73.0,56.5,64.66500091552734,46.92008972167969,6039900
2006-05-23,64.9000015258789,70.4000015258789,60.125,68.0199966430664,49.35442352294922,2507670
2006-05-24,68.5,71.69999694824219,65.6500015258789,70.16999816894531,50.91444778442383,3567200
2006-05-25,67.5250015258789,79.0,67.00499725341797,71.53500366210938,51.90487289428711,4041530
2006-05-26,72.0,76.49500274658203,72.0,74.80999755859375,54.28117370605469,2392480
2006-05-29,74.5,78.49500274658203,74.5,75.16500091552734,54.538753509521484,1776770
2006-05-30,75.4000015258789,76.47000122070312,71.51000213623047,72.79000091552734,52.81549072265625,1138280
2006-05-31,72.69999694824219,73.1500015258789,66.5999984741211,71.625,51.97019577026367,1506140
2006-06-01,73.19999694824219,74.79499816894531,67.61000061035156,68.70999908447266,49.8550910949707,1061360
2006-06-02,68.70999908447266,72.0,67.4000015258789,71.6500015258789,51.988319396972656,1177380
2006-06-05,73.30000305175781,73.30000305175781,66.50499725341797,67.25499725341797,48.79935836791992,1006430
2006-06-06,67.5,67.5,63.20000076293945,63.58000183105469,46.132835388183594,1499780
2006-06-07,62.5,66.4000015258789,60.349998474121094,64.91999816894531,47.1051139831543,2546380
2006-06-08,65.0,66.5,62.5099983215332,64.01000213623047,46.444828033447266,4114070
2006-06-09,64.19999694824219,69.5,63.25,68.87000274658203,49.971187591552734,1668590
2006-06-12,65.02999877929688,69.5,64.20500183105469,65.2750015258789,47.36269760131836,1277350
2006-06-13,64.19999694824219,64.19999694824219,61.61000061035156,62.584999084472656,45.41086959838867,1789380
2006-06-14,62.900001525878906,66.88500213623047,55.53499984741211,57.72999954223633,41.88814926147461,1484140
2006-06-15,60.0,63.974998474121094,58.0,63.15999984741211,45.82808303833008,1429520
2006-06-16,63.15999984741211,67.69999694824219,63.15999984741211,66.56500244140625,48.298709869384766,1619800
2006-06-19,66.69999694824219,70.5,65.42500305175781,69.96499633789062,50.76569747924805,1512850
2006-06-20,68.6500015258789,70.47000122070312,66.69999694824219,69.31999969482422,50.29770278930664,1313940
2006-06-21,67.5,70.69999694824219,67.11000061035156,70.26000213623047,50.97975158691406,992130
2006-06-22,70.98999786376953,72.41000366210938,70.98999786376953,71.68499755859375,52.01371383666992,1229790
2006-06-23,70.5,75.9000015258789,69.80000305175781,75.4800033569336,54.767311096191406,1750700
2006-06-26,77.0,78.5999984741211,74.5,75.31999969482422,54.65122604370117,2407510
2006-06-27,76.30999755859375,76.30999755859375,72.80000305175781,75.00499725341797,54.422672271728516,4656000
2006-06-28,73.0999984741211,75.69999694824219,73.0999984741211,74.79499816894531,54.270286560058594,1973410
2006-06-29,75.5,76.8499984741211,73.0,74.5,54.05624008178711,2240230
2006-06-30,76.5999984741211,77.3949966430664,75.5999984741211,76.58999633789062,55.57271194458008,1356780
2006-07-03,75.00499725341797,77.30000305175781,75.00499725341797,75.7249984741211,54.94508743286133,495290
2006-07-04,76.0,77.0,75.40499877929688,76.30999755859375,55.36954879760742,742510
2006-07-05,75.0,77.9000015258789,74.61499786376953,76.73500061035156,55.67793273925781,1166190
2006-07-06,76.9000015258789,78.0999984741211,74.80000305175781,75.45500183105469,54.749176025390625,488220
2006-07-07,76.44000244140625,78.5,75.5,76.19999694824219,55.28974151611328,2351580
2006-07-10,77.9000015258789,77.9000015258789,74.83000183105469,76.0199966430664,55.159122467041016,667390
2006-07-11,76.0,76.99500274658203,73.87999725341797,74.38999938964844,53.97641372680664,433440
2006-07-12,72.9000015258789,75.5,71.0999984741211,73.95500183105469,53.66080856323242,1152600
2006-07-13,73.5,74.94999694824219,71.30500030517578,72.05999755859375,52.285804748535156,1293310
2006-07-14,72.0999984741211,73.0999984741211,70.50499725341797,72.69000244140625,52.742919921875,1738180
2006-07-17,71.5,72.9000015258789,69.69999694824219,70.6050033569336,51.23008346557617,1037690
2006-07-18,70.5,73.55000305175781,70.5,72.5,52.60506820678711,744270
2006-07-19,74.5,74.5,70.01000213623047,70.58000183105469,51.211936950683594,784760
2006-07-20,72.5,75.0,71.5199966430664,74.59500122070312,54.12517166137695,1214440
2006-07-21,73.5,73.5,70.50499725341797,72.56500244140625,53.502349853515625,618150
2006-07-24,71.5,74.30000305175781,70.30000305175781,73.99500274658203,54.55670166015625,586220
2006-07-25,74.0,74.5,72.5,73.46499633789062,54.165916442871094,442130
2006-07-26,73.94999694824219,75.88999938964844,73.20500183105469,75.3550033569336,55.55943298339844,1117950
2006-07-27,75.5999984741211,80.0,75.5999984741211,79.16999816894531,58.37222671508789,4524580
2006-07-28,79.79000091552734,81.69999694824219,78.1500015258789,81.07499694824219,59.776798248291016,2043420
2006-07-31,82.0,84.19999694824219,82.0,83.30000305175781,61.41729736328125,1541320
2006-08-01,82.11000061035156,83.80000305175781,80.5,82.70999908447266,60.982276916503906,1402180
2006-08-02,82.0999984741211,85.0999984741211,82.0999984741211,84.79499816894531,62.519554138183594,1442980
2006-08-03,82.0999984741211,85.4000015258789,82.0999984741211,83.57499694824219,61.62004470825195,1562910
2006-08-04,83.80000305175781,84.5,81.0,81.5199966430664,60.10490036010742,1629470
2006-08-07,81.30000305175781,83.92500305175781,80.26499938964844,83.36000061035156,61.461524963378906,1163910
2006-08-08,84.19999694824219,84.5999984741211,82.0,83.06500244140625,61.2440299987793,2348410
2006-08-09,83.4000015258789,85.17500305175781,83.0999984741211,84.79499816894531,62.519554138183594,2646250
2006-08-10,84.9000015258789,87.5,84.80000305175781,87.33499908447266,64.39229583740234,2425640
2006-08-11,88.0,89.5,86.0,86.80999755859375,64.00523376464844,2191690
2006-08-14,86.51000213623047,87.9000015258789,86.30000305175781,86.92500305175781,64.09001922607422,1203560
2006-08-16,87.0,88.4800033569336,85.1500015258789,85.63500213623047,63.13889694213867,2908090
2006-08-17,86.0,86.5,83.63999938964844,84.125,62.02556228637695,3685120
2006-08-18,84.5,85.19999694824219,83.9000015258789,84.4800033569336,62.28730773925781,1396230
2006-08-21,84.94999694824219,85.0999984741211,83.5,84.57499694824219,62.357364654541016,2149380
2006-08-22,80.52999877929688,87.0,80.52999877929688,84.5999984741211,62.37577438354492,1670470
2006-08-23,84.4000015258789,84.59500122070312,82.0,82.81500244140625,61.059715270996094,1053950
2006-08-24,85.0,98.9000015258789,82.80000305175781,83.22000122070312,61.35830307006836,10029090
2006-08-25,83.4000015258789,85.0,82.125,82.94000244140625,61.15186309814453,3750240
2006-08-28,83.5,84.44499969482422,83.0,83.7300033569336,61.73434066772461,3877830
2006-08-29,84.38999938964844,84.4000015258789,82.75,82.91999816894531,61.1370964050293,3199970
2006-08-30,82.5999984741211,83.69999694824219,81.55000305175781,82.1449966430664,60.56570816040039,2857000
2006-08-31,82.9000015258789,82.9000015258789,79.46499633789062,79.91999816894531,58.92521667480469,6258850
2006-09-01,80.69999694824219,82.18499755859375,80.00499725341797,81.87000274658203,60.36294937133789,2891700
2006-09-04,82.5,82.5,79.50499725341797,79.7249984741211,58.78142547607422,8227340
2006-09-05,80.4000015258789,80.9000015258789,79.30000305175781,79.69999694824219,58.763004302978516,6708690
2006-09-06,80.5999984741211,82.08000183105469,80.0,81.77999877929688,60.29658508300781,8065910
2006-09-07,82.0,82.5,80.26000213623047,80.53500366210938,59.3786735534668,6624860
2006-09-08,80.98999786376953,81.20999908447266,80.30000305175781,80.45500183105469,59.31965637207031,5572640
2006-09-11,80.97000122070312,81.0,74.91000366210938,75.6500015258789,55.77692413330078,6783950
2006-09-12,79.5,79.5,73.92500305175781,75.48999786376953,55.658966064453125,4941830
2006-09-13,76.16999816894531,77.0,75.73500061035156,76.0999984741211,56.10871887207031,4364040
2006-09-14,77.0,79.0,76.41000366210938,76.70500183105469,56.554779052734375,2353940
2006-09-15,76.94999694824219,77.44999694824219,75.69999694824219,76.38500213623047,56.318843841552734,1967410
2006-09-18,76.79000091552734,77.0999984741211,75.42500305175781,75.83000183105469,55.909645080566406,2394680
2006-09-19,76.30000305175781,76.4000015258789,74.19999694824219,74.80999755859375,55.157596588134766,2891580
2006-09-20,75.19999694824219,77.59500122070312,74.0,75.16999816894531,55.42302322387695,2348330
2006-09-21,75.16999816894531,76.0,74.4000015258789,75.01499938964844,55.308738708496094,2248760
2006-09-22,75.0,75.375,73.91999816894531,74.2300033569336,54.729949951171875,2836880
2006-09-25,75.5,75.5,74.0999984741211,74.56500244140625,54.97696304321289,1623580
2006-09-26,74.5999984741211,75.0,74.0199966430664,74.26000213623047,54.75208282470703,1182000
2006-09-27,74.9000015258789,75.19000244140625,73.77999877929688,73.95500183105469,54.52720260620117,1330220
2006-09-28,74.0,74.38999938964844,73.0,73.66000366210938,54.3097038269043,4441150
2006-09-29,74.80000305175781,75.8499984741211,73.9749984741211,75.02999877929688,55.319801330566406,2048460
2006-10-03,75.19999694824219,75.83000183105469,74.52999877929688,74.90499877929688,55.22763442993164,1133010
2006-10-04,75.69999694824219,75.69999694824219,73.5,73.7300033569336,54.361305236816406,1090350
2006-10-05,74.5,74.98999786376953,73.30000305175781,73.69499969482422,54.33549880981445,2886390
2006-10-06,74.875,74.98999786376953,73.31999969482422,73.49500274658203,54.18804931640625,2617420
2006-10-09,74.88999938964844,74.88999938964844,72.90499877929688,73.20500183105469,53.97422409057617,2473760
2006-10-10,73.9000015258789,74.4000015258789,73.19999694824219,73.84500122070312,54.44610595703125,2795810
2006-10-11,74.0,75.18000030517578,72.80000305175781,72.98500061035156,53.81201171875,2341340
2006-10-12,73.0199966430664,74.9000015258789,73.0,74.48999786376953,54.92165756225586,3113650
2006-10-13,75.4000015258789,75.4000015258789,74.05000305175781,74.95500183105469,55.26449966430664,1358100
2006-10-16,75.4000015258789,75.99500274658203,75.1050033569336,75.62000274658203,55.75480270385742,4155950
2006-10-17,75.82499694824219,76.0,74.70999908447266,75.83000183105469,55.909645080566406,1586740
2006-10-18,75.59500122070312,76.58999633789062,75.5,76.13999938964844,56.13821029663086,2237060
2006-10-19,76.30000305175781,76.4800033569336,74.5999984741211,74.87000274658203,55.20183563232422,793930
2006-10-20,74.80000305175781,76.19999694824219,74.80000305175781,75.13999938964844,55.40090560913086,930490
2006-10-23,76.49500274658203,76.49500274658203,75.12000274658203,75.4000015258789,55.59259796142578,507560
2006-10-26,75.5,75.79499816894531,73.80000305175781,74.33999633789062,54.81105041503906,4273290
2006-10-27,75.48500061035156,75.58999633789062,74.62000274658203,75.17500305175781,55.42671203613281,3650290
2006-10-30,75.5,75.9000015258789,74.61000061035156,75.23999786376953,55.47462844848633,715960
2006-10-31,75.69999694824219,77.79499816894531,73.5,76.57499694824219,56.45894241333008,2844850
2006-11-01,77.5,77.83999633789062,75.70999908447266,75.97000122070312,56.01286697387695,1821370
2006-11-02,76.03500366210938,76.75,74.02999877929688,75.76499938964844,55.861717224121094,1134180
2006-11-03,75.51000213623047,76.19999694824219,74.5,74.65499877929688,55.043304443359375,1138120
2006-11-06,75.3949966430664,75.3949966430664,73.8499984741211,74.18000030517578,54.69310760498047,3059850
2006-11-07,74.9800033569336,75.30000305175781,73.0,73.43499755859375,54.143798828125,2667340
2006-11-08,73.5,74.37999725341797,73.00499725341797,73.33499908447266,54.07007598876953,3048230
2006-11-09,73.80000305175781,74.4800033569336,73.30500030517578,73.78500366210938,54.40185546875,1530840
2006-11-10,73.75,74.0,73.5,73.6500015258789,54.30232238769531,1597440
2006-11-13,73.6500015258789,73.98999786376953,73.38999938964844,73.66999816894531,54.31705856323242,1012080
2006-11-14,73.9000015258789,74.75,73.4000015258789,74.38500213623047,54.84424591064453,1472460
2006-11-15,75.0,75.19999694824219,73.50499725341797,73.68499755859375,54.328128814697266,1834470
2006-11-16,74.0,74.05999755859375,72.80000305175781,72.94999694824219,53.78620147705078,2010100
2006-11-17,73.5,73.5,70.55000305175781,70.91000366210938,52.2821159362793,1771530
2006-11-20,70.91000366210938,70.91000366210938,69.51000213623047,70.06999969482422,51.662776947021484,1981870
2006-11-21,70.0999984741211,71.5999984741211,69.91000366210938,70.38500213623047,51.89502716064453,3604090
2006-11-22,71.47000122070312,72.27999877929688,71.0999984741211,71.67500305175781,52.846153259277344,1342490
2006-11-23,72.48999786376953,73.69000244140625,71.9000015258789,73.20999908447266,53.9779052734375,2409070
2006-11-24,73.19000244140625,74.19999694824219,72.0,73.66500091552734,54.31338882446289,1058180
2006-11-27,73.88999938964844,74.19999694824219,73.6500015258789,73.7300033569336,54.361305236816406,604600
2006-11-28,73.4000015258789,74.22000122070312,72.0,74.01000213623047,54.5677604675293,1243000
2006-11-29,74.3949966430664,74.3949966430664,73.0999984741211,73.56999969482422,54.243343353271484,724060
2006-11-30,73.56999969482422,74.08999633789062,71.0,71.75499725341797,52.90513229370117,3977050
2006-12-01,72.87999725341797,72.98999786376953,72.00499725341797,72.6449966430664,53.561344146728516,577370
2006-12-04,72.98999786376953,75.9000015258789,72.51000213623047,75.40499877929688,55.596282958984375,2541670
2006-12-05,76.0999984741211,76.69999694824219,74.51499938964844,74.88500213623047,55.2129020690918,1809520
2006-12-06,75.08499908447266,75.67500305175781,74.23999786376953,75.1500015258789,55.40827941894531,1604700
2006-12-07,75.20500183105469,75.9000015258789,74.90499877929688,75.62999725341797,55.76218032836914,971410
2006-12-08,75.38999938964844,75.38999938964844,74.3499984741211,74.9749984741211,55.279239654541016,744080
2006-12-11,74.98500061035156,74.98500061035156,72.5,72.81999969482422,53.69035339355469,948260
2006-12-12,72.5,73.16999816894531,67.5,69.51000213623047,51.24989318847656,2154120
2006-12-13,69.51000213623047,70.5,67.5999984741211,69.61499786376953,51.32731246948242,689400
2006-12-14,69.61499786376953,71.55000305175781,69.61499786376953,71.03500366210938,52.3742790222168,1125820
2006-12-15,71.5,72.4000015258789,71.4000015258789,71.66500091552734,52.83878707885742,546810
2006-12-18,71.80000305175781,72.0999984741211,70.4000015258789,71.20500183105469,52.4996223449707,1141880
2006-12-19,71.8499984741211,71.8499984741211,70.19999694824219,71.26000213623047,52.5401611328125,856930
2006-12-20,71.5,72.4000015258789,69.9000015258789,70.47000122070312,51.95770263671875,1690630
2006-12-21,71.0999984741211,72.0,69.0250015258789,71.63999938964844,52.82034683227539,1069330
2006-12-22,71.9000015258789,72.0,70.80500030517578,71.37000274658203,52.62126541137695,1255420
2006-12-26,71.49500274658203,71.69999694824219,71.0,71.48999786376953,52.709739685058594,663440
2006-12-27,71.19999694824219,72.08999633789062,71.19999694824219,71.53500366210938,52.742919921875,488280
2006-12-28,72.0,73.37999725341797,71.19999694824219,72.83999633789062,53.70511245727539,2205220
2006-12-29,73.49500274658203,83.00499725341797,71.82499694824219,72.125,53.17793273925781,1988280
2007-01-02,72.5,72.80000305175781,71.61000061035156,71.73999786376953,52.89408874511719,535880
2007-01-03,72.4000015258789,72.69000244140625,71.4000015258789,71.63999938964844,52.82034683227539,1625510
2007-01-04,72.0,72.19000244140625,71.0999984741211,71.62000274658203,52.805606842041016,480360
2007-01-05,71.01000213623047,72.5,71.01000213623047,72.28500366210938,53.2958984375,832920
2007-01-08,73.0,73.0,71.19999694824219,71.70500183105469,52.86827087402344,840380
2007-01-09,71.04000091552734,73.20999908447266,71.04000091552734,72.59500122070312,53.52447509765625,1587290
2007-01-10,72.75,73.27999877929688,72.0,72.37999725341797,53.36594009399414,1359200
2007-01-11,72.5,72.69499969482422,71.4000015258789,72.40499877929688,53.3843879699707,480140
2007-01-12,72.98500061035156,73.69999694824219,72.31999969482422,72.69000244140625,53.59451675415039,683470
2007-01-15,73.4000015258789,73.4000015258789,72.70999908447266,72.8949966430664,53.74565505981445,206330
2007-01-16,72.9000015258789,73.5999984741211,72.16999816894531,72.90499877929688,53.75302505493164,239700
2007-01-17,72.02999877929688,73.1050033569336,72.02999877929688,72.79499816894531,53.67193603515625,608390
2007-01-18,72.9000015258789,73.18499755859375,72.51000213623047,72.98999786376953,53.815696716308594,293710
2007-01-19,72.06999969482422,73.30000305175781,72.06999969482422,72.4749984741211,53.43598937988281,224510
2007-01-22,72.4749984741211,73.5999984741211,71.75,72.91500091552734,53.76040267944336,535640
2007-01-23,71.02999877929688,73.5999984741211,71.02999877929688,72.52999877929688,53.47653579711914,238600
2007-01-24,71.80500030517578,73.0,71.80500030517578,72.875,53.73090362548828,185970
2007-01-25,72.19999694824219,73.19499969482422,71.1050033569336,71.67500305175781,52.846153259277344,2229400
2007-01-29,72.0,73.0,71.44999694824219,71.56999969482422,52.76873779296875,835670
2007-01-31,71.5,72.9000015258789,71.02999877929688,71.3550033569336,52.610206604003906,330430
2007-02-01,71.53500366210938,73.04000091552734,71.5,72.55999755859375,53.4986572265625,1085030
2007-02-02,73.19999694824219,73.4000015258789,71.61499786376953,72.2249984741211,53.25165939331055,885260
2007-02-05,71.50499725341797,72.58999633789062,71.50499725341797,72.12000274658203,53.174259185791016,272190
2007-02-06,71.4000015258789,72.83999633789062,71.19999694824219,71.54000091552734,52.746612548828125,424290
2007-02-07,71.5,71.5,70.2249984741211,70.51000213623047,51.987186431884766,1869580
2007-02-08,70.01000213623047,70.5,69.0999984741211,69.51000213623047,51.24989318847656,1294170
2007-02-09,69.80000305175781,69.80000305175781,68.0999984741211,68.29499816894531,50.354068756103516,507760
2007-02-12,68.9749984741211,68.9749984741211,66.1500015258789,66.7300033569336,49.2001953125,476540
2007-02-13,66.0999984741211,68.4000015258789,65.20999908447266,67.83000183105469,50.01121520996094,1026810
2007-02-14,67.0,67.83000183105469,65.51000213623047,67.05999755859375,49.44349670410156,334130
2007-02-15,68.4000015258789,68.4000015258789,65.72000122070312,67.6050033569336,49.8453369140625,730980
2007-02-19,68.30000305175781,68.9000015258789,67.20999908447266,67.38500213623047,49.683128356933594,258400
2007-02-20,67.29000091552734,68.19499969482422,66.19999694824219,66.49500274658203,49.02693176269531,751360
2007-02-21,67.0,69.4000015258789,65.16500091552734,67.5250015258789,49.78635025024414,1471610
2007-02-22,67.75,69.4000015258789,65.0250015258789,65.82499694824219,48.532928466796875,1091710
2007-02-23,65.5,66.88500213623047,64.69999694824219,65.0,47.92465591430664,384480
2007-02-26,65.0,66.27999877929688,63.5,65.68499755859375,48.42971420288086,413780
2007-02-27,68.0,68.0,63.40999984741211,63.665000915527344,46.94035339355469,694160
2007-02-28,61.599998474121094,63.900001525878906,60.599998474121094,61.79999923706055,45.5652961730957,911240
2007-03-01,60.630001068115234,61.79999923706055,59.95000076293945,60.994998931884766,44.97175979614258,691100
2007-03-02,60.5,61.97999954223633,59.0,59.709999084472656,44.02433395385742,959570
2007-03-05,59.0,60.0,56.0,56.869998931884766,41.930389404296875,1096890
2007-03-06,57.5,59.0,57.11000061035156,57.54999923706055,42.43175506591797,1873960
2007-03-07,57.224998474121094,58.900001525878906,56.5,57.20000076293945,42.17369079589844,739900
2007-03-08,56.70000076293945,59.5,56.060001373291016,58.73500061035156,43.305458068847656,959700
2007-03-09,59.0,59.5,56.060001373291016,58.970001220703125,43.47873306274414,525300
2007-03-12,59.5,60.76499938964844,58.0,59.935001373291016,44.19022750854492,554240
2007-03-13,59.935001373291016,61.70500183105469,59.03499984741211,61.45500183105469,45.3109245300293,299680
2007-03-14,58.099998474121094,61.4900016784668,55.529998779296875,61.10499954223633,45.0528678894043,523590
2007-03-15,61.5,62.39500045776367,58.099998474121094,61.7599983215332,45.53580093383789,581490
2007-03-16,61.5,61.849998474121094,59.98500061035156,60.59000015258789,44.67314910888672,623450
2007-03-19,60.70000076293945,63.29999923706055,60.70000076293945,62.709999084472656,46.23623275756836,1039050
2007-03-20,63.20000076293945,67.23999786376953,63.0,63.209999084472656,46.604888916015625,762440
2007-03-21,63.32500076293945,63.584999084472656,62.29999923706055,62.97999954223633,46.43531036376953,368140
2007-03-22,63.005001068115234,63.77000045776367,61.51499938964844,62.69499969482422,46.22517013549805,344290
2007-03-23,64.5999984741211,64.5999984741211,61.099998474121094,62.595001220703125,46.15144729614258,307580
2007-03-26,62.1349983215332,62.69499969482422,61.525001525878906,62.275001525878906,45.91551208496094,193340
2007-03-28,59.78499984741211,62.70500183105469,59.78499984741211,61.5,45.34409713745117,737020
2007-03-29,61.0,61.41999816894531,59.525001525878906,60.07500076293945,44.2934455871582,1204830
2007-03-30,60.20000076293945,61.189998626708984,58.619998931884766,60.73500061035156,44.780059814453125,705590
2007-04-02,60.0,60.400001525878906,58.1349983215332,59.36000061035156,43.76627731323242,169020
2007-04-03,59.5,61.0,57.29999923706055,59.90999984741211,44.17178726196289,223470
2007-04-04,60.16999816894531,60.79999923706055,59.5,60.595001220703125,44.676841735839844,239090
2007-04-05,60.11000061035156,61.900001525878906,59.099998474121094,61.474998474121094,45.325660705566406,447830
2007-04-09,61.400001525878906,63.08000183105469,60.709999084472656,62.2400016784668,45.88969421386719,795350
2007-04-10,61.70000076293945,62.5,61.099998474121094,62.0,45.71274948120117,261130
2007-04-11,61.30500030517578,63.849998474121094,57.7400016784668,63.3849983215332,46.73391342163086,817660
2007-04-12,63.38999938964844,64.48999786376953,61.599998474121094,63.23500061035156,46.623313903808594,1009740
2007-04-13,62.599998474121094,64.5999984741211,62.099998474121094,64.05500030517578,47.2279052734375,653450
2007-04-16,64.80000305175781,66.7750015258789,64.80000305175781,66.37000274658203,48.93476104736328,1061080
2007-04-17,66.5,69.4000015258789,65.69999694824219,67.55500030517578,49.8084716796875,1126820
2007-04-18,68.0,68.98999786376953,66.19999694824219,67.80500030517578,49.99278259277344,698830
2007-04-19,66.70999908447266,69.0,66.0999984741211,68.54000091552734,50.53471374511719,576790
2007-04-20,68.9000015258789,69.4000015258789,67.23999786376953,67.62000274658203,49.85639190673828,997140
2007-04-23,66.71499633789062,68.99500274658203,66.5999984741211,67.86499786376953,50.03702926635742,594740
2007-04-24,67.21499633789062,68.5,65.13500213623047,67.43499755859375,49.71998596191406,503840
2007-04-25,66.62999725341797,78.24500274658203,66.51499938964844,77.28500366210938,56.982418060302734,9683070
2007-04-26,82.5,82.5,77.69999694824219,79.13500213623047,58.3464241027832,12479050
2007-04-27,79.5,79.5,76.62999725341797,77.03500366210938,56.79808807373047,1899840
2007-04-30,76.0999984741211,81.4000015258789,75.5999984741211,77.61000061035156,57.222042083740234,3932650
2007-05-03,78.0,80.0999984741211,77.0,77.6449966430664,57.24784469604492,3792230
2007-05-04,78.44999694824219,78.6500015258789,75.66500091552734,75.97000122070312,56.01286697387695,1067190
2007-05-07,76.4000015258789,77.0999984741211,74.4000015258789,76.2300033569336,56.204559326171875,1765480
2007-05-08,76.30000305175781,77.5,74.73999786376953,76.16000366210938,56.1529541015625,959250
2007-05-09,76.0999984741211,78.58999633789062,75.70999908447266,77.44499969482422,57.100379943847656,1375590
2007-05-10,77.51000213623047,79.1500015258789,76.7300033569336,77.66999816894531,57.266258239746094,1239470
2007-05-11,74.99500274658203,78.96499633789062,70.52999877929688,77.9800033569336,57.494842529296875,1060890
2007-05-14,87.19999694824219,87.19999694824219,77.71499633789062,79.61000061035156,58.696651458740234,2136850
2007-05-15,78.7300033569336,82.5,78.5,82.31500244140625,60.69105529785156,5210720
2007-05-16,82.5,83.08999633789062,81.20999908447266,81.49500274658203,60.08645248413086,3517000
2007-05-17,81.5,83.98999786376953,80.11000061035156,83.59500122070312,61.634796142578125,3496130
2007-05-18,83.01000213623047,85.4800033569336,82.80000305175781,84.19000244140625,62.07349395751953,2630990
2007-05-21,84.41000366210938,85.5,82.41000366210938,84.13999938964844,62.0366325378418,2269940
2007-05-22,83.7300033569336,88.5999984741211,83.19999694824219,87.88500213623047,64.79783630371094,5070360
2007-05-23,94.97000122070312,94.97000122070312,86.61499786376953,87.48500061035156,64.50291442871094,6727940
2007-05-24,87.5,89.0999984741211,86.69999694824219,88.25,65.06693267822266,3578890
2007-05-25,88.0,94.0999984741211,86.01000213623047,91.51499938964844,67.47422790527344,12537480
2007-05-28,102.1500015258789,102.1500015258789,93.1050033569336,93.5,68.93778228759766,13239380
2007-05-29,94.0,94.0,90.9000015258789,91.12000274658203,67.1830062866211,3360360
2007-05-30,90.80000305175781,90.9000015258789,87.0250015258789,87.68000030517578,64.64666748046875,4119060
2007-05-31,89.5,92.9000015258789,89.0,92.02999877929688,67.85394287109375,9470980
2007-06-01,94.0,97.48999786376953,93.7249984741211,95.24500274658203,70.224365234375,10602430
2007-06-04,95.19999694824219,95.96499633789062,90.69999694824219,91.23500061035156,67.26779174804688,4027350
2007-06-05,90.0250015258789,91.5,88.70999908447266,89.36499786376953,65.88902282714844,3021440
2007-06-06,91.5999984741211,91.5999984741211,84.01000213623047,85.15499877929688,62.78498840332031,6107040
2007-06-07,84.0999984741211,86.5,82.0999984741211,84.2249984741211,62.09929656982422,3148520
2007-06-08,84.0999984741211,85.5,82.0999984741211,83.03500366210938,61.22190475463867,1887340
2007-06-11,85.5,85.5,80.70999908447266,81.2300033569336,59.89107894897461,1425050
2007-06-12,82.0,83.4800033569336,80.9000015258789,83.06999969482422,61.247703552246094,2545270
2007-06-13,83.0999984741211,83.19000244140625,80.6050033569336,81.0250015258789,59.73994064331055,815160
2007-06-14,82.05000305175781,82.94999694824219,81.19999694824219,81.67500305175781,60.21916198730469,1379230
2007-06-15,82.75,82.91500091552734,81.0999984741211,81.59500122070312,60.16017532348633,1334600
2007-06-18,82.5,82.5,80.0,80.37000274658203,59.25700759887695,1012720
2007-06-19,80.5,81.80000305175781,79.81999969482422,81.34500122070312,59.975860595703125,1091020
2007-06-20,82.5999984741211,83.23500061035156,81.02999877929688,82.52999877929688,60.84957504272461,1660030
2007-06-21,82.52999877929688,84.5999984741211,82.30000305175781,84.1050033569336,62.01081848144531,1621390
2007-06-22,84.4000015258789,84.97000122070312,82.9000015258789,83.11000061035156,61.27720642089844,1878920
2007-06-25,83.11000061035156,84.0999984741211,81.11000061035156,82.13999938964844,60.56201934814453,728130
2007-06-26,81.80000305175781,82.30000305175781,80.63500213623047,81.83499908447266,60.33715057373047,2519630
2007-06-27,81.30000305175781,83.34500122070312,80.36499786376953,82.41000366210938,60.7610969543457,1368240
2007-06-28,83.5999984741211,84.5,82.5,83.55500030517578,61.605323791503906,2265810
2007-06-29,84.05999755859375,86.0999984741211,83.80000305175781,85.71499633789062,63.19786834716797,2792630
2007-07-02,85.91000366210938,87.0,84.0,85.45500183105469,63.00617980957031,1945150
2007-07-03,86.0,87.5,85.5,86.5,63.77665328979492,1067380
2007-07-04,86.66999816894531,87.0,85.0,86.00499725341797,63.41170883178711,1053500
2007-07-05,85.33000183105469,86.4000015258789,83.0999984741211,84.4749984741211,62.28362274169922,1028060
2007-07-06,83.06500244140625,86.5,83.06500244140625,84.41000366210938,62.23570251464844,2767670
2007-07-09,84.0,85.9800033569336,83.36000061035156,85.21499633789062,62.82923126220703,814250
2007-07-10,84.61000061035156,85.59500122070312,84.125,85.01499938964844,62.6817626953125,1067750
2007-07-11,83.9000015258789,85.9000015258789,83.15499877929688,84.74500274658203,62.482696533203125,1214130
2007-07-12,84.9000015258789,86.8949966430664,84.1050033569336,85.75,63.223690032958984,1697970
2007-07-13,87.0,88.19999694824219,86.0250015258789,86.45500183105469,63.743473052978516,2264590
2007-07-16,86.80000305175781,87.48999786376953,84.9749984741211,85.42500305175781,62.98405075073242,2179710
2007-07-17,86.19999694824219,86.80000305175781,82.0,82.2699966430664,60.65785598754883,1781870
2007-07-18,82.0,82.0999984741211,78.0,78.41500091552734,57.81557083129883,3350290
2007-07-19,78.5,79.5,77.2300033569336,77.94000244140625,57.46535110473633,2544590
2007-07-20,78.19999694824219,79.4000015258789,76.80000305175781,77.42500305175781,57.08565139770508,2375060
2007-07-23,76.41999816894531,76.875,75.44999694824219,75.80000305175781,56.97783660888672,1940980
2007-07-24,76.0,77.9000015258789,75.02999877929688,77.0250015258789,57.89865493774414,2351950
2007-07-25,76.36000061035156,77.5,75.0999984741211,76.58999633789062,57.5716552734375,1306640
2007-07-26,76.9000015258789,77.0999984741211,75.0,75.37000274658203,56.65462112426758,3192030
2007-07-27,75.37000274658203,77.5,72.0999984741211,75.91500091552734,57.06427001953125,2349730
2007-07-30,75.11499786376953,77.5,75.11499786376953,76.98500061035156,57.86859130859375,1702140
2007-07-31,77.5,78.48999786376953,76.80500030517578,77.09500122070312,57.951271057128906,2809890
2007-08-01,75.63500213623047,77.0999984741211,72.18000030517578,72.73999786376953,54.67768096923828,1719220
2007-08-02,73.0999984741211,75.0,72.19999694824219,73.02999877929688,54.89567184448242,1405790
2007-08-03,74.0,74.0,72.69999694824219,72.875,54.77914047241211,848210
2007-08-06,72.875,72.875,70.5,71.3949966430664,53.666648864746094,670800
2007-08-07,72.0,72.69999694824219,71.0,71.79499816894531,53.96733474731445,406960
2007-08-08,72.0,72.5,68.9000015258789,71.50499725341797,53.74934005737305,1943560
2007-08-09,72.5,73.875,71.0,71.32499694824219,53.614036560058594,5954090
2007-08-10,71.30000305175781,71.4000015258789,68.4000015258789,69.52999877929688,52.2647590637207,1496830
2007-08-13,70.98999786376953,72.1500015258789,70.00499725341797,71.38500213623047,53.65913391113281,1546700
2007-08-14,72.4000015258789,72.4000015258789,70.30500030517578,70.58000183105469,53.05402755737305,636750
2007-08-16,69.13500213623047,69.13500213623047,66.80000305175781,67.80000305175781,50.9643440246582,2109270
2007-08-17,68.0,68.0,64.41000366210938,66.48500061035156,49.97587585449219,2603850
2007-08-20,67.5999984741211,68.79000091552734,66.90499877929688,67.1449966430664,50.47197723388672,531810
2007-08-21,68.0,68.0,66.01000213623047,66.7699966430664,50.19009780883789,2243850
2007-08-22,67.30000305175781,67.54000091552734,65.2699966430664,67.05999755859375,50.4080924987793,1628770
2007-08-23,67.5,69.69499969482422,67.01000213623047,67.68000030517578,50.87413787841797,1357300
2007-08-24,67.5999984741211,73.36000061035156,66.7300033569336,72.13500213623047,54.22291564941406,3218630
2007-08-27,72.48999786376953,73.9000015258789,71.33000183105469,73.45500183105469,55.215126037597656,828450
2007-08-28,72.4000015258789,74.88500213623047,72.4000015258789,74.6449966430664,56.10963439941406,1155060
2007-08-29,72.76000213623047,74.43499755859375,72.5999984741211,73.25499725341797,55.064788818359375,400510
2007-08-30,75.0,75.0,70.625,72.7249984741211,54.66638946533203,4514920
2007-08-31,73.5,75.69999694824219,71.0,75.30999755859375,56.6095085144043,1578770
2007-09-03,75.5,77.88500213623047,75.22000122070312,76.8550033569336,57.77085876464844,1076200
2007-09-04,77.0,78.30000305175781,75.69999694824219,76.2300033569336,57.301055908203125,828550
2007-09-05,75.7300033569336,77.29000091552734,75.0999984741211,75.82499694824219,56.996612548828125,583690
2007-09-06,75.0,76.19999694824219,75.0,75.57499694824219,56.80870819091797,547800
2007-09-07,76.19999694824219,76.9000015258789,75.0,76.1050033569336,57.20711135864258,682740
2007-09-10,75.5999984741211,78.0,75.0999984741211,77.5999984741211,58.33087158203125,1311640
2007-09-11,78.5,79.4000015258789,78.0,78.54000091552734,59.037452697753906,1684220
2007-09-12,79.0,80.69000244140625,79.0,79.43499755859375,59.710201263427734,2160130
2007-09-13,80.0,80.97000122070312,78.70500183105469,79.16500091552734,59.50726318359375,506650
2007-09-14,79.2300033569336,80.0,75.5250015258789,76.8949966430664,57.800933837890625,1459630
2007-09-17,77.19999694824219,78.0,76.19999694824219,77.51000213623047,58.26322555541992,602610
2007-09-18,77.19999694824219,79.58999633789062,77.0999984741211,79.36000061035156,59.653846740722656,1077390
2007-09-19,80.0,81.5,79.0250015258789,81.04499816894531,60.92042541503906,1609360
2007-09-20,81.19999694824219,81.9000015258789,79.55500030517578,80.18000030517578,60.27021408081055,1166360
2007-09-21,79.5,80.1500015258789,78.5,78.8550033569336,59.27423095703125,723320
2007-09-24,80.30000305175781,81.0,78.80000305175781,79.11499786376953,59.469669342041016,657560
2007-09-25,79.19999694824219,79.98999786376953,77.9000015258789,78.70500183105469,59.16147232055664,479360
2007-09-26,78.50499725341797,79.19999694824219,77.5,77.8949966430664,58.5526123046875,956400
2007-09-27,78.5999984741211,79.48999786376953,77.9000015258789,78.95999908447266,59.35316848754883,3722460
2007-09-28,80.0,81.0,78.95999908447266,80.58499908447266,60.57465362548828,1178450
2007-10-01,80.0,83.28500366210938,80.0,82.00499725341797,61.64204406738281,1775190
2007-10-03,83.5,86.0,82.19999694824219,84.33499908447266,63.39347457885742,1652490
2007-10-04,85.0,86.0,82.80999755859375,84.34500122070312,63.401004791259766,1029040
2007-10-05,84.5,85.48500061035156,83.5,84.30500030517578,63.37092971801758,815910
2007-10-08,81.53500366210938,85.5,81.53500366210938,84.11000061035156,63.224342346191406,2313780
2007-10-09,84.5,84.9000015258789,82.0999984741211,84.37999725341797,63.42731475830078,1100740
2007-10-10,84.5,88.55000305175781,84.4000015258789,86.5199966430664,65.03592681884766,3370690
2007-10-11,86.0,87.9000015258789,84.5999984741211,85.36499786376953,64.1677017211914,778480
2007-10-12,86.0,86.0,82.5,82.68499755859375,62.15319061279297,1647360
2007-10-15,83.0,84.37999725341797,82.51000213623047,83.36499786376953,62.66434097290039,1352850
2007-10-16,83.4000015258789,85.98999786376953,83.0,84.95999908447266,63.86327362060547,1505110
2007-10-17,82.0,83.0,77.125,82.0199966430664,61.6533317565918,725220
2007-10-18,83.0,85.88500213623047,81.5,82.57499694824219,62.07049560546875,1764210
2007-10-19,81.0,82.5,79.0,80.00499725341797,60.138668060302734,691800
2007-10-22,78.5,79.9000015258789,75.62999725341797,78.26000213623047,58.82698440551758,2462280
2007-10-23,79.9000015258789,83.88500213623047,79.0,80.1449966430664,60.24391555786133,635220
2007-10-24,80.0,81.0,78.5,78.66000366210938,59.1276741027832,833630
2007-10-25,79.5,79.77999877929688,78.3499984741211,78.58499908447266,59.071285247802734,1583730
2007-10-26,80.0,81.4800033569336,78.9000015258789,80.73500061035156,60.687408447265625,1199060
2007-10-29,82.0,83.88500213623047,80.50499725341797,82.0,61.63829803466797,1195330
2007-10-30,82.19999694824219,82.80000305175781,79.13500213623047,81.30999755859375,61.119625091552734,737890
2007-10-31,81.80000305175781,83.80000305175781,81.0999984741211,82.09500122070312,61.709716796875,515480
2007-11-01,82.3499984741211,82.80000305175781,80.0,80.9800033569336,60.8715705871582,1086310
2007-11-02,80.9000015258789,80.9000015258789,79.5999984741211,79.78500366210938,59.973297119140625,675780
2007-11-05,79.69999694824219,81.5,79.69999694824219,80.0199966430664,60.14995574951172,248600
2007-11-06,81.88500213623047,81.88500213623047,77.19999694824219,77.77999877929688,58.466163635253906,1765050
2007-11-07,79.80000305175781,79.80000305175781,76.32499694824219,79.16000366210938,59.503509521484375,1067200
2007-11-08,78.0,79.9800033569336,77.22000122070312,78.75,59.1953125,322790
2007-11-12,77.19999694824219,78.19000244140625,76.19999694824219,77.16500091552734,58.0038948059082,1189710
2007-11-13,77.0,78.4800033569336,76.30000305175781,76.83000183105469,57.75208282470703,1648290
2007-11-14,77.19999694824219,78.5999984741211,77.0199966430664,77.3949966430664,58.17677307128906,942280
2007-11-15,79.47000122070312,79.47000122070312,75.5,76.23999786376953,57.30857467651367,1568850
2007-11-16,77.0,81.08999633789062,74.9000015258789,79.58499908447266,59.82297134399414,2941760
2007-11-19,81.56999969482422,84.19999694824219,80.5999984741211,82.47000122070312,61.991580963134766,1250360
2007-11-20,82.47000122070312,83.48999786376953,78.80000305175781,79.62999725341797,59.85679244995117,571740
2007-11-21,80.5,80.87999725341797,78.4000015258789,79.08499908447266,59.44713592529297,933740
2007-11-22,79.08999633789062,79.08999633789062,75.13500213623047,77.25,58.06778335571289,489840
2007-11-23,78.19999694824219,79.9000015258789,75.69999694824219,77.38500213623047,58.16925811767578,733190
2007-11-26,79.5,79.5,77.19999694824219,77.54000091552734,58.285789489746094,290470
2007-11-27,77.30000305175781,78.5,76.0250015258789,78.0199966430664,58.64658737182617,188920
2007-11-28,78.0199966430664,79.38500213623047,76.125,76.6500015258789,57.61677932739258,425620
2007-11-29,79.0,79.0,73.30000305175781,74.05999755859375,55.66989517211914,1053950
2007-11-30,74.5999984741211,77.3949966430664,74.22000122070312,75.95500183105469,57.0943489074707,2960370
2007-12-03,79.0,80.0999984741211,76.125,79.38999938964844,59.67639923095703,2310540
2007-12-04,81.0,85.69999694824219,81.0,84.91000366210938,63.8256950378418,6002440
2007-12-05,80.00499725341797,86.0,80.00499725341797,84.66000366210938,63.63776779174805,2281380
2007-12-06,85.0,86.30000305175781,83.0999984741211,84.30999755859375,63.37469482421875,3635130
2007-12-07,81.77999877929688,85.48999786376953,81.30500030517578,82.32499694824219,61.88258743286133,3248580
2007-12-10,82.0,83.4000015258789,81.86000061035156,82.2249984741211,61.807430267333984,980840
2007-12-11,83.4000015258789,85.93499755859375,81.01000213623047,83.37999725341797,62.67562484741211,3848220
2007-12-12,83.30000305175781,90.4000015258789,81.11000061035156,89.5,67.27594757080078,4610680
2007-12-13,89.5,96.9000015258789,89.5,93.44499969482422,70.2413330078125,8820810
2007-12-14,94.26499938964844,95.19999694824219,91.55000305175781,93.66000366210938,70.40296173095703,2949100
2007-12-17,91.0,96.48500061035156,85.80000305175781,87.12000274658203,65.4869155883789,4734260
2007-12-18,89.61499786376953,89.61499786376953,84.51000213623047,88.07499694824219,66.20478057861328,979100
2007-12-19,89.9000015258789,92.48999786376953,88.5,89.94000244140625,67.60668182373047,1325080
2007-12-20,88.125,92.5,88.125,89.48999786376953,67.26841735839844,2005540
2007-12-24,91.5,91.5,89.5,90.06500244140625,67.70063018798828,1030690
2007-12-26,90.4000015258789,90.9000015258789,89.30000305175781,89.8550033569336,67.54277801513672,1065730
2007-12-27,90.9000015258789,92.0,88.11000061035156,88.78500366210938,66.73847198486328,3860860
2007-12-28,90.0999984741211,91.4000015258789,87.33000183105469,90.05000305175781,67.68938446044922,1149120
2007-12-31,90.87999725341797,93.59500122070312,89.70999908447266,90.74500274658203,68.21178436279297,3538170
2008-01-01,91.0,93.80000305175781,90.2249984741211,92.76499938964844,69.73019409179688,1240990
2008-01-02,93.5999984741211,99.5,93.5999984741211,98.81500244140625,74.27790069580078,6639830
2008-01-03,96.0,101.48999786376953,96.0,96.95500183105469,72.87977600097656,3719460
2008-01-04,97.5,101.30000305175781,97.5,99.66999816894531,74.92060089111328,3275940
2008-01-07,97.0,100.4800033569336,97.0,97.94499969482422,73.62393188476562,1221420
2008-01-08,98.0,99.30000305175781,92.5,94.13999938964844,70.76376342773438,1421840
2008-01-09,92.5,95.0,91.30000305175781,93.66999816894531,70.41046905517578,1298420
2008-01-10,94.27999877929688,95.0,87.23999786376953,88.48999786376953,66.51673126220703,890470
2008-01-11,89.87999725341797,89.87999725341797,85.5,86.81500244140625,65.25767517089844,732540
2008-01-14,87.0999984741211,88.48999786376953,85.80500030517578,87.62000274658203,65.86277770996094,607910
2008-01-15,87.32499694824219,88.79000091552734,81.83499908447266,82.70999908447266,62.17198181152344,1655360
2008-01-16,82.70999908447266,84.19999694824219,81.0,82.6050033569336,62.09306335449219,1279420
2008-01-17,82.5999984741211,85.5,81.80999755859375,82.96499633789062,62.36366271972656,1186640
2008-01-18,82.36499786376953,82.5999984741211,75.69999694824219,77.8550033569336,58.52256393432617,1077810
2008-01-21,77.0,79.4000015258789,66.125,71.2300033569336,53.542640686035156,2311720
2008-01-22,67.01000213623047,71.0,54.5,62.31999969482422,46.845096588134766,3039810
2008-01-23,66.69999694824219,69.5,62.5,67.83999633789062,50.994407653808594,1875560
2008-01-24,68.5,74.44499969482422,68.5,72.88500213623047,54.78667068481445,3725600
2008-01-25,73.0,79.5999984741211,70.19999694824219,79.37000274658203,59.661354064941406,1943820
2008-01-28,74.0,80.0,74.0,79.19000244140625,59.526058197021484,731400
2008-01-29,81.5,89.5,80.0,84.91999816894531,63.833213806152344,2528020
2008-01-30,85.19999694824219,85.80000305175781,82.4000015258789,84.25499725341797,63.333351135253906,1376990
2008-01-31,84.0,86.5,75.51000213623047,82.6050033569336,62.09306335449219,4638230
2008-02-01,83.01000213623047,83.77999877929688,80.33000183105469,82.44499969482422,61.9727897644043,1146530
2008-02-04,84.48999786376953,84.48999786376953,82.5,83.08499908447266,62.453861236572266,644240
2008-02-05,84.0,84.0,81.11000061035156,82.7249984741211,62.183258056640625,373520
2008-02-06,78.50499725341797,82.4000015258789,77.26000213623047,81.26000213623047,61.08203887939453,365860
2008-02-07,82.09500122070312,83.4000015258789,79.8550033569336,80.43000030517578,60.45814514160156,372680
2008-02-08,80.0,80.4000015258789,77.4000015258789,78.44499969482422,58.96605682373047,278540
2008-02-11,78.4000015258789,80.30000305175781,73.5,74.69999694824219,56.15098190307617,808480
2008-02-12,77.19999694824219,77.19999694824219,71.8499984741211,75.95500183105469,57.0943489074707,806860
2008-02-13,75.0,76.98999786376953,74.24500274658203,74.98999786376953,56.368961334228516,261310
2008-02-14,77.0,79.69999694824219,75.30000305175781,78.73999786376953,59.187782287597656,480810
2008-02-15,78.5999984741211,79.87999725341797,76.5199966430664,78.91500091552734,59.3193473815918,750430
2008-02-18,78.0,79.4800033569336,76.6050033569336,77.2750015258789,58.086578369140625,193410
2008-02-19,77.3499984741211,82.80000305175781,77.3499984741211,82.43000030517578,61.96152114868164,1248260
2008-02-20,80.5,82.30000305175781,79.80000305175781,80.2300033569336,60.30780792236328,196010
2008-02-21,80.0,84.5999984741211,77.9000015258789,78.7300033569336,59.18027877807617,452780
2008-02-22,77.19999694824219,79.8949966430664,76.26000213623047,78.33000183105469,58.87959671020508,296880
2008-02-25,79.5999984741211,80.92500305175781,78.0250015258789,80.5250015258789,60.529571533203125,494470
2008-02-26,79.00499725341797,83.9000015258789,79.00499725341797,82.38500213623047,61.92769241333008,1242790
2008-02-27,83.88999938964844,85.38999938964844,83.0,84.04499816894531,63.17549133300781,2326110
2008-02-28,84.5,84.5,81.19999694824219,81.78500366210938,61.476688385009766,854540
2008-02-29,81.78500366210938,83.69999694824219,81.5,82.16000366210938,61.75856018066406,1199910
2008-03-03,80.0,82.55000305175781,77.01000213623047,81.625,61.35640335083008,1769980
2008-03-04,81.5,81.5,78.80000305175781,79.62000274658203,59.84927749633789,641290
2008-03-05,79.0,81.5,79.0,81.24500274658203,61.07075500488281,778590
2008-03-07,80.80000305175781,81.59500122070312,77.70999908447266,81.20999908447266,61.044464111328125,1158120
2008-03-10,81.0,84.56999969482422,76.0,84.03500366210938,63.1679573059082,1287530
2008-03-11,84.0,86.5999984741211,84.0,85.1449966430664,64.0023422241211,1421400
2008-03-12,86.125,88.0,80.0999984741211,81.13999938964844,60.99183654785156,1308150
2008-03-13,80.0,82.4000015258789,77.5,78.19000244140625,58.774375915527344,977690
2008-03-14,78.9000015258789,82.19999694824219,77.0,81.125,60.98057174682617,569120
2008-03-17,77.0,79.88999938964844,75.74500274658203,76.6449966430664,57.61299133300781,808650
2008-03-18,76.6449966430664,80.51000213623047,75.5999984741211,79.05000305175781,59.42082214355469,498530
2008-03-19,80.19999694824219,82.48999786376953,77.7699966430664,78.7699966430664,59.21034240722656,295550
2008-03-24,78.01000213623047,82.69999694824219,75.19999694824219,78.13999938964844,58.73677444458008,403880
2008-03-25,79.5999984741211,79.99500274658203,78.25,79.56500244140625,59.807945251464844,288200
2008-03-26,79.1500015258789,81.7300033569336,78.19999694824219,81.17500305175781,61.01816177368164,327370
2008-03-27,80.69999694824219,83.3499984741211,78.7249984741211,80.92500305175781,60.830223083496094,1501090
2008-03-28,80.92500305175781,85.4000015258789,79.15499877929688,83.4000015258789,62.690670013427734,840130
2008-03-31,77.0,85.5,77.0,82.67500305175781,62.14567565917969,717610
2008-04-01,84.9800033569336,84.9800033569336,81.44999694824219,83.56999969482422,62.81846237182617,428750
2008-04-02,85.80000305175781,85.80000305175781,83.0999984741211,83.58000183105469,62.825950622558594,202550
2008-04-03,83.19999694824219,85.80000305175781,83.19999694824219,85.56500244140625,64.31804656982422,646680
2008-04-04,84.62000274658203,85.5999984741211,82.80000305175781,83.37999725341797,62.67562484741211,396920
2008-04-07,83.37999725341797,85.55500030517578,82.22000122070312,84.98500061035156,63.8820686340332,457780
2008-04-08,85.0999984741211,89.5,84.19999694824219,89.25499725341797,67.09178161621094,2432690
2008-04-09,89.25499725341797,90.5,88.0,88.62000274658203,66.61446380615234,1417200
2008-04-10,88.5999984741211,89.80000305175781,86.6050033569336,87.19999694824219,65.54705810546875,504950
2008-04-11,88.19999694824219,89.5,86.5,88.79499816894531,66.74601745605469,1537020
2008-04-15,88.79499816894531,89.69999694824219,86.0,88.56999969482422,66.57687377929688,1179930
2008-04-16,88.0,91.29000091552734,88.0,89.55000305175781,67.31352996826172,1816620
2008-04-17,90.1050033569336,92.19999694824219,89.19999694824219,89.87000274658203,67.55406951904297,1539300
2008-04-21,90.0999984741211,91.97000122070312,88.5999984741211,88.90499877929688,66.82868194580078,412920
2008-04-22,89.5,89.88999938964844,86.0,86.83499908447266,65.27268981933594,958200
2008-04-23,87.19499969482422,88.91500091552734,86.5,87.9749984741211,66.1296157836914,799870
2008-04-24,88.87999725341797,88.87999725341797,84.88999938964844,85.4749984741211,64.25039672851562,1295880
2008-04-25,85.4749984741211,86.69999694824219,84.01000213623047,86.07499694824219,64.70140838623047,533200
2008-04-28,86.0,88.80000305175781,85.0,87.4800033569336,65.75753021240234,674840
2008-04-29,86.5999984741211,88.19999694824219,85.80000305175781,87.88500213623047,66.06196594238281,340150
2008-04-30,88.0999984741211,91.7699966430664,88.0999984741211,91.36000061035156,68.67407989501953,2306230
2008-05-02,91.69999694824219,94.88500213623047,91.69999694824219,93.11000061035156,69.9895248413086,1167750
2008-05-05,93.30000305175781,94.69999694824219,90.5250015258789,91.05000305175781,68.44105529785156,1318070
2008-05-06,90.80000305175781,92.4000015258789,89.80999755859375,90.1500015258789,67.76455688476562,647340
2008-05-07,89.19999694824219,91.9000015258789,89.12999725341797,91.49500274658203,68.77554321289062,2172250
2008-05-08,90.54000091552734,92.4000015258789,89.0,91.02999877929688,68.4260025024414,1084480
2008-05-09,90.125,92.4000015258789,89.87000274658203,90.58499908447266,68.09152221679688,663420
2008-05-12,90.5,92.5,88.0999984741211,91.04000091552734,68.43354034423828,1117920
2008-05-13,94.97000122070312,94.97000122070312,92.1050033569336,92.9749984741211,69.88805389404297,2825120
2008-05-14,92.69999694824219,93.80000305175781,91.0999984741211,91.72000122070312,68.94467163085938,1203900
2008-05-15,92.0,93.0,90.0250015258789,92.38500213623047,69.44454956054688,502080
2008-05-16,92.0,95.5,91.7300033569336,94.77999877929688,71.24482727050781,3494760
2008-05-20,94.4000015258789,94.69999694824219,92.0,92.19000244140625,69.2979736328125,640510
2008-05-21,92.19999694824219,95.9000015258789,90.5999984741211,94.91999816894531,71.3500747680664,3250650
2008-05-22,94.5,96.5,91.4000015258789,91.8949966430664,69.07622528076172,1804670
2008-05-23,92.0,93.0,87.51000213623047,89.5,67.27594757080078,1910890
2008-05-26,89.5,89.5,86.23999786376953,88.06500244140625,66.19727325439453,1192040
2008-05-27,88.97000122070312,89.9000015258789,83.69999694824219,84.34500122070312,63.401004791259766,1198960
2008-05-28,85.0,86.0,82.1050033569336,83.33000183105469,62.63803482055664,2261550
2008-05-29,81.5,86.9000015258789,81.5,86.11499786376953,64.73148345947266,1571540
2008-05-30,86.0999984741211,87.5999984741211,83.2300033569336,86.25,64.83295440673828,4577370
2008-06-02,88.0,89.0,83.50499725341797,84.80999755859375,63.75053024291992,1512290
2008-06-03,83.6500015258789,84.5,81.19999694824219,81.86499786376953,61.53682327270508,1366280
2008-06-04,83.0,83.0,76.41000366210938,77.88999938964844,58.54885482788086,3141430
2008-06-05,77.9000015258789,81.9000015258789,76.69999694824219,81.61000061035156,61.345123291015625,1296940
2008-06-06,82.80000305175781,83.4000015258789,79.90499877929688,80.09500122070312,60.20634460449219,1686680
2008-06-09,75.55500030517578,80.19999694824219,75.12000274658203,78.54000091552734,59.037452697753906,964670
2008-06-10,77.80000305175781,79.98500061035156,76.50499725341797,77.22000122070312,58.04523468017578,626410
2008-06-11,78.5,79.5,77.68499755859375,78.375,58.91343307495117,377260
2008-06-12,77.1050033569336,79.30000305175781,76.32499694824219,78.7699966430664,59.21034240722656,311980
2008-06-13,80.9000015258789,80.9000015258789,76.625,77.54499816894531,58.289520263671875,787300
2008-06-16,78.0,79.19999694824219,77.19999694824219,78.02999877929688,58.65407943725586,563030
2008-06-17,78.88999938964844,80.80000305175781,78.88999938964844,80.22000122070312,60.3002815246582,1233450
2008-06-18,79.5,80.97000122070312,77.30000305175781,77.87999725341797,58.541343688964844,1163240
2008-06-19,78.5,78.5,74.23500061035156,74.63999938964844,56.10588073730469,1149820
2008-06-20,74.5,76.98999786376953,73.71499633789062,74.86499786376953,56.27500534057617,1064740
2008-06-23,74.80000305175781,76.47000122070312,72.30000305175781,75.41000366210938,56.68467712402344,707080
2008-06-24,75.5,77.69999694824219,74.51000213623047,76.37000274658203,57.40629959106445,1119310
2008-06-25,72.5,79.9000015258789,68.5199966430664,78.98500061035156,59.371971130371094,1151480
2008-06-26,79.5,80.5,77.19999694824219,79.57499694824219,59.815452575683594,2010230
2008-06-27,77.12999725341797,77.88500213623047,74.69999694824219,75.29499816894531,56.59823226928711,501190
2008-06-30,75.29499816894531,76.98999786376953,74.5,74.6449966430664,56.10963439941406,316590
2008-07-01,74.5,75.97000122070312,71.0999984741211,71.78500366210938,53.95980453491211,1467090
2008-07-02,73.0,75.19999694824219,69.8499984741211,73.0199966430664,54.88815689086914,1218680
2008-07-03,71.30000305175781,73.30000305175781,70.3499984741211,70.93000030517578,53.31711959838867,570190
2008-07-04,72.0,72.69999694824219,70.19999694824219,71.58999633789062,53.81322479248047,1494250
2008-07-07,72.5,73.80000305175781,72.5,72.8499984741211,54.7603645324707,190790
2008-07-08,72.80000305175781,74.0,70.5,70.8499984741211,53.25698471069336,390130
2008-07-09,71.98999786376953,73.5999984741211,71.20999908447266,71.7750015258789,53.95230484008789,863730
2008-07-10,72.01000213623047,73.8499984741211,72.01000213623047,73.53500366210938,55.275264739990234,598190
2008-07-11,73.69999694824219,74.5999984741211,71.0,71.33999633789062,53.62530517578125,377850
2008-07-14,71.5,72.30000305175781,70.5999984741211,71.79000091552734,53.96358871459961,416130
2008-07-15,73.0999984741211,73.0999984741211,70.06999969482422,70.86499786376953,53.26826477050781,533850
2008-07-16,70.70500183105469,72.4000015258789,70.30000305175781,71.79499816894531,53.96733474731445,583780
2008-07-17,72.5999984741211,74.0999984741211,71.69999694824219,73.48500061035156,55.23767852783203,927600
2008-07-18,74.0,74.0,72.5,73.33999633789062,55.12868118286133,207210
2008-07-21,74.0,74.0,72.9000015258789,73.5250015258789,55.26774597167969,143880
2008-07-22,73.5999984741211,75.83000183105469,73.5999984741211,75.67500305175781,56.88388442993164,389000
2008-07-23,76.5,78.48999786376953,76.5,77.42500305175781,58.1993408203125,231220
2008-07-24,78.79000091552734,78.79000091552734,75.52999877929688,76.7699966430664,57.706966400146484,175080
2008-07-25,75.5999984741211,78.0,74.7249984741211,77.73500061035156,58.43234634399414,279950
2008-07-28,76.69999694824219,80.69999694824219,76.69999694824219,78.69000244140625,59.15021514892578,1599150
2008-07-29,78.0999984741211,79.5999984741211,75.0999984741211,75.58000183105469,56.81245803833008,1080640
2008-07-30,77.25,77.44999694824219,75.6500015258789,76.45500183105469,57.47019577026367,710330
2008-07-31,76.30000305175781,77.30000305175781,75.65499877929688,75.98999786376953,57.12065887451172,1247270
2008-08-01,73.30000305175781,74.0,72.00499725341797,72.43499755859375,57.04350280761719,1811330
2008-08-04,74.80000305175781,74.9000015258789,71.94999694824219,72.45999908447266,57.06319046020508,1044140
2008-08-05,71.9000015258789,73.47000122070312,71.9000015258789,72.42500305175781,57.03563690185547,796210
2008-08-06,73.76499938964844,73.99500274658203,72.16000366210938,72.34500122070312,56.972625732421875,496410
2008-08-07,72.30000305175781,72.69499969482422,65.52999877929688,72.00499725341797,56.704872131347656,359870
2008-08-08,72.37999725341797,73.125,71.5999984741211,72.19499969482422,56.85450744628906,515900
2008-08-11,73.26000213623047,73.80000305175781,72.69999694824219,73.40499877929688,57.80738830566406,708820
2008-08-12,73.51000213623047,74.79000091552734,73.0,73.74500274658203,58.07514953613281,2751470
2008-08-13,73.5,75.22000122070312,72.6500015258789,74.40499877929688,58.59490966796875,766470
2008-08-14,73.0999984741211,75.4000015258789,73.0999984741211,74.50499725341797,58.67365264892578,1569710
2008-08-18,75.0,75.80000305175781,72.5,73.02999877929688,57.5120735168457,3113750
2008-08-19,72.86000061035156,73.94999694824219,72.01499938964844,72.69000244140625,57.244319915771484,1321840
2008-08-20,73.4000015258789,73.4000015258789,72.81500244140625,73.09500122070312,57.56328201293945,383750
2008-08-21,72.91000366210938,73.38500213623047,71.0999984741211,71.69499969482422,56.46074676513672,1269580
2008-08-22,71.70500183105469,73.0999984741211,71.70500183105469,72.29000091552734,56.92932891845703,1660520
2008-08-25,73.79000091552734,73.79000091552734,72.11499786376953,72.55999755859375,57.14193344116211,652040
2008-08-26,71.69999694824219,72.38500213623047,70.51000213623047,71.3550033569336,56.19298553466797,1154750
2008-08-27,79.0,79.0,70.80999755859375,71.22000122070312,56.08667755126953,621620
2008-08-28,71.5,71.75499725341797,68.32499694824219,69.4749984741211,54.71246337890625,1334240
2008-08-29,70.5,71.30000305175781,70.0999984741211,70.88500213623047,55.82286071777344,286650
2008-09-01,71.0,72.09500122070312,70.61000061035156,71.17500305175781,56.051239013671875,249480
2008-09-02,71.21499633789062,72.19999694824219,70.71499633789062,71.82499694824219,56.5631217956543,317230
2008-09-04,71.9000015258789,73.41500091552734,71.80000305175781,72.73999786376953,57.28370666503906,765790
2008-09-05,71.30500030517578,73.5,71.30500030517578,71.90499877929688,56.62611389160156,286630
2008-09-08,73.0999984741211,73.0999984741211,72.0199966430664,72.25,56.89781188964844,248760
2008-09-09,72.5999984741211,72.5999984741211,71.5,71.76000213623047,56.51193618774414,175220
2008-09-10,72.1500015258789,72.5,70.9000015258789,71.375,56.208740234375,360000
2008-09-11,71.0999984741211,71.6500015258789,69.52999877929688,70.66500091552734,55.64959716796875,542550
2008-09-12,71.25,71.25,69.3499984741211,70.00499725341797,55.12984085083008,383460
2008-09-15,70.0,70.0,67.1050033569336,68.87000274658203,54.236026763916016,592090
2008-09-16,68.5,68.5,66.50499725341797,67.66500091552734,53.28707504272461,251390
2008-09-17,67.69999694824219,70.5,67.69999694824219,69.62000274658203,54.82666015625,1020300
2008-09-18,69.0,71.0,66.0999984741211,70.07499694824219,55.18497085571289,1430270
2008-09-19,72.5,73.0,70.12999725341797,71.49500274658203,56.303245544433594,917740
2008-09-22,71.69999694824219,71.69999694824219,69.4000015258789,70.13500213623047,55.232215881347656,572090
2008-09-23,68.0999984741211,69.50499725341797,68.0999984741211,68.88500213623047,54.247825622558594,384470
2008-09-24,70.5,70.98999786376953,68.51000213623047,68.7699966430664,54.15727233886719,713150
2008-09-25,68.5199966430664,71.19999694824219,68.4000015258789,69.30500030517578,54.57858657836914,1814020
2008-09-26,68.50499725341797,70.0,67.4000015258789,67.5999984741211,53.23588180541992,796600
2008-09-29,68.0,68.17500305175781,66.0,67.81999969482422,53.40913772583008,566560
2008-09-30,67.5,68.19999694824219,65.5,66.88999938964844,52.6767463684082,528440
2008-10-01,67.1050033569336,68.30000305175781,66.05000305175781,67.93000030517578,53.49576187133789,419420
2008-10-03,67.93000030517578,69.55000305175781,67.0,68.71499633789062,54.113948822021484,540700
2008-10-06,67.50499725341797,68.9800033569336,66.11000061035156,68.16999816894531,53.68475341796875,1603780
2008-10-07,68.4000015258789,68.97000122070312,66.5,67.04499816894531,52.798805236816406,412920
2008-10-08,66.69999694824219,66.69999694824219,56.099998474121094,62.005001068115234,48.82974624633789,1798520
2008-10-10,61.0,61.290000915527344,54.0,57.380001068115234,45.187503814697266,718590
2008-10-13,58.994998931884766,61.20000076293945,57.5,60.54999923706055,47.68391036987305,224160
2008-10-14,61.5,62.5,60.505001068115234,61.44499969482422,48.38873291015625,377590
2008-10-15,60.599998474121094,61.70000076293945,58.900001525878906,60.5099983215332,47.652408599853516,720220
2008-10-16,59.95000076293945,59.95000076293945,55.5,58.55500030517578,46.11282730102539,562840
2008-10-17,60.099998474121094,60.400001525878906,57.0,57.880001068115234,45.58124923706055,314340
2008-10-20,59.0,59.5,56.5,57.0099983215332,44.896121978759766,155370
2008-10-21,57.20500183105469,58.75,56.29999923706055,57.3650016784668,45.175689697265625,456820
2008-10-22,56.505001068115234,57.29999923706055,55.5,56.025001525878906,44.12041473388672,1345040
2008-10-23,55.599998474121094,55.79999923706055,53.29999923706055,55.494998931884766,43.703033447265625,550590
2008-10-24,54.5,55.13999938964844,53.0,53.35499954223633,42.01775360107422,753630
2008-10-27,53.0,55.0,47.0,51.439998626708984,40.5096549987793,380620
2008-10-29,56.11000061035156,57.5,50.0,51.279998779296875,40.38367462158203,742350
2008-10-31,54.900001525878906,54.900001525878906,49.79999923706055,50.77000045776367,39.982032775878906,963640
2008-11-03,53.0,53.89500045776367,51.29999923706055,53.0099983215332,41.74606704711914,383220
2008-11-04,53.099998474121094,53.099998474121094,51.5,51.6349983215332,40.663230895996094,737870
2008-11-05,52.5,54.4900016784668,52.5,53.72999954223633,42.313072204589844,429270
2008-11-06,52.72999954223633,52.72999954223633,50.5,50.709999084472656,39.934791564941406,379930
2008-11-07,50.005001068115234,51.974998474121094,49.69499969482422,51.494998931884766,40.55298614501953,310670
2008-11-10,53.0,53.27000045776367,52.599998474121094,52.994998931884766,41.734256744384766,352800
2008-11-11,52.099998474121094,54.400001525878906,52.099998474121094,52.849998474121094,41.620059967041016,366250
2008-11-12,52.20000076293945,52.61000061035156,51.0,51.665000915527344,40.68685531616211,149570
2008-11-14,51.80500030517578,52.875,51.20000076293945,51.814998626708984,40.80498504638672,268340
2008-11-17,51.79999923706055,52.5,50.70000076293945,50.93000030517578,40.1080322265625,256880
2008-11-18,51.79999923706055,53.900001525878906,48.900001525878906,49.275001525878906,38.80470275878906,1349460
2008-11-19,49.95000076293945,49.95000076293945,48.0,48.599998474121094,38.27312469482422,2533730
2008-11-20,48.0,48.29999923706055,44.099998474121094,46.16999816894531,36.35947036743164,1222940
2008-11-21,47.29999923706055,47.29999923706055,45.10499954223633,45.98500061035156,36.21377944946289,394980
2008-11-24,45.525001525878906,47.900001525878906,44.099998474121094,45.22999954223633,35.61921691894531,1002530
2008-11-25,45.78499984741211,49.974998474121094,43.29999923706055,49.154998779296875,38.710205078125,2517500
2008-11-26,49.400001525878906,49.79999923706055,46.86000061035156,48.78499984741211,38.4188117980957,1514160
2008-11-27,48.78499984741211,48.78499984741211,48.78499984741211,48.78499984741211,38.4188117980957,0
2008-11-28,48.099998474121094,53.5,48.025001525878906,52.915000915527344,41.6712532043457,1669570
2008-12-01,51.599998474121094,54.88999938964844,50.5099983215332,51.28499984741211,40.387603759765625,801760
2008-12-02,50.0,52.5,49.5099983215332,51.90999984741211,40.87980270385742,471810
2008-12-03,52.70000076293945,54.0,51.900001525878906,53.51499938964844,42.143768310546875,564300
2008-12-04,54.0,55.20000076293945,53.619998931884766,54.875,43.21477127075195,1056960
2008-12-05,54.5,56.400001525878906,54.0099983215332,54.33000183105469,42.78557586669922,378130
2008-12-08,55.5,56.9900016784668,53.11000061035156,53.48500061035156,42.12013244628906,395200
2008-12-10,54.20000076293945,55.685001373291016,53.130001068115234,53.505001068115234,42.13587951660156,517320
2008-12-11,51.01499938964844,56.400001525878906,50.529998779296875,56.005001068115234,44.10466766357422,695460
2008-12-12,55.0,55.4900016784668,54.14500045776367,54.994998931884766,43.30927658081055,571310
2008-12-15,56.5,57.69499969482422,54.5,55.45000076293945,43.6675910949707,707060
2008-12-16,55.79999923706055,55.994998931884766,54.209999084472656,54.79499816894531,43.15177536010742,679310
2008-12-17,55.20000076293945,55.790000915527344,52.90999984741211,53.1349983215332,41.84450149536133,662580
2008-12-18,54.79999923706055,55.5,51.79999923706055,54.59000015258789,42.990333557128906,735950
2008-12-19,54.119998931884766,59.58000183105469,53.334999084472656,58.880001068115234,46.36875915527344,1275040
2008-12-22,58.79999923706055,61.9900016784668,58.349998474121094,60.86000061035156,47.928043365478516,1378040
2008-12-23,60.900001525878906,62.20000076293945,59.005001068115234,59.45500183105469,46.82158279418945,633170
2008-12-24,59.79999923706055,59.935001373291016,57.79999923706055,59.29499816894531,46.69557571411133,642660
2008-12-26,58.79999923706055,59.79999923706055,57.20000076293945,57.724998474121094,45.45918273925781,205460
2008-12-29,56.900001525878906,60.189998626708984,56.0,59.275001525878906,46.67983627319336,568450
2008-12-30,59.0,60.599998474121094,58.20500183105469,59.98500061035156,47.23897171020508,361500
2008-12-31,59.994998931884766,61.599998474121094,59.404998779296875,60.005001068115234,47.25471878051758,715520
2009-01-02,61.599998474121094,63.5,61.029998779296875,63.13999938964844,49.72357177734375,969510
2009-01-05,63.525001525878906,64.4000015258789,61.505001068115234,62.814998626708984,49.46762466430664,400100
2009-01-06,62.79499816894531,64.0,60.20000076293945,62.470001220703125,49.19594192504883,395230
2009-01-07,62.9900016784668,63.349998474121094,61.125,61.935001373291016,48.77461624145508,462960
2009-01-09,59.125,62.79999923706055,59.125,61.375,48.33360290527344,209380
2009-01-12,61.650001525878906,62.599998474121094,60.505001068115234,61.14500045776367,48.15248489379883,256700
2009-01-13,60.79999923706055,62.79999923706055,60.61000061035156,62.209999084472656,48.99119186401367,476310
2009-01-14,62.32500076293945,63.400001525878906,62.32500076293945,62.6150016784668,49.31012725830078,206600
2009-01-15,60.52000045776367,63.5,60.52000045776367,62.9900016784668,49.605445861816406,948320
2009-01-16,63.29999923706055,63.79999923706055,62.90999984741211,63.025001525878906,49.63300704956055,393420
2009-01-19,63.29999923706055,63.29999923706055,61.5,62.97999954223633,49.597572326660156,690660
2009-01-20,63.0,63.0,61.099998474121094,62.290000915527344,49.054176330566406,1212530
2009-01-21,62.0,63.0,60.5,60.8849983215332,47.947731018066406,848370
2009-01-22,60.619998931884766,62.27000045776367,59.51499938964844,61.0,48.03828811645508,442250
2009-01-23,60.5,62.95000076293945,59.720001220703125,62.209999084472656,48.99119186401367,382070
2009-01-27,62.5,63.349998474121094,61.79999923706055,62.10499954223633,48.90850067138672,149100
2009-01-28,61.20000076293945,62.70000076293945,61.20000076293945,62.150001525878906,48.943931579589844,131290
2009-01-29,62.0,62.97999954223633,61.814998626708984,62.66999816894531,49.353424072265625,129690
2009-01-30,62.900001525878906,63.19499969482422,59.5,60.59000015258789,47.71540832519531,1805250
2009-02-02,60.599998474121094,60.599998474121094,59.0,59.39500045776367,46.77433395385742,437850
2009-02-03,58.599998474121094,59.0,55.79999923706055,56.26499938964844,44.309417724609375,824390
2009-02-04,56.005001068115234,57.88999938964844,56.005001068115234,56.95000076293945,44.84886932373047,813530
2009-02-05,57.4900016784668,57.4900016784668,55.005001068115234,55.30500030517578,43.55341339111328,385930
2009-02-06,56.290000915527344,56.290000915527344,54.630001068115234,55.064998626708984,43.364402770996094,626540
2009-02-09,54.625,55.5,53.525001525878906,55.029998779296875,43.33684158325195,1063550
2009-02-10,55.20000076293945,56.0,54.6150016784668,55.334999084472656,43.577030181884766,767660
2009-02-11,55.0,55.4900016784668,54.70000076293945,55.029998779296875,43.33684158325195,378580
2009-02-12,55.20000076293945,55.29499816894531,54.23500061035156,54.55500030517578,42.9627685546875,293840
2009-02-13,54.130001068115234,55.345001220703125,53.5099983215332,54.78499984741211,43.14390563964844,943410
2009-02-16,54.71500015258789,55.5,54.60499954223633,54.689998626708984,43.06908416748047,5943900
2009-02-17,54.70000076293945,55.5,53.20000076293945,53.970001220703125,42.502079010009766,554680
2009-02-18,52.20000076293945,54.400001525878906,52.20000076293945,52.97999954223633,41.72243881225586,343690
2009-02-19,54.79499816894531,63.0,51.224998474121094,52.09000015258789,41.02154541015625,6886530
2009-02-20,52.0,56.099998474121094,51.025001525878906,54.5099983215332,42.92732620239258,743630
2009-02-24,52.654998779296875,55.130001068115234,52.20000076293945,54.64500045776367,43.03364562988281,417280
2009-02-25,54.90999984741211,56.5,53.650001525878906,56.03499984741211,44.12828826904297,826540
2009-02-26,55.810001373291016,58.400001525878906,55.005001068115234,57.86000061035156,45.56549835205078,1058750
2009-02-27,59.0,60.77000045776367,57.5,57.98500061035156,45.663936614990234,1098920
2009-03-02,57.099998474121094,58.779998779296875,55.5,56.279998779296875,44.321231842041016,289090
2009-03-03,55.599998474121094,56.0,54.79999923706055,55.064998626708984,43.364402770996094,162010
2009-03-04,55.5,55.994998931884766,54.505001068115234,55.04999923706055,43.35258483886719,154440
2009-03-05,55.875,55.875,53.54999923706055,54.06999969482422,42.58082580566406,292190
2009-03-06,53.5099983215332,57.970001220703125,51.70500183105469,54.790000915527344,43.1478385925293,524420
2009-03-09,55.70000076293945,55.994998931884766,53.599998474121094,54.25,42.72257614135742,401690
2009-03-12,55.0,55.494998931884766,53.79999923706055,54.185001373291016,42.671390533447266,113190
2009-03-13,54.814998626708984,56.970001220703125,54.29999923706055,54.630001068115234,43.021846771240234,320790
2009-03-16,55.099998474121094,55.69499969482422,52.60499954223633,52.88999938964844,41.65156555175781,900450
2009-03-17,53.79999923706055,53.79999923706055,52.29999923706055,52.720001220703125,41.517677307128906,371630
2009-03-18,52.900001525878906,53.025001525878906,51.900001525878906,52.05500030517578,40.99398422241211,858900
2009-03-19,52.150001525878906,52.70000076293945,51.70000076293945,52.02000045776367,40.96642303466797,841410
2009-03-20,52.900001525878906,55.970001220703125,50.79999923706055,53.55500030517578,42.17525863647461,806800
2009-03-23,54.0,55.900001525878906,53.60499954223633,54.974998474121094,43.29352569580078,646860
2009-03-24,56.29999923706055,57.099998474121094,53.025001525878906,53.369998931884766,42.02956771850586,552540
2009-03-25,53.5,55.27000045776367,53.5,54.474998474121094,42.89976501464844,468460
2009-03-26,54.994998931884766,56.900001525878906,54.5,56.0099983215332,44.10860061645508,1127460
2009-03-27,56.79999923706055,58.0,56.25,56.564998626708984,44.54566955566406,542590
2009-03-30,55.5,58.97999954223633,55.314998626708984,57.974998474121094,45.656063079833984,1662560
2009-03-31,58.0,59.470001220703125,57.209999084472656,58.45500183105469,46.03407287597656,2203490
2009-04-01,59.349998474121094,59.349998474121094,57.5,58.38999938964844,45.982887268066406,1415360
2009-04-02,58.96500015258789,60.970001220703125,58.70000076293945,59.05500030517578,46.5065803527832,1010170
2009-04-06,59.5,61.150001525878906,58.61000061035156,59.01499938964844,46.47508239746094,677210
2009-04-08,57.209999084472656,59.89500045776367,57.209999084472656,59.1349983215332,46.5695686340332,1559290
2009-04-09,59.89500045776367,60.54499816894531,59.20000076293945,59.709999084472656,47.02239990234375,680060
2009-04-13,59.79499816894531,62.79999923706055,59.79499816894531,62.130001068115234,48.92818069458008,1564930
2009-04-15,61.900001525878906,65.30000305175781,61.5,64.83999633789062,51.062347412109375,1212390
2009-04-16,65.0999984741211,69.4000015258789,65.0999984741211,67.43000030517578,53.10200119018555,2206030
2009-04-17,67.4000015258789,68.98500061035156,67.4000015258789,67.94499969482422,53.507572174072266,744570
2009-04-20,68.33499908447266,70.37999725341797,67.69999694824219,68.97000122070312,54.31477355957031,2378650
2009-04-21,68.79000091552734,70.19999694824219,68.0,69.11499786376953,54.42896270751953,741570
2009-04-22,70.0,70.4000015258789,68.0,68.87000274658203,54.236026763916016,469920
2009-04-23,69.37999725341797,69.9000015258789,68.4000015258789,69.04000091552734,54.369903564453125,761770
2009-04-24,69.80000305175781,69.80000305175781,68.80000305175781,69.45999908447266,54.70065689086914,333540
2009-04-27,69.25,70.9000015258789,68.4000015258789,69.7750015258789,54.94872283935547,967070
2009-04-28,68.4000015258789,69.9000015258789,67.30000305175781,68.1449966430664,53.665077209472656,443830
2009-04-29,68.48999786376953,69.98999786376953,65.81500244140625,67.8499984741211,53.43275833129883,1061080
2009-04-30,69.30000305175781,69.30000305175781,69.30000305175781,69.30000305175781,54.57465362548828,0
2009-05-04,69.5,70.9000015258789,68.5199966430664,69.56999969482422,54.78727340698242,694550
2009-05-05,68.30000305175781,71.0999984741211,68.0,69.29499816894531,54.57072448730469,1859650
2009-05-06,69.5,70.69999694824219,68.0999984741211,69.93499755859375,55.07471466064453,1887110
2009-05-07,70.4000015258789,72.4000015258789,69.25,70.76000213623047,55.72441864013672,1197500
2009-05-08,70.9000015258789,72.9000015258789,70.23500061035156,72.26499938964844,56.90962600708008,1529850
2009-05-11,71.0999984741211,73.0999984741211,68.23500061035156,71.0999984741211,55.99217987060547,763050
2009-05-12,70.0,71.49500274658203,69.0,69.94999694824219,55.08653259277344,1609370
2009-05-13,70.0999984741211,70.49500274658203,67.80000305175781,68.19999694824219,53.70838928222656,476780
2009-05-14,65.51000213623047,69.30000305175781,65.30000305175781,67.30500030517578,53.00356674194336,965210
2009-05-15,68.4000015258789,71.5,67.5,68.2750015258789,53.7674446105957,2074390
2009-05-18,73.0,73.0999984741211,71.0,72.81500244140625,57.342769622802734,2820
2009-05-19,73.9000015258789,74.9000015258789,62.0,68.98999786376953,54.33052062988281,1154330
2009-05-20,67.00499725341797,71.0,65.11499786376953,69.79000091552734,54.960533142089844,5783410
2009-05-21,70.5,71.5,68.0,69.67500305175781,54.869972229003906,2012720
2009-05-22,69.0999984741211,70.29499816894531,68.0250015258789,68.87999725341797,54.24388885498047,750780
2009-05-25,68.0,70.50499725341797,66.1449966430664,69.97000122070312,55.10227966308594,2548330
2009-05-26,70.19999694824219,71.99500274658203,69.0,69.42500305175781,54.673091888427734,3383620
2009-05-27,70.46499633789062,71.5999984741211,69.03500366210938,70.04499816894531,55.16134262084961,1495620
2009-05-28,70.45999908447266,70.48999786376953,68.41000366210938,68.73999786376953,54.13363265991211,1923060
2009-05-29,69.0,70.16999816894531,68.80000305175781,69.31500244140625,54.586463928222656,2803420
2009-06-01,70.4000015258789,70.78500366210938,69.0,69.19999694824219,54.495906829833984,1946390
2009-06-02,69.0,72.69999694824219,68.5999984741211,72.22000122070312,56.87419128417969,6922020
2009-06-03,72.9000015258789,79.80000305175781,72.9000015258789,78.79000091552734,62.04814910888672,8557960
2009-06-04,78.0,81.0,77.02999877929688,80.28500366210938,63.22547912597656,2562130
2009-06-05,81.7750015258789,81.98999786376953,77.5,79.38999938964844,62.520660400390625,1249470
2009-06-08,80.0,80.88999938964844,76.70999908447266,77.47000122070312,61.00862503051758,1315080
2009-06-09,75.125,82.69999694824219,72.2249984741211,81.37000274658203,64.07991027832031,1148470
2009-06-10,82.5999984741211,84.48999786376953,81.0199966430664,81.5250015258789,64.20199584960938,1752230
2009-06-11,82.5,83.80000305175781,77.5999984741211,78.57499694824219,61.87882614135742,2289420
2009-06-12,79.88500213623047,81.0,75.81500244140625,76.12999725341797,59.9533576965332,2094370
2009-06-15,77.5999984741211,78.69999694824219,74.18000030517578,76.28500366210938,60.075439453125,1448420
2009-06-16,74.20500183105469,77.4000015258789,71.125,76.75,60.44163131713867,471680
2009-06-17,78.30000305175781,83.69999694824219,74.0250015258789,74.6050033569336,58.75241470336914,2592970
2009-06-18,74.7249984741211,76.4000015258789,72.5,72.8550033569336,57.37425994873047,1795320
2009-06-19,74.0,74.86000061035156,71.83499908447266,72.55999755859375,57.14193344116211,906580
2009-06-22,74.4000015258789,74.4000015258789,71.80000305175781,72.9000015258789,57.40970230102539,717670
2009-06-23,72.0,72.88999938964844,71.0999984741211,72.62000274658203,57.1891975402832,355810
2009-06-24,73.48999786376953,73.62000274658203,72.19999694824219,72.38500213623047,57.00413513183594,1119030
2009-06-25,73.1500015258789,74.0,69.51499938964844,70.38500213623047,55.429100036621094,2684710
2009-06-26,71.9000015258789,73.5,71.19999694824219,72.86499786376953,57.38212966918945,1171150
2009-06-29,72.80000305175781,74.99500274658203,72.11499786376953,73.98999786376953,58.26807403564453,1462490
2009-06-30,74.5,75.09500122070312,71.125,72.11499786376953,56.79149627685547,2208540
2009-07-01,73.0,74.9749984741211,71.94999694824219,73.45999908447266,57.85069274902344,1582280
2009-07-02,73.5,73.99500274658203,72.9000015258789,73.51499938964844,57.894012451171875,822960
2009-07-03,73.51499938964844,74.30000305175781,72.69999694824219,73.93499755859375,58.22477340698242,1882880
2009-07-06,74.9000015258789,74.94000244140625,70.0,70.78500366210938,55.74410629272461,584730
2009-07-07,71.80000305175781,73.33000183105469,70.5250015258789,71.5999984741211,56.38592529296875,2743470
2009-07-08,71.5999984741211,72.3949966430664,70.09500122070312,71.19499969482422,56.06698989868164,2075050
2009-07-09,70.70500183105469,72.9749984741211,70.70500183105469,72.61499786376953,57.185245513916016,649000
2009-07-10,72.0,73.67500305175781,72.0,72.80500030517578,57.33488845825195,890460
2009-07-13,71.98999786376953,72.48999786376953,71.01000213623047,71.79000091552734,56.53556823730469,241370
2009-07-14,72.9000015258789,73.9000015258789,72.32499694824219,72.87000274658203,57.38608169555664,740890
2009-07-15,73.69999694824219,74.79000091552734,72.88999938964844,74.40499877929688,58.59490966796875,357780
2009-07-16,74.9000015258789,76.8499984741211,74.9000015258789,75.38999938964844,59.37058639526367,2464930
2009-07-17,75.65499877929688,76.1449966430664,74.80000305175781,75.26000213623047,59.26824188232422,2089360
2009-07-20,76.69999694824219,76.69999694824219,74.30000305175781,75.56999969482422,59.51235580444336,779970
2009-07-21,76.0,76.69499969482422,74.80000305175781,75.76499938964844,59.665924072265625,1414300
2009-07-22,75.0999984741211,78.0,75.0999984741211,76.83000183105469,60.50462341308594,1758510
2009-07-23,78.0,78.80000305175781,77.48999786376953,78.52999877929688,61.843387603759766,506200
2009-07-24,78.88999938964844,79.5999984741211,77.6050033569336,78.48999786376953,61.811885833740234,872280
2009-07-27,78.06500244140625,81.2699966430664,78.06500244140625,80.6449966430664,63.508995056152344,1662870
2009-07-28,81.0,81.87000274658203,79.5250015258789,80.30000305175781,63.23729705810547,610210
2009-07-29,79.4000015258789,81.5,76.25,80.29000091552734,63.22942352294922,2354620
2009-07-30,80.19000244140625,82.69499969482422,78.5199966430664,82.24500274658203,64.76900482177734,1765990
2009-07-31,82.55000305175781,85.5,81.91000366210938,85.09500122070312,67.01343536376953,1308730
2009-08-03,85.5,91.4000015258789,84.80000305175781,90.91999816894531,71.60067749023438,1314460
2009-08-04,90.0,92.5,89.11000061035156,90.43000030517578,71.21480560302734,870490
2009-08-05,90.5,90.6500015258789,89.0,89.87999725341797,70.78167724609375,646970
2009-08-06,89.5,89.9000015258789,86.80999755859375,87.46499633789062,68.87982177734375,589550
2009-08-07,85.9000015258789,87.98999786376953,83.69999694824219,84.93000030517578,66.88348388671875,958650
2009-08-10,86.0,88.0,84.1050033569336,84.51000213623047,66.55271911621094,1124200
2009-08-11,85.0,86.98999786376953,84.63500213623047,86.36499786376953,68.01356506347656,470990
2009-08-12,86.4000015258789,89.9000015258789,85.61000061035156,89.55000305175781,70.52178955078125,756740
2009-08-13,88.95999908447266,91.9800033569336,88.95999908447266,90.93000030517578,73.0179672241211,2069320
2009-08-14,91.30000305175781,96.30000305175781,90.69999694824219,93.63999938964844,75.19414520263672,2346180
2009-08-17,92.80000305175781,94.46499633789062,88.5250015258789,89.36499786376953,71.76126098632812,594650
2009-08-18,89.19999694824219,90.5,87.65499877929688,89.36000061035156,71.75723266601562,1414280
2009-08-19,90.0,90.79000091552734,88.40499877929688,89.04499816894531,71.50428009033203,698130
2009-08-20,89.0,90.19499969482422,88.0250015258789,88.63500213623047,71.175048828125,371220
2009-08-21,88.0250015258789,95.4000015258789,87.41000366210938,93.83499908447266,75.3507080078125,6447830
2009-08-24,94.0,98.76499938964844,92.4000015258789,97.38500213623047,78.201416015625,6333020
2009-08-25,96.5,98.5999984741211,94.5,96.01000213623047,77.09727478027344,1406930
2009-08-26,97.5,99.30000305175781,95.70500183105469,97.29000091552734,78.12513732910156,2741260
2009-08-27,97.29000091552734,101.79000091552734,95.51499938964844,96.08000183105469,77.15349578857422,7902200
2009-08-28,96.0,97.08999633789062,94.12999725341797,94.73999786376953,76.07745361328125,1131080
2009-08-31,94.48999786376953,96.5,93.5,94.48500061035156,75.8726806640625,1600670
2009-09-01,95.05500030517578,96.87000274658203,92.03500366210938,93.1500015258789,74.80064392089844,3104630
2009-09-02,97.03500366210938,97.03500366210938,92.9000015258789,93.51499938964844,75.09376525878906,1656220
2009-09-03,94.19999694824219,96.5,94.0,94.63500213623047,75.9931411743164,4148890
2009-09-04,95.6500015258789,95.69999694824219,93.5999984741211,94.08000183105469,75.54747009277344,756950
2009-09-07,95.0,95.48999786376953,94.01000213623047,94.4000015258789,75.80441284179688,891410
2009-09-08,95.0,95.43499755859375,92.69999694824219,93.17500305175781,74.82073211669922,1358870
2009-09-09,93.17500305175781,95.30000305175781,92.3499984741211,94.59500122070312,75.96101379394531,3282780
2009-09-10,95.0,95.98500061035156,92.5,93.11499786376953,74.77254486083984,3753190
2009-09-11,94.0,94.3949966430664,91.01000213623047,91.88999938964844,73.78885650634766,1869540
2009-09-14,91.88999938964844,92.4000015258789,90.70999908447266,91.02999877929688,73.09827423095703,922480
2009-09-15,91.79499816894531,93.0,91.4000015258789,92.4000015258789,74.19840240478516,1403450
2009-09-16,92.5,92.94499969482422,91.75499725341797,92.06500244140625,73.92938995361328,1292090
2009-09-17,92.77999877929688,93.0,90.81999969482422,91.33000183105469,73.33917236328125,1245220
2009-09-18,91.94999694824219,92.58999633789062,90.91500091552734,91.5199966430664,73.49173736572266,2150350
2009-09-22,92.58999633789062,92.58999633789062,91.0,91.52999877929688,73.49977111816406,1639050
2009-09-23,90.5999984741211,92.5,90.5999984741211,91.18499755859375,73.22273254394531,4220800
2009-09-24,90.92500305175781,92.19499969482422,89.61000061035156,90.76499938964844,72.88546752929688,5239200
2009-09-25,90.69999694824219,92.0999984741211,90.69999694824219,91.13500213623047,73.18258666992188,1617430
2009-09-29,91.19999694824219,92.0,91.0,91.31999969482422,73.33114624023438,2088140
2009-09-30,91.9800033569336,91.9800033569336,89.5,89.69999694824219,72.0302734375,6398440
2009-10-01,90.0999984741211,91.08999633789062,89.0999984741211,89.38999938964844,71.78132629394531,1386280
2009-10-05,91.0,91.0,87.5,87.72000122070312,70.44032287597656,3754420
2009-10-06,89.0,89.69000244140625,86.70500183105469,87.06999969482422,69.91834259033203,5175430
2009-10-07,89.0,89.0,86.51000213623047,86.91500091552734,69.79387664794922,838710
2009-10-08,87.5999984741211,89.19999694824219,87.00499725341797,88.34500122070312,70.94219207763672,1830240
2009-10-09,89.0,89.5,87.12999725341797,87.83499908447266,70.53263854980469,1452600
2009-10-12,88.0999984741211,88.38999938964844,86.63500213623047,87.44999694824219,70.22347259521484,857970
2009-10-13,87.4000015258789,87.4000015258789,87.4000015258789,87.4000015258789,70.18333435058594,0
2009-10-14,88.5,88.5,87.51000213623047,87.7750015258789,70.4844741821289,3037930
2009-10-15,87.30999755859375,88.5,86.51000213623047,88.02999877929688,70.6892318725586,2998710
2009-10-16,88.48999786376953,89.38999938964844,87.7750015258789,87.97000122070312,70.64104461669922,1406970
2009-10-20,88.4000015258789,88.5,86.20999908447266,87.06500244140625,69.91432189941406,3435570
2009-10-21,86.69999694824219,87.80000305175781,85.50499725341797,86.03500366210938,69.08722686767578,1075370
2009-10-22,85.5,87.0,85.5,85.57499694824219,68.71782684326172,1341200
2009-10-23,86.19999694824219,87.27999877929688,85.80999755859375,86.75,69.66136932373047,1044090
2009-10-26,88.4000015258789,96.2249984741211,84.5999984741211,85.01499938964844,68.26814270019531,955060
2009-10-27,85.0,85.38500213623047,82.41000366210938,83.18000030517578,66.79459381103516,1542870
2009-10-28,82.99500274658203,84.69999694824219,82.0999984741211,84.125,67.55345916748047,2470720
2009-10-29,83.9000015258789,86.54499816894531,82.30999755859375,85.50499725341797,68.66162872314453,9040740
2009-10-30,94.2750015258789,94.2750015258789,85.01499938964844,85.66500091552734,68.79010772705078,2388140
2009-11-03,85.4000015258789,86.30000305175781,83.19999694824219,83.72000122070312,67.22825622558594,2250580
2009-11-04,85.0,86.0,83.83999633789062,84.69000244140625,68.00716400146484,2158720
2009-11-05,85.7699966430664,86.49500274658203,83.80999755859375,86.05999755859375,69.10729217529297,921880
2009-11-06,97.0,97.0,86.80000305175781,89.44000244140625,71.82149505615234,4696530
2009-11-09,90.0,94.0,89.5,90.26000213623047,72.4799575805664,5637510
2009-11-10,91.19999694824219,92.76499938964844,90.01000213623047,91.2750015258789,73.29499053955078,3156590
2009-11-11,92.0,92.9000015258789,91.5199966430664,92.48999786376953,74.27068328857422,2784120
2009-11-12,91.80500030517578,93.5999984741211,90.5999984741211,91.4749984741211,73.45561218261719,1256160
2009-11-13,93.0,93.0,90.50499725341797,90.7699966430664,72.88947296142578,612540
2009-11-16,91.30000305175781,91.68499755859375,89.0,89.43499755859375,71.81747436523438,611030
2009-11-17,89.80000305175781,89.80000305175781,87.2300033569336,87.86499786376953,70.5567398071289,997260
2009-11-18,87.80000305175781,89.19999694824219,87.5,88.0,70.66513061523438,971850
2009-11-19,95.0,95.0,85.51000213623047,85.86499786376953,68.95069885253906,961190
2009-11-20,94.0,94.0,85.20500183105469,86.94999694824219,69.82198333740234,563660
2009-11-23,88.0,88.38999938964844,86.5,87.81500244140625,70.51658630371094,493980
2009-11-24,88.0,91.19999694824219,87.80000305175781,90.53500366210938,72.70079040527344,2058040
2009-11-25,91.0,91.5,90.0,90.19000244140625,72.42374420166016,1357130
2009-11-26,90.19000244140625,91.0,89.0999984741211,89.9749984741211,72.25108337402344,1224560
2009-11-27,91.0,91.0,85.875,88.88500213623047,71.37580108642578,2379160
2009-11-30,89.9000015258789,90.9000015258789,89.30000305175781,90.18000030517578,72.41570281982422,755630
2009-12-01,90.5999984741211,91.22000122070312,90.0,90.4800033569336,72.6566162109375,563370
2009-12-02,91.19999694824219,91.19999694824219,89.30500030517578,89.5199966430664,71.8857192993164,301610
2009-12-03,90.38500213623047,90.5,88.5250015258789,88.91999816894531,71.40391540527344,484060
2009-12-04,89.20999908447266,92.8499984741211,88.19999694824219,92.1050033569336,73.96150970458984,2041100
2009-12-07,92.9000015258789,93.9000015258789,92.0,92.26000213623047,74.08598327636719,1494560
2009-12-08,92.5,95.98999786376953,92.01000213623047,95.5999984741211,76.7680435180664,2995630
2009-12-09,95.9000015258789,96.80000305175781,94.01000213623047,95.33000183105469,76.55122375488281,2867170
2009-12-10,97.0,97.0,94.5250015258789,95.7249984741211,76.868408203125,863680
2009-12-11,96.5,96.5,93.76000213623047,94.5,75.88471221923828,986000
2009-12-14,94.01000213623047,94.79000091552734,92.62999725341797,93.41000366210938,75.00943756103516,610320
2009-12-15,93.5,94.73999786376953,92.2249984741211,92.5250015258789,74.29877471923828,772310
2009-12-16,99.9000015258789,99.9000015258789,92.0,93.51499938964844,75.09376525878906,686660
2009-12-17,93.61000061035156,93.97000122070312,92.41000366210938,92.93000030517578,74.62398529052734,361660
2009-12-18,92.40499877929688,93.30000305175781,91.9000015258789,92.44999694824219,74.23853302001953,411370
2009-12-21,92.68000030517578,93.88999938964844,91.9000015258789,92.79000091552734,74.5115737915039,759870
2009-12-22,91.48999786376953,94.0,91.48999786376953,92.9749984741211,74.6601333618164,441460
2009-12-23,93.69999694824219,95.4000015258789,92.5999984741211,94.76499938964844,76.0975112915039,1115070
2009-12-24,95.00499725341797,95.69999694824219,94.19999694824219,94.99500274658203,76.2822036743164,643830
2009-12-29,93.5999984741211,96.4000015258789,93.5999984741211,95.72000122070312,76.86441040039062,833360
2009-12-30,96.25,96.29499816894531,95.0999984741211,95.34500122070312,76.56328582763672,508250
2009-12-31,95.5,96.2750015258789,93.80999755859375,94.1050033569336,75.56754302978516,1560370
2010-01-04,94.5,95.5,93.91500091552734,94.92500305175781,76.22599029541016,952740
2010-01-05,95.5,105.23500061035156,95.0999984741211,102.28500366210938,82.13616943359375,7061550
2010-01-06,103.19999694824219,104.83999633789062,100.41999816894531,103.88500213623047,83.4209976196289,2960980
2010-01-07,104.98999786376953,106.80000305175781,103.30000305175781,104.25,83.7140884399414,3807800
2010-01-08,104.69999694824219,107.4749984741211,104.11000061035156,104.7699966430664,84.13167572021484,2940330
2010-01-11,105.5,107.30000305175781,104.69999694824219,105.36000061035156,84.60543060302734,1252350
2010-01-12,106.0,106.0,102.31500244140625,102.94999694824219,82.67017364501953,1036880
2010-01-13,103.5,105.0,101.125,104.29499816894531,83.750244140625,1381270
2010-01-14,105.29000091552734,105.5999984741211,103.5,103.92500305175781,83.45313262939453,1508600
2010-01-15,104.30000305175781,104.67500305175781,103.52999877929688,103.8550033569336,83.39691162109375,337560
2010-01-18,103.55500030517578,104.4000015258789,102.69999694824219,103.0999984741211,82.79063415527344,313970
2010-01-19,104.0,104.80000305175781,100.4000015258789,101.45999908447266,81.47370910644531,683290
2010-01-20,102.0,102.5,99.16500091552734,100.16500091552734,80.43378448486328,661200
2010-01-21,100.5999984741211,101.8949966430664,97.30500030517578,98.33000183105469,78.96026611328125,1152590
2010-01-22,97.5,98.67500305175781,95.51000213623047,97.58499908447266,78.36199951171875,1692970
2010-01-25,97.19999694824219,98.25,95.99500274658203,96.375,77.39037322998047,1863110
2010-01-27,96.5,98.5,91.69999694824219,93.51000213623047,75.0897445678711,1375400
2010-01-28,93.52999877929688,95.0999984741211,90.01000213623047,91.25499725341797,73.27893829345703,2424720
2010-01-29,89.5,92.80000305175781,87.19999694824219,91.51499938964844,73.48774719238281,1788280
2010-02-01,93.0,94.25,90.0,93.98500061035156,75.47117614746094,1156990
2010-02-02,95.9000015258789,95.9000015258789,91.79000091552734,92.45500183105469,74.24256896972656,874360
2010-02-03,95.80000305175781,96.0,91.19999694824219,95.33000183105469,76.55122375488281,1486880
2010-02-04,93.91999816894531,97.5,93.62999725341797,93.90499877929688,75.40691375732422,837300
2010-02-05,92.5,94.9800033569336,90.18000030517578,92.90499877929688,74.60392761230469,1033380
2010-02-08,94.0,94.5,91.76000213623047,93.97000122070312,75.4591293334961,314200
2010-02-09,94.58499908447266,95.0,92.5999984741211,94.3499984741211,75.76426696777344,581940
2010-02-10,94.94999694824219,94.94999694824219,93.01000213623047,93.38999938964844,74.9933853149414,326990
2010-02-11,94.0,96.59500122070312,93.27999877929688,95.44999694824219,76.64759826660156,515920
2010-02-15,95.5,96.5,94.72000122070312,95.03500366210938,76.31433868408203,194930
2010-02-16,95.5,96.08499908447266,94.30999755859375,94.63999938964844,75.99713897705078,155220
2010-02-17,95.19999694824219,95.58499908447266,93.50499725341797,94.0,75.48320770263672,1385110
2010-02-18,94.0999984741211,95.0,93.9000015258789,94.07499694824219,75.54342651367188,251740
2010-02-19,93.86499786376953,94.04000091552734,92.5,92.69000244140625,74.43126678466797,138290
2010-02-22,93.5999984741211,93.9000015258789,93.0,93.04000091552734,74.71231842041016,262530
2010-02-23,93.0,93.4800033569336,91.70999908447266,93.0199966430664,74.69625854492188,175600
2010-02-24,91.625,94.5,91.625,93.55500030517578,75.1258773803711,269500
2010-02-25,93.0,94.0,91.13500213623047,92.29499816894531,74.11407470703125,1749010
2010-02-26,92.7249984741211,94.31999969482422,92.51000213623047,93.75499725341797,75.28646850585938,244480
2010-03-02,93.83000183105469,96.19999694824219,92.4000015258789,95.43499755859375,76.63554382324219,452030
2010-03-03,95.61499786376953,98.44499969482422,95.12999725341797,97.68499755859375,78.44230651855469,829880
2010-03-04,95.87000274658203,98.7699966430664,95.87000274658203,97.91500091552734,78.62700653076172,385760
2010-03-05,98.0999984741211,100.0,96.63500213623047,96.95999908447266,77.86013793945312,756240
2010-03-08,97.06999969482422,99.05000305175781,95.55500030517578,96.05000305175781,77.12940216064453,439680
2010-03-09,97.44999694824219,97.44999694824219,94.01000213623047,94.36499786376953,75.77632141113281,395530
2010-03-10,94.41999816894531,96.70999908447266,94.0,95.70500183105469,76.85234832763672,529800
2010-03-11,94.5999984741211,97.30000305175781,94.5999984741211,96.36000061035156,77.37834167480469,550340
2010-03-12,96.19999694824219,96.80000305175781,95.80999755859375,96.01000213623047,77.09727478027344,303440
2010-03-15,96.0999984741211,96.67500305175781,94.5999984741211,96.11000061035156,77.17757415771484,345370
2010-03-16,95.5199966430664,96.9749984741211,94.5250015258789,95.51499938964844,76.69979095458984,667470
2010-03-17,96.9000015258789,96.9000015258789,95.0999984741211,95.84500122070312,76.96478271484375,360970
2010-03-18,95.30000305175781,96.22000122070312,94.50499725341797,94.93000030517578,76.23002624511719,695260
2010-03-19,95.0999984741211,95.70999908447266,94.16500091552734,94.9749984741211,76.26614379882812,784660
2010-03-22,94.0,96.33999633789062,93.9000015258789,95.30999755859375,76.53516387939453,529240
2010-03-23,95.9000015258789,95.9000015258789,93.5,93.9000015258789,75.40292358398438,615840
2010-03-25,94.83999633789062,94.83999633789062,92.4000015258789,93.98500061035156,75.47117614746094,736820
2010-03-26,94.97000122070312,94.97000122070312,93.1050033569336,93.55000305175781,75.12185668945312,364640
2010-03-29,94.01000213623047,98.19999694824219,92.4000015258789,96.69499969482422,77.64734649658203,1021480
2010-03-30,96.0999984741211,100.69000244140625,95.125,98.8499984741211,79.37783813476562,1694470
2010-03-31,98.5,99.9000015258789,96.80500030517578,97.88500213623047,78.60291290283203,582450
2010-04-01,98.30000305175781,98.30000305175781,96.6050033569336,97.04499816894531,77.92839050292969,197520
2010-04-05,97.5,97.5,96.0250015258789,96.63999938964844,77.60315704345703,541610
2010-04-06,97.9000015258789,97.9000015258789,96.76000213623047,96.99500274658203,77.88822937011719,228230
2010-04-07,96.99500274658203,98.5,96.99500274658203,97.625,78.39412689208984,254820
2010-04-08,96.6050033569336,98.4000015258789,96.6050033569336,97.3499984741211,78.17330169677734,328630
2010-04-09,95.86000061035156,100.70999908447266,95.86000061035156,100.12999725341797,80.40569305419922,2377930
2010-04-12,101.29499816894531,104.44999694824219,100.5,102.01499938964844,81.91936492919922,2516040
2010-04-13,102.0999984741211,104.0,101.1500015258789,101.5199966430664,81.52186584472656,613100
2010-04-15,101.02999877929688,103.4000015258789,100.0999984741211,100.61000061035156,80.79112243652344,363340
2010-04-16,100.0,100.61000061035156,98.0999984741211,98.4000015258789,79.0164794921875,1732310
2010-04-19,98.4000015258789,104.5,96.40499877929688,99.20500183105469,79.66291046142578,348890
2010-04-20,100.0,100.41999816894531,98.81999969482422,99.5250015258789,79.91988372802734,200430
2010-04-21,100.0,101.87999725341797,99.20999908447266,101.04000091552734,81.13642883300781,388740
2010-04-22,100.01000213623047,102.9000015258789,100.0,102.15499877929688,82.03179168701172,885160
2010-04-23,102.15499877929688,104.19999694824219,101.69999694824219,103.79499816894531,83.3487319946289,775030
2010-04-26,104.4000015258789,105.9000015258789,103.69999694824219,104.88500213623047,84.2240219116211,682410
2010-04-27,105.4000015258789,105.4000015258789,103.21499633789062,103.68499755859375,83.2603988647461,328270
2010-04-28,103.5,104.0,100.2249984741211,100.80000305175781,80.94371032714844,506900
2010-04-29,102.02999877929688,103.0999984741211,100.0999984741211,102.36000061035156,82.19639587402344,500120
2010-04-30,102.0,106.98500061035156,101.6500015258789,105.30500030517578,84.56127166748047,739970
2010-05-03,107.4000015258789,107.58499908447266,104.0,104.43000030517578,83.85863494873047,919290
2010-05-04,104.69999694824219,105.48500061035156,101.2300033569336,101.75499725341797,81.71058654785156,250840
2010-05-05,99.12999725341797,103.9000015258789,98.86000061035156,103.19000244140625,82.8628921508789,388380
2010-05-06,103.0,104.55000305175781,101.11499786376953,103.0250015258789,82.73040771484375,400600
2010-05-07,101.5,103.4000015258789,100.54000091552734,102.54499816894531,82.344970703125,365130
2010-05-10,103.5,104.0,102.2249984741211,103.5,83.11182403564453,246760
2010-05-11,104.44999694824219,104.88500213623047,102.5,103.0,82.71033477783203,1191930
2010-05-12,102.5999984741211,103.9000015258789,102.48999786376953,103.23500061035156,82.89903259277344,614240
2010-05-13,103.23500061035156,105.5,103.23500061035156,103.93499755859375,83.46115112304688,475470
2010-05-14,103.05000305175781,109.19999694824219,102.5,107.05000305175781,85.9625244140625,8759630
2010-05-17,106.0,111.62999725341797,105.5250015258789,110.58999633789062,88.80519104003906,3975260
2010-05-18,111.5,113.83000183105469,110.01000213623047,111.55000305175781,89.57610321044922,2555740
2010-05-19,110.9000015258789,113.5999984741211,109.3550033569336,110.1050033569336,88.41574096679688,2294580
2010-05-20,110.5,112.375,109.5199966430664,110.59500122070312,88.8092041015625,1093440
2010-05-21,109.0,110.29000091552734,106.5,109.81500244140625,88.18286895751953,938520
2010-05-24,112.4000015258789,112.4000015258789,106.12999725341797,107.00499725341797,85.9263916015625,903310
2010-05-25,106.5,106.95500183105469,104.0999984741211,105.68499755859375,84.8664321899414,1625250
2010-05-26,105.6500015258789,108.69999694824219,102.5,103.0250015258789,82.73040771484375,1931880
2010-05-27,103.69999694824219,104.5,99.31500244140625,100.76499938964844,80.91560363769531,3326920
2010-05-28,102.0999984741211,106.49500274658203,102.0,105.94999694824219,85.07920837402344,1668420
2010-05-31,107.0999984741211,109.48500061035156,106.0,108.38999938964844,87.03858184814453,1186130
2010-06-01,109.0,110.80000305175781,106.44999694824219,106.99500274658203,85.91837310791016,623470
2010-06-02,107.9000015258789,108.9000015258789,106.41999816894531,106.88500213623047,85.83003997802734,649490
2010-06-03,108.19000244140625,109.86000061035156,107.9000015258789,108.84500122070312,87.40393829345703,834710
2010-06-04,107.05999755859375,109.80999755859375,107.05999755859375,108.84500122070312,87.40393829345703,478640
2010-06-07,107.03500366210938,107.9000015258789,106.5,107.30500030517578,86.16729736328125,359750
2010-06-08,106.125,108.25,105.50499725341797,106.68499755859375,85.66942596435547,914820
2010-06-09,106.94999694824219,107.4800033569336,105.13999938964844,105.52999877929688,84.741943359375,446470
2010-06-10,105.0250015258789,107.8550033569336,105.0250015258789,107.12000274658203,86.01874542236328,1403780
2010-06-11,108.9000015258789,111.19999694824219,107.20500183105469,110.36499786376953,88.6245346069336,865120
2010-06-14,110.97000122070312,113.19999694824219,110.5,111.16500091552734,89.2669448852539,1376680
2010-06-15,111.19999694824219,113.0999984741211,110.0999984741211,112.06500244140625,89.98966217041016,1002610
2010-06-16,111.125,112.62000274658203,110.15499877929688,112.16500091552734,90.06993865966797,619240
2010-06-17,112.80000305175781,115.87999725341797,112.0999984741211,114.44000244140625,91.89681243896484,3704140
2010-06-18,116.0999984741211,116.0999984741211,112.80000305175781,113.19000244140625,90.8930435180664,711210
2010-06-21,112.55500030517578,119.23999786376953,111.45999908447266,118.38999938964844,95.06871795654297,5272830
2010-06-22,120.0,120.47000122070312,117.26000213623047,117.9800033569336,94.73947143554688,2520520
2010-06-23,118.0,120.30000305175781,117.0,119.04000091552734,95.59065246582031,2295410
2010-06-24,118.5999984741211,119.98999786376953,116.81500244140625,117.62999725341797,94.45841979980469,2856190
2010-06-25,119.19999694824219,119.5999984741211,117.19999694824219,117.86499786376953,94.64714050292969,1193680
2010-06-28,118.0,121.19999694824219,118.0,119.96499633789062,96.33343505859375,1954460
2010-06-29,120.96499633789062,121.80000305175781,117.9000015258789,119.42500305175781,95.89981842041016,1592890
2010-06-30,120.0,123.80000305175781,113.5,121.55000305175781,97.6062240600586,2909074
2010-07-01,121.5999984741211,122.4000015258789,119.0,121.0999984741211,97.24486541748047,1201350
2010-07-02,122.19999694824219,122.19999694824219,120.05000305175781,120.80000305175781,97.00397491455078,554742
2010-07-05,120.80000305175781,121.9000015258789,120.0,120.4000015258789,96.68275451660156,405605
2010-07-06,120.69999694824219,121.3499984741211,119.5,120.3499984741211,96.64261627197266,577632
2010-07-07,120.3499984741211,122.0,119.9000015258789,120.55000305175781,96.80322265625,685064
2010-07-08,121.5,122.30000305175781,120.25,120.5999984741211,96.84335327148438,580934
2010-07-09,121.0,122.6500015258789,120.19999694824219,121.19999694824219,97.32516479492188,924048
2010-07-12,122.0,122.0,119.0,119.80000305175781,96.20097351074219,824092
2010-07-13,120.0,120.44999694824219,119.0,119.8499984741211,96.24111938476562,423872
2010-07-14,120.0999984741211,120.69999694824219,116.25,117.0,93.95252227783203,942977
2010-07-15,118.0,118.3499984741211,115.0999984741211,115.6500015258789,92.86844635009766,853614
2010-07-16,115.5,121.0,115.30000305175781,120.5,96.7630615234375,1341126
2010-07-19,120.05000305175781,122.25,119.6500015258789,121.3499984741211,97.44561767578125,1071677
2010-07-20,125.0,125.0,121.0999984741211,121.9000015258789,97.88727569580078,1049306
2010-07-21,122.0999984741211,123.0,121.05000305175781,121.55000305175781,97.6062240600586,658666
2010-07-22,120.30000305175781,122.0,120.25,120.9000015258789,97.08426666259766,293312
2010-07-23,121.80000305175781,121.94999694824219,120.25,120.6500015258789,96.8835220336914,281312
2010-07-26,120.0999984741211,121.0,117.0999984741211,117.5999984741211,94.434326171875,658440
2010-07-27,117.5999984741211,119.5,112.0,118.6500015258789,95.27749633789062,586100
2010-07-28,118.0,120.5,117.19999694824219,118.25,94.9562759399414,835593
2010-07-29,112.5,121.69999694824219,112.5,116.5999984741211,93.63130187988281,2359134
2010-07-30,116.5,118.0,114.5999984741211,116.05000305175781,93.18966674804688,2656191
2010-08-02,117.30000305175781,118.5,116.5999984741211,117.30000305175781,94.19342803955078,663593
2010-08-03,118.30000305175781,119.94999694824219,117.9000015258789,118.30000305175781,94.9964370727539,611234
2010-08-04,118.5,119.0,116.0999984741211,116.5,93.55101013183594,1012396
2010-08-05,117.0,117.0,113.80000305175781,114.05000305175781,93.16337585449219,777490
2010-08-06,114.0999984741211,114.9000015258789,111.75,112.0999984741211,91.57048797607422,547881
2010-08-09,112.0,113.8499984741211,112.0,112.8499984741211,92.18312072753906,415026
2010-08-10,112.9000015258789,114.30000305175781,111.55000305175781,112.30000305175781,91.73384857177734,327364
2010-08-11,113.75,115.5,112.0,113.9000015258789,93.04083251953125,1307966
2010-08-12,113.0,114.44999694824219,112.25,112.55000305175781,91.93807220458984,434265
2010-08-13,113.4000015258789,116.0,112.5999984741211,114.1500015258789,93.24503326416016,755675
2010-08-16,115.94999694824219,115.94999694824219,110.75,111.25,90.87615203857422,818831
2010-08-17,111.9000015258789,112.4000015258789,109.69999694824219,110.0999984741211,89.9367446899414,1079479
2010-08-18,110.1500015258789,111.19999694824219,108.0999984741211,108.8499984741211,88.91566467285156,959932
2010-08-19,110.0,114.3499984741211,108.5,113.05000305175781,92.34649658203125,1643818
2010-08-20,112.0,113.4000015258789,111.05000305175781,111.5,91.0803451538086,653286
2010-08-23,114.0,118.25,112.0,116.69999694824219,95.32806396484375,4033916
2010-08-24,118.44999694824219,119.80000305175781,116.05000305175781,116.44999694824219,95.12383270263672,3422797
2010-08-25,116.0,118.69999694824219,115.4000015258789,117.0,95.5731201171875,1606579
2010-08-26,118.19999694824219,119.3499984741211,116.5999984741211,118.1500015258789,96.51251220703125,2531255
2010-08-27,119.0,119.8499984741211,117.0999984741211,117.75,96.18577575683594,1375227
2010-08-30,118.80000305175781,119.69999694824219,116.69999694824219,117.5999984741211,96.06324005126953,463046
2010-08-31,117.0,121.0,116.0999984741211,120.5,98.43212890625,2110321
2010-09-01,121.6500015258789,123.6500015258789,120.19999694824219,123.0,100.47428131103516,2274887
2010-09-02,124.19999694824219,124.55000305175781,122.0,122.4000015258789,99.98419189453125,716515
2010-09-03,122.5,124.0,121.8499984741211,122.1500015258789,99.77995300292969,731590
2010-09-06,123.25,124.6500015258789,122.80000305175781,123.1500015258789,100.59683227539062,626335
2010-09-07,124.0,128.5,122.0999984741211,127.69999694824219,104.31356048583984,2683457
2010-09-08,128.0,129.8000030517578,125.0999984741211,127.25,103.94599151611328,2539739
2010-09-09,127.69999694824219,129.5,126.69999694824219,127.80000305175781,104.395263671875,1599954
2010-09-13,128.5,128.8000030517578,125.30000305175781,125.94999694824219,102.88404846191406,1180485
2010-09-14,126.1500015258789,128.1999969482422,123.5,123.9000015258789,101.20947265625,1439867
2010-09-15,124.8499984741211,126.5,123.0,123.25,100.67851257324219,1111988
2010-09-16,124.0,125.0,121.5,122.1500015258789,99.77995300292969,1073175
2010-09-17,122.80000305175781,125.3499984741211,121.5999984741211,122.6500015258789,100.18840026855469,2098722
2010-09-20,122.5,124.94999694824219,122.0,124.55000305175781,101.74044036865234,1073215
2010-09-21,124.55000305175781,125.6500015258789,121.05000305175781,122.5,100.06586456298828,1128334
2010-09-22,123.0,123.5,119.80000305175781,120.80000305175781,98.67720031738281,1032364
2010-09-23,121.5999984741211,124.25,119.9000015258789,123.55000305175781,100.923583984375,1845230
2010-09-24,123.44999694824219,127.5,122.8499984741211,125.0999984741211,102.18970489501953,2458845
2010-09-27,126.3499984741211,126.9000015258789,123.1500015258789,123.5999984741211,100.96441650390625,1209662
2010-09-28,124.5999984741211,125.75,122.05000305175781,122.8499984741211,100.35177612304688,799399
2010-09-29,123.30000305175781,124.75,121.19999694824219,121.5,99.24900817871094,984606
2010-09-30,122.30000305175781,122.69999694824219,119.1500015258789,120.19999694824219,98.18706512451172,1240038
2010-10-01,121.30000305175781,124.0,121.30000305175781,123.5,100.88272857666016,711861
2010-10-04,124.4000015258789,125.44999694824219,123.19999694824219,124.6500015258789,101.8221206665039,670447
2010-10-05,125.0,127.9000015258789,123.19999694824219,127.0,103.74175262451172,1542220
2010-10-06,128.0,129.89999389648438,127.0999984741211,129.3000030517578,105.62053680419922,1598194
2010-10-07,130.10000610351562,138.75,129.64999389648438,133.39999389648438,108.96968078613281,7163066
2010-10-08,134.75,135.9499969482422,131.10000610351562,132.60000610351562,108.31619262695312,1913647
2010-10-11,134.5,135.89999389648438,133.3000030517578,134.25,109.66402435302734,1052978
2010-10-12,134.5,135.75,130.0,131.0,107.00923156738281,1252217
2010-10-13,131.89999389648438,134.39999389648438,131.35000610351562,133.75,109.25557708740234,880932
2010-10-14,134.25,137.0,131.0500030517578,133.0500030517578,108.68378448486328,1826325
2010-10-15,134.85000610351562,134.85000610351562,128.39999389648438,129.85000610351562,106.06981658935547,1040782
2010-10-18,130.10000610351562,131.0,126.3499984741211,129.60000610351562,105.86560821533203,1236535
2010-10-19,131.5,132.85000610351562,128.14999389648438,129.75,105.98812866210938,916321
2010-10-20,129.25,130.75,128.5,129.35000610351562,105.66140747070312,749862
2010-10-21,129.8000030517578,131.10000610351562,128.6999969482422,130.39999389648438,106.51908874511719,1293596
2010-10-22,132.0,132.0,128.0500030517578,128.5500030517578,105.00789642333984,1375503
2010-10-25,129.9499969482422,130.5,128.25,128.4499969482422,104.92620086669922,494115
2010-10-26,129.1999969482422,129.60000610351562,126.69999694824219,127.3499984741211,104.02765655517578,756589
2010-10-27,128.1999969482422,129.5,125.55000305175781,127.25,103.94599151611328,1116487
2010-10-28,128.89999389648438,130.0,127.30000305175781,128.9499969482422,105.33464050292969,1734169
2010-10-29,127.6500015258789,128.0,120.5,124.6500015258789,101.8221206665039,2960093
2010-11-01,126.0,128.39999389648438,123.0,124.55000305175781,101.74044036865234,1621553
2010-11-02,125.5,126.19999694824219,124.55000305175781,125.1500015258789,102.23055267333984,573772
2010-11-03,126.0,126.69999694824219,124.0,124.55000305175781,101.74044036865234,602987
2010-11-04,124.69999694824219,125.80000305175781,123.0999984741211,124.30000305175781,101.53623962402344,722306
2010-11-08,126.0,126.9000015258789,124.5,125.1500015258789,102.23055267333984,1093519
2010-11-09,125.75,128.25,124.1500015258789,127.4000015258789,104.06848907470703,1186665
2010-11-10,129.0,132.75,127.0,131.89999389648438,107.74439239501953,2011117
2010-11-11,132.6999969482422,134.0,127.30000305175781,128.10000610351562,104.64031982421875,1363674
2010-11-12,127.5,129.85000610351562,124.19999694824219,124.8499984741211,101.9854965209961,1155144
2010-11-15,125.8499984741211,126.0,123.0999984741211,124.75,101.90380096435547,490031
2010-11-16,124.75,126.1500015258789,120.0,121.19999694824219,99.00393676757812,1118449
2010-11-18,121.80000305175781,123.5,115.30000305175781,119.5999984741211,97.69697570800781,1214961
2010-11-19,119.80000305175781,125.0999984741211,115.0999984741211,120.0999984741211,98.10538482666016,3005760
2010-11-22,120.5999984741211,120.5999984741211,117.0,119.9000015258789,97.94203186035156,829435
2010-11-23,116.0999984741211,119.69999694824219,114.0999984741211,117.19999694824219,95.7364730834961,1306073
2010-11-24,118.0999984741211,118.9000015258789,116.1500015258789,116.80000305175781,95.40973663330078,516440
2010-11-25,118.5,118.5,107.25,109.94999694824219,89.81421661376953,2586020
2010-11-26,112.4000015258789,113.5,103.5,112.44999694824219,91.85637664794922,2279992
2010-11-29,113.4000015258789,114.0,110.0999984741211,112.94999694824219,92.26480102539062,725219
2010-11-30,112.94999694824219,113.9000015258789,111.05000305175781,112.94999694824219,92.26480102539062,993783
2010-12-01,113.5,116.0,113.0,114.75,93.73516082763672,628391
2010-12-02,115.9000015258789,117.5,114.3499984741211,115.25,94.14359283447266,887683
2010-12-03,116.0,116.0,112.5999984741211,114.0999984741211,93.2042236328125,606153
2010-12-06,113.19999694824219,115.6500015258789,113.19999694824219,114.94999694824219,93.8985595703125,1036023
2010-12-07,115.5999984741211,115.75,113.5999984741211,115.25,94.14359283447266,566010
2010-12-08,115.0,115.4000015258789,113.69999694824219,114.8499984741211,93.81685638427734,1032008
2010-12-09,115.9000015258789,115.9000015258789,110.19999694824219,111.5,91.0803451538086,1285356
2010-12-10,111.5,112.9000015258789,107.3499984741211,110.94999694824219,90.6310806274414,1106252
2010-12-13,114.0,114.5,110.75,112.80000305175781,92.14228057861328,426795
2010-12-14,113.44999694824219,114.75,112.94999694824219,114.0999984741211,93.2042236328125,449080
2010-12-15,114.80000305175781,116.4000015258789,113.4000015258789,114.80000305175781,93.7760238647461,444045
2010-12-16,114.80000305175781,115.5,113.0,115.1500015258789,94.06192016601562,298756
2010-12-20,115.0,115.9000015258789,114.0,115.44999694824219,94.30696105957031,282973
2010-12-21,116.94999694824219,117.80000305175781,115.0,115.80000305175781,94.5928726196289,759131
2010-12-22,116.80000305175781,116.80000305175781,112.5999984741211,113.5999984741211,92.79576110839844,1629061
2010-12-23,114.0,114.9000015258789,111.69999694824219,112.4000015258789,91.81554412841797,601654
2010-12-24,112.80000305175781,114.0,111.75,112.5,91.89720916748047,648507
2010-12-27,113.0,113.94999694824219,109.3499984741211,109.75,89.65084075927734,923042
2010-12-28,110.80000305175781,111.0,108.1500015258789,109.55000305175781,89.48747253417969,859691
2010-12-29,110.44999694824219,110.80000305175781,109.0,109.4000015258789,89.3649673461914,789049
2010-12-30,110.5,110.9000015258789,106.5999984741211,107.25,87.60868072509766,2518794
2010-12-31,108.5,108.94999694824219,107.0999984741211,108.0999984741211,88.30300903320312,1258058
2011-01-03,109.0,112.0,108.1500015258789,111.5,91.0803451538086,1381804
2011-01-04,111.9000015258789,114.19999694824219,111.5999984741211,113.0999984741211,92.38734436035156,1649997
2011-01-05,113.25,113.9000015258789,111.19999694824219,112.30000305175781,91.73384857177734,712670
2011-01-06,112.9000015258789,113.4000015258789,110.0999984741211,111.0,90.67192077636719,801491
2011-01-07,112.0999984741211,113.0,107.0999984741211,108.30000305175781,88.4664077758789,1343822
2011-01-10,108.69999694824219,108.69999694824219,103.5999984741211,104.25,85.15808868408203,1005103
2011-01-11,104.55000305175781,105.9000015258789,101.05000305175781,101.9000015258789,83.23845672607422,979117
2011-01-12,102.69999694824219,104.19999694824219,101.0,103.75,84.74966430664062,438502
2011-01-13,103.80000305175781,104.5,102.69999694824219,103.25,84.34123992919922,409758
2011-01-14,105.0999984741211,109.69999694824219,102.80000305175781,104.4000015258789,85.28062438964844,1914263
2011-01-17,105.30000305175781,108.25,102.6500015258789,104.9000015258789,85.6890640258789,2529271
2011-01-18,105.80000305175781,106.9000015258789,104.19999694824219,104.75,85.56652069091797,384406
2011-01-19,105.05000305175781,106.9000015258789,104.0999984741211,104.94999694824219,85.72990417480469,677140
2011-01-20,105.0999984741211,109.0999984741211,104.19999694824219,106.5,86.99603271484375,1009083
2011-01-21,106.0,107.44999694824219,105.1500015258789,105.6500015258789,86.30171203613281,522747
2011-01-24,104.5999984741211,106.75,104.5999984741211,106.25,86.79181671142578,259338
2011-01-25,107.0,107.4000015258789,106.05000305175781,106.19999694824219,86.75096893310547,631517
2011-01-27,106.19999694824219,108.19999694824219,105.19999694824219,106.3499984741211,86.87350463867188,1791689
2011-01-28,106.0,106.80000305175781,98.25,99.80000305175781,81.5230484008789,2063094
2011-01-31,99.1500015258789,100.5999984741211,95.30000305175781,99.44999694824219,81.23714447021484,922239
2011-02-01,101.0,102.0,97.80000305175781,98.30000305175781,80.2977523803711,1031266
2011-02-02,98.80000305175781,100.0,96.5999984741211,97.3499984741211,79.52172088623047,439822
2011-02-03,97.5,97.8499984741211,94.19999694824219,96.05000305175781,78.4598159790039,739877
2011-02-04,96.5,97.6500015258789,94.5,95.30000305175781,77.84716796875,857280
2011-02-07,97.69999694824219,97.69999694824219,95.30000305175781,95.75,78.21473693847656,577722
2011-02-08,96.0,96.80000305175781,92.0,92.5,75.5599365234375,431156
2011-02-09,93.0,93.0,87.0,87.8499984741211,71.76151275634766,680652
2011-02-10,88.19999694824219,89.0,84.80000305175781,88.0999984741211,71.96574401855469,989327
2011-02-11,88.75,92.75,87.19999694824219,91.69999694824219,74.90645599365234,650078
2011-02-14,92.44999694824219,95.0,92.25,94.5999984741211,77.27535247802734,477647
2011-02-15,95.3499984741211,96.5,93.4000015258789,95.75,78.21473693847656,579786
2011-02-16,95.8499984741211,95.94999694824219,94.1500015258789,94.44999694824219,77.15280151367188,239997
2011-02-17,95.80000305175781,102.80000305175781,94.05000305175781,101.6500015258789,83.03426361083984,1893119
2011-02-18,101.5,102.5,93.6500015258789,94.5,77.19365692138672,920020
2011-02-21,95.4000015258789,96.94999694824219,94.05000305175781,96.1500015258789,78.54151153564453,355646
2011-02-22,96.0,99.3499984741211,94.4000015258789,96.4000015258789,78.74571990966797,422308
2011-02-23,96.69999694824219,97.5,94.8499984741211,95.30000305175781,77.84716796875,306107
2011-02-24,95.5999984741211,96.0,86.9000015258789,87.4000015258789,71.3939437866211,1653543
2011-02-25,88.5,90.25,87.19999694824219,88.5999984741211,72.37416076660156,689138
2011-02-28,88.0,90.0,86.0,89.25,72.90512084960938,735597
2011-03-01,89.80000305175781,91.80000305175781,89.4000015258789,91.0,74.33464813232422,687513
2011-03-03,91.0,92.0,90.05000305175781,90.4000015258789,73.84452819824219,874532
2011-03-04,90.30000305175781,91.94999694824219,90.0,90.75,74.13041687011719,283108
2011-03-07,90.0,90.75,87.8499984741211,88.75,72.4967041015625,270846
2011-03-08,89.0,94.75,88.25,93.5999984741211,76.45848846435547,1931634
2011-03-09,94.75,98.19999694824219,94.05000305175781,96.3499984741211,78.70487213134766,3190205
2011-03-10,95.9000015258789,98.0,94.69999694824219,96.4000015258789,78.74571990966797,1109740
2011-03-11,96.0999984741211,105.80000305175781,95.1500015258789,101.30000305175781,82.74834442138672,9568830
2011-03-14,102.5999984741211,104.19999694824219,100.69999694824219,102.0999984741211,83.40182495117188,4331609
2011-03-15,99.69999694824219,102.5,95.5999984741211,98.5,80.46111297607422,4231545
2011-03-16,99.0,101.5,98.69999694824219,99.0999984741211,80.95124053955078,1567627
2011-03-17,98.0,100.19999694824219,96.55000305175781,97.30000305175781,79.48088836669922,1134598
2011-03-18,98.19999694824219,100.4000015258789,96.19999694824219,97.5999984741211,79.72594451904297,2030038
2011-03-21,98.69999694824219,99.9000015258789,97.5,98.25,80.25690460205078,1512956
2011-03-22,98.25,99.69999694824219,97.5,97.9000015258789,79.97102355957031,1111602
2011-03-23,98.05000305175781,98.9000015258789,97.19999694824219,97.6500015258789,79.76679992675781,603536
2011-03-24,98.0,99.9000015258789,98.0,99.25,81.07376861572266,1751455
2011-03-25,99.69999694824219,101.0,97.8499984741211,98.1500015258789,80.17520904541016,860340
2011-03-28,98.19999694824219,99.19999694824219,97.5999984741211,98.5,80.46111297607422,440245
2011-03-29,98.5,98.9000015258789,95.69999694824219,96.0,78.41896057128906,1868971
2011-03-30,97.5,98.0,96.5999984741211,97.05000305175781,79.27667999267578,1160681
2011-03-31,97.44999694824219,99.0,96.0,97.75,79.84846496582031,1341150
2011-04-01,97.75,101.4000015258789,97.6500015258789,100.6500015258789,82.21736907958984,1619264
2011-04-04,101.0,102.80000305175781,101.0,101.8499984741211,83.19761657714844,1054078
2011-04-05,106.80000305175781,106.80000305175781,103.19999694824219,105.4000015258789,86.09750366210938,2467731
2011-04-06,106.75,107.44999694824219,104.19999694824219,106.6500015258789,87.11857604980469,2449721
2011-04-07,107.3499984741211,109.5,106.69999694824219,108.9000015258789,88.95651245117188,1682298
2011-04-08,109.25,110.4000015258789,103.30000305175781,104.6500015258789,85.48485565185547,1920194
2011-04-11,104.6500015258789,105.0,100.5,102.5,83.72859191894531,644008
2011-04-13,101.75,103.9000015258789,101.0999984741211,103.30000305175781,84.38207244873047,966511
2011-04-15,103.5,104.6500015258789,102.05000305175781,103.25,84.34123992919922,547540
2011-04-18,103.5,104.8499984741211,100.0,100.4000015258789,82.01316833496094,920428
2011-04-19,100.5,102.5,100.05000305175781,101.44999694824219,82.87088012695312,702620
2011-04-20,102.0,102.94999694824219,101.1500015258789,101.80000305175781,83.15678405761719,1089914
2011-04-21,101.5,103.5999984741211,101.5,103.05000305175781,84.17786407470703,778698
2011-04-25,102.94999694824219,104.0999984741211,101.8499984741211,102.1500015258789,83.44268035888672,394687
2011-04-26,102.44999694824219,104.80000305175781,100.44999694824219,104.44999694824219,85.32145690917969,1680945
2011-04-27,105.5,105.69999694824219,103.1500015258789,103.94999694824219,84.91301727294922,806586
2011-04-28,104.80000305175781,104.80000305175781,102.1500015258789,102.5999984741211,83.81026458740234,740728
2011-04-29,102.69999694824219,103.6500015258789,99.5,100.75,82.299072265625,406614
2011-05-02,101.0,101.9000015258789,99.5,100.0,81.6864242553711,373053
2011-05-03,100.05000305175781,100.69999694824219,98.5999984741211,99.44999694824219,81.23714447021484,658603
2011-05-04,99.80000305175781,99.80000305175781,96.4000015258789,97.9000015258789,79.97102355957031,329969
2011-05-05,97.9000015258789,98.69999694824219,95.3499984741211,96.3499984741211,78.70487213134766,530567
2011-05-06,97.9000015258789,98.55000305175781,96.5999984741211,97.55000305175781,79.68511962890625,391145
2011-05-09,98.1500015258789,99.05000305175781,96.5999984741211,97.69999694824219,79.80762481689453,319107
2011-05-10,98.0,101.44999694824219,97.25,99.80000305175781,81.5230484008789,636338
2011-05-11,100.55000305175781,101.4000015258789,100.05000305175781,100.75,82.299072265625,544025
2011-05-12,100.80000305175781,103.30000305175781,97.19999694824219,97.94999694824219,80.01185607910156,976743
2011-05-13,98.0,100.30000305175781,97.0999984741211,99.1500015258789,80.99209594726562,234413
2011-05-16,99.1500015258789,99.8499984741211,97.0,97.25,79.44002532958984,210300
2011-05-17,97.25,98.25,96.0,96.3499984741211,78.70487213134766,207063
2011-05-18,97.5,98.30000305175781,95.8499984741211,96.4000015258789,78.74571990966797,223932
2011-05-19,96.94999694824219,97.30000305175781,95.80000305175781,96.19999694824219,78.58232116699219,193726
2011-05-20,96.19999694824219,97.9000015258789,96.1500015258789,97.30000305175781,79.48088836669922,391739
2011-05-23,97.5,97.5,95.05000305175781,95.44999694824219,77.96969604492188,169762
2011-05-24,96.1500015258789,96.69999694824219,91.5,92.1500015258789,75.27404022216797,1126516
2011-05-25,92.1500015258789,92.30000305175781,86.80000305175781,88.19999694824219,72.04743194580078,2432836
2011-05-26,88.5,89.80000305175781,85.05000305175781,85.75,70.04612731933594,1427562
2011-05-27,85.75,88.55000305175781,85.75,88.19999694824219,72.04743194580078,428191
2011-05-30,88.5999984741211,89.55000305175781,86.4000015258789,86.8499984741211,70.94465637207031,769973
2011-05-31,87.75,88.19999694824219,86.4000015258789,87.4000015258789,71.3939437866211,1649143
2011-06-01,88.0,92.19999694824219,87.44999694824219,91.5999984741211,74.82475280761719,2000205
2011-06-02,91.5999984741211,96.25,90.0,94.0,76.78523254394531,3317304
2011-06-03,94.0,97.0,93.19999694824219,93.5999984741211,76.45848846435547,1195286
2011-06-06,92.30000305175781,97.0,92.0999984741211,93.1500015258789,76.09089660644531,337230
2011-06-07,94.0,95.19999694824219,93.0,94.19999694824219,76.94861602783203,503353
2011-06-08,95.80000305175781,99.4000015258789,95.30000305175781,98.19999694824219,80.21605682373047,5219442
2011-06-09,98.80000305175781,99.0,96.19999694824219,96.6500015258789,78.94993591308594,1186411
2011-06-10,96.9000015258789,97.9000015258789,95.05000305175781,95.8499984741211,78.29643249511719,616793
2011-06-13,96.0,100.4000015258789,95.0,99.9000015258789,81.604736328125,3147174
2011-06-14,100.8499984741211,101.44999694824219,99.3499984741211,100.05000305175781,81.7272720336914,1405134
2011-06-15,99.94999694824219,100.94999694824219,98.25,98.6500015258789,80.58365631103516,735010
2011-06-16,97.9000015258789,98.5999984741211,96.55000305175781,96.94999694824219,79.19498443603516,590293
2011-06-17,97.0999984741211,99.4000015258789,93.1500015258789,98.5999984741211,80.54280090332031,1385206
2011-06-20,98.69999694824219,98.80000305175781,90.55000305175781,93.4000015258789,76.29511260986328,1271268
2011-06-21,94.5,95.25,91.75,92.3499984741211,75.43740844726562,634845
2011-06-22,93.69999694824219,93.69999694824219,89.80000305175781,90.25,73.72200012207031,658517
2011-06-23,90.30000305175781,92.55000305175781,89.19999694824219,90.5999984741211,74.00790405273438,1564718
2011-06-24,91.5,93.0,91.30000305175781,91.80000305175781,74.98812866210938,975813
2011-06-27,91.05000305175781,94.0,91.0,92.05000305175781,75.19236755371094,1261290
2011-06-28,92.94999694824219,93.05000305175781,91.25,92.69999694824219,75.72330474853516,1310771
2011-06-29,93.69999694824219,94.8499984741211,92.69999694824219,93.05000305175781,76.00921630859375,1245523
2011-06-30,93.4000015258789,97.0,92.19999694824219,96.55000305175781,78.86823272705078,2423639
2011-07-01,98.0,99.25,95.75,97.75,79.84846496582031,2340652
2011-07-04,98.80000305175781,106.0999984741211,97.8499984741211,104.3499984741211,85.23977661132812,6965551
2011-07-05,105.69999694824219,107.6500015258789,102.30000305175781,103.0,84.13701629638672,3742291
2011-07-06,103.25,105.0,102.75,103.19999694824219,84.30037689208984,1532011
2011-07-07,103.94999694824219,105.9000015258789,102.9000015258789,105.0,85.77074432373047,1576231
2011-07-08,104.80000305175781,105.69999694824219,98.3499984741211,100.0,81.6864242553711,1037626
2011-07-11,100.0999984741211,102.5,99.5,101.44999694824219,82.87088012695312,893861
2011-07-12,105.0,108.0,98.25,100.4000015258789,82.01316833496094,1059512
2011-07-13,101.0,102.44999694824219,100.69999694824219,101.6500015258789,83.03426361083984,649474
2011-07-14,100.5,103.94999694824219,100.05000305175781,102.55000305175781,83.76942443847656,788661
2011-07-15,103.4000015258789,103.44999694824219,100.05000305175781,100.8499984741211,82.38077545166016,819412
2011-07-18,101.0,104.1500015258789,100.4000015258789,103.1500015258789,84.25953674316406,1182349
2011-07-19,103.1500015258789,104.0,102.4000015258789,102.80000305175781,83.9736557006836,574825
2011-07-20,103.0,103.80000305175781,100.6500015258789,100.94999694824219,82.46243286132812,568842
2011-07-21,100.94999694824219,102.25,98.25,99.25,81.07376861572266,756565
2011-07-22,100.25,103.1500015258789,100.05000305175781,102.80000305175781,83.9736557006836,1255645
2011-07-25,103.5,106.75,102.30000305175781,105.4000015258789,86.09750366210938,2274829
2011-07-26,105.9000015258789,108.69999694824219,104.5,104.94999694824219,85.72990417480469,2805411
2011-07-27,105.9000015258789,109.05000305175781,104.0999984741211,108.55000305175781,88.67060852050781,3412909
2011-07-28,107.0999984741211,108.80000305175781,102.0999984741211,108.0,88.22132873535156,1866076
2011-07-29,107.80000305175781,108.75,105.5,106.55000305175781,87.0368881225586,1415275
2011-08-01,108.19999694824219,109.0,106.44999694824219,107.0,87.40447235107422,618007
2011-08-02,105.5999984741211,106.94999694824219,103.6500015258789,104.5999984741211,85.44400024414062,491903
2011-08-03,103.69999694824219,108.30000305175781,102.5999984741211,107.6500015258789,87.93541717529297,1327004
2011-08-04,108.4000015258789,115.4000015258789,108.05000305175781,111.0,90.67192077636719,9505355
2011-08-05,108.0999984741211,108.44999694824219,102.05000305175781,106.3499984741211,86.87350463867188,3814732
2011-08-08,103.0,108.8499984741211,101.1500015258789,106.30000305175781,86.83267211914062,2168843
2011-08-09,102.5,108.0,101.0,102.75,83.93280029296875,3024432
2011-08-10,104.80000305175781,109.5999984741211,101.19999694824219,106.6500015258789,88.8263168334961,5475703
2011-08-11,105.94999694824219,106.44999694824219,101.9000015258789,102.94999694824219,85.74467468261719,3406154
2011-08-12,103.69999694824219,104.75,101.69999694824219,102.30000305175781,85.20331573486328,1822217
2011-08-16,103.75,104.0,97.30000305175781,98.44999694824219,81.99671936035156,1760296
2011-08-17,98.0999984741211,98.75,94.30000305175781,95.3499984741211,79.4148178100586,1847715
2011-08-18,96.0,96.0,87.6500015258789,88.5999984741211,73.79289245605469,2557677
2011-08-19,86.05000305175781,88.9000015258789,85.6500015258789,87.5999984741211,72.96002960205078,2292742
2011-08-22,88.80000305175781,91.69999694824219,87.80000305175781,90.5999984741211,75.45863342285156,1767264
2011-08-23,92.0,93.0,90.75,92.0999984741211,76.70796966552734,1293713
2011-08-24,92.80000305175781,93.69999694824219,90.5,91.19999694824219,75.95836639404297,1598937
2011-08-25,91.9000015258789,94.44999694824219,89.05000305175781,92.1500015258789,76.7496109008789,3394184
2011-08-26,93.25,93.5,88.69999694824219,89.3499984741211,74.41754913330078,1663279
2011-08-29,90.94999694824219,93.9000015258789,90.0999984741211,93.3499984741211,77.74906921386719,1514076
2011-08-30,95.0,95.5,92.8499984741211,93.55000305175781,77.9156265258789,1492329
2011-09-02,94.30000305175781,94.80000305175781,91.9000015258789,92.69999694824219,77.20767974853516,1072859
2011-09-05,92.25,93.69999694824219,91.1500015258789,91.5999984741211,76.29151916503906,1131363
2011-09-06,91.0999984741211,95.0,91.0999984741211,94.19999694824219,78.4570083618164,1814731
2011-09-07,95.0,95.9000015258789,94.05000305175781,94.4000015258789,78.62358093261719,1094307
2011-09-08,94.69999694824219,95.94999694824219,94.19999694824219,94.55000305175781,78.74852752685547,889411
2011-09-09,94.94999694824219,96.9000015258789,92.80000305175781,93.30000305175781,77.7074203491211,1774124
2011-09-12,92.0,92.5,90.25,91.05000305175781,75.83344268798828,759717
2011-09-13,91.9000015258789,94.0,89.94999694824219,91.1500015258789,75.91674041748047,1145348
2011-09-14,91.25,92.5,90.25,92.0,76.62467193603516,509414
2011-09-15,92.5,93.4000015258789,91.94999694824219,92.5999984741211,77.1243896484375,465889
2011-09-16,93.19999694824219,93.5,90.05000305175781,90.55000305175781,75.4170150756836,2248059
2011-09-19,90.0999984741211,91.9000015258789,90.0999984741211,90.6500015258789,75.50028991699219,507629
2011-09-20,90.69999694824219,92.69999694824219,90.69999694824219,92.1500015258789,76.7496109008789,564581
2011-09-21,91.5999984741211,93.19999694824219,91.5999984741211,92.80000305175781,77.29097747802734,1010991
2011-09-22,91.5,91.69999694824219,85.5999984741211,86.19999694824219,71.79398345947266,1597785
2011-09-23,84.75,88.0,83.0999984741211,87.05000305175781,72.50192260742188,1832341
2011-09-26,87.0,87.80000305175781,84.44999694824219,86.69999694824219,72.2104263305664,884536
2011-09-27,87.69999694824219,89.0,87.0999984741211,88.5999984741211,73.79289245605469,644053
2011-09-28,89.1500015258789,89.1500015258789,85.75,86.44999694824219,72.00220489501953,1016187
2011-09-29,86.69999694824219,87.4000015258789,85.25,85.69999694824219,71.37755584716797,2053322
2011-09-30,84.8499984741211,87.0,84.8499984741211,85.80000305175781,71.4608383178711,841081
2011-10-03,85.5,85.5,83.5999984741211,84.0,69.961669921875,659545
2011-10-04,84.4000015258789,84.8499984741211,82.4000015258789,82.9000015258789,69.04550170898438,711092
2011-10-05,83.5,83.69999694824219,80.5,81.0999984741211,67.54630279541016,585464
2011-10-07,82.55000305175781,83.5,82.0999984741211,82.55000305175781,68.75398254394531,845994
2011-10-10,83.19999694824219,86.44999694824219,83.0,85.6500015258789,71.3359146118164,1401068
2011-10-11,86.1500015258789,88.80000305175781,86.0999984741211,86.6500015258789,72.16878509521484,1353794
2011-10-12,86.0,89.19999694824219,86.0,88.0999984741211,73.37645721435547,1418981
2011-10-13,88.30000305175781,89.30000305175781,86.5,86.75,72.2520751953125,1335870
2011-10-14,86.5,88.4000015258789,86.05000305175781,87.9000015258789,73.20988464355469,529855
2011-10-17,88.19999694824219,90.9000015258789,87.3499984741211,90.30000305175781,75.20879364013672,1388807
2011-10-18,90.0,90.0,86.75,87.55000305175781,72.91838836669922,813333
2011-10-19,88.69999694824219,89.0999984741211,85.5999984741211,87.55000305175781,72.91838836669922,910465
2011-10-20,86.94999694824219,87.44999694824219,85.0,85.25,71.00276184082031,1742297
2011-10-21,85.5,86.4000015258789,84.3499984741211,84.69999694824219,70.544677734375,927470
2011-10-24,86.0,86.75,84.75,85.1500015258789,70.91948699951172,725045
2011-10-25,85.5999984741211,87.4000015258789,84.69999694824219,86.8499984741211,72.33535766601562,928512
2011-10-28,89.0,91.0,89.0,89.75,74.75070190429688,1990456
2011-10-31,91.30000305175781,93.0999984741211,91.30000305175781,92.5999984741211,77.1243896484375,2221268
2011-11-01,91.75,93.3499984741211,90.9000015258789,91.6500015258789,76.33318328857422,1053931
2011-11-02,91.0,92.5999984741211,90.55000305175781,91.1500015258789,75.91674041748047,843703
2011-11-03,91.0999984741211,91.80000305175781,89.80000305175781,90.69999694824219,75.54193878173828,779242
2011-11-04,91.5999984741211,92.05000305175781,90.69999694824219,90.94999694824219,75.75016021728516,628106
2011-11-08,91.0999984741211,91.6500015258789,90.5,90.75,75.58356475830078,331397
2011-11-09,91.4000015258789,91.4000015258789,88.5999984741211,89.1500015258789,74.25099182128906,532674
2011-11-11,89.3499984741211,89.5,87.05000305175781,88.30000305175781,73.54303741455078,846088
2011-11-14,89.19999694824219,89.44999694824219,86.9000015258789,87.69999694824219,73.0433120727539,745440
2011-11-15,87.19999694824219,87.69999694824219,85.4000015258789,85.75,71.41920471191406,780713
2011-11-16,85.9000015258789,86.05000305175781,83.25,83.69999694824219,69.71179962158203,867491
2011-11-17,84.0,85.44999694824219,81.19999694824219,82.5,68.71234893798828,1062728
2011-11-18,82.19999694824219,83.75,81.19999694824219,82.5999984741211,68.79563903808594,542006
2011-11-21,82.5,83.8499984741211,81.0,82.0,68.29591369628906,518836
2011-11-22,82.0999984741211,83.44999694824219,81.55000305175781,82.69999694824219,68.87892150878906,540870
2011-11-23,82.5999984741211,82.80000305175781,80.30000305175781,80.94999694824219,67.42140197753906,1088448
2011-11-24,81.0999984741211,83.4000015258789,80.0,82.4000015258789,68.62905883789062,1288429
2011-11-25,82.4000015258789,83.0,81.0999984741211,81.55000305175781,67.92111206054688,1090160
2011-11-28,82.25,84.30000305175781,82.25,83.75,69.75344848632812,657439
2011-11-29,84.0,86.3499984741211,82.9000015258789,84.0999984741211,70.0449447631836,1560875
2011-11-30,83.94999694824219,85.19999694824219,81.30000305175781,83.94999694824219,69.92001342773438,2480580
2011-12-01,85.55000305175781,88.69999694824219,84.5999984741211,88.25,73.50138092041016,1160486
2011-12-02,88.5999984741211,92.69999694824219,88.0,91.75,76.41645050048828,1563193
2011-12-05,91.69999694824219,92.80000305175781,90.0,90.55000305175781,75.4170150756836,415300
2011-12-07,91.0,91.55000305175781,89.69999694824219,90.8499984741211,75.6668701171875,473563
2011-12-08,90.8499984741211,91.1500015258789,88.30000305175781,89.75,74.75070190429688,640464
2011-12-09,88.75,90.25,87.75,89.69999694824219,74.70905303955078,357702
2011-12-12,90.1500015258789,90.5999984741211,87.0,87.55000305175781,72.91838836669922,294423
2011-12-13,86.3499984741211,89.55000305175781,86.0,88.80000305175781,73.95946502685547,397070
2011-12-14,88.4000015258789,90.5999984741211,86.5,87.5,72.87672424316406,414887
2011-12-15,86.5,90.3499984741211,85.8499984741211,89.80000305175781,74.79234313964844,865847
2011-12-16,89.80000305175781,91.1500015258789,85.0,86.4000015258789,71.96056365966797,1195277
2011-12-19,86.0999984741211,86.0999984741211,83.80000305175781,84.5,70.37810516357422,574963
2011-12-20,85.19999694824219,87.19999694824219,84.5,85.05000305175781,70.83617401123047,439611
2011-12-21,87.0,87.9000015258789,85.5,86.3499984741211,71.91893005371094,300885
2011-12-22,86.0,90.30000305175781,85.80000305175781,89.8499984741211,74.83399963378906,737871
2011-12-23,90.9000015258789,91.44999694824219,88.25,88.69999694824219,73.87617492675781,559644
2011-12-26,88.94999694824219,89.6500015258789,87.9000015258789,88.69999694824219,73.87617492675781,252790
2011-12-27,89.0999984741211,89.5999984741211,87.5,88.0,73.29316711425781,290800
2011-12-28,88.0,89.5,86.9000015258789,87.44999694824219,72.8350830078125,460774
2011-12-29,86.8499984741211,90.80000305175781,86.69999694824219,90.0999984741211,75.0422134399414,1168213
2011-12-30,91.0,91.6500015258789,89.5999984741211,90.0999984741211,75.0422134399414,687835
2012-01-02,90.94999694824219,91.9000015258789,89.0999984741211,90.94999694824219,75.75016021728516,694783
2012-01-03,91.80000305175781,94.80000305175781,91.5999984741211,94.55000305175781,78.74852752685547,1175311
2012-01-04,94.94999694824219,97.0,94.30000305175781,95.4000015258789,79.45645904541016,1653611
2012-01-05,95.0,95.4000015258789,92.5,93.0999984741211,77.54084014892578,847775
2012-01-06,92.5,94.69999694824219,91.3499984741211,93.5,77.87398529052734,733883
2012-01-09,94.0,94.94999694824219,92.5,93.0999984741211,77.54084014892578,649944
2012-01-10,93.25,94.80000305175781,92.75,93.94999694824219,78.24878692626953,808847
2012-01-11,94.6500015258789,95.4000015258789,92.44999694824219,92.9000015258789,77.37427520751953,651931
2012-01-12,92.94999694824219,94.5999984741211,92.5,92.9000015258789,77.37427520751953,569114
2012-01-13,93.9000015258789,96.5,92.8499984741211,94.1500015258789,78.41535949707031,2114712
2012-01-16,86.0,99.19999694824219,86.0,98.5,82.03836822509766,2862414
2012-01-17,99.94999694824219,100.80000305175781,96.44999694824219,97.19999694824219,80.95563507080078,3182287
2012-01-18,97.0,97.5,92.1500015258789,93.0,77.45756530761719,1422930
2012-01-19,94.75,96.0999984741211,93.3499984741211,93.9000015258789,78.20713806152344,1520629
2012-01-20,94.55000305175781,96.19999694824219,91.5,92.6500015258789,77.16604614257812,1488319
2012-01-23,93.0,93.9000015258789,91.1500015258789,92.05000305175781,76.66632080078125,1047711
2012-01-24,92.1500015258789,94.0999984741211,92.1500015258789,93.30000305175781,77.7074203491211,1178358
2012-01-25,93.5,96.19999694824219,91.80000305175781,95.25,79.33152770996094,4269611
2012-01-27,95.0,98.94999694824219,94.0,97.0999984741211,80.87236022949219,2904708
2012-01-30,98.0,100.19999694824219,96.55000305175781,97.9000015258789,81.5386734008789,3746496
2012-01-31,102.0,108.8499984741211,100.75,107.75,89.74248504638672,17917625
2012-02-01,116.0,116.0,108.0,109.1500015258789,90.90851593017578,10809985
2012-02-02,110.19999694824219,113.3499984741211,107.4000015258789,110.0,91.61644744873047,7218657
2012-02-03,110.0,120.5,108.1500015258789,119.75,99.73702239990234,9568283
2012-02-06,120.0,122.30000305175781,114.19999694824219,116.05000305175781,96.65536499023438,7170401
2012-02-07,116.19999694824219,117.5,112.0,113.4000015258789,94.44824981689453,6305206
2012-02-08,113.0,119.0,113.0,117.75,98.0712661743164,6717339
2012-02-09,117.5,126.4000015258789,117.0,123.05000305175781,102.48548889160156,11787258
2012-02-10,123.05000305175781,124.75,117.80000305175781,118.94999694824219,99.07069396972656,5100633
2012-02-13,119.69999694824219,123.44999694824219,116.0999984741211,121.44999694824219,101.15291595458984,4462353
2012-02-14,121.4000015258789,122.80000305175781,119.44999694824219,120.80000305175781,100.61152648925781,2141133
2012-02-15,121.5,122.5999984741211,119.3499984741211,121.0,100.77810668945312,2467621
2012-02-16,120.5,123.5999984741211,117.25,120.9000015258789,100.69481658935547,3063855
2012-02-17,121.44999694824219,122.8499984741211,118.19999694824219,119.19999694824219,99.27892303466797,1751459
2012-02-21,119.94999694824219,122.94999694824219,119.30000305175781,120.80000305175781,100.61152648925781,2567921
2012-02-22,121.9000015258789,122.0999984741211,114.5,117.19999694824219,97.61317443847656,3550314
2012-02-23,117.0,122.80000305175781,116.0999984741211,120.0,99.94522094726562,6664371
2012-02-24,121.0,121.9000015258789,118.5,119.94999694824219,99.9035873413086,2583514
2012-02-27,119.0,120.19999694824219,112.0,113.05000305175781,94.15675354003906,1524588
2012-02-28,113.75,122.25,113.75,120.69999694824219,100.52824401855469,3650262
2012-02-29,122.19999694824219,128.8000030517578,121.8499984741211,125.55000305175781,104.56768798828125,6964341
2012-03-01,125.94999694824219,126.44999694824219,120.5,123.3499984741211,102.73535919189453,2169528
2012-03-02,124.25,124.30000305175781,119.8499984741211,120.55000305175781,100.4033203125,1933023
2012-03-05,120.05000305175781,120.05000305175781,115.0,116.0,96.61373138427734,1627562
2012-03-06,115.1500015258789,120.0,113.30000305175781,113.80000305175781,94.7813949584961,2354718
2012-03-07,113.80000305175781,117.75,112.1500015258789,116.0999984741211,96.69701385498047,2513257
2012-03-09,117.5999984741211,118.8499984741211,116.80000305175781,118.19999694824219,98.44605255126953,1294468
2012-03-12,119.0,120.0,116.25,116.80000305175781,97.28003692626953,1064909
2012-03-13,117.5,119.80000305175781,117.0999984741211,118.0999984741211,98.36275482177734,1985125
2012-03-14,119.1500015258789,123.30000305175781,118.5999984741211,120.4000015258789,100.27837371826172,3780295
2012-03-15,121.0,121.1500015258789,115.4000015258789,116.0,96.61373138427734,1913587
2012-03-16,116.30000305175781,116.6500015258789,112.25,112.94999694824219,94.07344055175781,3007235
2012-03-19,113.9000015258789,115.19999694824219,108.0999984741211,109.69999694824219,91.36659240722656,1932912
2012-03-20,109.0,113.9000015258789,108.94999694824219,113.0999984741211,94.19837188720703,1510160
2012-03-21,113.55000305175781,115.80000305175781,112.9000015258789,114.69999694824219,95.53096771240234,1762594
2012-03-22,124.0,124.0,108.5,110.94999694824219,92.40768432617188,3284714
2012-03-23,115.0,115.0,109.75,112.69999694824219,93.86522674560547,1621699
2012-03-26,113.44999694824219,113.5,108.75,109.1500015258789,90.90851593017578,1876141
2012-03-27,110.05000305175781,111.5999984741211,108.05000305175781,110.05000305175781,91.65809631347656,1430659
2012-03-28,110.94999694824219,111.94999694824219,109.25,109.8499984741211,91.49151611328125,1258009
2012-03-29,109.0,110.55000305175781,106.25,108.30000305175781,90.20059204101562,3130838
2012-03-30,108.55000305175781,112.9000015258789,108.5,112.3499984741211,93.57372283935547,1601856
2012-04-02,112.5,116.0,111.25,115.3499984741211,96.0723648071289,1384543
2012-04-03,116.4000015258789,120.25,116.4000015258789,118.94999694824219,99.07069396972656,3673526
2012-04-04,120.0,120.19999694824219,117.1500015258789,117.69999694824219,98.02961730957031,1432817
2012-04-09,116.9000015258789,118.75,116.0999984741211,116.94999694824219,97.40496063232422,1352343
2012-04-10,117.5,118.5,112.5,117.4000015258789,97.77975463867188,1505824
2012-04-11,115.5,121.0,115.5,118.25,98.4876937866211,3346924
2012-04-12,119.0999984741211,122.30000305175781,118.0999984741211,121.19999694824219,100.94467163085938,2189471
2012-04-13,121.4000015258789,122.44999694824219,116.1500015258789,116.80000305175781,97.28003692626953,2171860
2012-04-16,117.6500015258789,119.19999694824219,116.1500015258789,118.5,98.69590759277344,699597
2012-04-17,118.55000305175781,119.80000305175781,117.1500015258789,118.94999694824219,99.07069396972656,1065048
2012-04-18,119.25,120.9000015258789,117.69999694824219,119.1500015258789,99.2372817993164,2490749
2012-04-19,119.9000015258789,124.75,118.5,124.0,103.27672576904297,4841334
2012-04-20,126.0,126.0,120.25,121.69999694824219,101.36112976074219,3365943
2012-04-23,123.69999694824219,123.69999694824219,116.9000015258789,117.4000015258789,97.77975463867188,2467260
2012-04-24,117.55000305175781,119.3499984741211,116.3499984741211,118.5,98.69590759277344,1144299
2012-04-25,118.6500015258789,119.4000015258789,115.30000305175781,116.6500015258789,97.15508270263672,1043981
2012-04-26,117.05000305175781,117.6500015258789,114.5999984741211,115.44999694824219,96.15562438964844,2275505
2012-04-27,115.69999694824219,117.69999694824219,114.5,115.69999694824219,96.36386108398438,773334
2012-04-30,118.94999694824219,118.94999694824219,116.30000305175781,116.9000015258789,97.36331939697266,1021693
2012-05-02,117.0999984741211,120.69999694824219,116.5,119.3499984741211,99.40383911132812,2329678
2012-05-03,119.6500015258789,120.5,117.0,117.44999694824219,97.82138061523438,1334337
2012-05-04,117.80000305175781,118.69999694824219,113.4000015258789,114.4000015258789,95.28112030029297,1259029
2012-05-07,117.80000305175781,117.80000305175781,108.0,116.19999694824219,96.78028106689453,812441
2012-05-08,116.3499984741211,117.1500015258789,111.75,112.8499984741211,93.99015045166016,663646
2012-05-09,112.05000305175781,114.4000015258789,109.80000305175781,110.5,92.03290557861328,946118
2012-05-10,111.0999984741211,113.25,110.8499984741211,112.44999694824219,93.65701293945312,1189412
2012-05-11,112.05000305175781,112.25,106.3499984741211,108.44999694824219,90.32549285888672,1402452
2012-05-14,108.0,109.1500015258789,101.5999984741211,103.05000305175781,85.82797241210938,1653547
2012-05-15,103.0,106.3499984741211,100.44999694824219,104.8499984741211,87.3271484375,1356022
2012-05-16,103.6500015258789,108.8499984741211,102.1500015258789,107.8499984741211,89.82576751708984,1790142
2012-05-17,108.94999694824219,110.19999694824219,106.0999984741211,107.3499984741211,89.4093246459961,2015162
2012-05-18,105.80000305175781,106.94999694824219,104.55000305175781,105.55000305175781,87.91017150878906,944570
2012-05-21,106.05000305175781,108.0999984741211,105.55000305175781,106.80000305175781,88.95126342773438,837940
2012-05-22,107.69999694824219,108.44999694824219,104.6500015258789,107.0,89.11783599853516,902856
2012-05-23,107.25,109.80000305175781,102.5,107.9000015258789,89.86743927001953,3216009
2012-05-24,108.5,111.19999694824219,106.6500015258789,109.5999984741211,91.28328704833984,1544381
2012-05-25,109.5,109.5,107.3499984741211,107.94999694824219,89.9090576171875,992439
2012-05-28,107.5,111.8499984741211,107.5,111.0999984741211,92.53262329101562,760535
2012-05-29,112.0,113.19999694824219,109.5,110.0,91.61644744873047,947315
2012-05-30,110.0,110.44999694824219,107.0999984741211,107.55000305175781,89.575927734375,507762
2012-05-31,107.55000305175781,109.30000305175781,106.3499984741211,107.5999984741211,89.61754608154297,1024425
2012-06-01,108.0999984741211,109.30000305175781,104.75,105.6500015258789,87.99344635009766,1100400
2012-06-04,104.0999984741211,105.0,102.4000015258789,104.55000305175781,87.0772933959961,1164412
2012-06-05,105.05000305175781,107.69999694824219,104.55000305175781,105.3499984741211,87.74358367919922,1107816
2012-06-06,106.0,108.9000015258789,105.75,107.9000015258789,89.86743927001953,1115088
2012-06-07,108.80000305175781,109.94999694824219,108.05000305175781,109.1500015258789,90.90851593017578,1147297
2012-06-08,108.1500015258789,112.69999694824219,107.1500015258789,112.05000305175781,93.32386779785156,2116151
2012-06-11,113.69999694824219,114.25,110.0999984741211,110.8499984741211,92.32440185546875,1346356
2012-06-12,110.5,113.1500015258789,109.5999984741211,112.05000305175781,93.32386779785156,717576
2012-06-13,110.75,112.80000305175781,107.9000015258789,108.5,90.36714935302734,1270402
2012-06-14,108.5,109.75,105.5,105.8499984741211,88.16001892089844,946884
2012-06-15,107.3499984741211,108.0,105.5999984741211,107.6500015258789,89.6592025756836,833731
2012-06-18,108.55000305175781,109.19999694824219,104.3499984741211,105.6500015258789,87.99344635009766,1077600
2012-06-19,105.0,106.75,104.19999694824219,104.9000015258789,87.36878967285156,1195595
2012-06-20,105.05000305175781,107.4000015258789,104.69999694824219,106.25,88.49317169189453,1347318
2012-06-21,106.30000305175781,108.30000305175781,105.5999984741211,107.69999694824219,89.7008285522461,1490853
2012-06-22,107.1500015258789,109.05000305175781,106.75,108.19999694824219,90.11727142333984,1130700
2012-06-25,108.5999984741211,111.5,108.5,109.44999694824219,91.15838623046875,1688608
2012-06-26,110.0,115.9000015258789,109.1500015258789,115.1500015258789,95.90576934814453,3537169
2012-06-27,116.80000305175781,117.94999694824219,115.5999984741211,117.1500015258789,97.571533203125,3777776
2012-06-28,117.5999984741211,118.80000305175781,115.0999984741211,115.75,96.40550994873047,1557877
2012-06-29,116.8499984741211,118.25,115.55000305175781,115.94999694824219,96.57209014892578,1202974
2012-07-02,117.0,119.5,115.1500015258789,117.94999694824219,98.23783874511719,1424923
2012-07-03,118.55000305175781,119.9000015258789,116.6500015258789,119.55000305175781,99.57044219970703,1277595
2012-07-04,120.05000305175781,120.80000305175781,118.0,118.80000305175781,98.94578552246094,1440238
2012-07-05,118.8499984741211,120.0999984741211,118.30000305175781,119.44999694824219,99.48714447021484,841326
2012-07-06,118.0999984741211,119.5,117.5,117.80000305175781,98.11289978027344,914595
2012-07-09,115.0,117.8499984741211,113.6500015258789,114.1500015258789,95.07292175292969,1421548
2012-07-10,110.0,116.19999694824219,110.0,115.69999694824219,96.36386108398438,1060814
2012-07-11,114.69999694824219,117.44999694824219,114.69999694824219,116.44999694824219,96.988525390625,2031355
2012-07-12,111.30000305175781,117.4000015258789,111.30000305175781,115.4000015258789,96.1139907836914,1803322
2012-07-13,111.5999984741211,116.44999694824219,111.5999984741211,114.19999694824219,95.11454772949219,631539
2012-07-16,113.80000305175781,115.4000015258789,113.25,114.44999694824219,95.32276916503906,907506
2012-07-17,114.0,116.9000015258789,114.0,116.3499984741211,96.90522766113281,1559903
2012-07-18,116.0,120.0,114.5999984741211,119.05000305175781,99.15399932861328,1921543
2012-07-19,119.0,122.4000015258789,119.0,121.3499984741211,101.0696029663086,2092817
2012-07-20,122.05000305175781,122.55000305175781,118.19999694824219,118.75,98.90414428710938,1990761
2012-07-23,118.0,119.4000015258789,115.0,115.6500015258789,96.32221984863281,871954
2012-07-24,115.0,124.1500015258789,115.0,123.4000015258789,102.77700805664062,4358964
2012-07-25,123.0,125.0,119.0,120.80000305175781,100.61152648925781,2974617
2012-07-26,120.0,123.25,119.30000305175781,120.05000305175781,99.98687744140625,2495002
2012-07-27,120.0,123.94999694824219,119.80000305175781,120.6500015258789,100.48661804199219,2010264
2012-07-30,121.0,123.3499984741211,119.1500015258789,122.6500015258789,102.15235137939453,1301962
2012-07-31,120.0,128.0,120.0,127.0,105.77535247802734,3491456
2012-08-01,126.69999694824219,129.3000030517578,126.19999694824219,127.05000305175781,105.81700897216797,1645936
2012-08-02,125.94999694824219,130.89999389648438,125.94999694824219,130.0500030517578,108.31563568115234,3704533
2012-08-03,129.4499969482422,132.25,129.10000610351562,131.14999389648438,109.23179626464844,2754756
2012-08-06,132.0500030517578,132.5500030517578,129.39999389648438,129.9499969482422,108.23236846923828,1166050
2012-08-07,129.0,130.89999389648438,128.14999389648438,129.85000610351562,108.1490707397461,1648078
2012-08-08,129.0,132.4499969482422,128.6999969482422,130.10000610351562,108.35728454589844,1507756
2012-08-09,129.39999389648438,133.25,128.0,131.25,111.12902069091797,2732118
2012-08-10,130.89999389648438,134.14999389648438,130.5,132.85000610351562,112.48375701904297,2352342
2012-08-13,133.0,136.64999389648438,133.0,135.14999389648438,114.43115997314453,3514187
2012-08-14,136.0,136.3000030517578,133.0,133.89999389648438,113.37276458740234,1906984
2012-08-16,134.10000610351562,136.1999969482422,133.60000610351562,133.89999389648438,113.37276458740234,1703869
2012-08-17,133.9499969482422,137.8000030517578,133.6999969482422,134.6999969482422,114.05014038085938,2944589
2012-08-21,135.4499969482422,135.85000610351562,132.1999969482422,132.89999389648438,112.52608489990234,1498330
2012-08-22,132.5500030517578,135.14999389648438,131.3000030517578,131.8000030517578,111.5947265625,1621306
2012-08-23,132.25,133.5500030517578,130.5,131.0,110.91735076904297,2030186
2012-08-24,132.0,132.0,127.69999694824219,128.85000610351562,109.09697723388672,1520284
2012-08-27,129.35000610351562,132.25,128.14999389648438,128.4499969482422,108.7582778930664,1596773
2012-08-28,129.9499969482422,129.9499969482422,126.5999984741211,127.9000015258789,108.2926025390625,2256686
2012-08-29,128.14999389648438,128.89999389648438,125.0,125.19999694824219,106.00652313232422,1428400
2012-08-30,124.05000305175781,130.85000610351562,124.0,130.3000030517578,110.32467651367188,2511083
2012-08-31,130.3000030517578,131.9499969482422,129.14999389648438,129.8000030517578,109.90132141113281,1238269
2012-09-03,131.35000610351562,132.89999389648438,129.9499969482422,130.39999389648438,110.40934753417969,1334353
2012-09-04,131.0500030517578,132.4499969482422,130.0,131.60000610351562,111.42537689208984,2015686
2012-09-05,131.60000610351562,134.89999389648438,131.0,133.64999389648438,113.1611099243164,2265877
2012-09-06,135.0,136.39999389648438,133.75,135.60000610351562,114.81218719482422,3011491
2012-09-07,137.89999389648438,138.10000610351562,136.10000610351562,136.60000610351562,115.65886688232422,1773324
2012-09-10,137.85000610351562,137.89999389648438,135.0,135.35000610351562,114.60049438476562,1367931
2012-09-11,132.0,136.9499969482422,132.0,134.8000030517578,114.13482666015625,1275189
2012-09-12,135.5500030517578,136.0,133.6999969482422,134.39999389648438,113.79612731933594,894277
2012-09-13,134.35000610351562,135.64999389648438,132.5,133.89999389648438,113.37276458740234,2158447
2012-09-14,133.8000030517578,135.75,132.10000610351562,133.64999389648438,113.1611099243164,1560857
2012-09-17,134.9499969482422,136.3000030517578,128.10000610351562,128.5,108.80062103271484,2437711
2012-09-18,128.0,131.25,127.69999694824219,129.75,109.85900115966797,2354285
2012-09-20,129.5,130.0,127.0999984741211,127.4000015258789,107.86927032470703,1220738
2012-09-21,127.9000015258789,131.89999389648438,127.8499984741211,131.0500030517578,110.95968627929688,1323240
2012-09-24,131.0500030517578,132.25,128.39999389648438,128.8000030517578,109.05464172363281,865801
2012-09-25,129.5,131.10000610351562,128.4499969482422,128.85000610351562,109.09697723388672,1457469
2012-09-26,130.0,133.35000610351562,129.0,130.5500030517578,110.53634643554688,1433480
2012-09-27,131.8000030517578,132.5500030517578,130.0,131.64999389648438,111.46771240234375,1001599
2012-09-28,133.0,144.1999969482422,132.10000610351562,142.85000610351562,120.95072937011719,8868992
2012-10-01,143.75,147.3000030517578,142.89999389648438,145.64999389648438,123.32148742675781,6368524
2012-10-03,148.89999389648438,156.5,146.25,155.39999389648438,131.5767822265625,9645143
2012-10-04,155.60000610351562,156.5,150.5500030517578,151.89999389648438,128.61331176757812,4789280
2012-10-05,153.6999969482422,154.25,147.0500030517578,150.1999969482422,127.1739730834961,3319802
2012-10-08,150.25,157.89999389648438,150.1999969482422,155.5500030517578,131.70379638671875,7208920
2012-10-09,155.5500030517578,157.89999389648438,151.8000030517578,153.39999389648438,129.8833465576172,2947656
2012-10-10,154.8000030517578,157.35000610351562,152.25,156.14999389648438,132.2117919921875,4721884
2012-10-11,156.1999969482422,161.1999969482422,156.0,160.0500030517578,135.513916015625,8658347
2012-10-12,160.10000610351562,163.4499969482422,159.9499969482422,161.25,136.5299530029297,2721618
2012-10-15,161.89999389648438,161.89999389648438,158.5,160.0,135.47157287597656,3043585
2012-10-16,160.4499969482422,164.39999389648438,159.5,161.25,136.5299530029297,3516939
2012-10-17,162.5,165.0,160.5500030517578,162.4499969482422,137.5460205078125,2690095
2012-10-18,163.0,164.5,161.0,162.0500030517578,137.2073211669922,1917975
2012-10-19,162.8000030517578,163.8000030517578,156.8000030517578,157.9499969482422,133.73587036132812,2079479
2012-10-22,156.0,161.85000610351562,156.0,159.60000610351562,135.13291931152344,2532870
2012-10-23,160.10000610351562,161.0,156.60000610351562,156.9499969482422,132.88917541503906,1381693
2012-10-25,157.0,158.1999969482422,152.10000610351562,154.85000610351562,131.11109924316406,2856121
2012-10-29,154.1999969482422,154.1999969482422,147.14999389648438,148.0,125.31121826171875,2533641
2012-10-30,150.0,153.14999389648438,147.9499969482422,150.6999969482422,127.59730529785156,2265966
2012-10-31,152.39999389648438,152.5500030517578,148.8000030517578,150.14999389648438,127.13160705566406,2088725
2012-11-01,151.89999389648438,161.25,151.35000610351562,159.8000030517578,135.30224609375,9321042
2012-11-02,160.5,161.85000610351562,157.5500030517578,158.3000030517578,134.03224182128906,2650292
2012-11-05,158.6999969482422,160.89999389648438,157.6999969482422,158.64999389648438,134.32855224609375,2593949
2012-11-06,159.0,160.1999969482422,157.35000610351562,157.85000610351562,133.65121459960938,1224178
2012-11-07,158.9499969482422,162.39999389648438,158.1999969482422,159.5500030517578,135.09056091308594,4066517
2012-11-08,158.4499969482422,167.89999389648438,157.85000610351562,167.35000610351562,141.69485473632812,6884754
2012-11-09,168.60000610351562,171.5,166.5,168.89999389648438,143.0071563720703,3242540
2012-11-12,168.85000610351562,171.1999969482422,168.1999969482422,168.8000030517578,142.92254638671875,1731275
2012-11-15,171.6999969482422,181.5,170.0,178.85000610351562,151.4318389892578,8682652
2012-11-16,180.0,181.39999389648438,172.5,173.39999389648438,146.81736755371094,4742850
2012-11-19,174.0,174.0,162.5,164.14999389648438,138.98536682128906,6071387
2012-11-20,165.0,166.39999389648438,156.0500030517578,159.0,134.62489318847656,4152208
2012-11-21,160.0,164.3000030517578,157.14999389648438,160.85000610351562,136.19126892089844,5161857
2012-11-22,161.0,163.60000610351562,158.1999969482422,159.9499969482422,135.4292449951172,2824334
2012-11-23,160.85000610351562,164.35000610351562,160.1999969482422,163.39999389648438,138.35035705566406,3658856
2012-11-26,164.6999969482422,166.60000610351562,162.25,163.39999389648438,138.35035705566406,3080275
2012-11-27,166.4499969482422,166.4499969482422,162.0500030517578,163.0500030517578,138.05398559570312,3126602
2012-11-29,163.5,165.9499969482422,162.0500030517578,162.60000610351562,137.6730194091797,3999480
2012-11-30,163.1999969482422,168.5,163.0,165.9499969482422,140.5094451904297,3996804
2012-12-03,166.8000030517578,169.75,165.39999389648438,168.5500030517578,142.7108612060547,3160525
2012-12-04,168.35000610351562,169.5,165.14999389648438,166.25,140.7634735107422,1869928
2012-12-05,166.4499969482422,168.25,165.10000610351562,165.60000610351562,140.2130889892578,2272058
2012-12-06,166.9499969482422,166.9499969482422,164.0,165.75,140.34010314941406,1949278
2012-12-07,168.39999389648438,172.1999969482422,165.85000610351562,169.85000610351562,143.81155395507812,6204240
2012-12-10,171.39999389648438,173.6999969482422,170.5,172.85000610351562,146.35166931152344,4194870
2012-12-11,173.0,174.25,166.5500030517578,169.8000030517578,143.76922607421875,2509708
2012-12-12,170.0,172.75,167.75,172.0500030517578,145.67430114746094,1988850
2012-12-13,173.5,174.25,167.5500030517578,168.0500030517578,142.2875213623047,2915524
2012-12-14,168.1999969482422,169.6999969482422,166.60000610351562,168.75,142.8802032470703,1145592
2012-12-17,168.89999389648438,169.5500030517578,165.3000030517578,165.64999389648438,140.2554168701172,1487624
2012-12-18,167.0,167.0,163.4499969482422,165.1999969482422,139.87442016601562,2129858
2012-12-19,166.35000610351562,167.5,164.35000610351562,165.14999389648438,139.8320770263672,1973831
2012-12-20,165.0,165.35000610351562,162.3000030517578,162.9499969482422,137.9693603515625,1960923
2012-12-21,163.0,165.4499969482422,160.25,160.85000610351562,136.19126892089844,2415570
2012-12-24,161.6999969482422,162.60000610351562,160.0,160.64999389648438,136.02195739746094,1922825
2012-12-26,161.75,162.5,159.75,160.14999389648438,135.59857177734375,1645334
2012-12-27,160.39999389648438,162.5,159.0,159.64999389648438,135.17527770996094,5550194
2012-12-28,160.25,162.4499969482422,159.75,160.4499969482422,135.85260009765625,3540354
2012-12-31,160.5,161.75,159.5500030517578,159.9499969482422,135.4292449951172,1579057
2013-01-01,160.5500030517578,162.5,160.3000030517578,160.8000030517578,136.14894104003906,3237577
2013-01-02,161.5,167.3000030517578,161.3000030517578,166.64999389648438,141.1020965576172,7201391
2013-01-03,167.3000030517578,168.89999389648438,165.1999969482422,165.85000610351562,140.42478942871094,4841015
2013-01-04,166.0,166.39999389648438,163.1999969482422,164.14999389648438,138.98536682128906,1901621
2013-01-07,164.9499969482422,166.25,162.0,162.75,137.79998779296875,2340504
2013-01-08,163.35000610351562,165.14999389648438,162.4499969482422,163.75,138.64669799804688,3429376
2013-01-09,164.60000610351562,164.60000610351562,161.5,162.4499969482422,137.5460205078125,2427569
2013-01-10,162.75,163.6999969482422,160.39999389648438,161.0,136.3182830810547,1844488
2013-01-11,161.39999389648438,161.75,157.75,158.64999389648438,134.32855224609375,1919016
2013-01-14,159.0500030517578,159.89999389648438,155.64999389648438,159.4499969482422,135.00587463378906,2881113
2013-01-15,167.0,167.0,157.6999969482422,158.5500030517578,134.24386596679688,2480513
2013-01-16,158.60000610351562,160.0500030517578,155.6999969482422,156.5,132.5081329345703,2338646
2013-01-17,157.0,158.5,154.5,154.9499969482422,131.19577026367188,2079725
2013-01-18,155.0,156.85000610351562,152.39999389648438,153.0,129.5447235107422,1658186
2013-01-21,153.0,155.35000610351562,152.3000030517578,154.0,130.39141845703125,1572447
2013-01-22,154.39999389648438,156.10000610351562,150.60000610351562,151.85000610351562,128.5709991455078,2136770
2013-01-23,153.5,153.5,147.60000610351562,149.0,126.15791320800781,2379204
2013-01-24,149.39999389648438,150.3000030517578,143.60000610351562,145.5,123.19447326660156,2604987
2013-01-25,147.0,160.0,145.0,148.0,125.31121826171875,2744215
2013-01-28,148.6999969482422,150.89999389648438,145.10000610351562,147.64999389648438,125.01488494873047,1458221
2013-01-29,147.9499969482422,149.8000030517578,146.5,147.75,125.09956359863281,1843799
2013-01-30,148.0,149.39999389648438,143.14999389648438,143.89999389648438,121.83976745605469,2144014
2013-01-31,143.5,151.14999389648438,142.60000610351562,149.35000610351562,126.45427703857422,6700011
2013-02-01,151.4499969482422,152.0,145.35000610351562,146.8000030517578,124.2951889038086,3680233
2013-02-04,146.14999389648438,148.25,144.5500030517578,145.14999389648438,122.89813232421875,1415455
2013-02-05,145.0,145.0,139.5,141.5,119.80767059326172,2825282
2013-02-06,142.0,144.3000030517578,141.1999969482422,142.25,120.44271087646484,2986704
2013-02-07,142.25,148.0,142.0,144.85000610351562,122.6441421508789,3760231
2013-02-08,144.89999389648438,145.5500030517578,141.75,142.5,120.65436553955078,1408440
2013-02-11,143.0,143.75,140.5,140.8000030517578,119.21499633789062,1831532
2013-02-12,141.0,142.89999389648438,140.1999969482422,142.0500030517578,120.27337646484375,2145899
2013-02-13,142.5,144.8000030517578,141.0500030517578,141.5500030517578,119.85002899169922,1806217
2013-02-14,141.5,141.75,136.8000030517578,139.0500030517578,117.73330688476562,2418731
2013-02-15,138.3000030517578,142.25,137.75,141.0500030517578,119.4266586303711,2341701
2013-02-18,143.89999389648438,144.5,141.35000610351562,141.89999389648438,120.14636993408203,3031011
2013-02-19,142.0,146.8000030517578,142.0,146.35000610351562,123.9141845703125,2816601
2013-02-20,148.0,148.85000610351562,144.5,145.0500030517578,122.81346130371094,6359736
2013-02-21,143.75,143.8000030517578,137.39999389648438,138.0,116.84425354003906,4308771
2013-02-22,138.6999969482422,140.39999389648438,137.1999969482422,138.14999389648438,116.97125244140625,3963491
2013-02-25,139.39999389648438,139.39999389648438,132.1999969482422,133.39999389648438,112.9494400024414,3454472
2013-02-26,132.0,135.0,131.25,131.85000610351562,111.63706970214844,3431214
2013-02-27,132.89999389648438,134.10000610351562,130.3000030517578,132.1999969482422,111.93341064453125,2832343
2013-02-28,133.5,134.14999389648438,122.69999694824219,125.19999694824219,106.00652313232422,6711317
2013-03-01,126.69999694824219,129.39999389648438,126.0,127.94999694824219,108.33494567871094,3851148
2013-03-04,127.5,128.39999389648438,121.55000305175781,126.5999984741211,107.19188690185547,1957560
2013-03-05,127.4000015258789,132.39999389648438,127.0,132.0500030517578,111.806396484375,3076756
2013-03-06,133.0,133.5,129.5,130.0500030517578,110.11300659179688,3317696
2013-03-07,130.0,132.64999389648438,130.0,131.64999389648438,111.46771240234375,2054577
2013-03-08,132.10000610351562,135.0,131.1999969482422,134.10000610351562,113.54212951660156,3047021
2013-03-11,134.39999389648438,135.35000610351562,132.10000610351562,132.75,112.39907836914062,1502207
2013-03-12,133.89999389648438,134.6999969482422,130.8000030517578,133.1999969482422,112.78009033203125,1986559
2013-03-13,132.5,134.64999389648438,131.5,133.5,113.03411102294922,2208924
2013-03-14,133.89999389648438,135.75,131.10000610351562,134.35000610351562,113.75381469726562,2600375
2013-03-15,134.35000610351562,136.60000610351562,132.4499969482422,133.39999389648438,112.9494400024414,2951545
2013-03-18,133.0,133.0,130.64999389648438,131.10000610351562,111.00203704833984,1395102
2013-03-19,131.10000610351562,132.1999969482422,127.0,130.14999389648438,110.1976547241211,3195668
2013-03-20,129.10000610351562,130.39999389648438,127.0,128.35000610351562,108.67362213134766,2640664
2013-03-21,128.5500030517578,128.60000610351562,123.44999694824219,124.5999984741211,105.49850463867188,2807473
2013-03-22,125.0,127.5,122.5999984741211,125.9000015258789,106.59920501708984,1442967
2013-03-25,127.30000305175781,129.25,122.80000305175781,123.55000305175781,104.60946655273438,3225051
2013-03-26,123.0999984741211,125.0999984741211,122.0,123.5,104.56713104248047,1828953
2013-03-28,124.0999984741211,129.0,122.0,127.8499984741211,108.25027465820312,2963777
2013-04-01,128.5,132.3000030517578,127.9000015258789,131.4499969482422,111.29837799072266,1832628
2013-04-02,131.0,134.6999969482422,130.89999389648438,134.1999969482422,113.62679290771484,1694920
2013-04-03,134.89999389648438,135.25,130.0500030517578,130.64999389648438,110.62100982666016,1515245
2013-04-04,129.0,130.5,126.80000305175781,127.4000015258789,107.86927032470703,1300935
2013-04-05,126.0,128.9499969482422,126.0,128.1999969482422,108.54660034179688,1052127
2013-04-08,127.0999984741211,134.3000030517578,127.05000305175781,132.8000030517578,112.44141387939453,2437204
2013-04-09,133.5,135.0,129.6999969482422,130.14999389648438,110.1976547241211,1762110
2013-04-10,130.85000610351562,131.8000030517578,128.5,131.0,110.91735076904297,1396238
2013-04-11,131.6999969482422,132.89999389648438,130.14999389648438,131.39999389648438,111.25604248046875,1396745
2013-04-12,130.14999389648438,132.89999389648438,130.0,131.75,111.55237579345703,1127803
2013-04-15,131.10000610351562,133.6999969482422,131.10000610351562,132.3000030517578,112.01805877685547,1391803
2013-04-16,131.5,135.1999969482422,131.5,133.64999389648438,113.1611099243164,2050330
2013-04-17,134.1999969482422,137.75,132.60000610351562,137.10000610351562,116.08222961425781,4670998
2013-04-18,137.8000030517578,139.3000030517578,136.5,138.75,117.47926330566406,2924016
2013-04-22,139.0,141.1999969482422,137.0,140.5500030517578,119.00332641601562,2041646
2013-04-23,141.3000030517578,141.3000030517578,136.64999389648438,138.35000610351562,117.14059448242188,998966
2013-04-25,138.35000610351562,139.4499969482422,135.5,136.0500030517578,115.19316864013672,2035505
2013-04-26,136.39999389648438,140.9499969482422,136.10000610351562,140.39999389648438,118.87630462646484,2279744
2013-04-29,141.0,144.6999969482422,140.89999389648438,144.25,122.13611602783203,3641202
2013-04-30,145.0,148.0,142.6999969482422,147.25,124.67617797851562,3713627
2013-05-02,146.8000030517578,149.85000610351562,145.89999389648438,149.0,126.15791320800781,3400457
2013-05-03,149.75,149.75,146.1999969482422,147.35000610351562,124.76087951660156,2503514
2013-05-06,147.60000610351562,149.8000030517578,146.0,147.5500030517578,124.93020629882812,1885775
2013-05-07,147.75,149.60000610351562,147.0,149.0500030517578,126.20022583007812,1337524
2013-05-08,149.0,151.8000030517578,149.0,151.0,127.85128784179688,1717318
2013-05-09,151.8000030517578,153.39999389648438,147.14999389648438,148.0500030517578,125.35355377197266,3362377
2013-05-10,148.0500030517578,149.1999969482422,145.10000610351562,146.14999389648438,123.74480438232422,1749193
2013-05-13,147.10000610351562,149.10000610351562,145.64999389648438,146.4499969482422,123.99885559082031,1966719
2013-05-14,146.0,146.5,139.60000610351562,141.0,119.38434600830078,2111690
2013-05-15,141.5,148.10000610351562,141.5,147.3000030517578,124.7185287475586,3704692
2013-05-16,146.5,148.35000610351562,142.75,143.25,121.28939056396484,1838806
2013-05-17,143.5,147.8000030517578,143.0500030517578,146.60000610351562,124.12586212158203,2294608
2013-05-20,145.9499969482422,147.85000610351562,143.25,144.0500030517578,121.96674346923828,1408332
2013-05-21,144.8000030517578,146.10000610351562,142.0,144.39999389648438,122.2630844116211,1245564
2013-05-22,144.6999969482422,146.3000030517578,141.85000610351562,142.64999389648438,120.78137969970703,1048831
2013-05-23,141.5,143.0,136.1999969482422,138.75,117.47926330566406,2023773
2013-05-24,139.14999389648438,142.0,137.25,141.3000030517578,119.63834381103516,830319
2013-05-27,141.64999389648438,144.0,141.14999389648438,143.6999969482422,121.67039489746094,1372887
2013-05-28,144.10000610351562,148.6999969482422,143.25,144.6999969482422,122.5171127319336,5651909
2013-05-29,145.4499969482422,145.75,140.85000610351562,143.0,121.07772064208984,3312025
2013-05-30,142.14999389648438,149.10000610351562,142.14999389648438,148.0,125.31121826171875,8696753
2013-05-31,149.4499969482422,149.75,144.6999969482422,145.89999389648438,123.5331802368164,3823348
2013-06-03,145.89999389648438,148.39999389648438,144.3000030517578,147.0500030517578,124.5068588256836,1446953
2013-06-04,147.8000030517578,152.1999969482422,147.10000610351562,149.89999389648438,126.91992950439453,3464825
2013-06-05,150.60000610351562,151.89999389648438,149.10000610351562,150.1999969482422,127.1739730834961,1965493
2013-06-06,149.6999969482422,150.85000610351562,147.39999389648438,149.60000610351562,126.66593170166016,1633085
2013-06-07,149.0,152.9499969482422,148.8000030517578,149.10000610351562,126.24256134033203,1955532
2013-06-10,150.0500030517578,151.3000030517578,145.0,146.0,123.61783599853516,2252773
2013-06-11,145.8000030517578,145.8000030517578,141.60000610351562,142.60000610351562,120.73905944824219,1193656
2013-06-12,142.75,144.9499969482422,135.25,141.60000610351562,119.89237976074219,4596668
2013-06-13,139.0500030517578,143.64999389648438,136.6999969482422,139.10000610351562,117.775634765625,2083641
2013-06-14,140.39999389648438,143.5,138.75,139.9499969482422,118.49530792236328,2039325
2013-06-17,140.0,141.0,138.5500030517578,140.39999389648438,118.87630462646484,1301928
2013-06-18,141.89999389648438,143.9499969482422,141.0,142.89999389648438,120.9930648803711,1753310
2013-06-19,142.6999969482422,144.64999389648438,142.6999969482422,143.5,121.5010757446289,1036866
2013-06-20,141.25,142.9499969482422,139.3000030517578,140.8000030517578,119.21499633789062,1219143
2013-06-21,139.5500030517578,142.10000610351562,132.6999969482422,136.39999389648438,115.4895248413086,1769894
2013-06-24,135.8000030517578,135.9499969482422,130.3000030517578,133.35000610351562,112.9071273803711,2280723
2013-06-25,133.4499969482422,135.4499969482422,132.1999969482422,133.89999389648438,113.37276458740234,1516124
2013-06-26,135.60000610351562,135.60000610351562,131.8000030517578,133.4499969482422,112.99176788330078,1186410
2013-06-27,133.25,135.0,128.0,129.3000030517578,111.24829864501953,6997945
2013-06-28,132.5,135.0,131.5,134.39999389648438,115.63626861572266,1913234
2013-07-01,134.5,143.10000610351562,133.39999389648438,141.5,121.7450180053711,2581665
2013-07-02,141.5,142.8000030517578,139.0500030517578,140.10000610351562,120.54048156738281,1699358
2013-07-03,139.0,143.35000610351562,138.5500030517578,141.60000610351562,121.8310775756836,2268177
2013-07-04,142.85000610351562,144.5,141.5,143.5,123.46580505371094,2220317
2013-07-05,144.5,147.25,143.25,145.14999389648438,124.88545227050781,2429015
2013-07-08,144.0,147.9499969482422,142.8000030517578,147.4499969482422,126.86433410644531,1497219
2013-07-09,148.0,149.10000610351562,144.5,145.10000610351562,124.84243774414062,1688913
2013-07-10,145.8000030517578,149.8000030517578,145.5500030517578,149.10000610351562,128.2839813232422,2518478
2013-07-11,149.89999389648438,150.89999389648438,146.60000610351562,147.64999389648438,127.03641510009766,2026285
2013-07-12,148.0,149.4499969482422,145.5500030517578,147.60000610351562,126.99341583251953,1680043
2013-07-15,149.0,154.85000610351562,148.60000610351562,154.0500030517578,132.5428924560547,3099447
2013-07-16,152.5,155.0,151.25,153.75,132.28477478027344,2076273
2013-07-17,154.5,160.35000610351562,154.10000610351562,157.0500030517578,135.12408447265625,4769847
2013-07-18,157.60000610351562,158.3000030517578,153.39999389648438,154.9499969482422,133.3172607421875,2383891
2013-07-19,155.3000030517578,157.89999389648438,153.3000030517578,155.6999969482422,133.96253967285156,1816542
2013-07-22,155.0,158.5,153.39999389648438,154.60000610351562,133.01614379882812,1873632
2013-07-23,155.0,156.8000030517578,152.60000610351562,154.75,133.1451873779297,1633371
2013-07-24,154.0,156.5,151.14999389648438,153.5500030517578,132.1127166748047,1509224
2013-07-25,155.25,155.39999389648438,150.35000610351562,151.75,130.56402587890625,2094766
2013-07-26,153.10000610351562,157.75,151.4499969482422,156.6999969482422,134.8229217529297,3984763
2013-07-29,158.14999389648438,161.5,157.0500030517578,159.39999389648438,137.14599609375,6209599
2013-07-30,160.4499969482422,163.60000610351562,155.3000030517578,158.85000610351562,136.6727752685547,7626988
2013-07-31,159.8000030517578,160.3000030517578,151.14999389648438,159.6999969482422,137.4041290283203,3344864
2013-08-01,161.0,164.1999969482422,144.1999969482422,147.0500030517578,126.52021026611328,7166956
2013-08-02,149.89999389648438,150.8000030517578,140.6999969482422,146.39999389648438,125.96092224121094,2949174
2013-08-05,149.8000030517578,149.8000030517578,142.10000610351562,142.8000030517578,122.8635482788086,1485475
2013-08-06,142.6999969482422,142.8000030517578,136.0,137.9499969482422,118.69065856933594,3028037
2013-08-07,138.0,143.4499969482422,136.1999969482422,141.89999389648438,122.08919525146484,1795135
2013-08-08,143.0,147.3000030517578,141.5,146.5,126.04698944091797,1669456
2013-08-12,147.8000030517578,149.0,144.3000030517578,145.5,125.18657684326172,1480481
2013-08-13,144.5500030517578,148.8000030517578,144.35000610351562,146.5500030517578,126.08998107910156,1470364
2013-08-14,146.89999389648438,149.39999389648438,145.0,147.64999389648438,127.03641510009766,1559833
2013-08-16,147.0,148.3000030517578,139.64999389648438,140.4499969482422,120.84162139892578,1628570
2013-08-19,142.8000030517578,143.3000030517578,136.64999389648438,141.64999389648438,121.87408447265625,2073385
2013-08-20,139.0,142.8000030517578,138.25,140.89999389648438,121.22882843017578,816055
2013-08-21,141.5,146.64999389648438,141.0,141.89999389648438,122.08919525146484,2395241
2013-08-22,141.8000030517578,146.5500030517578,141.0,146.25,125.83184814453125,1935560
2013-08-23,147.8000030517578,148.8000030517578,145.25,146.75,126.2620620727539,1072989
2013-08-26,147.0,147.5,143.10000610351562,144.0500030517578,123.93901824951172,1772634
2013-08-27,144.6999969482422,146.3000030517578,139.64999389648438,141.3000030517578,121.57296752929688,1910201
2013-08-28,141.5,141.5,130.9499969482422,136.0500030517578,117.05590057373047,4089680
2013-08-29,137.0,140.39999389648438,137.0,137.9499969482422,118.69065856933594,2463614
2013-08-30,138.10000610351562,140.64999389648438,136.6999969482422,139.0,119.59408569335938,1088398
2013-09-02,139.39999389648438,144.39999389648438,139.35000610351562,143.8000030517578,123.72392272949219,1184597
2013-09-03,144.10000610351562,145.1999969482422,140.6999969482422,141.5500030517578,121.78804779052734,1615075
2013-09-04,142.0,145.35000610351562,140.64999389648438,143.85000610351562,123.7669677734375,1006267
2013-09-05,145.8000030517578,148.0,143.60000610351562,147.1999969482422,126.64923858642578,1905598
2013-09-06,148.4499969482422,149.89999389648438,146.10000610351562,147.0,126.4771728515625,1464565
2013-09-10,149.0,149.1999969482422,145.60000610351562,146.64999389648438,126.1760482788086,1297746
2013-09-11,146.9499969482422,152.0,146.5500030517578,150.6999969482422,129.66062927246094,2053278
2013-09-12,152.1999969482422,153.1999969482422,148.1999969482422,150.75,129.70362854003906,1524759
2013-09-13,150.10000610351562,153.0,150.10000610351562,152.14999389648438,130.90817260742188,1277003
2013-09-16,153.8000030517578,153.85000610351562,147.8000030517578,150.0500030517578,129.1013641357422,1043593
2013-09-17,148.0,150.0500030517578,147.64999389648438,148.0500030517578,127.38056182861328,1036322
2013-09-18,148.5,149.0,146.75,147.64999389648438,127.03641510009766,622249
2013-09-19,151.0,151.85000610351562,148.9499969482422,150.5500030517578,129.5315399169922,1640655
2013-09-20,151.0,151.6999969482422,146.0500030517578,149.0,128.1979217529297,827487
2013-09-23,148.0,149.3000030517578,143.5,144.89999389648438,124.67035675048828,1352385
2013-09-24,143.25,146.4499969482422,142.5,143.14999389648438,123.1646499633789,1237964
2013-09-25,144.5,146.64999389648438,143.75,145.89999389648438,125.53074645996094,1636310
2013-09-26,145.89999389648438,147.39999389648438,143.25,145.9499969482422,125.57376861572266,1245218
2013-09-27,146.0,149.89999389648438,145.5,146.1999969482422,125.78885650634766,1936317
2013-09-30,146.0,146.0500030517578,143.14999389648438,143.85000610351562,123.7669677734375,785467
2013-10-01,144.10000610351562,150.5500030517578,144.0,149.8000030517578,128.88626098632812,1995226
2013-10-03,151.0,155.8000030517578,150.6999969482422,155.1999969482422,133.53236389160156,3537917
2013-10-04,155.3000030517578,156.10000610351562,152.1999969482422,153.0,131.63949584960938,1944288
2013-10-07,153.6999969482422,156.75,151.8000030517578,156.1999969482422,134.3927459716797,2133863
2013-10-08,157.0,157.8000030517578,155.1999969482422,155.8000030517578,134.048583984375,1720413
2013-10-09,155.6999969482422,158.1999969482422,154.14999389648438,155.5500030517578,133.83349609375,2049580
2013-10-10,156.0,160.8000030517578,155.85000610351562,160.14999389648438,137.79127502441406,3124853
2013-10-11,161.14999389648438,163.4499969482422,159.0,160.0500030517578,137.7052459716797,1880046
2013-10-14,160.85000610351562,161.4499969482422,157.6999969482422,159.4499969482422,137.18896484375,1281419
2013-10-15,160.0,160.1999969482422,155.35000610351562,158.0500030517578,135.98448181152344,1145582
2013-10-17,159.10000610351562,162.89999389648438,158.25,162.0,139.3829803466797,2724697
2013-10-18,163.1999969482422,165.0,162.25,164.1999969482422,141.27584838867188,2540836
2013-10-21,164.5,165.35000610351562,159.0,159.60000610351562,137.31805419921875,3257249
2013-10-22,160.39999389648438,162.8000030517578,159.89999389648438,161.85000610351562,139.2539520263672,1598301
2013-10-23,162.10000610351562,162.60000610351562,157.0,158.75,136.58673095703125,1228667
2013-10-24,159.0,166.39999389648438,158.0,165.4499969482422,142.35134887695312,4943284
2013-10-25,166.1999969482422,168.39999389648438,163.0500030517578,163.85000610351562,140.9747314453125,4412267
2013-10-28,164.0,166.25,162.3000030517578,163.25,140.45849609375,1058274
2013-10-29,163.3000030517578,164.1999969482422,160.25,162.39999389648438,139.72715759277344,2067392
2013-10-30,163.0,166.0,162.64999389648438,165.0,141.96414184570312,1918758
2013-10-31,165.0,167.10000610351562,163.10000610351562,164.0,141.10377502441406,3033400
2013-11-01,164.0,169.89999389648438,161.5500030517578,167.6999969482422,144.28721618652344,3726470
2013-11-05,168.5,169.8000030517578,165.89999389648438,167.60000610351562,144.2012176513672,1762917
2013-11-06,167.6999969482422,168.9499969482422,163.10000610351562,163.5500030517578,140.7165985107422,2080746
2013-11-07,164.39999389648438,167.89999389648438,159.0500030517578,160.35000610351562,137.96334838867188,2358582
2013-11-08,160.1999969482422,163.0,157.8000030517578,160.10000610351562,137.74827575683594,1175152
2013-11-11,160.39999389648438,161.25,155.10000610351562,156.5500030517578,134.6939239501953,1954941
2013-11-12,157.10000610351562,159.64999389648438,153.10000610351562,154.5500030517578,132.97308349609375,1842456
2013-11-13,155.0,155.0,141.10000610351562,144.3000030517578,124.15409851074219,11917625
2013-11-14,146.0500030517578,146.89999389648438,142.8000030517578,143.9499969482422,123.85298156738281,4246087
2013-11-18,142.5,148.35000610351562,142.5,147.6999969482422,127.07943725585938,5738832
2013-11-19,149.0,149.1999969482422,144.0500030517578,144.5500030517578,124.36920928955078,3835593
2013-11-20,146.25,147.8000030517578,144.75,145.35000610351562,125.05751037597656,2756146
2013-11-21,145.10000610351562,146.8000030517578,143.10000610351562,143.64999389648438,123.59485626220703,2997918
2013-11-22,144.35000610351562,145.1999969482422,141.10000610351562,141.8000030517578,122.0031509399414,2315264
2013-11-25,142.5500030517578,143.75,140.8000030517578,142.39999389648438,122.51939392089844,2305892
2013-11-26,142.0,146.8000030517578,141.60000610351562,145.5,125.18657684326172,2505101
2013-11-27,146.3000030517578,147.60000610351562,144.0,145.0500030517578,124.79940795898438,1855005
2013-11-28,145.0,148.35000610351562,145.0,147.64999389648438,127.03641510009766,3615167
2013-11-29,148.0,150.10000610351562,147.5500030517578,148.89999389648438,128.11190795898438,2020588
2013-12-02,149.1999969482422,150.89999389648438,149.0,149.3000030517578,128.45606994628906,2063513
2013-12-03,149.0,149.3000030517578,146.25,146.8000030517578,126.30511474609375,2227417
2013-12-04,146.5,148.39999389648438,145.10000610351562,145.5500030517578,125.2295913696289,1547460
2013-12-05,147.60000610351562,148.6999969482422,146.0500030517578,146.64999389648438,126.1760482788086,1565641
2013-12-06,146.8000030517578,147.75,145.8000030517578,146.1999969482422,125.78885650634766,1385102
2013-12-09,149.10000610351562,149.10000610351562,145.3000030517578,146.6999969482422,126.21905517578125,2508890
2013-12-10,146.75,149.0,146.6999969482422,147.4499969482422,126.86433410644531,1821331
2013-12-11,147.9499969482422,147.9499969482422,146.25,147.0,126.4771728515625,1285575
2013-12-12,146.8000030517578,148.4499969482422,146.1999969482422,146.75,126.2620620727539,1185509
2013-12-13,146.0,147.5,145.0,145.14999389648438,124.88545227050781,1102791
2013-12-16,145.25,145.5,142.1999969482422,143.4499969482422,123.42277526855469,1279705
2013-12-17,144.10000610351562,147.10000610351562,144.10000610351562,144.75,124.54129028320312,1678569
2013-12-18,145.3000030517578,148.75,145.25,148.1999969482422,127.5096206665039,1672571
2013-12-19,148.5500030517578,149.39999389648438,145.89999389648438,147.5,126.90735626220703,1833784
2013-12-20,147.1999969482422,153.85000610351562,146.60000610351562,153.10000610351562,131.7255401611328,5456617
2013-12-23,154.5,156.5,153.35000610351562,154.6999969482422,133.1021728515625,3101414
2013-12-24,155.39999389648438,157.64999389648438,153.64999389648438,157.25,135.29615783691406,2997231
2013-12-26,159.0,166.10000610351562,158.0,161.0500030517578,138.56565856933594,10232143
2013-12-27,160.8000030517578,162.85000610351562,156.35000610351562,158.0500030517578,135.98448181152344,3624182
2013-12-30,158.5500030517578,160.89999389648438,155.25,159.8000030517578,137.49014282226562,3188036
2013-12-31,159.5,161.5,158.14999389648438,160.4499969482422,138.0493927001953,2258565
2014-01-01,160.85000610351562,162.64999389648438,159.89999389648438,160.5,138.0924072265625,1958707
2014-01-02,160.5,161.75,153.75,154.9499969482422,133.3172607421875,2116255
2014-01-03,154.4499969482422,157.0,153.64999389648438,156.35000610351562,134.52182006835938,1816178
2014-01-06,156.9499969482422,158.60000610351562,155.10000610351562,156.8000030517578,134.9089813232422,1538685
2014-01-07,157.0,158.1999969482422,155.1999969482422,156.5,134.65086364746094,1244854
2014-01-08,157.10000610351562,159.3000030517578,156.0,157.10000610351562,135.1671142578125,2122772
2014-01-09,157.39999389648438,158.5,156.14999389648438,157.25,135.29615783691406,1740722
2014-01-10,158.0500030517578,159.9499969482422,154.75,155.9499969482422,134.17764282226562,2520546
2014-01-13,156.10000610351562,156.8000030517578,151.89999389648438,152.89999389648438,131.55345153808594,2340369
2014-01-14,153.0500030517578,154.5,150.3000030517578,152.0500030517578,130.8221435546875,2175698
2014-01-15,152.85000610351562,152.85000610351562,150.39999389648438,152.0500030517578,130.8221435546875,1117786
2014-01-16,152.25,152.89999389648438,148.5,149.0500030517578,128.24098205566406,2142240
2014-01-17,149.5,150.25,145.8000030517578,146.1999969482422,125.78885650634766,1884689
2014-01-20,146.25,149.3000030517578,146.25,148.3000030517578,127.5956802368164,2549468
2014-01-21,148.5,150.10000610351562,147.5500030517578,147.85000610351562,127.20851135253906,1992324
2014-01-22,148.35000610351562,152.1999969482422,148.10000610351562,149.85000610351562,128.92922973632812,4586839
2014-01-23,149.0500030517578,150.35000610351562,147.5,148.1999969482422,127.5096206665039,1191923
2014-01-24,147.25,147.85000610351562,143.64999389648438,144.25,124.11109161376953,2015494
2014-01-27,143.0,144.89999389648438,140.3000030517578,141.35000610351562,121.61598205566406,1798083
2014-01-28,140.89999389648438,143.0,138.39999389648438,138.9499969482422,119.55101776123047,2281455
2014-01-29,140.0,144.39999389648438,139.60000610351562,142.14999389648438,122.30427551269531,2441955
2014-01-30,141.8000030517578,144.75,139.6999969482422,140.4499969482422,120.84162139892578,4943283
2014-01-31,141.35000610351562,143.0,139.64999389648438,141.0,121.31484985351562,2555790
2014-02-03,140.85000610351562,142.9499969482422,140.0,140.6999969482422,121.05669403076172,2140205
2014-02-04,141.1999969482422,143.6999969482422,138.5,143.14999389648438,123.1646499633789,2866989
2014-02-05,143.14999389648438,144.85000610351562,142.5500030517578,143.0500030517578,123.0786361694336,1418289
2014-02-06,144.3000030517578,144.3000030517578,140.14999389648438,141.14999389648438,121.44389343261719,2905219
2014-02-07,142.4499969482422,144.5,141.8000030517578,143.35000610351562,123.33675384521484,2053488
2014-02-10,144.35000610351562,144.5,142.6999969482422,143.60000610351562,123.55184936523438,1411856
2014-02-11,144.1999969482422,145.85000610351562,143.0500030517578,144.85000610351562,124.6273422241211,1465761
2014-02-12,145.3000030517578,145.89999389648438,143.5,144.0500030517578,123.93901824951172,1486914
2014-02-13,144.0,144.85000610351562,141.14999389648438,141.75,121.96012878417969,1390278
2014-02-14,141.5500030517578,142.39999389648438,139.10000610351562,140.5500030517578,120.92766571044922,1060283
2014-02-17,140.5500030517578,141.35000610351562,137.6999969482422,138.89999389648438,119.50799560546875,1078151
2014-02-18,139.10000610351562,140.9499969482422,138.35000610351562,140.1999969482422,120.62653350830078,1294179
2014-02-19,140.35000610351562,141.75,139.60000610351562,140.35000610351562,120.75559997558594,882447
2014-02-20,139.35000610351562,141.9499969482422,139.14999389648438,141.10000610351562,121.40087127685547,784045
2014-02-21,141.25,143.0,141.1999969482422,142.0,122.17522430419922,1204144
2014-02-24,142.75,143.0,141.8000030517578,142.6999969482422,122.77749633789062,613301
2014-02-25,143.1999969482422,143.5500030517578,141.0,141.1999969482422,121.48692321777344,1034913
2014-02-26,141.6999969482422,141.89999389648438,139.10000610351562,139.8000030517578,120.28237915039062,1868445
2014-02-28,140.14999389648438,142.14999389648438,139.14999389648438,139.6999969482422,120.1963119506836,1852558
2014-03-03,139.9499969482422,141.0,135.25,135.9499969482422,116.96986389160156,2979960
2014-03-04,136.8000030517578,141.14999389648438,135.89999389648438,140.39999389648438,120.79859161376953,2995506
2014-03-05,141.4499969482422,142.25,139.4499969482422,140.89999389648438,121.22882843017578,2317544
2014-03-06,141.5,143.0,140.14999389648438,142.5500030517578,122.64844512939453,3010530
2014-03-07,143.5,144.35000610351562,141.3000030517578,143.3000030517578,123.29373931884766,2910251
2014-03-10,143.89999389648438,145.10000610351562,142.25,143.8000030517578,123.72392272949219,2127241
2014-03-11,143.8000030517578,146.0,143.0,145.14999389648438,124.88545227050781,2110986
2014-03-12,146.0500030517578,147.5,145.14999389648438,145.64999389648438,125.31564331054688,2109508
2014-03-13,146.0,146.89999389648438,141.89999389648438,142.5500030517578,122.64844512939453,1240884
2014-03-14,142.0,143.39999389648438,141.0,142.6999969482422,122.77749633789062,1237254
2014-03-18,142.6999969482422,144.8000030517578,142.5500030517578,143.14999389648438,123.1646499633789,926631
2014-03-19,143.1999969482422,143.8000030517578,141.10000610351562,141.3000030517578,121.57296752929688,1982788
2014-03-20,140.6999969482422,143.1999969482422,140.6999969482422,141.39999389648438,121.65898895263672,1578311
2014-03-21,143.0,146.0,142.4499969482422,143.39999389648438,123.3797836303711,2771806
2014-03-24,143.14999389648438,144.85000610351562,142.5,142.85000610351562,122.90658569335938,1239544
2014-03-25,142.5500030517578,144.0,142.39999389648438,142.89999389648438,122.94957733154297,1214418
2014-03-26,144.0,144.8000030517578,142.25,142.75,122.82052612304688,1763657
2014-03-27,143.0,143.75,141.3000030517578,141.8000030517578,122.0031509399414,3147980
2014-03-28,142.85000610351562,148.60000610351562,142.3000030517578,148.0,127.33757019042969,3912192
2014-03-31,150.0,152.6999969482422,148.10000610351562,150.0500030517578,129.1013641357422,4143774
2014-04-01,151.4499969482422,154.75,148.8000030517578,154.25,132.7150115966797,4863298
2014-04-02,155.0,155.64999389648438,152.10000610351562,153.5,132.06973266601562,2596842
2014-04-03,154.0,154.3000030517578,149.39999389648438,151.5500030517578,130.39193725585938,2346430
2014-04-04,152.0,153.8000030517578,150.14999389648438,152.1999969482422,130.95118713378906,1970278
2014-04-07,149.3000030517578,152.5,148.25,151.4499969482422,130.30592346191406,1476512
2014-04-09,152.75,155.9499969482422,152.5,154.39999389648438,132.84405517578125,3183552
2014-04-10,155.10000610351562,155.3000030517578,152.10000610351562,153.10000610351562,131.7255401611328,2017657
2014-04-11,152.1999969482422,154.0,151.75,152.75,131.42442321777344,1788771
2014-04-15,153.85000610351562,154.89999389648438,151.10000610351562,153.0500030517578,131.68252563476562,1464343
2014-04-16,153.25,153.9499969482422,150.0,150.5,129.48855590820312,1148162
2014-04-17,151.0,158.1999969482422,151.0,157.4499969482422,135.46823120117188,4644106
2014-04-21,158.25,160.0,155.5500030517578,156.14999389648438,134.34971618652344,2939902
2014-04-22,156.9499969482422,159.3000030517578,156.14999389648438,157.85000610351562,135.81240844726562,2243023
2014-04-23,157.85000610351562,159.39999389648438,155.0500030517578,156.10000610351562,134.30673217773438,3277200
2014-04-24,156.10000610351562,156.10000610351562,156.10000610351562,156.10000610351562,134.30673217773438,0
2014-04-25,156.5,157.0,151.85000610351562,152.9499969482422,131.59649658203125,1867200
2014-04-28,153.0,154.5500030517578,151.75,152.85000610351562,131.5104522705078,1452937
2014-04-29,153.0,154.10000610351562,151.0,151.3000030517578,130.1768798828125,1294813
2014-04-30,152.4499969482422,153.5,146.5,149.4499969482422,128.5851287841797,2460179
2014-05-02,149.4499969482422,150.89999389648438,147.8000030517578,148.35000610351562,127.63867950439453,1207233
2014-05-05,148.60000610351562,148.60000610351562,146.39999389648438,146.6999969482422,126.21905517578125,1058888
2014-05-06,147.0500030517578,148.3000030517578,144.89999389648438,145.10000610351562,124.84243774414062,1231593
2014-05-07,145.0500030517578,146.39999389648438,144.14999389648438,144.60000610351562,124.41224670410156,979792
2014-05-08,145.0500030517578,145.5500030517578,142.10000610351562,142.4499969482422,122.56238555908203,1475651
2014-05-09,142.10000610351562,145.9499969482422,142.10000610351562,145.0,124.75638580322266,1219063
2014-05-12,145.8000030517578,146.6999969482422,144.14999389648438,144.5500030517578,124.36920928955078,1789879
2014-05-13,145.5,149.6999969482422,145.5,146.39999389648438,125.96092224121094,2352331
2014-05-14,147.0,148.5,145.39999389648438,147.3000030517578,126.73529052734375,1851834
2014-05-15,148.0,148.0500030517578,143.85000610351562,144.1999969482422,124.0680923461914,2208007
2014-05-16,146.35000610351562,147.5,143.25,144.75,124.54129028320312,3658879
2014-05-19,146.0,151.60000610351562,145.25,150.6999969482422,129.66062927246094,4970218
2014-05-20,152.9499969482422,154.85000610351562,151.0500030517578,153.4499969482422,132.0266571044922,3351574
2014-05-21,155.60000610351562,155.60000610351562,151.5500030517578,153.10000610351562,131.7255401611328,2539045
2014-05-22,154.5,157.39999389648438,153.39999389648438,155.5500030517578,133.83349609375,3246095
2014-05-23,156.0,158.4499969482422,155.10000610351562,157.5500030517578,135.55430603027344,3014828
2014-05-26,158.5,163.0,152.75,156.4499969482422,134.6078338623047,5629757
2014-05-27,157.3000030517578,157.8000030517578,153.0,156.39999389648438,134.56480407714844,1748577
2014-05-28,157.0,158.1999969482422,154.75,156.25,134.43576049804688,1655825
2014-05-29,154.5,154.5,148.0,148.89999389648438,128.11190795898438,5050078
2014-05-30,150.0,151.0,145.35000610351562,149.10000610351562,128.2839813232422,4293795
2014-06-02,149.39999389648438,149.89999389648438,146.60000610351562,147.5,126.90735626220703,3308467
2014-06-03,148.0,151.85000610351562,147.75,150.3000030517578,129.3164520263672,3014557
2014-06-04,150.0,154.0,150.0,153.0,131.63949584960938,4764627
2014-06-05,154.3000030517578,154.8000030517578,151.14999389648438,154.0500030517578,132.5428924560547,2556595
2014-06-06,157.0,176.8000030517578,155.1999969482422,171.10000610351562,147.21255493164062,17064363
2014-06-09,173.85000610351562,175.4499969482422,170.10000610351562,171.1999969482422,147.298583984375,8772925
2014-06-10,171.64999389648438,177.14999389648438,166.10000610351562,174.85000610351562,150.4390106201172,11693055
2014-06-11,175.8000030517578,176.10000610351562,165.0500030517578,169.35000610351562,145.7068634033203,7414725
2014-06-12,168.39999389648438,171.5,165.64999389648438,168.64999389648438,145.1045684814453,4131952
2014-06-13,170.0,173.9499969482422,161.14999389648438,163.6999969482422,140.84568786621094,6509643
2014-06-16,162.3000030517578,166.6999969482422,161.60000610351562,166.0,142.8245391845703,4149164
2014-06-17,166.0,167.9499969482422,163.6999969482422,167.0500030517578,143.72796630859375,2644231
2014-06-18,167.0,169.0,162.10000610351562,163.5500030517578,140.7165985107422,3059834
2014-06-19,164.60000610351562,165.35000610351562,161.3000030517578,162.89999389648438,140.1573486328125,2957708
2014-06-20,162.60000610351562,165.39999389648438,161.85000610351562,162.35000610351562,139.6841278076172,2474896
2014-06-23,166.0,171.1999969482422,164.8000030517578,167.9499969482422,144.50230407714844,8915917
2014-06-24,167.4499969482422,169.5,165.5,167.3000030517578,143.9430694580078,4394262
2014-06-25,166.3000030517578,170.75,166.3000030517578,169.5,145.8359375,4512185
2014-06-26,169.0,169.64999389648438,165.60000610351562,167.8000030517578,144.3732452392578,5084653
2014-06-27,168.0,172.9499969482422,168.0,171.10000610351562,147.21255493164062,5470675
2014-06-30,172.4499969482422,175.0,172.0500030517578,172.75,148.63218688964844,5884830
2014-07-01,173.35000610351562,176.60000610351562,171.5,174.8000030517578,150.39599609375,5379012
2014-07-02,176.25,176.8000030517578,173.10000610351562,174.35000610351562,150.0087890625,3796609
2014-07-03,175.0,175.0,168.35000610351562,169.1999969482422,145.57778930664062,5474004
2014-07-04,168.10000610351562,171.1999969482422,166.0,167.85000610351562,144.41627502441406,4246788
2014-07-07,168.10000610351562,169.60000610351562,166.64999389648438,167.0500030517578,143.72796630859375,2054919
2014-07-08,167.64999389648438,167.64999389648438,157.75,158.6999969482422,136.54371643066406,3349829
2014-07-09,158.0,159.60000610351562,152.75,154.9499969482422,133.3172607421875,3488714
2014-07-10,155.4499969482422,161.35000610351562,149.25,155.4499969482422,133.74745178222656,3284116
2014-07-11,154.8000030517578,156.3000030517578,149.14999389648438,149.8000030517578,128.88626098632812,3188567
2014-07-14,148.85000610351562,153.1999969482422,148.5,151.8000030517578,130.60704040527344,2443696
2014-07-15,152.35000610351562,154.0,151.5,153.75,132.28477478027344,1859780
2014-07-16,153.75,157.6999969482422,153.1999969482422,157.1999969482422,135.25314331054688,2539258
2014-07-17,157.25,161.0,156.25,160.35000610351562,137.96334838867188,2116223
2014-07-18,159.85000610351562,163.0,157.6999969482422,160.64999389648438,138.22146606445312,4974108
2014-07-21,161.5,162.4499969482422,158.75,159.1999969482422,136.9739227294922,1938059
2014-07-22,159.5,161.39999389648438,156.6999969482422,158.6999969482422,136.54371643066406,2700600
2014-07-23,159.5,159.6999969482422,155.6999969482422,156.8000030517578,134.9089813232422,3001729
2014-07-24,156.6999969482422,157.89999389648438,155.9499969482422,156.5500030517578,134.6939239501953,2894662
2014-07-25,156.1999969482422,157.39999389648438,152.5500030517578,153.5,132.06973266601562,3156927
2014-07-28,152.5,156.1999969482422,152.0500030517578,155.1999969482422,133.53236389160156,2789011
2014-07-30,155.9499969482422,155.9499969482422,152.4499969482422,152.89999389648438,131.55345153808594,2757448
2014-07-31,152.8000030517578,155.14999389648438,152.5,153.5,132.06973266601562,4155508
2014-08-01,152.0,156.85000610351562,151.75,154.3000030517578,132.75802612304688,2361557
2014-08-04,155.0500030517578,155.89999389648438,153.75,155.5,133.79049682617188,1677773
2014-08-05,154.10000610351562,155.60000610351562,152.5,154.89999389648438,135.20655822753906,1788911
2014-08-06,153.64999389648438,156.5,153.5,153.8000030517578,134.24644470214844,1890055
2014-08-07,153.60000610351562,155.10000610351562,152.64999389648438,154.14999389648438,134.5519561767578,1557133
2014-08-08,152.6999969482422,152.89999389648438,149.5500030517578,150.64999389648438,131.4969482421875,2393314
2014-08-11,150.6999969482422,153.0,150.6999969482422,151.89999389648438,132.58798217773438,1212104
2014-08-12,151.5,154.8000030517578,151.5,154.4499969482422,134.81378173828125,1282122
2014-08-13,153.10000610351562,154.3000030517578,150.3000030517578,151.14999389648438,131.933349609375,1521138
2014-08-14,152.64999389648438,152.89999389648438,150.75,152.10000610351562,132.7625732421875,1220808
2014-08-18,152.1999969482422,155.35000610351562,151.5500030517578,154.39999389648438,134.77015686035156,1212265
2014-08-19,155.35000610351562,157.6999969482422,154.89999389648438,156.5,136.60317993164062,1835749
2014-08-20,156.5500030517578,159.5,156.25,158.5,138.34889221191406,3127760
2014-08-21,158.5,160.39999389648438,156.1999969482422,157.10000610351562,137.1269073486328,1803100
2014-08-22,158.5,158.5,155.0,155.4499969482422,135.6866455078125,1273200
2014-08-25,155.5,157.8000030517578,155.0,155.4499969482422,135.6866455078125,1498748
2014-08-26,154.39999389648438,155.5,151.35000610351562,152.9499969482422,133.50448608398438,954442
2014-08-27,153.35000610351562,154.85000610351562,152.5,153.10000610351562,133.63543701171875,1030109
2014-08-28,153.39999389648438,154.0,150.0,150.5,131.36602783203125,3046168
2014-09-01,151.10000610351562,154.35000610351562,151.10000610351562,153.89999389648438,134.33370971679688,1611331
2014-09-02,153.0,156.85000610351562,153.0,155.39999389648438,135.6430206298828,1903051
2014-09-03,156.8000030517578,156.8000030517578,153.5500030517578,154.25,134.63925170898438,1808768
2014-09-04,154.0,163.89999389648438,154.0,162.1999969482422,141.57850646972656,5685443
2014-09-05,163.8000030517578,164.5,160.0500030517578,162.25,141.62213134765625,4436559
2014-09-08,163.0500030517578,166.5,162.5,164.60000610351562,143.6733856201172,3403585
2014-09-09,165.10000610351562,166.25,162.60000610351562,165.1999969482422,144.19708251953125,2016606
2014-09-10,163.5,165.0,160.5,162.5500030517578,141.8839874267578,1964477
2014-09-11,162.85000610351562,169.85000610351562,161.0,167.39999389648438,146.1173858642578,6185414
2014-09-12,168.0,171.35000610351562,166.39999389648438,169.5500030517578,147.99404907226562,4325265
2014-09-15,169.0,170.85000610351562,166.35000610351562,167.1999969482422,145.9428253173828,2733612
2014-09-16,167.0500030517578,167.60000610351562,158.0,159.4499969482422,139.17811584472656,3786842
2014-09-17,160.6999969482422,162.6999969482422,156.89999389648438,161.60000610351562,141.0548095703125,2748845
2014-09-18,160.0500030517578,165.6999969482422,160.0500030517578,164.85000610351562,143.89157104492188,2243468
2014-09-19,165.6999969482422,172.89999389648438,164.10000610351562,168.60000610351562,147.1648406982422,6277667
2014-09-22,168.0,172.0,167.0500030517578,170.60000610351562,148.91055297851562,4342518
2014-09-23,170.1999969482422,171.8000030517578,163.64999389648438,164.4499969482422,143.54244995117188,3086572
2014-09-24,165.1999969482422,166.75,161.8000030517578,164.75,143.8043212890625,2219635
2014-09-25,165.39999389648438,165.64999389648438,159.10000610351562,160.3000030517578,139.92002868652344,2973253
2014-09-26,159.0,161.9499969482422,154.4499969482422,159.64999389648438,139.3527069091797,2924724
2014-09-29,160.0,161.89999389648438,158.3000030517578,159.0,138.7853240966797,2096263
2014-09-30,159.10000610351562,162.39999389648438,157.60000610351562,159.35000610351562,139.09085083007812,1917772
2014-10-01,160.0,162.0,158.39999389648438,158.85000610351562,138.6544189453125,1198264
2014-10-07,158.25,161.64999389648438,158.0,158.8000030517578,138.61074829101562,2284463
2014-10-08,158.0,161.0,157.75,160.25,139.87640380859375,1524087
2014-10-09,160.4499969482422,163.35000610351562,160.4499969482422,161.25,140.749267578125,3216539
2014-10-10,160.64999389648438,163.89999389648438,158.6999969482422,160.25,139.87640380859375,3624666
2014-10-13,159.60000610351562,160.0,157.0500030517578,157.5,137.47604370117188,2022489
2014-10-14,158.39999389648438,159.3000030517578,156.0,156.39999389648438,136.515869140625,1967222
2014-10-15,156.39999389648438,156.39999389648438,156.39999389648438,156.39999389648438,136.515869140625,0
2014-10-16,156.0500030517578,158.25,151.0500030517578,152.35000610351562,132.98080444335938,2254205
2014-10-17,152.75,153.89999389648438,150.8000030517578,153.35000610351562,133.85366821289062,3946921
2014-10-20,154.5500030517578,155.64999389648438,153.35000610351562,154.6999969482422,135.0320281982422,2073712
2014-10-21,154.10000610351562,156.35000610351562,153.39999389648438,155.5500030517578,135.77394104003906,2584790
2014-10-22,156.8000030517578,157.5,155.5,156.5,136.60317993164062,2010555
2014-10-27,159.25,159.25,155.9499969482422,156.3000030517578,136.4285888671875,1019575
2014-10-28,156.75,157.5500030517578,156.0500030517578,156.35000610351562,136.47225952148438,1153614
2014-10-29,157.0,158.25,156.60000610351562,157.3000030517578,137.3014678955078,1079352
2014-10-30,157.14999389648438,158.9499969482422,156.89999389648438,157.4499969482422,137.432373046875,4589900
2014-10-31,158.89999389648438,161.1999969482422,158.0500030517578,160.10000610351562,139.74549865722656,4750346
2014-11-03,161.0,164.1999969482422,160.10000610351562,163.75,142.9314422607422,2713036
2014-11-05,164.8000030517578,165.0,160.4499969482422,161.64999389648438,141.09840393066406,2428509
2014-11-07,157.89999389648438,161.5,157.0,160.89999389648438,140.4437713623047,2600609
2014-11-10,161.0500030517578,162.60000610351562,157.25,157.75,137.6942596435547,1570697
2014-11-11,158.6999969482422,159.64999389648438,157.39999389648438,158.25,138.13067626953125,1662143
2014-11-12,158.85000610351562,158.85000610351562,155.3000030517578,155.85000610351562,136.0358123779297,1887415
2014-11-13,156.6999969482422,156.9499969482422,154.0,154.1999969482422,134.5955810546875,2038270
2014-11-14,154.9499969482422,156.14999389648438,153.64999389648438,155.25,135.5120849609375,2634731
2014-11-17,154.35000610351562,161.89999389648438,154.35000610351562,159.89999389648438,139.57090759277344,4643861
2014-11-18,160.5,161.35000610351562,158.60000610351562,159.39999389648438,139.1344757080078,1709932
2014-11-19,160.1999969482422,163.35000610351562,157.25,157.85000610351562,137.7815704345703,3713745
2014-11-20,157.10000610351562,158.10000610351562,154.60000610351562,156.9499969482422,136.99594116210938,1670273
2014-11-21,157.1999969482422,158.89999389648438,156.10000610351562,156.75,136.82138061523438,1541039
2014-11-24,157.0,158.3000030517578,155.75,156.9499969482422,136.99594116210938,1832296
2014-11-25,157.1999969482422,157.5500030517578,152.5,154.1999969482422,134.5955810546875,1704935
2014-11-26,154.0500030517578,155.8000030517578,153.25,155.3000030517578,135.55575561523438,1634296
2014-11-27,159.5,162.39999389648438,155.6999969482422,161.0,140.53106689453125,7062154
2014-11-28,162.25,163.89999389648438,159.64999389648438,161.3000030517578,140.79290771484375,3713876
2014-12-01,161.85000610351562,162.89999389648438,159.25,159.5500030517578,139.26541137695312,1893457
2014-12-02,159.6999969482422,164.25,157.1999969482422,163.35000610351562,142.58229064941406,3473392
2014-12-03,164.89999389648438,165.89999389648438,162.75,163.25,142.4949951171875,2826458
2014-12-04,163.6999969482422,164.1999969482422,161.39999389648438,163.39999389648438,142.62594604492188,1691661
2014-12-05,163.5,164.8000030517578,160.64999389648438,161.10000610351562,140.61837768554688,1451138
2014-12-08,160.9499969482422,161.4499969482422,157.6999969482422,158.3000030517578,138.17434692382812,1580445
2014-12-09,158.75,158.85000610351562,154.10000610351562,154.85000610351562,135.1629638671875,1339740
2014-12-10,154.0,157.39999389648438,154.0,156.0,136.166748046875,1102295
2014-12-11,156.0,157.1999969482422,154.39999389648438,155.64999389648438,135.86123657226562,1006074
2014-12-12,155.1999969482422,157.0,152.5,152.9499969482422,133.50448608398438,1376256
2014-12-15,152.10000610351562,154.1999969482422,151.39999389648438,151.60000610351562,132.32614135742188,1510454
2014-12-16,150.6999969482422,152.1999969482422,143.3000030517578,144.25,125.91061401367188,2871674
2014-12-17,144.3000030517578,145.85000610351562,137.0500030517578,145.0,126.56522369384766,4975475
2014-12-18,146.4499969482422,149.0,146.35000610351562,147.5,128.74740600585938,1538715
2014-12-19,148.5,149.6999969482422,146.5500030517578,147.39999389648438,128.66012573242188,1456641
2014-12-22,147.5500030517578,148.25,145.60000610351562,147.5,128.74740600585938,1657451
2014-12-23,147.8000030517578,149.0500030517578,146.75,148.3000030517578,129.44569396972656,1396448
2014-12-24,148.9499969482422,149.89999389648438,146.10000610351562,146.89999389648438,128.2236785888672,6940283
2014-12-26,147.14999389648438,148.0,145.60000610351562,146.85000610351562,128.18003845214844,999836
2014-12-29,147.14999389648438,149.89999389648438,147.14999389648438,148.64999389648438,129.75120544433594,913003
2014-12-30,148.8000030517578,149.60000610351562,148.10000610351562,149.0500030517578,130.10032653808594,747441
2014-12-31,148.8000030517578,151.85000610351562,148.64999389648438,150.9499969482422,131.75877380371094,1347935
2015-01-01,150.9499969482422,151.75,150.35000610351562,150.6999969482422,131.5405731201172,535692
2015-01-02,150.89999389648438,153.1999969482422,150.5500030517578,152.5,133.1117401123047,2043127
2015-01-05,151.64999389648438,154.5,151.64999389648438,152.9499969482422,133.50448608398438,1873161
2015-01-06,151.9499969482422,151.9499969482422,147.0,148.14999389648438,129.3147735595703,2390258
2015-01-07,147.1999969482422,149.1999969482422,146.0,148.4499969482422,129.57664489746094,2770541
2015-01-08,149.89999389648438,154.5,149.5,153.6999969482422,134.15914916992188,2292977
2015-01-09,154.5,157.6999969482422,153.3000030517578,155.60000610351562,135.81759643554688,4013444
2015-01-12,156.35000610351562,158.6999969482422,155.1999969482422,157.35000610351562,137.34510803222656,1647105
2015-01-13,157.5500030517578,157.89999389648438,154.1999969482422,155.25,135.5120849609375,1558189
2015-01-14,155.0500030517578,157.0,153.8000030517578,154.85000610351562,135.1629638671875,1383172
2015-01-15,156.60000610351562,157.60000610351562,154.0500030517578,155.64999389648438,135.86123657226562,1183917
2015-01-16,155.0,155.75,153.75,154.3000030517578,134.68287658691406,1299810
2015-01-19,154.3000030517578,157.8000030517578,154.3000030517578,156.5500030517578,136.64683532714844,1000172
2015-01-20,156.8000030517578,157.4499969482422,155.60000610351562,156.35000610351562,136.47225952148438,1211357
2015-01-21,157.39999389648438,159.39999389648438,156.64999389648438,158.0,137.91249084472656,2696995
2015-01-22,157.10000610351562,160.60000610351562,157.10000610351562,158.85000610351562,138.6544189453125,2326838
2015-01-23,159.14999389648438,162.14999389648438,156.89999389648438,161.14999389648438,140.6619873046875,2437301
2015-01-27,161.0,162.0,158.60000610351562,159.39999389648438,139.1344757080078,1634586
2015-01-28,158.8000030517578,159.89999389648438,157.64999389648438,158.75,138.56712341308594,1819031
2015-01-29,158.9499969482422,160.75,157.3000030517578,158.25,138.13067626953125,2823390
2015-01-30,158.9499969482422,162.39999389648438,154.0500030517578,158.6999969482422,138.52346801757812,4094370
2015-02-02,157.89999389648438,167.75,157.75,163.60000610351562,142.80050659179688,5423705
2015-02-03,164.0,164.5,159.1999969482422,160.4499969482422,140.0509796142578,1927234
2015-02-04,160.6999969482422,163.10000610351562,157.64999389648438,158.5500030517578,138.39254760742188,1567779
2015-02-05,159.25,159.8000030517578,153.5,154.75,135.07566833496094,2403931
2015-02-06,154.39999389648438,154.6999969482422,151.5500030517578,152.39999389648438,133.0244140625,1392578
2015-02-09,151.5,152.89999389648438,148.6999969482422,149.5500030517578,130.53677368164062,1470539
2015-02-10,148.89999389648438,153.14999389648438,148.0,151.5500030517578,132.28250122070312,1719968
2015-02-11,151.1999969482422,154.6999969482422,151.1999969482422,154.35000610351562,134.7265167236328,1131718
2015-02-12,154.9499969482422,156.8000030517578,153.1999969482422,155.1999969482422,135.46844482421875,1727098
2015-02-13,155.64999389648438,158.9499969482422,154.85000610351562,157.39999389648438,137.3887176513672,1565871
2015-02-16,157.85000610351562,157.9499969482422,154.75,155.14999389648438,135.4248046875,696970
2015-02-18,155.5,158.0,155.0500030517578,156.85000610351562,136.90869140625,1122120
2015-02-19,157.39999389648438,158.5,154.4499969482422,157.0,137.03961181640625,1377032
2015-02-20,157.75,162.25,156.60000610351562,159.6999969482422,139.39633178710938,2886605
2015-02-23,160.9499969482422,161.5,155.3000030517578,155.9499969482422,136.1230926513672,1614558
2015-02-24,156.0,157.3000030517578,153.60000610351562,155.5500030517578,135.77394104003906,1404899
2015-02-25,155.5500030517578,156.25,153.10000610351562,153.5,133.984619140625,1546220
2015-02-26,153.89999389648438,154.5,151.89999389648438,152.5500030517578,133.15536499023438,2960597
2015-02-27,153.39999389648438,156.5500030517578,153.14999389648438,156.0500030517578,136.21041870117188,1540677
2015-03-02,155.5,158.89999389648438,155.0,158.35000610351562,138.21798706054688,1211587
2015-03-03,158.5,164.89999389648438,157.14999389648438,163.5500030517578,142.75685119628906,4314580
2015-03-04,164.0,164.35000610351562,157.0,158.35000610351562,138.21798706054688,2204041
2015-03-05,157.89999389648438,161.39999389648438,156.10000610351562,159.3000030517578,139.0471649169922,1419036
2015-03-09,159.0500030517578,162.85000610351562,157.25,159.0500030517578,138.8289794921875,2281047
2015-03-10,159.64999389648438,161.0,155.8000030517578,157.25,137.2578125,1354766
2015-03-11,157.35000610351562,159.5,156.6999969482422,157.85000610351562,137.7815704345703,1773712
2015-03-12,158.5,161.39999389648438,157.85000610351562,160.0,139.65817260742188,2130596
2015-03-13,160.9499969482422,161.10000610351562,153.5500030517578,154.85000610351562,135.1629638671875,2248388
2015-03-16,154.9499969482422,155.64999389648438,152.85000610351562,154.75,135.07566833496094,1343251
2015-03-17,155.25,157.3000030517578,155.25,156.6999969482422,136.77772521972656,1416285
2015-03-18,156.89999389648438,158.25,155.39999389648438,155.85000610351562,136.0358123779297,1268390
2015-03-19,156.64999389648438,157.35000610351562,152.6999969482422,153.85000610351562,134.2900848388672,1776564
2015-03-20,153.75,153.75,149.0,149.9499969482422,130.8859405517578,1834524
2015-03-23,149.8000030517578,150.5500030517578,146.89999389648438,147.1999969482422,128.4855194091797,1229406
2015-03-24,147.35000610351562,148.9499969482422,146.1999969482422,147.9499969482422,129.14015197753906,1328198
2015-03-25,148.0,149.39999389648438,147.75,149.0,130.0566864013672,1566031
2015-03-26,148.0500030517578,149.5500030517578,146.5,147.3000030517578,128.57281494140625,2029247
2015-03-27,148.4499969482422,149.1999969482422,142.6999969482422,145.75,127.21990966796875,2099157
2015-03-30,147.10000610351562,150.25,146.5500030517578,149.75,130.71133422851562,818899
2015-03-31,150.25,151.1999969482422,148.3000030517578,148.8000030517578,129.88214111328125,1383972
2015-04-01,148.8000030517578,151.9499969482422,148.8000030517578,151.10000610351562,131.88970947265625,575050
2015-04-06,151.9499969482422,152.10000610351562,149.8000030517578,151.4499969482422,132.19522094726562,843471
2015-04-07,152.39999389648438,152.39999389648438,149.89999389648438,151.10000610351562,131.88970947265625,1810409
2015-04-08,151.8000030517578,153.6999969482422,150.8000030517578,151.60000610351562,132.32614135742188,1142129
2015-04-09,152.35000610351562,153.0,151.0,152.0500030517578,132.7189178466797,852909
2015-04-10,152.6999969482422,162.5,152.0500030517578,161.1999969482422,140.70562744140625,6349564
2015-04-13,161.64999389648438,162.75,158.60000610351562,161.5,140.9674835205078,3122578
2015-04-15,161.4499969482422,163.5,157.85000610351562,158.9499969482422,138.74169921875,4215595
2015-04-16,158.89999389648438,160.25,156.0500030517578,159.3000030517578,139.0471649169922,1373494
2015-04-17,159.25,161.1999969482422,157.0,157.5500030517578,137.5196990966797,1223180
2015-04-20,157.3000030517578,157.75,151.1999969482422,153.25,133.76638793945312,1753170
2015-04-21,152.89999389648438,154.64999389648438,149.64999389648438,150.1999969482422,131.1041259765625,3096387
2015-04-22,150.89999389648438,151.75,145.85000610351562,149.64999389648438,130.6240692138672,2719219
2015-04-23,151.0,152.5,149.89999389648438,150.1999969482422,131.1041259765625,2312755
2015-04-24,150.64999389648438,150.64999389648438,146.1999969482422,147.25,128.52915954589844,1179218
2015-04-27,147.64999389648438,148.14999389648438,141.39999389648438,142.14999389648438,124.07759094238281,3007045
2015-04-28,141.60000610351562,144.14999389648438,141.0,141.9499969482422,123.90299224853516,3701269
2015-04-29,142.25,143.35000610351562,141.5,142.5500030517578,124.42672729492188,1836583
2015-04-30,142.25,143.14999389648438,140.39999389648438,142.10000610351562,124.03392791748047,2456804
2015-05-04,143.39999389648438,144.89999389648438,142.5500030517578,143.5500030517578,125.2995834350586,1103984
2015-05-05,143.85000610351562,145.89999389648438,143.5,144.5500030517578,126.17245483398438,1785800
2015-05-06,144.25,144.9499969482422,138.75,139.8000030517578,122.02635955810547,2281538
2015-05-07,139.0,140.4499969482422,136.60000610351562,137.75,120.23697662353516,2366296
2015-05-08,139.0,141.85000610351562,138.3000030517578,141.0500030517578,123.11744689941406,1572681
2015-05-11,141.39999389648438,143.89999389648438,140.5500030517578,143.35000610351562,125.1250228881836,2341680
2015-05-12,143.3000030517578,145.5,139.39999389648438,142.85000610351562,124.6885986328125,3019872
2015-05-13,143.14999389648438,145.89999389648438,143.0500030517578,144.5500030517578,126.17245483398438,2227212
2015-05-14,145.0500030517578,146.89999389648438,143.64999389648438,146.3000030517578,127.699951171875,1373721
2015-05-15,146.85000610351562,148.5,145.4499969482422,147.39999389648438,128.66012573242188,2232739
2015-05-18,147.75,150.4499969482422,147.64999389648438,147.9499969482422,129.14015197753906,1497623
2015-05-19,147.8000030517578,149.25,146.8000030517578,147.5500030517578,128.7910614013672,1138811
2015-05-20,147.4499969482422,148.75,144.5500030517578,145.9499969482422,127.39446258544922,1648427
2015-05-21,146.14999389648438,147.5,145.0500030517578,146.64999389648438,128.00546264648438,702795
2015-05-22,147.0,149.14999389648438,146.5500030517578,147.9499969482422,129.14015197753906,1010894
2015-05-25,147.5,149.4499969482422,146.75,147.4499969482422,128.70375061035156,872187
2015-05-26,146.8000030517578,149.6999969482422,146.8000030517578,148.8000030517578,129.88214111328125,1118631
2015-05-27,147.39999389648438,150.0,147.39999389648438,148.6999969482422,129.7948455810547,909189
2015-05-28,149.39999389648438,150.3000030517578,143.0,144.89999389648438,126.47796630859375,5132085
2015-05-29,143.0500030517578,146.64999389648438,143.0500030517578,146.25,127.65631103515625,1343454
2015-06-01,145.3000030517578,146.39999389648438,144.8000030517578,145.14999389648438,126.69618225097656,569531
2015-06-02,145.0,145.75,140.0,140.8000030517578,122.89921569824219,2077218
2015-06-03,140.60000610351562,141.1999969482422,136.5,137.35000610351562,119.88784790039062,2271136
2015-06-04,137.64999389648438,138.60000610351562,136.0,137.75,120.23697662353516,2132044
2015-06-05,137.89999389648438,139.6999969482422,136.85000610351562,138.5,120.89164733886719,756591
2015-06-08,138.8000030517578,138.8000030517578,134.0,134.85000610351562,117.70567321777344,1937914
2015-06-09,135.0,138.89999389648438,134.0,137.5500030517578,120.06240844726562,877704
2015-06-10,137.60000610351562,138.6999969482422,136.0,136.60000610351562,119.23318481445312,799419
2015-06-11,137.0,137.75,133.60000610351562,134.39999389648438,117.3128890991211,1586596
2015-06-12,133.60000610351562,134.4499969482422,125.69999694824219,128.14999389648438,111.85749053955078,2641286
2015-06-15,127.8499984741211,130.89999389648438,127.0999984741211,129.10000610351562,112.68671417236328,1933262
2015-06-16,128.9499969482422,129.5,126.80000305175781,128.6999969482422,112.33755493164062,1341209
2015-06-17,129.3000030517578,134.14999389648438,128.85000610351562,132.35000610351562,115.52352905273438,2239733
2015-06-18,132.9499969482422,133.89999389648438,132.3000030517578,132.60000610351562,115.74175262451172,970883
2015-06-19,133.1999969482422,136.1999969482422,132.64999389648438,133.75,116.74553680419922,1278156
2015-06-22,133.75,136.4499969482422,133.6999969482422,135.0,117.83660888671875,1019044
2015-06-23,135.60000610351562,135.89999389648438,133.0,133.85000610351562,116.83280944824219,2115793
2015-06-24,133.35000610351562,135.25,132.5,133.1999969482422,116.26544189453125,1696146
2015-06-25,132.89999389648438,136.39999389648438,132.60000610351562,135.6999969482422,118.4476089477539,2736280
2015-06-26,133.1999969482422,135.0,132.3000030517578,133.85000610351562,116.83280944824219,928889
2015-06-29,132.0,132.0,128.1999969482422,129.5500030517578,113.0794906616211,1397938
2015-06-30,129.75,132.75,129.14999389648438,132.1999969482422,115.39258575439453,4332991
2015-07-01,132.5,136.10000610351562,131.3000030517578,135.5500030517578,118.31668853759766,2667661
2015-07-02,135.4499969482422,138.0500030517578,135.10000610351562,137.10000610351562,119.66960906982422,1826569
2015-07-03,137.5,138.60000610351562,135.25,136.10000610351562,118.7967529296875,1032972
2015-07-06,133.10000610351562,135.60000610351562,132.1999969482422,135.0,117.83660888671875,1260314
2015-07-07,135.60000610351562,141.64999389648438,135.10000610351562,138.1999969482422,120.62975311279297,3133999
2015-07-08,136.10000610351562,138.0,134.1999969482422,134.89999389648438,117.74930572509766,1608817
2015-07-09,134.89999389648438,135.6999969482422,133.1999969482422,133.9499969482422,116.92008972167969,1049069
2015-07-10,134.8000030517578,135.60000610351562,133.8000030517578,134.5500030517578,117.4438247680664,1590741
2015-07-13,134.89999389648438,137.8000030517578,134.25,136.8000030517578,119.40774536132812,1720786
2015-07-14,137.0,138.1999969482422,135.75,137.0500030517578,119.62598419189453,1974367
2015-07-15,137.5,139.5,136.60000610351562,138.14999389648438,120.58612823486328,1530200
2015-07-16,138.9499969482422,138.9499969482422,136.60000610351562,138.0,120.4552230834961,804974
2015-07-17,138.89999389648438,140.0,137.25,139.0,121.32807922363281,2108950
2015-07-20,138.1999969482422,142.5500030517578,138.1999969482422,141.75,123.72843170166016,2394358
2015-07-21,140.10000610351562,141.89999389648438,136.89999389648438,137.5,120.0187759399414,1965237
2015-07-22,137.0,140.0,134.5,139.5,121.76451110839844,1310150
2015-07-23,139.9499969482422,142.1999969482422,139.39999389648438,140.85000610351562,122.94287109375,2009103
2015-07-24,140.85000610351562,142.3000030517578,140.10000610351562,140.8000030517578,122.89921569824219,1542474
2015-07-27,140.60000610351562,140.60000610351562,136.75,137.5500030517578,120.06240844726562,1245996
2015-07-28,137.8000030517578,138.5,136.14999389648438,137.4499969482422,119.97509765625,1294926
2015-07-29,138.14999389648438,138.89999389648438,137.25,138.64999389648438,121.02254486083984,1150281
2015-07-30,137.6999969482422,137.6999969482422,135.5,137.14999389648438,121.66336059570312,1848759
2015-07-31,136.0,142.8000030517578,135.35000610351562,140.1999969482422,124.36898040771484,2328615
2015-08-03,141.39999389648438,143.85000610351562,140.25,140.85000610351562,124.9455795288086,1673236
2015-08-04,143.39999389648438,144.75,141.0,143.3000030517578,127.11892700195312,2117898
2015-08-05,144.1999969482422,144.64999389648438,141.8000030517578,142.14999389648438,126.0987777709961,1550830
2015-08-06,142.0,147.3000030517578,141.0,143.75,127.51813507080078,3835649
2015-08-07,142.9499969482422,145.0,141.60000610351562,141.9499969482422,125.92135620117188,992867
2015-08-10,142.0,142.64999389648438,138.25,138.9499969482422,123.2601089477539,1248444
2015-08-11,139.1999969482422,140.8000030517578,136.1999969482422,137.6999969482422,122.15125274658203,1269206
2015-08-12,137.6999969482422,137.6999969482422,132.10000610351562,133.0500030517578,118.02630615234375,1197225
2015-08-13,134.5,134.75,129.39999389648438,130.0,115.32073211669922,1074691
2015-08-14,131.1999969482422,133.6999969482422,129.75,132.10000610351562,117.18360137939453,1714304
2015-08-17,132.5,132.89999389648438,130.6999969482422,131.0,116.20780181884766,798673
2015-08-18,134.1999969482422,136.39999389648438,132.5500030517578,134.14999389648438,119.00209045410156,2189190
2015-08-19,134.5,134.8000030517578,131.5,133.8000030517578,118.69164276123047,1504926
2015-08-20,133.3000030517578,135.0,131.75,132.89999389648438,117.89328002929688,1354813
2015-08-21,131.5,132.1999969482422,127.0,130.39999389648438,115.67555236816406,1043785
2015-08-24,128.89999389648438,128.89999389648438,112.5,114.8499984741211,101.88142395019531,3763375
2015-08-25,116.0999984741211,119.4000015258789,108.55000305175781,117.55000305175781,104.27654266357422,5056575
2015-08-26,117.94999694824219,119.80000305175781,115.1500015258789,117.30000305175781,104.0547866821289,1404188
2015-08-27,119.25,119.44999694824219,115.9000015258789,116.3499984741211,103.21204376220703,6857158
2015-08-28,118.3499984741211,120.4000015258789,117.0,118.1500015258789,104.80879974365234,3490011
2015-08-31,117.80000305175781,120.1500015258789,116.8499984741211,119.5999984741211,106.09506225585938,2010188
2015-09-01,118.75,118.75,114.05000305175781,115.19999694824219,102.19190979003906,2716732
2015-09-02,116.0999984741211,119.3499984741211,115.5,118.8499984741211,105.42975616455078,1927201
2015-09-03,120.75,125.0,119.0,124.1500015258789,110.13129425048828,4688477
2015-09-04,124.55000305175781,124.55000305175781,116.75,120.19999694824219,106.62730407714844,2496844
2015-09-07,121.5999984741211,122.44999694824219,118.3499984741211,120.44999694824219,106.84908294677734,1349442
2015-09-08,121.4000015258789,122.0999984741211,117.0,120.94999694824219,107.29263305664062,1414288
2015-09-09,122.0999984741211,124.5,121.55000305175781,123.6500015258789,109.6877670288086,1569358
2015-09-10,122.0,124.5999984741211,120.0,123.75,109.77645111083984,1042265
2015-09-11,124.80000305175781,125.30000305175781,122.69999694824219,123.25,109.33292388916016,784377
2015-09-14,124.0999984741211,124.5,121.6500015258789,124.05000305175781,110.04257202148438,789201
2015-09-15,124.05000305175781,126.44999694824219,124.05000305175781,125.4000015258789,111.24014282226562,939558
2015-09-16,126.94999694824219,126.94999694824219,122.1500015258789,123.0999984741211,109.19986724853516,695624
2015-09-18,124.0,126.0,122.9000015258789,125.44999694824219,111.28450012207031,1284690
2015-09-21,123.05000305175781,126.19999694824219,123.05000305175781,125.5,111.32886505126953,623623
2015-09-22,126.19999694824219,127.0,122.9000015258789,123.9000015258789,109.90951538085938,1284630
2015-09-23,123.3499984741211,125.3499984741211,122.25,125.0,110.88530731201172,1055109
2015-09-24,124.80000305175781,125.94999694824219,123.6500015258789,124.19999694824219,110.17564392089844,1011551
2015-09-28,125.0,128.0,123.80000305175781,127.0999984741211,112.74817657470703,1253307
2015-09-29,126.5,127.5999984741211,123.0999984741211,126.5999984741211,112.30463409423828,1009942
2015-09-30,127.4000015258789,129.39999389648438,126.6500015258789,127.80000305175781,113.36913299560547,915110
2015-10-01,128.9499969482422,131.1999969482422,127.4000015258789,130.0500030517578,115.36508178710938,1218988
2015-10-05,131.4499969482422,132.4499969482422,130.10000610351562,131.85000610351562,116.96183013916016,746173
2015-10-06,132.5,132.5500030517578,129.60000610351562,130.5500030517578,115.8086166381836,1009128
2015-10-07,132.10000610351562,133.9499969482422,131.60000610351562,133.0500030517578,118.02630615234375,994870
2015-10-08,134.89999389648438,134.89999389648438,131.85000610351562,133.35000610351562,118.29248046875,846622
2015-10-09,134.0,135.35000610351562,133.35000610351562,134.6999969482422,119.4900131225586,1317037
2015-10-12,135.0,136.0,133.89999389648438,134.5500030517578,119.35697174072266,566886
2015-10-13,134.5500030517578,134.6999969482422,131.6999969482422,132.3000030517578,117.36100769042969,1028678
2015-10-14,133.0,135.0,132.39999389648438,134.0,118.8690414428711,1428493
2015-10-15,134.1999969482422,135.0,133.1999969482422,134.6999969482422,119.4900131225586,591991
2015-10-16,135.0,135.1999969482422,132.60000610351562,134.0,118.8690414428711,357403
2015-10-19,133.60000610351562,135.10000610351562,133.25,134.6999969482422,119.4900131225586,405056
2015-10-20,134.6999969482422,141.89999389648438,134.64999389648438,139.39999389648438,123.6593017578125,2469431
2015-10-21,139.6999969482422,139.6999969482422,135.60000610351562,137.5500030517578,122.0182113647461,589717
2015-10-23,138.6999969482422,140.0,136.85000610351562,137.8000030517578,122.23997497558594,413539
2015-10-26,138.39999389648438,140.1999969482422,137.1999969482422,138.89999389648438,123.21573638916016,734224
2015-10-27,138.6999969482422,139.10000610351562,135.10000610351562,135.8000030517578,120.46580505371094,881996
2015-10-28,135.8000030517578,136.9499969482422,135.0,135.60000610351562,120.28839874267578,593469
2015-10-29,135.89999389648438,138.5,134.8000030517578,135.89999389648438,120.55449676513672,2084196
2015-10-30,137.0,137.25,131.0,133.4499969482422,118.38115692138672,774022
2015-11-02,134.0,135.0,130.9499969482422,132.64999389648438,117.67150115966797,621684
2015-11-03,133.3000030517578,134.14999389648438,130.8000030517578,131.75,116.87311553955078,519168
2015-11-04,132.0,133.5,131.39999389648438,131.75,116.87311553955078,557561
2015-11-05,131.75,132.60000610351562,127.5,128.0,113.54656219482422,892494
2015-11-06,126.80000305175781,128.25,124.75,125.8499984741211,111.63932037353516,858491
2015-11-09,124.9000015258789,129.4499969482422,123.0,128.8000030517578,114.2562484741211,1107840
2015-11-10,127.30000305175781,128.4499969482422,125.30000305175781,125.69999694824219,111.50626373291016,525833
2015-11-13,128.0,129.0,126.25,128.0,113.54656219482422,737584
2015-11-16,127.80000305175781,129.39999389648438,126.5,128.14999389648438,113.67961883544922,580961
2015-11-17,129.6999969482422,134.0,128.3000030517578,132.5,117.53843688964844,1152357
2015-11-18,133.64999389648438,133.64999389648438,128.10000610351562,128.75,114.21186828613281,922793
2015-11-19,129.60000610351562,131.39999389648438,129.25,130.89999389648438,116.11908721923828,488288
2015-11-20,131.0500030517578,136.0,131.0500030517578,133.8000030517578,118.69164276123047,1149754
2015-11-23,134.8000030517578,135.0,131.25,132.9499969482422,117.93761444091797,842444
2015-11-24,133.0,135.6999969482422,132.5,134.35000610351562,119.17955017089844,613392
2015-11-26,134.60000610351562,136.25,134.14999389648438,134.9499969482422,119.7117691040039,1904180
2015-11-27,134.89999389648438,138.39999389648438,134.89999389648438,136.9499969482422,121.4859390258789,1152280
2015-11-30,138.0,138.10000610351562,135.89999389648438,137.5500030517578,122.0182113647461,849968
2015-12-01,138.0500030517578,139.10000610351562,135.0,136.25,120.86500549316406,911482
2015-12-02,136.39999389648438,137.8000030517578,135.0,136.1999969482422,120.8206558227539,565383
2015-12-03,136.10000610351562,136.8000030517578,134.1999969482422,134.89999389648438,119.66741180419922,689892
2015-12-04,134.0,135.0,132.75,133.64999389648438,118.5585708618164,758581
2015-12-07,134.10000610351562,135.8000030517578,134.10000610351562,135.35000610351562,120.06661224365234,476940
2015-12-08,134.9499969482422,138.5,134.5,135.0,119.75614929199219,1271238
2015-12-09,135.14999389648438,136.3000030517578,130.39999389648438,132.14999389648438,117.22794342041016,1152536
2015-12-10,132.14999389648438,135.8000030517578,131.89999389648438,135.3000030517578,120.02227783203125,704236
2015-12-11,135.3000030517578,135.8000030517578,131.1999969482422,133.1999969482422,118.15938568115234,836942
2015-12-14,131.89999389648438,135.0,131.64999389648438,134.35000610351562,119.17955017089844,773849
2015-12-15,134.85000610351562,134.85000610351562,132.75,133.85000610351562,118.73600006103516,589790
2015-12-16,134.39999389648438,138.85000610351562,134.14999389648438,136.5500030517578,121.13111877441406,1191657
2015-12-17,137.60000610351562,142.8000030517578,136.3000030517578,142.1999969482422,126.14311981201172,1707401
2015-12-18,142.4499969482422,144.0,141.0,141.89999389648438,125.87702178955078,1147660
2015-12-21,141.5500030517578,144.3000030517578,141.3000030517578,142.89999389648438,126.76410675048828,1040800
2015-12-22,143.60000610351562,144.0,140.3000030517578,141.1999969482422,125.25604248046875,609093
2015-12-23,142.0,142.8000030517578,141.0500030517578,142.0,125.9657211303711,561726
2015-12-24,143.0,146.4499969482422,142.0,144.8000030517578,128.4495391845703,1428993
2015-12-28,144.89999389648438,145.25,143.4499969482422,144.0500030517578,127.78421020507812,780709
2015-12-29,144.39999389648438,144.39999389648438,141.1999969482422,141.89999389648438,125.87702178955078,1260484
2015-12-30,142.5,147.39999389648438,141.5,146.35000610351562,129.8245391845703,1746109
2015-12-31,147.0,148.0,144.1999969482422,146.1999969482422,129.69146728515625,1464755
2016-01-01,146.0500030517578,148.8000030517578,145.5,146.39999389648438,129.86886596679688,781067
2016-01-04,145.89999389648438,147.1999969482422,142.25,143.6999969482422,127.47373962402344,950484
2016-01-05,144.0,149.5,142.1999969482422,148.35000610351562,131.59866333007812,1502760
2016-01-06,147.10000610351562,149.8000030517578,144.5,145.25,128.84873962402344,834054
2016-01-07,144.10000610351562,144.6999969482422,139.0,140.0500030517578,124.23593139648438,1034747
2016-01-08,140.64999389648438,146.75,140.10000610351562,144.4499969482422,128.13905334472656,1284440
2016-01-11,143.1999969482422,144.0,140.9499969482422,141.89999389648438,125.87702178955078,1201860
2016-01-12,142.39999389648438,143.4499969482422,138.0500030517578,139.5,123.74803161621094,1353097
2016-01-13,141.75,141.9499969482422,130.3000030517578,135.60000610351562,120.28839874267578,1907971
2016-01-14,132.10000610351562,136.25,131.14999389648438,134.0500030517578,118.9134292602539,1431102
2016-01-15,135.0,135.39999389648438,127.5,128.5,113.99010467529297,1756768
2016-01-18,128.0,129.0,121.05000305175781,121.8499984741211,108.09101104736328,2065711
2016-01-19,122.94999694824219,127.0,121.55000305175781,126.4000015258789,112.12723541259766,1411260
2016-01-20,124.5999984741211,124.5999984741211,120.5,122.55000305175781,108.71195983886719,1278069
2016-01-21,123.05000305175781,124.55000305175781,119.5,121.75,108.00228881835938,1322358
2016-01-22,123.8499984741211,126.9000015258789,121.94999694824219,125.55000305175781,111.37321472167969,1084192
2016-01-25,125.8499984741211,127.0,123.4000015258789,124.30000305175781,110.26436614990234,682689
2016-01-27,124.94999694824219,125.94999694824219,123.30000305175781,124.44999694824219,110.39740753173828,655053
2016-01-28,124.94999694824219,125.4000015258789,122.5999984741211,123.1500015258789,109.24420928955078,1539708
2016-01-29,124.0999984741211,127.44999694824219,123.3499984741211,126.5,112.2159423828125,925581
2016-02-01,126.80000305175781,128.3000030517578,125.19999694824219,126.5999984741211,112.30463409423828,592819
2016-02-02,127.4000015258789,127.69999694824219,123.55000305175781,124.25,110.22000122070312,734748
2016-02-03,123.05000305175781,124.80000305175781,121.0,121.75,108.00228881835938,877186
2016-02-04,123.0999984741211,123.4000015258789,120.4000015258789,121.5999984741211,107.86923217773438,1120485
2016-02-05,121.9000015258789,123.94999694824219,121.44999694824219,122.5,108.66761016845703,797137
2016-02-08,123.05000305175781,126.0999984741211,122.5,123.9000015258789,109.90951538085938,1227619
2016-02-09,123.0,124.4000015258789,120.0999984741211,120.75,107.1152114868164,1109232
2016-02-10,120.5,121.0,116.44999694824219,118.3499984741211,104.9862060546875,1654991
2016-02-11,112.69999694824219,115.80000305175781,102.4000015258789,105.25,93.36543273925781,5524328
2016-02-12,103.25,106.4000015258789,100.0,104.30000305175781,92.522705078125,2087141
2016-02-15,105.0999984741211,108.44999694824219,105.0999984741211,106.0,94.03075408935547,1091675
2016-02-16,107.69999694824219,108.9000015258789,102.19999694824219,102.6500015258789,91.05902862548828,1341261
2016-02-17,103.0,104.5999984741211,101.0999984741211,104.0,92.25657653808594,1268061
2016-02-18,105.4000015258789,106.5,102.5,104.55000305175781,92.74447631835938,1429030
2016-02-19,105.0,108.19999694824219,104.25,107.30000305175781,95.18395233154297,1340622
2016-02-22,107.30000305175781,109.8499984741211,107.0,109.0999984741211,96.78070068359375,1151733
2016-02-23,109.0,109.5,105.0999984741211,106.6500015258789,94.60735321044922,1037357
2016-02-24,106.19999694824219,108.30000305175781,105.0,106.69999694824219,94.6517105102539,758132
2016-02-25,107.80000305175781,108.05000305175781,102.5,106.19999694824219,94.20816040039062,9364686
2016-02-26,107.94999694824219,108.5,103.80000305175781,104.75,92.92189025878906,2381968
2016-02-29,105.0,107.0999984741211,101.5999984741211,103.55000305175781,91.85740661621094,1639500
2016-03-01,104.19999694824219,109.5,104.19999694824219,108.9000015258789,96.6032943725586,1481271
2016-03-02,110.0,112.75,109.44999694824219,109.9000015258789,97.49037170410156,1220668
2016-03-03,110.5,111.25,107.94999694824219,109.5,97.13554382324219,1260507
2016-03-04,110.0,113.9000015258789,109.1500015258789,113.25,100.46209716796875,1377634
2016-03-08,114.30000305175781,116.4000015258789,113.0999984741211,115.6500015258789,102.59109497070312,1677380
2016-03-09,115.6500015258789,117.5,114.55000305175781,116.8499984741211,103.65558624267578,1555016
2016-03-10,117.80000305175781,118.0999984741211,115.4000015258789,116.44999694824219,103.3007583618164,1177827
2016-03-11,116.55000305175781,117.5999984741211,115.05000305175781,115.8499984741211,102.76851654052734,1170769
2016-03-14,116.05000305175781,117.3499984741211,113.9000015258789,115.6500015258789,102.59109497070312,1609295
2016-03-15,116.0,116.4000015258789,115.0,115.44999694824219,102.41368865966797,1082982
2016-03-16,115.69999694824219,116.0999984741211,114.0999984741211,115.0999984741211,102.10320281982422,964165
2016-03-17,116.0,116.94999694824219,115.0,115.80000305175781,102.72416687011719,1396728
2016-03-18,116.5,119.6500015258789,115.94999694824219,118.9000015258789,105.47412109375,2062464
2016-03-21,119.19999694824219,120.9000015258789,118.75,119.9000015258789,106.36119842529297,839802
2016-03-22,121.05000305175781,123.30000305175781,120.44999694824219,121.4000015258789,107.69181060791016,1469400
2016-03-23,121.5999984741211,122.1500015258789,118.6500015258789,119.44999694824219,105.96200561523438,1230385
2016-03-28,120.0,121.0,118.5,119.4000015258789,105.91765594482422,1382616
2016-03-29,119.0999984741211,120.4000015258789,118.4000015258789,119.30000305175781,105.82894897460938,3588313
2016-03-30,119.9000015258789,125.0,119.5,121.4000015258789,107.69181060791016,1922207
2016-03-31,122.0,122.30000305175781,120.30000305175781,121.25,107.55876922607422,1627181
2016-04-01,122.0,124.19999694824219,120.19999694824219,122.55000305175781,108.71195983886719,1532533
2016-04-04,122.8499984741211,123.44999694824219,120.75,121.19999694824219,107.51439666748047,831737
2016-04-05,121.0,121.1500015258789,118.0,118.25,104.89750671386719,1663091
2016-04-06,119.5999984741211,120.0,115.0,118.8499984741211,105.42975616455078,1327276
2016-04-07,118.0999984741211,120.4000015258789,118.0999984741211,118.69999694824219,105.29669189453125,1147382
2016-04-08,118.5,119.0,117.0,117.69999694824219,104.40960693359375,648096
2016-04-11,118.0,120.25,117.8499984741211,119.5,106.00636291503906,1050521
2016-04-12,119.5,120.0999984741211,118.05000305175781,118.3499984741211,104.9862060546875,788617
2016-04-13,119.05000305175781,121.3499984741211,118.94999694824219,120.6500015258789,107.0265121459961,928735
2016-04-18,120.8499984741211,121.0,119.0999984741211,120.0,106.44990539550781,765331
2016-04-20,120.19999694824219,123.19999694824219,119.55000305175781,121.8499984741211,108.09101104736328,1572869
2016-04-21,122.4000015258789,122.75,119.55000305175781,120.0999984741211,106.53860473632812,892645
2016-04-22,119.0,121.8499984741211,119.0,120.25,106.67166900634766,716365
2016-04-25,120.4000015258789,121.9000015258789,120.0,121.19999694824219,107.51439666748047,782130
2016-04-26,120.5999984741211,122.5,120.5999984741211,121.80000305175781,108.04664611816406,984070
2016-04-27,122.5,123.94999694824219,121.94999694824219,122.4000015258789,108.57889556884766,1949554
2016-04-28,122.5,123.5,120.0,120.30000305175781,106.71603393554688,2142054
2016-04-29,121.0,121.05000305175781,119.0,120.05000305175781,106.49427795410156,869948
2016-05-02,119.3499984741211,121.80000305175781,119.0,121.0999984741211,107.42568969726562,717595
2016-05-03,121.5999984741211,122.55000305175781,119.1500015258789,119.44999694824219,105.96200561523438,1356187
2016-05-04,119.80000305175781,119.80000305175781,116.30000305175781,116.94999694824219,103.74427795410156,894057
2016-05-05,117.0,117.80000305175781,115.30000305175781,116.3499984741211,103.21204376220703,745000
2016-05-06,116.55000305175781,119.5,115.80000305175781,118.0999984741211,104.76444244384766,654231
2016-05-09,118.9000015258789,120.4000015258789,117.44999694824219,118.75,105.3410415649414,1207381
2016-05-10,119.0,119.94999694824219,118.0,118.19999694824219,104.85315704345703,526190
2016-05-11,117.0,118.25,116.30000305175781,117.30000305175781,104.0547866821289,622661
2016-05-12,117.75,119.19999694824219,117.25,118.94999694824219,105.51846313476562,596225
2016-05-13,118.0,120.69999694824219,118.0,119.55000305175781,106.05072021484375,1103386
2016-05-16,119.55000305175781,121.0,118.44999694824219,120.6500015258789,107.0265121459961,688646
2016-05-17,121.0,121.4000015258789,119.5999984741211,120.3499984741211,106.76038360595703,1068540
2016-05-18,120.0,121.75,119.55000305175781,120.94999694824219,107.29263305664062,641976
2016-05-19,120.0,122.0,118.94999694824219,119.94999694824219,106.40552520751953,1085102
2016-05-20,119.9000015258789,121.1500015258789,119.5,120.05000305175781,106.49427795410156,466672
2016-05-23,120.5,124.0999984741211,119.69999694824219,120.4000015258789,106.80474090576172,1396870
2016-05-24,121.69999694824219,122.19999694824219,119.69999694824219,121.75,108.00228881835938,1438192
2016-05-25,120.0,121.0,119.1500015258789,119.5,106.00636291503906,1787665
2016-05-26,120.0,120.25,118.1500015258789,118.5999984741211,105.20797729492188,1383549
2016-05-27,118.0999984741211,119.4000015258789,116.8499984741211,117.30000305175781,104.0547866821289,676137
2016-05-30,118.0,119.6500015258789,117.30000305175781,117.94999694824219,104.63138580322266,692008
2016-05-31,117.80000305175781,119.0999984741211,117.55000305175781,117.75,104.45396423339844,658231
2016-06-01,118.19999694824219,119.44999694824219,117.8499984741211,118.05000305175781,104.7200927734375,581341
2016-06-02,118.5,119.80000305175781,117.6500015258789,119.25,105.78458404541016,549738
2016-06-03,120.94999694824219,122.0999984741211,119.69999694824219,120.19999694824219,106.62730407714844,1783456
2016-06-06,120.3499984741211,121.19999694824219,118.5999984741211,119.30000305175781,105.82894897460938,866406
2016-06-07,119.4000015258789,120.3499984741211,118.8499984741211,119.3499984741211,105.87328338623047,690551
2016-06-08,119.30000305175781,126.5,118.9000015258789,124.4000015258789,110.3530502319336,2390316
2016-06-09,127.30000305175781,127.44999694824219,124.5999984741211,124.94999694824219,110.84095001220703,2825223
2016-06-10,125.30000305175781,126.0,122.69999694824219,123.6500015258789,109.6877670288086,900666
2016-06-13,122.0,129.0,122.0,128.14999389648438,113.67961883544922,4305954
2016-06-14,129.39999389648438,129.5,126.0,126.5,112.2159423828125,2902578
2016-06-15,127.25,128.14999389648438,126.5999984741211,127.0,112.65947723388672,1662070
2016-06-16,126.9000015258789,128.5500030517578,123.80000305175781,126.0999984741211,111.8611068725586,1489092
2016-06-17,126.5,128.35000610351562,124.69999694824219,125.69999694824219,111.50626373291016,1717907
2016-06-20,124.55000305175781,127.1500015258789,124.55000305175781,126.1500015258789,111.90545654296875,732869
2016-06-21,126.30000305175781,126.80000305175781,125.0999984741211,125.44999694824219,111.28450012207031,447117
2016-06-22,125.5999984741211,128.64999389648438,124.69999694824219,127.25,112.88124084472656,2792498
2016-06-23,127.5,128.14999389648438,125.5999984741211,126.75,112.43769836425781,1408701
2016-06-24,120.5,124.8499984741211,117.0999984741211,124.25,110.22000122070312,3585896
2016-06-27,124.75,126.4000015258789,124.30000305175781,125.94999694824219,111.72803497314453,2162032
2016-06-28,127.5,128.60000610351562,126.75,127.8499984741211,113.41350555419922,2563561
2016-06-29,128.14999389648438,130.89999389648438,128.10000610351562,129.6999969482422,115.05459594726562,2735697
2016-06-30,130.5,131.9499969482422,129.4499969482422,131.1999969482422,116.38522338867188,2810587
2016-07-01,132.0,136.75,131.5,134.89999389648438,119.66741180419922,5379977
2016-07-04,135.60000610351562,135.8000030517578,133.8000030517578,134.10000610351562,118.95777130126953,1144671
2016-07-05,134.25,136.14999389648438,133.1999969482422,133.89999389648438,118.78032684326172,942568
2016-07-07,133.5,136.39999389648438,133.4499969482422,134.4499969482422,119.26824951171875,2125346
2016-07-08,134.4499969482422,134.60000610351562,131.4499969482422,132.60000610351562,117.62715911865234,1296935
2016-07-11,134.0,135.0,132.6999969482422,133.10000610351562,118.07069396972656,1689644
2016-07-12,133.4499969482422,135.14999389648438,132.5,132.89999389648438,117.89328002929688,1612081
2016-07-13,132.89999389648438,133.8000030517578,131.10000610351562,132.14999389648438,117.22794342041016,1306338
2016-07-14,132.89999389648438,133.3000030517578,131.60000610351562,132.60000610351562,117.62715911865234,1093389
2016-07-15,134.0,134.5,132.25,132.60000610351562,117.62715911865234,1587827
2016-07-18,133.0,133.4499969482422,129.14999389648438,129.9499969482422,115.27635955810547,2283784
2016-07-19,131.5,131.5,128.8000030517578,130.0500030517578,115.36508178710938,3903542
2016-07-20,130.35000610351562,134.8000030517578,130.35000610351562,133.85000610351562,118.73600006103516,1887075
2016-07-21,134.8000030517578,134.8000030517578,131.14999389648438,131.8000030517578,116.91748046875,1884426
2016-07-22,131.89999389648438,132.89999389648438,131.1999969482422,131.5,116.65135192871094,2012357
2016-07-25,131.75,134.0,131.1999969482422,133.4499969482422,118.38115692138672,1656721
2016-07-26,133.4499969482422,134.5500030517578,130.5500030517578,131.14999389648438,116.34085845947266,1271947
2016-07-27,131.4499969482422,138.75,131.4499969482422,137.4499969482422,121.92947387695312,3576969
2016-07-28,138.0,142.25,136.5500030517578,140.14999389648438,124.32459259033203,3754038
2016-07-29,140.89999389648438,144.6999969482422,139.1999969482422,142.14999389648438,126.0987777709961,3056272
2016-08-01,143.0,144.85000610351562,138.25,141.0,125.07865142822266,1987955
2016-08-02,141.0,141.8000030517578,138.10000610351562,138.39999389648438,122.77220916748047,1175233
2016-08-03,138.39999389648438,140.0500030517578,135.10000610351562,135.75,120.42145538330078,1451654
2016-08-04,136.0,139.39999389648438,135.5,138.3000030517578,122.68351745605469,1515003
2016-08-05,138.5,140.64999389648438,138.5,139.10000610351562,123.39319610595703,1427614
2016-08-08,138.5500030517578,143.5,138.39999389648438,142.89999389648438,128.82228088378906,2430227
2016-08-09,143.89999389648438,147.0,139.14999389648438,143.25,129.1377716064453,8549636
2016-08-10,144.25,144.5,137.25,137.75,124.17960357666016,3289526
2016-08-11,137.5,139.25,135.75,137.3000030517578,123.77395629882812,1140212
2016-08-12,137.8000030517578,139.4499969482422,136.0,136.9499969482422,123.45841217041016,1024054
2016-08-16,136.89999389648438,139.10000610351562,136.10000610351562,138.0500030517578,124.4500732421875,1518494
2016-08-17,138.8000030517578,139.39999389648438,137.14999389648438,137.64999389648438,124.08946228027344,778141
2016-08-18,138.4499969482422,139.5500030517578,137.85000610351562,138.85000610351562,125.17124938964844,901208
2016-08-19,139.85000610351562,141.85000610351562,138.75,141.25,127.33480834960938,2298138
2016-08-22,142.0,142.0500030517578,138.0,138.39999389648438,124.76556396484375,1398679
2016-08-23,138.6999969482422,141.0,138.39999389648438,139.60000610351562,125.84735107421875,1282978
2016-08-24,140.39999389648438,142.4499969482422,139.8000030517578,140.25,126.43330383300781,2956023
2016-08-25,143.39999389648438,145.5,140.10000610351562,140.4499969482422,126.6136245727539,4868511
2016-08-26,141.0,141.6999969482422,138.89999389648438,139.89999389648438,126.11783599853516,1468343
2016-08-29,140.5500030517578,141.14999389648438,137.8000030517578,139.0,125.3064956665039,1604324
2016-08-30,139.64999389648438,140.75,138.75,140.1999969482422,126.38826751708984,1832319
2016-08-31,140.10000610351562,141.60000610351562,140.0,140.25,126.43330383300781,1401308
2016-09-01,140.25,143.35000610351562,140.0,141.10000610351562,127.19959259033203,2493654
2016-09-02,141.39999389648438,142.60000610351562,141.0,141.60000610351562,127.65035247802734,1681308
2016-09-06,141.89999389648438,143.25,141.25,141.75,127.78555297851562,1300643
2016-09-07,141.75,144.1999969482422,141.3000030517578,142.1999969482422,128.1912078857422,2381717
2016-09-08,142.25,143.5,141.8000030517578,142.1999969482422,128.1912078857422,1155009
2016-09-09,142.1999969482422,142.6999969482422,138.8000030517578,139.6999969482422,125.93749237060547,1199464
2016-09-12,137.89999389648438,138.39999389648438,134.9499969482422,135.3000030517578,121.97099304199219,2248691
2016-09-14,135.1999969482422,138.1999969482422,135.10000610351562,137.4499969482422,123.90914916992188,1045853
2016-09-15,137.35000610351562,138.5,136.3000030517578,137.0,123.50350189208984,1451283
2016-09-16,138.35000610351562,141.6999969482422,137.85000610351562,139.85000610351562,126.07272338867188,3029995
2016-09-19,139.85000610351562,141.3000030517578,138.9499969482422,139.89999389648438,126.11783599853516,1362666
2016-09-20,139.6999969482422,140.35000610351562,137.5,138.0,124.40501403808594,1787917
2016-09-21,138.0,140.35000610351562,137.60000610351562,138.0500030517578,124.4500732421875,1635459
2016-09-22,139.14999389648438,139.9499969482422,137.6999969482422,138.89999389648438,125.21629333496094,1204798
2016-09-23,138.89999389648438,144.0,138.10000610351562,142.39999389648438,128.3715362548828,3538509
2016-09-26,143.4499969482422,144.25,140.0,140.64999389648438,126.79390716552734,2769361
2016-09-27,140.89999389648438,146.39999389648438,140.5500030517578,144.5500030517578,130.30970764160156,3316650
2016-09-28,148.10000610351562,149.14999389648438,145.60000610351562,146.75,132.29298400878906,6464628
2016-09-29,147.89999389648438,148.0,134.35000610351562,137.0,123.50350189208984,4753568
2016-09-30,136.9499969482422,140.89999389648438,136.1999969482422,139.60000610351562,125.84735107421875,1471713
2016-10-03,140.9499969482422,143.14999389648438,139.8000030517578,142.35000610351562,128.32647705078125,1927658
2016-10-04,142.5,143.25,138.75,141.8000030517578,127.83062744140625,2678079
2016-10-05,141.9499969482422,154.39999389648438,140.4499969482422,153.3000030517578,138.19772338867188,9741635
2016-10-06,153.9499969482422,155.4499969482422,148.60000610351562,150.89999389648438,136.0341339111328,6256632
2016-10-07,152.3000030517578,154.5,150.60000610351562,151.25,136.34967041015625,4097231
2016-10-10,151.89999389648438,153.9499969482422,151.10000610351562,151.64999389648438,136.71022033691406,2063455
2016-10-13,151.4499969482422,153.0,145.10000610351562,147.85000610351562,133.28460693359375,3116651
2016-10-14,149.0,154.1999969482422,147.39999389648438,153.1999969482422,138.10755920410156,3968866
2016-10-17,153.0,154.25,149.1999969482422,150.25,135.44818115234375,3180180
2016-10-18,150.9499969482422,152.6999969482422,150.75,151.89999389648438,136.9356231689453,2736835
2016-10-19,152.0,157.6999969482422,150.85000610351562,154.60000610351562,139.36964416503906,6685790
2016-10-20,155.9499969482422,156.64999389648438,151.9499969482422,152.35000610351562,137.34132385253906,2780284
2016-10-21,152.4499969482422,154.1999969482422,151.14999389648438,152.5,137.47654724121094,1751366
2016-10-24,152.89999389648438,156.0,152.0,154.0500030517578,138.87380981445312,2715234
2016-10-25,149.0500030517578,151.75,148.39999389648438,150.0,135.2228240966797,3234883
2016-10-26,148.0,151.1999969482422,144.0500030517578,145.39999389648438,131.07595825195312,3586046
2016-10-27,139.5,141.1999969482422,135.64999389648438,137.75,124.17960357666016,8524741
2016-10-28,138.0,141.3000030517578,138.0,139.9499969482422,126.16289520263672,2281364
2016-11-01,139.39999389648438,140.75,138.3000030517578,138.60000610351562,124.94587707519531,1497745
2016-11-02,138.0,138.0,134.5,134.9499969482422,121.65544891357422,2026448
2016-11-03,134.10000610351562,136.25,130.8000030517578,131.35000610351562,118.41011810302734,2063211
2016-11-04,131.0,132.0,126.0,126.8499984741211,114.3534164428711,4614456
2016-11-07,127.69999694824219,130.39999389648438,127.25,128.0,115.39013671875,1948286
2016-11-08,130.0,131.0,126.55000305175781,127.44999694824219,114.8943099975586,2758553
2016-11-09,118.0,122.9000015258789,114.94999694824219,121.9000015258789,109.89106750488281,5272740
2016-11-10,124.0,127.0999984741211,123.6500015258789,125.4000015258789,113.0462646484375,2170482
2016-11-11,123.0,125.3499984741211,117.25,118.6500015258789,106.96125793457031,3058329
2016-11-15,119.80000305175781,119.80000305175781,114.25,117.0,105.47379302978516,2405650
2016-11-16,123.0999984741211,125.30000305175781,120.4000015258789,121.30000305175781,109.35018157958984,4703414
2016-11-17,121.69999694824219,122.80000305175781,115.19999694824219,118.5999984741211,106.9161605834961,1306586
2016-11-18,118.9000015258789,121.0,118.30000305175781,120.0999984741211,108.26839447021484,2008909
2016-11-21,120.0999984741211,121.80000305175781,114.9000015258789,115.6500015258789,104.25679016113281,1976322
2016-11-22,117.80000305175781,118.80000305175781,116.05000305175781,117.30000305175781,105.7442398071289,3411500
2016-11-23,118.80000305175781,118.9000015258789,116.8499984741211,117.6500015258789,106.05976867675781,2170944
2016-11-24,117.6500015258789,117.6500015258789,114.5,115.0999984741211,103.76097106933594,2220419
2016-11-25,116.0,119.19999694824219,115.5999984741211,118.5,106.82601928710938,1474301
2016-11-28,118.55000305175781,121.80000305175781,117.5,120.94999694824219,109.03466033935547,1738935
2016-11-29,122.80000305175781,124.19999694824219,121.5,121.94999694824219,109.93614959716797,1993986
2016-11-30,122.94999694824219,124.4000015258789,122.5,123.8499984741211,111.64897155761719,1616908
2016-12-01,124.6500015258789,124.6500015258789,121.55000305175781,121.9000015258789,109.89106750488281,1205710
2016-12-02,121.5,123.4000015258789,120.30000305175781,121.55000305175781,109.57554626464844,1343432
2016-12-05,121.44999694824219,124.8499984741211,121.0999984741211,123.6500015258789,111.46868133544922,1401882
2016-12-06,123.80000305175781,125.25,122.80000305175781,123.4000015258789,111.2433090209961,1486818
2016-12-07,124.3499984741211,124.5,120.75,122.30000305175781,110.25165557861328,1217621
2016-12-08,123.0,125.0999984741211,123.0,123.8499984741211,111.64897155761719,1090370
2016-12-09,124.3499984741211,124.5999984741211,123.5,123.9000015258789,111.69403076171875,920060
2016-12-12,123.9000015258789,125.0,122.0999984741211,123.3499984741211,111.19822692871094,760874
2016-12-13,124.05000305175781,125.0,123.05000305175781,123.3499984741211,111.19822692871094,502421
2016-12-14,123.8499984741211,124.80000305175781,122.4000015258789,122.75,110.65733337402344,826188
2016-12-15,122.5,126.8499984741211,122.19999694824219,124.44999694824219,112.1898422241211,2212399
2016-12-16,125.0,125.0,122.94999694824219,124.30000305175781,112.05464935302734,804735
2016-12-19,124.80000305175781,126.0999984741211,124.0,124.30000305175781,112.05464935302734,923038
2016-12-20,124.80000305175781,125.0,120.75,121.25,109.30512237548828,646197
2016-12-21,120.75,122.94999694824219,120.75,121.5999984741211,109.62062072753906,677057
2016-12-22,122.4000015258789,122.4000015258789,119.0,119.4000015258789,107.63735961914062,839802
2016-12-23,119.5,119.80000305175781,118.0,118.8499984741211,107.14154052734375,749376
2016-12-26,118.80000305175781,118.8499984741211,116.30000305175781,117.0,105.47379302978516,425216
2016-12-27,117.0,121.05000305175781,116.44999694824219,120.55000305175781,108.674072265625,728501
2016-12-28,119.19999694824219,122.0,119.19999694824219,119.5999984741211,107.81765747070312,866902
2016-12-29,119.5999984741211,122.1500015258789,119.5999984741211,121.0999984741211,109.16987609863281,1025503
2016-12-30,121.0999984741211,123.30000305175781,121.0999984741211,122.0,109.9812240600586,1017447
2017-01-02,122.80000305175781,124.19999694824219,121.3499984741211,123.55000305175781,111.3785171508789,1102178
2017-01-03,122.80000305175781,125.4000015258789,122.80000305175781,124.44999694824219,112.1898422241211,580430
2017-01-04,125.0,126.05000305175781,123.80000305175781,124.44999694824219,112.1898422241211,656213
2017-01-05,124.75,125.6500015258789,124.55000305175781,125.19999694824219,112.86597442626953,503565
2017-01-06,125.4000015258789,126.94999694824219,124.05000305175781,124.6500015258789,112.37014770507812,1255021
2017-01-09,124.75,125.5,123.94999694824219,124.75,112.4603042602539,414927
2017-01-10,125.5,125.5,123.80000305175781,124.44999694824219,112.1898422241211,533212
2017-01-11,125.0,127.9000015258789,124.55000305175781,127.55000305175781,114.9844741821289,839283
2017-01-12,128.3000030517578,128.39999389648438,124.05000305175781,125.1500015258789,112.82089233398438,1403598
2017-01-13,126.9000015258789,130.89999389648438,126.6500015258789,128.35000610351562,115.70565795898438,3617760
2017-01-16,128.1999969482422,128.39999389648438,127.0,127.6500015258789,115.07461547851562,538746
2017-01-17,128.60000610351562,129.39999389648438,126.55000305175781,127.5999984741211,115.02953338623047,851814
2017-01-18,128.0,130.4499969482422,127.69999694824219,128.64999389648438,115.97608947753906,1059940
2017-01-19,129.8000030517578,131.5500030517578,129.14999389648438,130.5,117.64384460449219,1308883
2017-01-20,130.25,131.35000610351562,126.0,126.4000015258789,113.94775390625,961631
2017-01-23,127.5999984741211,128.39999389648438,126.5999984741211,127.9000015258789,115.29999542236328,746313
2017-01-24,128.8000030517578,128.9499969482422,126.8499984741211,128.4499969482422,115.79580688476562,996229
2017-01-25,129.25,129.25,127.44999694824219,128.35000610351562,115.70565795898438,909771
2017-01-27,128.35000610351562,129.9499969482422,128.35000610351562,129.1999969482422,116.4719009399414,759876
2017-01-30,129.10000610351562,131.8000030517578,128.10000610351562,130.4499969482422,117.59876251220703,1256759
2017-01-31,130.5,132.0,128.5,128.85000610351562,116.1563949584961,1614154
2017-02-01,129.0500030517578,130.64999389648438,127.3499984741211,130.10000610351562,117.28327178955078,1221969
2017-02-02,132.4499969482422,138.8000030517578,132.39999389648438,137.64999389648438,124.08946228027344,6652685
2017-02-03,138.1999969482422,143.89999389648438,137.10000610351562,141.85000610351562,127.875732421875,3569132
2017-02-06,141.89999389648438,144.75,141.1999969482422,142.75,128.6870574951172,2127506
2017-02-07,142.10000610351562,145.8000030517578,140.10000610351562,141.64999389648438,127.69539642333984,2205918
2017-02-08,141.9499969482422,146.89999389648438,141.35000610351562,146.14999389648438,131.75209045410156,2162887
2017-02-09,146.0,147.14999389648438,143.0500030517578,143.89999389648438,129.7237548828125,1726818
2017-02-10,143.9499969482422,145.5,142.60000610351562,143.9499969482422,129.76881408691406,1367413
2017-02-13,144.89999389648438,146.85000610351562,141.25,141.9499969482422,127.9658432006836,2224197
2017-02-14,142.39999389648438,143.6999969482422,139.9499969482422,141.1999969482422,127.28973388671875,1395593
2017-02-15,140.89999389648438,142.85000610351562,138.0,138.75,125.08109283447266,1193620
2017-02-16,139.1999969482422,140.6999969482422,138.10000610351562,140.10000610351562,126.298095703125,942382
2017-02-17,140.89999389648438,141.9499969482422,139.64999389648438,140.14999389648438,126.3431625366211,952450
2017-02-20,141.0,142.60000610351562,139.8000030517578,141.60000610351562,127.65035247802734,1517679
2017-02-21,142.14999389648438,143.1999969482422,141.0,141.60000610351562,127.65035247802734,1671915
2017-02-22,142.5500030517578,142.75,139.60000610351562,140.0,126.20794677734375,1296093
2017-02-23,140.0500030517578,140.89999389648438,138.6999969482422,139.25,125.53185272216797,1340126
2017-02-27,139.0,140.4499969482422,138.35000610351562,138.89999389648438,125.21629333496094,1129032
2017-02-28,139.14999389648438,139.85000610351562,136.75,138.0500030517578,124.4500732421875,1513693
2017-03-01,138.5,145.8000030517578,138.25,143.60000610351562,129.4532928466797,4919352
2017-03-02,145.4499969482422,145.75,140.0500030517578,141.10000610351562,127.19959259033203,1765255
2017-03-03,141.10000610351562,144.1999969482422,140.10000610351562,143.35000610351562,129.2279510498047,1672938
2017-03-06,143.9499969482422,145.1999969482422,142.10000610351562,143.25,129.1377716064453,2043052
2017-03-07,143.0,144.14999389648438,142.1999969482422,142.75,128.6870574951172,727617
2017-03-08,142.39999389648438,143.0,140.0500030517578,141.39999389648438,127.47003173828125,1103877
2017-03-09,140.60000610351562,142.35000610351562,140.1999969482422,140.8000030517578,126.92913818359375,1073015
2017-03-10,140.85000610351562,142.25,136.75,137.10000610351562,123.5936508178711,1671172
2017-03-14,140.1999969482422,140.39999389648438,138.60000610351562,139.5,125.75723266601562,838219
2017-03-15,139.60000610351562,142.10000610351562,139.3000030517578,140.89999389648438,127.01931762695312,1279451
2017-03-16,141.60000610351562,145.5,141.35000610351562,144.6999969482422,130.44496154785156,3987646
2017-03-17,145.6999969482422,145.6999969482422,142.25,144.8000030517578,130.5350799560547,1898811
2017-03-20,144.8000030517578,147.4499969482422,144.8000030517578,146.4499969482422,132.0225372314453,2675495
2017-03-21,147.0,148.4499969482422,145.10000610351562,145.89999389648438,131.5267333984375,2955856
2017-03-22,145.5500030517578,145.5500030517578,142.1999969482422,143.10000610351562,129.00257873535156,2306755
2017-03-23,143.89999389648438,152.5,143.1999969482422,151.60000610351562,136.66517639160156,6422298
2017-03-24,152.89999389648438,153.14999389648438,150.5,151.14999389648438,136.25950622558594,3485991
2017-03-27,151.0,151.89999389648438,148.0,148.60000610351562,133.9607391357422,2933289
2017-03-28,149.89999389648438,153.89999389648438,148.0,150.5500030517578,135.7186279296875,2740120
2017-03-29,151.6999969482422,153.0,149.5,150.60000610351562,135.7637176513672,2092924
2017-03-30,151.4499969482422,152.75,149.6999969482422,150.14999389648438,135.35801696777344,3022795
2017-03-31,151.4499969482422,152.10000610351562,150.10000610351562,150.5500030517578,135.7186279296875,1193137
2017-04-03,150.64999389648438,153.5,150.3000030517578,151.89999389648438,136.9356231689453,1788548
2017-04-05,152.8000030517578,154.8000030517578,151.0,152.64999389648438,137.61172485351562,2011288
2017-04-06,152.89999389648438,154.35000610351562,151.25,153.0500030517578,137.9723358154297,2295942
2017-04-07,152.8000030517578,154.4499969482422,150.0,150.60000610351562,135.7637176513672,1444642
2017-04-10,151.5,152.25,149.39999389648438,150.9499969482422,136.0792236328125,1857915
2017-04-11,151.5,153.75,151.0500030517578,153.39999389648438,138.287841796875,2064221
2017-04-12,153.9499969482422,153.9499969482422,150.3000030517578,151.75,136.8004150390625,1907247
2017-04-13,152.0,153.0,149.8000030517578,150.5,135.673583984375,1272204
2017-04-17,151.0,151.0,148.5500030517578,149.4499969482422,134.7270050048828,830703
2017-04-18,149.10000610351562,152.5,147.5,148.14999389648438,133.55506896972656,1563947
2017-04-19,147.89999389648438,150.8000030517578,147.5,150.1999969482422,135.40310668945312,1092317
2017-04-20,150.25,153.60000610351562,150.25,152.14999389648438,137.16099548339844,1540540
2017-04-21,153.5,153.89999389648438,149.6999969482422,151.3000030517578,136.39476013183594,1293698
2017-04-24,151.0,153.25,151.0,151.9499969482422,136.98069763183594,1079887
2017-04-25,152.39999389648438,153.14999389648438,151.0,151.6999969482422,136.75534057617188,945527
2017-04-26,152.4499969482422,156.60000610351562,151.60000610351562,153.75,138.60337829589844,4161713
2017-04-27,155.0,155.39999389648438,151.5500030517578,152.10000610351562,137.1159210205078,1388038
2017-04-28,153.39999389648438,154.6999969482422,152.0,153.10000610351562,138.0174102783203,1132516
2017-05-02,154.3000030517578,161.4499969482422,153.75,157.6999969482422,142.1642608642578,6827849
2017-05-03,158.85000610351562,158.85000610351562,155.5500030517578,156.1999969482422,140.81202697753906,1523044
2017-05-04,156.3000030517578,158.3000030517578,154.8000030517578,155.35000610351562,140.04579162597656,1653237
2017-05-05,156.5,156.5,151.10000610351562,152.3000030517578,137.2962646484375,1349536
2017-05-08,152.8000030517578,154.14999389648438,151.9499969482422,152.60000610351562,137.56666564941406,1239593
2017-05-09,153.1999969482422,155.14999389648438,152.5500030517578,154.0500030517578,138.87380981445312,939148
2017-05-10,154.89999389648438,156.35000610351562,153.89999389648438,154.85000610351562,139.59503173828125,1186929
2017-05-11,155.0,156.1999969482422,153.1999969482422,154.0,138.82875061035156,589464
2017-05-12,154.0,154.75,151.64999389648438,152.64999389648438,137.61172485351562,940916
2017-05-15,152.64999389648438,155.0,152.4499969482422,154.60000610351562,139.36964416503906,1012554
2017-05-16,154.60000610351562,155.4499969482422,153.0,154.4499969482422,139.23440551757812,1306020
2017-05-17,154.0,154.64999389648438,152.5,152.85000610351562,137.79205322265625,1161590
2017-05-18,152.0,152.60000610351562,147.0,147.5,132.96910095214844,1233917
2017-05-19,149.5,153.8000030517578,148.35000610351562,149.5,134.77207946777344,2744849
2017-05-22,149.8000030517578,151.14999389648438,147.1999969482422,147.8000030517578,133.23953247070312,1098727
2017-05-23,148.0500030517578,148.39999389648438,143.64999389648438,144.75,130.49002075195312,1355129
2017-05-24,145.1999969482422,146.10000610351562,140.1999969482422,141.6999969482422,127.740478515625,1755862
2017-05-25,143.4499969482422,144.64999389648438,142.10000610351562,143.0500030517578,128.95748901367188,1842806
2017-05-26,144.0,147.25,143.5,146.89999389648438,132.42819213867188,1417686
2017-05-29,147.1999969482422,147.5,143.89999389648438,145.39999389648438,131.07595825195312,977041
2017-05-30,145.0,146.1999969482422,143.6999969482422,145.5500030517578,131.211181640625,1513053
2017-05-31,148.5500030517578,151.0,147.5500030517578,149.39999389648438,134.6819305419922,3325237
2017-06-01,148.35000610351562,154.0,148.25,152.39999389648438,137.3863525390625,2952069
2017-06-02,153.10000610351562,158.35000610351562,152.14999389648438,154.85000610351562,139.59503173828125,3603942
2017-06-05,155.0500030517578,156.5,152.89999389648438,154.9499969482422,139.68516540527344,1647207
2017-06-06,155.0,155.64999389648438,152.1999969482422,153.0,137.92727661132812,1290705
2017-06-07,152.64999389648438,156.39999389648438,152.39999389648438,155.5500030517578,140.22605895996094,1943703
2017-06-08,155.10000610351562,156.89999389648438,153.39999389648438,154.60000610351562,139.36964416503906,1479812
2017-06-09,154.89999389648438,155.64999389648438,152.8000030517578,154.39999389648438,139.18934631347656,1319642
2017-06-12,153.5,154.5,151.75,152.10000610351562,137.1159210205078,1438107
2017-06-13,152.4499969482422,157.6999969482422,151.6999969482422,156.4499969482422,141.03736877441406,3463217
2017-06-14,156.9499969482422,160.4499969482422,155.0500030517578,158.4499969482422,142.84034729003906,4815053
2017-06-15,158.4499969482422,162.75,157.60000610351562,159.10000610351562,143.4263458251953,3647423
2017-06-16,159.9499969482422,161.8000030517578,157.6999969482422,158.1999969482422,142.614990234375,1968954
2017-06-19,159.0,159.5500030517578,155.89999389648438,156.39999389648438,140.99229431152344,1362450
2017-06-20,156.75,158.64999389648438,155.5500030517578,156.85000610351562,141.39801025390625,1212404
2017-06-21,156.8000030517578,159.39999389648438,156.0500030517578,156.8000030517578,141.35292053222656,2770731
2017-06-22,157.0,158.60000610351562,154.0,154.75,139.50486755371094,2216575
2017-06-23,154.60000610351562,155.0,149.8000030517578,151.14999389648438,136.25950622558594,1980476
2017-06-27,151.14999389648438,151.9499969482422,145.75,147.35000610351562,132.83384704589844,1465569
2017-06-28,147.25,150.1999969482422,146.39999389648438,149.14999389648438,134.45652770996094,2135161
2017-06-29,149.9499969482422,151.6999969482422,147.89999389648438,148.5,133.87059020996094,2280933
2017-06-30,148.0,151.6999969482422,147.10000610351562,150.64999389648438,135.80877685546875,1854572
2017-07-03,152.5,155.64999389648438,150.75,151.60000610351562,136.66517639160156,8680232
2017-07-04,153.6999969482422,154.14999389648438,149.75,150.0500030517578,135.2678985595703,3080845
2017-07-05,151.5,157.10000610351562,150.0,156.14999389648438,140.76693725585938,5849123
2017-07-06,156.5,157.8000030517578,152.75,153.35000610351562,138.2427978515625,4873097
2017-07-07,153.14999389648438,158.89999389648438,153.10000610351562,157.75,144.39492797851562,6442241
2017-07-10,158.4499969482422,167.85000610351562,157.10000610351562,166.5500030517578,152.44992065429688,4758424
2017-07-11,167.0500030517578,172.8000030517578,167.0500030517578,169.5,155.1501922607422,12571250
2017-07-12,171.0500030517578,174.8000030517578,169.0,173.75,159.04039001464844,10623109
2017-07-13,175.35000610351562,176.6999969482422,171.1999969482422,175.39999389648438,160.55068969726562,5222043
2017-07-14,175.89999389648438,175.89999389648438,172.0500030517578,174.1999969482422,159.45228576660156,2831387
2017-07-17,174.25,179.3000030517578,172.60000610351562,177.0,162.01522827148438,4882663
2017-07-18,176.10000610351562,178.6999969482422,173.0500030517578,173.75,159.04039001464844,3264325
2017-07-19,173.8000030517578,177.39999389648438,173.6999969482422,175.14999389648438,160.3218536376953,4161102
2017-07-20,175.39999389648438,176.25,170.3000030517578,171.3000030517578,156.79779052734375,2791324
2017-07-21,171.89999389648438,173.85000610351562,169.6999969482422,172.1999969482422,157.62159729003906,4670938
2017-07-24,172.1999969482422,174.3000030517578,169.4499969482422,170.0,155.6078643798828,2636591
2017-07-25,170.5,172.25,169.1999969482422,171.14999389648438,156.66049194335938,2103806
2017-07-26,172.0,175.35000610351562,170.75,172.1999969482422,157.62159729003906,3803339
2017-07-27,173.85000610351562,173.85000610351562,167.6999969482422,168.39999389648438,154.14328002929688,2370296
2017-07-28,167.89999389648438,170.64999389648438,166.85000610351562,169.14999389648438,154.82981872558594,2290563
2017-07-31,169.5,172.39999389648438,168.35000610351562,169.5500030517578,155.19595336914062,1896521
2017-08-01,171.0,171.75,166.75,167.5,153.31948852539062,2140964
2017-08-02,168.0,168.5500030517578,164.1999969482422,165.10000610351562,151.1226806640625,2009220
2017-08-03,165.9499969482422,169.39999389648438,164.5,166.64999389648438,152.54147338867188,2895078
2017-08-04,164.6999969482422,167.60000610351562,163.85000610351562,166.4499969482422,154.5104522705078,2298689
2017-08-07,167.0,171.6999969482422,167.0,170.4499969482422,158.22349548339844,2548868
2017-08-08,171.8000030517578,171.8000030517578,165.60000610351562,166.0,154.09274291992188,2372930
2017-08-09,165.5,166.89999389648438,160.4499969482422,162.10000610351562,150.4724884033203,1267995
2017-08-10,161.85000610351562,163.5,153.1999969482422,156.0,144.81004333496094,2470478
2017-08-11,155.10000610351562,164.8000030517578,152.0500030517578,164.1999969482422,152.42184448242188,6027593
2017-08-14,166.0,180.3000030517578,165.10000610351562,178.75,165.9281768798828,9368807
2017-08-16,182.5,196.75,181.5,193.85000610351562,179.94505310058594,29191015
2017-08-17,194.0,197.39999389648438,189.8000030517578,190.60000610351562,176.9281768798828,10381703
2017-08-18,189.8000030517578,196.39999389648438,188.0500030517578,194.39999389648438,180.45559692382812,10030010
2017-08-21,196.64999389648438,203.0,194.39999389648438,196.14999389648438,182.08006286621094,15744338
2017-08-22,197.14999389648438,199.5,188.85000610351562,189.85000610351562,176.23196411132812,7466196
2017-08-23,191.5,197.4499969482422,189.14999389648438,196.5500030517578,182.45138549804688,7522673
2017-08-24,197.3000030517578,198.3000030517578,193.6999969482422,194.25,180.3163604736328,4587179
2017-08-28,195.0,196.3000030517578,192.0500030517578,193.3000030517578,179.43450927734375,3684762
2017-08-29,192.9499969482422,197.5,189.35000610351562,190.35000610351562,176.6960906982422,5679382
2017-08-30,193.0,198.14999389648438,192.35000610351562,197.0500030517578,182.91549682617188,7173447
2017-08-31,198.5,200.6999969482422,196.10000610351562,198.0,183.79736328125,7760949
2017-09-01,198.25,200.64999389648438,196.3000030517578,197.60000610351562,183.426025390625,3401210
2017-09-04,198.0,198.39999389648438,190.5,193.3000030517578,179.43450927734375,4372250
2017-09-05,194.3000030517578,197.39999389648438,193.3000030517578,196.6999969482422,182.5906219482422,3442385
2017-09-06,195.10000610351562,207.1999969482422,194.60000610351562,205.9499969482422,191.1771240234375,14490021
2017-09-07,207.9499969482422,209.3000030517578,204.8000030517578,205.75,190.99143981933594,5862028
2017-09-08,206.10000610351562,210.8000030517578,205.4499969482422,206.89999389648438,192.05892944335938,6430260
2017-09-11,209.1999969482422,211.0500030517578,207.3000030517578,209.25,194.24037170410156,3393087
2017-09-12,212.0,213.64999389648438,210.14999389648438,212.0500030517578,196.8395538330078,4884083
2017-09-13,214.64999389648438,214.9499969482422,206.1999969482422,207.3000030517578,192.43028259277344,4637092
2017-09-14,208.5,213.8000030517578,207.35000610351562,212.0500030517578,196.8395538330078,2980684
2017-09-15,211.0,213.6999969482422,208.85000610351562,210.5500030517578,195.44712829589844,2608124
2017-09-18,212.64999389648438,215.0,210.6999969482422,213.3000030517578,197.9998779296875,2491966
2017-09-19,213.0,220.1999969482422,212.85000610351562,216.1999969482422,200.69186401367188,9580786
2017-09-20,216.39999389648438,216.85000610351562,213.10000610351562,213.6999969482422,198.37118530273438,2906933
2017-09-21,214.0,214.8000030517578,207.3000030517578,212.1999969482422,196.97879028320312,2914695
2017-09-22,211.0,211.0,200.0,201.14999389648438,186.72142028808594,3851873
2017-09-25,201.4499969482422,202.0,192.3000030517578,196.64999389648438,182.544189453125,4019965
2017-09-26,196.0,206.4499969482422,195.3000030517578,204.64999389648438,189.97035217285156,5546594
2017-09-27,206.5,207.0,196.64999389648438,198.60000610351562,184.3543243408203,3331256
2017-09-28,199.0500030517578,204.5,198.6999969482422,203.14999389648438,188.5779571533203,4602566
2017-09-29,204.5,209.89999389648438,203.39999389648438,205.8000030517578,191.03785705566406,3721338
2017-10-03,207.25,210.5500030517578,205.0,206.4499969482422,191.6412353515625,1985873
2017-10-04,207.3000030517578,207.6999969482422,203.14999389648438,204.9499969482422,190.2488250732422,1964885
2017-10-05,204.9499969482422,210.5500030517578,204.5500030517578,209.4499969482422,194.42604064941406,2228532
2017-10-06,210.0,212.25,208.64999389648438,209.60000610351562,194.5653076171875,2534607
2017-10-09,209.64999389648438,211.35000610351562,207.64999389648438,208.3000030517578,193.35855102539062,1653094
2017-10-10,209.5,211.14999389648438,207.6999969482422,208.4499969482422,193.4977569580078,2125747
2017-10-11,209.4499969482422,216.0,205.60000610351562,209.39999389648438,194.379638671875,6891689
2017-10-12,211.0,212.89999389648438,208.0,212.0,196.79312133789062,3902627
2017-10-13,211.0,214.1999969482422,209.25,210.25,195.1686553955078,3171251
2017-10-16,210.3000030517578,211.85000610351562,207.10000610351562,209.60000610351562,194.5653076171875,2658347
2017-10-17,210.39999389648438,213.35000610351562,209.0500030517578,210.3000030517578,195.215087890625,3269191
2017-10-18,211.4499969482422,211.4499969482422,205.60000610351562,206.8000030517578,191.96612548828125,4687271
2017-10-19,207.89999389648438,207.9499969482422,203.6999969482422,204.60000610351562,189.9239501953125,532661
2017-10-23,205.5,207.4499969482422,202.60000610351562,203.10000610351562,188.5315399169922,2952899
2017-10-24,204.0,210.25,203.5500030517578,209.64999389648438,194.6116943359375,3568231
2017-10-25,211.0,211.5,203.0,205.3000030517578,190.57374572753906,2640192
2017-10-26,204.9499969482422,210.85000610351562,203.39999389648438,209.8000030517578,194.7509307861328,4964383
2017-10-27,211.3000030517578,221.8000030517578,209.75,220.5,204.68341064453125,8891566
2017-10-30,225.0,230.25,222.5,226.8000030517578,210.53152465820312,13953152
2017-10-31,226.9499969482422,228.25,223.14999389648438,226.9499969482422,210.6707763671875,5175219
2017-11-01,226.9499969482422,231.39999389648438,226.35000610351562,227.8000030517578,211.45980834960938,3608627
2017-11-02,227.89999389648438,231.25,223.39999389648438,226.35000610351562,210.11378479003906,7866167
2017-11-03,227.0,227.89999389648438,224.35000610351562,225.3000030517578,209.1391143798828,1920643
2017-11-06,224.89999389648438,236.89999389648438,224.0,234.6999969482422,217.8648681640625,6994467
2017-11-07,235.0,235.5,221.3000030517578,225.0,208.8606414794922,5306883
2017-11-08,226.0,228.0,222.5500030517578,224.5,208.39649963378906,3299527
2017-11-09,225.8000030517578,241.60000610351562,225.3000030517578,240.4499969482422,223.202392578125,11299727
2017-11-10,240.6999969482422,244.0,234.64999389648438,236.14999389648438,219.21083068847656,7726311
2017-11-13,236.3000030517578,239.8000030517578,232.85000610351562,234.39999389648438,217.5863494873047,2923051
2017-11-14,234.6999969482422,248.0,228.39999389648438,246.6999969482422,229.0041046142578,15847309
2017-11-15,237.89999389648438,253.35000610351562,237.89999389648438,250.89999389648438,232.90281677246094,17805319
2017-11-16,254.0,254.64999389648438,247.1999969482422,251.9499969482422,233.87750244140625,6292626
2017-11-17,252.25,260.79998779296875,250.8000030517578,259.8999938964844,241.25723266601562,6857865
2017-11-20,261.1499938964844,276.25,259.25,274.8999938964844,255.1812744140625,13458563
2017-11-21,275.8999938964844,280.75,271.1499938964844,273.1499938964844,253.5568389892578,12063135
2017-11-22,273.5,275.8500061035156,267.75,274.04998779296875,254.39227294921875,5015906
2017-11-23,273.1499938964844,276.95001220703125,270.5,274.79998779296875,255.08843994140625,3371088
2017-11-24,275.04998779296875,280.0,275.04998779296875,278.70001220703125,258.7087097167969,3855810
2017-11-27,277.5,278.3999938964844,274.29998779296875,277.45001220703125,257.5483703613281,2208868
2017-11-28,277.0,289.79998779296875,276.5,287.75,267.1095275878906,11258640
2017-11-29,287.29998779296875,290.6499938964844,278.29998779296875,280.20001220703125,260.1011047363281,6464166
2017-11-30,278.8999938964844,292.20001220703125,277.54998779296875,287.1000061035156,266.5061950683594,9944314
2017-12-01,288.45001220703125,293.6000061035156,282.6000061035156,283.54998779296875,263.2108154296875,7150041
2017-12-04,285.0,286.5,276.3999938964844,279.04998779296875,259.0335693359375,5784862
2017-12-05,279.3999938964844,283.75,278.1499938964844,279.95001220703125,259.8690490722656,4876970
2017-12-06,278.8999938964844,282.95001220703125,273.6000061035156,274.95001220703125,255.2277069091797,4358618
2017-12-07,276.0,284.8500061035156,275.6499938964844,284.0,263.6285400390625,3820082
2017-12-08,287.54998779296875,289.8999938964844,285.04998779296875,288.45001220703125,267.7593688964844,4297335
2017-12-11,290.0,299.54998779296875,285.8999938964844,298.3500061035156,276.94921875,8045275
2017-12-12,298.6000061035156,298.6000061035156,286.6499938964844,287.79998779296875,267.15594482421875,6874578
2017-12-13,290.0,292.5,282.20001220703125,284.45001220703125,264.0462951660156,6799578
2017-12-14,288.0,288.25,279.20001220703125,284.29998779296875,263.906982421875,5575066
2017-12-15,289.0,289.95001220703125,286.1499938964844,286.8500061035156,266.27410888671875,3036814
2017-12-18,280.0,293.95001220703125,275.1000061035156,290.8500061035156,269.9871826171875,5912782
2017-12-19,292.0,301.45001220703125,291.70001220703125,300.6499938964844,279.0841979980469,8383608
2017-12-20,301.0,303.79998779296875,297.75,300.8500061035156,279.26983642578125,4692403
2017-12-21,302.25,303.0,298.1499938964844,300.1499938964844,278.6201171875,2280137
2017-12-22,301.0,306.3500061035156,299.70001220703125,302.75,281.0335693359375,4703911
2017-12-26,303.70001220703125,307.70001220703125,300.54998779296875,305.95001220703125,284.00408935546875,3956481
2017-12-27,305.5,308.79998779296875,302.5,305.54998779296875,283.6327209472656,3315278
2017-12-28,306.5,309.29998779296875,303.54998779296875,306.6000061035156,284.60736083984375,4620000
2017-12-29,308.04998779296875,318.0,306.3500061035156,316.3999938964844,293.7044982910156,6874520
2018-01-01,317.75,317.79998779296875,311.79998779296875,312.8999938964844,290.4555358886719,1602814
2018-01-02,314.29998779296875,314.95001220703125,307.54998779296875,311.1499938964844,288.8310241699219,2014415
2018-01-03,311.8999938964844,315.1499938964844,310.1499938964844,311.20001220703125,288.8774719238281,2073353
2018-01-04,312.0,313.5,307.25,312.25,289.8521728515625,2703849
2018-01-05,312.29998779296875,315.8500061035156,310.3500061035156,312.95001220703125,290.501953125,1896601
2018-01-08,314.6499938964844,319.20001220703125,312.20001220703125,317.6000061035156,294.81842041015625,2171903
2018-01-09,317.6000061035156,319.6499938964844,314.0,315.29998779296875,292.683349609375,2411068
2018-01-10,315.0,319.1000061035156,312.54998779296875,314.1000061035156,291.5694274902344,2517494
2018-01-11,314.0,316.70001220703125,311.79998779296875,313.29998779296875,290.82684326171875,3481202
2018-01-12,315.04998779296875,328.3500061035156,315.0,325.75,302.3837585449219,14484043
2018-01-15,327.70001220703125,328.75,321.6499938964844,323.0,299.8310546875,4519030
2018-01-16,323.0,326.8999938964844,311.45001220703125,316.3999938964844,293.7044982910156,4683847
2018-01-17,313.8500061035156,317.0,307.54998779296875,313.54998779296875,291.05889892578125,3742677
2018-01-18,315.04998779296875,315.75,301.3999938964844,305.45001220703125,283.5398864746094,3408593
2018-01-19,306.0,310.0,300.95001220703125,308.3500061035156,286.23193359375,3653286
2018-01-22,307.04998779296875,314.95001220703125,306.6000061035156,308.8500061035156,286.6960144042969,3278437
2018-01-23,310.70001220703125,310.70001220703125,304.04998779296875,307.20001220703125,285.1644287109375,4416130
2018-01-24,306.0,310.70001220703125,302.79998779296875,304.25,282.4259948730469,2154759
2018-01-25,304.0,311.25,301.6499938964844,304.25,282.4259948730469,3631793
2018-01-29,305.25,306.79998779296875,300.70001220703125,301.79998779296875,280.1517028808594,1806919
2018-01-30,300.95001220703125,307.29998779296875,299.45001220703125,304.0,282.1939392089844,2590100
2018-01-31,302.8999938964844,303.70001220703125,286.1000061035156,290.6499938964844,269.80157470703125,5397599
2018-02-01,290.25,294.8999938964844,278.6000061035156,288.3500061035156,267.66656494140625,4593306
2018-02-02,284.0,285.0,260.25,274.8500061035156,255.13490295410156,6697007
2018-02-05,265.1000061035156,276.8999938964844,255.14999389648438,273.1000061035156,253.51043701171875,6833906
2018-02-06,259.0,270.29998779296875,253.25,266.70001220703125,247.56948852539062,7044561
2018-02-07,270.0,284.3999938964844,270.0,280.1499938964844,260.0546875,8055761
2018-02-08,282.0,286.5,276.1000061035156,280.45001220703125,260.33319091796875,5863983
2018-02-09,271.1000061035156,279.79998779296875,271.1000061035156,278.25,258.2909851074219,3121544
2018-02-12,282.3999938964844,289.6000061035156,279.70001220703125,285.1000061035156,264.64959716796875,4583181
2018-02-14,287.95001220703125,289.0,280.8999938964844,281.95001220703125,261.7256164550781,2455660
2018-02-15,284.3500061035156,285.25,276.0,279.04998779296875,259.0335693359375,1807307
2018-02-16,280.25,282.75,274.20001220703125,275.6000061035156,255.83103942871094,1925414
2018-02-19,277.0,277.04998779296875,263.0,267.95001220703125,248.72984313964844,2620461
2018-02-20,268.70001220703125,274.20001220703125,261.6499938964844,262.8500061035156,243.99562072753906,5120799
2018-02-21,265.0,268.8500061035156,262.20001220703125,266.6000061035156,247.47662353515625,3638163
2018-02-22,265.95001220703125,269.8999938964844,261.1000061035156,262.1499938964844,243.34584045410156,5466484
2018-02-23,264.20001220703125,271.8999938964844,263.0,270.70001220703125,251.28256225585938,3895920
2018-02-26,273.54998779296875,274.79998779296875,271.54998779296875,273.5,253.88169860839844,3672359
2018-02-27,275.0,279.70001220703125,273.1000061035156,275.0,255.27413940429688,4778178
2018-02-28,273.0,277.0,272.0,275.5,255.7382049560547,2808234
2018-03-01,275.0,277.3500061035156,274.1000061035156,274.8500061035156,255.13490295410156,2322191
2018-03-05,274.79998779296875,276.95001220703125,270.54998779296875,275.6499938964844,255.87747192382812,4680138
2018-03-06,276.70001220703125,283.1000061035156,271.45001220703125,274.1499938964844,254.485107421875,6601857
2018-03-07,272.0,274.45001220703125,265.1499938964844,268.8999938964844,249.61166381835938,4847214
2018-03-08,270.5,274.20001220703125,265.0,273.3999938964844,253.78887939453125,2246589
2018-03-09,275.8999938964844,275.8999938964844,266.6000061035156,268.3500061035156,249.10110473632812,1614381
2018-03-12,270.0,276.6499938964844,269.70001220703125,276.04998779296875,256.248779296875,2583575
2018-03-13,278.04998779296875,281.29998779296875,273.20001220703125,278.20001220703125,258.2445983886719,3095190
2018-03-14,275.25,281.25,275.25,278.5,258.5230407714844,2056369
2018-03-15,278.0,284.3999938964844,277.25,279.6000061035156,259.5441589355469,2877987
2018-03-16,280.79998779296875,282.70001220703125,271.04998779296875,272.3999938964844,252.860595703125,2762357
2018-03-19,272.6000061035156,273.0,258.3500061035156,260.6000061035156,241.90701293945312,3665423
2018-03-20,259.70001220703125,263.6499938964844,255.10000610351562,262.04998779296875,243.25299072265625,2855717
2018-03-21,265.29998779296875,266.29998779296875,262.1499938964844,263.20001220703125,244.32054138183594,1477158
2018-03-22,264.6499938964844,264.6499938964844,257.6000061035156,258.8500061035156,240.28256225585938,1681596
2018-03-23,251.0500030517578,258.8999938964844,250.0,257.8999938964844,239.4007110595703,2297852
2018-03-26,258.04998779296875,263.5,253.6999969482422,262.20001220703125,243.3922882080078,2440719
2018-03-27,264.0,265.75,260.75,263.79998779296875,244.8775177001953,3071911
2018-03-28,261.25,264.0,257.5,258.75,240.1897430419922,2283408
2018-04-02,259.3500061035156,278.3999938964844,259.3500061035156,276.95001220703125,257.0842590332031,6610831
2018-04-03,276.0,277.54998779296875,271.70001220703125,274.79998779296875,255.08843994140625,2613360
2018-04-04,276.70001220703125,279.04998779296875,269.54998779296875,270.25,250.8647918701172,3283985
2018-04-05,274.54998779296875,277.0,271.5,273.0,253.4176025390625,2658707
2018-04-06,274.79998779296875,275.6499938964844,271.0,272.70001220703125,253.1390838623047,1852060
2018-04-09,275.0,281.6499938964844,273.0,277.79998779296875,257.8731994628906,4623765
2018-04-10,280.20001220703125,280.70001220703125,274.1000061035156,275.5,255.7382049560547,2190930
2018-04-11,276.1000061035156,276.3500061035156,271.5,273.8500061035156,254.20663452148438,1996390
2018-04-12,273.8999938964844,277.79998779296875,271.6499938964844,273.8500061035156,254.20663452148438,2149205
2018-04-13,274.0,277.3500061035156,271.75,275.5,255.7382049560547,2196800
2018-04-16,274.0,280.20001220703125,272.54998779296875,279.6499938964844,259.590576171875,3030999
2018-04-17,282.0,285.25,277.5,280.95001220703125,260.79730224609375,5799262
2018-04-18,282.29998779296875,287.45001220703125,279.25,284.1000061035156,263.7213439941406,4719061
2018-04-19,286.0,288.6499938964844,283.6000061035156,286.20001220703125,265.6707458496094,2434183
2018-04-20,285.95001220703125,288.79998779296875,283.6499938964844,286.29998779296875,265.7635498046875,2523492
2018-04-23,287.70001220703125,287.79998779296875,282.6499938964844,283.6000061035156,263.25726318359375,1687369
2018-04-24,283.0,288.0,281.79998779296875,283.1499938964844,262.8395080566406,2131466
2018-04-25,283.04998779296875,291.25,282.04998779296875,289.1000061035156,268.3627014160156,4804882
2018-04-26,292.5,293.6499938964844,288.75,291.20001220703125,270.31207275390625,4942803
2018-04-27,293.45001220703125,294.3999938964844,291.04998779296875,292.1000061035156,271.1474914550781,1858644
2018-04-30,293.8999938964844,298.5,292.04998779296875,297.54998779296875,276.2065734863281,3046154
2018-05-02,297.3999938964844,300.0,289.3999938964844,292.75,271.7508850097656,1857277
2018-05-03,292.75,292.75,283.1000061035156,286.6499938964844,266.08843994140625,2561225
2018-05-04,287.04998779296875,291.5,282.29998779296875,287.79998779296875,267.15594482421875,1399442
2018-05-07,288.79998779296875,295.5,287.0,294.20001220703125,273.096923828125,1848551
2018-05-08,296.0,296.20001220703125,287.25,289.70001220703125,268.919677734375,1720983
2018-05-09,289.6000061035156,294.3500061035156,288.6000061035156,292.0,271.0546875,1820409
2018-05-10,292.95001220703125,293.0,283.45001220703125,285.25,264.7888488769531,1446384
2018-05-11,284.3999938964844,290.5,284.3999938964844,287.5,266.87750244140625,1974327
2018-05-14,280.0,281.3500061035156,251.85000610351562,255.89999389648438,237.5441436767578,16822847
2018-05-15,256.45001220703125,259.5,240.75,242.64999389648438,225.2445831298828,9298329
2018-05-16,240.0,245.60000610351562,237.25,241.10000610351562,223.8057861328125,6328483
2018-05-17,243.5,249.3000030517578,242.5,247.5,229.7467041015625,7108750
2018-05-18,248.3000030517578,248.9499969482422,243.35000610351562,244.6999969482422,227.1475372314453,3297714
2018-05-21,244.10000610351562,248.35000610351562,240.5500030517578,243.5500030517578,226.08001708984375,3180360
2018-05-22,244.0,251.10000610351562,244.0,247.14999389648438,229.42178344726562,3175432
2018-05-23,246.5,252.35000610351562,245.5500030517578,250.1999969482422,232.25303649902344,4295785
2018-05-24,251.0,255.5,247.3000030517578,254.5,236.24459838867188,2921253
2018-05-25,252.1999969482422,259.3999938964844,252.1999969482422,257.8500061035156,239.35430908203125,2071496
2018-05-28,254.6999969482422,262.20001220703125,254.64999389648438,260.6499938964844,241.95339965820312,2649349
2018-05-29,257.3999938964844,262.70001220703125,257.0,257.5,239.02940368652344,2235734
2018-05-30,254.0,266.0,253.1999969482422,264.5,245.5272979736328,4154146
2018-05-31,267.0,272.0,260.70001220703125,269.20001220703125,249.89010620117188,3469905
2018-06-01,269.70001220703125,269.70001220703125,258.54998779296875,263.25,244.36692810058594,2622839
2018-06-04,265.0,265.3999938964844,253.5,255.25,236.9407958984375,1819147
2018-06-05,255.5,264.70001220703125,254.8000030517578,263.75,244.8311004638672,4208120
2018-06-06,262.75,266.70001220703125,260.3500061035156,265.75,246.68760681152344,2052017
2018-06-07,266.8999938964844,269.70001220703125,263.29998779296875,267.1000061035156,247.94076538085938,1527128
2018-06-08,263.70001220703125,269.3500061035156,263.54998779296875,266.95001220703125,247.80152893066406,1104173
2018-06-11,265.6000061035156,271.25,262.70001220703125,263.70001220703125,244.78468322753906,3538690
2018-06-12,262.75,268.3999938964844,262.75,267.6000061035156,248.4049072265625,1206633
2018-06-13,267.0,270.5,265.3500061035156,269.6000061035156,250.261474609375,1232644
2018-06-14,269.79998779296875,278.75,268.20001220703125,277.79998779296875,257.8731994628906,3646744
2018-06-15,279.1499938964844,281.0,271.45001220703125,272.1499938964844,252.62855529785156,3133233
2018-06-18,271.54998779296875,276.8500061035156,269.1499938964844,275.3500061035156,255.5989990234375,1541522
2018-06-19,274.6499938964844,274.6499938964844,266.04998779296875,267.04998779296875,247.89431762695312,6224725
2018-06-20,263.70001220703125,264.75,257.0,260.8500061035156,244.3989715576172,3367252
2018-06-21,258.04998779296875,262.3500061035156,255.5,258.20001220703125,241.9160919189453,3020580
2018-06-22,257.8999938964844,263.54998779296875,256.45001220703125,262.1000061035156,245.57009887695312,2459832
2018-06-25,260.1000061035156,266.95001220703125,260.1000061035156,264.5,247.8187713623047,2103452
2018-06-26,264.79998779296875,269.70001220703125,263.29998779296875,267.3500061035156,250.48902893066406,2208389
2018-06-27,265.1000061035156,268.3999938964844,261.20001220703125,265.6000061035156,248.84939575195312,2234204
2018-06-28,263.0,268.25,261.45001220703125,263.95001220703125,247.30345153808594,4511203
2018-06-29,262.70001220703125,270.1499938964844,262.70001220703125,269.3500061035156,252.36285400390625,2077927
2018-07-02,271.0,273.1000061035156,263.25,264.45001220703125,247.77194213867188,3661633
2018-07-03,264.5,284.5,262.70001220703125,281.0,263.27813720703125,6676660
2018-07-04,281.0,281.0,275.3500061035156,277.29998779296875,259.8114929199219,3598212
2018-07-05,277.45001220703125,282.3999938964844,270.0,271.25,254.1430206298828,2338411
2018-07-06,269.79998779296875,273.25,265.70001220703125,266.29998779296875,249.50523376464844,2022333
2018-07-09,268.25,276.20001220703125,267.0,275.25,257.89080810546875,2267486
2018-07-10,275.8999938964844,277.79998779296875,272.54998779296875,274.75,257.4223327636719,1284523
2018-07-11,274.79998779296875,275.45001220703125,267.45001220703125,269.79998779296875,252.7845001220703,1407688
2018-07-12,270.3999938964844,272.45001220703125,264.3500061035156,265.20001220703125,248.47462463378906,2250217
2018-07-13,265.0,265.75,257.54998779296875,258.8999938964844,242.57192993164062,3357333
2018-07-16,257.8999938964844,257.8999938964844,242.10000610351562,243.25,227.90895080566406,3454849
2018-07-17,241.5500030517578,251.85000610351562,240.3000030517578,247.89999389648438,232.2657012939453,3158004
2018-07-18,248.39999389648438,249.60000610351562,232.6999969482422,238.64999389648438,223.59901428222656,3343525
2018-07-19,239.6999969482422,243.3000030517578,228.60000610351562,233.10000610351562,218.39907836914062,4223216
2018-07-20,231.25,240.9499969482422,231.25,238.60000610351562,223.55221557617188,3003282
2018-07-23,238.89999389648438,244.25,235.25,243.3000030517578,227.95579528808594,2351769
2018-07-24,244.0,249.1999969482422,241.89999389648438,246.3000030517578,230.76658630371094,2278457
2018-07-25,248.5,248.5,235.8000030517578,236.89999389648438,221.95938110351562,2310430
2018-07-26,235.89999389648438,242.9499969482422,234.5,239.10000610351562,224.0206756591797,3996921
2018-07-27,241.0,243.9499969482422,239.14999389648438,242.25,226.9720001220703,1581985
2018-07-30,243.6999969482422,247.0,240.89999389648438,242.1999969482422,226.92514038085938,1867720
2018-07-31,243.39999389648438,249.64999389648438,241.5,246.89999389648438,231.3287353515625,4422342
2018-08-01,248.6999969482422,254.9499969482422,234.35000610351562,235.64999389648438,220.78822326660156,13272609
2018-08-02,232.5,238.0500030517578,230.39999389648438,235.4499969482422,220.6008758544922,5700851
2018-08-03,236.0,239.0,232.0,234.64999389648438,219.851318359375,3357940
2018-08-06,235.14999389648438,240.4499969482422,234.14999389648438,239.5,224.3954315185547,2560616
2018-08-07,241.0,241.5500030517578,235.3000030517578,237.60000610351562,222.61524963378906,1962634
2018-08-08,237.25,240.5,235.0500030517578,236.35000610351562,221.444091796875,1807313
2018-08-09,236.64999389648438,239.85000610351562,235.3000030517578,237.3000030517578,222.3341827392578,1127248
2018-08-10,237.3000030517578,237.9499969482422,231.10000610351562,233.5500030517578,218.8206787109375,2035594
2018-08-13,233.0,236.4499969482422,232.25,234.5500030517578,219.75759887695312,1948583
2018-08-14,235.0,238.5,235.0,237.5500030517578,222.5684051513672,1885288
2018-08-16,236.0500030517578,242.0,235.9499969482422,239.35000610351562,224.2548828125,2551480
2018-08-17,240.8000030517578,244.5,239.1999969482422,243.0,227.67466735839844,2838238
2018-08-20,244.0,247.0,243.0,245.14999389648438,229.6890869140625,1690225
2018-08-21,246.89999389648438,246.89999389648438,239.25,240.5500030517578,225.3791961669922,3272005
2018-08-23,240.3000030517578,240.60000610351562,233.10000610351562,235.4499969482422,220.6008758544922,1553953
2018-08-24,234.5,237.1999969482422,230.1999969482422,231.0,216.4315185546875,1838417
2018-08-27,231.8000030517578,239.35000610351562,231.0500030517578,237.0500030517578,222.09996032714844,1990020
2018-08-28,237.0,239.3000030517578,231.3000030517578,233.35000610351562,218.63330078125,2374782
2018-08-29,233.85000610351562,237.6999969482422,232.6999969482422,234.5500030517578,219.75759887695312,1394661
2018-08-30,235.35000610351562,237.3000030517578,232.10000610351562,236.0,221.11619567871094,1921327
2018-08-31,237.0,239.75,232.9499969482422,234.3000030517578,219.5233917236328,3353833
2018-09-03,236.0,243.5500030517578,235.0500030517578,236.6999969482422,221.77203369140625,5242852
2018-09-04,238.1999969482422,238.1999969482422,222.60000610351562,223.6999969482422,209.59188842773438,3554859
2018-09-05,222.0,224.60000610351562,215.1999969482422,222.39999389648438,208.37387084960938,3023097
2018-09-06,224.0,225.0,218.1999969482422,221.0500030517578,207.1090087890625,1738824
2018-09-07,221.0,224.5,219.10000610351562,222.9499969482422,208.8892059326172,1232507
2018-09-10,222.5,235.14999389648438,220.64999389648438,222.0,207.99911499023438,7514106
2018-09-11,222.5,225.39999389648438,214.85000610351562,216.0,202.3775177001953,3508990
2018-09-12,216.35000610351562,223.6999969482422,212.64999389648438,222.64999389648438,208.6081085205078,4570939
2018-09-14,223.4499969482422,236.6999969482422,223.3000030517578,233.9499969482422,219.1954345703125,6377909
2018-09-17,233.14999389648438,238.0,230.25,236.60000610351562,221.67832946777344,3170894
2018-09-18,237.89999389648438,239.25,233.5,235.0500030517578,220.22608947753906,2614794
2018-09-19,235.9499969482422,237.1999969482422,233.4499969482422,234.89999389648438,220.08555603027344,1362058
2018-09-21,235.0,237.0,227.9499969482422,234.60000610351562,219.80447387695312,5395319
2018-09-24,233.5500030517578,239.1999969482422,230.75,233.3000030517578,218.58645629882812,3423509
2018-09-25,233.3000030517578,236.75,232.0,236.10000610351562,221.20985412597656,2349368
2018-09-26,240.0,240.0,232.5,234.25,219.4765625,2240909
2018-09-27,234.5500030517578,236.8000030517578,231.10000610351562,233.25,218.5395965576172,5082859
2018-09-28,234.0500030517578,235.9499969482422,230.1999969482422,233.75,219.00807189941406,3069914
2018-10-01,234.5500030517578,234.60000610351562,221.0500030517578,230.89999389648438,216.33778381347656,1534749
2018-10-03,230.0,237.5,225.75,227.60000610351562,213.2459259033203,1708590
2018-10-04,223.5,227.8000030517578,216.14999389648438,218.1999969482422,204.43875122070312,1728786
2018-10-05,217.0,218.60000610351562,205.89999389648438,209.1999969482422,196.00636291503906,3519515
2018-10-08,208.0,222.25,206.85000610351562,215.14999389648438,201.5811309814453,4642146
2018-10-09,215.5,219.14999389648438,209.60000610351562,216.5,202.84597778320312,1844462
2018-10-10,215.0,229.64999389648438,215.0,228.39999389648438,213.99546813964844,2919278
2018-10-11,215.0,229.6999969482422,215.0,224.60000610351562,210.43511962890625,1293881
2018-10-12,226.25,232.35000610351562,225.5,229.10000610351562,214.65135192871094,1165527
2018-10-15,229.6999969482422,237.0,226.8000030517578,234.89999389648438,220.08555603027344,1224339
2018-10-16,237.10000610351562,237.6999969482422,233.0500030517578,235.4499969482422,220.6008758544922,1723113
2018-10-17,237.6999969482422,240.8000030517578,229.4499969482422,231.10000610351562,216.52520751953125,2945914
2018-10-19,230.3000030517578,232.6999969482422,225.5,227.1999969482422,212.8711395263672,1527904
2018-10-22,229.4499969482422,231.60000610351562,222.0,223.25,209.17025756835938,3529711
2018-10-23,221.10000610351562,222.1999969482422,214.75,218.3000030517578,204.53248596191406,1416279
2018-10-24,220.10000610351562,221.25,217.0500030517578,219.8000030517578,205.9378662109375,2171956
2018-10-25,217.89999389648438,224.6999969482422,216.0,222.10000610351562,208.09280395507812,3288126
2018-10-26,223.0,223.0,215.75,217.60000610351562,203.87660217285156,1254856
2018-10-29,217.0,221.4499969482422,217.0,220.0,206.12521362304688,966687
2018-10-30,220.89999389648438,228.8000030517578,219.39999389648438,227.3000030517578,212.96485900878906,2230812
2018-10-31,218.1999969482422,220.89999389648438,205.0,217.85000610351562,204.11083984375,9609975
2018-11-01,218.0,220.5,216.39999389648438,217.75,204.01715087890625,2117862
2018-11-02,220.0,223.5,216.89999389648438,217.64999389648438,203.92343139648438,1701852
2018-11-05,217.5,221.35000610351562,217.0500030517578,219.85000610351562,205.98471069335938,977010
2018-11-06,220.75,221.75,213.14999389648438,213.8000030517578,200.31626892089844,1114288
2018-11-07,215.0,216.5500030517578,214.8000030517578,215.1999969482422,201.62794494628906,180558
2018-11-09,215.0,215.60000610351562,208.5500030517578,209.5,196.28744506835938,3291284
2018-11-12,211.0,217.0,210.1999969482422,214.6999969482422,201.15948486328125,2554231
2018-11-13,214.0,221.1999969482422,211.8000030517578,219.9499969482422,206.07839965820312,1773622
2018-11-14,220.5500030517578,221.4499969482422,216.5,217.39999389648438,203.689208984375,1316163
2018-11-15,217.9499969482422,222.5,216.6999969482422,221.4499969482422,207.4838104248047,1146455
2018-11-16,221.5,224.25,218.5500030517578,221.8000030517578,207.81170654296875,817962
2018-11-19,222.0,225.5,221.5,224.14999389648438,210.0135040283203,904579
2018-11-20,223.0,224.85000610351562,215.0,215.9499969482422,202.33065795898438,913551
2018-11-21,215.0,220.4499969482422,215.0,219.0,205.18832397460938,1168853
2018-11-22,219.0,219.6999969482422,214.8000030517578,215.89999389648438,202.28379821777344,967411
2018-11-26,217.4499969482422,218.89999389648438,213.0,217.64999389648438,203.92343139648438,1452206
2018-11-27,218.9499969482422,219.9499969482422,214.0,217.75,204.01715087890625,1863491
2018-11-28,217.39999389648438,221.4499969482422,215.1999969482422,216.0,202.3775177001953,977424
2018-11-29,217.0,220.64999389648438,213.89999389648438,218.75,204.95407104492188,2173966
2018-11-30,216.25,220.60000610351562,216.25,218.64999389648438,204.86038208007812,1044674
2018-12-03,218.5,219.1999969482422,214.3000030517578,214.75,201.2063446044922,1099033
2018-12-04,214.75,216.75,208.8000030517578,209.5,196.28744506835938,1908684
2018-12-05,209.0,212.5,205.39999389648438,211.6999969482422,198.3486785888672,3055629
2018-12-06,210.5,211.64999389648438,207.0,208.14999389648438,195.02256774902344,1270790
2018-12-07,208.5500030517578,209.5,203.3000030517578,206.5500030517578,193.52349853515625,1422582
2018-12-10,203.0,209.60000610351562,197.0500030517578,198.1999969482422,185.70008850097656,2514120
2018-12-11,195.0,203.8000030517578,195.0,202.85000610351562,190.0568389892578,1818568
2018-12-12,203.14999389648438,213.89999389648438,203.0,212.9499969482422,199.5198516845703,1755046
2018-12-13,213.35000610351562,215.6999969482422,210.25,212.39999389648438,199.00454711914062,1196911
2018-12-14,212.0,213.35000610351562,210.0,212.35000610351562,198.9576873779297,860565
2018-12-17,212.8000030517578,213.39999389648438,209.5,210.0500030517578,196.80276489257812,1303397
2018-12-18,209.8000030517578,213.5,208.9499969482422,210.10000610351562,196.84962463378906,1395195
2018-12-19,210.60000610351562,214.64999389648438,209.5500030517578,210.14999389648438,196.8964385986328,2459567
2018-12-20,209.5,213.10000610351562,208.60000610351562,210.1999969482422,196.9432830810547,1263237
2018-12-21,211.0,219.60000610351562,210.8000030517578,215.39999389648438,201.8153533935547,5654362
2018-12-24,215.5500030517578,224.0,215.39999389648438,219.0500030517578,205.23516845703125,5808490
2018-12-26,220.39999389648438,220.39999389648438,212.39999389648438,218.5500030517578,204.76669311523438,1598566
2018-12-27,221.8000030517578,224.89999389648438,215.1999969482422,220.0500030517578,206.1720733642578,9509683
2018-12-28,221.75,223.3000030517578,219.5500030517578,220.8000030517578,206.8748016357422,2263147
2018-12-31,222.0,223.64999389648438,218.85000610351562,219.39999389648438,205.5630645751953,965858
2019-01-01,219.9499969482422,221.0500030517578,218.0500030517578,219.10000610351562,205.2820281982422,716275
2019-01-02,219.0,220.35000610351562,213.60000610351562,214.60000610351562,201.0657958984375,1081778
2019-01-03,214.9499969482422,215.35000610351562,209.89999389648438,210.0500030517578,196.80276489257812,2096553
2019-01-04,210.60000610351562,214.89999389648438,210.0,213.8000030517578,200.31626892089844,1213181
2019-01-07,214.60000610351562,216.9499969482422,214.0,214.9499969482422,201.3937225341797,871903
2019-01-08,214.60000610351562,216.14999389648438,212.6999969482422,215.14999389648438,201.5811309814453,590293
2019-01-09,216.0,216.6999969482422,210.64999389648438,212.60000610351562,199.19195556640625,908322
2019-01-10,212.0500030517578,215.1999969482422,212.0500030517578,214.14999389648438,200.6441650390625,715378
2019-01-11,214.0,215.25,211.3000030517578,211.89999389648438,198.53610229492188,698106
2019-01-14,211.75,214.25,209.64999389648438,213.5,200.03517150878906,1036107
2019-01-15,213.10000610351562,215.25,212.60000610351562,214.3000030517578,200.7847442626953,649313
2019-01-16,214.39999389648438,219.1999969482422,213.85000610351562,216.4499969482422,202.7991180419922,1088457
2019-01-17,216.5,218.75,215.0500030517578,218.14999389648438,204.39190673828125,1267904
2019-01-18,218.39999389648438,218.5,213.6999969482422,216.25,202.6117401123047,771653
2019-01-21,216.1999969482422,216.9499969482422,210.0,210.5,197.22438049316406,1005521
2019-01-22,209.6999969482422,212.5500030517578,209.1999969482422,212.10000610351562,198.7234649658203,682384
2019-01-23,211.5,214.8000030517578,210.0,210.60000610351562,197.31805419921875,937183
2019-01-24,212.10000610351562,212.64999389648438,209.4499969482422,210.8000030517578,197.50546264648438,1059068
2019-01-25,211.0,212.0500030517578,206.0500030517578,207.0500030517578,193.99197387695312,1723705
2019-01-28,207.0,210.3000030517578,201.35000610351562,209.25,196.05319213867188,1629992
2019-01-29,210.0,210.39999389648438,202.1999969482422,204.85000610351562,191.9307098388672,1325502
2019-01-30,203.75,206.5500030517578,201.89999389648438,204.5,191.60276794433594,1407845
2019-01-31,205.8000030517578,206.0,200.8000030517578,203.8000030517578,190.94692993164062,2584783
2019-02-01,203.8000030517578,207.8000030517578,201.64999389648438,204.10000610351562,191.22799682617188,948332
2019-02-04,203.5,204.4499969482422,198.0,199.85000610351562,187.2460479736328,1115503
2019-02-05,198.5,200.0500030517578,179.3000030517578,185.9499969482422,174.22268676757812,8331711
2019-02-06,184.0,189.75,178.10000610351562,188.4499969482422,176.5650177001953,3459646
2019-02-07,188.3000030517578,192.4499969482422,186.64999389648438,191.10000610351562,179.0478973388672,1968302
2019-02-08,190.0,191.5,184.39999389648438,185.6999969482422,173.98843383789062,1280248
2019-02-11,185.89999389648438,186.0,177.0500030517578,179.75,168.41368103027344,3460117
2019-02-12,179.0500030517578,189.0,178.60000610351562,186.5500030517578,174.7848663330078,2805228
2019-02-14,183.14999389648438,190.39999389648438,182.9499969482422,188.89999389648438,176.9866180419922,997833
2019-02-15,191.0,191.0,184.1999969482422,186.14999389648438,174.41006469726562,1624523
2019-02-18,186.14999389648438,186.5,181.5,182.75,171.2244873046875,1026852
2019-02-19,182.60000610351562,188.8000030517578,182.25,184.5,172.86412048339844,984628
2019-02-20,184.5,189.3000030517578,184.5,188.6999969482422,176.7992401123047,993170
2019-02-21,188.0,194.89999389648438,187.5500030517578,190.64999389648438,178.62625122070312,2511829
2019-02-22,190.0,192.0500030517578,188.0500030517578,189.25,177.31454467773438,1243941
2019-02-25,190.10000610351562,193.1999969482422,188.5500030517578,191.10000610351562,179.0478973388672,1373833
2019-02-26,189.75,192.25,185.35000610351562,191.64999389648438,179.56317138671875,1271388
2019-02-27,192.0,195.0,190.10000610351562,192.6999969482422,180.54698181152344,1816786
2019-02-28,192.39999389648438,195.0,191.5500030517578,193.6999969482422,181.48388671875,1090108
2019-03-01,194.0,197.85000610351562,193.1999969482422,197.3000030517578,184.85687255859375,1292085
2019-03-05,197.60000610351562,199.89999389648438,196.60000610351562,197.5500030517578,185.09109497070312,1910560
2019-03-06,198.5,203.25,196.10000610351562,197.9499969482422,185.46588134765625,1716592
2019-03-07,198.8000030517578,199.89999389648438,196.14999389648438,196.60000610351562,184.20101928710938,933729
2019-03-08,196.0,197.60000610351562,192.60000610351562,193.1999969482422,181.01544189453125,1542933
2019-03-11,192.0500030517578,203.0,192.0500030517578,202.5,189.7289276123047,3592265
2019-03-12,204.4499969482422,206.1999969482422,203.14999389648438,204.89999389648438,191.97755432128906,1991333
2019-03-13,205.9499969482422,208.75,202.25,202.85000610351562,190.0568389892578,2690181
2019-03-14,204.0,211.8000030517578,203.0,206.1999969482422,193.195556640625,6563662
2019-03-15,207.39999389648438,208.60000610351562,202.35000610351562,203.1999969482422,190.384765625,2025761
2019-03-18,204.89999389648438,205.0,198.5500030517578,200.25,187.6208038330078,1608207
2019-03-19,200.5500030517578,205.5,200.3000030517578,203.3000030517578,190.4784393310547,1792277
2019-03-20,203.85000610351562,204.0,197.14999389648438,198.10000610351562,185.60641479492188,2158406
2019-03-22,199.3000030517578,201.85000610351562,195.1999969482422,195.75,183.4046173095703,1298095
2019-03-25,195.0,199.5,193.60000610351562,196.64999389648438,184.2478485107422,1658129
2019-03-26,195.64999389648438,197.5,194.0500030517578,196.0500030517578,183.68568420410156,1154541
2019-03-27,196.5,200.1999969482422,195.10000610351562,196.60000610351562,184.20101928710938,1962815
2019-03-28,197.5,200.5500030517578,196.75,198.9499969482422,186.40280151367188,1586111
2019-04-01,204.5500030517578,209.3000030517578,204.1999969482422,208.10000610351562,194.97572326660156,1915582
2019-04-02,208.0,214.6999969482422,207.5500030517578,211.89999389648438,198.53610229492188,3913611
2019-04-03,212.64999389648438,213.1999969482422,207.35000610351562,208.35000610351562,195.2100067138672,2330970
2019-04-04,208.39999389648438,212.39999389648438,205.64999389648438,211.35000610351562,198.0207977294922,2089235
2019-04-05,211.39999389648438,215.5,210.0500030517578,211.3000030517578,197.97393798828125,2761691
2019-04-08,212.0,214.6999969482422,210.0,211.6999969482422,198.3486785888672,1557504
2019-04-09,211.89999389648438,211.89999389648438,207.9499969482422,210.25,196.99014282226562,827540
2019-04-10,208.10000610351562,211.89999389648438,207.75,208.8000030517578,195.631591796875,1142036
2019-04-11,208.6999969482422,215.25,208.60000610351562,214.60000610351562,201.0657958984375,2439649
2019-04-12,215.9499969482422,217.25,213.0500030517578,215.14999389648438,201.5811309814453,2620746
2019-04-15,216.4499969482422,218.6999969482422,213.89999389648438,216.64999389648438,202.9865264892578,2673514
2019-04-16,217.39999389648438,217.39999389648438,214.5500030517578,215.6999969482422,202.09645080566406,1143488
2019-04-18,215.6999969482422,216.8000030517578,207.3000030517578,208.85000610351562,195.67843627929688,2818804
2019-04-22,208.14999389648438,213.4499969482422,208.0,209.35000610351562,196.1468963623047,2003793
2019-04-23,209.8000030517578,210.85000610351562,204.0,209.60000610351562,196.3811492919922,3217791
2019-04-24,204.0,211.9499969482422,200.64999389648438,208.89999389648438,195.7252960205078,9668429
2019-04-25,209.39999389648438,212.85000610351562,207.3000030517578,211.1999969482422,197.88021850585938,3228599
2019-04-26,213.0,216.89999389648438,209.6999969482422,213.1999969482422,199.75408935546875,2510185
2019-04-30,211.0,213.0500030517578,207.3000030517578,209.1999969482422,196.00636291503906,2370602
2019-05-02,208.10000610351562,210.0500030517578,205.0500030517578,206.3000030517578,193.28927612304688,2271545
2019-05-03,205.89999389648438,207.4499969482422,203.35000610351562,204.0,191.1343231201172,1639544
2019-05-06,202.89999389648438,206.0,202.0500030517578,202.64999389648438,189.86944580078125,1068557
2019-05-07,203.10000610351562,206.0,198.8000030517578,199.75,187.15234375,1453964
2019-05-08,200.0,202.25,198.25,199.4499969482422,186.87127685546875,1452184
2019-05-09,199.3000030517578,200.9499969482422,195.10000610351562,198.60000610351562,186.0748748779297,1365985
2019-05-10,198.60000610351562,201.39999389648438,197.5500030517578,198.5,185.98117065429688,1246805
2019-05-13,197.25,204.3000030517578,197.0,199.85000610351562,187.2460479736328,2827684
2019-05-14,202.0,204.89999389648438,197.25,200.25,187.6208038330078,4190535
2019-05-15,202.3000030517578,204.89999389648438,198.10000610351562,199.25,186.6838836669922,2581825
2019-05-16,207.0,223.0,197.14999389648438,220.8000030517578,206.8748016357422,27398307
2019-05-17,220.0,238.3000030517578,218.60000610351562,235.39999389648438,220.55401611328125,17955568
2019-05-20,239.8000030517578,241.9499969482422,231.5,235.85000610351562,220.97564697265625,7507001
2019-05-21,235.0,237.0,229.6999969482422,232.5,217.8369140625,4396346
2019-05-22,233.0,236.0,230.14999389648438,234.0500030517578,219.2891387939453,3274093
2019-05-23,238.0,238.0,229.1999969482422,230.3000030517578,215.77566528320312,3287277
2019-05-24,230.6999969482422,236.39999389648438,227.89999389648438,234.89999389648438,222.4709014892578,2395433
2019-05-27,237.1999969482422,237.5,232.25,233.39999389648438,221.05030822753906,1832951
2019-05-28,235.39999389648438,243.75,233.75,237.3000030517578,224.74391174316406,4121336
2019-05-29,236.89999389648438,239.89999389648438,232.39999389648438,234.35000610351562,221.95001220703125,2445735
2019-05-30,234.10000610351562,238.14999389648438,233.0,236.85000610351562,224.31773376464844,1442935
2019-05-31,237.0,246.25,235.35000610351562,244.0,231.0894012451172,6568324
2019-06-03,245.0,247.39999389648438,242.3000030517578,244.9499969482422,231.9891357421875,3279574
2019-06-04,244.60000610351562,258.70001220703125,244.0,253.4499969482422,240.03939819335938,10943654
2019-06-06,253.0,257.3999938964844,246.75,252.5,239.1396484375,5822991
2019-06-07,251.5,259.8500061035156,247.64999389648438,257.0,243.40155029296875,6012221
2019-06-10,257.0,259.04998779296875,250.64999389648438,252.6999969482422,239.32908630371094,3098985
2019-06-11,253.4499969482422,256.70001220703125,250.60000610351562,255.35000610351562,241.83885192871094,2440220
2019-06-12,254.8000030517578,257.45001220703125,253.25,255.14999389648438,241.64942932128906,2028664
2019-06-13,255.1999969482422,255.89999389648438,251.14999389648438,253.85000610351562,240.41824340820312,1232935
2019-06-14,253.0,254.85000610351562,246.10000610351562,247.0500030517578,233.97802734375,1914763
2019-06-17,246.5,251.8000030517578,243.35000610351562,245.6999969482422,232.69947814941406,1818946
2019-06-18,246.25,248.64999389648438,245.0500030517578,247.8000030517578,234.68833923339844,1752118
2019-06-19,248.60000610351562,250.1999969482422,243.14999389648438,245.3000030517578,232.32061767578125,2503805
2019-06-20,244.85000610351562,256.79998779296875,244.6999969482422,255.85000610351562,242.3124237060547,4602715
2019-06-21,255.85000610351562,264.0,253.5,261.79998779296875,247.9475555419922,3760383
2019-06-24,261.0,263.0,256.75,259.95001220703125,246.19544982910156,2281154
2019-06-25,260.0,260.70001220703125,256.8500061035156,259.1499938964844,245.43775939941406,1699986
2019-06-26,260.0,275.0,258.29998779296875,272.6499938964844,258.22344970703125,8391203
2019-06-27,274.0,277.3999938964844,269.29998779296875,273.79998779296875,259.3126220703125,3685617
2019-06-28,273.79998779296875,273.79998779296875,267.5,269.70001220703125,255.42955017089844,2322676
2019-07-01,270.1000061035156,272.70001220703125,268.5,271.54998779296875,257.1816711425781,1425361
2019-07-02,273.29998779296875,275.0,269.5,271.79998779296875,257.4184265136719,1702477
2019-07-03,271.0,273.8999938964844,269.95001220703125,271.6499938964844,257.2763977050781,1027844
2019-07-04,272.20001220703125,273.0,268.6000061035156,269.6499938964844,255.38218688964844,2067702
2019-07-05,270.0,272.20001220703125,263.25,266.6000061035156,252.49362182617188,1804483
2019-07-08,265.0,266.95001220703125,260.54998779296875,263.54998779296875,249.60494995117188,1429701
2019-07-09,263.1000061035156,266.25,261.45001220703125,263.54998779296875,249.60494995117188,1723027
2019-07-10,263.29998779296875,264.70001220703125,250.3000030517578,251.64999389648438,238.33462524414062,2861877
2019-07-11,253.0,259.54998779296875,252.14999389648438,255.9499969482422,242.40708923339844,2071153
2019-07-12,255.0,260.20001220703125,253.14999389648438,257.95001220703125,244.30126953125,1087977
2019-07-15,260.0,260.0,253.5,254.3000030517578,240.8444061279297,1832470
2019-07-16,254.3000030517578,261.0,254.0,259.54998779296875,245.8166046142578,1245709
2019-07-17,258.6499938964844,263.5,255.9499969482422,257.0,243.40155029296875,2631378
2019-07-18,256.70001220703125,258.75,254.25,255.10000610351562,241.60211181640625,1082809
2019-07-19,256.0,256.3500061035156,245.60000610351562,248.85000610351562,235.6827850341797,2750857
2019-07-22,249.0,255.5,247.10000610351562,251.60000610351562,238.28729248046875,1740529
2019-07-23,250.0,253.25,249.0,250.39999389648438,237.15077209472656,1441755
2019-07-24,250.0,252.10000610351562,248.0,249.89999389648438,236.67723083496094,1761267
2019-07-25,249.8000030517578,254.60000610351562,249.3000030517578,251.60000610351562,238.28729248046875,1509879
2019-07-26,251.9499969482422,260.5,250.39999389648438,258.3500061035156,244.68011474609375,2006636
2019-07-29,258.5,259.95001220703125,252.60000610351562,256.0,242.45445251464844,1208093
2019-07-30,257.0,259.20001220703125,247.6999969482422,249.6999969482422,236.48780822753906,1577476
2019-07-31,247.0,254.4499969482422,245.6999969482422,251.60000610351562,238.28729248046875,1479989
2019-08-01,252.0,262.5,250.5,258.75,245.05894470214844,5362278
2019-08-02,258.70001220703125,269.75,254.39999389648438,265.6000061035156,251.54652404785156,3587924
2019-08-05,264.3500061035156,266.3999938964844,259.70001220703125,260.8999938964844,247.09519958496094,2298112
2019-08-06,262.0,273.20001220703125,261.95001220703125,270.54998779296875,256.23455810546875,2899938
2019-08-07,271.25,274.3500061035156,268.3500061035156,269.3999938964844,255.1454315185547,1761095
2019-08-08,271.5,272.70001220703125,266.8500061035156,270.8999938964844,256.5660705566406,1823157
2019-08-09,272.0,273.8999938964844,264.75,265.5,251.45181274414062,2192096
2019-08-13,264.5,268.1000061035156,261.79998779296875,263.6000061035156,249.65234375,1060200
2019-08-14,264.1000061035156,269.70001220703125,261.20001220703125,267.0,252.8723907470703,1331862
2019-08-16,265.8500061035156,269.5,263.79998779296875,266.8500061035156,252.73037719726562,823258
2019-08-19,267.3999938964844,271.0,266.20001220703125,268.20001220703125,254.00892639160156,1332431
2019-08-20,268.95001220703125,270.3500061035156,263.6499938964844,265.8999938964844,251.8306121826172,600434
2019-08-21,266.0,266.0,259.6000061035156,261.45001220703125,247.6161346435547,1222492
2019-08-22,261.0,262.8500061035156,256.6499938964844,258.70001220703125,245.01162719726562,864809
2019-08-23,259.54998779296875,267.25,256.8500061035156,265.95001220703125,251.87799072265625,1376595
2019-08-26,269.25,273.8999938964844,265.79998779296875,269.04998779296875,254.81394958496094,1791288
2019-08-27,270.0,271.29998779296875,264.8500061035156,266.3999938964844,252.30418395996094,1420227
2019-08-28,270.0,281.29998779296875,267.6000061035156,280.04998779296875,265.2319030761719,7632634
2019-08-29,281.0,282.0,271.45001220703125,274.54998779296875,260.02294921875,4231503
2019-08-30,275.5,280.45001220703125,274.8999938964844,278.5,263.763916015625,2714305
2019-09-03,277.0,279.6000061035156,270.20001220703125,271.20001220703125,256.8502502441406,1619484
2019-09-04,271.95001220703125,272.8999938964844,262.3500061035156,267.0,252.8723907470703,2261160
2019-09-05,268.0,269.25,263.45001220703125,264.45001220703125,250.45738220214844,1401218
2019-09-06,265.0,266.29998779296875,259.54998779296875,262.75,248.84732055664062,1255736
2019-09-09,263.5,267.3500061035156,261.70001220703125,263.79998779296875,249.84176635742188,2640504
2019-09-11,265.95001220703125,267.79998779296875,257.20001220703125,259.3500061035156,245.6272430419922,2667978
2019-09-12,259.79998779296875,263.8999938964844,258.20001220703125,262.29998779296875,248.42111206054688,2744024
2019-09-13,263.8999938964844,264.5,256.0,259.0,245.29571533203125,3050128
2019-09-16,256.5,259.3999938964844,255.6999969482422,257.5,243.87510681152344,1044609
2019-09-17,258.0,260.79998779296875,255.0,256.25,242.69125366210938,2237086
2019-09-18,258.0,261.3500061035156,253.5,259.75,246.0060272216797,2360120
2019-09-19,259.70001220703125,259.70001220703125,250.64999389648438,254.4499969482422,240.98648071289062,3546569
2019-09-20,254.10000610351562,270.6499938964844,249.9499969482422,267.3500061035156,253.2039337158203,4803062
2019-09-23,266.0,277.0,265.20001220703125,273.6499938964844,259.1705322265625,9811055
2019-09-24,274.0,277.5,271.95001220703125,275.0,260.4491271972656,2160946
2019-09-25,274.5,281.25,271.29998779296875,279.45001220703125,264.6637268066406,3273970
2019-09-26,281.8999938964844,284.8500061035156,277.1499938964844,279.8999938964844,265.08984375,4937972
2019-09-27,279.8999938964844,287.70001220703125,278.6000061035156,281.95001220703125,267.03143310546875,4289026
2019-09-30,281.95001220703125,281.95001220703125,275.3500061035156,276.0,261.396240234375,2057195
2019-10-01,276.0,276.8500061035156,267.3500061035156,270.6499938964844,256.32928466796875,3532083
2019-10-03,270.0,274.3500061035156,268.5,272.75,258.31817626953125,1509727
2019-10-04,274.1000061035156,274.8999938964844,262.6499938964844,266.20001220703125,252.11477661132812,3182068
2019-10-07,267.75,269.1000061035156,262.8500061035156,265.70001220703125,251.6412353515625,1072461
2019-10-09,266.1000061035156,271.6499938964844,264.25,269.95001220703125,255.66635131835938,2022400
2019-10-10,269.8999938964844,272.45001220703125,265.1000061035156,266.6499938964844,252.5409698486328,880540
2019-10-11,268.25,273.8999938964844,265.8500061035156,272.04998779296875,257.65521240234375,3586098
2019-10-14,274.0,277.79998779296875,273.0,275.75,261.1594543457031,2040226
2019-10-15,277.45001220703125,278.45001220703125,273.79998779296875,277.75,263.0535888671875,1009890
2019-10-16,277.8999938964844,279.0,273.70001220703125,275.54998779296875,260.9700012207031,814304
2019-10-17,276.3500061035156,280.25,271.75,279.45001220703125,264.6637268066406,1981158
2019-10-18,279.3999938964844,285.20001220703125,275.79998779296875,282.0,267.0787658691406,3298797
2019-10-22,283.3500061035156,287.8999938964844,280.54998779296875,281.75,266.8419494628906,1998064
2019-10-23,284.0,284.6000061035156,277.0,278.8500061035156,264.0954284667969,1218611
2019-10-24,279.0,285.0,278.1000061035156,281.1000061035156,266.22637939453125,1320404
2019-10-25,281.95001220703125,281.95001220703125,277.3500061035156,279.6000061035156,264.80572509765625,1338263
2019-10-27,279.6000061035156,281.6499938964844,278.1499938964844,279.8500061035156,265.0425109863281,277638
2019-10-29,281.8500061035156,288.0,278.70001220703125,283.3999938964844,268.4046630859375,2690746
2019-10-30,288.0,295.0,284.70001220703125,291.75,276.3128356933594,5628792
2019-10-31,290.0,319.79998779296875,283.70001220703125,317.0,300.226806640625,21060789
2019-11-01,316.79998779296875,322.5,304.29998779296875,304.95001220703125,288.814453125,9141707
2019-11-04,305.1000061035156,312.25,301.3999938964844,306.6000061035156,290.3771057128906,5879974
2019-11-05,306.6000061035156,308.1499938964844,299.54998779296875,300.5,284.5998840332031,2621087
2019-11-06,300.0,305.79998779296875,299.0,299.8999938964844,284.0316162109375,3708046
2019-11-07,300.5,302.5,296.29998779296875,300.8500061035156,284.93133544921875,2003799
2019-11-08,299.0,299.0,294.0,295.20001220703125,279.580322265625,4689759
2019-11-11,292.0,297.45001220703125,292.0,294.95001220703125,279.3435363769531,3794293
2019-11-13,296.20001220703125,296.70001220703125,287.3999938964844,289.5,274.1819152832031,2579434
2019-11-14,287.0,296.8500061035156,285.25,295.5,279.86444091796875,4984429
2019-11-15,295.54998779296875,302.5,295.54998779296875,297.75,281.99542236328125,3644187
2019-11-18,296.5,307.0,296.5,305.29998779296875,289.1458740234375,3635065
2019-11-19,306.45001220703125,308.3999938964844,300.8999938964844,302.5,286.4940185546875,1672538
2019-11-20,304.8999938964844,307.8999938964844,301.0,306.79998779296875,290.5664978027344,2044550
2019-11-21,306.79998779296875,311.95001220703125,300.3500061035156,301.79998779296875,285.8310546875,2983373
2019-11-22,303.0,303.0,296.70001220703125,299.6000061035156,283.74749755859375,2167799
2019-11-25,299.8999938964844,305.6499938964844,299.04998779296875,302.1499938964844,286.1625671386719,1483132
2019-11-26,303.79998779296875,305.04998779296875,298.04998779296875,299.5,283.6527404785156,2171513
2019-11-27,301.0,308.70001220703125,298.70001220703125,307.3500061035156,291.0874328613281,2647248
2019-11-28,308.1000061035156,321.75,307.5,318.70001220703125,301.8369140625,8388284
2019-11-29,318.0,324.8999938964844,314.54998779296875,323.1499938964844,306.0514221191406,4891923
2019-12-02,324.79998779296875,325.29998779296875,316.0,316.79998779296875,300.03741455078125,2025042
2019-12-03,316.20001220703125,316.79998779296875,310.20001220703125,314.3999938964844,297.764404296875,1564692
2019-12-04,312.20001220703125,319.95001220703125,311.6499938964844,318.8999938964844,302.0262451171875,1659772
2019-12-05,321.29998779296875,321.95001220703125,312.5,315.6000061035156,298.90087890625,2887465
2019-12-06,316.0,319.8500061035156,312.5,313.75,297.1488037109375,1692801
2019-12-09,312.1000061035156,317.0,311.54998779296875,315.45001220703125,298.75885009765625,1118398
2019-12-10,316.0,317.0,311.3500061035156,312.8500061035156,296.29638671875,1292439
2019-12-11,311.5,315.5,309.3500061035156,314.3500061035156,297.717041015625,1854516
2019-12-12,314.6000061035156,327.54998779296875,314.3500061035156,323.54998779296875,306.4302062988281,5568413
2019-12-13,323.8999938964844,330.04998779296875,321.6000061035156,328.04998779296875,310.692138671875,4606412
2019-12-16,329.0,329.3999938964844,320.54998779296875,322.25,305.1990051269531,2144758
2019-12-17,323.79998779296875,329.8999938964844,322.54998779296875,325.1499938964844,307.94561767578125,2918086
2019-12-18,325.0,326.45001220703125,304.6000061035156,312.3500061035156,295.8228759765625,4790723
2019-12-19,312.3999938964844,316.3500061035156,309.1000061035156,313.95001220703125,297.33819580078125,5360691
2019-12-20,313.3500061035156,315.0,311.25,312.6499938964844,296.1069641113281,1799384
2019-12-23,318.20001220703125,322.8999938964844,313.70001220703125,314.8999938964844,298.2378845214844,6065714
2019-12-24,315.04998779296875,318.3999938964844,312.5,315.3500061035156,298.6640930175781,1933222
2019-12-26,315.0,319.70001220703125,312.04998779296875,312.8999938964844,296.3437194824219,3323173
2019-12-27,314.0,319.5,313.0,318.45001220703125,301.60009765625,2357762
2019-12-30,318.45001220703125,322.75,317.04998779296875,321.3999938964844,304.3940124511719,2910244
2019-12-31,321.3999938964844,326.0,319.6000061035156,321.3500061035156,304.34661865234375,2616389
2020-01-01,321.3500061035156,324.75,318.6499938964844,323.8500061035156,306.7143859863281,1514293
2020-01-02,323.6000061035156,327.45001220703125,321.1000061035156,323.3500061035156,306.2408142089844,3091351
2020-01-03,323.79998779296875,323.79998779296875,317.0,318.20001220703125,301.3633117675781,1718884
2020-01-06,315.25,318.1499938964844,310.3999938964844,312.1000061035156,295.58612060546875,1712158
2020-01-07,314.0,319.3999938964844,312.0,314.8999938964844,298.2378845214844,2146089
2020-01-08,312.20001220703125,317.3500061035156,311.5,316.25,299.5164794921875,1521535
2020-01-09,318.04998779296875,330.0,317.3999938964844,328.54998779296875,311.1656188964844,4302141
2020-01-10,329.8999938964844,343.29998779296875,329.04998779296875,341.3500061035156,323.28839111328125,10109760
2020-01-13,343.0,353.8500061035156,342.04998779296875,352.95001220703125,334.274658203125,7399348
2020-01-14,360.5,392.0,358.0,389.6000061035156,368.9853820800781,44997621
2020-01-15,389.5,395.95001220703125,385.0,391.45001220703125,370.7375183105469,24437080
2020-01-16,392.5,393.0,382.20001220703125,384.25,363.9184875488281,12118796
2020-01-17,383.70001220703125,384.0,376.6000061035156,380.29998779296875,360.177490234375,5495593
2020-01-20,380.29998779296875,385.5,377.1000061035156,383.1499938964844,362.8766784667969,7618479
2020-01-21,382.0,389.3999938964844,379.04998779296875,385.79998779296875,365.38641357421875,5981471
2020-01-22,388.8500061035156,388.8500061035156,382.20001220703125,385.04998779296875,364.6761169433594,4148230
2020-01-23,385.0,399.45001220703125,383.3999938964844,393.25,372.4422302246094,11073810
2020-01-24,394.75,394.75,383.75,384.6000061035156,364.25,6033580
2020-01-27,383.79998779296875,389.3999938964844,380.45001220703125,382.3999938964844,362.1663513183594,3735041
2020-01-28,382.79998779296875,387.6000061035156,378.25,380.70001220703125,360.5563049316406,2710063
2020-01-29,384.8999938964844,393.29998779296875,382.25,383.45001220703125,363.1607971191406,6500722
2020-01-30,385.70001220703125,385.79998779296875,380.1499938964844,381.6000061035156,361.4086608886719,2297423
2020-01-31,382.6000061035156,386.6499938964844,380.0,383.3999938964844,363.1134338378906,2681230
2020-02-03,373.75,382.0,367.5,378.8500061035156,358.8041687011719,3318729
2020-02-04,384.0,384.0,375.54998779296875,379.8999938964844,359.79864501953125,5327138
2020-02-05,382.0,408.0,381.0,394.6000061035156,373.7208557128906,23579395
2020-02-06,396.0,397.3500061035156,387.3500061035156,392.04998779296875,371.3056945800781,4985380
2020-02-07,391.1000061035156,404.0,390.54998779296875,396.70001220703125,375.709716796875,11308676
2020-02-10,398.45001220703125,398.45001220703125,388.3500061035156,392.29998779296875,371.54248046875,3145276
2020-02-11,395.0,399.0,389.25,390.6000061035156,369.9324645996094,4171668
2020-02-12,391.70001220703125,396.75,391.6000061035156,395.1499938964844,374.24169921875,4018932
2020-02-13,394.54998779296875,397.8500061035156,389.54998779296875,392.54998779296875,371.779296875,2860031
2020-02-14,393.0,400.0,390.5,396.8999938964844,375.89910888671875,4733600
2020-02-17,397.70001220703125,401.8999938964844,375.8500061035156,381.04998779296875,360.88775634765625,9537335
2020-02-18,380.0,386.5,373.20001220703125,382.0,361.7874755859375,7402772
2020-02-19,383.0,386.3500061035156,377.6000061035156,383.1499938964844,362.8766784667969,4326781
2020-02-20,383.1499938964844,384.95001220703125,379.1000061035156,380.5,360.3668518066406,5137245
2020-02-24,378.8999938964844,379.8500061035156,367.75,369.1000061035156,349.570068359375,3017687
2020-02-25,370.5,374.0,365.54998779296875,369.0,349.4753723144531,3659466
2020-02-26,367.6000061035156,370.1499938964844,361.20001220703125,365.6499938964844,346.3026123046875,2808589
2020-02-27,364.1000061035156,365.6499938964844,360.25,363.29998779296875,344.0769348144531,1827751
2020-02-28,357.95001220703125,357.95001220703125,341.54998779296875,346.1499938964844,327.83441162109375,4494646
2020-03-02,351.04998779296875,355.25,333.6000061035156,338.79998779296875,320.87335205078125,3837169
2020-03-03,340.6000061035156,357.70001220703125,340.6000061035156,355.29998779296875,336.5002746582031,4204156
2020-03-04,356.20001220703125,357.6000061035156,339.0,349.20001220703125,330.7230529785156,2331888
2020-03-05,353.75,357.1000061035156,347.0,348.5,330.06005859375,1890082
2020-03-06,340.0,346.8999938964844,334.1499938964844,344.5,326.271728515625,4469801
2020-03-09,338.0,340.8500061035156,319.1499938964844,330.1000061035156,312.6336669921875,5653362
2020-03-11,326.8500061035156,337.75,325.0,327.8500061035156,310.5027160644531,3475867
2020-03-12,320.0,320.0,297.20001220703125,303.45001220703125,287.393798828125,5401010
2020-03-13,273.54998779296875,327.79998779296875,258.0,324.25,307.09320068359375,7428473
2020-03-16,305.29998779296875,314.29998779296875,296.6000061035156,300.29998779296875,284.41046142578125,3695134
2020-03-17,305.0,308.70001220703125,282.0,283.8500061035156,268.83087158203125,3307243
2020-03-18,285.0,288.6000061035156,262.0,267.45001220703125,253.2986602783203,4036479
2020-03-19,258.0,265.5,232.25,250.75,237.4822235107422,6319631
2020-03-20,247.0,273.3999938964844,244.5,264.20001220703125,250.22056579589844,3907591
2020-03-23,240.0,247.89999389648438,225.0,226.5,214.51536560058594,2922955
2020-03-24,249.14999389648438,256.1000061035156,213.6999969482422,249.0500030517578,235.87222290039062,6049682
2020-03-25,248.10000610351562,282.45001220703125,246.89999389648438,277.1499938964844,262.4853820800781,3964369
2020-03-26,279.5,293.54998779296875,263.45001220703125,279.04998779296875,264.2848205566406,3335026
2020-03-27,290.0,294.95001220703125,279.25,284.75,269.6832275390625,2980925
2020-03-30,282.5,284.0,272.6499938964844,281.3999938964844,266.5104675292969,2901681
2020-03-31,291.5,297.0,284.8500061035156,294.8500061035156,279.2488708496094,3269934
2020-04-01,292.8500061035156,304.0,277.3500061035156,280.0,265.1845703125,5532600
2020-04-03,286.0,286.0,264.0,267.1499938964844,253.0144500732422,5990371
2020-04-07,280.0,286.75,271.0,284.54998779296875,269.4938049316406,6492026
2020-04-08,282.70001220703125,296.0,276.70001220703125,294.3999938964844,278.8226318359375,5331494
2020-04-09,301.3999938964844,319.0,300.20001220703125,309.04998779296875,292.6974182128906,7699408
2020-04-13,315.0,315.0,301.1000061035156,305.04998779296875,288.90911865234375,3699539
2020-04-15,311.1000061035156,322.75,305.0,315.6499938964844,298.9482116699219,5721837
2020-04-16,317.8500061035156,333.70001220703125,315.6499938964844,324.04998779296875,306.9037780761719,8211111
2020-04-17,334.95001220703125,336.3999938964844,316.8500061035156,324.5,307.3299560546875,4845904
2020-04-20,324.6000061035156,332.8500061035156,321.1499938964844,324.70001220703125,307.5194091796875,3621443
2020-04-21,318.0,320.0,311.0,312.3999938964844,295.8702087402344,3462472
2020-04-22,314.6499938964844,335.45001220703125,310.0,330.1499938964844,312.6810302734375,4645157
2020-04-23,338.0,339.79998779296875,325.29998779296875,329.95001220703125,312.4916076660156,3747875
2020-04-24,323.0,336.8500061035156,323.0,326.1000061035156,308.8453369140625,5438849
2020-04-27,331.95001220703125,351.3500061035156,331.25,349.3500061035156,330.8650817871094,7426420
2020-04-28,352.8500061035156,355.6000061035156,340.45001220703125,342.8999938964844,324.7563781738281,3767231
2020-04-29,343.0,356.0,343.0,354.0,335.2690734863281,3653489
2020-04-30,359.95001220703125,361.3999938964844,349.8500061035156,351.6000061035156,332.9960632324219,4760235
2020-05-04,340.0,347.20001220703125,333.0,334.95001220703125,317.22705078125,3385449
2020-05-05,339.0,342.8999938964844,327.8500061035156,329.5,312.0654296875,2833246
2020-05-06,331.45001220703125,341.20001220703125,325.6499938964844,335.54998779296875,317.7952880859375,3642687
2020-05-07,335.95001220703125,344.6000061035156,328.79998779296875,341.29998779296875,323.24102783203125,3605449
2020-05-08,347.0,355.5,344.1000061035156,348.75,330.2968444824219,3247800
2020-05-11,353.8500061035156,365.0,349.04998779296875,355.0,336.2161560058594,4792044
2020-05-12,354.45001220703125,363.29998779296875,346.6499938964844,358.70001220703125,339.7203674316406,3257800
2020-05-13,375.0,375.0,348.5,356.3500061035156,337.4947509765625,8536848
2020-05-14,350.0,364.5,350.0,362.79998779296875,343.6033935546875,5120801
2020-05-15,353.1000061035156,367.75,349.1000061035156,352.20001220703125,333.5643310546875,9452893
2020-05-18,351.20001220703125,355.79998779296875,343.3999938964844,347.1000061035156,328.7342224121094,4181440
2020-05-19,350.8999938964844,363.0,349.25,358.04998779296875,339.104736328125,5696557
2020-05-20,359.6000061035156,363.79998779296875,356.54998779296875,360.75,341.6618957519531,3489683
2020-05-21,363.8999938964844,366.3999938964844,355.29998779296875,360.29998779296875,341.2357177734375,3883173
2020-05-22,361.54998779296875,366.95001220703125,356.20001220703125,362.45001220703125,343.27197265625,3956328
2020-05-26,366.79998779296875,376.45001220703125,360.0,371.95001220703125,352.269287109375,7728662
2020-05-27,374.6000061035156,375.70001220703125,362.20001220703125,368.54998779296875,349.0491943359375,3384187
2020-05-28,367.95001220703125,373.3999938964844,366.0,371.1499938964844,351.5115661621094,3390919
2020-05-29,370.54998779296875,382.79998779296875,357.3500061035156,366.8999938964844,347.4864807128906,63551245
2020-06-01,368.5,369.3999938964844,359.5,362.8500061035156,343.6507568359375,9637108
2020-06-02,362.8500061035156,370.0,361.29998779296875,367.45001220703125,348.0074157714844,2638814
2020-06-03,372.0,372.0,364.54998779296875,366.6499938964844,347.2497253417969,4027578
2020-06-04,369.5,383.5,366.0,381.5,361.3139953613281,4535651
2020-06-05,384.0,387.79998779296875,377.0,379.75,359.65655517578125,3140410
2020-06-08,384.0,385.95001220703125,377.54998779296875,379.45001220703125,359.3724670410156,1565959
2020-06-09,382.0,388.8500061035156,379.5,384.25,363.9184875488281,2635455
2020-06-10,385.95001220703125,393.95001220703125,380.20001220703125,384.6499938964844,364.29730224609375,3409451
2020-06-11,386.0,386.5,374.3999938964844,375.79998779296875,355.91558837890625,2855842
2020-06-12,365.1000061035156,373.04998779296875,365.1000061035156,371.0,351.36956787109375,3179703
2020-06-15,371.5,379.95001220703125,366.3999938964844,370.0,350.4225158691406,2293579
2020-06-16,376.0,377.95001220703125,360.25,369.04998779296875,349.522705078125,2343185
2020-06-17,366.0,373.25,366.0,369.6000061035156,350.04364013671875,2556896
2020-06-18,367.79998779296875,374.0,365.0,372.1499938964844,355.02032470703125,1929487
2020-06-19,373.8500061035156,383.0,373.3500061035156,377.29998779296875,359.9333190917969,4249130
2020-06-22,383.0,385.1499938964844,377.6000061035156,381.1000061035156,363.55841064453125,2623125
2020-06-23,383.8999938964844,391.8999938964844,382.0,390.8500061035156,372.8595886230469,3834436
2020-06-24,391.8999938964844,394.8999938964844,379.3500061035156,383.1000061035156,365.4663391113281,3889495
2020-06-25,380.0,389.3999938964844,377.6000061035156,384.0,366.324951171875,1961912
2020-06-26,387.1000061035156,388.95001220703125,382.5,385.6499938964844,367.8989562988281,1759164
2020-06-29,387.04998779296875,392.29998779296875,382.1499938964844,386.54998779296875,368.757568359375,2764272
2020-06-30,388.0,391.79998779296875,385.8999938964844,387.45001220703125,369.6161193847656,1860920
2020-07-01,385.0,388.5,380.5,384.5,366.80194091796875,1611560
2020-07-02,385.0,395.0,384.54998779296875,390.79998779296875,372.8118591308594,2607208
2020-07-03,395.0,402.29998779296875,392.6499938964844,396.45001220703125,378.2018737792969,3223088
2020-07-06,400.04998779296875,408.45001220703125,397.29998779296875,405.70001220703125,387.0260925292969,4073356
2020-07-07,408.3999938964844,414.3999938964844,403.70001220703125,412.70001220703125,393.70391845703125,4087677
2020-07-08,416.1499938964844,436.29998779296875,414.8500061035156,432.3999938964844,412.4971008300781,6978394
2020-07-09,433.04998779296875,437.29998779296875,428.8500061035156,433.3500061035156,413.4034118652344,2808348
2020-07-10,429.54998779296875,437.75,428.6499938964844,430.1000061035156,410.3030090332031,3765369
2020-07-13,430.1000061035156,433.54998779296875,422.0,424.45001220703125,404.91302490234375,2552387
2020-07-14,420.0,426.45001220703125,417.5,419.3500061035156,400.0478210449219,3232206
2020-07-15,422.8500061035156,423.1000061035156,411.3500061035156,413.04998779296875,394.0377502441406,2076567
2020-07-16,415.3999938964844,415.79998779296875,407.1499938964844,410.29998779296875,391.414306640625,2027078
2020-07-17,411.3999938964844,424.5,411.0,423.0,403.5298156738281,2740774
2020-07-20,426.70001220703125,426.70001220703125,417.95001220703125,423.1000061035156,403.6252136230469,1680893
2020-07-21,424.0,424.75,408.3999938964844,409.45001220703125,390.603515625,2752464
2020-07-22,410.0,417.3999938964844,404.0,407.0,388.2662658691406,2619808
2020-07-23,409.6000061035156,412.3500061035156,402.70001220703125,404.3999938964844,385.7859191894531,2992496
2020-07-24,404.70001220703125,415.0,402.3500061035156,408.45001220703125,389.6495361328125,3124083
2020-07-27,408.45001220703125,414.0,404.29998779296875,408.45001220703125,389.6495361328125,3132821
2020-07-28,409.95001220703125,416.3999938964844,409.0,413.04998779296875,394.0377502441406,3500423
2020-07-29,417.0,429.8999938964844,417.0,427.70001220703125,408.0134582519531,5938179
2020-07-30,430.3999938964844,432.0,421.54998779296875,424.8999938964844,405.34234619140625,1866344
2020-07-31,425.0,434.0,425.0,428.04998779296875,408.3473205566406,3115208
2020-08-03,428.95001220703125,440.0,427.70001220703125,434.1000061035156,414.1188659667969,2917293
2020-08-04,439.3999938964844,452.29998779296875,436.0,449.75,429.0484924316406,6816080
2020-08-05,465.0,471.79998779296875,440.29998779296875,447.6000061035156,426.99749755859375,20178067
2020-08-06,450.0,489.0,449.04998779296875,484.75,462.4374694824219,15882211
2020-08-07,487.6000061035156,529.9500122070312,482.70001220703125,518.5999755859375,494.7294616699219,30560068
2020-08-10,520.9500122070312,526.0,510.70001220703125,520.2999877929688,496.3511962890625,6832824
2020-08-11,524.5,527.9000244140625,514.2999877929688,515.9000244140625,492.1536865234375,4690222
2020-08-12,515.2000122070312,522.0,509.1499938964844,517.5499877929688,493.72772216796875,3883832
2020-08-13,520.0,543.0,518.5499877929688,539.0499877929688,514.2380981445312,7877135
2020-08-14,541.9500122070312,544.5,530.5499877929688,537.5,512.7595825195312,5921905
2020-08-17,541.1500244140625,548.0,538.2999877929688,543.75,518.7216796875,5044171
2020-08-18,545.5499877929688,553.4000244140625,542.5,545.75,520.6297607421875,3328153
2020-08-19,547.4500122070312,551.0999755859375,542.3499755859375,548.2000122070312,522.9669799804688,3597622
2020-08-20,541.4000244140625,553.2000122070312,540.0499877929688,549.25,523.9686889648438,4812366
2020-08-21,553.0,556.9500122070312,544.1500244140625,545.7999877929688,520.6774291992188,2953395
2020-08-24,546.5,550.0,543.5499877929688,545.5499877929688,520.4389038085938,2123227
2020-08-25,547.4000244140625,547.7000122070312,541.25,545.5499877929688,520.4389038085938,1850446
2020-08-26,544.9000244140625,561.4000244140625,544.7000122070312,549.1500244140625,523.873291015625,5778027
2020-08-27,552.7999877929688,553.8499755859375,543.5,544.6500244140625,519.5804443359375,2572048
2020-08-28,547.9000244140625,555.8499755859375,544.0,547.0499877929688,521.8699951171875,2692860
2020-08-31,549.0,552.3499755859375,528.2000122070312,532.3499755859375,507.8465576171875,5541983
2020-09-01,526.0,549.7999877929688,526.0,548.5,523.253173828125,3854978
2020-09-02,552.0,556.0,542.0999755859375,549.8499755859375,524.5409545898438,4042692
2020-09-03,548.5,591.9500122070312,548.5,578.5,551.872314453125,12052237
2020-09-04,568.9500122070312,587.4000244140625,566.5999755859375,569.0499877929688,542.8572998046875,6461042
2020-09-07,570.0,572.0,542.0,545.2999877929688,520.200439453125,5253648
2020-09-08,547.2000122070312,548.7000122070312,533.6500244140625,538.3499755859375,513.5703735351562,3891628
2020-09-09,534.0,540.9000244140625,529.1500244140625,534.75,510.13604736328125,4391991
2020-09-10,538.0,548.9000244140625,534.1500244140625,546.5499877929688,521.3928833007812,3787048
2020-09-11,549.7999877929688,553.0,540.9500122070312,548.4000244140625,523.1577758789062,3451466
2020-09-14,552.0,555.2000122070312,543.4000244140625,546.5,521.3451538085938,2809233
2020-09-15,547.0,550.5,540.5,542.3499755859375,517.3861694335938,1812894
2020-09-16,541.9500122070312,546.3499755859375,537.5499877929688,542.4000244140625,517.4339599609375,2127916
2020-09-17,542.0,552.0,533.1500244140625,548.2999877929688,523.0624389648438,3725291
2020-09-18,551.0499877929688,553.25,537.2999877929688,540.5999755859375,515.7167358398438,9395417
2020-09-21,540.5999755859375,542.2999877929688,502.0,507.75,484.37884521484375,3886296
2020-09-22,504.45001220703125,511.70001220703125,490.3999938964844,504.3999938964844,481.1830139160156,5113511
2020-09-23,506.0,510.8999938964844,490.0,493.54998779296875,470.83245849609375,4284285
2020-09-24,489.8999938964844,492.8500061035156,478.0,488.6499938964844,466.15802001953125,9646972
2020-09-25,498.79998779296875,512.0,495.29998779296875,509.79998779296875,486.33447265625,5153385
2020-09-28,514.0,522.0,503.54998779296875,517.0,493.2030029296875,5554154
2020-09-29,519.5999755859375,527.0,500.1000061035156,503.25,480.08599853515625,4918324
2020-09-30,507.0,515.5,495.54998779296875,499.95001220703125,476.9378356933594,6252142
2020-10-01,508.54998779296875,511.20001220703125,499.1000061035156,509.1000061035156,485.6667175292969,3070361
2020-10-05,513.4000244140625,513.4000244140625,502.1000061035156,503.54998779296875,480.37213134765625,2023148
2020-10-06,507.0,513.5,502.8500061035156,505.6000061035156,482.32781982421875,2973460
2020-10-07,507.0,511.0,501.6000061035156,505.04998779296875,481.8031005859375,2157212
2020-10-08,506.79998779296875,508.29998779296875,485.0,488.25,465.7763977050781,5419695
2020-10-09,490.20001220703125,493.04998779296875,470.04998779296875,471.25,449.55889892578125,6721697
2020-10-12,474.5,483.6000061035156,470.3500061035156,474.70001220703125,452.85009765625,4422520
2020-10-13,473.79998779296875,477.5,467.04998779296875,468.95001220703125,447.3647155761719,2260650
2020-10-14,468.70001220703125,491.3999938964844,463.54998779296875,489.79998779296875,467.2550354003906,8021621
2020-10-15,493.0,494.20001220703125,471.0,474.1000061035156,452.2777404785156,4700083
2020-10-16,478.75,486.70001220703125,475.04998779296875,477.1000061035156,455.1396484375,4313466
2020-10-19,481.8999938964844,484.25,472.04998779296875,475.8500061035156,453.9471740722656,3162037
2020-10-20,476.0,484.0,475.1499938964844,477.8999938964844,455.9028015136719,2736592
2020-10-21,479.70001220703125,482.29998779296875,458.95001220703125,465.29998779296875,443.8827209472656,4907120
2020-10-22,465.6499938964844,470.5,460.45001220703125,466.20001220703125,444.7413635253906,3460945
2020-10-23,469.95001220703125,474.0,466.20001220703125,472.79998779296875,451.0375671386719,2619194
2020-10-26,474.8999938964844,484.29998779296875,470.1499938964844,476.95001220703125,454.9965515136719,6102517
2020-10-27,478.0,501.6499938964844,478.0,498.75,475.7930908203125,10455291
2020-10-28,501.79998779296875,504.79998779296875,489.54998779296875,492.8500061035156,470.1647033691406,5195173
2020-10-29,488.6000061035156,495.3999938964844,484.29998779296875,492.0,469.353759765625,4365903
2020-10-30,494.0,500.29998779296875,488.8999938964844,492.8500061035156,470.1647033691406,4403196
2020-11-02,494.0,498.20001220703125,488.29998779296875,493.75,471.02325439453125,6105178
2020-11-03,497.79998779296875,504.54998779296875,488.29998779296875,489.5,466.9688720703125,8103580
2020-11-04,491.0,498.54998779296875,489.0,492.75,470.06927490234375,5024804
2020-11-05,497.0,509.20001220703125,495.8500061035156,506.45001220703125,483.138671875,5208756
2020-11-06,507.75,510.3500061035156,501.45001220703125,504.20001220703125,480.99224853515625,3209659
2020-11-09,511.0,517.8499755859375,505.5,509.8500061035156,486.3821716308594,6179187
2020-11-10,511.20001220703125,513.5,495.0,498.3999938964844,475.4591979980469,3255303
2020-11-11,499.5,504.8999938964844,495.0,503.45001220703125,480.2767639160156,2912596
2020-11-12,505.0,512.5,502.20001220703125,508.75,485.3327941894531,2737879
2020-11-13,509.79998779296875,519.0,508.20001220703125,513.25,489.62567138671875,4005435
2020-11-14,517.8499755859375,518.9000244140625,515.0,516.1500244140625,492.3922119140625,530739
2020-11-17,518.0,521.8499755859375,513.0999755859375,518.2999877929688,494.44317626953125,2774413
2020-11-18,518.2999877929688,524.0,514.0,516.9000244140625,493.107666015625,3693589
2020-11-19,515.9000244140625,528.0,512.25,515.5999755859375,491.86749267578125,3655576
2020-11-20,520.25,523.7999877929688,515.5999755859375,519.0499877929688,495.15863037109375,2767344
2020-11-23,520.0,534.9000244140625,519.0,521.6500244140625,497.6390380859375,5314636
2020-11-24,524.2000122070312,530.7000122070312,521.6500244140625,526.8499755859375,502.5996398925781,4070241
2020-11-25,529.25,529.4000244140625,508.3999938964844,514.7999877929688,491.10430908203125,2941845
2020-11-26,516.5,523.5999755859375,505.04998779296875,519.8499755859375,495.921875,3566655
2020-11-27,520.7999877929688,545.2999877929688,520.5499877929688,538.0,513.2365112304688,18853563
2020-12-01,554.0,554.0,525.2999877929688,529.2999877929688,504.9368896484375,5105352
2020-12-02,532.0,541.7999877929688,530.0999755859375,539.25,514.4288940429688,3694795
2020-12-03,541.0,552.9000244140625,540.0,550.4000244140625,525.0657958984375,3859218
2020-12-04,552.0,566.9000244140625,549.75,563.5,537.562744140625,4170295
2020-12-07,563.9500122070312,570.0,561.0,567.8499755859375,541.7124633789062,3707125
2020-12-08,570.0,570.0,558.0,562.75,536.8472900390625,2866169
2020-12-09,564.0,570.0,560.3499755859375,565.5,539.4706420898438,2567264
2020-12-10,562.0,584.7000122070312,560.2000122070312,579.9000244140625,553.2078247070312,4578520
2020-12-11,584.7999877929688,589.3499755859375,570.5499877929688,576.4000244140625,549.8690185546875,3441778
2020-12-14,579.7999877929688,583.0,572.0999755859375,577.0,550.4413452148438,2482828
2020-12-15,577.0,580.6500244140625,566.5,571.2999877929688,545.0037841796875,3411634
2020-12-16,574.9000244140625,585.2000122070312,573.7000122070312,583.5999755859375,556.737548828125,3686970
2020-12-17,584.9500122070312,593.4000244140625,575.5499877929688,577.2999877929688,550.7275390625,3608243
2020-12-18,578.0,581.9000244140625,567.5,573.5499877929688,547.150146484375,5068565
2020-12-21,574.0,579.9500122070312,553.7000122070312,562.75,536.8472900390625,4816486
2020-12-22,559.7999877929688,578.0499877929688,551.0,576.0,549.4873046875,3264707
2020-12-23,577.7999877929688,606.8499755859375,573.0499877929688,605.2999877929688,577.438720703125,7582654
2020-12-24,615.0,616.0999755859375,597.0499877929688,601.0,573.3366088867188,5295707
2020-12-28,607.7000122070312,611.9500122070312,599.2000122070312,602.4500122070312,574.7199096679688,2351027
2020-12-29,607.7000122070312,607.7000122070312,593.2000122070312,598.5999755859375,571.0470581054688,2114428
2020-12-30,598.7999877929688,604.0,590.0499877929688,594.3499755859375,566.99267578125,2297999
2020-12-31,597.4500122070312,599.75,587.0,589.9000244140625,562.74755859375,2322873
2021-01-01,593.0,606.7999877929688,591.0,601.5,573.8135986328125,3606724
2021-01-04,606.9500122070312,606.9500122070312,597.5,604.0,576.1985473632812,2120531
2021-01-05,604.0,614.2999877929688,601.0999755859375,609.5499877929688,581.4931030273438,3813409
2021-01-06,613.0,613.7999877929688,595.4000244140625,604.9500122070312,577.1048583984375,2167700
2021-01-07,609.7000122070312,610.2999877929688,598.5499877929688,600.8499755859375,573.1935424804688,2195640
2021-01-08,606.7999877929688,612.5,602.5999755859375,609.5499877929688,581.4931030273438,3458752
2021-01-11,613.0,632.7999877929688,609.5,629.0,600.0478515625,6360644
2021-01-12,632.5999755859375,634.9000244140625,620.0,624.2999877929688,595.564208984375,4562628
2021-01-13,626.7999877929688,633.0,611.2999877929688,620.4000244140625,591.8436889648438,3660044
2021-01-14,622.9000244140625,623.0,608.6500244140625,614.0,585.73828125,3576000
2021-01-15,610.0,613.5,595.0,602.4000244140625,574.6722412109375,4492648
2021-01-18,601.5,601.5,581.0,584.75,557.8346557617188,3346718
2021-01-19,590.0,591.0,577.3499755859375,582.7000122070312,555.8789672851562,5743934
2021-01-20,588.0,602.7000122070312,583.5999755859375,596.6500244140625,569.1868896484375,6156865
2021-01-21,603.4000244140625,612.75,590.0499877929688,595.25,567.851318359375,4506198
2021-01-22,599.2000122070312,606.9000244140625,582.5999755859375,584.75,557.8346557617188,4307126
2021-01-25,587.7999877929688,589.8499755859375,570.0,573.5999755859375,547.1978149414062,2016556
2021-01-27,573.0,588.5499877929688,566.5499877929688,572.6500244140625,546.29150390625,3662455
2021-01-28,571.9000244140625,576.0,561.5,564.5999755859375,538.612060546875,4769073
2021-01-29,574.0,574.0,554.25,559.7999877929688,534.0330200195312,3593336
2021-02-01,563.0,588.75,554.3499755859375,584.1500244140625,557.2622680664062,4707518
2021-02-02,590.0,596.4000244140625,567.1500244140625,575.3499755859375,548.8671875,5713446
2021-02-03,589.0,598.0,571.0,580.1500244140625,553.4464111328125,10599727
2021-02-04,585.0,590.0,577.5499877929688,588.0499877929688,560.982666015625,3816120
2021-02-05,593.9000244140625,600.0,589.2000122070312,592.5,565.2278442382812,5918498
2021-02-08,595.0,604.7999877929688,594.9000244140625,597.0999755859375,569.6161499023438,3970852
2021-02-09,597.0,607.5,594.5499877929688,598.7000122070312,571.1425170898438,3072281
2021-02-10,600.75,605.9500122070312,597.2999877929688,600.75,573.0982055664062,2435907
2021-02-11,603.2999877929688,622.0,598.3499755859375,610.3499755859375,582.2562255859375,7033762
2021-02-12,616.2000122070312,616.2000122070312,603.5,607.5,579.5374145507812,3621853
2021-02-15,608.0,625.5,607.4000244140625,623.0999755859375,594.4193725585938,3234989
2021-02-16,629.9000244140625,634.9500122070312,617.5499877929688,628.3499755859375,599.4277954101562,6418986
2021-02-17,636.0,645.7000122070312,624.25,632.1500244140625,603.0529174804688,8556599
2021-02-18,637.4500122070312,643.4000244140625,621.1500244140625,624.0,595.2779541015625,4457424
2021-02-19,624.0,626.0999755859375,610.4500122070312,616.9500122070312,588.552490234375,3013104
2021-02-22,619.0,623.5499877929688,612.0,618.2999877929688,589.8402709960938,3020000
2021-02-23,619.9000244140625,635.0,616.0,627.5,598.6168823242188,4222282
2021-02-24,654.0,654.0,615.0,625.9500122070312,597.1381225585938,10479819
2021-02-25,628.9000244140625,639.1500244140625,624.3499755859375,628.5,599.5709228515625,4977348
2021-02-26,625.0,625.9000244140625,604.5,609.1500244140625,581.111572265625,5547291
2021-03-01,614.9000244140625,628.5,609.2000122070312,624.5499877929688,595.8026123046875,2530243
2021-03-02,628.5,636.0,622.0,632.3499755859375,603.24365234375,3051386
2021-03-03,635.0,648.0,633.0,636.9000244140625,607.584228515625,3601961
2021-03-04,634.9000244140625,643.8499755859375,628.7999877929688,631.0999755859375,602.0511474609375,2621353
2021-03-05,633.7000122070312,643.5,618.0,622.6500244140625,593.9901123046875,2839628
2021-03-08,626.9000244140625,628.2000122070312,615.0,616.0499877929688,587.69384765625,1939925
2021-03-09,618.7999877929688,620.9000244140625,602.0,611.7000122070312,583.544189453125,3065358
2021-03-10,616.7999877929688,623.6500244140625,615.0,620.9500122070312,592.3683471679688,2778304
2021-03-12,623.0,624.7999877929688,613.4000244140625,615.25,586.9307250976562,1884687
2021-03-15,617.0999755859375,618.7999877929688,602.4000244140625,607.6500244140625,579.6806640625,2765564
2021-03-16,611.5499877929688,618.0,608.5,610.6500244140625,582.54248046875,2480801
2021-03-17,612.0,612.4000244140625,600.0999755859375,603.3499755859375,575.5784912109375,2263020
2021-03-18,606.0,608.2000122070312,587.0,594.9000244140625,567.5174560546875,3387208
2021-03-19,590.0,607.6500244140625,577.0499877929688,600.25,572.6211547851562,4874177
2021-03-22,603.0,623.0499877929688,596.25,620.5499877929688,591.9867553710938,3154483
2021-03-23,621.0,640.0,620.5499877929688,634.0999755859375,604.9130249023438,4940745
2021-03-24,632.7999877929688,639.1500244140625,624.6500244140625,629.0999755859375,600.1431884765625,2938251
2021-03-25,634.0,634.2000122070312,611.0,614.8499755859375,586.5491333007812,2981311
2021-03-26,620.0,634.9500122070312,615.0999755859375,628.2999877929688,599.3799438476562,3557256
2021-03-30,630.8499755859375,637.5999755859375,617.5499877929688,628.9000244140625,599.9524536132812,19895244
2021-03-31,630.0,645.7000122070312,630.0,638.9000244140625,609.4921264648438,4424477
2021-04-01,641.0,652.9500122070312,640.6500244140625,650.1500244140625,620.2243041992188,3844057
2021-04-05,651.9500122070312,651.9500122070312,639.2000122070312,644.9500122070312,615.263671875,3568896
2021-04-06,645.2000122070312,679.0,638.0999755859375,674.5499877929688,643.501220703125,7636739
2021-04-07,674.9500122070312,674.9500122070312,659.1500244140625,665.75,635.1063842773438,3898156
2021-04-08,667.0499877929688,677.2000122070312,666.7999877929688,670.7000122070312,639.8284912109375,2477848
2021-04-09,670.0,685.0,665.0,679.7999877929688,648.509521484375,2566543
2021-04-12,675.0,675.5999755859375,650.0,655.5999755859375,625.4234619140625,4201041
2021-04-13,657.0,677.9000244140625,656.0,663.9500122070312,633.38916015625,3065417
2021-04-15,662.7999877929688,674.0,647.1500244140625,659.2999877929688,628.953125,3193956
2021-04-16,662.7999877929688,676.5499877929688,660.2999877929688,671.2999877929688,640.4008178710938,2708331
2021-04-19,662.0,668.7999877929688,651.5,664.0999755859375,633.5321655273438,2620095
2021-04-20,677.3499755859375,698.0,666.2999877929688,680.0999755859375,648.7957153320312,8230341
2021-04-22,680.7000122070312,680.7000122070312,663.0,665.5,634.8677368164062,3013453
2021-04-23,667.0,675.7000122070312,661.0,664.5999755859375,634.0092163085938,2329094
2021-04-26,667.0,675.0,662.0499877929688,670.2000122070312,639.3515014648438,1845322
2021-04-27,674.9500122070312,679.9000244140625,668.0999755859375,673.7000122070312,642.6903076171875,2258769
2021-04-28,677.0,693.0,675.0,677.1500244140625,645.9815673828125,3900923
2021-04-29,678.3499755859375,680.4500122070312,666.0,671.8499755859375,640.9254760742188,3247095
2021-04-30,671.0,678.0,665.0499877929688,669.5,638.6837158203125,2206232
2021-05-03,661.8499755859375,682.5,661.0,677.0999755859375,645.933837890625,1985777
2021-05-04,681.0,686.2999877929688,641.5499877929688,645.25,615.5499267578125,7400792
2021-05-05,649.0,656.0,640.0499877929688,649.0499877929688,619.1749267578125,3332318
2021-05-06,652.0,654.9500122070312,638.1500244140625,653.0999755859375,623.0385131835938,4000163
2021-05-07,636.0,642.0,614.0,629.0,600.0478515625,14598653
2021-05-10,627.0,636.9500122070312,621.0,633.1500244140625,604.0067749023438,5026811
2021-05-11,628.0,649.9000244140625,625.0,641.5999755859375,612.06787109375,4619231
2021-05-12,645.0,646.7000122070312,631.0999755859375,640.0499877929688,610.589111328125,3137276
2021-05-14,640.5,649.5,638.0499877929688,645.1500244140625,615.4545288085938,2927148
2021-05-17,646.0,657.4000244140625,640.0999755859375,653.2999877929688,623.2293090820312,2659352
2021-05-18,658.0,658.0,648.0,653.0,622.9430541992188,2267368
2021-05-19,652.0,661.0,650.7000122070312,653.2000122070312,623.1339111328125,3202046
2021-05-20,656.0,656.0,640.0999755859375,644.9000244140625,615.2159423828125,2102743
2021-05-21,645.0499877929688,652.5,644.2999877929688,649.7000122070312,619.7949829101562,1833201
2021-05-24,650.0,654.7000122070312,638.5,640.0999755859375,610.636962890625,2669967
2021-05-25,641.0,652.0,641.0,649.9500122070312,620.0335083007812,2085253
2021-05-26,652.0,655.0,640.6500244140625,641.9000244140625,612.3541259765625,2314694
2021-05-27,643.5,652.0,641.1500244140625,648.5499877929688,618.6979370117188,3543940
2021-05-28,650.5,657.7000122070312,646.2999877929688,654.9500122070312,624.8034057617188,2881977
2021-05-31,659.9500122070312,665.0,650.2000122070312,663.8499755859375,633.293701171875,3417033
2021-06-01,665.7999877929688,667.25,656.7999877929688,665.7999877929688,635.1539306640625,2355484
2021-06-02,665.5,674.75,660.1500244140625,673.5499877929688,642.5472412109375,3021421
2021-06-03,676.0,683.0,673.25,680.0,648.7003173828125,2485855
2021-06-04,680.8499755859375,689.9500122070312,675.0,686.9500122070312,655.3304443359375,2398771
2021-06-07,690.0,707.0,687.2999877929688,699.9500122070312,667.7319946289062,3511853
2021-06-08,705.1500244140625,715.4000244140625,701.5999755859375,710.4500122070312,677.7488403320312,3981598
2021-06-09,712.2999877929688,714.8499755859375,700.75,702.8499755859375,670.49853515625,3039558
2021-06-10,704.2999877929688,718.75,704.0,707.7000122070312,678.9898681640625,2571253
2021-06-11,714.1500244140625,717.3499755859375,709.5,715.4000244140625,686.3775024414062,2171601
2021-06-14,715.4000244140625,717.0,702.5999755859375,714.75,685.7538452148438,1798953
2021-06-15,718.0,724.0999755859375,715.4000244140625,719.5,690.3110961914062,2387652
2021-06-16,724.0,737.75,721.0,735.9000244140625,706.0458984375,4134529
2021-06-17,730.5499877929688,747.2999877929688,724.8499755859375,745.0,714.776611328125,4167585
2021-06-18,746.0,747.4500122070312,732.0999755859375,739.7999877929688,709.78759765625,3762934
2021-06-21,729.0,743.9500122070312,727.8499755859375,742.5499877929688,712.4260864257812,1594856
2021-06-22,748.0,758.75,742.3499755859375,756.7000122070312,726.0020141601562,3346784
2021-06-23,760.0,765.0,751.8499755859375,757.8499755859375,727.1052856445312,2952360
2021-06-24,762.0,763.7999877929688,754.0,757.4500122070312,726.7215576171875,1668843
2021-06-25,755.0,763.4500122070312,753.5,757.5999755859375,726.865478515625,1588289
2021-06-28,762.0,769.7000122070312,759.0,765.6500244140625,734.5889892578125,1486902
2021-06-29,766.4000244140625,771.9000244140625,755.8499755859375,758.0499877929688,727.2972412109375,1506378
2021-06-30,765.0,768.3499755859375,749.4000244140625,754.4000244140625,723.7953491210938,1733070
2021-07-01,755.7999877929688,760.0,750.0,756.0499877929688,725.3783569335938,1914434
2021-07-02,757.9000244140625,768.7999877929688,753.2000122070312,763.5999755859375,732.6220703125,1916135
2021-07-05,770.4500122070312,771.5,765.0,766.2999877929688,735.2125244140625,1020895
2021-07-06,768.0,769.0,758.0,762.5999755859375,731.66259765625,1411602
2021-07-07,759.0,766.0499877929688,751.25,763.0499877929688,732.0943603515625,2104914
2021-07-08,762.9500122070312,766.0,757.0,763.2999877929688,732.3342895507812,1540033
2021-07-09,763.0,772.75,759.7000122070312,765.9500122070312,734.8767700195312,1151792
2021-07-12,771.0,786.8499755859375,769.0999755859375,775.9000244140625,744.423095703125,2992685
2021-07-13,780.9000244140625,780.9000244140625,766.7000122070312,772.8499755859375,741.496826171875,1500414
2021-07-14,773.5999755859375,776.7000122070312,763.4000244140625,768.2000122070312,737.0355224609375,1094262
2021-07-15,769.0,774.5999755859375,763.5,772.3499755859375,741.0171508789062,965602
2021-07-16,772.3499755859375,774.9500122070312,761.4000244140625,763.0,732.0464477539062,980383
2021-07-19,761.0,770.0,758.5499877929688,765.5499877929688,734.4929809570312,1695546
2021-07-20,762.0,768.0,747.0,757.0999755859375,726.3856811523438,2195159
2021-07-22,763.5,765.9000244140625,755.0999755859375,764.2000122070312,733.19775390625,1464419
2021-07-23,767.1500244140625,777.0,766.0,775.1500244140625,743.7034912109375,2021122
2021-07-26,780.25,786.0,770.7999877929688,776.3499755859375,744.8547973632812,2154261
2021-07-27,780.4000244140625,788.1500244140625,764.0,769.75,738.5226440429688,2001824
2021-07-28,768.9500122070312,770.0,739.2000122070312,754.9000244140625,724.2750244140625,3112462
2021-07-29,755.0,759.9000244140625,748.5,751.2000122070312,720.7251586914062,1742057
2021-07-30,752.0,762.0,745.2000122070312,756.25,725.5702514648438,1613176
2021-08-02,763.0,771.0,756.5999755859375,759.5499877929688,728.7363891601562,2054226
2021-08-03,760.0,770.75,759.5499877929688,767.6500244140625,736.5078125,2946289
2021-08-04,770.0,770.0,755.1500244140625,758.75,727.9688720703125,5426419
2021-08-05,761.0,770.7000122070312,757.2999877929688,768.3499755859375,737.1793823242188,2469893
2021-08-06,773.0,798.3499755859375,772.0,781.3499755859375,749.6519775390625,7849735
2021-08-09,783.4500122070312,783.4500122070312,763.0,764.8499755859375,733.8212890625,1661739
2021-08-10,765.9000244140625,774.5499877929688,761.0499877929688,771.9000244140625,740.5853881835938,1429806
2021-08-11,771.9000244140625,774.2000122070312,752.0,765.0,733.9652709960938,1391781
2021-08-12,765.6500244140625,776.2000122070312,763.0,774.25,742.8400268554688,880420
2021-08-13,777.0,810.7999877929688,774.2999877929688,807.4500122070312,774.6931762695312,7956492
2021-08-16,807.4000244140625,815.4500122070312,800.0999755859375,802.1500244140625,769.6082153320312,2604160
2021-08-17,805.0,835.0,805.0,832.7999877929688,799.0147705078125,7580699
2021-08-18,839.25,844.8499755859375,830.1500244140625,841.4000244140625,807.2659301757812,3048603
2021-08-20,832.9500122070312,852.4000244140625,826.7000122070312,847.2999877929688,812.926513671875,3782381
2021-08-23,849.6500244140625,849.7000122070312,823.0,832.5,798.7269287109375,2161681
2021-08-24,833.5,840.4500122070312,827.0,836.9000244140625,802.948486328125,1170096
2021-08-25,836.0999755859375,850.6500244140625,833.25,836.0,802.0849609375,1777820
2021-08-26,842.0,856.7999877929688,834.5499877929688,853.2999877929688,818.68310546875,2464570
2021-08-27,853.9500122070312,860.9000244140625,844.0,847.9500122070312,813.5501708984375,2366396
2021-08-30,850.0,862.75,850.0,860.5,825.591064453125,1875514
2021-08-31,862.0,867.7000122070312,856.4500122070312,864.9500122070312,829.8605346679688,2132008
2021-09-01,871.0999755859375,874.7000122070312,852.2999877929688,867.4500122070312,832.2590942382812,2051666
2021-09-02,866.4000244140625,875.0,862.0499877929688,871.4500122070312,836.0968017578125,1314628
2021-09-03,873.5499877929688,873.5499877929688,862.1500244140625,869.8499755859375,834.5617065429688,1075187
2021-09-06,869.8499755859375,877.6500244140625,863.0,870.0499877929688,834.7536010742188,985142
2021-09-07,870.0,889.0,864.9500122070312,868.2999877929688,833.0745849609375,2840271
2021-09-08,874.2999877929688,881.3499755859375,855.5499877929688,879.7999877929688,844.1079711914062,1601842
2021-09-09,875.0,887.5499877929688,872.5499877929688,875.5999755859375,840.0783081054688,1685368
2021-09-13,876.7999877929688,884.0,870.7000122070312,882.0999755859375,846.314697265625,1064009
2021-09-14,884.7999877929688,885.9000244140625,877.5999755859375,881.2999877929688,845.5472412109375,622424
2021-09-15,885.0,887.4000244140625,870.5,871.5499877929688,836.1927490234375,1945751
2021-09-16,873.5,883.0,871.3499755859375,874.0,838.5433349609375,1294536
2021-09-17,879.9000244140625,881.0,866.2999877929688,874.1500244140625,838.6873168945312,1829129
2021-09-20,870.0499877929688,876.9500122070312,855.0,857.0,822.2330322265625,1081450
2021-09-21,855.0,864.4500122070312,851.0,858.9000244140625,824.055908203125,1478291
2021-09-22,862.0,863.3499755859375,851.9000244140625,854.1500244140625,819.4985961914062,982114
2021-09-23,857.1500244140625,859.75,849.0499877929688,850.6500244140625,816.1406860351562,1464265
2021-09-24,850.6500244140625,852.0,834.0,836.75,802.8045654296875,2846056
2021-09-27,837.0999755859375,842.4000244140625,829.0,835.0499877929688,801.1734619140625,1433229
2021-09-28,837.0,837.4000244140625,817.0,822.7000122070312,789.3245239257812,1933307
2021-09-29,824.5,829.4000244140625,811.0,823.4500122070312,790.0441284179688,2156442
2021-09-30,823.0,823.9500122070312,810.8499755859375,813.5999755859375,780.5936889648438,1622014
2021-10-01,812.9000244140625,820.0,796.0,801.25,768.74462890625,1989799
2021-10-04,805.0499877929688,817.25,801.75,814.2999877929688,781.2652587890625,1709463
2021-10-05,815.0,819.2000122070312,799.7000122070312,801.4500122070312,768.9366455078125,3499870
2021-10-06,809.3499755859375,834.0,803.0,820.6500244140625,787.3577270507812,5215518
2021-10-07,828.0,830.7000122070312,821.3499755859375,824.5499877929688,791.0994262695312,1500439
2021-10-08,826.9000244140625,828.9500122070312,812.4500122070312,818.75,785.5347900390625,1747911
2021-10-11,821.4000244140625,826.5,813.0,816.25,783.1361694335938,1772719
2021-10-12,817.5,823.0,813.5999755859375,816.1500244140625,783.040283203125,1246493
2021-10-13,820.0,854.0,818.0499877929688,848.1500244140625,813.7420654296875,7233280
2021-10-14,859.9500122070312,860.0,846.0,849.5999755859375,815.1331787109375,2352197
2021-10-18,863.0,863.0,842.0499877929688,843.9500122070312,809.7124633789062,1914236
2021-10-19,849.0,862.0,840.0999755859375,843.2999877929688,809.0888061523438,1915361
2021-10-20,841.0,851.9000244140625,822.5499877929688,826.9500122070312,793.402099609375,1535158
2021-10-21,837.1500244140625,838.75,808.0,814.7999877929688,781.7449340820312,2257911
2021-10-22,818.6500244140625,821.7999877929688,790.0,795.25,762.9880981445312,2948977
2021-10-25,793.0,800.5999755859375,773.5999755859375,788.9500122070312,756.9437255859375,2954698
2021-10-26,786.0999755859375,811.9000244140625,786.0999755859375,808.9000244140625,776.0843505859375,1776800
2021-10-27,812.0,821.2000122070312,809.6500244140625,818.75,785.5347900390625,1930632
2021-10-28,818.0,822.5499877929688,805.9500122070312,809.7000122070312,776.8519287109375,1822874
2021-10-29,807.0,818.5,794.1500244140625,809.5,776.6600341796875,2220844
2021-11-01,821.5,830.0,806.0,824.9000244140625,791.4352416992188,1552830
2021-11-02,827.9000244140625,836.0,822.7999877929688,833.7999877929688,799.9741821289062,1251565
2021-11-03,833.0,839.0,820.0499877929688,826.9000244140625,793.3541259765625,1044563
2021-11-04,834.0,834.5999755859375,826.0,827.4000244140625,793.8338623046875,175837
2021-11-08,830.0,838.2000122070312,817.0499877929688,836.3499755859375,802.4207763671875,891122
2021-11-09,835.9000244140625,841.5,826.0,835.6500244140625,801.7491455078125,1481130
2021-11-10,837.0499877929688,846.0,830.75,842.4000244140625,808.2252807617188,1371873
2021-11-11,842.1500244140625,842.1500244140625,823.4000244140625,837.6500244140625,803.6680908203125,1411243
2021-11-12,842.25,852.8499755859375,840.0,847.9000244140625,813.5022583007812,1180441
2021-11-15,852.5,858.0,847.4500122070312,852.5499877929688,817.9635009765625,1190768
2021-11-16,855.9000244140625,858.0,830.0499877929688,833.4000244140625,799.5904541015625,1669041
2021-11-17,833.9000244140625,847.3499755859375,832.5,836.4000244140625,802.4686889648438,1439354
2021-11-18,837.2000122070312,843.0,822.2999877929688,832.0499877929688,798.295166015625,1132067
2021-11-22,832.0499877929688,839.0499877929688,807.4500122070312,812.75,779.7781372070312,1951384
2021-11-23,802.0,823.8499755859375,802.0,820.9500122070312,787.6455078125,1025086
2021-11-24,824.0,830.0,796.0,798.9500122070312,766.5379638671875,1634131
2021-11-25,799.0,810.5,795.5999755859375,807.7999877929688,775.0289306640625,1767252
2021-11-26,800.2000122070312,805.0,763.1500244140625,766.7000122070312,735.5963745117188,2616604
2021-11-29,766.75,774.9000244140625,749.25,766.0,734.9247436523438,1584564
2021-11-30,765.0,789.6500244140625,764.2000122070312,778.5999755859375,747.0135498046875,3529356
2021-12-01,789.9000244140625,790.8499755859375,767.4500122070312,772.7999877929688,741.4488525390625,1263844
2021-12-02,772.7999877929688,780.9000244140625,763.5499877929688,773.25,741.880615234375,1766820
2021-12-03,767.5,781.0,767.0999755859375,774.2999877929688,742.8880004882812,1408239
2021-12-06,777.0,778.0,745.5499877929688,747.5999755859375,717.2711791992188,1654143
2021-12-07,758.3499755859375,765.5,744.0,760.7000122070312,729.8397827148438,1741795
2021-12-08,758.5999755859375,773.6500244140625,758.5999755859375,772.1500244140625,740.8252563476562,1002435
2021-12-09,773.0,779.0499877929688,766.0499877929688,777.5,745.958251953125,935828
2021-12-10,781.6500244140625,781.9500122070312,765.3499755859375,769.6500244140625,738.4266967773438,1412794
2021-12-13,774.0,777.25,752.0,754.0999755859375,723.5074462890625,1944410
2021-12-14,753.0,753.9500122070312,732.4000244140625,739.5,709.4998168945312,2333787
2021-12-15,742.0,750.5,735.2000122070312,746.2999877929688,716.0239868164062,1676700
2021-12-16,747.0,750.0,735.2999877929688,740.25,710.2193603515625,1452909
2021-12-17,738.0,738.7999877929688,721.0499877929688,726.3499755859375,696.8832397460938,1693819
2021-12-20,717.4500122070312,719.5499877929688,696.5999755859375,709.5499877929688,680.7647705078125,2520192
2021-12-21,710.5499877929688,725.5999755859375,704.7999877929688,705.7000122070312,677.0709838867188,2695789
2021-12-22,706.2000122070312,717.5499877929688,703.7999877929688,714.9500122070312,685.94580078125,1035751
2021-12-23,720.0,729.5999755859375,712.25,726.75,697.2669677734375,1095354
2021-12-24,729.0,729.0,714.0,718.9500122070312,689.7835083007812,931510
2021-12-27,710.0,724.5,706.75,718.5,689.3516845703125,691930
2021-12-28,722.2999877929688,729.5499877929688,719.4000244140625,726.9500122070312,697.4589233398438,819253
2021-12-29,728.0,728.9000244140625,720.0,726.6500244140625,697.1710815429688,783940
2021-12-30,729.0,737.8499755859375,725.2999877929688,728.0,698.4662475585938,2230935
2021-12-31,730.0,745.0,729.0499877929688,743.4500122070312,713.28955078125,865277
2022-01-03,747.0,749.4000244140625,740.0,748.0,717.6549682617188,925699
2022-01-04,752.0,756.7000122070312,731.0499877929688,738.8499755859375,708.8760986328125,2352482
2022-01-05,740.25,743.5,726.5,733.5999755859375,703.839111328125,2076552
2022-01-06,733.0,734.9500122070312,722.5499877929688,725.4500122070312,696.019775390625,2077754
2022-01-07,725.4500122070312,744.6500244140625,725.0499877929688,736.0999755859375,706.2376708984375,2107056
2022-01-10,740.4500122070312,743.0,731.0,731.9000244140625,702.2081298828125,1592097
2022-01-11,736.4500122070312,743.5999755859375,730.75,738.6500244140625,708.6842651367188,1905347
2022-01-12,743.0,743.2999877929688,733.1500244140625,736.0999755859375,706.2376708984375,1817215
2022-01-13,737.0,739.4500122070312,723.5999755859375,730.2000122070312,700.5770874023438,1604671
2022-01-14,730.2000122070312,777.0,727.0,762.5,731.566650390625,8733345
2022-01-17,768.0,771.3499755859375,759.25,765.0999755859375,734.0611572265625,1857366
2022-01-18,763.7999877929688,770.0,728.4000244140625,731.4500122070312,701.7763061523438,2674149
2022-01-19,734.9500122070312,738.0,714.0,717.6500244140625,688.5363159179688,2426249
2022-01-20,728.0499877929688,746.25,717.2000122070312,723.4500122070312,694.1009521484375,5297725
2022-01-21,721.0,742.9500122070312,712.0,726.5499877929688,697.0751342773438,4854277
2022-01-24,725.0,725.0,688.5,691.4500122070312,663.399169921875,3114690
2022-01-25,690.0,709.9500122070312,675.0,707.75,679.0379028320312,2030546
2022-01-27,700.0,709.5,687.5,705.9500122070312,677.3108520507812,3118535
2022-01-28,706.5,729.9000244140625,706.5,717.9000244140625,688.7760620117188,2074152
2022-01-31,726.0,736.9500122070312,722.0499877929688,727.2999877929688,697.7947387695312,1682459
2022-02-01,732.0,739.0,717.0499877929688,736.0999755859375,706.2376708984375,2063749
2022-02-02,741.5999755859375,744.9000244140625,734.5999755859375,742.4500122070312,712.3301391601562,1771997
2022-02-03,750.0,769.0,733.3499755859375,738.0999755859375,708.156494140625,8154082
2022-02-04,741.0,746.5499877929688,722.2000122070312,733.7999877929688,704.031005859375,1931658
2022-02-07,729.0,736.75,702.0499877929688,704.7999877929688,676.2074584960938,1908753
2022-02-08,705.0999755859375,710.0,691.3499755859375,697.0999755859375,668.81982421875,2410446
2022-02-09,706.0,709.0,696.5499877929688,700.2000122070312,671.7941284179688,2206837
2022-02-10,706.25,711.0,699.0,706.7000122070312,678.0304565429688,1770292
2022-02-11,695.0,703.0999755859375,690.0,701.0,672.5616455078125,2013324
2022-02-14,689.0,700.7999877929688,684.0499877929688,694.2999877929688,666.1334228515625,2069409
2022-02-15,693.0,706.0,689.1500244140625,702.0,673.5210571289062,2209622
2022-02-16,705.5,708.3499755859375,696.0499877929688,701.0,672.5616455078125,1217196
2022-02-17,701.5,726.1500244140625,701.5,720.3499755859375,691.1266479492188,3442092
2022-02-18,715.5999755859375,724.5999755859375,712.2000122070312,717.5,688.3922729492188,1686289
2022-02-21,710.5,721.3499755859375,704.5,713.2000122070312,684.2667236328125,1542807
2022-02-22,690.0,716.9000244140625,690.0,715.2000122070312,686.185546875,1861977
2022-02-23,715.0,731.2000122070312,714.0999755859375,723.25,693.9090576171875,1816654
2022-02-24,699.0,714.5499877929688,674.0499877929688,677.7000122070312,650.2069091796875,3091298
2022-02-25,690.0,713.3499755859375,685.5999755859375,709.5,680.7168579101562,1771881
2022-02-28,699.5,720.7999877929688,694.5499877929688,718.5999755859375,689.4476318359375,1935344
2022-03-02,711.9500122070312,718.5999755859375,701.5499877929688,711.0,682.156005859375,1938441
2022-03-03,712.1500244140625,718.75,684.5499877929688,687.0499877929688,659.1775512695312,2112330
2022-03-04,688.4000244140625,688.4000244140625,657.5,669.9500122070312,642.7713623046875,2833168
2022-03-07,659.0,673.5,650.2000122070312,659.8499755859375,633.0810546875,2137318
2022-03-08,659.0,687.75,658.0,683.7000122070312,655.963623046875,2850859
2022-03-09,685.0,705.9000244140625,678.2999877929688,699.1500244140625,670.7867431640625,1920634
2022-03-10,705.5499877929688,727.5,705.5499877929688,724.2000122070312,694.8204956054688,2574455
2022-03-11,724.2999877929688,726.0499877929688,707.4500122070312,716.4500122070312,687.3848876953125,2305707
2022-03-14,720.0,724.0,709.6500244140625,722.25,692.9496459960938,1584725
2022-03-15,724.0,774.0,723.75,748.5999755859375,718.2305908203125,9386502
2022-03-16,754.0,755.5499877929688,740.5999755859375,747.8499755859375,717.510986328125,1959778
2022-03-17,758.0,774.4500122070312,754.25,772.2999877929688,740.9691162109375,3099238
2022-03-21,772.0,773.8499755859375,745.2999877929688,747.7999877929688,717.4630737304688,1889226
2022-03-22,750.0,758.0,731.4000244140625,752.9000244140625,722.3561401367188,3047970
2022-03-23,759.5,760.0,745.0999755859375,748.7999877929688,718.4224853515625,1103251
2022-03-24,748.0,751.5999755859375,738.7000122070312,740.5,710.4591674804688,1179087
2022-03-25,740.0,740.0,708.5999755859375,733.3499755859375,703.5992431640625,2968621
2022-03-28,734.0,746.2000122070312,728.1500244140625,741.25,711.1787719726562,1833105
2022-03-29,742.0,747.75,735.5999755859375,743.2000122070312,713.0496826171875,985708
2022-03-30,750.0,782.75,749.0,765.8499755859375,734.7808227539062,8328100
2022-03-31,767.9500122070312,780.0,765.9000244140625,777.4000244140625,745.8623046875,2892133
2022-04-01,779.9500122070312,792.5,779.0,789.7999877929688,757.7592163085938,3082307
2022-04-04,792.0,795.0,781.75,788.0999755859375,756.1281127929688,1565651
2022-04-05,791.0,810.0,788.2000122070312,806.6500244140625,773.9256591796875,2912280
2022-04-06,810.4500122070312,812.5,797.0499877929688,809.25,776.420166015625,2004175
2022-04-07,809.0,818.2999877929688,802.0499877929688,804.9000244140625,772.2466430664062,1965237
2022-04-08,810.5,819.8499755859375,804.0,817.7000122070312,784.5272827148438,1406219
2022-04-11,817.7000122070312,824.0,809.5,821.5,788.1731567382812,1231236
2022-04-12,821.5,822.8499755859375,802.5499877929688,812.0999755859375,779.1544799804688,1193490
2022-04-13,812.0999755859375,823.5,811.0499877929688,817.5999755859375,784.4313354492188,1036739
2022-04-18,816.2000122070312,824.9000244140625,809.0,822.2999877929688,788.9407348632812,1480954
2022-04-19,825.0,836.8499755859375,784.8499755859375,791.3499755859375,759.2462768554688,2460482
2022-04-20,800.0,813.4500122070312,792.0999755859375,810.4500122070312,777.5714721679688,1522453
2022-04-21,812.0,822.0,804.25,820.0499877929688,786.781982421875,1344250
2022-04-22,818.0,821.5999755859375,803.0999755859375,815.5999755859375,782.5125122070312,1880668
2022-04-25,802.0,809.9000244140625,789.5499877929688,792.75,760.589599609375,1193621
2022-04-26,798.25,824.3499755859375,795.0,822.0499877929688,788.7008666992188,1285209
2022-04-27,814.9000244140625,817.8499755859375,796.2999877929688,798.5999755859375,766.2020874023438,1186809
2022-04-28,810.8499755859375,819.0,799.5999755859375,811.6500244140625,778.722900390625,1802590
2022-04-29,815.0,835.25,813.0,823.75,790.3319091796875,2268921
2022-05-02,823.2999877929688,828.6500244140625,810.0,824.4000244140625,790.9555053710938,1439813
2022-05-04,824.4000244140625,832.0,800.7999877929688,803.2999877929688,770.71142578125,1817504
2022-05-05,810.0,812.0,772.5,776.3499755859375,744.8547973632812,5079723
2022-05-06,770.0,778.5,762.9500122070312,764.9500122070312,733.9172973632812,2003395
2022-05-09,763.0,768.0,754.0,758.25,727.4891357421875,1742459
2022-05-10,759.4500122070312,772.4500122070312,743.0499877929688,745.7999877929688,715.544189453125,1326184
2022-05-11,745.7999877929688,758.7999877929688,738.0,744.0999755859375,713.9131469726562,1287768
2022-05-12,742.0,748.0,728.0,738.0499877929688,708.1085815429688,1488552
2022-05-13,747.0,761.25,735.0499877929688,737.5999755859375,707.6768188476562,1481400
2022-05-16,739.0,744.4500122070312,730.0,735.5,705.662109375,829085
2022-05-17,737.0,742.75,721.0499877929688,734.25,704.4628295898438,2536701
2022-05-18,736.8499755859375,757.9000244140625,733.7999877929688,754.2999877929688,723.6994018554688,2750146
2022-05-19,745.0,746.4500122070312,718.6500244140625,721.2999877929688,692.0381469726562,1504820
2022-05-20,735.0,742.75,731.4000244140625,739.5999755859375,709.595703125,1205301
2022-05-23,745.0,748.75,728.0499877929688,729.7000122070312,700.097412109375,970827
2022-05-24,735.0,738.0,710.0,715.1500244140625,686.1376953125,1513724
2022-05-25,719.7000122070312,723.9500122070312,710.0499877929688,716.2000122070312,687.14501953125,822598
2022-05-26,722.2999877929688,724.8499755859375,698.0,722.25,692.9496459960938,1339748
2022-05-27,730.0,731.5999755859375,722.5999755859375,725.4500122070312,696.019775390625,1039408
2022-05-30,731.0,753.0,729.0999755859375,750.1500244140625,719.7177124023438,1145649
2022-05-31,753.0,779.9500122070312,743.0,759.75,728.9282836914062,6125585
2022-06-01,760.0,780.5,757.75,761.0999755859375,730.2235107421875,1641729
2022-06-02,757.0,760.5,747.0,758.25,727.4891357421875,630109
2022-06-03,760.0,771.0,752.0499877929688,753.9000244140625,723.315673828125,1747685
2022-06-06,756.75,770.0,745.2999877929688,763.6500244140625,732.6701049804688,1441390
2022-06-07,762.0,762.0,746.0999755859375,756.5999755859375,725.9060668945312,1346609
2022-06-08,754.3499755859375,764.8499755859375,739.0999755859375,757.1500244140625,726.4337768554688,2461233
2022-06-09,749.0,759.2000122070312,742.2999877929688,754.4000244140625,729.55322265625,882672
2022-06-10,750.0,771.4000244140625,747.0499877929688,756.5999755859375,731.6807250976562,3230970
2022-06-13,752.0,754.1500244140625,726.0,735.9500122070312,711.7108764648438,1455794
2022-06-14,734.0,749.0,731.6500244140625,735.8499755859375,711.6141357421875,1209734
2022-06-15,739.0,746.4500122070312,732.5,737.75,713.4515991210938,842942
2022-06-16,748.75,748.75,719.0499877929688,724.9500122070312,701.0731811523438,1060953
2022-06-17,723.0499877929688,728.5,708.7999877929688,711.6500244140625,688.211181640625,1329315
2022-06-20,718.4500122070312,722.75,705.0,716.8499755859375,693.2399291992188,1028878
2022-06-21,720.0,733.0,720.0,727.25,703.2974243164062,816577
2022-06-22,727.0,727.0,707.0,708.9500122070312,685.6001586914062,1190195
2022-06-23,710.0,719.7000122070312,706.75,718.4500122070312,694.787353515625,714841
2022-06-24,722.0,735.0,720.0999755859375,729.0,704.9898071289062,1013159
2022-06-27,735.0999755859375,737.0999755859375,724.5,729.4000244140625,705.376708984375,695465
2022-06-28,730.0,740.0,722.0999755859375,736.8499755859375,712.5812377929688,878300
2022-06-29,730.0499877929688,743.7999877929688,716.0,720.0,696.2862548828125,1741451
2022-06-30,722.0,722.0,703.0999755859375,706.3499755859375,683.0857543945312,2030048
2022-07-01,700.0,722.9500122070312,697.0,719.5499877929688,695.8510131835938,954981
2022-07-04,723.0,731.8499755859375,714.5499877929688,730.1500244140625,706.1019287109375,1281683
2022-07-05,732.0,739.25,726.0999755859375,729.0499877929688,705.0381469726562,1367769
2022-07-06,721.25,751.8499755859375,721.25,749.9500122070312,725.2498168945312,1351519
2022-07-07,753.0,759.5999755859375,750.0,754.8499755859375,729.9883422851562,2064199
2022-07-08,756.5,764.3499755859375,755.0499877929688,761.4000244140625,736.32275390625,1456394
2022-07-11,761.5499877929688,770.0,758.4000244140625,765.9000244140625,740.6744995117188,1287117
2022-07-12,760.0,762.0,752.1500244140625,756.4500122070312,731.5357055664062,609080
2022-07-13,758.0,768.0,757.0,762.5499877929688,737.434814453125,697646
2022-07-14,765.0,778.7999877929688,759.2999877929688,765.8499755859375,740.6260986328125,1697611
2022-07-15,766.25,792.6500244140625,766.25,790.5499877929688,764.5125732421875,3002946
2022-07-18,797.7999877929688,797.9500122070312,787.7999877929688,794.3499755859375,768.1874389648438,1335985
2022-07-19,790.9000244140625,793.3499755859375,784.2000122070312,787.25,761.3212280273438,1184051
2022-07-20,791.0,801.2000122070312,787.5,795.0,768.8160400390625,1173216
2022-07-21,795.0,820.6500244140625,793.3499755859375,818.2999877929688,791.3485717773438,2245980
2022-07-22,818.2999877929688,824.0,801.1500244140625,804.0499877929688,777.5679931640625,1746104
2022-07-25,804.0499877929688,813.7999877929688,801.25,807.9500122070312,781.3395385742188,940240
2022-07-26,805.9000244140625,809.7000122070312,788.25,790.8499755859375,764.802734375,1146412
2022-07-27,790.0,803.7000122070312,787.0499877929688,801.5999755859375,775.1986083984375,1056918
2022-07-28,804.0,809.9000244140625,798.5999755859375,806.5999755859375,780.033935546875,1192580
2022-07-29,809.0,814.7000122070312,803.7999877929688,811.6500244140625,784.917724609375,867439
2022-08-01,812.0,814.5,799.4500122070312,811.0999755859375,784.3857421875,1269287
2022-08-02,813.0,826.0,806.25,811.5999755859375,784.8692626953125,2161684
2022-08-03,811.5999755859375,815.4000244140625,801.5499877929688,812.75,785.9814453125,908414
2022-08-04,792.2999877929688,798.0,781.0999755859375,789.25,763.2554321289062,15358133
2022-08-05,785.0499877929688,793.4000244140625,782.0999755859375,784.7999877929688,758.951904296875,2109882
2022-08-08,781.5,793.9000244140625,781.0,788.7000122070312,762.7235717773438,947150
2022-08-10,788.7000122070312,793.7000122070312,786.3499755859375,790.5499877929688,764.5125732421875,1185175
2022-08-11,794.5499877929688,798.5499877929688,771.5999755859375,773.4500122070312,747.975830078125,3371339
2022-08-12,773.4500122070312,775.9000244140625,760.5499877929688,763.4500122070312,738.30517578125,2257305
2022-08-16,767.2999877929688,780.5999755859375,765.2999877929688,779.5,753.8265380859375,1804736
2022-08-17,780.5,796.5499877929688,780.5,793.5,767.3653564453125,3021532
2022-08-18,793.0,813.7999877929688,791.0,807.8499755859375,781.2427978515625,3191360
2022-08-19,807.1500244140625,809.5,784.0999755859375,786.9500122070312,761.0311889648438,1767351
2022-08-22,785.9000244140625,796.9500122070312,780.0999755859375,793.9500122070312,767.800537109375,2166778
2022-08-23,791.9000244140625,811.6500244140625,787.0,809.3499755859375,782.693359375,1890327
2022-08-24,805.0,813.0,798.5,805.7000122070312,779.1636352539062,1355374
2022-08-25,808.0,811.9000244140625,797.5,801.8499755859375,775.4404296875,1267482
2022-08-26,805.9000244140625,810.7999877929688,798.7999877929688,801.9500122070312,775.537109375,1254230
2022-08-29,790.0,816.7000122070312,783.8499755859375,806.1500244140625,779.598876953125,2181301
2022-08-30,809.0,813.9500122070312,806.2999877929688,809.6500244140625,782.9835815429688,2692962
2022-09-01,809.6500244140625,842.0,806.0,838.4000244140625,810.7865600585938,6228307
2022-09-02,845.0,847.0,830.7000122070312,833.7000122070312,806.241455078125,1885440
2022-09-05,834.0,841.1500244140625,829.0499877929688,837.4500122070312,809.867919921875,1553679
2022-09-06,841.6500244140625,845.7999877929688,816.0,818.25,791.3002319335938,2620566
2022-09-07,815.0,827.5,814.0499877929688,825.0999755859375,797.924560546875,1321905
2022-09-08,829.25,831.5999755859375,815.0,819.0999755859375,792.122314453125,1094898
2022-09-09,827.0,827.0,813.1500244140625,816.2999877929688,789.4144287109375,884012
2022-09-12,820.4000244140625,831.0,820.4000244140625,825.5,798.3115234375,1300582
2022-09-13,829.9500122070312,852.0,829.7000122070312,849.0,821.0375366210938,3310733
2022-09-14,842.9000244140625,861.1500244140625,838.5499877929688,840.25,812.57568359375,3818926
2022-09-15,844.5,848.0,830.2000122070312,837.4000244140625,809.819580078125,1697675
2022-09-16,839.7000122070312,839.7000122070312,791.2000122070312,795.2000122070312,769.0093994140625,4786431
2022-09-19,799.2000122070312,802.2000122070312,787.3499755859375,793.0,766.8818969726562,1707558
2022-09-20,797.0,812.9000244140625,795.9500122070312,804.2000122070312,777.7130126953125,1547208
2022-09-21,804.2000122070312,811.0,798.0999755859375,804.2000122070312,777.7130126953125,1082534
2022-09-22,800.5499877929688,807.75,788.0,803.2000122070312,776.7459716796875,1255234
2022-09-23,803.0,806.2999877929688,779.5,781.5499877929688,755.8090209960938,1229421
2022-09-26,779.0,785.9500122070312,762.0,780.8499755859375,755.1320190429688,1431943
2022-09-27,784.7999877929688,801.4000244140625,781.0499877929688,797.8499755859375,771.5721435546875,1830866
2022-09-28,795.9500122070312,804.2000122070312,790.0499877929688,793.6500244140625,767.510498046875,1415083
2022-09-29,797.6500244140625,803.7000122070312,790.2999877929688,792.5999755859375,766.4950561523438,1136839
2022-09-30,791.0,806.0,787.0,802.8499755859375,776.4074096679688,1436359
2022-10-03,802.8499755859375,804.7999877929688,776.0,777.9500122070312,752.32763671875,1652675
2022-10-04,786.75,792.4500122070312,781.2000122070312,785.1500244140625,759.2904663085938,1238967
2022-10-06,790.0,799.5999755859375,784.0999755859375,794.2999877929688,768.1390380859375,2067042
2022-10-07,787.9000244140625,793.9000244140625,779.0499877929688,780.9000244140625,755.1804809570312,1053907
2022-10-10,769.25,775.0499877929688,755.0,757.1500244140625,732.212646484375,2334168
2022-10-11,758.0,759.8499755859375,740.25,742.5999755859375,718.1419067382812,1956824
2022-10-12,745.5,759.0,738.7999877929688,757.3499755859375,732.4060668945312,1372962
2022-10-13,754.9500122070312,760.2000122070312,749.1500244140625,757.4000244140625,732.4544677734375,1198492
2022-10-14,768.9500122070312,768.9500122070312,760.0,761.25,736.1776123046875,1278730
2022-10-17,761.25,771.9500122070312,757.2999877929688,763.1500244140625,738.0150756835938,940646
2022-10-18,767.0,776.0,763.5499877929688,774.3499755859375,748.84619140625,1361691
2022-10-19,774.4500122070312,777.0,761.0999755859375,764.5499877929688,739.368896484375,1115277
2022-10-20,761.5499877929688,772.0,755.5,770.7000122070312,745.3163452148438,955562
2022-10-21,773.0,780.8499755859375,755.0499877929688,761.6500244140625,736.564453125,1692279
2022-10-24,770.0,776.0,764.8499755859375,770.9500122070312,745.5581665039062,292558
2022-10-25,770.0,776.7999877929688,764.6500244140625,766.9500122070312,741.68994140625,871995
2022-10-27,774.75,779.5,759.5999755859375,770.0499877929688,744.6878051757812,1692389
2022-10-28,773.4500122070312,773.4500122070312,759.5,761.3499755859375,736.2743530273438,1598314
2022-10-31,765.2000122070312,772.4500122070312,761.9000244140625,770.1500244140625,744.7845458984375,997865
2022-11-01,773.0,784.5,767.4000244140625,774.8499755859375,749.32958984375,1893673
2022-11-02,776.0,778.2000122070312,764.7000122070312,768.0499877929688,742.753662109375,1073726
2022-11-03,768.0499877929688,770.0,756.6500244140625,762.75,737.6282348632812,1573795
2022-11-04,761.0,767.0,759.2000122070312,764.2999877929688,739.1271362304688,940199
2022-11-07,768.1500244140625,776.4500122070312,764.2999877929688,772.1500244140625,746.7186279296875,1004208
2022-11-09,778.5,781.7999877929688,765.8499755859375,770.1500244140625,744.7845458984375,1256533
2022-11-10,770.0,771.7000122070312,762.0499877929688,768.7000122070312,743.3822631835938,839329
2022-11-11,772.5499877929688,779.8499755859375,770.0499877929688,773.2000122070312,747.7340698242188,921004
2022-11-14,773.3499755859375,775.0,766.5,767.75,742.4635009765625,708750
2022-11-15,767.75,774.0,763.5,772.75,747.298828125,756436
2022-11-16,772.75,774.2000122070312,764.7999877929688,769.5499877929688,744.2041625976562,1071710
2022-11-17,766.0,789.4500122070312,766.0,786.0,760.1124267578125,2944879
2022-11-18,789.3499755859375,793.0,769.25,775.7000122070312,750.1517333984375,1417103
2022-11-21,774.2999877929688,775.4500122070312,762.2999877929688,770.9500122070312,745.5581665039062,760664
2022-11-22,771.0,776.9000244140625,766.2000122070312,771.2999877929688,745.8966064453125,868523
2022-11-23,773.0999755859375,776.0,765.0,770.1500244140625,744.7845458984375,875779
2022-11-24,787.8499755859375,795.0,781.25,792.75,766.64013671875,6211909
2022-11-25,798.75,799.5,780.0,789.1500244140625,763.1587524414062,2385612
2022-11-28,789.0,808.9000244140625,785.0,804.2999877929688,777.8097534179688,2043706
2022-11-29,804.9500122070312,811.9000244140625,803.0499877929688,805.0499877929688,778.5349731445312,1278339
2022-11-30,805.0499877929688,821.9500122070312,804.25,818.0499877929688,791.1068115234375,3390682
2022-12-01,821.9000244140625,821.9000244140625,810.1500244140625,813.2000122070312,786.4166870117188,966282
2022-12-02,810.0,812.5,792.2000122070312,795.5499877929688,769.347900390625,2882169
2022-12-05,795.5499877929688,803.0,788.5999755859375,800.5,774.1349487304688,1540201
2022-12-06,800.0,800.0,793.5499877929688,797.6500244140625,771.3787231445312,826214
2022-12-07,799.9000244140625,806.5,797.0499877929688,799.3499755859375,773.0227661132812,2020441
2022-12-08,800.5499877929688,807.9500122070312,796.5,804.2000122070312,777.7130126953125,805216
2022-12-09,804.2000122070312,809.9000244140625,801.0,803.2999877929688,776.8425903320312,1080966
2022-12-12,803.0,813.0,799.2000122070312,810.0499877929688,783.3702392578125,948219
2022-12-13,812.0,814.4500122070312,804.7000122070312,807.5999755859375,781.0009765625,1224742
2022-12-14,808.4000244140625,817.0,807.3499755859375,815.4500122070312,788.592529296875,971275
2022-12-15,815.4000244140625,815.4500122070312,802.0499877929688,804.9000244140625,778.3899536132812,783051
2022-12-16,803.2999877929688,804.9500122070312,795.0,801.5499877929688,775.1502685546875,849333
2022-12-19,801.1500244140625,810.0,798.4500122070312,808.8499755859375,782.2098388671875,1120217
2022-12-20,808.5,809.9500122070312,800.0999755859375,808.2999877929688,781.6779174804688,677159
2022-12-21,809.0,811.9000244140625,801.0,802.5999755859375,776.1656494140625,811513
2022-12-22,802.75,809.0,787.0,798.6500244140625,772.3458251953125,1017965
2022-12-23,793.0499877929688,797.9000244140625,775.7999877929688,779.0,753.343017578125,1216647
2022-12-26,779.0,783.7000122070312,773.0,775.2999877929688,749.7648315429688,1014226
2022-12-27,778.7999877929688,781.0,770.5999755859375,777.8499755859375,752.2308349609375,601101
2022-12-28,778.0,782.9000244140625,773.1500244140625,780.1500244140625,754.4551391601562,610240
2022-12-29,779.0,779.0,763.0999755859375,776.0999755859375,750.5385131835938,1691955
2022-12-30,778.0,782.2999877929688,765.0,766.9500122070312,741.68994140625,715796
2023-01-02,769.9000244140625,771.0,758.0999755859375,762.2999877929688,737.1930541992188,1061086
2023-01-03,765.0,767.9000244140625,759.0999755859375,767.1500244140625,741.88330078125,785495
2023-01-04,767.5,767.5,759.4000244140625,762.25,737.1446533203125,1004383
2023-01-05,762.0,781.0,760.0999755859375,763.8499755859375,738.6919555664062,3198519
2023-01-06,763.7999877929688,770.8499755859375,759.0499877929688,761.3499755859375,736.2743530273438,603050
2023-01-09,765.2000122070312,768.7999877929688,761.0999755859375,766.9500122070312,741.68994140625,729173
2023-01-10,766.9500122070312,772.7999877929688,764.5499877929688,769.25,743.9141235351562,873061
2023-01-11,772.0,772.75,755.5,759.2999877929688,734.2918090820312,688374
2023-01-12,760.0,763.8499755859375,752.0,754.25,729.4081420898438,763021
2023-01-13,755.0999755859375,757.5999755859375,750.0,752.9000244140625,728.1026611328125,1067599
2023-01-16,752.0999755859375,755.0,745.0999755859375,747.25,722.6387329101562,838829
2023-01-17,744.0,752.7999877929688,741.5999755859375,750.0499877929688,725.3464965820312,1427736
2023-01-18,750.0,752.7000122070312,746.5499877929688,750.5,725.7816772460938,747592
2023-01-19,750.2000122070312,752.75,737.5999755859375,738.5,714.1768798828125,1140422
2023-01-20,738.0,742.9000244140625,736.0,738.4500122070312,714.1286010742188,878832
2023-01-23,739.1500244140625,743.9000244140625,734.0,742.4500122070312,717.996826171875,682160
2023-01-24,743.8499755859375,749.5,740.0,740.9000244140625,716.4978637695312,653737
2023-01-25,740.3499755859375,742.5,731.2000122070312,740.0499877929688,715.6758422851562,868627
2023-01-27,740.0499877929688,745.9000244140625,725.7000122070312,735.25,711.0339965820312,772860
2023-01-30,736.0,740.3499755859375,727.5499877929688,735.6500244140625,711.4208374023438,1295677
2023-01-31,736.0,739.4000244140625,725.0499877929688,729.5,705.4733276367188,2189899
2023-02-01,737.25,748.4000244140625,731.25,740.7999877929688,716.4011840820312,933031
2023-02-02,738.7999877929688,742.75,732.7999877929688,737.1500244140625,712.8713989257812,704702
2023-02-03,737.1500244140625,741.0,720.4500122070312,726.5999755859375,702.6687622070312,1752697
2023-02-06,728.4000244140625,732.5,721.0,729.75,705.715087890625,852170
2023-02-07,731.7999877929688,734.9500122070312,722.0,728.2000122070312,704.2161254882812,1244247
2023-02-08,731.8499755859375,731.8499755859375,721.0999755859375,724.4000244140625,700.541259765625,1521104
2023-02-09,724.5,726.3499755859375,720.7999877929688,721.9500122070312,698.1719970703125,688243
2023-02-10,722.0,728.0,719.1500244140625,726.5999755859375,702.6687622070312,651630
2023-02-13,726.5999755859375,729.5,716.0,717.7999877929688,694.1586303710938,599763
2023-02-14,718.0,723.75,715.0,721.0,697.2532348632812,563171
2023-02-15,721.0499877929688,729.7999877929688,717.2000122070312,728.0999755859375,704.119384765625,727403
2023-02-16,732.2000122070312,735.5,728.0999755859375,732.5999755859375,708.47119140625,837121
2023-02-17,731.2000122070312,734.7999877929688,724.1500244140625,726.25,702.330322265625,624402
2023-02-20,726.9500122070312,729.4500122070312,718.5999755859375,721.7999877929688,698.0269775390625,1316763
2023-02-21,725.4500122070312,730.0,722.0499877929688,726.2000122070312,702.281982421875,673449
2023-02-22,726.0,734.0,719.8499755859375,721.4500122070312,697.6884765625,1690647
2023-02-23,722.9500122070312,724.9500122070312,715.0,716.0999755859375,692.5146484375,1165270
2023-02-24,717.0,721.3499755859375,713.5999755859375,716.1500244140625,692.5630493164062,1040351
2023-02-27,720.0,720.5,700.0,710.2999877929688,686.9057006835938,1064436
2023-02-28,712.0,717.75,705.5499877929688,715.2999877929688,691.7410278320312,2395442
2023-03-01,712.9500122070312,716.9000244140625,709.5499877929688,715.25,691.692626953125,991540
2023-03-02,716.8499755859375,718.3499755859375,705.8499755859375,707.3499755859375,684.0527954101562,969963
2023-03-03,709.0,713.25,706.2000122070312,709.8499755859375,686.470458984375,873264
2023-03-06,713.0,718.75,709.9500122070312,713.5999755859375,690.0969848632812,739338
2023-03-08,713.0,723.2000122070312,710.7999877929688,720.5,696.769775390625,1026628
2023-03-09,722.8499755859375,722.8499755859375,708.0999755859375,709.25,685.8902587890625,905544
2023-03-10,707.0,710.2000122070312,701.3499755859375,704.4000244140625,681.2000732421875,970983
2023-03-13,705.0,707.2999877929688,691.75,694.1500244140625,671.2876586914062,1158330
2023-03-14,696.0,700.0,689.4500122070312,693.2999877929688,670.465576171875,1501579
2023-03-15,696.0,699.9500122070312,686.5999755859375,687.5499877929688,664.9049072265625,1119482
2023-03-16,689.0,696.4500122070312,689.0,694.0,671.142578125,974834
2023-03-17,698.0,708.6500244140625,694.4000244140625,706.2000122070312,682.9407348632812,2111478
2023-03-20,691.0,706.75,691.0,702.5999755859375,679.4592895507812,1018438
2023-03-21,704.0999755859375,706.0,700.0,700.9000244140625,677.8153076171875,721243
2023-03-22,701.0,716.2000122070312,701.0,710.9000244140625,687.4860229492188,776214
2023-03-23,711.5499877929688,713.9500122070312,705.7999877929688,707.1500244140625,683.8594360351562,587643
2023-03-24,707.0,709.7000122070312,698.8499755859375,702.3499755859375,679.217529296875,960470
2023-03-27,706.9000244140625,707.4000244140625,697.2000122070312,699.3499755859375,676.3163452148438,3695292
2023-03-28,690.0,699.6500244140625,690.0,696.0499877929688,673.125,1113702
2023-03-29,696.0499877929688,703.0,694.7999877929688,697.5499877929688,674.5755615234375,1160832
2023-03-31,700.1500244140625,711.0,698.5499877929688,708.8499755859375,685.5034790039062,972962
2023-04-03,710.0,718.5,709.2999877929688,717.0499877929688,693.433349609375,797533
2023-04-05,717.0,728.4000244140625,715.0,727.4000244140625,703.4425048828125,947741
2023-04-06,727.2999877929688,731.4500122070312,722.5,730.5,706.4404296875,738748
2023-04-10,727.0,730.6500244140625,720.0,720.6500244140625,696.9148559570312,916628
2023-04-11,725.9500122070312,725.9500122070312,715.7000122070312,717.2999877929688,693.6751708984375,776167
2023-04-12,720.9000244140625,723.5999755859375,716.3499755859375,718.4000244140625,694.7389526367188,702063
2023-04-13,722.0,723.7000122070312,717.6500244140625,719.5999755859375,695.8993530273438,502380
2023-04-17,717.0,719.25,711.5,713.2000122070312,689.710205078125,1180651
2023-04-18,716.2000122070312,719.9000244140625,706.7000122070312,707.0499877929688,683.7627563476562,1323608
2023-04-19,708.0,708.9000244140625,698.25,700.8499755859375,677.7669067382812,1235220
2023-04-20,699.0,704.4000244140625,696.4500122070312,703.4000244140625,680.2329711914062,1263116
2023-04-21,703.4000244140625,705.0,697.0,700.4000244140625,677.331787109375,966029
2023-04-24,706.0,735.0,706.0,732.5499877929688,708.4229125976562,6009290
2023-04-25,736.0,738.0,728.3499755859375,734.4500122070312,710.26025390625,1783879
2023-04-26,733.9500122070312,749.0,724.0,746.7000122070312,722.1068115234375,3725680
2023-04-27,743.0,755.25,742.1500244140625,754.0,729.1663818359375,1664942
2023-04-28,758.0,765.0,751.5,763.8499755859375,738.6919555664062,1261145
2023-05-02,767.9500122070312,783.0499877929688,764.9500122070312,779.5999755859375,753.9232177734375,1438425
2023-05-03,777.9000244140625,786.8499755859375,774.7000122070312,781.4000244140625,755.6640014648438,1189150
2023-05-04,773.0,782.6500244140625,768.9000244140625,775.5,749.9583129882812,1001352
2023-05-05,777.9000244140625,782.2000122070312,775.0,776.25,750.6835327148438,617459
2023-05-08,776.7999877929688,789.7999877929688,776.4000244140625,788.9000244140625,762.9169921875,1048005
2023-05-09,789.6500244140625,792.2000122070312,785.0,789.0,763.013671875,652399
2023-05-10,789.0,792.0,784.7999877929688,791.1500244140625,765.0928955078125,476497
2023-05-11,791.1500244140625,791.5,786.0,789.4500122070312,763.4487915039062,968940
2023-05-12,788.0,795.25,784.7999877929688,789.0499877929688,763.0619506835938,747655
2023-05-15,789.0,791.4000244140625,784.2000122070312,786.9500122070312,761.0311889648438,803643
2023-05-16,787.5,789.7000122070312,784.7999877929688,786.25,760.3541870117188,658173
2023-05-17,786.25,786.5999755859375,772.8499755859375,778.25,752.6177368164062,907649
2023-05-18,783.4000244140625,786.0,775.0,776.2999877929688,750.73193359375,1004449
2023-05-19,771.9000244140625,771.9000244140625,756.4500122070312,765.4500122070312,748.2843017578125,1233831
2023-05-22,765.4500122070312,768.0,760.2000122070312,766.0999755859375,748.9197387695312,548104
2023-05-23,766.0499877929688,771.5499877929688,762.0499877929688,770.0499877929688,752.7811889648438,826476
2023-05-24,767.4000244140625,774.5999755859375,765.5499877929688,771.1500244140625,753.8564453125,861728
2023-05-25,765.0499877929688,782.4500122070312,765.0499877929688,780.2999877929688,762.8012084960938,980266
2023-05-26,784.0,791.0,781.1500244140625,789.7000122070312,771.990478515625,961268
2023-05-29,791.0,797.0,790.25,794.25,776.4384765625,1171159
2023-05-30,792.5499877929688,797.0,788.25,790.9000244140625,773.1636352539062,601270
2023-05-31,787.0499877929688,800.0,787.0499877929688,798.6500244140625,780.7398071289062,2201928
2023-06-01,798.9000244140625,801.4500122070312,789.3499755859375,793.6500244140625,775.8519287109375,703293
2023-06-02,795.5,799.8499755859375,793.0,796.0499877929688,778.1980590820312,697200
2023-06-05,796.9500122070312,800.4500122070312,790.5999755859375,792.4500122070312,774.6788330078125,774985
2023-06-06,792.9500122070312,795.9500122070312,784.4500122070312,792.0999755859375,774.3366088867188,744002
2023-06-07,794.0,824.0,791.5,823.0999755859375,804.6414794921875,3971089
2023-06-08,824.7999877929688,824.7999877929688,805.2000122070312,807.0999755859375,789.000244140625,1117198
2023-06-09,810.7000122070312,811.8499755859375,799.0,801.0,783.0370483398438,835145
2023-06-12,802.9500122070312,807.8499755859375,799.3499755859375,800.75,782.7926635742188,3168760
2023-06-13,802.3499755859375,821.0999755859375,802.3499755859375,819.9000244140625,801.5132446289062,2697513
2023-06-14,822.7999877929688,865.0,816.0,862.5,843.1578979492188,7652583
2023-06-15,864.0,872.4000244140625,856.0,865.0,845.601806640625,3106263
2023-06-16,868.0,870.4500122070312,852.0499877929688,862.75,843.4022827148438,1754715
2023-06-19,866.4500122070312,870.0,854.8499755859375,857.0,837.7811889648438,1308412
2023-06-20,857.0,867.0,847.2999877929688,858.9000244140625,839.638671875,1178858
2023-06-21,859.0,877.2000122070312,853.0499877929688,860.1500244140625,840.8606567382812,1439299
2023-06-22,862.0,862.0,840.5999755859375,841.9000244140625,823.0198974609375,988651
2023-06-23,842.0,846.2000122070312,831.6500244140625,840.8499755859375,821.993408203125,806171
2023-06-26,854.0,866.0,847.8499755859375,862.5499877929688,843.2067260742188,3022935
2023-06-27,863.9500122070312,868.0999755859375,852.5999755859375,854.2000122070312,835.0440673828125,1131450
2023-06-28,854.5,860.0,851.0,854.9500122070312,835.7771606445312,914411
2023-06-30,850.0499877929688,863.5499877929688,850.0499877929688,860.9000244140625,841.5938110351562,1394632
2023-07-03,866.9500122070312,866.9500122070312,856.4500122070312,858.8499755859375,839.5897216796875,1226135
2023-07-04,858.6500244140625,861.7000122070312,852.2000122070312,855.5499877929688,836.36376953125,759030
2023-07-05,859.0,861.25,841.1500244140625,845.9000244140625,826.93017578125,2537154
2023-07-06,845.9000244140625,847.5499877929688,841.4000244140625,845.0499877929688,826.0992431640625,2363769
2023-07-07,845.0499877929688,852.5,831.7999877929688,833.25,814.5638427734375,1811594
2023-07-10,841.5,841.5,822.0,825.6500244140625,807.13427734375,1177214
2023-07-11,826.0,843.0,825.75,840.2999877929688,821.4557495117188,2167322
2023-07-12,844.9500122070312,847.7999877929688,838.7999877929688,843.25,824.339599609375,1435731
2023-07-13,847.0,849.0,835.2000122070312,837.3499755859375,818.5718994140625,985928
2023-07-14,838.9500122070312,852.75,833.5999755859375,851.5,832.4046020507812,1705168
2023-07-17,855.0999755859375,860.7000122070312,849.3499755859375,852.5999755859375,833.4799194335938,1200820
2023-07-18,854.2000122070312,863.0,848.4500122070312,858.7000122070312,839.443115234375,1412514
2023-07-19,864.9500122070312,864.9500122070312,854.4000244140625,860.4500122070312,841.1539306640625,952601
2023-07-20,860.0,875.0,854.5499877929688,873.0999755859375,853.5201416015625,1381298
2023-07-21,873.7000122070312,876.4000244140625,849.5999755859375,852.3499755859375,833.2355346679688,1230534
2023-07-24,854.0,867.0,848.9000244140625,863.0999755859375,843.7444458007812,1149904
2023-07-25,863.0999755859375,869.5,856.0,868.5499877929688,849.0722045898438,873678
2023-07-26,873.9500122070312,883.9500122070312,869.5499877929688,873.9000244140625,854.30224609375,1940116
2023-07-27,875.9500122070312,880.0,847.7000122070312,850.0499877929688,830.987060546875,3203072
2023-07-28,854.25,860.4000244140625,842.0,859.3499755859375,840.0784912109375,2365708
2023-07-31,859.3499755859375,860.8499755859375,852.5,859.2999877929688,840.0296630859375,1454789
2023-08-01,861.9000244140625,863.2999877929688,853.0999755859375,856.75,837.536865234375,987812
2023-08-02,855.0,855.0,838.2000122070312,843.0499877929688,824.1441040039062,1604731
2023-08-03,840.0,841.6500244140625,832.5499877929688,835.4000244140625,816.6656494140625,1375222
2023-08-04,837.0499877929688,841.5999755859375,832.2999877929688,834.7999877929688,816.0790405273438,887582
2023-08-07,836.9500122070312,840.6500244140625,829.5,837.7999877929688,819.0118408203125,1106208
2023-08-08,839.0,853.0999755859375,833.75,847.4500122070312,828.4454345703125,1252297
2023-08-09,851.0,862.4500122070312,847.6500244140625,860.2000122070312,840.9095458984375,1704615
2023-08-10,861.1500244140625,863.2000122070312,848.0,850.5499877929688,831.4758911132812,941390
2023-08-11,849.7000122070312,853.8499755859375,835.0,836.9000244140625,818.1320190429688,909080
2023-08-14,838.8499755859375,845.9000244140625,829.6500244140625,844.7000122070312,825.757080078125,754694
2023-08-16,840.9000244140625,843.4500122070312,836.7999877929688,840.7000122070312,821.8468017578125,360863
2023-08-17,835.0,845.9500122070312,835.0,844.25,825.317138671875,1105325
2023-08-18,845.0,848.9500122070312,835.5,842.5499877929688,823.6552734375,1145798
2023-08-21,846.0,849.4000244140625,840.7999877929688,848.5,829.4718627929688,680778
2023-08-22,847.0,851.5499877929688,844.0,848.7999877929688,829.76513671875,782931
2023-08-23,848.0,848.0,840.3499755859375,844.5499877929688,825.6104736328125,516482
2023-08-24,845.0,854.7999877929688,842.0999755859375,844.2000122070312,825.268310546875,1482572
2023-08-25,840.0,846.1500244140625,830.1500244140625,832.5499877929688,813.8795166015625,1149261
2023-08-28,832.5,842.9500122070312,828.25,841.7999877929688,822.922119140625,649996
2023-08-29,841.0,843.9500122070312,836.0,838.25,819.4517211914062,606053
2023-08-30,841.0,849.2999877929688,838.7000122070312,848.3499755859375,829.3251953125,604884
2023-08-31,848.3499755859375,851.4500122070312,829.0499877929688,834.3499755859375,815.6390991210938,2025392
2023-09-01,833.0,847.4000244140625,833.0,844.1500244140625,825.2194213867188,661741
2023-09-04,844.0,849.0,837.0,846.0499877929688,827.0767822265625,705024
2023-09-05,847.0,852.4000244140625,843.0499877929688,846.2999877929688,827.3212280273438,745626
2023-09-06,845.7999877929688,883.0,845.5,878.9000244140625,859.1901245117188,3618782
2023-09-07,865.7000122070312,866.9500122070312,854.0,858.7000122070312,839.443115234375,3458930
2023-09-08,864.0,864.8499755859375,851.75,853.0999755859375,833.9686279296875,901217
2023-09-11,855.5,864.9500122070312,854.75,862.5999755859375,843.255615234375,1039583
2023-09-12,867.0,874.0,856.0,864.75,845.357421875,1795152
2023-09-13,862.0,891.25,860.1500244140625,889.2999877929688,869.3568725585938,2812359
2023-09-14,895.0,897.7000122070312,881.0,884.5499877929688,864.7134399414062,2205160
2023-09-15,887.5499877929688,889.75,873.5,875.9000244140625,856.2573852539062,1104866
2023-09-18,883.0,885.9500122070312,875.9000244140625,880.9500122070312,861.1942138671875,1084407
2023-09-20,880.7999877929688,880.9000244140625,865.0,869.7000122070312,850.1964721679688,924868
2023-09-21,869.0,874.0,861.2000122070312,871.0,851.46728515625,1165593
2023-09-22,871.0,889.8499755859375,870.0499877929688,877.75,858.0658569335938,1518828
2023-09-25,881.9500122070312,905.5999755859375,870.5499877929688,900.5999755859375,880.4034423828125,2700627
2023-09-26,907.5999755859375,909.9000244140625,891.5,895.2000122070312,875.1245727539062,2064298
2023-09-27,899.0,904.0,886.9000244140625,888.8499755859375,868.9169311523438,1233749
2023-09-28,894.7999877929688,896.0,870.0999755859375,876.5,856.843994140625,1801983
2023-09-29,885.9000244140625,885.9000244140625,873.7000122070312,876.9000244140625,857.2349853515625,817204
2023-10-03,870.0,879.5499877929688,864.0999755859375,871.9000244140625,852.3471069335938,1183376
2023-10-04,867.0,869.8499755859375,855.0,864.75,845.357421875,623081
2023-10-05,866.0499877929688,869.25,857.5,860.2000122070312,840.9095458984375,749977
2023-10-06,861.0,877.5,861.0,874.75,855.1332397460938,960117
2023-10-09,868.0,883.8499755859375,866.7999877929688,880.6500244140625,860.90087890625,1200788
2023-10-10,885.0,892.4000244140625,881.75,888.75,868.8191528320312,870512
2023-10-11,895.0,897.2000122070312,886.2000122070312,888.4000244140625,868.4771118164062,1062565
2023-10-12,888.9000244140625,894.1500244140625,883.2000122070312,892.3499755859375,872.3385009765625,775364
2023-10-13,890.25,918.0,888.8499755859375,913.3499755859375,892.8675537109375,5120134
2023-10-16,917.7999877929688,917.7999877929688,906.0499877929688,908.5999755859375,888.2240600585938,1524935
2023-10-17,912.0499877929688,928.0,905.1500244140625,907.8499755859375,887.4909057617188,3228492
2023-10-18,912.4500122070312,915.0,892.0999755859375,895.7000122070312,875.6134643554688,1218914
2023-10-19,896.0,900.4000244140625,879.0499877929688,895.4000244140625,875.3201293945312,1430475
2023-10-20,891.9500122070312,901.7999877929688,888.6500244140625,898.9500122070312,878.79052734375,2295312
2023-10-23,898.75,906.0499877929688,880.25,883.0999755859375,863.2958984375,973113
2023-10-25,883.2999877929688,894.4500122070312,882.3499755859375,890.0,870.0411987304688,1531972
2023-10-26,883.25,886.9500122070312,872.0,880.3499755859375,860.6076049804688,1966650
2023-10-27,880.0,894.5,876.0,891.0999755859375,871.1165161132812,797507
2023-10-30,886.0,896.0,880.2000122070312,893.5499877929688,873.5115966796875,1147541
2023-10-31,899.5,903.4000244140625,892.0,900.5,880.3057250976562,1082510
2023-11-01,906.0,920.0,895.7000122070312,903.1500244140625,882.8963623046875,2678745
2023-11-02,910.1500244140625,917.7000122070312,903.5499877929688,911.25,890.8146362304688,1082513
2023-11-03,912.0,919.2999877929688,911.25,913.7000122070312,893.209716796875,901911
2023-11-06,916.75,923.7000122070312,916.0,918.6500244140625,898.0487060546875,742374
2023-11-07,920.0,923.7000122070312,913.0,922.0499877929688,901.3724365234375,819721
2023-11-08,922.5,929.4500122070312,914.1500244140625,916.2999877929688,895.75146484375,1090425
2023-11-09,916.2999877929688,918.9500122070312,898.3499755859375,902.8499755859375,882.60302734375,3194352
2023-11-10,902.8499755859375,916.8499755859375,896.5,912.7000122070312,892.232177734375,3846444
2023-11-13,914.0,920.4500122070312,907.0999755859375,916.5499877929688,895.995849609375,904887
2023-11-15,921.4000244140625,932.0,916.3499755859375,929.5999755859375,908.7531127929688,1564164
2023-11-16,933.0,933.0,918.0,920.0499877929688,899.4172973632812,1315309
2023-11-17,922.0,934.0,921.0,930.8499755859375,909.97509765625,961365
2023-11-20,935.5,940.8499755859375,928.2000122070312,930.8499755859375,909.97509765625,1169030
2023-11-21,906.0,931.5,906.0,927.7000122070312,906.8958129882812,804344
2023-11-22,931.4500122070312,939.7999877929688,922.25,928.25,907.4334106445312,885449
2023-11-23,929.1500244140625,937.7000122070312,927.0,933.0,912.076904296875,907511
2023-11-24,934.7000122070312,936.8499755859375,924.0,926.9000244140625,906.1137084960938,521207
2023-11-28,925.0,934.9500122070312,924.75,931.8499755859375,910.95263671875,904835
2023-11-29,934.9500122070312,937.9000244140625,930.0,933.5499877929688,912.6145629882812,1047897
2023-11-30,932.0,948.2000122070312,932.0,940.75,919.6531372070312,2982505
2023-12-01,945.9000244140625,952.9000244140625,939.75,942.8499755859375,921.7059326171875,1129388
2023-12-04,954.0,956.5,941.9500122070312,946.6500244140625,925.4207763671875,1112904
2023-12-05,946.7000122070312,954.1500244140625,944.1500244140625,950.0499877929688,928.7445678710938,792716
2023-12-06,954.0,963.0,948.9000244140625,951.7000122070312,930.3575439453125,982484
2023-12-07,952.0,959.5499877929688,950.0499877929688,956.9000244140625,935.44091796875,933106
2023-12-08,960.0,961.8499755859375,943.7999877929688,946.5999755859375,925.371826171875,649090
2023-12-11,949.9000244140625,953.0,944.0499877929688,950.4500122070312,929.1355590820312,476174
2023-12-12,953.0499877929688,961.9500122070312,943.5999755859375,948.75,927.4736938476562,732063
2023-12-13,948.0,959.7000122070312,946.5,957.2999877929688,935.8319702148438,899820
2023-12-14,960.7999877929688,960.7999877929688,944.0999755859375,950.4500122070312,929.1355590820312,1980762
2023-12-15,959.9500122070312,959.9500122070312,948.9000244140625,954.7000122070312,933.2902221679688,1155502
2023-12-18,956.0,958.2000122070312,945.2999877929688,949.7000122070312,928.4024047851562,999922
2023-12-19,953.0,978.0,949.1500244140625,966.1500244140625,944.4835205078125,3897491
2023-12-20,975.0,1010.0,966.1500244140625,976.2999877929688,954.4058837890625,4465789
2023-12-21,976.0,983.9000244140625,963.0499877929688,979.2999877929688,957.3385620117188,1588905
2023-12-22,986.0,998.2999877929688,979.6500244140625,992.7999877929688,970.535888671875,1491449
2023-12-26,993.0,1017.0,992.7999877929688,1007.3499755859375,984.759521484375,1804990
2023-12-27,1014.9500122070312,1029.0,1010.0999755859375,1026.75,1003.7245483398438,1799498
2023-12-28,1030.75,1050.0,1025.300048828125,1041.0,1017.6549072265625,2052402
2023-12-29,1053.949951171875,1094.0,1047.699951171875,1086.800048828125,1062.4278564453125,5017576
2024-01-01,1093.8499755859375,1093.8499755859375,1076.0,1080.0999755859375,1055.8780517578125,936544
2024-01-02,1086.3499755859375,1103.050048828125,1079.5,1097.75,1073.13232421875,2635193
2024-01-03,1097.949951171875,1099.0999755859375,1082.699951171875,1084.949951171875,1060.6192626953125,1100701
2024-01-04,1088.0999755859375,1128.5999755859375,1086.1500244140625,1125.550048828125,1100.3089599609375,2777186
2024-01-05,1125.0,1131.1500244140625,1117.050048828125,1122.949951171875,1097.7672119140625,1207155
2024-01-08,1125.050048828125,1129.0,1094.6500244140625,1104.949951171875,1080.1707763671875,1722755
2024-01-09,1106.0,1120.1500244140625,1106.0,1111.6500244140625,1086.720703125,998355
2024-01-10,1112.0,1117.699951171875,1101.0,1113.949951171875,1088.968994140625,933127
2024-01-11,1117.0,1124.949951171875,1112.050048828125,1119.25,1094.1502685546875,1084035
2024-01-12,1125.449951171875,1165.550048828125,1123.8499755859375,1159.0,1133.0086669921875,6018282
2024-01-15,1190.0,1190.949951171875,1134.75,1150.800048828125,1124.99267578125,4237485
2024-01-16,1152.550048828125,1162.550048828125,1142.0,1143.699951171875,1118.0517578125,1449691
2024-01-17,1134.0,1152.949951171875,1131.9000244140625,1138.5999755859375,1113.066162109375,1272932
2024-01-18,1134.949951171875,1150.0,1122.5,1146.800048828125,1121.0823974609375,1218211
2024-01-19,1156.75,1165.5999755859375,1146.699951171875,1161.699951171875,1135.6480712890625,900162
2024-01-23,1158.949951171875,1166.0,1138.25,1145.6500244140625,1119.9581298828125,933643
2024-01-24,1145.5999755859375,1161.0,1134.0,1159.0,1133.0086669921875,1040096
2024-01-25,1160.0,1163.6500244140625,1132.3499755859375,1136.75,1111.2576904296875,1125321
2024-01-29,1136.75,1149.199951171875,1135.0,1141.050048828125,1115.46142578125,1588430
2024-01-30,1144.949951171875,1147.199951171875,1120.6500244140625,1122.9000244140625,1097.71826171875,798009
2024-01-31,1125.0,1127.5,1112.0,1118.0,1092.9281005859375,2428738
2024-02-01,1118.0,1134.9000244140625,1108.0,1129.6500244140625,1104.3170166015625,4728358
2024-02-02,1132.0,1170.699951171875,1132.0,1162.75,1136.6746826171875,1741322
2024-02-05,1169.9000244140625,1177.0,1146.300048828125,1150.75,1124.9437255859375,1266268
2024-02-06,1142.0999755859375,1166.800048828125,1142.0999755859375,1163.550048828125,1137.456787109375,1219085
2024-02-07,1168.050048828125,1175.0,1153.050048828125,1166.199951171875,1140.047119140625,864874
2024-02-08,1160.0,1162.9000244140625,1125.0,1137.9000244140625,1112.3819580078125,2477973
2024-02-09,1142.0,1149.4000244140625,1119.8499755859375,1129.25,1103.9259033203125,917196
2024-02-12,1130.050048828125,1134.4000244140625,1075.0,1122.199951171875,1097.033935546875,898953
2024-02-13,1123.0,1141.300048828125,1118.199951171875,1137.800048828125,1112.2843017578125,886148
2024-02-14,1135.050048828125,1139.8499755859375,1120.0,1135.5999755859375,1110.1334228515625,1206706
2024-02-15,1140.050048828125,1146.75,1127.25,1131.4000244140625,1106.027587890625,1278358
2024-02-16,1135.0,1149.4000244140625,1132.4000244140625,1147.449951171875,1121.7176513671875,1213292
2024-02-19,1150.0,1164.25,1144.5,1155.0,1129.098388671875,961914
2024-02-20,1154.5,1159.0,1138.800048828125,1154.4000244140625,1128.5118408203125,1056193
2024-02-21,1155.0,1171.9000244140625,1150.050048828125,1160.75,1134.719482421875,1445959
2024-02-22,1161.0,1164.75,1142.449951171875,1159.5,1133.4974365234375,1689403
2024-02-23,1158.0,1165.5999755859375,1155.199951171875,1160.300048828125,1134.2796630859375,1280859
2024-02-26,1159.0,1182.800048828125,1149.449951171875,1177.0999755859375,1150.702880859375,1292210
2024-02-27,1182.0,1189.699951171875,1174.949951171875,1183.5999755859375,1157.0570068359375,1584564
2024-02-28,1189.75,1205.0,1163.0999755859375,1167.949951171875,1141.7579345703125,2170054
2024-02-29,1166.949951171875,1199.0,1150.5999755859375,1190.050048828125,1163.3624267578125,2722341
2024-03-01,1204.0,1213.6500244140625,1194.25,1201.0,1174.06689453125,1804771
2024-03-04,1206.949951171875,1214.0,1190.0,1203.25,1176.266357421875,790960
2024-03-05,1206.8499755859375,1211.9000244140625,1196.0,1200.5999755859375,1173.67578125,867925
2024-03-06,1203.800048828125,1223.0,1192.0,1220.050048828125,1192.689697265625,1367260
2024-03-07,1228.0,1268.9000244140625,1216.75,1261.550048828125,1233.2589111328125,3522952
2024-03-11,1263.0,1269.0,1209.0,1220.6500244140625,1193.2762451171875,2609165
2024-03-12,1227.449951171875,1227.8499755859375,1209.1500244140625,1215.199951171875,1187.9483642578125,1089396
2024-03-13,1215.5,1217.4000244140625,1170.699951171875,1178.949951171875,1152.5113525390625,2050756
2024-03-14,1160.050048828125,1205.050048828125,1160.050048828125,1198.3499755859375,1171.4761962890625,2211062
2024-03-15,1200.0,1219.8499755859375,1175.9000244140625,1212.1500244140625,1184.9669189453125,2843465
2024-03-18,1213.050048828125,1217.6500244140625,1184.300048828125,1186.949951171875,1160.331787109375,803158
2024-03-19,1184.9000244140625,1184.9000244140625,1139.8499755859375,1146.25,1120.5445556640625,2152306
2024-03-20,1143.0999755859375,1153.4000244140625,1111.699951171875,1124.050048828125,1098.8424072265625,2070193
2024-03-21,1134.0,1138.949951171875,1121.5,1133.949951171875,1108.5205078125,1901034
2024-03-22,1133.949951171875,1140.0,1119.0,1122.75,1097.57177734375,1696377
2024-03-26,1105.3499755859375,1121.0999755859375,1105.3499755859375,1112.550048828125,1087.6004638671875,2407110
2024-03-27,1115.3499755859375,1117.0,1084.0999755859375,1091.050048828125,1066.5826416015625,1962948
2024-03-28,1103.9000244140625,1109.0,1093.6500244140625,1096.199951171875,1071.6170654296875,6721940
2024-04-01,1100.0,1104.4000244140625,1083.0999755859375,1086.9000244140625,1062.525634765625,2229535
2024-04-02,1091.800048828125,1133.4000244140625,1085.0999755859375,1131.1500244140625,1105.783203125,5107047
2024-04-03,1129.0,1129.0,1112.800048828125,1119.5,1094.39453125,1133287
2024-04-04,1132.800048828125,1132.9000244140625,1108.550048828125,1117.949951171875,1092.8792724609375,2403608
2024-04-05,1116.0,1124.9000244140625,1111.0,1115.550048828125,1090.533203125,627856
2024-04-08,1120.0,1140.449951171875,1117.0,1137.3499755859375,1111.84423828125,1833218
2024-04-09,1141.0,1141.0,1121.5,1125.5999755859375,1100.357666015625,1184800
2024-04-10,1130.0,1151.5,1118.699951171875,1145.300048828125,1119.6160888671875,1374918
2024-04-12,1144.3499755859375,1156.6500244140625,1134.449951171875,1149.449951171875,1123.6727294921875,2006949
2024-04-15,1125.0,1136.699951171875,1111.0,1130.6500244140625,1105.29443359375,1990224
2024-04-16,1117.0,1138.9000244140625,1113.949951171875,1135.6500244140625,1110.1822509765625,1051408
2024-04-18,1143.0,1159.0,1127.550048828125,1134.550048828125,1109.1070556640625,2573549
2024-04-19,1104.5,1150.5999755859375,1104.050048828125,1138.0999755859375,1112.5772705078125,2160942
2024-04-22,1140.949951171875,1177.800048828125,1140.949951171875,1170.949951171875,1144.690673828125,2299311
2024-04-23,1173.0,1179.9000244140625,1152.0,1173.3499755859375,1147.036865234375,1930671
2024-04-24,1106.0,1137.699951171875,1104.0,1110.1500244140625,1085.254150390625,6447489
2024-04-25,1116.0,1116.0,1077.4000244140625,1106.25,1081.441650390625,6233672
2024-04-26,1111.800048828125,1111.800048828125,1084.050048828125,1102.6500244140625,1077.9224853515625,3426210
2024-04-29,1108.9000244140625,1110.4000244140625,1088.9000244140625,1098.5,1073.865478515625,2254895
2024-04-30,1099.9000244140625,1114.25,1095.6500244140625,1108.3499755859375,1083.494384765625,2504796
2024-05-02,1114.0,1114.0,1081.0999755859375,1091.1500244140625,1066.6802978515625,3423995
2024-05-03,1095.0,1114.9000244140625,1089.800048828125,1094.300048828125,1069.7596435546875,2935813
2024-05-06,1105.0,1109.6500244140625,1090.050048828125,1098.1500244140625,1073.5233154296875,1076304
2024-05-07,1095.050048828125,1121.550048828125,1090.0999755859375,1099.4000244140625,1074.745361328125,2614541
2024-05-08,1102.4000244140625,1117.8499755859375,1095.1500244140625,1115.050048828125,1090.0443115234375,1071294
2024-05-09,1114.0,1114.699951171875,1078.0,1085.050048828125,1060.7171630859375,1743688
2024-05-10,1087.949951171875,1093.949951171875,1067.6500244140625,1090.949951171875,1066.484619140625,1080599
2024-05-13,1086.0999755859375,1101.0,1076.050048828125,1096.949951171875,1072.35009765625,933422
2024-05-14,1096.0,1098.4000244140625,1082.199951171875,1085.449951171875,1061.108154296875,1194960
2024-05-15,1086.0,1090.8499755859375,1056.0,1068.9000244140625,1044.9293212890625,1920081
2024-05-16,1071.0,1102.550048828125,1057.8499755859375,1099.75,1075.08740234375,2665288
2024-05-17,1093.0,1101.199951171875,1089.1500244140625,1095.199951171875,1070.639404296875,1069069
2024-05-21,1089.0,1097.5999755859375,1088.949951171875,1093.949951171875,1069.4173583984375,906092
2024-05-22,1100.0,1122.0,1093.949951171875,1120.3499755859375,1095.225341796875,2032291
2024-05-23,1127.449951171875,1131.199951171875,1104.0,1117.949951171875,1092.8792724609375,2087340
2024-05-24,1111.0,1111.0,1096.0,1098.25,1081.0230712890625,1424791
2024-05-27,1099.0,1110.0,1086.6500244140625,1087.9000244140625,1070.83544921875,1881215
2024-05-28,1089.0,1097.949951171875,1080.0,1095.550048828125,1078.365478515625,981637
2024-05-29,1085.0,1090.0,1068.0,1071.300048828125,1054.495849609375,1526469
2024-05-30,1071.0,1074.449951171875,1052.0,1067.199951171875,1050.4599609375,2743237
2024-05-31,1069.699951171875,1070.800048828125,1048.300048828125,1060.25,1043.6190185546875,4787041
2024-06-03,1076.4000244140625,1082.9000244140625,1063.3499755859375,1069.1500244140625,1052.3795166015625,1323788
2024-06-04,1069.1500244140625,1092.5999755859375,1028.9000244140625,1087.0,1069.949462890625,3223165
2024-06-05,1109.0,1160.0,1093.1500244140625,1142.4000244140625,1124.48046875,6089603
2024-06-06,1148.0,1148.0,1119.5999755859375,1139.9000244140625,1122.019775390625,2655137
2024-06-07,1149.0,1149.0,1131.5999755859375,1135.6500244140625,1117.83642578125,1877248
2024-06-10,1139.0,1143.449951171875,1125.6500244140625,1133.050048828125,1115.2772216796875,1392359
2024-06-11,1133.050048828125,1144.800048828125,1126.699951171875,1135.5999755859375,1117.787109375,805013
2024-06-12,1142.0,1142.0,1123.5,1124.6500244140625,1107.0089111328125,773116
2024-06-13,1130.0,1133.0,1104.050048828125,1114.5999755859375,1097.1165771484375,1605436
2024-06-14,1114.5999755859375,1124.949951171875,1110.0999755859375,1112.449951171875,1095.000244140625,1107470
2024-06-18,1112.449951171875,1128.300048828125,1112.449951171875,1126.9000244140625,1109.2236328125,1161864
2024-06-19,1129.699951171875,1130.9000244140625,1103.0,1105.5999755859375,1088.2576904296875,1201455
2024-06-20,1108.050048828125,1108.3499755859375,1096.0999755859375,1103.25,1085.9447021484375,1223872
2024-06-21,1103.300048828125,1105.0,1081.800048828125,1084.9000244140625,1067.882568359375,1634958
2024-06-24,1080.1500244140625,1104.0,1077.1500244140625,1101.949951171875,1084.6649169921875,912255
2024-06-25,1108.1500244140625,1108.199951171875,1090.0,1094.5999755859375,1077.4302978515625,932314
2024-06-26,1095.050048828125,1099.800048828125,1083.0999755859375,1086.9000244140625,1069.85107421875,1003738
2024-06-27,1090.0999755859375,1096.449951171875,1077.8499755859375,1085.5999755859375,1068.571533203125,2272855
2024-06-28,1085.5999755859375,1104.0,1085.0,1097.449951171875,1080.2354736328125,1129490
2024-07-01,1090.0999755859375,1097.449951171875,1088.0,1094.550048828125,1077.381103515625,767705
2024-07-02,1096.0,1110.0,1080.0,1105.0,1087.6671142578125,2026189
2024-07-03,1114.0,1148.5999755859375,1112.050048828125,1146.3499755859375,1128.3685302734375,4406793
2024-07-04,1147.550048828125,1154.800048828125,1133.300048828125,1135.199951171875,1117.3934326171875,2113837
2024-07-05,1135.4000244140625,1150.949951171875,1132.699951171875,1137.4000244140625,1119.5589599609375,1281630
2024-07-08,1138.0,1164.0,1136.0,1150.800048828125,1132.748779296875,1958676
2024-07-09,1161.4000244140625,1168.5,1140.0,1142.199951171875,1124.2835693359375,1545936
2024-07-10,1142.199951171875,1156.75,1130.0,1150.800048828125,1132.748779296875,1015150
2024-07-11,1150.550048828125,1153.4000244140625,1125.5,1131.4000244140625,1113.653076171875,1883264
2024-07-12,1135.0,1154.0,1130.050048828125,1152.25,1134.176025390625,1092749
2024-07-15,1152.5,1157.0,1139.800048828125,1148.800048828125,1130.7802734375,1201063
2024-07-16,1148.800048828125,1179.0,1142.75,1176.25,1157.799560546875,2152821
2024-07-18,1160.574462890625,1179.933837890625,1155.6358642578125,1178.74853515625,1160.2589111328125,2591377
2024-07-19,1185.2674560546875,1185.3663330078125,1168.4761962890625,1173.414794921875,1155.0087890625,1402279
2024-07-22,1170.45166015625,1196.03369140625,1167.7354736328125,1190.008544921875,1171.34228515625,1719663
2024-07-23,1200.0833740234375,1247.0989990234375,1185.514404296875,1241.468994140625,1221.99560546875,5204189
2024-07-24,1241.5677490234375,1242.2591552734375,1202.453857421875,1216.1339111328125,1197.057861328125,3367339
2024-07-25,1216.8746337890625,1219.8377685546875,1194.0089111328125,1208.5777587890625,1189.6202392578125,2529080
2024-07-26,1216.050048828125,1218.949951171875,1205.4000244140625,1213.6500244140625,1194.6129150390625,802492
2024-07-29,1215.0,1222.0,1185.0,1201.4000244140625,1182.55517578125,1944124
2024-07-30,1206.0,1211.4000244140625,1189.199951171875,1194.9000244140625,1176.156982421875,1331004
2024-07-31,1193.0,1193.0,1167.0,1188.949951171875,1170.30029296875,2994289
2024-08-01,1188.949951171875,1216.0,1188.0,1208.3499755859375,1189.3961181640625,1675363
2024-08-02,1200.0,1220.0,1190.0,1193.6500244140625,1174.9266357421875,1262150
2024-08-05,1176.0,1213.5999755859375,1151.0,1199.4000244140625,1180.58642578125,3718458
2024-08-06,1200.0,1212.0999755859375,1182.8499755859375,1185.5999755859375,1167.0029296875,1304014
2024-08-07,1182.550048828125,1207.75,1182.550048828125,1199.5999755859375,1180.7833251953125,759323
2024-08-08,1192.0,1195.0,1174.0,1178.300048828125,1159.8175048828125,1298997
2024-08-09,1188.9000244140625,1188.9000244140625,1180.0,1186.1500244140625,1167.5443115234375,489864
2024-08-12,1176.0,1184.3499755859375,1166.050048828125,1170.800048828125,1152.4351806640625,787584
2024-08-13,1172.699951171875,1182.75,1167.5999755859375,1178.800048828125,1160.3096923828125,785371
2024-08-14,1187.0,1187.0999755859375,1158.699951171875,1167.550048828125,1149.236083984375,991108
2024-08-16,1168.0,1190.6500244140625,1168.0,1187.75,1169.119140625,831846
2024-08-19,1198.0,1200.0,1171.550048828125,1177.4000244140625,1158.9315185546875,682374
2024-08-20,1182.949951171875,1182.949951171875,1166.75,1171.199951171875,1152.8287353515625,673329
2024-08-21,1171.949951171875,1181.0,1167.050048828125,1177.550048828125,1159.0792236328125,802420
2024-08-22,1184.050048828125,1209.8499755859375,1181.0,1205.800048828125,1186.885986328125,2041300
2024-08-23,1212.0,1215.0,1194.9000244140625,1196.800048828125,1178.02734375,852159
2024-08-26,1205.0,1221.8499755859375,1194.050048828125,1220.050048828125,1200.91259765625,1045317
2024-08-27,1220.0,1220.550048828125,1208.0,1209.5999755859375,1190.6263427734375,483025
2024-08-28,1210.0,1215.3499755859375,1196.5999755859375,1201.1500244140625,1182.30908203125,779730
2024-08-29,1201.1500244140625,1208.9000244140625,1185.25,1198.449951171875,1179.6512451171875,1062444
2024-08-30,1195.0,1207.5,1195.0,1200.1500244140625,1181.32470703125,2550399
2024-09-02,1200.0,1227.0,1197.199951171875,1199.699951171875,1180.8817138671875,1852516
2024-09-03,1209.0,1218.3499755859375,1196.300048828125,1199.0,1180.192626953125,1884428
2024-09-04,1196.050048828125,1198.949951171875,1175.0,1194.949951171875,1176.2061767578125,1633635
2024-09-05,1199.5,1206.8499755859375,1185.6500244140625,1188.6500244140625,1170.005126953125,1062421
2024-09-06,1188.0,1191.75,1168.75,1173.8499755859375,1155.4371337890625,989655
2024-09-09,1173.8499755859375,1195.949951171875,1169.9000244140625,1192.050048828125,1173.351806640625,1969830
2024-09-10,1200.0,1212.949951171875,1196.25,1204.1500244140625,1185.261962890625,1815998
2024-09-11,1209.9000244140625,1219.0,1201.25,1204.4000244140625,1185.508056640625,1837013
2024-09-12,1210.0,1225.949951171875,1199.3499755859375,1222.75,1203.5701904296875,2635403
2024-09-13,1226.0,1227.0,1208.050048828125,1210.300048828125,1191.3154296875,1569211
2024-09-16,1220.0,1223.75,1207.0,1218.5,1199.3868408203125,984584
2024-09-17,1223.0,1234.300048828125,1212.1500244140625,1220.25,1201.109375,1450593
2024-09-18,1220.25,1223.4000244140625,1194.0,1200.8499755859375,1182.013671875,930896
2024-09-19,1207.0,1225.5999755859375,1204.050048828125,1215.25,1196.1878662109375,2737652
2024-09-20,1220.0,1230.949951171875,1213.3499755859375,1216.8499755859375,1197.7626953125,3533125
2024-09-23,1222.0,1233.6500244140625,1210.25,1211.550048828125,1192.5458984375,2818001
2024-09-24,1216.0,1227.9000244140625,1210.050048828125,1211.6500244140625,1192.644287109375,3393528
2024-09-25,1213.9000244140625,1216.0,1182.050048828125,1189.5999755859375,1170.940185546875,2448744
2024-09-26,1195.0,1217.0,1191.1500244140625,1213.449951171875,1194.416015625,2323705
2024-09-27,1213.949951171875,1215.699951171875,1199.0,1201.550048828125,1182.70263671875,2177204
2024-09-30,1194.949951171875,1213.6500244140625,1194.949951171875,1196.949951171875,1178.1748046875,1223096
2024-10-01,1196.949951171875,1205.449951171875,1191.5999755859375,1196.25,1177.48583984375,892381
2024-10-03,1186.0,1190.0,1150.1500244140625,1152.75,1134.668212890625,1912206
2024-10-04,1150.0,1154.75,1125.199951171875,1130.4000244140625,1112.6688232421875,1773781
2024-10-07,1130.4000244140625,1142.6500244140625,1106.949951171875,1111.4000244140625,1093.966796875,1542124
2024-10-08,1111.4000244140625,1124.4000244140625,1105.449951171875,1119.050048828125,1101.496826171875,1738272
2024-10-09,1127.0,1132.0,1110.0,1117.800048828125,1100.2664794921875,1322027
2024-10-10,1117.800048828125,1129.0,1111.4000244140625,1114.1500244140625,1096.6737060546875,1176370
2024-10-11,1118.0,1122.3499755859375,1101.6500244140625,1113.0999755859375,1095.6400146484375,569469
2024-10-14,1120.0,1138.0,1105.5999755859375,1113.550048828125,1096.0831298828125,513799
2024-10-15,1116.0,1119.0,1106.0999755859375,1115.25,1097.7564697265625,768815
2024-10-16,1115.199951171875,1120.0,1102.0999755859375,1113.949951171875,1096.4766845703125,738403
2024-10-17,1113.0,1117.0,1087.6500244140625,1090.1500244140625,1073.050048828125,975432
2024-10-18,1090.1500244140625,1098.1500244140625,1072.050048828125,1093.25,1076.1014404296875,953926
2024-10-21,1047.0,1059.449951171875,986.3499755859375,1017.0499877929688,1001.0967407226562,11484692
2024-10-22,1023.2999877929688,1023.8499755859375,994.5,998.25,982.5916748046875,2742491
2024-10-23,1000.0,1016.7999877929688,995.0,1014.5499877929688,998.6359252929688,1936612
2024-10-24,1017.9500122070312,1022.0999755859375,994.9000244140625,996.4500122070312,980.8198852539062,2014701
2024-10-25,996.9000244140625,1003.5499877929688,970.5,973.0499877929688,957.786865234375,2258366
2024-10-28,973.0499877929688,983.3499755859375,964.0,975.9000244140625,960.5922241210938,2364081
2024-10-29,982.0,995.2999877929688,973.7999877929688,992.0499877929688,976.4888916015625,1256095
2024-10-30,991.25,1027.0,988.1500244140625,1022.7000122070312,1006.6581420898438,2048134
2024-10-31,1025.0,1027.9000244140625,997.0999755859375,1002.5499877929688,986.8241577148438,1381633
2024-11-01,1002.5499877929688,1012.0,1000.0,1004.0999755859375,988.349853515625,212772
2024-11-04,998.0,1000.9500122070312,976.0499877929688,994.5999755859375,978.9989013671875,1427199
2024-11-05,985.0999755859375,1013.0999755859375,985.0999755859375,1000.75,985.0523681640625,1163041
2024-11-06,1002.0,1010.6500244140625,997.9000244140625,1007.0499877929688,991.2536010742188,683591
2024-11-07,1007.5,1010.0,983.5499877929688,984.8499755859375,969.4017944335938,1144864
2024-11-08,989.0,997.2999877929688,975.4000244140625,992.9500122070312,977.3748168945312,973252
2024-11-11,993.2000122070312,997.9500122070312,973.25,975.9500122070312,960.6414794921875,1108758
2024-11-12,975.9500122070312,986.3499755859375,965.5499877929688,967.5499877929688,952.3731689453125,968082
2024-11-13,965.0,969.9500122070312,950.0,952.75,937.8053588867188,948691
2024-11-14,950.0,955.25,922.0,925.0,910.4906005859375,1950720
2024-11-18,929.7999877929688,942.5,916.0,930.75,916.1504516601562,2193819
2024-11-19,935.0,940.5,915.0499877929688,917.1500244140625,902.7637939453125,1844903
2024-11-21,917.1500244140625,922.0,900.5,911.7000122070312,897.3992309570312,1550618
2024-11-22,916.25,948.5,912.8499755859375,945.2000122070312,930.373779296875,1427895
2024-11-25,950.0,962.75,946.5999755859375,955.7000122070312,940.7091064453125,2468847
2024-11-26,960.0,967.4500122070312,951.9500122070312,963.5499877929688,948.4359130859375,638057
2024-11-27,964.0,965.0999755859375,952.7000122070312,960.0499877929688,944.9907836914062,786040
2024-11-28,960.0,972.7000122070312,938.2999877929688,941.0499877929688,926.288818359375,1834887
2024-11-29,941.7999877929688,964.4000244140625,941.5,958.6500244140625,943.61279296875,1482253
2024-12-02,958.6500244140625,962.8499755859375,947.2999877929688,957.0,941.9887084960938,916920
2024-12-03,958.0499877929688,959.75,948.6500244140625,955.0,940.02001953125,1346981
2024-12-04,956.0,963.8499755859375,949.6500244140625,961.2000122070312,946.122802734375,1236061
2024-12-05,965.0,970.9500122070312,946.25,966.4500122070312,951.2904663085938,2043341
2024-12-06,970.0,976.4000244140625,964.0999755859375,974.4500122070312,959.1649780273438,1893714
2024-12-09,974.0,974.0,931.5,933.9500122070312,919.3002319335938,3679131
2024-12-10,938.5,938.5999755859375,925.2000122070312,926.75,912.2131958007812,1990270
2024-12-11,931.4000244140625,942.9500122070312,929.4000244140625,935.0499877929688,920.3829956054688,1356603
2024-12-12,937.0,938.4500122070312,916.0,921.25,906.7994384765625,1913140
2024-12-13,919.25,931.0,907.4000244140625,929.7000122070312,915.1168823242188,1278151
2024-12-16,929.7000122070312,934.6500244140625,917.0,920.3499755859375,905.9135131835938,848667
2024-12-17,920.3499755859375,922.0,900.0,904.9000244140625,890.7059326171875,1597108
2024-12-18,905.0,916.9000244140625,904.4500122070312,909.3499755859375,895.0860595703125,1154541
2024-12-19,908.0,918.0,901.0999755859375,907.0999755859375,892.8713989257812,2589001
2024-12-20,907.0,916.5,882.9000244140625,889.4500122070312,875.498291015625,2441036
2024-12-23,894.9500122070312,906.0,890.0,902.75,888.5896606445312,1054695
2024-12-24,904.9500122070312,912.9500122070312,896.7999877929688,907.2999877929688,893.0682373046875,1038280
2024-12-26,908.0,911.3499755859375,898.5999755859375,900.9500122070312,886.81787109375,595956
2024-12-27,902.0,911.4000244140625,899.0,907.9500122070312,893.7080688476562,870974
2024-12-30,907.9500122070312,912.0,898.7000122070312,903.5,889.3278198242188,1830048
2024-12-31,899.0,917.1500244140625,893.0999755859375,914.7000122070312,900.3521728515625,1120133
2025-01-01,913.0,922.5,911.0,920.2999877929688,905.8643188476562,641424
2025-01-02,921.0,931.25,913.0499877929688,929.6500244140625,915.0676879882812,1705632
2025-01-03,932.7000122070312,941.9000244140625,926.0,939.4500122070312,924.7139282226562,1832664
2025-01-06,935.0,955.0,929.0999755859375,946.9000244140625,932.047119140625,2692614
2025-01-07,952.0,972.0,949.75,955.0,940.02001953125,2413582
2025-01-08,955.0,963.8499755859375,945.4500122070312,961.5999755859375,946.5164794921875,1235226
2025-01-09,957.4500122070312,982.7999877929688,954.5,970.0999755859375,954.8831787109375,2130681
2025-01-10,965.2000122070312,980.0,959.0,972.7999877929688,957.540771484375,1443387
2025-01-13,945.2000122070312,969.0499877929688,945.0,965.4500122070312,950.3060913085938,1876479
2025-01-14,965.7000122070312,977.0,958.5999755859375,963.1500244140625,948.042236328125,1558290
2025-01-15,963.1500244140625,963.1500244140625,944.5999755859375,955.5499877929688,940.5614013671875,3190709
2025-01-16,960.0,960.0,926.0499877929688,937.7000122070312,922.9913940429688,2019985
2025-01-17,942.0,959.3499755859375,935.3499755859375,954.4500122070312,939.4786987304688,677451
2025-01-20,960.0,968.5999755859375,944.4500122070312,960.2999877929688,945.2368774414062,702848
2025-01-21,961.0499877929688,978.0,957.9000244140625,972.0999755859375,956.851806640625,2281022
2025-01-22,976.9000244140625,981.7000122070312,958.1500244140625,967.4000244140625,952.2255249023438,1759236
2025-01-23,967.3499755859375,993.5,961.1500244140625,983.9000244140625,968.4667358398438,1235360
2025-01-24,988.75,1004.0,986.4000244140625,992.3499755859375,976.7841796875,2201712
2025-01-27,989.0499877929688,998.4000244140625,960.0,965.7999877929688,950.650634765625,1806238
2025-01-28,970.9500122070312,979.25,958.0,961.25,946.1720581054688,1647098
2025-01-29,961.25,966.6500244140625,938.0,960.5,945.4337768554688,1479070
2025-01-30,965.9500122070312,975.0,953.0,966.7000122070312,951.5365600585938,1706978
2025-01-31,970.0,1031.199951171875,967.9000244140625,1024.6500244140625,1008.5775756835938,5028986
2025-02-01,1026.0,1075.0,1014.75,1069.8499755859375,1053.0684814453125,3077657
2025-02-03,1067.3499755859375,1074.449951171875,1033.6500244140625,1036.300048828125,1020.0448608398438,1298543
2025-02-04,1040.0,1043.800048828125,1019.0499877929688,1034.199951171875,1017.9776611328125,2251233
2025-02-05,1035.0999755859375,1035.25,1010.5499877929688,1015.2999877929688,999.3742065429688,1628436
2025-02-06,1020.4000244140625,1026.300048828125,1010.1500244140625,1023.3499755859375,1007.2978515625,1172479
2025-02-07,1031.9000244140625,1031.9000244140625,1012.5499877929688,1021.2000122070312,1005.181640625,941811
2025-02-10,1020.0,1036.8499755859375,1015.7999877929688,1027.5,1011.3828125,1418998
2025-02-11,1029.9000244140625,1035.449951171875,1009.0999755859375,1013.7999877929688,997.897705078125,1204012
2025-02-12,1019.0,1039.0,1010.0499877929688,1029.75,1013.5975341796875,1082392
2025-02-13,1029.75,1037.0,1016.8499755859375,1022.7999877929688,1006.7565307617188,1169309
2025-02-14,1027.9000244140625,1037.8499755859375,1018.0,1022.5499877929688,1006.510498046875,2032391
2025-02-17,1022.0,1027.449951171875,1005.0499877929688,1023.25,1007.199462890625,925113
2025-02-18,1019.0999755859375,1027.949951171875,1018.5499877929688,1026.949951171875,1010.8413696289062,789814
2025-02-19,1024.0,1032.8499755859375,1021.2999877929688,1025.300048828125,1009.2173461914062,782204
2025-02-20,1020.0,1030.25,1003.6500244140625,1008.9000244140625,993.0745849609375,878748
2025-02-21,1008.0,1013.6500244140625,991.4500122070312,1004.0,988.25146484375,1330146
2025-02-24,990.0,1011.0999755859375,990.0,1002.4000244140625,986.6765747070312,1002365
2025-02-25,994.0,1010.0,993.1500244140625,1004.8499755859375,989.0880737304688,1663313
2025-02-27,1005.0,1010.1500244140625,998.25,1008.0,992.188720703125,1362115
2025-02-28,995.0,1001.5,957.3499755859375,963.7000122070312,948.5835571289062,5082193
2025-03-03,963.7000122070312,970.0,948.4000244140625,953.9000244140625,938.9373779296875,1323481
2025-03-04,945.0999755859375,957.8499755859375,943.1500244140625,954.5499877929688,939.5770874023438,1916433
2025-03-05,948.5,965.9500122070312,948.0,956.7999877929688,941.7918090820312,2773457
2025-03-06,964.0,965.0,943.0499877929688,958.1500244140625,943.1206665039062,2421530
2025-03-07,957.0,967.4000244140625,950.1500244140625,962.0499877929688,946.9594116210938,945675
2025-03-10,960.0,969.2999877929688,953.0,957.2999877929688,942.2839965820312,1660207
2025-03-11,956.0,962.4000244140625,930.0999755859375,959.8499755859375,944.7939453125,2748541
2025-03-12,951.6500244140625,961.75,943.3499755859375,945.4500122070312,930.619873046875,1619168
2025-03-13,950.0,955.0,940.1500244140625,946.0999755859375,931.2596435546875,907521
2025-03-17,946.0999755859375,956.5,934.5999755859375,940.4500122070312,925.6983032226562,993027
2025-03-18,940.4500122070312,940.4500122070312,940.4500122070312,940.4500122070312,925.6983032226562,0
2025-03-19,947.5,959.8499755859375,945.25,949.8499755859375,934.9508056640625,1650477
2025-03-20,953.0999755859375,967.7000122070312,950.25,965.8499755859375,950.6998291015625,2403031
2025-03-21,968.0,972.1500244140625,956.5999755859375,961.2000122070312,946.122802734375,3155551
2025-03-24,965.25,976.1500244140625,956.5,970.4500122070312,955.2277221679688,1475967
2025-03-25,979.0,979.9000244140625,959.0,970.7000122070312,955.4738159179688,1569597
2025-03-26,975.0,976.2999877929688,956.9500122070312,959.6500244140625,944.5971069335938,1399118
2025-03-27,963.0,980.4000244140625,952.5,973.5499877929688,958.279052734375,2585170
2025-03-28,975.5,1015.0,975.0,1001.9000244140625,986.1843872070312,2313101
2025-04-01,1003.0,1014.5499877929688,989.25,992.25,976.6857299804688,1045548
2025-04-02,1018.0,1073.1500244140625,1015.0,1062.699951171875,1046.0306396484375,8717812
2025-04-03,1049.9000244140625,1075.25,1048.0999755859375,1071.0,1054.200439453125,1595000
2025-04-04,1065.449951171875,1095.550048828125,1062.9000244140625,1087.8499755859375,1070.7861328125,4089261
2025-04-07,1019.0,1077.699951171875,1019.0,1047.3499755859375,1030.9215087890625,3200820
2025-04-08,1056.0,1073.5,1044.75,1069.75,1052.9700927734375,1444712
2025-04-09,1062.0,1092.949951171875,1060.050048828125,1089.75,1072.6563720703125,2274161
2025-04-11,1125.0,1126.0,1093.75,1097.9000244140625,1080.6785888671875,1888677
2025-04-15,1108.300048828125,1111.0,1094.0999755859375,1103.4000244140625,1086.09228515625,1023355
2025-04-16,1094.0999755859375,1108.9000244140625,1086.800048828125,1105.9000244140625,1088.5531005859375,679360
2025-04-17,1104.0,1133.800048828125,1094.5,1120.199951171875,1102.628662109375,1541674
2025-04-21,1120.199951171875,1129.5,1102.4000244140625,1121.0,1103.4161376953125,692767
2025-04-22,1121.699951171875,1149.0,1118.199951171875,1136.699951171875,1118.869873046875,1231830
2025-04-23,1143.0,1156.5999755859375,1132.5999755859375,1150.0999755859375,1132.0596923828125,1760325
2025-04-24,1151.0,1168.9000244140625,1098.300048828125,1161.300048828125,1143.0841064453125,5766752
2025-04-25,1160.199951171875,1165.0,1130.699951171875,1155.699951171875,1137.5718994140625,1451946
2025-04-28,1146.0999755859375,1162.5,1145.0,1155.199951171875,1137.0797119140625,663435
2025-04-29,1155.199951171875,1174.0999755859375,1149.9000244140625,1168.9000244140625,1150.5648193359375,1439143
2025-04-30,1174.699951171875,1180.5,1152.4000244140625,1165.800048828125,1147.5135498046875,1477319
2025-05-02,1157.0,1176.199951171875,1151.0,1154.699951171875,1136.5875244140625,825657
2025-05-05,1155.5,1173.5999755859375,1153.0,1161.5,1143.2808837890625,1359727
2025-05-06,1161.5,1173.5,1152.5999755859375,1155.300048828125,1137.17822265625,1382140
2025-05-07,1140.0,1162.300048828125,1136.4000244140625,1146.0,1128.0240478515625,1792683
2025-05-08,1136.0,1140.0,1107.5,1116.0,1098.49462890625,2692162
2025-05-09,1098.0,1118.5999755859375,1086.4000244140625,1113.699951171875,1096.230712890625,815694
2025-05-12,1123.0,1155.0,1123.0,1145.5999755859375,1127.6302490234375,748637
2025-05-13,1145.300048828125,1150.300048828125,1116.199951171875,1118.5999755859375,1101.0538330078125,1096797
2025-05-14,1118.5999755859375,1128.9000244140625,1115.800048828125,1120.4000244140625,1102.8255615234375,1386813
2025-05-15,1120.4000244140625,1159.199951171875,1105.5,1147.199951171875,1129.2052001953125,2064096
2025-05-16,1154.9000244140625,1173.5,1144.0,1168.0,1149.678955078125,1336653
2025-05-19,1168.0,1169.699951171875,1143.0,1149.300048828125,1131.2723388671875,786128
2025-05-20,1149.0,1155.199951171875,1126.800048828125,1128.5,1110.798583984375,825451
2025-05-21,1128.5,1153.5,1123.800048828125,1138.800048828125,1120.93701171875,619421
2025-05-22,1138.800048828125,1138.800048828125,1115.5,1126.699951171875,1109.02685546875,1414277
2025-05-23,1126.5,1152.0,1124.0,1140.800048828125,1122.9056396484375,897235
2025-05-26,1137.0,1153.4000244140625,1137.0,1146.300048828125,1128.3193359375,616370
2025-05-27,1146.5999755859375,1149.800048828125,1127.199951171875,1138.4000244140625,1120.543212890625,901912
2025-05-28,1138.4000244140625,1138.800048828125,1119.0,1121.4000244140625,1103.8099365234375,492483
2025-05-29,1115.699951171875,1118.0999755859375,1098.199951171875,1109.800048828125,1100.488037109375,2556089
2025-05-30,1109.800048828125,1119.800048828125,1101.5999755859375,1106.300048828125,1097.0174560546875,2475644
2025-06-02,1100.0,1125.0,1099.199951171875,1120.4000244140625,1110.9991455078125,907133
2025-06-03,1116.0999755859375,1123.199951171875,1110.0999755859375,1114.5999755859375,1105.2476806640625,795876
2025-06-04,1110.0,1125.9000244140625,1110.0,1124.4000244140625,1114.965576171875,635699
2025-06-05,1124.5,1127.0999755859375,1108.199951171875,1111.9000244140625,1102.5704345703125,1044950
2025-06-06,1111.9000244140625,1123.9000244140625,1109.4000244140625,1115.5999755859375,1106.2393798828125,503186
2025-06-09,1115.5999755859375,1122.5,1110.199951171875,1121.199951171875,1111.7923583984375,467790
2025-06-10,1121.199951171875,1128.5999755859375,1112.699951171875,1115.0999755859375,1105.7435302734375,460271
2025-06-11,1115.199951171875,1119.0,1102.0,1104.300048828125,1095.0341796875,862130
2025-06-12,1108.9000244140625,1108.9000244140625,1080.0,1085.0999755859375,1075.9952392578125,941294
2025-06-13,1066.5999755859375,1080.5999755859375,1066.5999755859375,1078.4000244140625,1069.3515625,614108
2025-06-16,1074.0,1085.0,1073.5999755859375,1083.4000244140625,1074.3095703125,439929
2025-06-17,1083.4000244140625,1094.0,1065.5,1071.5999755859375,1062.6085205078125,664517
2025-06-18,1066.4000244140625,1075.800048828125,1059.0,1065.199951171875,1056.26220703125,545933
2025-06-19,1065.199951171875,1091.5999755859375,1061.5999755859375,1088.300048828125,1079.16845703125,2816398
2025-06-20,1088.300048828125,1103.0,1082.699951171875,1100.199951171875,1090.968505859375,2084108
2025-06-23,1090.0,1112.0,1090.0,1109.4000244140625,1100.0914306640625,758904
2025-06-24,1112.0,1116.9000244140625,1104.4000244140625,1107.699951171875,1098.4056396484375,1134930
2025-06-25,1107.699951171875,1133.9000244140625,1106.5999755859375,1126.5,1117.0479736328125,1564437
2025-06-26,1122.0,1150.0,1119.0999755859375,1145.4000244140625,1135.789306640625,2236678
2025-06-27,1144.0,1147.199951171875,1120.0,1124.300048828125,1114.866455078125,622376
2025-06-30,1124.0,1126.699951171875,1090.5999755859375,1098.9000244140625,1089.6795654296875,1836286
2025-07-01,1098.9000244140625,1100.699951171875,1085.9000244140625,1095.5999755859375,1086.4071044921875,971874
2025-07-02,1094.0,1098.300048828125,1084.0,1095.800048828125,1086.6055908203125,1230645
2025-07-03,1096.0,1105.800048828125,1086.699951171875,1089.4000244140625,1080.25927734375,730322
2025-07-04,1091.0,1095.0,1082.0,1089.699951171875,1080.556640625,573351
2025-07-07,1085.0,1108.199951171875,1085.0,1101.9000244140625,1092.654296875,1152136
2025-07-08,1108.0,1108.5999755859375,1093.5,1099.9000244140625,1090.671142578125,605639
2025-07-09,1100.0,1107.4000244140625,1091.5999755859375,1097.9000244140625,1088.6878662109375,752158
2025-07-10,1097.9000244140625,1103.699951171875,1080.0999755859375,1088.9000244140625,1079.763427734375,533377
2025-07-11,1083.9000244140625,1101.800048828125,1074.0,1076.800048828125,1067.7650146484375,983485
2025-07-14,1076.800048828125,1083.5,1070.0,1071.800048828125,1062.806884765625,770739
2025-07-15,1071.800048828125,1085.0,1067.5,1081.800048828125,1072.7230224609375,538506
2025-07-16,1081.800048828125,1089.9000244140625,1068.199951171875,1081.5,1072.425537109375,1753658
2025-07-17,1081.5,1109.699951171875,1080.0,1105.800048828125,1096.5216064453125,1193262
2025-07-18,1106.0,1108.300048828125,1093.5,1095.9000244140625,1086.7047119140625,844437
2025-07-21,1095.800048828125,1095.800048828125,1077.0,1090.300048828125,1081.1517333984375,805610
2025-07-22,1089.9000244140625,1090.300048828125,1075.300048828125,1084.800048828125,1075.6978759765625,961735
2025-07-23,1085.0,1087.0,1051.0,1062.5999755859375,1053.68408203125,1508414
2025-07-24,1084.0,1104.5,1065.5,1072.800048828125,1063.798583984375,6264546
2025-07-25,1078.0,1079.800048828125,1050.0,1054.4000244140625,1045.5528564453125,1180451
2025-07-28,1048.0,1071.0,1044.4000244140625,1059.9000244140625,1051.0067138671875,1219854
2025-07-29,1059.9000244140625,1076.199951171875,1054.0,1061.5999755859375,1052.6925048828125,944513
2025-07-30,1056.0,1083.0,1056.0,1073.0999755859375,1064.095947265625,1175543
2025-07-31,1068.699951171875,1079.699951171875,1054.5,1073.199951171875,1064.195068359375,1114320
2025-08-01,1067.0999755859375,1089.9000244140625,1067.0,1070.4000244140625,1061.418701171875,1040166
2025-08-04,1070.4000244140625,1075.5999755859375,1060.0,1072.5999755859375,1063.60009765625,663828
2025-08-05,1072.5999755859375,1073.0,1059.0999755859375,1064.5999755859375,1055.667236328125,861402
2025-08-06,1061.0,1067.300048828125,1050.5999755859375,1052.800048828125,1043.96630859375,598309
2025-08-07,1051.0,1056.5,1038.699951171875,1052.800048828125,1043.96630859375,600790
2025-08-08,1052.0,1062.0,1043.0,1051.0,1042.181396484375,843741
2025-08-11,1048.0,1062.9000244140625,1037.699951171875,1059.0999755859375,1050.21337890625,617689
2025-08-12,1055.800048828125,1062.9000244140625,1045.0,1046.800048828125,1038.0167236328125,651741
2025-08-13,1047.800048828125,1058.699951171875,1043.199951171875,1056.0999755859375,1047.2386474609375,501792
2025-08-14,1057.199951171875,1059.4000244140625,1045.4000244140625,1051.199951171875,1042.379638671875,767620
2025-08-18,1061.0,1090.0,1059.0,1071.300048828125,1062.3111572265625,1099268
2025-08-19,1076.699951171875,1092.9000244140625,1069.0,1085.800048828125,1076.689453125,667231
2025-08-20,1086.0,1106.9000244140625,1078.9000244140625,1105.300048828125,1096.02587890625,871108
2025-08-21,1104.0,1104.0,1086.5,1088.0999755859375,1078.9700927734375,614098
2025-08-22,1087.199951171875,1091.699951171875,1080.0,1084.0999755859375,1075.003662109375,394813
2025-08-25,1085.0,1091.300048828125,1079.0999755859375,1081.5999755859375,1072.524658203125,444715
2025-08-26,1074.0999755859375,1091.800048828125,1070.0999755859375,1079.9000244140625,1070.8389892578125,1201357
2025-08-28,1081.5,1085.199951171875,1060.0,1062.4000244140625,1053.48583984375,641975
2025-08-29,1065.0,1077.5,1055.199951171875,1065.4000244140625,1056.4605712890625,1079893
2025-09-01,1059.0999755859375,1077.0,1057.0,1075.699951171875,1066.674072265625,807324
2025-09-02,1077.0,1105.5999755859375,1074.0999755859375,1100.800048828125,1091.5635986328125,1649975
2025-09-03,1102.9000244140625,1106.5999755859375,1086.5,1104.4000244140625,1095.1334228515625,1244093
2025-09-04,1126.0,1126.0,1067.199951171875,1071.0999755859375,1062.11279296875,2407789
2025-09-05,1074.0,1077.5,1061.199951171875,1072.4000244140625,1063.40185546875,1130356
2025-09-08,1072.4000244140625,1081.300048828125,1068.699951171875,1074.199951171875,1065.1866455078125,600835
2025-09-09,1074.199951171875,1086.0,1068.0999755859375,1083.5,1074.40869140625,779147
2025-09-10,1083.5,1103.0,1081.699951171875,1101.0,1091.7618408203125,1200433
2025-09-11,1099.0,1107.800048828125,1094.300048828125,1105.300048828125,1096.02587890625,1030547
2025-09-12,1105.0,1109.300048828125,1095.199951171875,1103.9000244140625,1094.6375732421875,1131972
2025-09-15,1103.9000244140625,1107.9000244140625,1090.5999755859375,1102.5999755859375,1093.348388671875,1491729
2025-09-16,1103.0,1105.4000244140625,1087.0,1092.0999755859375,1082.9365234375,641025
2025-09-17,1103.0999755859375,1138.800048828125,1103.0999755859375,1136.300048828125,1126.7657470703125,3361334
2025-09-18,1136.300048828125,1144.4000244140625,1123.0,1129.300048828125,1119.824462890625,1030976
2025-09-19,1128.5,1132.5999755859375,1114.4000244140625,1126.800048828125,1117.345458984375,1438338
2025-09-22,1120.0,1136.800048828125,1119.9000244140625,1130.0999755859375,1120.61767578125,701996
2025-09-23,1131.0,1134.5999755859375,1118.4000244140625,1128.5,1119.0311279296875,1082761
2025-09-24,1125.0,1147.0999755859375,1118.4000244140625,1140.0999755859375,1130.5338134765625,1100753
2025-09-25,1145.0,1146.5,1127.5999755859375,1134.199951171875,1124.6832275390625,1023970
2025-09-26,1126.0,1136.9000244140625,1117.199951171875,1119.0,1109.61083984375,565909
2025-09-29,1119.0,1130.4000244140625,1103.0,1123.0999755859375,1113.6763916015625,1372491
2025-09-30,1123.0,1133.199951171875,1114.0,1129.300048828125,1119.824462890625,1377509
2025-10-01,1129.0999755859375,1149.800048828125,1122.0999755859375,1144.800048828125,1135.1944580078125,789835
2025-10-03,1146.0,1150.0,1129.0999755859375,1137.5,1127.95556640625,1567152
2025-10-06,1133.0,1152.0,1132.300048828125,1142.0999755859375,1132.5169677734375,1472109
2025-10-07,1136.4000244140625,1144.9000244140625,1115.300048828125,1120.0,1110.6024169921875,1354474
2025-10-08,1112.0,1126.699951171875,1110.0,1120.199951171875,1110.80078125,963508
2025-10-09,1117.0,1124.4000244140625,1114.5,1118.0,1108.6192626953125,852898
2025-10-10,1116.0,1131.4000244140625,1108.4000244140625,1126.5,1117.0479736328125,982270
2025-10-13,1120.0,1132.4000244140625,1112.5,1117.0,1107.627685546875,832628
2025-10-14,1115.0,1124.5,1110.699951171875,1118.9000244140625,1109.51171875,1033610
2025-10-15,1118.9000244140625,1122.0999755859375,1112.199951171875,1114.199951171875,1104.85107421875,1299596
2025-10-16,1114.199951171875,1154.199951171875,1109.0,1149.300048828125,1139.6566162109375,2383412
2025-10-17,1152.199951171875,1173.5,1142.5,1166.0,1156.2164306640625,2001759
2025-10-20,1166.9000244140625,1187.5,1163.5999755859375,1176.4000244140625,1166.529296875,1751305
2025-10-21,1176.4000244140625,1184.4000244140625,1172.5,1174.5999755859375,1164.7442626953125,123219
2025-10-23,1174.5999755859375,1191.199951171875,1158.0,1161.0,1151.2584228515625,1137414
2025-10-24,1163.300048828125,1163.300048828125,1144.4000244140625,1155.300048828125,1145.6063232421875,1103267
2025-10-27,1155.9000244140625,1180.0,1155.9000244140625,1169.9000244140625,1160.083740234375,874449
2025-10-28,1169.300048828125,1176.4000244140625,1157.800048828125,1168.9000244140625,1159.0921630859375,842574
2025-10-29,1169.0,1188.0,1167.300048828125,1177.0999755859375,1167.2232666015625,1017034
2025-10-30,1184.0,1184.0,1167.0,1176.5999755859375,1166.7275390625,900192
2025-10-31,1171.0,1183.5,1157.800048828125,1165.0,1155.224853515625,749738
2025-11-03,1164.800048828125,1202.800048828125,1157.199951171875,1197.5,1187.4521484375,2595111
2025-11-04,1199.800048828125,1199.800048828125,1138.0999755859375,1179.300048828125,1169.4049072265625,2886618
2025-11-06,1172.0999755859375,1192.5,1167.4000244140625,1190.4000244140625,1180.4117431640625,2401724
2025-11-07,1185.0,1187.800048828125,1155.800048828125,1167.199951171875,1157.4063720703125,1351606
2025-11-10,1167.199951171875,1173.800048828125,1138.5999755859375,1142.699951171875,1133.1119384765625,1586398
2025-11-11,1148.0,1159.0,1134.0,1156.199951171875,1146.4986572265625,1177071
2025-11-12,1156.300048828125,1165.800048828125,1153.0999755859375,1162.0,1152.25,1168588
2025-11-13,1168.0,1168.0,1146.5999755859375,1154.800048828125,1145.1104736328125,1603498
2025-11-14,1149.0,1163.5999755859375,1146.800048828125,1157.800048828125,1148.0853271484375,1832598
2025-11-17,1166.0,1182.800048828125,1158.0,1178.9000244140625,1169.00830078125,2105780
2025-11-18,1178.699951171875,1178.699951171875,1151.9000244140625,1154.0999755859375,1144.416259765625,1695622
2025-11-19,1154.0999755859375,1165.800048828125,1149.0,1162.0999755859375,1152.3492431640625,1935207
2025-11-20,1164.9000244140625,1179.4000244140625,1163.0,1173.9000244140625,1164.0501708984375,2193836
2025-11-21,1173.9000244140625,1187.0,1162.5,1183.0999755859375,1173.1729736328125,3194549
2025-11-24,1188.5,1194.699951171875,1171.800048828125,1186.0,1176.0487060546875,4765158
2025-11-25,1188.0,1194.0,1165.699951171875,1177.699951171875,1167.8182373046875,1258048
2025-11-26,1150.0,1187.0,1150.0,1185.300048828125,1175.3546142578125,713335
2025-11-27,1187.0,1192.9000244140625,1168.300048828125,1177.699951171875,1167.8182373046875,1118308
2025-11-28,1177.0999755859375,1182.0999755859375,1165.699951171875,1172.4000244140625,1162.5628662109375,1020242
2025-12-01,1172.4000244140625,1178.0,1159.5999755859375,1163.800048828125,1154.0350341796875,487062
2025-12-02,1160.0,1173.0999755859375,1156.199951171875,1162.199951171875,1152.4483642578125,708989
2025-12-03,1159.800048828125,1163.4000244140625,1133.5999755859375,1140.0,1130.4346923828125,716554
2025-12-04,1153.0,1154.0,1137.0999755859375,1148.4000244140625,1138.76416015625,703643
2025-12-05,1148.4000244140625,1165.300048828125,1140.0999755859375,1162.9000244140625,1153.142578125,699541
2025-12-08,1162.9000244140625,1171.0,1142.300048828125,1145.800048828125,1136.18603515625,590111
2025-12-09,1140.5999755859375,1151.0999755859375,1131.9000244140625,1146.699951171875,1137.078369140625,851746
2025-12-10,1141.0999755859375,1156.699951171875,1138.300048828125,1140.0999755859375,1130.5338134765625,342793
2025-12-11,1136.0999755859375,1154.199951171875,1135.0,1142.0999755859375,1132.5169677734375,616435
2025-12-12,1142.0999755859375,1151.0,1138.0,1149.300048828125,1139.6566162109375,751834
2025-12-15,1143.0,1169.4000244140625,1140.0999755859375,1157.4000244140625,1147.688720703125,1037323
2025-12-16,1157.4000244140625,1176.699951171875,1153.4000244140625,1169.9000244140625,1160.083740234375,1181775
2025-12-17,1170.0,1187.9000244140625,1170.0,1179.800048828125,1169.9007568359375,1502200
2025-12-18,1176.9000244140625,1183.5999755859375,1168.0,1171.5,1161.6702880859375,568209
2025-12-19,1171.5,1186.300048828125,1169.5999755859375,1184.0,1174.0654296875,598033
2025-12-22,1184.0,1188.699951171875,1174.0999755859375,1178.800048828125,1168.9091796875,670307
2025-12-23,1178.800048828125,1187.300048828125,1171.0,1185.5999755859375,1175.6519775390625,805182
2025-12-24,1187.300048828125,1189.5,1171.4000244140625,1179.199951171875,1169.3056640625,530345
2025-12-26,1173.5999755859375,1179.800048828125,1172.0,1175.699951171875,1165.8350830078125,322741
2025-12-29,1174.0,1200.9000244140625,1170.5,1195.199951171875,1185.17138671875,1806020
2025-12-30,1200.699951171875,1201.800048828125,1171.0999755859375,1179.0,1169.107421875,2256987
2025-12-31,1179.0,1195.0999755859375,1172.5999755859375,1192.0,1181.998291015625,960678
2026-01-01,1192.0,1195.5,1173.300048828125,1176.9000244140625,1167.0250244140625,947192
2026-01-02,1176.9000244140625,1185.699951171875,1168.4000244140625,1170.699951171875,1160.876953125,955406
2026-01-05,1165.0,1191.0,1165.0,1182.0999755859375,1172.181396484375,1521762
2026-01-06,1182.0999755859375,1215.0,1182.0999755859375,1210.4000244140625,1200.2440185546875,1202300
2026-01-07,1216.4000244140625,1220.9000244140625,1205.300048828125,1212.5999755859375,1202.4254150390625,1021615
2026-01-08,1212.0,1212.0,1193.0,1197.4000244140625,1187.35302734375,562710
2026-01-09,1197.300048828125,1207.800048828125,1173.800048828125,1175.9000244140625,1166.033447265625,555547
2026-01-12,1173.5,1196.699951171875,1173.5,1192.300048828125,1182.2958984375,663978
2026-01-13,1190.0,1198.300048828125,1181.300048828125,1189.4000244140625,1179.420166015625,598454
2026-01-14,1189.4000244140625,1191.0,1168.5999755859375,1171.4000244140625,1161.5711669921875,577684
2026-01-15,1171.4000244140625,1171.4000244140625,1171.4000244140625,1171.4000244140625,1161.5711669921875,0
2026-01-16,1171.300048828125,1199.699951171875,1166.300048828125,1189.0999755859375,1179.1226806640625,1250225
2026-01-19,1180.199951171875,1188.5999755859375,1174.0,1180.199951171875,1170.2972412109375,547580
2026-01-20,1180.0,1203.9000244140625,1176.300048828125,1185.0,1175.0570068359375,2027446
2026-01-21,1180.5,1197.5,1158.699951171875,1163.5999755859375,1153.8365478515625,946906
2026-01-22,1165.4000244140625,1188.5,1163.699951171875,1175.199951171875,1165.3392333984375,1495139
2026-01-23,1178.5,1187.800048828125,1149.699951171875,1153.5,1143.8214111328125,1456971
2026-01-27,1158.5999755859375,1200.0,1149.5,1187.4000244140625,1177.4368896484375,3844021
2026-01-28,1190.0,1192.699951171875,1114.0,1131.800048828125,1122.303466796875,4560055
2026-01-29,1130.0,1131.4000244140625,1100.0999755859375,1107.199951171875,1097.9097900390625,2786421
2026-01-30,1106.5,1138.9000244140625,1100.0999755859375,1133.9000244140625,1124.3858642578125,2570464
2026-02-02,1092.9000244140625,1132.699951171875,1084.0,1125.4000244140625,1115.9571533203125,1776779
2026-02-03,1148.9000244140625,1180.9000244140625,1136.0999755859375,1155.4000244140625,1145.7054443359375,1254462
2026-02-04,1154.0,1170.699951171875,1145.9000244140625,1153.0,1143.3255615234375,1109383
2026-02-05,1149.5,1163.5999755859375,1145.300048828125,1155.9000244140625,1146.2012939453125,1162295
2026-02-06,1146.0,1162.0,1146.0,1159.300048828125,1149.57275390625,830634
2026-02-09,1159.300048828125,1175.0,1156.0,1167.199951171875,1157.4063720703125,1105510
2026-02-10,1167.199951171875,1167.800048828125,1148.5999755859375,1152.199951171875,1142.5322265625,978264
2026-02-11,1157.5999755859375,1166.199951171875,1150.199951171875,1152.5999755859375,1142.928955078125,751635
2026-02-12,1157.0,1157.0,1142.300048828125,1149.300048828125,1139.6566162109375,624666
2026-02-13,1148.9000244140625,1154.0,1125.4000244140625,1132.199951171875,1122.7000732421875,525887
2026-02-16,1128.5,1141.800048828125,1117.0999755859375,1139.199951171875,1129.641357421875,780629
2026-02-17,1133.5,1151.0,1131.699951171875,1148.5,1138.86328125,442621
2026-02-18,1148.0,1173.199951171875,1145.800048828125,1169.699951171875,1159.8853759765625,641938
2026-02-19,1169.0,1169.0,1151.699951171875,1160.5,1150.7625732421875,994383
2026-02-20,1162.0999755859375,1168.5,1153.5,1156.199951171875,1146.4986572265625,484995
2026-02-23,1156.199951171875,1179.5,1155.199951171875,1171.800048828125,1161.9678955078125,623773
2026-02-24,1161.0,1182.4000244140625,1160.699951171875,1178.0,1168.1158447265625,625615
2026-02-25,1183.0999755859375,1185.0,1161.0,1172.300048828125,1162.463623046875,565726
2026-02-26,1172.0,1177.4000244140625,1153.5,1159.5,1149.77099609375,629003
2026-02-27,1151.0999755859375,1159.5,1134.9000244140625,1141.0,1131.42626953125,2035788
2026-03-02,1110.800048828125,1145.800048828125,1110.800048828125,1125.199951171875,1115.7587890625,1368110
2026-03-04,1114.5,1118.800048828125,1098.699951171875,1110.5999755859375,1101.28125,1221984
2026-03-05,1112.300048828125,1123.699951171875,1095.800048828125,1119.0999755859375,1109.7099609375,1368338
2026-03-06,1119.0999755859375,1128.699951171875,1112.0999755859375,1116.699951171875,1107.330078125,919798
2026-03-09,1086.699951171875,1106.9000244140625,1082.5,1102.5,1093.249267578125,1007371
2026-03-10,1102.4000244140625,1111.0,1096.0,1099.5,1090.2744140625,1165119
2026-03-11,1102.0,1102.0999755859375,1070.199951171875,1073.4000244140625,1064.3934326171875,1066872
2026-03-12,1070.5,1072.800048828125,1051.4000244140625,1057.800048828125,1048.9244384765625,961388
2026-03-13,1049.0,1093.9000244140625,1048.0,1083.5999755859375,1074.5078125,2855691
2026-03-16,1083.5999755859375,1099.699951171875,1071.0,1092.699951171875,1083.531494140625,1527989
2026-03-17,1092.699951171875,1104.199951171875,1074.0,1078.0,1068.954833984375,1998285
2026-03-18,1075.5999755859375,1085.199951171875,1068.0,1075.0999755859375,1066.0792236328125,1092393
2026-03-19,1055.0999755859375,1067.9000244140625,1039.4000244140625,1044.5999755859375,1035.8350830078125,747138
2026-03-20,1054.699951171875,1056.0,1043.5,1050.199951171875,1041.3880615234375,2095970
2026-03-23,1036.0999755859375,1042.0,1019.5999755859375,1023.5999755859375,1015.0112915039062,2006447
2026-03-24,1030.9000244140625,1059.5,1022.7999877929688,1053.0999755859375,1044.2637939453125,1423695
2026-03-25,1053.0999755859375,1073.0,1050.5999755859375,1056.0999755859375,1047.2386474609375,1566241
2026-03-27,1049.300048828125,1057.5,1032.699951171875,1048.5,1039.702392578125,1815831
2026-03-30,1038.800048828125,1047.9000244140625,1010.7999877929688,1014.7999877929688,1006.28515625,1801570
2026-04-01,1025.0,1036.0,1013.0,1023.7999877929688,1015.2095947265625,1309809
2026-04-02,1020.0,1046.0999755859375,1007.2000122070312,1042.0,1033.2569580078125,2586178
2026-04-06,1043.0,1063.5999755859375,1022.7000122070312,1055.199951171875,1046.3460693359375,2179297
2026-04-07,1045.300048828125,1064.4000244140625,1034.5999755859375,1062.0,1053.089111328125,1342335
2026-04-08,1076.0,1091.9000244140625,1066.0,1068.5,1059.5345458984375,1950233
2026-04-09,1062.5,1087.0,1060.0999755859375,1078.0,1068.954833984375,2167226
2026-04-10,1086.0999755859375,1095.800048828125,1079.0,1093.699951171875,1084.5230712890625,1580158
2026-04-13,1075.5,1093.5,1073.800048828125,1090.300048828125,1081.1517333984375,1688476
2026-04-15,1098.199951171875,1108.300048828125,1091.699951171875,1094.199951171875,1085.0189208984375,1384602
2026-04-16,1098.0,1105.0999755859375,1081.699951171875,1102.5999755859375,1093.348388671875,1439626
2026-04-17,1098.4000244140625,1126.4000244140625,1091.0999755859375,1113.199951171875,1103.8594970703125,1287668
2026-04-20,1113.199951171875,1129.5,1106.699951171875,1120.4000244140625,1110.9991455078125,1132404
2026-04-21,1125.0,1145.5999755859375,1120.5,1142.0,1132.4178466796875,1072221
2026-04-22,1144.0,1194.9000244140625,1139.800048828125,1178.5999755859375,1168.710693359375,4284220
2026-04-23,1178.0,1188.9000244140625,1160.0999755859375,1184.4000244140625,1174.462158203125,1581113
2026-04-24,1185.0,1197.0,1162.0,1174.0,1164.1494140625,1235448
2026-04-27,1168.0,1183.9000244140625,1155.0,1160.5,1150.7625732421875,1019797
2026-04-28,1150.199951171875,1159.800048828125,1144.0,1147.699951171875,1138.0699462890625,1646292
2026-04-29,1147.699951171875,1171.199951171875,1147.699951171875,1168.0,1158.19970703125,1346355
2026-04-30,1170.0,1170.0,1139.4000244140625,1144.5999755859375,1134.9959716796875,1433160
2026-05-01,1144.5999755859375,1144.5999755859375,1144.5999755859375,1144.5999755859375,1134.9959716796875,0
2026-05-04,1149.699951171875,1174.4000244140625,1149.699951171875,1160.4000244140625,1150.6634521484375,1313831
2026-05-05,1161.199951171875,1166.800048828125,1149.0,1153.5,1143.8214111328125,1065572
2026-05-06,1160.0,1166.9000244140625,1138.9000244140625,1152.199951171875,1142.5322265625,1566762
2026-05-07,1152.199951171875,1162.199951171875,1135.5999755859375,1151.699951171875,1142.036376953125,1465163
2026-05-08,1155.0,1194.0,1155.0,1176.199951171875,1166.330810546875,3672201
2026-05-11,1202.199951171875,1279.4000244140625,1200.0,1271.0,1260.33544921875,19203071
2026-05-12,1269.699951171875,1282.699951171875,1250.4000244140625,1253.0,1242.4864501953125,3357918
2026-05-13,1249.0999755859375,1277.9000244140625,1233.0,1235.0,1224.6375732421875,2412317
2026-05-14,1241.0,1250.0,1224.300048828125,1228.300048828125,1217.9937744140625,1390903
2026-05-15,1228.800048828125,1255.0999755859375,1225.800048828125,1234.0,1223.6458740234375,2755516
2026-05-18,1230.699951171875,1233.4000244140625,1215.0999755859375,1231.0,1220.671142578125,1494098
2026-05-19,1231.0,1236.5999755859375,1206.4000244140625,1210.9000244140625,1200.73974609375,2163846
2026-05-20,1207.0999755859375,1216.5999755859375,1194.199951171875,1208.699951171875,1198.55810546875,1718132
2026-05-21,1211.199951171875,1217.4000244140625,1192.0,1194.9000244140625,1184.8740234375,1443629
2026-05-22,1198.0,1204.0,1189.0999755859375,1191.800048828125,1181.800048828125,1808205
2026-05-25,1191.0,1198.5999755859375,1181.5,1187.199951171875,1187.199951171875,1811755
2026-05-26,1191.699951171875,1200.199951171875,1174.5,1187.5999755859375,1187.5999755859375,1766780
2026-05-27,1190.0,1208.0,1184.699951171875,1204.5999755859375,1204.5999755859375,1608027
2026-05-28,1204.5999755859375,1204.5999755859375,1204.5999755859375,1204.5999755859375,1204.5999755859375,0
2026-05-29,1204.5999755859375,1211.0,1168.4000244140625,1178.4000244140625,1178.4000244140625,9836874
2026-06-01,1178.4000244140625,1182.5,1140.4000244140625,1143.300048828125,1143.300048828125,2075188
2026-06-02,1126.5,1164.0999755859375,1124.199951171875,1154.699951171875,1154.699951171875,2873292
2026-06-03,1160.0,1163.9000244140625,1140.5,1144.0,1144.0,1872463
2026-06-04,1135.0,1163.4000244140625,1135.0,1149.300048828125,1149.300048828125,1711734
2026-06-05,1149.800048828125,1156.0,1129.0,1130.9000244140625,1130.9000244140625,998276
2026-06-08,1115.0,1124.5999755859375,1103.300048828125,1107.0,1107.0,762825
2026-06-09,1117.0,1117.0,1093.5999755859375,1106.5,1106.5,757420
2026-06-10,1103.9000244140625,1134.300048828125,1101.0,1108.0,1108.0,2202915
2026-06-11,1108.0,1119.0,1105.0,1108.5999755859375,1108.5999755859375,737748
2026-06-12,1120.800048828125,1120.800048828125,1096.699951171875,1100.699951171875,1100.699951171875,1455068
2026-06-15,1109.699951171875,1117.0,1097.5,1100.4000244140625,1100.4000244140625,1264668
2026-06-16,1111.199951171875,1135.800048828125,1107.5999755859375,1130.9000244140625,1130.9000244140625,2602426
2026-06-17,1126.0,1134.199951171875,1117.9000244140625,1124.5,1124.5,931423
2026-06-18,1124.5999755859375,1132.0,1106.0999755859375,1111.4000244140625,1111.4000244140625,871582
2026-06-19,1105.0,1118.5,1103.199951171875,1111.5,1111.5,1309050
2026-06-22,1111.5,1117.5,1105.199951171875,1112.9000244140625,1112.9000244140625,889468
2026-06-23,1118.0,1126.699951171875,1101.0999755859375,1103.800048828125,1103.800048828125,1416080
2026-06-24,1105.0,1109.0999755859375,1092.0,1098.0999755859375,1098.0999755859375,1405228
2026-06-25,1104.9000244140625,1135.300048828125,1099.800048828125,1131.300048828125,1131.300048828125,2959240
2026-06-26,1131.300048828125,1131.300048828125,1131.300048828125,1131.300048828125,1131.300048828125,0
2026-06-29,1142.5999755859375,1142.699951171875,1102.0,1112.800048828125,1112.800048828125,1632263
2026-06-30,1089.0,1097.699951171875,1065.0999755859375,1075.5999755859375,1075.5999755859375,5430865
2026-07-01,1078.9000244140625,1094.0,1072.0999755859375,1090.9000244140625,1090.9000244140625,2201765
2026-07-02,1099.9000244140625,1115.0,1085.0999755859375,1107.199951171875,1107.199951171875,2315853
2026-07-03,1115.300048828125,1124.699951171875,1096.300048828125,1116.699951171875,1116.699951171875,1546610
2026-07-06,1115.0999755859375,1122.4000244140625,1110.5,1117.9000244140625,1117.9000244140625,942307
2026-07-07,1111.199951171875,1130.0,1108.300048828125,1125.0,1125.0,1423870
2026-07-08,1112.9000244140625,1120.300048828125,1084.300048828125,1089.800048828125,1089.800048828125,1518093
2026-07-09,1098.800048828125,1114.199951171875,1091.699951171875,1106.699951171875,1106.699951171875,1017956
2026-07-10,1105.0,1117.699951171875,1105.0,1111.9000244140625,1111.9000244140625,1189725
2026-07-13,1105.5999755859375,1106.5999755859375,1092.0999755859375,1098.5999755859375,1098.5999755859375,1072732
2026-07-14,1089.800048828125,1110.199951171875,1089.800048828125,1097.5999755859375,1097.5999755859375,1581478
2026-07-15,1095.5,1101.9000244140625,1081.0999755859375,1085.5,1085.5,1154409
2026-07-16,1088.300048828125,1100.0,1081.699951171875,1088.5,1088.5,1188115
2026-07-17,1082.0,1091.800048828125,1074.9000244140625,1088.5999755859375,1088.5999755859375,1262534
2026-07-20,1089.0,1097.9000244140625,1085.300048828125,1091.9000244140625,1091.9000244140625,1003699
2026-07-21,1093.0,1096.5,1079.9000244140625,1081.5,1081.5,1241515
2026-07-22,1074.199951171875,1099.4000244140625,1071.0999755859375,1094.9000244140625,1094.9000244140625,1519534
2026-07-23,1099.0,1111.0,1091.0999755859375,1107.699951171875,1107.699951171875,1965538
2026-07-24,1100.0,1117.0999755859375,1079.0,1088.0,1088.0,1644917
2026-07-27,1115.0999755859375,1123.4000244140625,1096.5999755859375,1107.4000244140625,1107.4000244140625,2360635
2026-07-28,1108.0,1115.9000244140625,1078.199951171875,1082.0999755859375,1082.0999755859375,1500024
2026-07-29,1092.5,1106.5999755859375,1085.699951171875,1096.0999755859375,1096.0999755859375,1130132
2026-07-30,1096.0999755859375,1108.9000244140625,1090.4000244140625,1094.199951171875,1094.199951171875,1677784
2026-07-31,1098.9000244140625,1098.9000244140625,1081.0,1083.0999755859375,1083.0999755859375,1479617
2026-08-03,1085.0,1110.0,1083.0999755859375,1110.0,1110.0,1322017
2026-08-04,1102.9000244140625,1104.4000244140625,1079.699951171875,1092.0,1092.0,2064394
2026-08-05,1086.300048828125,1096.300048828125,1082.9000244140625,1096.300048828125,1096.300048828125,1294174
2026-08-06,1102.0,1102.0,1086.0,1090.0,1090.0,1350606
2026-08-07,1082.199951171875,1092.0,1078.0,1082.300048828125,1082.300048828125,879013
2026-08-10,1085.5999755859375,1100.5,1082.300048828125,1100.4000244140625,1100.4000244140625,426898
